:020000040800F2
:108000000020002039A50008158200081B82000806
:10801000478200084F8200085782000800000000D5
:108020000000000000000000000000004D8100087A
:10803000658200080000000091810008DDD500087D
:10804000B3A50008B3A50008B3A50008B3A50008B0
:10805000B3A50008B3A50008B3A50008B3A50008A0
:10806000B3A50008B3A50008B3A50008B3A5000890
:10807000B3A50008B3A50008B3A50008B3A5000880
:10808000B3A50008B3A50008B3A50008B3A5000870
:10809000B3A50008B3A50008B3A50008B3A5000860
:1080A000B3A50008B3A50008B3A50008B3A5000850
:1080B000B3A50008F1B00008B3A50008B3A50008F7
:1080C000B3A50008B3A50008B3A50008B3A5000830
:1080D000B3A5000851A90208EBA80208C5A8020828
:1080E000B3A50008B3A50008B3A50008B3A5000810
:1080F000B3A50008B3A50008B3A50008B3A5000800
:10810000B3A50008B3A50008B3A50008B3A50008EF
:108110006B2C0308B3A5000863B10008B3A50008E1
:10812000B3A50008B3A50008B3A50008B3A50008CF
:10813000DFF80CD038F048F80048004783C2020846
:108140000020002080F3088870470000224B196847
:108150000868B0E8F00F80F30988BFF36F8F4FF025
:10816000000080F311884EF00D0E704700000000F3
:1081700006480068006880F3088862B661B6BFF3FD
:108180004F8FBFF36F8F00DF00BF00BF08ED00E02F
:10819000EFF30980BFF36F8F0F4B1A6820E9F00FE0
:1081A000106008B54FF0BF0080F31188BFF34F8F08
:1081B000BFF36F8F04F040FA4FF0000080F3118896
:1081C000BDE8084019680868B0E8F00F80F3098836
:1081D000BFF36F8F704700BF44000060EFF305806E
:1081E00070470000014800687047000030000060E0
:1081F000A0F16101192900D82038704770470000AC
:1082000054656D636F4D696E695F61726D0000A2A8
:108210001800000018A038F089BB1A4F1A4D1B4CEB
:108220004FF4E1380126404605F084FAC7F888612A
:108230002978E8202AF013FB238BE28A297814A0FE
:1082400038F074FBEFE718A038F070FBFBE719A0DB
:1082500038F06CFBFBE71AA038F068FBFBE71CA0CA
:1082600038F064BB1CA038F061BB1DA038F05EBBC9
:108270001DA038F05BBB00004E4D49206661756C57
:108280007400000000002242DF0300607C5B046099
:1082900068617264206661756C742025752025758F
:1082A000202575200D0A00004D656D204661756C16
:1082B00074200000427573204661756C74200000C4
:1082C0005573616765204661756C7420000000007D
:1082D000535643200000000044656275672000008B
:1082E00050656E20000000005379735469636B2061
:1082F000000000000CB50022019200925248016873
:1083000041F4803101604FF4A063016801F4003151
:1083100000910199491C0191009911B90199994263
:10832000F3D10168890302D50121009100E0009298
:108330000099012930D145490A6842F010020A60CB
:108340000A6822F003020A600A6842F002020A6028
:108350004168416041684160416841F48061416029
:10836000416821F47C114160416841F4E8114160A9
:10837000016841F08071016001688901FCD54168A4
:1083800021F003014160416841F002014160416810
:10839000C1F381010229FAD10CBDABE710B52A481F
:1083A000016841F0010101604168294A11404160C2
:1083B0000168284A11400160016821F480210160B0
:1083C000416821F4FE0141604FF41F018160FFF715
:1083D000E4FF21494FF00060086010BD10B51A4A53
:1083E000506800F00C011D4B1D4800290ED00429D7
:1083F0000ED008290ED003605168194AC1F3031149
:10840000121D515C0268CA40026010BD0360F3E7B0
:108410000360F1E7516801F47011536803F480338D
:10842000022404EB914133B153689B0307D50D4BF4
:1084300059430160E0E70B4B59430160DCE7074B10
:1084400059430160D8E700000010024000200240BC
:108450000000FFF8FFFFF6FE08ED00E000127A00D2
:108460000000006000093D002A4908432A490860CD
:10847000704770B50F23C27801260178002A1ED0FC
:10848000254A126802F4E062C2F5E062120AC2F103
:108490000404D3404578A54082781A402A4312014B
:1084A00001F1E02181F80024007800F01F018E40E6
:1084B0004009800000F1E020C0F8006170BD01F0CB
:1084C0001F0086404809800000F1E020C0F880616C
:1084D00070BD124A114001430F48001F01607047F0
:1084E0000D4A121D002903D0116801431160704725
:1084F00011688143116070474FF0E021042804D0D7
:10850000086920F0040008617047086940F0040021
:10851000086170470000FA050CED00E080FFFF1FC6
:1085200010B5DD4988420AD144150121204600F0EA
:1085300056FD2046BDE81040002100F050BDD7494F
:1085400088420AD104150121204600F048FD20464A
:10855000BDE81040002100F042BDD14988420AD157
:108560000121CC03204600F03AFD2046BDE8104032
:10857000002100F034BD10BD10B54268C94B1A404F
:108580000C790B6842EA0422134343608268C64BAD
:108590001A40D1F80A30D1F8064023434C7942EA18
:1085A000440213438360C26A22F47002897B491E2D
:1085B000C9B242EA0151C16210BD002101600171DE
:1085C0004171C0F80610C0F80A100121817370478C
:1085D000002904D0816841F0010181607047816801
:1085E00021F0010181607047002904D0816841F4C5
:1085F000807181607047816821F48071816070476B
:10860000C9B2002A03D042680A43426070474268F8
:108610008A4342607047816841F008018160704779
:10862000014600208968090700D50120704781684C
:1086300041F00401816070470146002089684907C4
:1086400000D501207047002904D0816841F4A001C1
:1086500081607047816821F4A00181607047014604
:1086600000208968490200D501207047426822F441
:108670006042491E42EA413141607047002904D0FE
:10868000416841F4006141607047416821F4006134
:108690004160704770B5072609290AD9C568A1F15C
:1086A0000A0404EB4404A640B543A3401D43C5603F
:1086B00007E0056901EB4104A640B543A3401D4313
:1086C00005611F23072A09D2446B521E02EB820266
:1086D00093409C4391400C43446370BD0D2A09D2E2
:1086E000046BD21F02EB820293409C4391400C43E7
:1086F000046370BDC46A0D3A02EB820293409C434E
:1087000091400C43C46270BD002904D0816841F4DB
:10871000801181607047816821F480118160704709
:10872000C06C80B270475C484C30006870470029CC
:1087300004D0416841F4806141607047416821F490
:10874000806141607047002904D0416841F4805144
:1087500041607047416821F48051416070478268F0
:1087600022F4E0420A4382607047002904D0816805
:1087700041F4004181607047816821F400418160CB
:108780007047002904D0816841F40211816070476C
:10879000816821F4021181607047014600208968D8
:1087A000890200D50120704770B5072609290AD92A
:1087B000C568A1F10A0404EB4404A640B543A340F4
:1087C0001D43C56007E0056901EB4104A640B543C0
:1087D000A3401D430561836BC3F30154121B921C1C
:1087E00002EB82021F249440A34391400B43836316
:1087F00070BD826B22F44012491E42EA015181632E
:10880000704708B5009000980844009000980260F6
:1088100008BD08B5009000980844283000900098E2
:10882000006880B208BD4268204B1A400A4342608B
:108830007047416282627047426822F01F020A4319
:108840004260704714490831002804D0086840F499
:10885000000008607047086820F400000860704756
:108860000246002012680A4200D001207047C94326
:108870000160704710B5024600200B0A5468C9B267
:108880000C401168194202D0002C00D0012010BD0C
:10889000090AC943016070470024014000280140D3
:1088A000003C0140FFFEF0FFFDF7F1FFFFFD3FFF41
:1088B00001684FF6FE7211400160002101604160C5
:1088C0008160C1607249724A0839904204D1486897
:1088D00040F00F00486070476D4A1432904204D156
:1088E000486840F0F00048607047694A283290427A
:1088F00004D1486840F4706048607047644A3C3274
:10890000904204D1486840F4704048607047604A23
:108910005032904204D1486840F47020486070475B
:108920005B4A6432904204D1486840F47000486069
:108930007047574A7832904204D1486840F07060DE
:1089400048607047534A111F904204D1086840F0B4
:108950000F00086070474F4A1432904204D10868F3
:1089600040F0F000086070474A4A2832904204D133
:10897000086840F4706008607047464A3C32904294
:1089800004D1086840F4704008607047414A503292
:108990009042FAD1086840F470200860704730B502
:1089A000026847F6F0739A438B680C6A4D6923435B
:1089B0000C692C4323438C692343CC6923434C6AC1
:1089C00023438C6A234313430360CA6842600A68E6
:1089D00082604968C16030BD0021016041608160F2
:1089E000C160016141618161C16101624162816275
:1089F0007047002904D0016841F00101016070470F
:108A000001684FF6FE72114001607047002A03D0E2
:108A100002680A430260704702688A430260704736
:108A200041607047406880B2704702460020D10024
:108A300003D518490839096802E015490839096859
:108A4000114200D001207047C10003D51149091F10
:108A5000086070470E490839486070470246002098
:108A6000D10003D50B490839096802E008490839E3
:108A70000968114200D001207047C10003D50549A3
:108A8000091F0860704702490839486070470000B4
:108A9000080002400804024010B59C49884209D1F0
:108AA0000121042000F09BFA0021BDE810400420C1
:108AB00000F095BA9649884209D10121082000F0BA
:108AC0008EFA0021BDE81040082000F088BA9149D4
:108AD000884209D10121102000F081FA0021BDE86F
:108AE0001040102000F07BBA8B49884209D1012147
:108AF000202000F074FA0021BDE81040202000F092
:108B00006EBA8649884209D10121402000F067FAF7
:108B10000021BDE81040402000F061BA8049884241
:108B200009D10121802000F05AFA0021BDE810404F
:108B3000802000F054BA7B4988420AD18415012173
:108B4000204600F04CFA2046BDE81040002100F01D
:108B500046BA10BD10B50121084600F040FA0021C8
:108B6000BDE81040012000F03ABA2DE9F0410022A2
:108B7000CC7804F00F03E40601D58C7823430C78FD
:108B80004FF00F0714F0FF0F4FF0010C1CD00568D9
:108B90000CFA02F40E882640A64211D1960007FA7C
:108BA00006F825EA080503FA06F848EA0505CE782E
:108BB000282E02D0482E02D002E0446100E0046179
:108BC000521C082AE4D305600A88FF2A1ED945688A
:108BD000002202F108060CFA06F40E882640A6428E
:108BE00010D1960007FA06F825EA080503FA06F8F8
:108BF00048EA0505CE78282E00D14461CE78482E6B
:108C000000D10461521C082AE3D34560BDE8F0811D
:108C10004FF6FF710180022181700421C1707047FD
:108C20000246002092680A4200D001207047806806
:108C300080B2704702460020D2680A4200D001206C
:108C40007047C06880B270470161704741617047EA
:108C5000002A01D00161704741617047C1607047CF
:108C600041F48032826181618261816980697047EB
:108C700010B52D4B1A684FF68074224042EA00105E
:108C80000843186010BD2949C8617047F0B5264CEB
:108C9000002801DAE36900E06368C0F30346420D8F
:108CA000120185B2C0F301579540032F07D0C202CD
:108CB0000CD50322B240934343F0706209E023F0E5
:108CC0007062636823F07063636002E0AB4343F05B
:108CD000706201B12A43002801DAE261F0BD6260EE
:108CE000F0BD10B58A07120F0F23934021F0030443
:108CF0000D4921448C689C438C608B6890400343F1
:108D00008B6010BD0949DC310860704700080140E4
:108D1000000C014000100140001401400018014007
:108D2000001C0140002001400000014000002042E2
:108D30000D49086070470C49486070470A498860CF
:108D4000704709494AF6AA200860704706494CF660
:108D5000CC400860704701460020034AD2680A42AE
:108D600000D001207047000000300040B448016886
:108D700041F0010101604168B24A1140416001685F
:108D8000B14A11400160016821F48021016041680D
:108D900021F4FE0141604FF41F0181607047A84932
:108DA0000A6822F480320A600A6822F480220A608B
:108DB000B0F5803F07D0B0F5802F03D1086840F4AC
:108DC000A02008607047086840F480300860704751
:108DD0000346002059099A4A01290AD002290AD0DB
:108DE000516A03F01F02012393400B4200D001207F
:108DF00070471168F5E7116AF3E718B50020009095
:108E00004FF4A0643120FFF7E3FF0099491C009163
:108E10000099A14201D00028F4D03120FFF7D8FFFB
:108E200008B1012018BD002018BD854A116821F045
:108E3000F80141EAC000106070478449086070473B
:108E40007F4B5A6822F47C120843104358607047E5
:108E50007E49086670477A4A516821F00301014350
:108E6000516070477648406800F00C007047744AC3
:108E7000516821F0F001014351607047704A516818
:108E800021F4E0610143516070476D4A516821F45B
:108E9000605141EAC00050607047694A002903D020
:108EA000517A014351727047517A81435172704730
:108EB0006649D83108607047614A516821F44041E1
:108EC0000143516070475E49002220310A7001F869
:108ED0002029012805D0042802D1052081F820008E
:108EE0007047012081F82000704759490860704799
:108EF00053490A6A02430A62704755494439086077
:108F0000704710B54E4A516801F00C01514B0029D1
:108F100027D0042927D0082927D00360516801F001
:108F2000F00109094C4B5C5C0168E1404160546808
:108F300004F4E064240A1C5D21FA04F4846054689B
:108F400004F46054E40A1B5DD940C160526802F425
:108F50004042920B404B1B1F9A5CB1FBF2F1016146
:108F600010BD0360DAE70360D8E7516801F47011BF
:108F7000536803F48033022404EB914133B1536806
:108F80009B0307D5354B59430160C7E7334B594322
:108F90000160C3E72F4B59430160BFE7284A00290E
:108FA00003D0516901435161704751698143516157
:108FB0007047234A002903D09169014391617047AA
:108FC00091698143916170471D4A002903D0D1699D
:108FD0000143D1617047D1698143D1617047184A1B
:108FE000002903D0D1680143D1607047D168814323
:108FF000D1607047124A002903D011690143116101
:109000007047116981431161704711494039086007
:1090100070470E49C86470470949C87170470848CD
:10902000416A41F080714162704701460020044A64
:1090300092680A4200D00120704701498872704747
:10904000001002400000FFF8FFFFF6FE0000424261
:109050008004424200127A001800006000093D00BE
:10906000434A002903D011880143118070471188B9
:109070008143118070473E48001D018841F0100176
:10908000018070473A48001D018821F010010180DD
:10909000704737481C30008835491831098840EA44
:1090A0000140704700B50246FFF7E5FF3049100C5C
:1090B00018310880081D02805DF804EBE2E700B576
:1090C0000246FFF7D8FF2A49C2F30340083108805F
:1090D000081D02805DF804EBD4E700B50246FFF7F7
:1090E000CAFF2349100C20310880081D02805DF85A
:1090F00004EBC7E71E48103000880007010B1C482E
:1091000014300088084370471948001D01888906FB
:10911000FCD570471648001D018821F00801018028
:1091200001880907FCD5704701460020104A121D2E
:1091300012880A4200D0012070470D49091D0A8893
:1091400082430A8070470A49091D0988C2B211404A
:10915000074A1288024202D009B10120704700205C
:1091600070470349091D0A8882430A80704700003E
:109170000028004010B5A94988420AD18414012171
:109180002046FFF72CFF2046BDE810400021FFF7E6
:1091900026BFA34988420AD1041401212046FFF7C3
:1091A00029FF2046BDE810400021FFF723BF9D495D
:1091B00088420AD1C41301212046FFF71BFF204635
:1091C000BDE810400021FFF715BF10BD30B5028883
:1091D00002F441530A884C88CD8822438C882C4362
:1091E00022430C8922434C8922438C892243CC8917
:1091F00022431A430280828B22F400628283098A0E
:10920000018230BDF0B585B005460C460220002134
:109210000126AA8B4FF240031A40AA8302222A8415
:10922000AF8BA268022A21D0A08800B1022668462E
:10923000FFF767FE0098E188B1F5007F2CD071013F
:10924000B0FBF1F000EB8000A1684000B0FBF1F052
:10925000401D80B20A21B0FBF1F000F00101401A7C
:10926000C0F34F004FF6FF7202EA0121821EFE2A70
:1092700001D302200021E288084302432A84208887
:109280006188A2890843A18811430843384340F408
:109290000060A88305B0F0BD000A00EB8000A16863
:1092A0004000B0FBF1F0401D80B2D3E70021018007
:1092B00041808180C180018141818181C1810721FB
:1092C000018270470021018041808180C18002229B
:1092D000826081817047002904D0018841F04001FB
:1092E00001807047018821F040010180704700290A
:1092F00004D0818B41F4806181837047818B21F49C
:10930000806181837047090901238B4099B2002A4B
:1093100003D082880A438280704782888A43828091
:109320007047002A03D082880A438280704782886F
:109330008A43828070478181704780897047A1F598
:109340007E42FF3A04D0018841F480710180704769
:10935000018821F4807101807047002904D0818840
:1093600041F0040181807047818821F004018180EF
:109370007047028822F40062028002880A43028059
:109380007047018841F4805101807047002904D062
:10939000018841F4005101807047018821F4005197
:1093A00001807047012901D0008B7047808A704787
:1093B000008A7047B1F5804F04D0018821F48041C4
:1093C00001807047018841F4804101807047024666
:1093D000002012890A4200D001207047C943018150
:1093E000704730B50246002001F00F03012505FA51
:1093F00003F4A3B2090905FA01F4A4B2918821404B
:1094000012891A4202D0002900D0012030BD01F09B
:109410000F0201219140C943018170470030014092
:1094200000380040003C004010B5FE4988420AD197
:10943000C41401212046FFF7D2FD2046BDE81040AC
:109440000021FFF7CCBDB0F1804F0CD0F649884227
:1094500013D101210220FFF7CDFD0021BDE810400E
:109460000220FFF7C7BD01210846FFF7C3FD002119
:10947000BDE810400120FFF7BDBDEC49884209D18D
:1094800001210420FFF7B6FD0021BDE810400420B3
:10949000FFF7B0BDE649884209D101210820FFF756
:1094A000A9FD0021BDE810400820FFF7A3BDE14958
:1094B000884209D101211020FFF79CFD0021BDE861
:1094C00010401020FFF796BDDB49884209D10121E9
:1094D0002020FFF78FFD0021BDE810402020FFF77E
:1094E00089BDD64988420AD1441401212046FFF79C
:1094F00076FD2046BDE810400021FFF770BDD04941
:1095000088420AD10121CC042046FFF768FD20469D
:10951000BDE810400021FFF762BDCA4988420AD168
:1095200001210C052046FFF75AFD2046BDE81040FA
:109530000021FFF754BDC44988420AD101214C05DE
:109540002046FFF74CFD2046BDE810400021FFF704
:1095500046BDBE49884209D101214020FFF74AFD9E
:109560000021BDE810404020FFF744BDB8498842C3
:1095700009D101218020FFF73DFD0021BDE8104009
:109580008020FFF737BDB34988420AD184150121F5
:109590002046FFF72FFD2046BDE810400021FFF7D1
:1095A00029BDAD4988420AD101210C042046FFF7AC
:1095B00016FD2046BDE810400021FFF710BDA74969
:1095C00088420AD101214C042046FFF708FD2046BD
:1095D000BDE810400021FFF702BDA14988420AD131
:1095E00001218C042046FFF7FAFC2046BDE810401C
:1095F0000021FFF7F4BC10BD30B50288894C8F4DB7
:10960000A0420DD0A8420BD0B0F1804F08D0864BBD
:10961000984205D0854B984202D0854B984203D1A1
:1096200022F070034A881A43824B984206D0824B3C
:10963000984203D022F44073CA881A4302808A8871
:1096400082850A880285A0420AD0A84208D0824AB0
:10965000904205D0814A904202D0814A904201D185
:10966000097A01860121818230BD30B5028C22F059
:1096700001020284028C8388048B24F0700424F09D
:1096800003050C882C4322F002020D8915434A88F9
:109690002A43644DA8420BD0684DA84208D06E4DB5
:1096A000A84205D06D4DA84202D06D4DA8420FD101
:1096B00022F008054A892A4322F004058A882A43B1
:1096C00023F4807323F400738D891D43CB892B43CE
:1096D00083800483C9888186028430BD70B5028C82
:1096E00022F010020284028C8388048B24F4E0446C
:1096F00024F440760D884FF6FF7404EA05253543BF
:1097000022F020020E8904EA061616434A8804EA6B
:1097100002123243434EB04202D0484EB04217D1FB
:1097200022F080024E8904EA0616164326F040060F
:109730008A8804EA0212324323F4806323F400632C
:109740008E8904EA86061E43CB8904EA83033343E9
:1097500083800583C9880187028470BD70B5028C3F
:1097600022F480720284028C8388848B24F070043B
:1097700024F003040D88254322F400720E894FF66D
:10978000FF7404EA062616434A8804EA022232439A
:10979000244EB04202D0294EB04217D122F40066C6
:1097A0004A8904EA0222324322F480668A8804EA63
:1097B0000222324323F4805323F400538E8904EAB7
:1097C00006161E43CB8904EA031333438380858343
:1097D000C9888187028470BD70B5028C22F48052E2
:1097E0000284058C8288838B23F4E04323F4407643
:1097F0000C884FF6FF7303EA0424344325F4005524
:109800000E8903EA06362E434D8803EA05353543B3
:10981000044EB04202D0094EB04226D122F4804616
:109820008A891FE0002C014000040040000800402D
:10983000000C0040001000400014004000340140C3
:10984000004C01400050014000540140001800400D
:10985000001C004000200040004001400044014046
:109860000048014003EA8212324382808483C9881F
:10987000A0F84010058470BD828B22F44062828380
:10988000828B4FF6FF7303EA01210A4382837047FC
:10989000F0B5048C24F480540484868B048C4FF639
:1098A000FF7505EA013726F4734605EA02223243C2
:1098B00005EA03331343F74A90420ED0F64A90422A
:1098C0000BD0B0F1804F08D0F44A904205D0F44A52
:1098D000904202D0F34A904205D124F4005139431A
:1098E00041F4805104E024F402420A4342F48051DE
:1098F00083830184F0BD828B22F00C028283828BF1
:109900000A4382837047F0B5048C24F48074048485
:10991000858B048C4FF6FF7707EA012625F0F305C7
:1099200007EA031313432B43DA4A90420ED0DA4A74
:1099300090420BD0B0F1804F08D0D84A904205D069
:10994000D74A904202D0D74A904205D124F4007100
:10995000314341F4807104E024F420620A4342F46C
:10996000807183830184F0BD028B22F44062028304
:10997000028B4FF6FF7303EA01210A43028370470B
:10998000F0B5048C24F010040484068B048C4FF68C
:10999000FF7505EA011726F4734605EA03333343DE
:1099A00005EA02221A43BB4B98420ED0BA4B9842AA
:1099B0000BD0B0F1804F08D0B84B984205D0B84BCF
:1099C000984202D0B74B984205D124F02001394388
:1099D00041F0100104E024F0A0030B4343F0100118
:1099E00002830184F0BD028B22F00C020283028B01
:1099F0000A430283704770B5048C24F00104048488
:109A0000058B048C25F0F3054FF6FF7606EA031369
:109A100013432B439F4A90420ED09F4A90420BD053
:109A2000B0F1804F08D09D4A904205D09C4A9042A8
:109A300002D09C4A904205D124F002020A4342F02F
:109A4000010104E024F00A020A4342F00101038309
:109A5000018470BD70B505460C468E48854209D01C
:109A60008D48854206D0B5F1804F03D08B488542A2
:109A700000D08B4820886188A288238958B10428A7
:109A800011D0082817D02846FFF702FFE1882846A2
:109A9000BDE87040F0E62846FFF7ADFFE1882846B4
:109AA000BDE870409FE72846FFF76AFFE188284637
:109AB000BDE8704058E72846FFF725FFE1882846B3
:109AC000BDE8704017E72DE9F04107460C46002538
:109AD00001266188002900D10225A288012A00D12F
:109AE00002262088238988B13846FFF749FFE1889C
:109AF0003846FFF739FF2389324629463846FFF7B3
:109B00007AFFE1883846BDE8F0416CE73846FFF758
:109B100072FFE1883846FFF766FF238932462946FF
:109B20003846FFF72DFFE1883846BDE8F0411BE7D6
:109B300010B50A884B88CC881A438B8823431A4374
:109B40000B891A434B8989891A430A43A0F8442098
:109B500010BD4FF6FF71818000210180C1804180DE
:109B6000017270470021018041808180C1800181A4
:109B700041818181C18170470021018041800122A2
:109B80008280C180018170470021018041808180F5
:109B9000C1800181418181817047002904D0018801
:109BA00041F0010101807047018821F0010101802D
:109BB0007047002905D030F8441F41F4004101806E
:109BC000704730F8441FC1F30E0101807047002A2E
:109BD00003D082890A438281704782898A438281C5
:109BE0007047818270471143A0F848107047002ADF
:109BF00003D082890A438281704782898A438281A5
:109C00007047018921F0070101817047028922F024
:109C100070020A430281704700B503461846FFF7F9
:109C2000F5FF188940F00700188100BD70B50D469A
:109C300004461146602D0CD001222046FFF7DBFEC2
:109C400029462046FFF7E2FF208940F007002081E7
:109C500070BD01222046FFF793FEF1E730B504897D
:109C6000E4B24FF6FF7505EA032313430B43234386
:109C7000038130BD10B504462046FFF7EFFF208971
:109C800020F0070040F0070020F0700040F0700066
:109C9000208110BD002C0140003401400004004030
:109CA00000080040000C004010B504462046FFF7B5
:109CB000D5FF208940F480402081EAE70185828237
:109CC0007047028822F070020A430280704770B524
:109CD0000589048B068C25F007050D434FF6FC41E2
:109CE0000C4040F201110C4326F022064FF6FF71A2
:109CF00001EA03111143314305810483018470BDDE
:109D0000028B22F070020A4302837047028B22F416
:109D1000E0424FF6FF7303EA0121114301837047CC
:109D2000828B22F070020A4382837047828B22F476
:109D3000E0424FF6FF7303EA01211143818370472C
:109D4000002904D0018841F080010180704701881A
:109D500021F0800101807047002904D0818841F002
:109D6000040181807047818821F00401818070475F
:109D7000002904D0818841F00801818070478188E2
:109D800021F0080181807047002904D0818841F0CA
:109D9000010181807047818821F001018180704735
:109DA000028B22F008020A4302837047028B22F4DE
:109DB00000624FF6FF7303EA0121114301837047EC
:109DC000828B22F008020A4382837047828B22F43E
:109DD00000624FF6FF7303EA01211143818370474C
:109DE000028B22F004020A4302837047028B22F4A2
:109DF00080624FF6FF7303EA01211143018370472C
:109E0000828B22F004020A4382837047828B22F401
:109E100080624FF6FF7303EA01211143818370478B
:109E2000028B22F080020A4302837047028BC2F346
:109E30000E024FF6FF7303EA0121114301837047BD
:109E4000828B22F080020A4382837047828BC2F3A6
:109E50000E024FF6FF7303EA01211143818370471D
:109E6000028C22F002020A4302847047028C22F024
:109E700008020A4302847047028C22F020024FF647
:109E8000FF7303EA0111114301847047028C22F031
:109E900080024FF6FF7303EA0111114301847047FA
:109EA000028C22F400724FF6FF7303EA0121114382
:109EB00001847047028C22F400624FF6FF7303EABC
:109EC0000121114301847047028C22F400524FF6A5
:109ED000FF7303EA013111430184704710B5012378
:109EE0008B40048C9C430484038C8A40134303847A
:109EF000CFE610B504238B40048C9C430484038C70
:109F00008A4013430384C4E630B500F118030124EA
:109F10008C40058CA5430584002911D008290FD059
:109F2000091FC1F34E001844016821F4E0410160AB
:109F300001684FF6FF7303EA02221143016030BD4E
:109F400003EB5100016821F07001016001681143C9
:109F5000016030BD002904D0018841F00201018078
:109F60007047018821F0020101807047002904D068
:109F7000018841F0040101807047018821F004014B
:109F800001807047002904D0818841F080018180E0
:109F90007047818821F0800181807047028822F01B
:109FA0000802028002880A4302807047828822F0F9
:109FB0007002828082880A4382807047028922F080
:109FC0000702028102890A4302817047028922F056
:109FD0008002028102890A430281704781847047AE
:109FE00081857047818670470187704781877047F8
:109FF000A0F840107047028822F440720280028864
:10A000000A4302807047808E7047008F7047808FB0
:10A010007047B0F840007047808C7047008D7047E3
:10A0200002460020128A0A4200D001207047C9432C
:10A030000182704702460020138A0B4092890A4031
:10A04000002B02D0002A00D001207047C9430182B2
:10A050007047000010B5E14988420AD101218C0304
:10A060002046FEF7BCFF2046BDE810400021FEF769
:10A07000B6BFDB4988420AD101214C042046FEF7D5
:10A08000B9FF2046BDE810400021FEF7B3BFD54917
:10A0900088420AD101218C042046FEF7ABFF2046FE
:10A0A000BDE810400021FEF7A5BFCF4988420AD184
:10A0B0000121CC042046FEF79DFF2046BDE810405C
:10A0C0000021FEF797BFC94988420AD101210C053A
:10A0D0002046FEF78FFF2046BDE810400021FEF726
:10A0E00089BF10BD30B585B004460D46208A4CF6B8
:10A0F000FF710840E98801432182A0894EF6F311DF
:10A100000840A9882A8911436A8902431143A18121
:10A11000A08A4FF6FF410840A9890143A182684601
:10A12000FEF7EFFEAD48844201D1039800E00298AB
:10A13000A189090408D500EBC00101EB00102968D2
:10A140004900B0FBF1F007E000EBC00101EB0010AB
:10A1500029688900B0FBF1F06422B0FBF2F109013B
:10A160000B096FF018056B4300EB8300A3891D04F6
:10A170004FF0320307D503EBC000B0FBF2F000F064
:10A180000700084306E003EB0010B0FBF2F000F01C
:10A190000F000843208105B030BD4FF41651016017
:10A1A00000218180C18001810C2242818181704720
:10A1B00010B5038A4FF2FF0213400A884C882243ED
:10A1C0008C88C9880C4322431A43028210BD0021A7
:10A1D000018041808180C1807047002904D081893D
:10A1E00041F4005181817047818921F400518181BE
:10A1F000704710B540F66A13C1F3421301F01F0413
:10A200000121A140012B07D0022B07D014303AB115
:10A2100002680A43026010BD0C30F8E71030F6E720
:10A2200002688A43026010BD002A03D0828A0A4372
:10A2300082827047828A8A4382827047028A22F031
:10A240000F020282028A0A4302827047828922F444
:10A250000062828182890A4382817047002904D08A
:10A26000818941F0020181817047818921F00201D9
:10A2700081817047028A22F020020282028A0A4308
:10A2800002827047002904D0018A41F48041018292
:10A290007047018A21F4804101827047C1F30801AF
:10A2A000818070478088C0F308007047818941F041
:10A2B000010181817047028BD2B20283028B42EA94
:10A2C000012101837047028B02F47F420283028BDB
:10A2D0000A4302837047002904D0818A41F020019B
:10A2E00081827047818A21F0200181827047002994
:10A2F00004D0818A41F0100181827047818A21F067
:10A30000100181827047002904D0818A41F0080140
:10A3100081827047818A21F008018182704700297B
:10A3200004D0818941F40041818170478189C1F362
:10A330000E0181817047002904D0818A41F40061B7
:10A3400081827047818A21F4006181827047828A0C
:10A3500022F004028282828A0A43828270470029A4
:10A3600004D0818A41F0020181827047818A21F004
:10A370000201818270470246002012880A4200D002
:10A38000012070478A05C9430180704770B50024D9
:10A3900040F66A12C1F3421301F01F05012606FAC6
:10A3A00005F2012B0CD0022B0DD0838A1340090A31
:10A3B0008E40008830400BB100B10124204670BDB2
:10A3C00083891340F3E7038A1340F0E740F66A12EB
:10A3D0000A0A01219140C9430180704700380140B9
:10A3E0000044004000480040004C00400050004045
:10A3F00010B50120FEF709FEBDE810400020FEF771
:10A4000004BE2049086070471E49091F0860704754
:10A410001C498431086070471B4A118821F460711F
:10A42000014311807047184A118821F07F010143D0
:10A430001180704708B5144A2C3A104400900098D7
:10A44000016008BD08B510492C39084400900098F7
:10A45000008808BD0B489C300068C0B270470A48AD
:10A460000830018841F00101018070470548A030A3
:10A470000068C0B2704704480830018841F002010A
:10A480000180704704860D422C6C004010B50121FC
:10A490000C072046FEF7AEFD2046BDE81040002127
:10A4A000FEF7A8BD2149086270472049086170473E
:10A4B0001F4A116821F0E0010143116070471B49F8
:10A4C000A031086070471A4B1A6822F00302024359
:10A4D0001A601848026842F004020260012905D09F
:10A4E00020BF016821F004010160704730BFF8E728
:10A4F0000F48016841F004010160016841F0020168
:10A5000001600C48016841F00401016030BF7047F0
:10A5100001460020064A52680A4200D001207047D6
:10A5200003490A6842EA80000860704700000E4252
:10A530000070004010ED00E04FF480701D4908608D
:10A540004FF4F0701C4908601C481D4908604FF02A
:10A55000BB301C4908601C481C4908604FF0BB30E8
:10A560001B4908601B481C4908601C481C490860BE
:10A5700018481C4908604FF044301B49086041F2FC
:10A5800001004FF0204108604FF440701749086007
:10A590006FF070401649086016488047164800471B
:10A5A000FEE7FEE7FEE7FEE7FEE7FEE7FEE7FEE783
:10A5B000FEE7FEE71410024018100240BB44BBB493
:10A5C0000014014004140140BB4444B4001801408D
:10A5D00004180140BBBBBB44001C01404444BBBB4E
:10A5E000041C01400020014004200140040000A0A0
:10A5F000040100A09D8300083181000838B54FF4A4
:10A600008074ADF8004048208DF803009D4D6946E8
:10A610002846FEF7AAFA21462846FEF715FB38BD64
:10A6200038B54FF48074ADF8004010208DF8030069
:10A6300003208DF80200934D69462846FEF795FAEF
:10A6400021462846FEF700FB38BD8E4A4FF40041F4
:10A65000002802D01046FEF7F7BA1046FEF7F6BA09
:10A66000884A4FF48071002802D01046FEF7ECBAF9
:10A670001046FEF7EBBA4FF480718248FEF7D0BA6D
:10A680004FF400417F48FEF7CBBA38B501212420B2
:10A69000FEF78FFC4FF40144ADF8004010208DF818
:10A6A000030003208DF80200764D69462846FEF728
:10A6B0005CFA21462846FEF7C7FA38BD10B5FFF709
:10A6C000AFFF0120FFF7CCFF0120FFF7BEFF042002
:10A6D00003F0CEF90020FFF7C3FF042003F0C8F910
:10A6E000BDE810400020B0E710B5FFF799FF00204B
:10A6F000FFF7ABFF0020FFF7B3FF042003F0B8F92A
:10A700000120FFF7A2FF0120FFF7AAFFBDE81040DC
:10A71000042003F0ADB910B50120FFF796FF022029
:10A7200003F0A6F90020FFF790FF0024FFF778FF61
:10A730000120FFF795FFFFF761FFFFF79CFF40B196
:10A74000641CE4B2642CF1D30020FFF77EFF0120EB
:10A7500010BD052003F08CF9002010BD10B50024B9
:10A760000120FFF77DFFFFF749FF012003F080F98B
:10A770000120FFF76AFF012003F07AF907E0641C6B
:10A78000E4B2FA2C03D9FFF7AFFF012010BDFFF7A9
:10A7900072FF0028F3D1FFF758FF002010BD10B55D
:10A7A0000020FFF752FFFFF73BFF0020FFF758FFA5
:10A7B000022003F05DF90120FFF747FF022003F0BC
:10A7C00057F9BDE8104000203FE710B50020FFF723
:10A7D0003CFFFFF725FF0120FFF742FF022003F0B7
:10A7E00047F90120FFF731FF022003F041F9BDE8EE
:10A7F0001040002029E770B50546FFF711FF002043
:10A80000FFF723FF0024E809FFF72AFF6806050E7B
:10A81000022003F02DF90120FFF717FF022003F0BB
:10A8200027F90020FFF711FF022003F021F9641C33
:10A83000E4B2082CE7D370BD70B506460024FFF7DC
:10A84000DDFE00250020FFF700FF022003F010F9D5
:10A850000120FFF7FAFE6006040EFFF70CFF08B1B7
:10A86000641CE4B2012003F003F96D1CEDB2082D65
:10A87000E8D31EB1FFF793FF204670BDFFF7A5FF99
:10A88000FAE7000000080140FFF7FFBE10B50446DC
:10A89000FFF714FF200AA02101EB4000C0B2FFF730
:10A8A000AAFFFFF75BFFE0B2FFF7A5FFFFF756FF38
:10A8B000FFF704FFA120FFF79EFFFFF74FFF0020E7
:10A8C000FFF7BAFF0446FFF70FFF204610BD70B533
:10A8D00004460D46FFF7F2FE200AA02101EB4000DE
:10A8E000C0B2FFF788FFFFF739FFE0B2FFF783FF41
:10A8F000FFF734FF2846FFF77EFFFFF72FFFFFF734
:10A90000F3FEBDE87040052003F0D2B82DE9F04118
:10A9100006460D461746002409E0E00025FA00F03F
:10A92000C1B2301980B2FFF7D2FF641CE4B2BC425E
:10A93000F3D3BDE8F0812DE9F04102460E46002038
:10A940000024971908E00502381B401E80B2FFF76B
:10A950009DFF2844641CE4B2B442F4D3E9E710B587
:10A96000FF20FFF793FF55280AD05521FF20FFF75E
:10A97000AEFFFF20FFF78AFF552803D0012010BD4E
:10A98000002010BD002010BD70B504460E461546CF
:10A9900008E02046641CA4B2FFF778FF06F8010B1C
:10A9A0006D1EADB2002DF4D170BD70B506460D46DA
:10A9B000144606E029783046FFF789FF761CB6B2C8
:10A9C0006D1C641EA4B2F5D270BD00000146FE48A5
:10A9D000028822F03802028002880A4302800121A4
:10A9E000FEF779BC2DE9F041074600244FF480556D
:10A9F000F54E06E0641CA4B2AC4202D30020BDE8D0
:10AA0000F08102213046FEF7E2FC0028F2D0394600
:10AA10003046FEF790FC002405E0641CA4B2AC4272
:10AA200001D30020EBE701213046FEF7D0FC0028DF
:10AA3000F3D03046FEF781FCC0B2E0E72DE9F04FDD
:10AA400087B00446012141F23400FEF7B2FAE0205B
:10AA5000ADF818004FF018088DF81B8003268DF80C
:10AA60001A60DA4D06A92846FEF77FF8E02128464D
:10AA7000FEF7EAF84FF00209ADF818908DF81A6069
:10AA80004FF0100A8DF81BA006A9D148FEF76DF80B
:10AA9000D04D95F82300022801D006280AD10820BD
:10AAA000ADF818008DF81A608DF81BA006A9CA48E9
:10AAB000FEF75BF895F8230001274FF0000B0928FB
:10AAC00001D00B2818D101210802FEF772FA4FF4C9
:10AAD0008050ADF818008DF81A608DF81BA006A9FB
:10AAE000BE48FEF742F8ADF80A90ADF80C70ADF82C
:10AAF0001080BB48C0F8B0B1ADF804B04FF482701C
:10AB0000ADF80600ADF808B0B649B74A14B1012C4B
:10AB100012D021E0ADF80AB0ADF80CB03820ADF895
:10AB2000100095F82300022801D0062814D1C1F89E
:10AB300084B1C2F88C710FE0ADF80A90ADF80C70DA
:10AB4000ADF8108095F82300022801D0062803D123
:10AB5000C1F88471C2F88CB14FF40070ADF80E00EA
:10AB6000ADF812B00720ADF81400974D01A92846A2
:10AB7000FEF72CFB01212846FEF7ADFBFF20FFF777
:10AB800031FFFF20FFF72EFFFF20FFF72BFF012CE7
:10AB900005D01820FFF71AFF07B0BDE8F08F382066
:10ABA000FFF714FFF8E701469048028822F03802C8
:10ABB000028002880A4302800121FEF78CBB2DE946
:10ABC000F041074600244FF48055884E05E0641C90
:10ABD000A4B2AC4201D3002011E702213046FEF7B7
:10ABE000F6FB0028F3D039463046FEF7A4FB0024DC
:10ABF00005E0641CA4B2AC4201D30020FFE60121B1
:10AC00003046FEF7E4FB0028F3D03046FEF795FB14
:10AC1000C0B2F4E670B586B001213820FEF7C9F95C
:10AC20000121C803FEF7D0F93820ADF8140018262A
:10AC30008DF8176003248DF816406D4D05A9284640
:10AC4000FDF793FF38212846FDF7FEFF61481022EB
:10AC5000550190F8230001280AD0052808D00428BF
:10AC600017D0072815D00C2813D0082811D01FE0C2
:10AC70002020ADF814008DF816408DF81720544CA4
:10AC800005A92046FDF771FF20212046FDF7DEFFD4
:10AC90000EE0ADF814508DF816408DF817204E4C8C
:10ACA00005A92046FDF761FF29462046FDF7CEFFA6
:10ACB0000020ADF800004FF48271ADF80210ADF83D
:10ACC00004000221ADF806100121ADF80810ADF81E
:10ACD0000C60ADF80A50ADF80E000720ADF810007A
:10ACE000424C69462046FEF771FA01212046FEF7E4
:10ACF000F2FAFF20FFF763FF3820FFF754FF06B09A
:10AD000070BD01463B48028822F03802028002886A
:10AD10000A4302800121FEF7DEBA2DE9F041074621
:10AD200000244FF48055334E05E0641CA4B2AC42BD
:10AD300001D3002063E602213046FEF748FB0028DD
:10AD4000F3D039463046FEF7F6FA002405E0641CDD
:10AD5000A4B2AC4201D3002051E601213046FEF7F7
:10AD600036FB0028F3D03046FEF7E7FAC0B246E6DD
:10AD700030B587B001210820FEF71BF901218803B7
:10AD8000FEF722F94FF46044ADF8184018208DF812
:10AD90001B0003208DF81A00154D06A92846FDF763
:10ADA000E4FE21462846FDF74FFF01A8FEF77EFA94
:10ADB0000020ADF804004FF48271ADF80610ADF834
:10ADC0000800ADF80A0017E000300140000801401B
:10ADD00000100140B24C046000140140002001400A
:10ADE000000024420000224200802242003C004039
:10ADF000000C014000380040ADF80C006915ADF8BA
:10AE00000E103821ADF81010ADF812000720ADF883
:10AE10001400084C01A92046FEF7D8F9012120466C
:10AE2000FEF759FAFF20FFF778FF1020FFF769FFC0
:10AE300007B030BD00380040A648A5494160A6498A
:10AE400041607047A348016941F08001016170478A
:10AE5000A048C068C10701D001207047410701D553
:10AE600002207047C00601D50320704700207047BC
:10AE700070B50446FFF7ECFF0546012D05D102F041
:10AE8000F7FD641EA4B2002CF4D104B9FF252846B6
:10AE900070BD70B5054645F6FF763046FFF7E8FF12
:10AEA000002812D18B4C206940F0020020616561BE
:10AEB000206940F0400020613046FFF7D9FF0128AB
:10AEC00003D0216921F00201216170BD70B50646F1
:10AED0000D46FF20FFF7CCFF00280ED17D4C2069E6
:10AEE00040F0010020613580FF20FFF7C1FF0128FD
:10AEF00003D0216921F00101216170BD00887047F4
:10AF0000C10703D030F8010C000A70470088C0B2B6
:10AF100070472DE9F04105460E461746002407E02C
:10AF200036F814102846FFF7D1FFAD1C641CA4B2FC
:10AF3000BC42F5D3BDE8F08110B50446002307E01C
:10AF40002046FFF7DBFF21F81300A41C5B1C9BB21B
:10AF50009342F5D310BD2DE9F05F82460F461546AA
:10AF6000AAF10062B2F5002F38D272B6FFF764FF83
:10AF70004FEAD228C2F34906C6F58064A54200D83C
:10AF80002C46DFF858B139E032183BF812208A42DB
:10AF900003D1401C80B2A042F6D3A04214D248464E
:10AFA000FFF777FF002006E0821937F810102BF822
:10AFB0001210401C80B2A042F6D348464FF4806283
:10AFC0004649FFF7A6FF04E0224639465046FFF700
:10AFD000A0FFA54204D1FFF735FF62B6BDE8F09FA0
:10AFE00008F10108002607EB44070AEB440A281B76
:10AFF00085B24FF48064A54200D82C464FF0006023
:10B0000000EBC829421435494846FFF795FF002058
:10B010004FF6FF71BFE770B504460D460023304E72
:10B0200008E0B44208D22046FFF76AFFE854641CE7
:10B030005B1C9BB29342F4D370BD13B5012201A9EE
:10B04000FFF789FF1CBD2DE9F0470D46904600240F
:10B050000746A0F10060B0F5002F25D200264FF47E
:10B060008069DFF880A015E06878000215F8021BFF
:10B0700008442146641CA4B22AF811004A469442AE
:10B0800006D1002417493846FFF743FF07F500674C
:10B09000B61CB6B24645E7D3002C05D0224638464A
:10B0A000BDE8F0470F4934E7BDE8F08710B5016807
:10B0B0000D4A1140B1F1005F09D141680B4C21608C
:10B0C0000068FDF73FF82068BDE81040004710BD5C
:10B0D0002301674500200240AB89EFCDF80F0060E7
:10B0E00000000880F80700600000FE2F28000060C4
:10B0F00010B54F4C01212046FEF792FF2046BDE8D7
:10B1000010400121FEF793BF7FB504460D46012193
:10B110000220FDF759FFADF80840ADF804500024B7
:10B12000ADF80A40ADF80640414D01A92846FEF7AA
:10B1300063FA1D218DF800108DF8014002218DF871
:10B14000021001218DF803106846FDF792F90122E3
:10B1500011462846FEF73BFD01212846FEF71DFD5E
:10B160007FBD70B5BF20EFF3118480F31188BFF36A
:10B170004F8FBFF36F8F24F0D3FC2E4D0121284653
:10B18000FEF74EFF2C4A012802D15068401C506047
:10B190002A480168491C016011880020B1F57A7FB6
:10B1A00002D2491C118004E0254B1968491C196022
:10B1B000108024490A88521C0A800A8842F21073BF
:10B1C0009A4200D9088001212846FEF730FF84F317
:10B1D000118870BD7FB504460D4601211020FDF792
:10B1E000F3FEADF80840ADF804500020ADF80A00B9
:10B1F000ADF806000F4C01A92046FEF7FDF93621F7
:10B200008DF8001001218DF8011003228DF8022025
:10B210008DF803106846FDF72CF9012211462046EF
:10B22000FEF7D5FC01212046FEF7B7FC7FBD0000EC
:10B2300000040040001000402C0000603802006054
:10B24000A4030060D0070060F8B501215820FDF785
:10B25000B0FE4020ADF8000010258DF80350032407
:10B260008DF80240FE4E69463046FDF77EFC29020D
:10B27000ADF800108DF803508DF802406946F9488A
:10B28000FDF773FCADF8005048208DF803008DF8F1
:10B2900002406946F448FDF768FC40213046FDF75E
:10B2A000D5FC0A2002F004FC40213046FDF7CCFC1E
:10B2B0000A2002F0FDFB40213046FDF7C7FC0A20C2
:10B2C00002F0F6FB40213046FDF7BEFC0A2002F0FA
:10B2D000EFFB40213046FDF7B9FC0A2002F0E8FB05
:10B2E00040213046FDF7B0FC0A2002F0E1FB40218E
:10B2F0003046FDF7ABFC0A2002F0DAFB4021304675
:10B30000FDF7A2FC0A2002F0D3FBF8BD2DE9F041C5
:10B3100004460D46D34F4FF4805631463846FDF76C
:10B3200095FC05F01F002043FFF7F7FCFF20FFF717
:10B33000F4FC0446280603D5FF20FFF7EEFC044684
:10B3400031463846FDF780FC2046BDE8F0812DE906
:10B35000F04104460D469046C24F4FF480563146A8
:10B360003846FDF773FC05F01F002043FFF7D5FCBE
:10B370004046FFF7D2FC31463846BDE8F041FDF7C4
:10B3800063BC2DE9F04105460C46B64F4FF480569C
:10B3900031463846FDF75AFC3A20FFF7BEFC05E07F
:10B3A0006D1E0020FFF7B9FC04F8010B002DF7D14A
:10B3B0000020207031463846BDE8F041FDF744BC1E
:10B3C0002DE9F04104460D46A64F4FF48056314614
:10B3D0003846FDF73BFC7A20FFF79FFC04E0641E33
:10B3E0002878FFF79AFC6D1C002CF8D131463846BE
:10B3F000BDE8F041FDF728BC70B505469B4E05F051
:10B400006004307884420BD003221F21A020FFF774
:10B410009EFFC5F341121F218020FFF798FF347073
:10B4200070BD10B504462046FFF7E6FF2146BDE893
:10B43000104000206AE770B505460C462846FFF725
:10B44000DBFF22462946BDE8704040207FE770B50B
:10B450000D4600240146D420FFF7EDFFE9B2D620C7
:10B46000FFF7E9FFC5F30721D720FFF7E4FF40F618
:10B47000FF7501E0641CA4B2EA20FFF7D2FFC00709
:10B4800001D0AC42F6D370BD70B505460024FFF77D
:10B49000DBFE4FF4FA7609E0FF2200211046FFF7A9
:10B4A00056FF641CA4B20A2002F002FB1D20FFF725
:10B4B000B8FFC00701D1B442EED3B44201D301209A
:10B4C00070BD6A490020486000210820FFF7B3FFE3
:10B4D00000210920FFF7AFFF00210C20FFF7ABFF91
:10B4E00000210D20FFF7A7FF10210A20FFF7A3FF7F
:10B4F0001A210B20FFF79FFF11210420FFF79BFF6C
:10B500001A210520FFF797FFFF210620FFF793FF81
:10B510001F210720FFF78FFFA1213820FFF78BFFA6
:10B520003F212820FFF787FF30212920FFF783FFE5
:10B53000F9213020FFF77FFFF7213120FFF77BFF54
:10B540000D21C020FFF777FF0021C120FFF773FF17
:10B550003322C2218020FFF7FAFE1221C620FFF716
:10B560006AFF0C21C720FFF766FF1521C420FFF7F3
:10B5700062FFEE21CA20FFF75EFF0521CB20FFF717
:10B580005AFF2978E420FFF756FF6978E520FFF796
:10B5900052FFA978E220FFF74EFFE978E320FFF79A
:10B5A0004AFF2979E020FFF746FF6979E120FFF79C
:10B5B00042FF4FF4807421460020FFF748FF2146E8
:10B5C0001020FFF744FF1F20FFF716FFC0221B21AA
:10B5D0008020FFF7BCFE04221F218020FFF7B7FE6A
:10B5E000E420FFF71EFF2978884201D1002070BDBA
:10B5F000012070BD722014E770B505460E4611217A
:10B600000220FFF718FF1A210320FFF714FF41F66D
:10B6100011202C18E1B20620FFF70DFFC4F307211B
:10B620000720FFF708FF002211467A20FFF78FFE60
:10B6300031462846FFF7C4FE08221F218020FFF76D
:10B6400086FE1C20FFF7EDFE084C800719D5082266
:10B650001F21A020FFF77BFEA078401CC0B207E0AE
:10B6600000180140000C014000100140340000604F
:10B67000A070142801D919F0C4FF04F05BFF00206A
:10B6800070BD0020A070012070BD2DE9F04107467B
:10B690000E463920FFF7C5FEE8B3334C0020217970
:10B6A000FFF7C9FEA088C0F307210120FFF7C3FE02
:10B6B00000213A20FFF72AFE606000213A20FFF7C0
:10B6C00025FE616841EA0020606000213A20FFF712
:10B6D0001DFE054600213A20FFF718FE45EA002529
:10B6E0002D1F00213A20FFF711FE804600213A204D
:10B6F000FFF70CFE48EA00207F1EBD420ED960789D
:10B70000401CC0B26070142801D919F07AFF04F00F
:10B7100011FF002019E6FFE7002016E600060BD413
:10B720006078401CC0B26070142801D919F069FF1C
:10B7300004F000FF002008E6002060703146284633
:10B74000FFF71FFE21790C20FFF775FEA088C0F3DC
:10B7500007210D20FFF76FFE40221E218020FFF7FA
:10B76000F6FD2846F1E5000034000060704730B572
:10B770006423B0FBF3F4E4B2B0FBF3F503FB150074
:10B78000132C01D96430C0B200EB90030724B3FB43
:10B79000F4F504FB1533BC4D1A440D4415F8015C57
:10B7A0002A4492B2800703D1032901D2521E92B2D9
:10B7B000B2FBF4F004FB102030BD810701D0002063
:10B7C00070476421B0FBF1F201FB120109B10120C5
:10B7D00070474FF4C871B0FBF1F201FB120008B1E1
:10B7E00000207047012070472DE9F04707460C46BE
:10B7F0001646DFF89882B7FBF8F3A548002E01D172
:10B80000002101800188994235D0038040F2B27551
:10B810004FF4B7794FF4B67A0CE02846FFF7CDFF26
:10B8200020B14B4508D3A3F5B77301E0A3F26D1324
:10B830006D1CADB25345F0D8A5F5FA65A571581C3D
:10B84000A4F807000025DFF8409209F10C090CE08C
:10B85000A079FFF7B2FF08B1012D44D019F8050017
:10B86000984204D81B1A6D1CADB21C2BF0D26D1C73
:10B8700065715B1CE370B7FBF8F008FB10704FF4C8
:10B880006161B0FBF1F2A270B0FBF1F201FB1203B7
:10B890003C22B3FBF2F36370B0FBF1F301FB130046
:10B8A000B0FBF2F102FB11002070A079E27861791F
:10B8B00000F5FA60FFF75BFF2071012E11D1A1792D
:10B8C000744801F5FA61018061798170E178C17095
:10B8D000217901717048A1780170617841702178F7
:10B8E0008170BDE8F0871D2BC1D31D3BBBE710B5B0
:10B8F000FDF7CFFB01226949FFF776FF002010BD5D
:10B900002DE9F05F8846DDF828A09146002400F17B
:10B910001E01822902D30120BDE8F09F40F2B275DA
:10B9200000F5FA665E4FDFF87CB108E02846FFF7C5
:10B9300044FF08B13C4400E05C446D1CADB2B5422C
:10B94000F4D3A8F1010808F0FF070025DFF83881DB
:10B95000DFF838B108F10C080FE018F8050040F2E4
:10B96000A321484304EBC014B0B2FFF726FF10B187
:10B97000012D00D15C446D1CADB2BD42EDD3A9F1E7
:10B98000010940F2A32009FB00F904EBC910C3EB45
:10B990004311C1EB032100EB0110CAEB0A1100EBCC
:10B9A00081000B99441801214FF0C050FDF70CFBAA
:10B9B0000120FEF777FD0C9911B92046FDF772FBC7
:10B9C000FDF7A2FB2046A7E73EB500240420FEF7C2
:10B9D00039FD45F25005A84247D001214FF0C05033
:10B9E000FDF7F2FA0120FEF75DFDFEF701FD0120F3
:10B9F000FDF769FA08E0641CE4B20A2002F058F886
:10BA0000FA2C01D300203EBD4120FDF7E1F90028CA
:10BA1000F1D04FF48070FDF76BFA0120FDF76DFA5D
:10BA2000FDF772FBFDF776FB01210846FDF718FBD9
:10BA3000FDF76AFBFDF71FFB47F6FF70FDF73FFBC5
:10BA4000FDF762FB37212A22CDE900210020029078
:10BA50000F231B2208211020FFF752FFFDF712FBD6
:10BA600029460420FEF7E6FC07E0FDF753FB012121
:10BA70000846FDF7F5FAFDF747FBFFF777FEFFF7FE
:10BA800036FF01203EBD0000381604088051010039
:10BA90003E0000609402006099020060F8170060A8
:10BAA0000085E2018033E101FE4991F8231001296C
:10BAB00013D0052911D004290FD007290DD00C2946
:10BAC0000BD0082909D0022905D0062903D009295D
:10BAD00001D00B2903D1FEF785BFFFF770B870477F
:10BAE000F04890F82300012814D0052812D004282B
:10BAF00010D007280ED00C280CD008280AD0022815
:10BB000005D0062803D0092801D00B2805D13820FC
:10BB1000FEF75CBF3820FFF746B87047E14890F861
:10BB20002300012814D0052812D0042810D007289B
:10BB30000ED00C280CD008280AD0022805D00628E0
:10BB400003D0092801D00B2805D11820FEF73EBFED
:10BB50001820FFF728B87047D248012190F8230039
:10BB6000012813D0052811D0CF4A042811D0072866
:10BB70000FD00C280DD008280BD002280CD0062896
:10BB80000AD009280BD00B2809D00AE0C748016069
:10BB900007E0C2F8A41104E0C2F88C1101E0C44827
:10BBA0000160FF2080E770B5002441F6FF75FF209B
:10BBB000FFF77AFFFF2806D0641CFDF7C2F8AC42FD
:10BBC000F5D3012070BD002070BD10B5B54800212F
:10BBD00090F82300012813D0052811D0B24A042878
:10BBE00011D007280FD00C280DD008280BD0022820
:10BBF0000CD006280AD009280BD00B2809D00AE05F
:10BC0000AA48016007E0C2F8A41104E0C2F88C1150
:10BC100001E0A7480160FFF7C6FF18B1FFF79CFFDE
:10BC2000012010BD002010BD70B505464FF6FF7411
:10BC300001E0641EA4B2FF20FFF736FFA84201D046
:10BC4000002CF6D10CB1002070BDFF2070BD70B586
:10BC500004460D46FE20FFF7E7FF30B1012070BD1E
:10BC6000FF20FFF721FF04F8010B6D1EADB2F7D2E4
:10BC7000FF20FFF719FFFF20FFF716FF002070BD20
:10BC800070B505460C46FFF78EFF08B1012070BD68
:10BC90002046FFF709FFFD2C18D000244FF4007652
:10BCA000285DFFF701FF641CA4B2B442F8D3FF2063
:10BCB000FFF7FAFEFF20FFF7F7FEFF20FFF7F4FE85
:10BCC00000F01F00052801D0022070BD002070BDCB
:10BCD00070B505460C461646FFF73EFFFFF775FFA9
:10BCE00008B1FF2070BD45F04000FFF7DDFE200EDB
:10BCF000FFF7DAFEC4F30740FFF7D6FEC4F30720D0
:10BD0000FFF7D2FEE0B2FFF7CFFE3046FFF7CCFEE2
:10BD10000C2D02D1FF20FFF7C7FE1F24FF20FFF7E5
:10BD2000C3FE0106DED5641EE4B2F7D270BD70B565
:10BD30000546012200210A20FFF7CAFF044624B964
:10BD400010212846FFF783FF0446FFF705FF0CB1DB
:10BD5000012070BD002070BD70B505460122002194
:10BD60000920FFF7B5FF044624B910212846FFF744
:10BD70006EFF0446FFF7F0FE0CB1012070BD0020FD
:10BD800070BD1FB56846FFF7E7FF10B1002004B093
:10BD900010BD9DF800100120B0EB911F09D19DF856
:10BDA00008209DF8091000EB0220084480B28002B0
:10BDB000EDE79DF805009DF80A1000F00F0000EB7C
:10BDC000D1109DF8091001F0030100EB41019DF82D
:10BDD00008009DF80720800900EB82009DF80620EE
:10BDE00002F0030200EB8220401CC91F8840CEE70E
:10BDF0002DE9F8432B4890F82300012812D005289C
:10BE000010D004280ED007280CD00C280AD00828FF
:10BE100008D0022809D0062807D0092805D00B2809
:10BE200003D005E0FEF7F6FE02E00120FEF706FE75
:10BE3000FFF756FE0024FF20FFF736FE641CA4B275
:10BE40000A2CF8D30224002195220846FFF740FF70
:10BE50000546012D02D0641EA4B2F4D2154F00266F
:10BE60003E70012D73D187224FF4D5710820FFF762
:10BE70002FFF4FF6FE7401282FD00F49088C401C6D
:10BE80000884012200213720FFF722FF0122002130
:10BE90002920FFF71DFF01285DD8022038700122FC
:10BEA00000210BE0B24C0460008022429401224247
:10BEB000B0012442400000607C5B04603720FFF743
:10BEC00007FF012200212920FFF702FF0546280075
:10BED0004ED0641EA4B2E2D24AE00026E846FF201B
:10BEE000FFF7E2FD08F80600761CB6B2042EF6D382
:10BEF0009DF80200012843D19DF80300AA283FD1F4
:10BF00004607012200213720FFF7E2FE01223146D9
:10BF10002920FFF7DDFE054615B1641EA4B2F0D25C
:10BF2000ACB1012200213A20FFF7D2FE78B90024FB
:10BF3000FF20FFF7B9FD08F80400641CA4B2042C2C
:10BF4000F6D39DF80000400602D50620387017E0B1
:10BF50000420387014E001203870012200211046BE
:10BF6000FFF7B6FE0546280002D0641EA4B2F4D244
:10BF70002CB1012251021020FFF7AAFE00B13E7041
:10BF8000FFF7EAFDFFF7CAFD387810B10020BDE8E1
:10BF9000F8830DB12846FAE7AA20F8E72DE9F04129
:10BFA0000646154638480078062800D049024FF466
:10BFB0000077012D1AD001221220FFF789FE3946A1
:10BFC0003046FFF744FE044606F500766D1E15F078
:10BFD000FF0501D0002CF2D0012200210C20FFF738
:10BFE00077FEFFF7B9FD2046BDE8F0810122112060
:10BFF000FFF76EFE04462000F3D139463046FFF7C6
:10C0000026FE0446EDE770B506460C4615461E486A
:10C010000078062800D06402012D13D0012809D031
:10C02000012200213720FFF753FE01222946172065
:10C03000FFF74EFE012221461920FFF749FE044674
:10C040006CB11DE0012221461820FFF741FE044695
:10C05000B4B9FE213046FFF713FE044610E0FC2180
:10C060003046FFF70DFE06F500766D1E15F0FF0554
:10C0700001D00028F3D0FD210020FFF701FE044687
:10C08000FFF76AFD204670BD4000006070B50024D7
:10C09000FE4D04EB840005EB800000F0EFFE641C15
:10C0A000142CF6D3FA4800F0E9FEF948143000F0F9
:10C0B000E5FEF748283000F0E1FEF5483C3000F09E
:10C0C000DDFEF348503000F0D9FEF248F0494163FC
:10C0D0001431816370BD70B5044601F06AFAED4D0C
:10C0E000A868401CA860286810B1686938B10CE0E5
:10C0F0002C60A868012808D1FFF7C8FF05E0286870
:10C10000E16AC06A884200D82C60686A401C686294
:10C11000E06A01212A69814011432961DB4900EB72
:10C12000800001EB8000211D00F0B6FE01F04DFA09
:10C13000686900280CD02868E16AC06A884207D282
:10C14000D5494FF080500860BFF34F8FBFF36F8F1A
:10C1500070BD2DE9F0478146DDE908570A9C0E467F
:10C1600090469A464FEA8801A522206B33F026F9C3
:10C17000206BA8F1010800EB880020F007080020E0
:10C180002218315C82F83410315C11B1401C102847
:10C19000F6D3002684F84360142D00D31325E562FE
:10C1A0006564A664201D00F074FE04F1180000F020
:10C1B00070FE2461C5F11400A0616462E66484F835
:10C1C000506052464946404601F0CCF92060002FAD
:10C1D00000D03C60BDE8F0872DE9FF5F8146DDE9D6
:10C1E0000E788A4616469B46B00001F022FA0546B4
:10C1F00028000AD0542001F01CFA04460CB1256333
:10C2000004E0284601F060FA00E000248CB1002030
:10C21000CDE90240CDE900785B46324651464846BA
:10C22000FFF797FF2046FFF756FF012004B0BDE857
:10C23000F09F4FF0FF30F9E79648416B09680029FD
:10C2400005D0416BC968C9684968816270474FF081
:10C25000FF318162704710B50446206B01F034FA5B
:10C260002046BDE8104001F02FBA70B5044601F039
:10C27000A0F9884D04B92C68201D00F031FE58B992
:10C28000E06A824A00EB800152F8211021B90121B5
:10C290008140286988432861A06A18B104F1180018
:10C2A00000F01EFE686A401C68622868844208D15B
:10C2B0007748211D3C3000F0EFFD6868401C686045
:10C2C00007E0A868401EA8602046FFF7C4FFFFF7FC
:10C2D000B3FF01F07AF9686900280AD0286884421F
:10C2E00007D16D494FF080500860BFF34F8FBFF307
:10C2F0006F8F70BD2DE9F0410026664F386B002826
:10C3000008D0B869401CB861F86900B10126304610
:10C31000BDE8F081FD686D1CFD6045B9786BB96BB7
:10C320007963B863386A401C3862FFF785FFB86AE2
:10C33000DFF8588185420DD3786B006838B1786B8F
:10C34000C068C468606885420ED2B86202E04FF0EF
:10C35000FF30B8623868C06A00EB800058F82000EF
:10C360000128D1D90126CFE7201D00F0B9FDA06A30
:10C3700018B104F1180000F0B3FDE06A01213A6938
:10C3800081401143396100EB800008EB8000211DE2
:10C3900000F082FDE06A3968C96A8842CCD3012680
:10C3A000CAE72DE9F0410024002701F002F9394DD8
:10C3B000286B401E2863286BF0BBA868E0B3DFF849
:10C3C000D080012608F128081DE0D8F80C00C468C8
:10C3D00004F1180000F084FD201D00F081FDE06AEA
:10C3E0002A6906FA00F111432961284900EB80000F
:10C3F00001EB8000211D00F04FFDE06A2968C96A49
:10C40000884200D3EE61D8F800000028DDD10CB1DD
:10C41000FFF712FFAC6944B1FFF76CFF00B1EE61AA
:10C42000641E002CF8D10020A861E86920B1012722
:10C4300019493807086000E003E0BFF34F8FBFF3EE
:10C440006F8F01F0C2F8384662E72DE9F0410446EB
:10C450000F46104EF5683068001D00F041FD38B9F8
:10C46000306890F82C100120884031698143316197
:10C47000601C08D13FB13168BDE8F0410448091D96
:10C48000503000F009BD2C44306807E0041800600B
:10C49000941900604400006004ED00E04460AC4288
:10C4A00006D23168B06B091DBDE8F04100F000BD57
:10C4B0003168706B091D00F0FBFCB06A844200D249
:10C4C000B46225E7FA48016B491C0163704770B5F7
:10C4D00005460E460023FFF7F5FFF548C2682C68B5
:10C4E000A119944205D98C4208D9914206D9012359
:10C4F00004E08C4201D8914200D9012329601BB18C
:10C50000881A0021FFF7A1FFFFF74BFF002807D192
:10C51000E8494FF080500860BFF34F8FBFF36F8F33
:10C5200070BD10B502460020002A07D0FFF7CAFFF1
:10C5300000211046FFF789FFFFF733FF002807D1DE
:10C54000DC494FF080500860BFF34F8FBFF36F8F0F
:10C5500010BD10B5044601F02CF80CB9D44804689D
:10C56000E46A01F032F8204610BDBF22EFF31181DA
:10C5700082F31188BFF34F8FBFF36F8F002801D173
:10C58000CB480068C06A81F3118870472DE9F041FB
:10C5900004460D460026142D00D3132501F009F89A
:10C5A000C34F04B93C68606CA84241D0854208D9A9
:10C5B00039688C4209D03968C96AA94205D8012670
:10C5C00003E039688C4200D10126D4F82C80404524
:10C5D00000D1E5626564A069002802DBC5F11400A2
:10C5E000A061B54D08EB8801606905EB81018842C7
:10C5F00015D1201D00F074FC012120B93A6901FA1F
:10C6000008F082433A61E06A3A6981401143396136
:10C6100000EB800005EB8000211D00F03DFC3EB1E9
:10C62000A4494FF080500860BFF34F8FBFF36F8F66
:10C63000BDE8F04100F0C9BF9D4A106B002802D050
:10C640000120D06170470020D0611069B0FA80F0FD
:10C65000C0F11F00984900EB800001EB80004168A9
:10C660004968416000F10803994201D1496841607D
:10C670004068C0681060704770B5044600F099FFCC
:10C680008B4D04B92C68201D00F02AFC58B9E06AD3
:10C69000894A00EB800152F8211021B90121814023
:10C6A000286988432861A06A18B104F1180000F0D5
:10C6B00017FC211D814800F0EFFB00F086FF686940
:10C6C00028B100F076FFFFF7B7FD00F07EFF286885
:10C6D000844209D1686940B176494FF080500860C2
:10C6E000BFF34F8FBFF36F8F70BD7448A9680068A8
:10C6F000884202D10020286070BDBDE870409BE7F1
:10C7000000216E4B42699A4206D1806AA3F1280249
:10C71000904201D000B901210846704770B5044627
:10C72000002C2BD0624D2868844227D000F041FFB6
:10C730002046FFF7E5FFE8B1201D00F0D1FBE06ADD
:10C7400001212A698140114329615B4900EB800086
:10C7500001EB8000211D00F09FFBE06A2968C96A97
:10C76000884207D353494FF080500860BFF34F8F82
:10C77000BFF36F8FBDE8704000F027BF70BD2DE99B
:10C78000F04104460026BF20EFF3118580F31188A5
:10C79000BFF34F8FBFF36F8F2046FFF7B1FF40B15C
:10C7A000434F386B48B1454804F11801283800F070
:10C7B00073FB85F311883046AAE5E06A3968C96AD7
:10C7C000884200D30126201D00F08AFBE06A012187
:10C7D0003A69814011433961374900EB800001EB30
:10C7E0008000211D00F058FBE3E770B5334E304D5B
:10C7F000143E1CE0FFF766FE306820B10024FFF70E
:10C80000D0FDA4B901E00124F9E700F0D2FEF06800
:10C81000C468201D00F064FBA868401EA86068681A
:10C82000401E686000F0D1FE2046FFF714FD6868E6
:10C830000028DFD170BD204E4FF080541D4DFFF712
:10C84000D4FF30680128FAD92C60BFF34F8FBFF3B3
:10C850006F8FF4E71CB5164800242C30CDE900405A
:10C860002346802216A11848FFF7B6FC012811D1F3
:10C87000BF2080F31188BFF34F8FBFF36F8F0C4839
:10C880004FF0FF31816201214161C460BDE81C406D
:10C8900000F07BBE1CBDBF2080F31188BFF34F8F1B
:10C8A000BFF36F8F02490020486100F081BE000095
:10C8B0004400006004ED00E004180060E41900602A
:10C8C00049444C450000000037C80008FE48C068D5
:10C8D0007047FD48C0687047FB4880687047002873
:10C8E00001D1F94800683430704710B50C46F6495C
:10C8F0000968183100F0DCFA2046BDE8104001213B
:10C90000A3E570B5154641F00043EF490C68A361FB
:10C910000968183100F0C0FA2846BDE870400121CE
:10C9200093E52DE9F041C068C46804F1180007469A
:10C9300000F0D6FAE44D2A6B01265AB13946E34895
:10C9400000F0AAFAE06A2968C96A884214D901206D
:10C95000EE61DDE4201D00F0C3FAE06A2A6906FA00
:10C9600000F111432961DA4900EB800001EB8000FE
:10C97000211D00F091FAE5E70020C9E470B541F00F
:10C9800000410160C46800F0ABFA201D00F0A8FA75
:10C99000CD4DE06A01262A6906FA00F111432961AA
:10C9A000CB4900EB800001EB8000211D00F074FA00
:10C9B000E06A2968C96A884202D90120EE6170BD27
:10C9C000002070BDC0490A6A0260C96841607047B2
:10C9D00070B504460D4600F0ECFDBB49C8682A68F6
:10C9E000531C08D02368096A8B4206D061688142D3
:10C9F00003D801240DE000240BE06168401A904246
:10CA000006D2101A28602046FFF7DCFF002400E061
:10CA1000012400F0DAFD204670BDAB490120C86159
:10CA20007047002101E0401C491C0278A52AFAD079
:10CA3000880880B27047002801D1A3480068006BC5
:10CA4000EFE7A148006870479F484169002903D07B
:10CA5000006B18B10020704701207047022070471A
:10CA600070B50446002839D0974DE06A2968C96A34
:10CA7000884233D2A069002804DB2868C06AC0F16C
:10CA80001400A061E06A924E00EB8000616906EB41
:10CA9000800081421FD1201D00F022FA012150B9EF
:10CAA000E06A00EB800256F8222022B92A6901FAD6
:10CAB00000F082432A612868C06AE0622A698140E6
:10CAC0001143296100EB800006EB8000211DBDE8C9
:10CAD000704000F0E1B92868C06AE06270BD70B5CE
:10CAE00004460020002C2CD0A16C491EA164636C6C
:10CAF000E26A9A4225D0002923D1201D00F0F0F9E6
:10CB0000734A7149012350B9E06A00EB800552F87D
:10CB1000255025B90D6903FA00F085430D61606C5D
:10CB2000E062C0F11400A061E06A0D6983402B430C
:10CB30000B6100EB800002EB8000211D00F0ACF9DE
:10CB4000012070BD6049086880690A680968D26A76
:10CB5000C2F114028A6170475B490868002803D05B
:10CB60000868826C521C82640868704770B506467B
:10CB70000C4600F01EFD544D2868C06C80B92A6830
:10CB8000012082F850005CB101212046FFF75DFCD6
:10CB900050494FF080500860BFF34F8FBFF36F8F45
:10CBA00000F013FD00F005FD2868C46C002034B1CE
:10CBB00016B12968C86402E02A68611ED164296838
:10CBC00081F8500000F001FD204670BD2DE9F047CE
:10CBD00081460F461646984600F0EBFC3A4D286811
:10CBE00090F85000022817D02C68E06C20EA090069
:10CBF000E0642968012081F85000B8F1000F0BD0E3
:10CC000001214046FFF721FC32494FF08050086077
:10CC1000BFF34F8FBFF36F8F00F0D7FC00F0C9FC5C
:10CC200016B12868C06C3060286890F85000012860
:10CC30000DD02868C16CB943C16401242968002063
:10CC400081F8500000F0C1FC2046BDE8F0870024C8
:10CC5000F4E72DE9F04104460D4690461F460126B3
:10CC600000F0A7FC0FB1E06C386094F8500002218E
:10CC700084F85010B8F1050F13D2DFE808F0120362
:10CC8000070B0D00E16C2943E1640AE0E16C491CEB
:10CC9000E16406E0E56404E0022801D0E56400E018
:10CCA0000026012827D1201D00F01AF9064DE06A60
:10CCB00001212A69814011432961054900EB800067
:10CCC00001EB8000211D07E044000060BC190060FA
:10CCD0000418006004ED00E000F0DEF8E06A296866
:10CCE000C96A884207D961494FF080500860BFF394
:10CCF0004F8FBFF36F8F00F068FC30465CE52DE985
:10CD0000F0470446089F0126BF20EFF3118580F30A
:10CD10001188BFF34F8FBFF36F8F002B01D0E06CF2
:10CD2000186094F85000022384F85030052A13D27A
:10CD3000DFE802F01203070B0D00E26C0A43E26425
:10CD40000AE0E16C491CE16406E0E16404E00228C9
:10CD500001D0E16400E0002601282BD1DFF810812A
:10CD6000D8F830004FF0010970B104F118014148C2
:10CD700000F092F8E06AD8F80010C96A884219D920
:10CD8000B7B1C7F8009015E0201D00F0A9F8E06ADF
:10CD9000D8F8102009FA00F11143C8F8101000EB80
:10CDA0008001354800EB8100211D00F075F8E1E7B6
:10CDB000C8F81C9085F31188304646E72DE9F0410C
:10CDC00004468846BF20EFF3118780F31188BFF334
:10CDD0004F8FBFF36F8F94F85010022084F85000EB
:10CDE000E06C401CE064012926D1214D286B01260E
:10CDF00078B104F118011F4800F04EF8E06A296884
:10CE0000C96A884218D9B8F1000F14D0C8F8006078
:10CE100012E0201D00F064F8E06A2A6906FA00F1C9
:10CE200011432961144900EB800001EB8000211DB2
:10CE300000F032F8E2E7EE6187F31188BCE410B548
:10CE400000280BD0044600F0B4FB94F850000228F0
:10CE500007D0002400F0B9FB204610BD0448046848
:10CE6000F1E7002084F850000124F3E704ED00E02E
:10CE700044000060BC1900600418006000F1080163
:10CE800041604FF0FF328260C160016100210160AA
:10CE9000704700210161704742684A6093688B6067
:10CEA00093685960916008610168491C016070478E
:10CEB00030B50C68621C02D000F1080202E0026981
:10CEC00004E01A4653681D68A542FAD953684B60BE
:10CED00099608A60516008610168491C016030BD39
:10CEE0000169D0E901329A60D0E901235A604A68A9
:10CEF000824201D182684A60002202610868401EB5
:10CF00000860704770B504460D4600F052FBD4E946
:10CF10000F12206801FB020060600020A0632068FF
:10CF2000A060E06B226C2168401E00FB0210E060F4
:10CF30004FF0FF3084F8440084F8450004F11000FD
:10CF40004DB1FFF79BFF04F12400FFF797FF00F0BE
:10CF50003CFB012070BD21690029F8D0FFF7E1FCFE
:10CF60000028F4D0FF494FF080500860BFF34F8F86
:10CF7000BFF36F8FEBE703460098002904D00260EF
:10CF8000C36301640121BDE70060F9E7F8B5064617
:10CF90000D461746002D10D006FB05F0483000F076
:10CFA00048FB04463CB104F148023B462946304662
:10CFB0000094FFF7E0FF2046F8BD0020EEE72DE9E2
:10CFC000F041044600F0F5FA94F9455004F12406C6
:10CFD00009E0606A48B13046FFF7A3FC08B1FFF7EB
:10CFE0001CFD6D1E6DB2002DF3DC4FF0FF3684F892
:10CFF000456000F0EAFA00F0DCFA94F9445004F1DC
:10D00000100709E0206948B13846FFF78AFC08B1EB
:10D01000FFF703FD6D1E6DB2002DF3DC84F8446054
:10D02000BDE8F04100F0D1BA10B5044600F0C1FAF5
:10D03000A06BE16B884201D1012400E0002400F0E4
:10D04000C4FA204610BD2DE9F041044617460026DB
:10D05000A56B226C002A10D0C7B1E06832F09CF9B1
:10D06000E168206C091AE1602268914202D261688D
:10D07000081AE060022F16D017E02068A8B960688F
:10D08000FFF72DFD0646002060600EE0A06832F03C
:10D0900083F9216CA0680844A0606168884204D3C9
:10D0A0002068A06001E005B16D1E6D1CA5633046CF
:10D0B000BDE8F0812DE9FF4782B004468A469946D3
:10D0C0000025A8464FF08056A64F00F072FAA06BDC
:10D0D000E16B884206D3B9F1020F03D00498F8B18E
:10D0E00015B325E04A4651462046FFF7ACFF616A7A
:10D0F00051B104F12400FFF714FC58B13E60BFF3B6
:10D100004F8FBFF36F8F05E020B13E60BFF34F8FAD
:10D11000BFF36F8F00F059FA012006B0BDE8F08729
:10D1200000F053FA0020F8E76846FFF74BFC0125B2
:10D1300000F04BFAFFF7C6F900F03BFA94F944000F
:10D14000401C01D184F8448094F94500401C01D171
:10D1500084F8458000F039FA04A96846FFF738FCE6
:10D1600030B12046FFF72BFFFFF71BF90020D4E773
:10D170002046FFF759FF88B104F110000499FFF72A
:10D18000B4FB2046FFF71BFFFFF70BF900289CD1EB
:10D190003E60BFF34F8FBFF36F8F96E72046FFF7D8
:10D1A0000EFFFFF7FEF890E7002807D0002141604E
:10D1B0000160C16000231A4619467BE7704710B52D
:10D1C000024600210120FFF7E1FE04462046FFF75A
:10D1D000EBFF204610BD10B50446FFF732FC616836
:10D1E00088420BD1E068401EE06028B900231A464F
:10D1F00019462046FFF75EFF012010BD002010BD3C
:10D2000010B5044600F0D5F9A06B20B1002400F061
:10D21000DCF9204610BD0124F9E730B40B46026C5E
:10D22000002A0CD0C1681144C1604468A14201D3F6
:10D230000168C160C16830BC184632F0ADB830BC7E
:10D2400070472DE9FF4F83B004468B469A4600266F
:10D25000B1464FF08057DFF80C8100F0AAF9A56BBA
:10D2600095B3E66859462046FFF7D7FFBAF1000F9D
:10D2700013D0E660606A50B104F12400FFF751FB5F
:10D2800028B1C8F80070BFF34F8FBFF36F8F00F065
:10D290009CF9012007B0BDE8F08F6D1EA5632068E2
:10D2A00010B9FFF759FC606020690028EFD004F145
:10D2B0001000FFF736FB0028E9D0C8F80070BFF374
:10D2C0004F8FBFF36F8FE2E7FFE7059808B126B1F4
:10D2D00007E000F07AF90020DCE701A8FFF772FB15
:10D2E000012600F072F9FFF7EDF800F062F994F909
:10D2F0004400401C01D184F8449094F94500401C3E
:10D3000001D184F8459000F060F905A901A8FFF764
:10D310005FFB58B12046FFF752FEFFF742F8204668
:10D32000FFF76EFF002898D00020B3E72046FFF7F4
:10D3300067FF00B3206830B900F03BF96068FFF781
:10D340008FFB00F042F904F124000599FFF7CDFAB4
:10D350002046FFF734FEFFF724F800287FF47DAF66
:10D3600002E0000004ED00E0C8F80070BFF34F8F4A
:10D37000BFF36F8F71E72046FFF721FEFFF711F82B
:10D380006BE770B504460D46FFF75BFB6368984298
:10D3900004D1E068401CE060012070BD00232A46F3
:10D3A00019462046FFF74DFF0028F6D0E168491CDA
:10D3B000E16070BD2DE9F041174604461A46BF20D2
:10D3C000EFF3118680F31188BFF34F8FBFF36F8F98
:10D3D000A06BE36B984205D3022A03D0002086F3AA
:10D3E000118865E694F945502046FFF72CFE681C2D
:10D3F00004D06D1C84F845500120F0E7606A0028D5
:10D40000FAD004F12400FFF78CFA0028F4D0002FA2
:10D41000F2D001203860EFE770B50D46BF21EFF381
:10D42000118481F31188BFF34F8FBFF36F8F836B2C
:10D43000C16B994217D990F945205B1C8363511C3D
:10D4400004D0521C80F8452001200DE0416A0029DB
:10D45000FAD02430FFF765FA0028F5D0002DF3D07C
:10D4600001202860F0E7002084F3118870BD2DE9C9
:10D47000F04104469046BF20EFF3118780F31188F6
:10D48000BFF34F8FBFF36F8FA66B002E1DD094F9A3
:10D4900044502046FFF7C1FE761EA663681C04D0E8
:10D4A0006D1C84F84450012010E020690028FAD057
:10D4B00004F11000FFF735FA0028F4D0B8F1000F9E
:10D4C000F1D00120C8F80000EDE7002087F31188B3
:10D4D000EEE570B50446BF20EFF3118580F31188A7
:10D4E000BFF34F8FBFF36F8FA06B002806D0E668A5
:10D4F0002046FFF792FEE660012000E0002085F361
:10D50000118870BD10B5044600F053F8A46B00F00C
:10D510005CF8204610BD10B5044600F04AF8D4E986
:10D520000E10441A00F051F8204610BD806B704771
:10D5300000F0CAB8806B002801D00020704701209D
:10D540007047816BC06B814201D101207047002080
:10D5500070470000BF2080F31188BFF34F8FBFF3E7
:10D560006F8FFEE720384FF08073C36121F0010117
:10D5700081612449416140F8202970474FF0E02043
:10D580002149416107210161704710B51F480168B9
:10D5900041F47F010160016841F07F410160FFF7C4
:10D5A000EDFF1B4900200860FAF7E2FD002010BDE6
:10D5B0007047BF2080F31188BFF34F8FBFF36F8F89
:10D5C00013480168491C0160704711490868401EF2
:10D5D0000860002801D180F31188704710B5BF2082
:10D5E00080F31188BFF34F8FBFF36F8FFEF782FE7A
:10D5F00020B106494FF080501C390860002080F3AC
:10D60000118810BD55D500083F19010020ED00E03C
:10D61000800000603D4820F007003D49086000237D
:10D620004B6008314EF6F8724A600B604260016050
:10D6300070472DE9F04104460026FEF743FF344DC4
:10D64000083D686818B9FFF7E5FF012068603CB144
:10D650000834600704D004F00700C0F10800044457
:10D66000601E4EF6F771884229D2294A1046016899
:10D6700001E00A4601464868A04202D20868002834
:10D68000F7D123480830814219D016680836086857
:10D6900010604868001B10280DD90B1958604C60A9
:10D6A0005C681B4800E0104602685768A742FAD33E
:10D6B00002681A60036048682968081A2860FEF743
:10D6C00070FE3046BDE8F08110B5002818D008384B
:10D6D0000446FEF7F7FE60680D4900E011460A684F
:10D6E00053688342FAD3086820600C600848616878
:10D6F0000838026811440160BDE81040FEF751BED1
:10D7000010BD03480838006870477047001A006071
:10D710008C000060704770B50446C24D4021284619
:10D72000FCF729FE0028F9D0A1B22846FCF7B6FD87
:10D73000204670BD2DE9F04186B00746012144F234
:10D740003400FBF736FCB74D2846FCF783FC681520
:10D75000ADF8140003208DF8160018208DF817007E
:10D76000DFF8C48205A94046FBF7FFF92E15ADF896
:10D77000146004248DF8174005A94046FBF7F5F91D
:10D78000ADF8144010248DF8174005A9A748FBF701
:10D79000ECF92001ADF814008DF8174005A9A44854
:10D7A000FBF7E3F925208DF8000000248DF80140F7
:10D7B00001208DF802008DF803006846FAF759FE43
:10D7C00001979C4BAA1493F85110022925D00129E6
:10D7D00028D0ADF80C40ADF8084093F8541001295A
:10D7E00027D0022928D003292BD0ADF80A40ADF864
:10D7F00010400C20ADF80E0001A92846FCF772FC81
:10D80000012240F225512846FCF7F3FC012128466D
:10D81000FCF7E3FC06B0BDE8F081ADF80C60ADF8B4
:10D820000820DAE74FF4C060ADF80C00ADF808202E
:10D83000D3E7ADF80A20DAE74FF40050ADF80A005C
:10D84000D5E74FF44050ADF80A00D0E72DE9F0439A
:10D8500087B0804601218804FBF7B6FB01214820F0
:10D86000FBF7A7FB744D2846FCF7F4FB2E15ADF82B
:10D87000186003278DF81A7018208DF81B00DFF848
:10D88000BC9106A94846FBF770F9EC14ADF81840B6
:10D8900004208DF81B0006A94846FBF766F9ADF891
:10D8A000184010208DF81B0006A96548FBF75DF9AC
:10D8B00027208DF8040000248DF805408DF80670AF
:10D8C00001208DF8070001A8FAF7D3FDCDF80880F4
:10D8D000ADF80C405748AA1490F85310022925D0EF
:10D8E000012928D0ADF81040ADF80C4090F8561042
:10D8F000012927D0022928D003292BD0ADF80E40CA
:10D90000ADF814400C20ADF8120002A92846FCF72F
:10D91000E9FB012240F225512846FCF76AFC01216F
:10D920002846FCF75AFC07B0BDE8F083ADF810605C
:10D93000ADF80C20DAE74FF4C061ADF81010ADF887
:10D940000C20D3E7ADF80E20DAE74FF40050ADF825
:10D950000E00D5E74FF44050ADF80E00D0E72DE9AA
:10D96000F04387B0074601214804FBF72DFB012156
:10D970000420FBF71EFB334E3046FCF76BFB042400
:10D98000ADF8184003258DF81A5018208DF81B00AB
:10D99000DFF8949006A94846FBF7E7F84FF008082F
:10D9A000ADF818808DF81B4006A94846FBF7DDF856
:10D9B000204890F82310012901D0052908D1ADF89D
:10D9C000188010208DF81B0006A91848FBF7CDF829
:10D9D00026208DF8040000248DF805408DF80650AF
:10D9E00001208DF8070001A8FAF743FD0297ADF872
:10D9F0000C40ADF80E40ADF81040ADF814400C20CE
:10DA0000ADF8120002A93046FCF76CFB012240F28F
:10DA100025513046FCF7EDFB01213046FCF7DDFBDC
:10DA200081E700000038014000080140001001407B
:10DA300000140140B24C046000480040000C01405A
:10DA400000180140004400404FF0E0210A6922F034
:10DA500004020A61234AC00810704FF47A735843D5
:10DA6000012353804861086940F001000861704754
:10DA70002DE9F04100244FF0E0277E690546194862
:10DA800000784543FFF795FDBA69B9699142FCD02A
:10DA900003D2A2EB0100044403E0A6EB0100104412
:10DAA00004440A46AC42F0D3BDE8F041FFF78DBD17
:10DAB00070B50446FEF7C8FF01280CD0094D6888F0
:10DAC000844203D3B4FBF0F0FEF72BFD6888B4FB6F
:10DAD000F0F100FB11444FF47A706043BDE87040F0
:10DAE000C6E70000A000006010B504466160FAF7C8
:10DAF00079FB206010BD01684268114401607047E5
:10DB000010B50446FAF76EFB206010BD10B5044650
:10DB1000FAF768FB2168401A6168884201D3012046
:10DB200010BD002010BD0000FD490881704730B5D0
:10DB3000C278FB4D0A443035D4B2EC70827802EBE7
:10DB40001122D2B2AA7043786B7000782870B2EBC1
:10DB5000112F05D25B1CDBB26B700BB9401C287017
:10DB6000C8B284420DD2521CD0B2A870002808D18D
:10DB70006878401CC0B26870002802D12878401C28
:10DB8000287030BD10B58B185B1E0BE04A780C78FE
:10DB900002EB042292B2104480B2904201D2401CA7
:10DBA00080B2891C9942F1D3994207D109780902C0
:10DBB000084480B2884201D2401C80B210BD0102EC
:10DBC00041EA102080B2704710B50A460146002095
:10DBD000FFF7D8FFBDE81040F1E710B51422D14996
:10DBE0000020FFF7CFFF10B1BDE81040E7E74FF688
:10DBF000FF7010BD10B5CB496FF013030E394A7C8E
:10DC0000097C03EB012111448CB2204480B2C54948
:10DC100008220C31FFF7B6FFC24922461431FFF744
:10DC2000B1FF10B1BDE81040C9E74FF6FF7010BD5D
:10DC30000620DFE71120DDE770B5B94900224A7000
:10DC4000B94B487823F81020401CC0B248700A280D
:10DC5000F7D34A70B54B322403F2FE35487800EB17
:10DC6000800606EB40161E4472762C54401CC0B24F
:10DC700048700A28F2D34FF4806048814A70AA4B5A
:10DC80001433487800EB4004C4EB401403EB440425
:10DC9000A280401CC0B248700A28F2D370BD70B593
:10DCA000002300220021A04C4DF20426143405026A
:10DCB00045EA102085B201EB4100C0EB411004EBB6
:10DCC00040008088B04200D10123854200D101226A
:10DCD000491CC9B20A29EED3142503B17AB9944874
:10DCE0000068B0F5967F0AD93C21B0FBF1F201FB48
:10DCF000120020B98F49012008708F48058000204C
:10DD00008A4C002604F2FE3300EB800101EB401147
:10DD10000A19517E31B1195C11B1491E195401E043
:10DD200056761D54401CC0B20A28EDD370BD2DE9B3
:10DD3000F041074688467D4C794D4FF4FA43002662
:10DD40006889401C80B26881984202D34FF48050A9
:10DD500068816E70687800EB800101EB4010021959
:10DD6000507E28B16889FFF72AFF91888842E7D062
:10DD70006878401CC0B268700A28EBD300226E702D
:10DD8000687800EB800101EB40110B19597E11B14D
:10DD9000072902D008E01A460BE022B1997E92F8DA
:10DDA0001AC0614500D91A46401CC0B268700A28E2
:10DDB000E6D32AB30220507659482C3001781173EB
:10DDC0004178517381789173C078D07340F6CA70EE
:10DDD0005082908201201082D676907603201076B1
:10DDE00096751020D0756889FFF7E9FE9080A2F83B
:10DDF000068038881080788850801046BDE8F08111
:10DE00000020FBE72DE9F04105460F46464C002671
:10DE1000434B4FF4FA484FF4805214345889401C55
:10DE200080B25881404500D35A815E705889FFF70F
:10DE3000C6FE0146587800EB400CCCEB401C04EBCE
:10DE40004C0CBCF804C06145E8D0401CC0B258700E
:10DE50000A28EBD300205E705A7802EB4201C1EB36
:10DE6000421104EB4101898899B1521CD1B2597019
:10DE70000A29F1D3A8B159890A0242EA1121818005
:10DE8000C78085B12988018069884180402101725D
:10DE9000B4E7587800EB4001C1EB401004EB4000C0
:10DEA000E8E70020AAE70660F0E730B51C4A002545
:10DEB00055701D4B517833F81140844203D150788E
:10DEC00023F8105030BD491CC9B251700A29F1D352
:10DED00030BD10B5124A00215170134B517833F800
:10DEE00011402CB1491CC9B251700A29F6D310BD9A
:10DEF000517823F8110010BD10B5094C0146606A35
:10DF00000830FFF714FE04F13001606A0A780272EB
:10DF10004A7842728A788272C978C17210BD000054
:10DF2000AC000060060A01606C1B0160FA19016018
:10DF3000A40300603C000060960300602DE9FF5FD1
:10DF4000DFF8FC93D9F82440FE4D002605F1360198
:10DF50004FF6FF78039104287AD00399C9F81C1072
:10DF6000C9F820104FF0100A032815D0022821D03C
:10DF700005F12A0405286CD0F34F7888401C78807E
:10DF80003846A97B0088401C80B2452963D0388080
:10DF9000F888401CF880ACE0607E00F00F00032899
:10DFA000F9D1208A0028F6D1082089F8000002F073
:10DFB00074FEEEE3E2492C31C878401C10F0FF00FB
:10DFC000C8700ED18878401C10F0FF00887008D10E
:10DFD0004878401C10F0FF00487002D10878401CBF
:10DFE0000870A9F80460A9F80660607E072812D0BE
:10DFF000052810D00028CED0218A59B3A07E411E1A
:10E00000A176C8D2E07E08282DD0617E02290AD0F0
:10E01000012908D009E0A07E401CC0B2A076782873
:10E02000B9D1667665E005281DD0042800D9042002
:10E0300003218140A176E07E401CE076C248C18C7D
:10E04000491CC184607E00F00F000928A3D203E0C0
:10E05000BDE125E01AE038E0DFE800F04BFD0F12EB
:10E06000FC4BFC4BFC006676802089F8000002F037
:10E0700014FE142085F82F00FEE385F82F60EFE2F0
:10E08000042089F8000002F008FEF6E300F00F001B
:10E090000328C7D1082089F8000002F0FEFD78E3CC
:10E0A000D9F8280080880028BCD0C9F82460C9F8B5
:10E0B0001C40C9F82040A9F80660A9F804600820AF
:10E0C00089F8000002F031FC81E1697C2A7C01EBD7
:10E0D0000221B9F804209142A4D8CB46A9F8041033
:10E0E000297D890601D1697D21B13880B889401C1C
:10E0F000B881A2E192490E31B1F800E0498802915D
:10E10000BEF1000F01D10299C9B18E4AEB7DD18BCE
:10E11000128C112B0CD1414501D142455ED0884B68
:10E120001633B3F800C0614502D15B889A4255D0DE
:10E13000714502D102998A4201D038807DE1FFF712
:10E140004CFD404506D03888401C3880F889401C7A
:10E15000F88172E1E87D06280AD011283ED0012816
:10E1600014D03888401C3880388A401C388264E1DA
:10E17000B88B401CB883FFF75BFD40456CD0788BB3
:10E18000401C7883388C401C388456E1B88A401C87
:10E19000B88295F82200082806D0788A401C788238
:10E1A000388B401C388348E185F82260A88C4FF6F4
:10E1B000F771884202D30930A88401E00830A884AE
:10E1C000688BE883A88B28845D480E3001886983BA
:10E1D0004088A883F88A401CF882E7E3BBF8040073
:10E1E0001C38ABF80400CBF81C40288DAA4650B16F
:10E1F000FFF720FD404506D0B88D401CB885788ECD
:10E20000401C788619E15148CBF828004E4F0FE1A9
:10E21000818800297ED0BAF824208A427AD10288E7
:10E220000AB94388ABB3424502D14388434530D055
:10E23000BAF81A30934204D1BAF81C2043889A42A3
:10E2400027D0BAF81E20424503D1BAF82030434502
:10E250001FD002E05CE301E2F3E0DFF8E4C00CF180
:10E260000E0CBCF800309A4205D1BAF82030BCF848
:10E2700002C063450DD0DFF8C8C00CF1160CBCF825
:10E2800000309A4246D1BAF82020BCF802309A42B7
:10E2900040D1DBF82820D28812B1B1F5884F7AD06E
:10E2A000BAF82270C780BAF81A20ADF80420BAF87C
:10E2B0001C30ADF80630DBF8123000939DF800C03A
:10E2C0009DF80430CCF1FF0C43EA0C038DF80430C8
:10E2D0009DF801C09DF80530CCF1FF0C43EA0C031A
:10E2E0008DF805309DF802C09DF80630CCF1FF0C8A
:10E2F00043EA0C038DF806309DF803C09DF8073003
:10E30000CCF1FF0C43EA0C038DF80730BDF804C0D4
:10E310000B4B00E089E016331B889C4509D1DFF8E0
:10E3200020C0BDF806E00CF1160CBCF802C0E645B2
:10E3300014D090F804C04FEA0C2C4CEA112107E0ED
:10E34000AC000060F8090160C41D0160801B016021
:10E3500089B2A1F5806CBCF1D20C1DD0BAF81E10A8
:10E36000414503D1BAF820C0C44509D0DFF814E410
:10E3700099421BD1BAF820C0BEF802108C4515D1C5
:10E380004CF2BA018F420CD187888F4209D1FD49E6
:10E390000380498841800DE0A0F80080A0F8028049
:10E3A00008E00280BAF81C10418003E00280BAF84D
:10E3B0001C104180CBF8246002208BF80000CBF8C1
:10E3C0001C40CBF82040ABF8066002F0AEFAB9F87A
:10E3D0000600002831D000F11C01A9F804100A0A37
:10E3E0002A7469741121E9750830C0F3072141EAE4
:10E3F0000020E8842E85D9F8280081886984C188A6
:10E40000A984E04908390A886A834988A983018870
:10E41000E983408828840398C9F81C00FFF70AFCA8
:10E42000C04380B2288548B19BE33A30CBF828003E
:10E43000DBF82800B842FFF4EBAE76E3A5F82880BD
:10E440008FE3D14CB5F822C0B5F81A80A98B04F23D
:10E450004D13A88C1DE0627ED2B1A288904217D1E4
:10E46000E288944514D12288904511D16288914266
:10E470000ED1CBF824408BF8006095F82F004107AF
:10E480006FD5667620208BF8000002F006FC4CE386
:10E4900025349C42DFD995F82F1001F03F01022965
:10E4A00018D1ABF80C008BF80160B84A9BF801104A
:10E4B00032F81130834204D100248BF80160B24B52
:10E4C00050E0491CC9B28BF801100A29EED3788DAF
:10E4D000401C788595F82F004007AED4B88C401CBE
:10E4E000B8841420263568722820ABF80400502028
:10E4F0002872EB78E879E870A978A879A870A971F2
:10E500006A78687968706A7128788BF801002C79CC
:10E510002C7028715B1C13F0FF03EB71A5F126052D
:10E520000ED1491C11F0FF0185F82C1008D1521CA6
:10E5300012F0FF0185F82B1002D1401C85F82A004B
:10E54000688CABF80C00A98C6984A884688BE8837C
:10E55000A88B28848B480838018869834088A88361
:10E56000EFE2A4E09BF8011001EB810000EB411009
:10E570001844427E12B1072A08D00EE09BF8010031
:10E5800000EB800101EB4010C4180CE024B1827E46
:10E5900094F81AC0624500D90446491CC8B28BF8E9
:10E5A00001000A28DED3B4B3CBF824400320A076C0
:10E5B0002076A6750420E075E6761A356889A08075
:10E5C0002889E08028882080688860800121617621
:10E5D0006C48163002782273427862738278A27394
:10E5E000C078E0732182E87BE072A87BA072687B30
:10E5F0006072287B20720120FFF77EFC287D1A3D87
:10E6000000F0F001502929D98BF801606FF0040166
:10E6100001EB10131DE0FFE7388D401C388584E2C4
:10E620002A1892F836108BF80210B9B1012902D0DD
:10E63000022904D007E0401C8BF8010009E092F8A1
:10E640003710042920D092F8371039B108448BF8DC
:10E6500001009BF80100B0EB830FE1DB85F82FA0F0
:10E660002E35687840F0020068700220287204207D
:10E6700068720F20A872CA20E8722C20A9F8040042
:10E68000602005F82E091EE29BF8010092F8381070
:10E69000284490F8390040EA0120ABF80C0040F61D
:10E6A000CA71884200D908466082A082D6E795F8F0
:10E6B0002E10A846090989008BF80110BBF8042028
:10E6C000511A143989B2ABF80410627E02F00F02BD
:10E6D000022A03D100F03F02122A17D009B981079C
:10E6E00014D098F82610227A434691427BD193F8B1
:10E6F0002710627A9142F9D193F82810A27A9142B8
:10E70000F4D193F82910E27A9142EFD1C00647D5AF
:10E71000218AE9B304F10C00FFF709FA194B98F8C4
:10E720002A101A33C6461878814239D19EF82B2018
:10E7300059788A4234D19EF82CC09A7894452FD1CA
:10E740009EF82DC0DB789C452AD120736173A2739B
:10E75000E373E07EA8B9207EA17E401AA17DA0EBE4
:10E76000D10040B20144C9B2A175002801DA40428B
:10E7700040B2E27DA0EB92001044E07500EBD100C6
:10E78000207607E0C2000060FA1901606C1B01608E
:10E7900006E0FCE001208BF80000207EA0762682B7
:10E7A000627E02F00F00092868D2DFE800F06705FA
:10E7B0001D8FFEFDFC1CFB009BF80000C0075DD018
:10E7C0000320607640208BF800002682BBF804000E
:10E7D00020B142218BF80010FFF78EFBABF80660EA
:10E7E00002F05BFAD3E066E19BF80000C00705D0B9
:10E7F00098F82F0000F03F00122808D020208BF856
:10E80000000002F04AFADBF82400467662E698F847
:10E810002E0000F0F001502925D98BF801606FF02F
:10E82000040101EB101319E008EB000292F8361016
:10E830008BF80210B9B1012902D0022904D007E0F7
:10E84000401C8BF8010009E092F8371004292AD007
:10E8500092F8371039B108448BF801009BF8010099
:10E86000B0EB830FE0DB0320607698F8260020727F
:10E8700098F82700607202E01FE1B0E06CE098F8C1
:10E880002800A07298F82900E0720120FFF734FBFD
:10E8900042208BF800002682ABF80460ABF80660DB
:10E8A00002F0FBF973E09BF8010092F83810404445
:10E8B00090F8390040EA0120ABF80C0040F6CA712C
:10E8C000884200D908466082A082CCE798F82F00E1
:10E8D000C10721D0D1061FD4208AE8BBBBF80400B1
:10E8E000401C80B2FFF708FB9BF8000040F01000CE
:10E8F0008BF80000BBF8041019B140F002008BF84F
:10E90000000002F0CAF90120208208206076E67635
:10E91000112085F82F00D0E080060FD598F835003B
:10E9200098F8341040EA0120DBF81C100144CBF8C1
:10E930001C10BBF80410081AABF80400BBF8040064
:10E9400048B1D10607D49BF8001041F002018BF8C2
:10E950000010FFF7D1FA00E06DE098F8310098F868
:10E96000301000EB012080B2ABF80C00A18A81428C
:10E9700000D308B9ABF80C10BBF80C0060829BF810
:10E980000000800757D0ABF8066002F086F999F8CE
:10E99000000081060BD5A9F806606676142085F87C
:10E9A0002F008AE03EE0B9E06EE045E0F1E0C1060C
:10E9B0000AD5A9F806600120208204206076E67658
:10E9C000112085F82F0078E0B9F8061031B1C007A2
:10E9D00000D02682208A90B1A9F80600E676D9F800
:10E9E0002000C9F81C00B9F8060088B1208A78B167
:10E9F0002830A9F80400182085F82F0060E0608A0C
:10EA0000884201D2A9F80600B9F806002082E5E79D
:10EA100099F8000080070ED52820A9F8040085F891
:10EA20002FA04DE09BF80000C0077ED066768BF8E3
:10EA300000A002F032F978E0BBF8040008B1FFF75B
:10EA40005BFA98F82F00C00712D09BF80000C007AF
:10EA500004D007206076A676268201E00620607644
:10EA60000120FFF749FA8BF800A002F016F922E026
:10EA70009BF80000C00703D005206076268254E092
:10EA8000BBF80400B8B950E0BBF8040008B1FFF7C8
:10EA900033FA98F82F00C0070AD007206076A676D0
:10EAA0000120FFF729FA8BF800A002F0F6F802E047
:10EAB000BBF8040088B388F82FA02820A9F8040028
:10EAC000502085F82E001835207AA874607AE874F2
:10EAD000A07A2875E07A6875207BA873607BE8735C
:10EAE000A07B2874E07B6874062005F8010CA088E0
:10EAF0006881E088A8813148018869804088A880C1
:10EB00002088E88060882881183D607EC00612D584
:10EB100085F8316085F8306013E006E09BF800006E
:10EB2000C00702D007206076A676A9F8046089F8AD
:10EB30000060BDE8FF9F0F2085F83000CA2085F8EF
:10EB400031004020A875B9F80400010A29746874DE
:10EB500085F8356085F834606E86FFF769F8C04344
:10EB600068864520A873EE736E752E754020A875D3
:10EB7000B9F80800401CA9F80800010AA974E87453
:10EB80002E83FFF72AF8C04328830D48C18B491C08
:10EB9000C1830B498888401C888089F80060C8E7D9
:10EBA0000346002909DD05488AB20E38C280006A92
:10EBB000834202D0194630F0EFBB7047BA000060C4
:10EBC000C41D016010B5C04900220A70BF4B08780F
:10EBD00000EB400404EBC0041C442260401CC0B2A3
:10EBE00008700828F3D310BDF0B5B74A9078401CE0
:10EBF000C4B2947000231370B44D117801EB41003E
:10EC000000EBC1002844068847883E4304D0867A3A
:10EC1000A61B782E00DB0360491CC8B210700828C0
:10EC2000EBD3F0BD2DE9F041A74F4FF0000C87F872
:10EC300000C0A64E3A7802EB420303EBC203334412
:10EC40001C8884B15D8875B1B0F80080A0450AD1F8
:10EC50004488AC4207D10868586088881881B87821
:10EC60009872BDE8F081521CD2B23A70082AE1D302
:10EC700087F800C03B7803EB430202EBC302324447
:10EC800014880CB9548824B15B1CDBB23B70082B90
:10EC9000F0D33B78082B1FD187F803C087F801C059
:10ECA00087F800C0BC783A7802EB420303EBC2035A
:10ECB0003344FD789B7AE31AAB4201DDFB707A7036
:10ECC000521CD2B23A70082AEDD37A783A7002EB2D
:10ECD000420303EBC20232440068106008685060CF
:10ECE00088881081B8789072BBE72DE9F047784D9D
:10ECF000002029882A2902D22880BDE8F0872880B0
:10ED0000744C754F224602F11601B4F81490B2F813
:10ED100026C0881DB7F80080128D7B884FF40076DE
:10ED2000B9F5807F08D0B145E7D1C445E5D19A4215
:10ED3000E3D1BDE8F04775E7C445DED19A42DCD1A6
:10ED4000FFF770FFA682D4F816002062618BA184C1
:10ED5000624B1A68C4F816209B886383C4F80620A7
:10ED600063812060A180A08BE084E08B20853888BF
:10ED7000A0837888E0834FF4C160A0812A20288096
:10ED8000BBE72DE9F05FDFF84CA1544B5046BAF8D1
:10ED90001E104FF6FF72008C9C881D68914201D1B5
:10EDA000904206D04E4A138899420AD15288904226
:10EDB00007D14C480168CAF800108088AAF80400FE
:10EDC00040E0454F484BB7F800901A88B7F80280EA
:10EDD0003D4F01EA020609EA02023F1D964206D1B2
:10EDE0005A8800EA020308EA0202934205D03F482B
:10EDF000018839804088788001E039807880324B02
:10EE00004FF0000B83F800B03E88DFF8C0C07F8869
:10EE1000197801EB410000EBC10060440288964282
:10EE200002D14288974204D0491CC9B219700829FE
:10EE3000EED31978082912D04168CAF80010008969
:10EE4000AAF80400CAF80650AAF80A400820AAF84E
:10EE50000C001F4801880E310180BDE8F09FFF22A1
:10EE600006211C4830F0AAFACAF820B0AAF824B04B
:10EE7000CAF80650AAF80A40CAF81650AAF81A406A
:10EE8000AAF82660AAF82870AAF81C90AAF81E8092
:10EE90004FF48070AAF81400AAF80E000820AAF80F
:10EEA000100006208AF8120004208AF813004FF49C
:10EEB000C160AAF80C0007480D49363008600448C4
:10EEC0002A210180C9E70000E4000060021E016001
:10EED000B0000060F8090160BA000060A4000060A2
:10EEE000C200006050160408BE000060E000006030
:10EEF000C80000602DE9FC4751480546FCF7C4FAFC
:10EF0000064600204E4C4F49133C2218D27C0A542E
:10EF1000401CC0B20628F8D340F276411420FCF71A
:10EF200096FAFEF789FEA07B40B10621284600F044
:10EF30005EFA00F078FA3046BDE8FC87237CE17B7E
:10EF400043EA0120020242EA1027A27C657C42EAE1
:10EF500005204FEA002C4CEA1020DFF8ECC0ACF89A
:10EF60000070ACF80200A07F677F40EA072007022C
:10EF700047EA102794F8200094F81FC040EA0C20BC
:10EF80004FEA002C4CEA1020DFF8C0C0ACF800704B
:10EF9000ACF80200A07E94F819C040EA0C274FEAB2
:10EFA000072848EA1729ADF80490277FE47E47EA4E
:10EFB00004284FEA082A4AEA1828ADF80680DFF844
:10EFC00090A0AAF80090AAF80280CCF1FF0C41EAC8
:10EFD0000C018DF80010C0F1FF0003438DF80130E3
:10EFE000C4F1FF0005438DF80250C7F1FF00024352
:10EFF0008DF8032043EA0120040244EA1020154C56
:10F00000208042EA0520070247EA1020608002EBD8
:10F0100005201A0402EB016108440F490860012031
:10F02000FEF746FD87E710B50C4940F2EE50FCF7BD
:10F030002CFB80B210BD0A4808490088FCF7DCBAF6
:10F04000C54C0460A4000060BA000060E0000060ED
:10F05000BE000060C200006044010060F809016069
:10F06000B000006035220270012242708170C01C25
:10F0700070473621017004214170F149D1F819100F
:10F08000C0F80210801D70473221017004214170C8
:10F09000EB49D1F82110C0F80210801D70473721CC
:10F0A00001700321417001228270C170062101713B
:10F0B000401D7047FF2100F8011B70472DE9F0410A
:10F0C0000446012020706070DD4D11352879A07054
:10F0D0000020E070DB4E3168616020818021618119
:10F0E000D9490968E16020616061A06104F11C00F8
:10F0F0006A682968074630F04FF96868C0F1100166
:10F10000384430F062F9402104F12C0030F05DF910
:10F11000802104F16C0030F058F97068C4F8EC00FC
:10F12000BDE8F08170B5C94D2C682046FFF7C6FFD9
:10F13000012104F1F000FFF795FFFFF7B0FFFFF7A3
:10F14000B9FF01462868BDE87040091AFFF728BDDD
:10F1500070B5BE4D2C682046FFF7B0FF032104F1C7
:10F16000F000FFF77FFFFFF784FFFFF78DFFFFF74A
:10F17000A1FF01462868BDE87040091AFFF710BDDD
:10F1800010B544180023AE4A2EE00178332924D06C
:10F1900006DC01290BD003290ED0062921D110E06D
:10F1A000352913D0362913D0FF291AD120E0D0F801
:10F1B0000210C2F8251014E0D0F80210C2F82D1089
:10F1C0000FE0D0F80210C2F829100AE0837808E0B6
:10F1D000D0F80210C2F8191003E0D0F80210C2F8FB
:10F1E0001D104178801C0844A042CED3184610BDA3
:10F1F000184610BD70B595480468207802280FD1D4
:10F2000004229049201D30F026F948B98C4D04F1B4
:10F210001C00D5F81520D5F8111030F01CF908B1F4
:10F22000002070BD2069C5F821008948018804F1DB
:10F23000F000BDE87040A3E710B581490020C91C6B
:10F240000A6890808348C27B037C02EB0322CA8356
:10F25000427C837C02EB03220A84427E837E02EBA3
:10F2600003224A84C27E037F02EB03228A84427F08
:10F27000837F02EB0323CB84C27F90F8204002EB14
:10F2800004220A854B858A850221817310BD2DE9F0
:10F29000F04701216A4C4FF4BD77002520886E4E5F
:10F2A0004FF4D678B8424AD007DC4FF47A7958B197
:10F2B000A0F5807051386FD114E040456DD04FF407
:10F2C000D972904268D189E00120A070A4F80F9013
:10F2D000FFF728FFB4F80F10E01DFEF705FC40F221
:10F2E000511020803078800703D4E01DFEF70EFC1B
:10F2F000E8B33078800703D5FFF77CFF022843D0BE
:10F30000B4F80F004EF66021884205D24FF6FF7127
:10F3100001EA4000A4F80F00B4F80F00B0F57A5FDE
:10F320003FD2A0780228D3D1A4F80F903570FFF710
:10F330000FFFB4F80F10E01DFEF7D6FB27803078E2
:10F34000800703D4E01DFEF7E1FB00B330788007AF
:10F3500003D5FFF74FFF05281BD0B4F80F0042F28A
:10F36000107188421AD800F57A7080B200E008E087
:10F37000A4F80F00B0F5FA5F13D2A0780328D6D115
:10F3800011E00020BDE8F0870220A070CCE700204B
:10F39000F8E70320A07006E026E019E025800020B1
:10F3A000F0E7FFF749FF264801F0F4FCB4F81F002E
:10F3B000FEF705FC8146B4F81D00FEF700FC09EBE2
:10F3C000004132204143E01DFEF78EFBA4F800808F
:10F3D000E01DFEF79BFB0028A9D1D3E711B1002166
:10F3E0002280FBE70320CDE725800220CAE738B55D
:10F3F000134CC4F81100C4F815100025A5704FF681
:10F40000FF70ADF80000ADF802004FF48641684689
:10F41000FEF7F8FCC4F8030010B14FF48841818076
:10F42000258038BD33E708B505488078002806D127
:10F43000ADF80000ADF8020003490880488008BD1F
:10F440005A1E016056160408BA000060C800006029
:10F45000B0000060B24C0460AC0000600B0A0370A6
:10F46000417000218170C170110A017142717047B1
:10F47000C14800681C30D0F80510002903DDD0F821
:10F480000100FFF78DBB7047BB4800680021C0F842
:10F4900021107047B8480068B8490A7842F08002E5
:10F4A0000A7000210177C0F821107047B348017835
:10F4B00021F0800101707047B048017821F080018F
:10F4C00001707047AD48017821F0800101707047EC
:10F4D0002DE9FC5F4FF0000AA74805681C35A84BD2
:10F4E0001878800601D5FFF7EDFF1878000601D5E2
:10F4F000FFF7E2FF1878C00601D5FFF7D7FF1878AD
:10F50000400601D5FFF7C6FF1878C00701D0FFF706
:10F51000BBFF9B48994F0078800734D59A48DFF8A5
:10F5200064920168B9F8002098482FF035FFDFF8A1
:10F530005CC24FF001089CF80000EE2815D19CF841
:10F540000100102811D19CF8020070B99CF803004A
:10F5500058B99CF8040040B99CF8050028B99CF8FB
:10F56000060010B99CF8070048B1894C9CF80610B9
:10F570000026207981420BD0FF2905D010E04FF002
:10F58000010A87F80180DCE09CF80700192807D001
:10F590004FF0010A7E807D49012017F063F8D0E02A
:10F5A00000297DD09CF80700032813D0062811D02D
:10F5B00010280FD019280DD001280BD0022809D00F
:10F5C000042807D0052805D00F2803D0182801D01B
:10F5D000FF2865D1102806D19CF80C00B9F800204E
:10F5E000101A0D285CD194F82A004FF0020A07285F
:10F5F00013D094F82800072812D094F8290007287F
:10F600004ED184F824800020DFF894C1614B624A17
:10F61000DFF888B19CF800C01BE084F824A0F2E772
:10F6200084F82460EFE713F800E0714502D184F814
:10F6300024A00CE012F800E0714502D184F82460A7
:10F6400005E01BF800E0714501D184F82480401CDE
:10F65000C0B26045E7D394F823000A2801D184F8AA
:10F6600024605048007808B1022803D14E48006851
:10F67000FDF702F84D480068FCF7FEFF4C480068B3
:10F68000FCF7FAFF4B480068FCF7F6FF4A480068B1
:10F69000FCF7F2FF94F82300012809D0052800E0C8
:10F6A00068E005D0022803D0062801D0032803D142
:10F6B00042480068FCF7E0FF414880F84B604FF09B
:10F6C000010A7E80DFF8C4B003229BF801109BF88A
:10F6D000000041EA00219BF80B0002EB4002684663
:10F6E000FFF7BCFEB9F800002334801F81B26278B6
:10F6F0006B460BF1060015F0C4F92A4880F800802B
:10F700003048067029480068FDF708F82848006866
:10F71000FDF704F827480068FDF700F82648006860
:10F72000FCF7FCFF2078012807D0052805D0022827
:10F7300003D0062801D0032803D120480068FCF735
:10F74000EDFF0F48007800F0040100F002021143C1
:10F7500005D1C10703D1410601D400070AD5BAF18A
:10F76000010F07D1184845F8010F78886860BDE897
:10F77000FC5F7DE6BDE8FC9FD0000060EC0000600F
:10F78000AC000060B0000060C80000608B1E01602B
:10F79000B24C04603A0604603E0404603C05046018
:10F7A000E8020060D7030060180300606004006096
:10F7B000100400601C0400600C0400604804006039
:10F7C00088560460D8030060B71F016038B54DF259
:10F7D00004242046FEF77DFB4FF0FF3204216846EB
:10F7E0002FF0ECFD21466846FEF70CFB002800D008
:10F7F000848038BD70B505464321FE482FF0E5FDF5
:10F80000FC4C15B1012D03D004E06520208001E0FF
:10F81000672020801D206080F74D2878A0806878C0
:10F82000E080A8782081E878608195F8230028B1ED
:10F83000401F032805D84A20A08104E03220A0817F
:10F8400001E02320A0812879E081E87B2082287CC8
:10F850006082687CA082A87CE082B5F921002CF04F
:10F860001EFC20834FF41F702CF019FC6083E87994
:10F870002CF015FCA083E1480068C0F3072141EAA1
:10F8800000216184DE49097884F82410010C090202
:10F8900041EA1060A4F83900002084F83B00B5F874
:10F8A0004910A187D749097884F83E1084F83F00B1
:10F8B0000A2184F8401084F8410084F84200D249BB
:10F8C00001220A70487070BD38B5CF4C0025606ABF
:10F8D000002800D08580E068C0F3072141EA0022BB
:10F8E000C3B2120241EA032142EA1121ADF800102D
:10F8F000C0F30741090241EA1060010241EA102009
:10F90000ADF80200208AC0F3072141EA002081B24D
:10F910006846FEF777FA6062002803D04DF20421B2
:10F920008180A57238BD2DE9F04F89B00024B74819
:10F9300090F800A0BAF1430F05D8B54852460168C7
:10F94000B4482FF029FDB34F0125AB4E3878DFF8CE
:10F95000B8824FF00009642803D0062266287DD0C3
:10F9600052E2012088F80000787850B9B87840B9A0
:10F97000F87830B9387920B9BAF1050F01D188F893
:10F980000990717C327CB37CF57B14E007EB84003A
:10F9900090F801C0AC450CD190F802C0944508D154
:10F9A00090F803C08C4504D10079984201D188F8C1
:10F9B0000090641CE4B2B4EB9A0FE7D398F800000F
:10F9C00000287CD00020FFF715FF8A4C0020A0778C
:10F9D000E07784F8200084F8210004F12500142247
:10F9E0008D4908902FF0D8FC98F8090004F14307DE
:10F9F000411C88F8091000EB400101EB80103844ED
:10FA0000432221462FF0C8FC002571E0DFF80CC22C
:10FA1000C5EBC50101EB0C029379DC2B0FD21CF86E
:10FA20000100DFF8FC9100F0070A09EBD009012082
:10FA300099F8009000FA0AF019EA000F56D0232B2B
:10FA400054D096F800C096F8019096F802E00CEBBE
:10FA500009204FEA0E4B96F803A000E041E10BEBC2
:10FA60000A6B8344D2F8010083453FD0A080C0F3E5
:10FA7000072BA4F806B0C0F3074BA4F808B0000E9B
:10FA80006081A3816548405CE08100206084A4F827
:10FA90003900012084F83F0084F81EC084F81F90CC
:10FAA00084F820E084F821A0507900F00F01491E6D
:10FAB00084F84110000984F842005A4800E094E1BB
:10FAC00000EB0511142208982FF066FC98F8090045
:10FAD0001D280BD2411C88F8091000EB400101EBF6
:10FAE00080103844432243492FF056FC6D1CEDB280
:10FAF0004D480078854289D30025DFF830A1DFF832
:10FB000030B148E005EB850000EBC50101EB0A09C7
:10FB1000D9F80100A080020AE280020C2281000EC6
:10FB200060810820A0811AF80100E0813078A07778
:10FB30007078E077B07884F82000F07884F82100BD
:10FB400098F809001D280BD2411C88F8091000EB19
:10FB5000400101EB80103844432226492FF01CFC61
:10FB6000D9F80500A080010AE180010C2181000E76
:10FB7000608198F809001D280BD2411C88F80910F3
:10FB800000EB400101EB80103844432219492FF06B
:10FB900003FC6D1CEDB29BF800008542B2D300253A
:10FBA000DFF890A0DFF890B08BE02B2005FB00A1E0
:10FBB000887CE8B9D1F80500D0B1A080020AE280C3
:10FBC000020C2281000E6081887AA0814A7AE2814B
:10FBD0003078A0777078E077B07884F82000F078FB
:10FBE00084F821000868C0F3072141EA002125E0DC
:10FBF00065E00000AB210160B24C04608802006047
:10FC00006702006062030060F0000060B000006006
:10FC1000C8000060C8290160B47803607A310460CC
:10FC2000B23A04608C1E0460E8020060C9430460BC
:10FC30000D030060889B03606C020060618484F89F
:10FC40002420010C090241EA1060A4F839001421B3
:10FC500003A82FF0BAFB4D208DF80C0053208DF82F
:10FC60000D0054208DF80E0050208DF80F003A2022
:10FC70008DF810004FF000098DF81F90142203A991
:10FC800008982FF089FB0C2084F83F001AF08EF8BA
:10FC900084F84100D8B102281ED084F8429098F828
:10FCA00009001D280BD2411C88F8091000EB400107
:10FCB00001EB801038444322FE492FF06DFB6D1C90
:10FCC000EDB29BF800008542FFF46FAFD8E0FA4830
:10FCD000007884F84200E2E7F848007884F84200AF
:10FCE000DDE77978F37B99427ED1B978337C99420C
:10FCF0007AD1F978737C994276D13979B37C99427B
:10FD000072D1787C317888420BD1B97C727891427B
:10FD100007D1F97CB278914203D1397DF2789142D2
:10FD20000AD0002861D1B87C00285ED1F87C002878
:10FD30005BD1387D002858D10120FFF75BFD4321BE
:10FD4000DC48FEF72DFF86F80E907979F173B879CB
:10FD50003074FA7972743A7AB27496F82A30012BB8
:10FD600007D0092B05D096F82830012B01D0092B9C
:10FD700001D1D34B1D707B7A7376BB7AB376FB7A55
:10FD8000F3763B7B33777B7B7377BB7BB377FB7BF4
:10FD9000F3773B7C86F8203039B330B32AB32F2079
:10FDA00022F05DFD317C302022F059FD717C312044
:10FDB00022F055FDB17C322022F051FD717E3320BE
:10FDC00022F04DFDB17E342022F049FDF17E352038
:10FDD00022F045FD317F362022F041FD717F372032
:10FDE00022F03DFDB17F01E00EE049E0382022F035
:10FDF00036FDF17F392022F032FD317F3A2022F0AA
:10FE00002EFD88F802503BE069284DD06C2837D091
:10FE1000652855D1AB4CA08990B3B4F839000102E4
:10FE200041EA1021608C030243EA102661F31F4669
:10FE3000A18F8DF81110080A8DF81200207C8DF822
:10FE40000D00A07C8DF80E00207D8DF80F00A07DA8
:10FE50008DF810008DF80C20ADF814908DF81690E8
:10FE600003AA4FF4F071304625F0CCFDCDE90095A2
:10FE7000029594F82420002303A930460EF0FAFDE1
:10FE800098F8090000281BD08F4800680168C8F85E
:10FE90000C10C088010241EA102080B2C8F810009E
:10FEA00009B0BDE8F04F0FE5002088493A185278B4
:10FEB0000A54401CC0B20A28F8D385480570DFE711
:10FEC00009B0BDE8F08F70B5824D2878000712D5D3
:10FED000814E824C30686061A169401A64280AD35F
:10FEE000207A30B1052104F12800FEF759FE0020E8
:10FEF00020723068A0612878800702D5BDE8704084
:10FF000011E570BD2DE9F04700246E488C21463084
:10FF10002FF05BFA6F480078000759D56E4E6F4D91
:10FF20003068E861296A401A642851D3A87A697A4E
:10FF300088420FD200F10101A97200EB400101EBF0
:10FF400080105C4901F1430108444FF04301FEF782
:10FF500027FE3BE03AD85B4F4FF02F0007F14607F2
:10FF600038705F4803787B705E480178B9704178DB
:10FF7000F97081783971C0787871DFF86CC1DFF879
:10FF80006C914FF0010817E0C4EBC4001CF80000AE
:10FF900009EBD00100F00702097808FA02F21142D9
:10FFA00002D04FF0010201E04FF0000207EB4401E4
:10FFB0004A75887504F101049C42E5DB41488C21B7
:10FFC0004630FEF7EDFDA87A401CA8723068286222
:10FFD000BDE8F0872DE9F04188B0454A3F4E3079C1
:10FFE00002EBC004A178012903D0411C31716428BF
:10FFF000F5D330790025642804D33571002008B08A
:020000040801F1
:10000000BDE8F081F078401CC0B2F0700A2802D937
:10001000F5700020F3E7E07812F0BDFE002869D00B
:10002000401E00F0FF08E0788DF8000010208DF8E9
:10003000010001208DF802009A208DF803008DF850
:10004000045007208DF805000E208DF806008DF86D
:1000500007501E4881798DF808108DF809504179B4
:100060008DF80A108DF80B5001798DF80C108DF871
:100070000D50C1788DF80E108DF80F5081788DF8E5
:1000800010108DF8115041788DF812108DF8135022
:1000900000788DF814001521684615F0E4F9010A7E
:1000A0008DF815108DF81600404615F050FA4246AE
:1000B000172120E0AB21016064030060660300604B
:1000C000CC070060C8290160D4000060F817006008
:1000D000E0030060AC00006030000060F0000060F1
:1000E000E8020060B24C04607A310460B23A046005
:1000F000D13B04601EE0684615F0CDF94246082168
:10010000002019F091FE41464FF4FA7019F0D4FE28
:10011000071E11D0B91EFA4815F0A5F981B2F848AA
:100120003844801E4278007802EB0020884205D0D7
:10013000002064E7002062E7002060E742460021DB
:10014000012019F071FEA570F570012057E72DE927
:10015000F04F8BB00746EB4ADFF8ACB39BF80700D3
:1001600002EBC0042178012904D0411C8BF8071050
:100170006428F3D39BF807000026642804D38BF887
:10018000076000200BB09CE6E079411CE1710A2871
:1001900001D20020F6E79BF80600401CC0B28BF8A5
:1001A00006000A2803D98BF806600020EAE7E07809
:1001B00012F0F1FD38B1217939B1401EC0B2009082
:1001C000DFF83C83FCE00020DCE70020DAE7E178A0
:1001D0008DF8041010218DF8051000EB400140F25D
:1001E0002D3202EB81010A0A8DF806208DF80710E6
:1001F0008DF808600C218DF8091018218DF80A106F
:100200008DF80B602179491E01EBC102BF4901EB5A
:10021000021202EB001252788DF80C208DF80D605E
:100220002279521E02EBC20201EB021202EB001213
:1002300012788DF80E208DF80F602279521E02EB95
:10024000C20201EB021202EB0012D2788DF81020EC
:100250008DF811602279521E02EBC20201EB0212EC
:1002600002EB001292788DF812208DF8136022793B
:10027000521E02EBC20201EB021202EB0012527993
:100280008DF814208DF815602279521E02EBC202FF
:1002900001EB021202EB001212798DF816208DF894
:1002A00017602279521E02EBC20201EB021202EB2E
:1002B0000012D2798DF818208DF819602279521E1B
:1002C00002EBC20201EB021202EB001292798DF8EE
:1002D0001A208DF81B602279521E02EBC20201EB3C
:1002E000021202EB0012527A8DF81C208DF81D606C
:1002F0002279521E02EBC20201EB021202EB001243
:10030000127A8DF81E208DF81F602279521E02EBA2
:10031000C20201EB021202EB0012D27A8DF8202009
:100320008DF821602279521E02EBC20201EB02110C
:1003300001EB0010807A8DF822001F2101A815F032
:1003400092F8010A8DF823108DF8240037B121218D
:1003500001A8009A0CF080F9C0B213E7009815F0DC
:10036000F6F8212101A8009A15F095F8082100203F
:10037000009A19F059FDC820009919F09DFD051E3D
:100380000FD0A91E5E4815F06EF881B208EB05008B
:10039000801E4278007802EB0020884203D00020C3
:1003A000F0E60020EEE600210120009A19F03CFD65
:1003B0006420FDF77DFB9BF80500401C8BF80500D1
:1003C0009BF805000828FFF402AF4FF0060A4FF033
:1003D0001109A2E0E1788DF804108DF805A0083825
:1003E00040F28D3101EB4000010A8DF806108DF8C6
:1003F00007008DF808908DF80990062101A815F0E6
:1004000032F8010A8DF80A108DF80B000FB10020A8
:10041000B8E6009815F09BF8082101A8009A15F09D
:100420003AF808210020009A19F0FEFC6420009997
:1004300019F042FD051E0FD0A91E314815F013F822
:1004400081B208EB0500801E4278007802EB0020A4
:10045000884208D0002095E6082101A8009A0CF0F7
:10046000FBF8C0B28EE64FF4FA70FDF721FBE0789E
:100470008DF804008DF805A09BF8050040F28E3140
:10048000083801EB4000010A8DF806108DF80700CE
:100490008DF808608DF80990062101A814F0E3FF9B
:1004A000010A8DF80A108DF80B00009815F04FF82E
:1004B000082101A8009A14F0EEFF08210020009AFC
:1004C00019F0B2FC6420009919F0F6FC051E0FD05B
:1004D000A91E0B4814F0C7FF81B208EB0500801E6F
:1004E0004278007802EB0020884211D0002049E6D3
:1004F000082101A8009A0CF0AFF8C0B242E6000053
:1005000094530460D13B0460F0000060083903603C
:100510009BF80500401C8BF805009BF8050010288F
:10052000FFF458AF8BF8056026708BF80660012049
:1005300028E6000038B50024FAF71AFC04E0641C31
:10054000E4B23220FDF7B4FAFEF7D4FC08B1642C13
:10055000F5D3FE4CA07B08B1022834D1022801D18A
:100560000120A073B4F82100010241EA102080B2FA
:10057000FDF7AFFC04F06CFCFFF728F9607FA17F6A
:1005800000EB0120ADF80000E07F94F8201000EBB4
:100590000120ADF8020002F0E5F8684602F0D5F857
:1005A00094F84800012801D900F04CFD94F8470068
:1005B000022808D1E6A002F072F8E9A002F06FF874
:1005C000EBA002F06CF8EE48EE490068886038BD98
:1005D0002DE9F05FEB4C0127207800280CD1277023
:1005E0004FF4FA7104F12C00FDF77EFA42F210711B
:1005F00004F13400FDF778FAFEF715FDE24D28808E
:10060000E24EDFF88C83DFF88CA34FF03C09D0B3C7
:100610000020A080E0490868401C0860DF4807709F
:100620004FF40060FDF7CBFADD4CA189884214D16C
:100630000120FDF783FC288800280CD0FEF7A1FBE1
:10064000FEF7F9FC012806D13068401C306088F8BC
:100650000070AAF80090BDE8F09F40F60600FDF794
:10066000AEFAA1898842F6D1FEF73FFB2888002820
:10067000F1D0FEF7E0FC0128EDD13068401C30607D
:1006800088F80070E7E7FFE7BE482C30FDF73EFA38
:100690000028E0D0BB482C30FDF72DFA0024DFF80D
:1006A00004B304EB840000EB441000EB0B01BE48E4
:1006B00001600220FDF742FC288860B1FEF761FB73
:1006C000FEF7B9FC012806D13068401C306088F87C
:1006D0000070AAF80090641CE4B20A2CE1D3002454
:1006E000DFF8C8B204EB4400C0EB44100BEB400150
:1006F000AF4801600520FDF721FC288860B1FEF7B6
:1007000040FBFEF798FC012806D13068401C3060A1
:1007100088F80070AAF80090641CE4B20A2CE1D3B7
:1007200098483430FDF7F2F9002894D095483430D9
:10073000FDF7E1F9BDE8F05FFEF756BA00240025A9
:10074000DFF87092012089F83C00FFF7F3FEDFF834
:100750006882002688F800601BF051FDDFF85CA27B
:10076000974F8AF80060FFF733FF3878012803D0ED
:1007700094480078012807D16D1CEDB20A2D03D1F1
:1007800000253E7014F030FF98F8000040B1641C62
:10079000E4B2642C04D9002488F8006014F031FF1E
:1007A000F8F7CFFA0520FDF783F9B9F80000401CEF
:1007B000A9F80000D5E7F0B587B0834E714D3068D9
:1007C000E86029690024401A64280FD37F4F3878E5
:1007D00050B17F48B0F85812FEF7E2F93C707D49FD
:1007E000087808B1401E0870306828617A4800789F
:1007F000800727D57A4979480860634D79492A8866
:1008000009682EF0C9FD7849288808806848006882
:100810000188ADF818104188ADF81A10C18806A8F3
:10082000FDF7F0FA054601234FF416726B4901A853
:1008300004F09AFD024622B10123684901A829F07B
:100840009FFDAC8007B0F0BD70B55F4D4D4C286882
:100850006061A169401A642810D3644E307858B1A1
:100860006348B0F85812FEF79BF9002030706149D8
:10087000087808B1401E08702868A06170BD38B5BE
:10088000404C0025A06A002800D085805A480068A6
:10089000C0F3072141EA0022C3B2120241EA032158
:1008A00042EA1121ADF80010C0F30741090241EA04
:1008B0001060010241EA1020ADF802004F480088A4
:1008C000C0F3072141EA002081B26846FDF79AFA99
:1008D000A062002807D01D49B1F849100A0242EA77
:1008E00011218180A57038BD70B53B4800780007A4
:1008F0001AD5354D234C2868E061216A401A6428D6
:1009000012D3A078617888420CD240F22D1148436E
:100910003B4901EB4000B0F85812FEF741F9A078CE
:10092000401CA0702868206270BD70B5204C206803
:100930008088A0F55241043902D108B1FFF7E2FAEC
:10094000024DB5F8490001025CE00000B24C0460C1
:100950007777772E333332322E6F726700000000C4
:100960007777772E64796E646E732E636F6D0000F7
:100970007777772E6E6F2D69702E636F6D00000094
:10098000A403006020010060B00000602804006043
:1009900032040060960300602404006033040060A9
:1009A000F8090160FA190160D0000060801B016045
:1009B000D400006088560460F2000060DF0300602D
:1009C000E7030060ED00006030000060010300609C
:1009D0009A2A016003030060AC000060E6CC01606D
:1009E00000020060C8000060EA01006002030060CD
:1009F000F42C0160540300608002006084020060F7
:100A00004E2F016041EA102082B2206881888A421C
:100A10000CD159B1C188FE480088C0F3072242EAD0
:100A2000002080B2814201D1FFF75EFFB5F8490096
:100A3000010241EA1020216880B28988884207D1EA
:100A4000F448007810B1FFF7FFFE01E004F02AFA45
:100A500020688088A0F58A409C3806D0A0F50C401C
:100A6000683804D1FFF72FFA01E0FFF7A4FE2068F1
:100A7000C088B0F5864F16D00BDCA0F54050753815
:100A800015D0A0F580608B3811D1BDE8704001F021
:100A9000F2BDB0F5A04F0AD0B0F5F64F07D1BDE8D2
:100AA000704000F099BCBDE87040FEF7BBBC70BD63
:100AB0002DE9F04F89B004462568D74E30780007FD
:100AC00015D50021D54801EB810210F82220B2EBA8
:100AD000156F08D101EB810100EB8100D049C97885
:100AE000FEF75EF803E0491CC9B20A29EBD330785F
:100AF0004FF00007810600D56776010600D56776BE
:100B0000C10600D56776400607D503206076E188E8
:100B1000204613F02BFDC34908703078800771D54B
:100B2000DFF804B3C148DFF808A3BBF80020DFF802
:100B300004834FF001090B2A35D00D2A33D00A2A3D
:100B400031D00C2A01D0112A5CD1016804A82EF002
:100B500023FC8AF800909DF811000BF026F900EBB9
:100B6000C00101EB410202EB0804B4F81510090AB8
:100B7000401C7AD09DF81000B0EB156F75D1AE4BCC
:100B8000D88D401CD885E1B39DF81C009DF8193024
:100B90009DF81B5000EB03609DF81A301B0403EB1B
:100BA000052318446AE0016804A82EF0F5FB9DF8BF
:100BB00011000BF0FAF8411C57D000EBC00000EB1D
:100BC000400303EB0804B4F81510080A9DF8102040
:100BD000B2EB156F49D1BBF800200D2A04D101F00A
:100BE0007F05042D00D1012088B19DF81C209DF8BF
:100BF00019509DF81B6002EB05629DF81A502D04F8
:100C000001E035E031E005EB062556190DE00B2A31
:100C100002D00A2A07D008E09DF81A209DF8195042
:100C200002EB052601E09DF819609DF81650227D23
:100C300095421AD1002A18D09DF8172001F07F01A3
:100C40008A4212D1CDE90067029018F80300E178DA
:100C5000401CC3B26078401EC2B2A07809F0AFF960
:100C60008AF80090A77684F80B9009B0BDE8F08F61
:100C70009DF81B009DF81A3000EB0320CDE90171AF
:100C8000009018F80200E178401CC3B26078401E62
:100C9000C2B2A07809F093F9E7E72DE9F8434FF0E5
:100CA000FF346648DFF898811425B0F82100654EBE
:100CB000010241EA102081B2D8F8000082889142F6
:100CC0000AD1FEF705FCD8F80000818813F04EFC2D
:100CD0000446200000D43555D8F800004E4FC08897
:100CE000B0F5A04F1FD158480068010EC0F307426D
:100CF00042EA01210A0242EA1121ADF80010C0F3D4
:100D00000721024661F31F22120261F31F2042EA0B
:100D10001020ADF8020000F05EFE002C03DB3878F6
:100D2000800700D53555D8F80000C088B0F5C85FF9
:100D30001AD14648D0F80200C0F30741020E41EA3A
:100D400002210A0242EA1121ADF80010C0F3072186
:100D5000024661F31F22120261F31F2042EA1020B3
:100D6000ADF8020001F09AFAD8F800004FF20162E3
:100D7000C18891420CD1FFF79BFED8F80000C188D2
:100D800013F0F4FB002803DB3978890700D53554CC
:100D9000BDE8F8832DE9F04104462D4F34F8210FCA
:100DA0003880608878802B4EA0883080E088708002
:100DB000294DA0892880E089213C688001F0D2FC7F
:100DC00004F1290001F0C1FC1C4CB4F8210001021F
:100DD00041EA102080B2FDF77CF894F84800012821
:100DE00001D900F02FF994F8470002280BD1AFF297
:100DF000A04001F054FCAFF2984001F050FCAFF27B
:100E0000904001F04CFC0D48042211490F3025E0C0
:100E10008402006002030060AC000060E2A4016094
:100E200020010060F6020060B0000060C8000060B1
:100E300009030060287C03607C5B0460B24C0460A2
:100E4000D0000060F81D01609001006006C20160E2
:100E5000BA000060BE000060E00000602EF0FBFA07
:100E6000B8B33888FCF7ABFE000A10D13888FCF71D
:100E7000A6FE10F0FF0F0AD17888FCF7A0FE000A4A
:100E800005D17888FCF79BFE10F0FF0F21D0388841
:100E9000FCF795FE000AE0733888FCF790FE20749A
:100EA0007888FCF78CFE000A60747888FCF787FE6F
:100EB000A074E17B2F2021F0D2FC217C302021F096
:100EC000CEFC617C312021F0CAFCA17C322021F0D3
:100ED000C6FC0422564957482EF0BDFAB8B33088F4
:100EE000FCF76DFE000A10D13088FCF768FE10F0A8
:100EF000FF0F0AD17088FCF762FE000A05D17088E6
:100F0000FCF75DFE10F0FF0F21D03088FCF757FE94
:100F1000000A60763088FCF752FEA0767088FCF7F5
:100F20004EFE000AE0767088FCF749FE2077617E6D
:100F3000332021F094FCA17E342021F090FCE17E4E
:100F4000352021F08CFC217F362021F088FC3948A7
:100F500004223949001D2EF07EFAC8B32888FCF718
:100F60002EFE000A10D12888FCF729FE10F0FF0F92
:100F70000AD16888FCF723FE000A05D16888FCF7CF
:100F80001EFE10F0FF0F23D02888FCF718FE000A81
:100F900060772888FCF713FEA0776888FCF70FFEBF
:100FA000000AE0776888FCF70AFE84F82000617F79
:100FB000372021F054FCA17F382021F050FCE17F44
:100FC000392021F04CFC94F820103A2021F047FC05
:100FD000E07B217C627CA37C657EC5F1FF05284314
:100FE000A57EC5F1FF052943E57EC5F1FF052A432E
:100FF000247FC4F1FF04234341EA0024250245EA8B
:1010000014240E4D2C8043EA0224260246EA1424BE
:101010006C80090401EB0060094903EB02221044D3
:10102000486203F015FFBDE8F041FEF7CFBB0000BA
:10103000BE000060CB4C0460E0000060C2000060B5
:101040002001006010B5F14901200870F0A001F006
:1010500026FBF4A001F023FBBDE81040F5A001F051
:101060001EBB2DE9F0470C461646984600256060E9
:10107000F4496423B1F9002092FBF3F149B292FBE9
:10108000F3F703FB172252B200290DDA4942CBB223
:101090005142C9B24FF461625343C1EB011103EBFA
:1010A0008101401A60600AE0CBB2D1B24FF46162B4
:1010B0005343C1EB011103EB810108446060DFF889
:1010C00088A39AF8000070B1E048E149B0F8070041
:1010D0000988884207D3DF490988884203D86068B5
:1010E00000F5616060606068DB4AB0FBF2F102FB12
:1010F0001101A160B0FBF2F7E7604FF46162B1FB50
:10110000F2F0E075B1FBF2F002FB1011A4F8191037
:101110003C22B1FBF2F02076B1FBF2F002FB101999
:1011200084F81B9038462EF042FCCC4ACC4B2EF073
:10113000B0FB2EF076FC80B22082B8F1000F19D0FF
:1011400000F2B27189B240F2B552B7FBF2F28A07EF
:1011500014D06FF4B67202FB0072A2EB900212B2CE
:10116000A4F81520491E890702D0521CA4F81520A6
:10117000BC4A2DE000F26C7189B2E4E76FF4B671FD
:1011800001FB0071A1EB9001491C09B2A4F81510F4
:10119000B8F1000F02D1491CA4F81510B14A0C3265
:1011A00008E0133463882380535DC91A6180133CBF
:1011B0006D1CEDB2B4F915100029F2DC0CE013340B
:1011C00063882380535DC91A6180133C6D1CEDB2A6
:1011D000B4F915100029F2DCA574B8F1000F15D090
:1011E00000F2B270208286F80090207E7070E07D60
:1011F000B070E07CF070A07C7071207CA0F5FA608B
:10120000B0719AF800007072BDE8F08700F26C705F
:101210002082E8E72DE9F0418D4D002028808D4C9B
:101220002080924B904A93F86210491E05E0165CAC
:101230002F883E442E80401CC0B28142F7DC002043
:1012400093F86410491E05E0165C27883E4426800A
:10125000401CC0B28142F7DC13F8630F29880844B0
:10126000288098782188084420807848807900F583
:10127000FA60FAF7A2FA002805D02888401C2880D6
:101280002088401C2080BDE8F081FEB504460F4652
:1012900015461E460DF0B8FAE11B01EBC10100EB4B
:1012A00081006A4C6A4AB4F80710128891420AD346
:1012B000684A1288914206D8A91BC1EB4112C2EBC1
:1012C000012100EB01100123604A6949FFF7C9FEC3
:1012D000002220786178CDE901020091A378E278BC
:1012E0006179A079FAF70CFBFEBD10B56049086082
:1012F00046490C398860002A0DD1006A0FF020FAA7
:101300000023524A5A49FFF7ACFE5A49012008709F
:101310003E490420087010BD00B58DB03021DB209F
:101320008DF8040000228DF8052004208DF80600B9
:10133000FA208DF807008DF8082001208DF80900AB
:101340008DF80A208DF80B208DF80C208DF80D00FB
:101350000A2001AB02E01A54401CC0B28842FAD302
:1013600001A8FDF71DFC0DB000BD38B5274C0C3CA5
:101370006068002801D000228280080EC1F3074275
:1013800042EA0020020242EA1020ADF80000C1F358
:1013900007200A4660F31F22120260F31F2142EA6F
:1013A0001120ADF802004FF4F6416846FCF72AFD23
:1013B00060600120207038BD70472F4890F8F01011
:1013C000012902D011480078704790F8EF0008B169
:1013D000002070470420704770B5284C2078000723
:1013E00008D50A4D0C3D287820B10020FFF794FF66
:1013F000002028702078800707D521480022018826
:1014000020480068BDE870406FE770BD6C01006067
:1014100074696D652E77696E646F77732E636F6D77
:101420000000000074696D652E6E6973742E676F1D
:10143000760000006E74702E736A74752E65647584
:101440002E636E009203006061030060F817006075
:101450007002006072020060805101007B14AE4790
:10146000E1D376405E16040844160408B24C0460CA
:101470002EBD0160E003006036C00260AC00006079
:10148000B0000060C800006010B500206A4A012367
:1014900002EBC001CC7804B18B70401CC0B2642850
:1014A000F6D3664C94F84D00012802D1022002F0D8
:1014B0001AFF94F82A00092803D094F82800092874
:1014C00004D1BDE81040002002F00DBF10BD10B5E2
:1014D00001468A1E042A1DD2022906D0032909D0FA
:1014E00004290CD005290FD011E0AFF2B80001F0AB
:1014F00007F90CE0AFF2D40001F002F907E0AFF217
:10150000F00001F0FDF802E04D4801F0F9F84D4916
:101510000068086010BD2DE9FE4F484ADFF82891A9
:1015200092F84800022803D299F8F000012810D15F
:10153000464E3068401C3060454FDFF8188100256A
:10154000397841B14449884203D93D7088F8005048
:101550003560BDE8FE8FFFF730FF4FF0010A042829
:101560000FD098F8000003285ED230681421B0FB39
:10157000F1F301FB13000028EBD199F8F000C0B3A0
:101580004CE089F8F1A099F8F00078B93348017877
:101590004278CDE9011500928378C278417980794B
:1015A000FAF7AEF9FAF7A3F9FFF76EFF0DF02CF991
:1015B0002B4C2060010EAE2021F051F92068C0F3C1
:1015C0000741AD2021F04BF92088C0F30721AC2062
:1015D00021F045F92178AB2021F041F920682AF06B
:1015E0005DFDC9F8CA0088F8005087F800A0356092
:1015F000AFE7FFE792F84800FFF769FF1148C178AD
:10160000027841EA026142788078120442EA0020BE
:1016100001431448B0F90000FFF7A7FE98F8000056
:10162000401C88F8000094E7032004F0BBFA88F817
:10163000005087F800A08CE7D13B0460B24C0460F6
:101640004ABD01609E03006036C002600004006075
:10165000E2030060E303006000460500F817006045
:101660008C020060920300600021EB4801700122AF
:101670004270817001717047E7480121817000213B
:1016800001707047E4498878012801D101224A702D
:1016900070472DE9F04100210020E04A02F5B076C4
:1016A00005E0535C3354401C80B2491C89B2302899
:1016B00002D2535C002BF4D12F2802D90020BDE8C0
:1016C000F0813A213154401C80B20021D34A2032AB
:1016D00005E0535C3354401C80B2491C89B2302869
:1016E00002D2535C002BF4D130280AD04FF0000C0A
:1016F00006F800C00020002200210023C84DC94F79
:1017000028E00020DBE7000220445B1C9BB2521C57
:10171000D2B2032A1ED10022840C15F804804C1C7E
:10172000A4B207F80180C0F3053115F80180611CEF
:1017300089B207F80480C0F3851415F804804C1CA6
:10174000A4B207F8018000F03F00611C285C89B258
:1017500038550020402B02D2F456002CD3D13D2323
:10176000022A02D0012A16D027E00002820CAC5CCB
:101770004A1C92B27C54C0F305316C5C511C89B296
:10178000BC54C0F385102A5C481C80B27A54411CBA
:1017900089B23B5411E00204900C2C5C481C80B2CE
:1017A0007C54C2F305316A5C411C89B23A54481C2E
:1017B00080B27B54411C89B23B5407F801C0012020
:1017C0007DE7F0B587B098490888ADF818004988DA
:1017D000ADF81A10904CC7B20A342770020A627032
:1017E000CBB2A370090AE1708B4D8C4EE87860365D
:1017F000002804D0012821D002283DD053E0FFF773
:1018000048FFC0B1E178A2786078CDE90121834A30
:10181000009040322378854902F120002FF096F89D
:1018200080B2E88030447F4A81492FF08FF8E98800
:101830000844E88037E0002007B0F0BDFFF729FF3B
:10184000C0B1E178A2786078CDE90121734A0090B7
:1018500040322378774902F120002FF077F880B2E8
:10186000E88030446F4A74492FF070F8E9880844E2
:10187000E88018E00020DFE7CDE90172CDE903310F
:101880006648664A40300090A0F120036B49203042
:101890002FF05CF880B2E880304469492FF056F8A8
:1018A000E9880844E880E078A178CDE900105D4837
:1018B0006378227863A140302FF048F82881012016
:1018C000BAE738B5544C624D2078296801280ED00B
:1018D0004FF4FA72022826D003282BD0042821D1F5
:1018E0006069081A90421DD9BDE83840C4E65948DD
:1018F0000068020EC0F3074343EA0222130243EAE0
:101900001222ADF80020C0F30722034662F31F2322
:101910001B0262F31F2043EA1020ADF802000220F0
:101920002070616138BD6069081A9042FAD9BDE83B
:101930003840A1E6FFF745FF012128B104202070BF
:1019400028686061217138BDA17038BDF0B4049F72
:10195000314E7478012C39D10024DFF8C0C00CF16D
:10196000400C155D2DB10CF80450641CA4B2202C61
:10197000F7D30125202C23D00022DFF8A0C09C5CE7
:101980002CB10CF80240521C92B2202AF7D3202A24
:1019900018D00022214C2034BB5C23B1A354521C2C
:1019A00092B2202AF8D3202A0ED03161F07035701F
:1019B00000217170B170032808D9B570F0BC704770
:1019C000B570FBE7B570F9E7B570F7E7F0BC78E7FD
:1019D00011480078704770B51F4D0F4C28780007EC
:1019E0000BD52078042808D1207930B1002020714F
:1019F0000A48E1886030FDF7D3F82878410601D520
:101A000003212170800704D52078042801D1052006
:101A1000207070BD704770477401006068BD016040
:101A200076160408F8BE0160BA000060C8250408F4
:101A30009C24040854250408F82404083C260408BF
:101A40005824040825752E25752E25752E2575001C
:101A50003000006090010060AC00006010B52021F3
:101A600039482DF0B2FC3848202120302DF0ADFC53
:101A70003548202140302DF0A8FCBDE81040FFF78C
:101A8000F3BD08B501460020002906D0012908D081
:101A900002290AD003290CD00EE02CA000F030FE61
:101AA0000AE02EA000F02CFE06E030A000F028FE98
:101AB00002E032A000F024FE002811D0006800905F
:101AC0009DF803009DF800109DF8022000EB0160D6
:101AD0009DF80110090401EB022108442B494860DC
:101AE00008BD10B5FFF7C0FD284C2078FFF7C9FFEF
:101AF0000120607010BD38B5244C2078032821D017
:101B0000617801291ED120B1012805D0022806D014
:101B100007E01F49616004E01E49616001E01E4961
:101B200061600949084B403100911C492033064A45
:101B3000085C6168FFF70AFFFFF7A4FD012801D1E7
:101B40000020607038BD704748BF01607777772EFE
:101B5000333332322E6F7267000000007777772EB2
:101B600064796E646E732E636F6D00007777772EE5
:101B70006E6F2D69702E636F6D0000006E65776665
:101B800069726D776172652E636F6D008C01006004
:101B90000FB0B87675F80DCC6EE01708B7160408CC
:101BA00022490020087022490860704778B5007803
:101BB000C1B21E4890F90000C0F10202D20091406B
:101BC0001B4E34680C43346002282DD10020194A82
:101BD0006D4600EB4001490024FA01F3C3F305010F
:101BE00011542954192902DC4131115417E0A1F193
:101BF0001A03192B02D84731115410E0A1F1340314
:101C0000092B02D8091F115409E03E2902D03F29AF
:101C100003D004E02B21115401E02F211154401C6A
:101C20000428D6D30020306078BD00009C010060FD
:101C300098010060A40100600021FE480170C0F816
:101C4000021070472DE9F0470546FB4CFFF7A8FF4F
:101C5000642104F5FD702DF0B8FB28462DF0DCFB67
:101C60000246294604F5FD702DF096FB002504F58B
:101C7000FD702DF0D1FBC7B20326B7FBF6F006FBD3
:101C8000107048B104F5FD702DF0C6FBC01CB0FB10
:101C9000F6F000EB4000C7B200264FF00D084FF001
:101CA0000A09DFF898A326E0E24864383044FFF7D9
:101CB0007DFF9AF80000401C40B28AF8000003281B
:101CC00017D1642D04D104F8018B04F8019B002581
:101CD0000020DA490831C0F103028A5C04F8012BC4
:101CE000401CC0B20428F6D32D1DEDB200208AF8A6
:101CF0000000761CF6B2BE42D6D3CF48284410F876
:101D0000011C412907D110F8021C412903D13D21B2
:101D1000801E4170017084F8008084F80190AD1C31
:101D2000ECB2C749C988C8290AD14FF4E130FBF7A2
:101D300001FDC44A01211160BF49C3A02EF0F6FD88
:101D40002046BDE8F0872DE9F05F064688463078EA
:101D5000B178303800EBC00202EB001001EB8001DB
:101D600070786FF02F02303800EB800002EB4000FB
:101D7000084485B24FF4E130FBF7DCFCB1490120A7
:101D80000860AC4F334641463A78B2A02EF0CEFD03
:101D9000B8F1000F4CD038784C210D260A23A64A02
:101DA0004FF04F084FF020094FF0540C4FF0490B03
:101DB0004FF0030A022819D04FF0410A4FF0070EE6
:101DC000032837D00E2853D00F2863D00D2878D0A1
:101DD000011F032970D2394601F16A059C3104289C
:101DE0006BD005286AD0062869D0C5E0DC2D67D104
:101DF0004520107048205070917082F803800521B2
:101E000082F80490984C501D04E000F8015B641CBB
:101E1000491C89B22578002DF7D1481C80B2565450
:101E2000411C89B213548448FCF7BAFE87F800A01D
:101E3000BDE8F09FFA2DDAD182F800A0552050704D
:101E400082F802C04820D07082F80490517182F864
:101E500006804720D07182F808B04E2050729672EA
:101E60000C21D3727448FCF79BFE0E203870DFE71C
:101E7000B5F5A77FDCD17248C18A491CC1827A4876
:101E80006630FFF7DFFE01466B48FCF789FE0F2046
:101E90003870CDE7B5F5A77FCAD16948018B491CD9
:101EA00001837148A230FFF7CDFE01466248FCF77E
:101EB00077FE3E70BCE704E08AE033E048E055E09E
:101EC00080E0FA2DB4D0EB2D7CD14D20107082F83B
:101ED00001A082F802B0D17082F8049046215171BD
:101EE0005221917182F8078010723A2050723C2082
:101EF00090720B21BC1D50480B3004E000F8012B00
:101F0000641C491C89B22278002AF7D13E22027053
:101F100046708370C91C89B24748FCF741FE042013
:101F2000387085E797F8384024B1424C38340520A2
:101F3000387021E097F86A401CB12C4606203870B2
:101F40001AE097F89C40ECB30C4687F800E013E0E9
:101F500097F86A0018B12C46062038700CE097F804
:101F60009C0080B30C4687F800E005E097F89C00E1
:101F700048B30C4687F800E05220107043205070A0
:101F80005020907082F803C082F8049082F805C057
:101F900082F806803A20D0713C2010720921264830
:101FA000093004E000F8012B641C491C89B2227836
:101FB000002AF7D13E22027046708370C91C89B294
:101FC0001D4801E00AE029E0BDE8F05FFCF7E8BD4C
:101FD000072823D008285DD00B28A2D12249491F09
:101FE00081F83401512010705520507082F802B0F1
:101FF00082F803C01671537106210F48FCF7D0FD1B
:102000000C2038704FF4E130FBF794FB0D490120B0
:102010000860BDE8F05F15A02EF088BC4420107069
:1020200082F801A082F802C082F803A016715371F1
:10203000062129E006C20160A8BF01609C01006082
:102040007C5B046088012242656E636F64653A259B
:10205000730A00007263762025752C2025752C20CC
:1020600025730D0A00000000ADF1026073656E6417
:1020700020534D54505F53544154455F515549547A
:102080005F53454E540D0A00EB48FCF789FD0820CC
:102090003870CDE6B5F5B17FA0D109203870C7E61C
:1020A00010B50C46FF2C04D801462246E2482DF01C
:1020B00073F92146BDE81040DF48FCF771BD2DE9FA
:1020C000F05F0020DC4C46212170722161706F228C
:1020D000A2706D21E1704FF03A0B84F804B04FF01C
:1020E000200884F805804FF0220C84F806C00721F0
:1020F00004F25E26B31DE41D04E004F8015B5B1CE2
:10210000491C89B21D78002DF7D104F801CB04F8E1
:10211000018B4FF03C0904F8019BC91C89B2B31D27
:1021200004E004F8015B5B1C491C89B21D78002D9A
:10213000F7D14FF03E0A84F800A00D2767704FF0EA
:102140000A0E84F802E05423E3702271641D04F83F
:1021500001BB04F8018BC91D8BB200224AB1012AD0
:102160000ED096F89C1071B3B4490D4601280ED0DC
:1021700012E096F8381031B3B04964390D46F5E7EE
:1021800096F86A10F9B1AD4932390D46EEE72C20C8
:1021900004F8010B5B1C9BB284F800C0601C5B1C44
:1021A0009BB204E000F8014B491C5B1C9BB20C780D
:1021B000002CF7D100F801CB00F8018B00F8019B4F
:1021C000DB1C99B205E00DE000F8013B6D1C491CD9
:1021D00089B22B78002BF7D100F801AB0446491CDB
:1021E0008BB20120521CD2B2032AB7D32770754696
:1021F00084F801E09B1C5320A0707520E0706220E1
:1022000020716A2060716520A0716320E0717420E4
:102210002072093404F801BB04F8018B09331FFA5A
:1022200083F8142286A18A482DF0B6F888484FF02A
:10223000090908E05A2912D004F8011B401C08F1D2
:1022400001081FFA88F801780029F3D18048142288
:1022500080A132302DF0A0F87D4832300CE004F837
:10226000019B401CEBE75A2914D004F8011B401CC9
:1022700008F101081FFA88F801780029F3D12770C6
:10228000657008F102081FFA88F16B48FCF788FCBA
:102290003570CDE504F8019B401CE9E770B5724D3F
:1022A0006B4C287804F19604000706D5207809289D
:1022B00003D114216DA0FFF702FF2878800711D504
:1022C0006348C821C8382DF080F86B48694E016812
:1022D0005F483288C8382DF05FF85D483188C838CB
:1022E000FFF731FD2878C00710D020780A280DD1DB
:1022F00051480D2202700A2141702E238370C27052
:1023000001710521FCF74CFC0B2020702878400659
:1023100001D50220207070BD1CB5584C60680028A3
:1023200002D0407E002819D1C0208DF80000A820DE
:102330008DF8010000208DF8020026208DF80300A2
:102340004AF6C000ADF804004FF41850ADF806008E
:1023500045F6043101A8FBF7EAFC60601CBD7CB5C2
:10236000474C601D00F09BF9601D2DF055F80246AA
:1023700044A1601D2DF06FF8002630B1601D00F003
:10238000BFF90068C4F8010006E0C0206070A82012
:10239000A070E670072020713D4DE88864283ED18A
:1023A0002889401C2881EE804FF4E130FBF7C2F908
:1023B00038490120086020790090E378A27861789C
:1023C00035A02EF0B3FA2E491C4832222F31963810
:1023D0002CF0E2FF2A4919483222BC3164382CF033
:1023E000DBFF274915483222F83132382CF0D4FF70
:1023F000A078617840EA0120010241EA1020ADF89E
:1024000004002079E17840EA0120010241EA10202D
:10241000ADF806004FF4C85101A8FBF788FCE88826
:10242000C82808D122A0FFF70DFC68810FA0FFF794
:1024300009FCA881EE807CBDA8BF0160A2C201603A
:10244000656D61696C20746573740D0A000000008D
:1024500070C10160746869732069732061207465BC
:1024600073742121210D0A00AC000060746573743F
:1024700000000000B0000060C80000609C01006027
:10248000A8F102606C6F63616C686F737400000088
:102490007C5B046088012242736572766572203A23
:1024A00025752025752025752025750A000000005A
:1024B0007465737440746573742E636F6D000000EF
:1024C00010F8011B02E0401C491EC9B20029FAD1D4
:1024D00001780029F4D1401C704770472DE9F0477E
:1024E000A94D00262E70A94A4FF00108287800EB6C
:1024F000C00101EB401084182078012801D0022887
:1025000037D1022820D00220207084F80180A670E4
:102510009F4FD7F80090C9F80060C9F80460C9F867
:1025200008602878FBF74BFBA9F8000089F80280C7
:102530004FF48070A9F8040039680C31241D641C24
:102540000A46491C6E7022E06078401E10F0FF00C1
:1025500060700ED1A078401CC0B2A0700A2802D0D2
:10256000A0786070D4E7042020700021601DFFF780
:10257000B4FF2878401CC0B228700A28B6D3BDE842
:10258000F08701F8010B6878401C6870641C2078A3
:102590002E2801D00028F4D1687810702078002807
:1025A000CDD128690860287D08713868BDE8F047FA
:1025B000091A491DC9B2FCF7F3BA2DE9F041744F6D
:1025C0003C682088FBF7FBFA6F4EC0B2307100EB1D
:1025D000C0016E4A01EB40118D180A283DD22878BF
:1025E00002283AD103202870E07800F00F0028710B
:1025F00030B1042028700021681DBDE8F0416CE76F
:10260000A088FBF7DCFAB070E088FBF7D8FAF0702E
:1026100038680C30FFF754FF001D4FF4807719E045
:102620000178890901D0841C02E0FFF749FF0446C4
:102630002088B84206D16088B84203D12089B0F51D
:10264000806F0CD02089FBF7BAFA20440A30F17869
:10265000491EF170F1780029E2D1BDE8F08160896E
:10266000A5F82500A089A5F8270005F12501681D1A
:10267000BDE8F04131E710B546480068C088B0F5C4
:10268000545F0BD1444C2078000701D5FFF726FF9B
:102690002078800702D5BDE810408EE710BD70B5E8
:1026A0000146394D0020E871A8716871374B68798F
:1026B00000EBC00202EB4012D418227862B1E2783B
:1026C000AE7AB21AAE79B24201DDAA71E871401C4D
:1026D000C0B268710A28EAD368790A2806D1E87975
:1026E000687100EBC00202EB4010C418601D2CF0B2
:1026F000BFFE01202070A87AE070401CA87270BD57
:102700002DE9F0410746204D002028721F4E287AFF
:1027100000EBC00101EB401084192078032804D19C
:10272000611D38462CF07FFE38B1287A401CC0B2BB
:1027300028720A28EBD300208FE704F125008CE7EC
:102740001148C0680028FFD1704710B50E4CE168F1
:10275000002901D000228A804FF45451FBF752FB2C
:10276000E06010BD10B5084900234B72074A487A53
:1027700000EBC00404EB40141355401CC0B2487277
:102780000A28F4D310BD0000A8010060D4C2016083
:10279000C8000060D4000060AC00006010B50446C2
:1027A00017F004FBF14902280ED091F8230003280A
:1027B00020D004281ED007281CD00C281AD00828A6
:1027C00018D0EB48046010BD91F82300E9490328B4
:1027D0000AD0042808D0072806D00C2804D00A28DC
:1027E00005D0C1F8AC4110BDC1F8AC4110BDE24804
:1027F000046010BDE148046010BD38B502460846CB
:10280000062A15D0052A1DD0DD4C42B3092A36D040
:10281000DC4C012A43D0032A52D0DB4C022A60D080
:10282000042A71D00A2A7FD00B2A6CD0002038BD30
:10283000042801D3002038BDD44900EB40100844DF
:10284000153038BD082801D3002038BDC0EBC000CA
:10285000CF4900EB400001EB4000153038BD694620
:102860000FF049FA9DF80000802801D3002038BD00
:10287000C0EBC00101EB40102044153038BD694663
:102880000FF047FA9DF80000802801D3002038BDE2
:10289000C0EBC00101EB40102044153038BD694643
:1028A0000FF045FA9DF80000402801D3002038BD04
:1028B000C0EBC00101EB001004EB4000153038BD47
:1028C00069460FF042FA9DF80000402801D300202D
:1028D00038BDC0EBC00101EB001004EB4000153027
:1028E00038BD69460FF03FFA9DF80000402801D33B
:1028F000002038BDC0EB001000EB40002044153034
:1029000038BD01E010E024E069460FF03AFA9DF886
:102910000000402801D30020F2E7C0EB001000EBDC
:10292000400020441530EBE748B1012809D00228C7
:1029300009D0032809D0042809D096A0E0E798A080
:10294000DEE79BA0DCE79DA0DAE7A1A0D8E7A4A082
:10295000D6E708B18FA0D3E7A7A0D1E738B50246E4
:102960000846052A15D0062A1FD0854C32B3092AFD
:1029700033D0844C012A3FD0032A4DD0824C022A06
:102980005AD0042A67D00B2A76D00A2A79D00020A0
:10299000B6E7082801D30020B2E7C0EBC0007C49AD
:1029A00000EB400001EB4000AAE7042801D300201F
:1029B000A6E7764900EB40100844A1E769460FF00E
:1029C0009AF99DF80000802801D3002098E7C0EB19
:1029D000C00101EB4010204492E769460FF099F9DD
:1029E0009DF80000802801D3002089E7C0EBC001DA
:1029F00001EB4010204483E769460FF098F99DF8F9
:102A00000000402801D300207AE7C0EBC00101EBB1
:102A1000001004EB400073E769460FF096F99DF84B
:102A20000000402801D300206AE7C0EBC00101EBA1
:102A3000001004EB400063E769460FF094F99DF83D
:102A40000000402801D300205AE7C0EB001000EB43
:102A50004000204454E769460FF093F99DF80000C8
:102A6000402801D300204BE7C0EB001000EB4000F2
:102A7000204445E700E004E008B146A040E761A03B
:102A80003EE748B1012809D0022809D0032809D01F
:102A9000042809D03FA033E741A031E744A02FE745
:102AA00046A02DE74AA02BE74DA029E708B50A4626
:102AB000002809D0012855D0022854D0042853D02A
:102AC000032852D0002008BD694610460FF013F9C4
:102AD0009DF80000802801D3002008BDC0EBC00194
:102AE00001EB40112648014491F8260040B391F8CB
:102AF000231039B3012827D0022827D00B2827D04C
:102B00000C2827D00D2827D00E2827D0102827D012
:102B100011287FD012287ED013287DD004287CD0A5
:102B200005287BD008287AD0092879D0072878D0C2
:102B3000172877D0182876D0162875D05F2008BDC2
:102B40005F2008BD5F2008BD3E2008BD402008BDB5
:102B5000052008BD062008BD032008BD022008BDD1
:102B6000492008BD77E0A6E0C8E0CDE0B24C0460A3
:102B7000880122420000234280012142A08122429A
:102B80007AD00260511E0560112A0560C83F0360BB
:102B9000B837036072657365727665640000000083
:102BA00070616E656C206E756D626572000000006C
:102BB00064656164206D6173746572006C63642088
:102BC00074696D65206F66662064656C61790000CC
:102BD00064697361626C652069636F6E0000000058
:102BE0006C636420646973706C617920636F6E66D6
:102BF000696775726500000046414E204D4F44459F
:102C00000000000046414E204D4F4445205459508D
:102C10004500000009E00AE00BE00CE00DE00EE0EA
:102C20000FE010E011E012E013E0482008BD47205B
:102C300008BD462008BD352008BD362008BD2F2020
:102C400008BD302008BD242008BD1D2008BD60201F
:102C500008BD622008BD694610460FF068F89DF86F
:102C60000000402801D3002008BDC0EBC00101EBEB
:102C70000011F74800EB410090F8281089B190F856
:102C80002D0003280FD007280DD004280DD00828C8
:102C90000BD00D280BD013280BD00B2809D05F20A8
:102CA00008BD5F2008BD3E2008BD402008BD0220B1
:102CB00008BD052008BD694610460FF054F89DF880
:102CC0000000C0EB001000EB4001E248084490F91E
:102CD000280058B101280BD002280BD0052809D0B4
:102CE000042807D0062807D05F2008BD5F2008BD54
:102CF000052008BD622008BD022008BD402A01D37E
:102D0000002008BD5F2008BD402A01D3002008BD77
:102D10005F2008BD38B502460846CE4C022A0BD0CB
:102D2000042A16D0052A21D0062A2CD0CA4C72B308
:102D3000092A44D00020E3E569460FF014F89DF815
:102D40000000C0EB001000EB4000204490F826008B
:102D5000D6E569460FF015F89DF80000C0EB0010AD
:102D600000EB4000204490F82600C9E5082801D374
:102D70000020C5E5C0EBC000B84900EB400001EB06
:102D80004000C07FBCE5042802D30020B8E505E080
:102D9000B34900EB40100844C07FB1E569460EF02E
:102DA000AAFF9DF80000802801D30020A8E5C0EB11
:102DB000C00101EB4010204490F82200A0E56946D4
:102DC0000EF0A7FF9DF80000802801D3002097E5B2
:102DD000C0EBC00101EB4010204490F822008FE5C9
:102DE0002DE9F84F0C4615469E4FDFF86CB2DFF820
:102DF00060A2DFF87492DFF87482964E0B287CD2C2
:102E0000DFE800F0066B8059FCFBFA7B7B26F900BB
:102E1000694628460EF06FFF9DF80000C0EBC00128
:102E200001EB4010584490F8261019B190F8231087
:102E3000012902D00020BDE8F88FD0F81E0029F04B
:102E40002DF92CF095FDBDE8F84F89492CF0D7BC41
:102E5000694628460EF05DFF9DF80000C0EBC001FA
:102E600001EB4010584490F8261011B190F823203F
:102E70000AB10020DFE7A1F10C020A2A0FD91739A5
:102E8000072906D801EBC10202EB0111795C012987
:102E900005D090F8240001280AD00020CBE790F854
:102EA0002400012802D04FF07E50C4E70020C2E782
:102EB0004FF07E50BFE7694628460EF046FF9DF86A
:102EC0000000C0EBC00101EB00110AEB410191F8D9
:102ED0002D20E2B391F8280028B3694628460EF069
:102EE00026FF9DF80000C0EBC00101EB00110AEBCA
:102EF000410191F82D205AB300E059E191F82800E2
:102F0000012839D0694628460EF02DFF594801782E
:102F10005948007808449DF8001088424ED80F2C7C
:102F20003CD0484687E7A2F10C000A2811D9173A8D
:102F3000072A06D802EBC20000EB0210385C012819
:102F400007D091F8260001280CD0002073E70CE090
:102F50001DE091F82600012802D04FF07E506AE76C
:102F6000002068E74FF07E5065E7444931F81000D3
:102F7000BDE8F84F2CF005BDD1F81E0029F08EF801
:102F80002CF0F6FCBDE8F84F39492CF038BC3B4931
:102F900031F81000BDE8F84F2CF0F3BCC1EB011084
:102FA00000EB40003044D0F81E0029F077F82CF0F8
:102FB000DFFCBDE8F84F2E492CF021BC08EB811056
:102FC00050F8242048468242ACD0C1EB011000EBFF
:102FD0004000304490F82310D9B10CF06BF89DF804
:102FE0000050A84210D808EB8510214950F8240061
:102FF0002CF0D3FB03E0BDE0AFE09EE047E02CF017
:10300000FCFC1F4921F8150008EB851050F824003E
:1030100011E712F0FF4F01D0012100E0002190F9EB
:103020002800A0F10C020A2A0DD91738072806D863
:1030300000EBC00202EB0010385C012803D001292C
:1030400022D00020F7E601291CD04FF07E50F2E696
:10305000511E0560112A05607AD00260B8370360FE
:10306000C83F0360E2CB026000007F43B4680360A6
:1030700000007A449D0200609E02006036B8026043
:1030800036B902600020D6E64FF07E50D3E669469E
:1030900028460EF076FEFE480178FE48007801448E
:1030A0009DF80000814212D80F2C01D04846C2E69C
:1030B000C0EB001000EB40003044D0F81E0008B117
:1030C000012000E00020BDE8F84F2CF05ABC08EBCE
:1030D000801151F82410494501D14846ABE6C0EBB8
:1030E000001000EB4000304490F823200AB108465D
:1030F000A1E611F0FF4F01D0012100E0002190F97D
:103100002800A0F10C020A2A0DD91738072806D882
:1031100000EBC00202EB0010385C012803D001294B
:1031200008D0002087E6012902D04FF07E5082E6C9
:10313000002080E64FF07E507DE6C5EBC500D64905
:1031400000EB400001EB4000807F08B1012000E06F
:103150000020BDE8F84F2CF014BCD04905EB451019
:103160000844807F08B1012000E00020BDE8F84F4E
:103170002CF007BC3DB1CA49012D07D0022D0ED05D
:10318000032D11D10EE0C74800780DE091F85900E9
:10319000010602D500F07F0006E0002004E091F86F
:1031A0004F0001E091F85A00BDE8F84F2CF0E9BB60
:1031B000002040E6BC487047BC4B00EBC00003EB6E
:1031C000C00000EBC100805C704730B5ADF5197DE3
:1031D00001EBC104B64901EB041101EB021101EB53
:1031E00043056D788DF8005011F813108DF801101B
:1031F00000218DF802108DF80310AC4901EBC401D9
:1032000001EBC201C95CCDF8071009218DF8061049
:1032100040F2622269462CF0BFF80DF5197D30BDF1
:1032200010B5034600200022A04C03EBC30304EBBF
:10323000C30303EBC1018B5CFF2B01D0401CC0B268
:10324000521CD2B2082AF6D310BD2DE9F043994B97
:1032500001241C70984B1C741C760023DFF84CC2B0
:1032600000EBC006924F0CEBC60000EBC10007EB71
:103270000616FF2506EB01114AB901EB43067678E5
:1032800016B911F8136036B124EA0306C654C65CB9
:10329000FF2E02D00BE0C554F9E701EB4306767828
:1032A00016B911F81360BEB124EA0306C6545B1CBC
:1032B000DBB2082BE0D30023C25CFF2A46D001EB2F
:1032C000430811F8134098F80120C2EB021204EBF6
:1032D00082045A1CD2B237E00BB1C554E7E7CE786E
:1032E0000EB98E780EB10470E1E70570DFE710F8D3
:1032F00002C0BCF1FF0F25D001EB420711F81260AC
:103300007D78C5EB051506EB8506B4421AD925462E
:1033100034463C26B4FBF6F988F80190B4FBF6F984
:1033200006FB194901F81390B5FBF6F987F80190EF
:10333000B5FBF6F706FB175501F81250C55C00F80F
:1033400003C08554521CD2B2082AD0D35B1CDBB216
:10335000082BB1D3BDE8F08330B50025002401224D
:1033600021462846FFF771FF641CE4B2092CF6D30E
:103370006D1CEDB2082DF1D330BD00207047F0B5C3
:1033800000220021C0EBC00303EB00104B4B0127D0
:1033900003EB40060020755C07FA00F4254201D0DB
:1033A000521C92B2401C80B20828F5D3491C89B245
:1033B0002E29EFD3D0B2F0BDC0EBC00101EB00105D
:1033C0003E4901EB40002E212BF0FFBF70B5421C9F
:1033D00093B23B4E3B4DB279920708D01C226A70E3
:1033E0000022AC5C9C4205D21B1B9BB206E01D2256
:1033F0006A70F5E7521C8A70CB700C22521C92B294
:103400000C2AEED3B6F807200723824209D9101AF6
:1034100090FBF3F203FB12003279101AC01D80B248
:1034200007E0801A90FBF3F203FB1200327910449C
:1034300080B2B0FBF3F203FB1200401C0871B079BC
:1034400000F5FA60088070BD2DE9FC478246914680
:1034500000260025C1EBC10000EB011017494FF019
:10346000010801EB40070024785D08FA04F10842E6
:103470000AD0B14506D104EBC500401E80B26946B2
:10348000FFF7A4FF761CB6B2641CA4B2082C1BE0A4
:103490009D0200609E020060B8370360C83F036071
:1034A000B24C046067020060B4780360883D03603A
:1034B00008390360D6030060A4B503604C40036084
:1034C000F8170060AABB0260CED36D1CADB22E2DE2
:1034D000C9D30098CAF800009DF804008AF80400D7
:1034E000BDE8FC872DE9F8431C46FD4901250D7018
:1034F000FC4F002601281ED0DFF8EC8302287DD087
:10350000042816D1694610460EF03BFC9DF80010C9
:1035100040290ED23D70C1EB011000EB4000404449
:1035200080F823605F2C70D080F8285001220EF0C4
:1035300036FCBDE8F883694610460EF0F8FB9DF8AE
:1035400000004028F5D2E9495F2C07D1C0EBC0024A
:1035500002EB001201EB420282F82D603E2C08D1F2
:10356000C0EBC00303EB001301EB4303032283F81A
:103570002D20402C08D1C0EBC00303EB001301EB5E
:103580004303042283F82D20032C0ED1C0EBC0028C
:1035900002EB00120D2301EB4202233293721378E7
:1035A00003F00F0343F010031370052C10D1C0EB90
:1035B000C00202EB001201EB420202F123024FF0C3
:1035C00013039372137803F00F0343F03003137067
:1035D0000ED0032C0CD0C0EBC00202EB001201EBAA
:1035E000420212F8233F03F00F0343F0400313702D
:1035F0007D70C0EBC00202EB001001E008E004E0C7
:1036000001EB40000EF076FC93E780F828608DE730
:10361000694610460EF0A7FB9DF80010402988D29D
:103620003D70C1EB011000EB4000404480F8235096
:103630005F2C05D080F8285001220EF0B0FB78E70F
:1036400080F82860F8E72DE9F843014610461C464B
:10365000A34A01251570A34EA44FDFF88C92DFF822
:1036600090820A291CD2DFE801F061054A1C3387E9
:10367000971B1B7469460EF05AFB9DF8000040280A
:103680000ED27570C0EBC00101EB001007EB4000DB
:103690002168C0F815106168C0F819100EF02AFCF6
:1036A00047E769460EF051FB9DF800004028F7D22D
:1036B0007570C0EBC00101EB001007EB4000216802
:1036C000C0F815106168C0F819100EF013FC30E74F
:1036D00069460EF056FB9DF800104029E0D2357087
:1036E000C1EB011000EB400048442268C0F81520EF
:1036F0006268C0F8192001220EF051FB19E76946F3
:103700000EF031FB9DF800104029C9D23570C1EB95
:10371000011000EB400048442268C0F815206268A0
:10372000C0F8192001220EF03AFB02E769460EF0BC
:10373000E2FA9DF800008028B2D2B570C0EBC0015B
:1037400001EB40104044216840F8151F616841605A
:10375000EFE669460EF0DDFA9DF8000080289FD262
:10376000B570C0EBC00101EB40104044216840F847
:10377000151F61684160DCE6082891D23571C0EB05
:10378000C0005C4900EB400001EB4000216840F8BC
:10379000151F61684160CCE6042898D275715649BE
:1037A00000EB40100844216840F8151F6168416033
:1037B000BFE62DE9F84F0E4615461C46484901273D
:1037C0000F70DFF82091DFF834A1DFF834B1DFF8B3
:1037D00034810B2844D2DFE800F006AAFDE2FCFBAE
:1037E000FA434344F900694628460EF084FA9DF8EE
:1037F0000000802834D2C0EBC0013D4D01EB4010E9
:10380000284490F82310012917D190F8261011B9F7
:10381000032180F826103C4920462BF0BEFF2CF0F7
:10382000D3F828F03BFC01469DF80000C0EBC00235
:1038300002EB40102844C0F81E1089F8027032498B
:1038400020462BF0AAFF2CF0BFF828F027FC9DF8AB
:103850000010C1EBC10202EB41112944C1F81E0066
:1038600011E4694628460EF054FA9DF800008028BD
:10387000F6D2C0EBC0011E4D01EB4010284490F879
:10388000231061BB90F8261009B980F826701E49F4
:1038900020462BF082FF2CF097F828F0FFFB024621
:1038A0009DF80000C0EBC00101EB40104119C1F8C8
:1038B0001E2091F82600A0F10C020A2A28D91738F8
:1038C000072807D800EBC00202EB00120F48805C0B
:1038D00001281DD014F0FF4F23D0012022E023E067
:1038E000D6030060A4B50360112A0560511E05606F
:1038F0007AD00260B8370360C83F03609D02006061
:103900009E020060B468036000007A44E2CB02606B
:1039100014F0FF4F03D0002081F8240004E00120C0
:10392000FAE7002081F8240089F8027004E469466F
:1039300028460EF0FCF99DF800004028F6D289F8E0
:103940000170C0EBC001F94D01EB001005EB400028
:1039500090F82810012917D190F82D1011B90321E2
:1039600080F82D10F24920462BF017FF2CF02CF890
:1039700028F094FB9DF80010C1EBC10202EB01118D
:1039800005EB4101C1F81E009DF80000C0EBC0012D
:1039900001EB001005EB40000EF0ACFA09E46946BB
:1039A00028460EF0D2F99DF800004028F6D289F89A
:1039B0000170C0EBC001DD4D01EB001005EB4000D4
:1039C00090F8281049B190F82D1004E0DEE1CDE127
:1039D000B8E15EE035E171B33EE090F82D1009B931
:1039E00080F82D70D24920462BF0D7FE2BF0ECFF4B
:1039F00028F054FB02469DF80000C0EBC00101EB2B
:103A0000001005EB4001C1F81E2091F82D00A0F137
:103A10000C020A2A10D91738072807D800EBC00271
:103A200002EB0012C348805C012805D014F0FF4F60
:103A30000BD001200AE00CE014F0FF4F03D000206F
:103A400081F826001AE00120FAE7002081F826001C
:103A500014E0032180F82D10B54920462BF09DFE7F
:103A60002BF0B2FF28F01AFB9DF80010C1EBC10249
:103A700002EB011105EB4101C1F81E009DF80000A9
:103A8000C0EBC00101EB001005EB40000EF032FA74
:103A9000E6E6694628460EF074F99DF80050402D80
:103AA000F6D2012089F80000A34FBC4204D108EBF4
:103AB000851040F8267095E0C5EB0510DFF87C9284
:103AC00000EB400000EB090191F92800A0F10C0285
:103AD0000A2A16D91738072807D800EBC00202EBCC
:103AE00000129448805C01280BD09AF800009BF8E3
:103AF00000201044A8425CD914F0FF4F41D00120AF
:103B000040E09AF800009BF800201044A8421CD91D
:103B100014F0FF4F15D000202BF033FF08EB851178
:103B200041F82600284622F086FE60B100209DF86C
:103B30000010C1EB011101EB4101494481F825005E
:103B400050E00120E8E70120F1E704F0FF40002801
:103B500007D04FF0000081F8250005D14FF001009B
:103B600004E04FF00100F6E74FF000002BF009FFF2
:103B7000014608EB8510C1630F2E33D040F8267044
:103B800030E000202BF0FDFE08EB851141F8260007
:103B9000284622F050FE08B1012000E000209DF8E8
:103BA0000010C1EB011101EB4101494481F82500EE
:103BB00018E014F0FF4F01D0012000E0002081F850
:103BC00025000F2E03D008EB851040F8267014F066
:103BD000FF4F01D0012000E000202BF0D2FE08EBC7
:103BE0008511C8639DF80000544CC0EB001101EB37
:103BF00041012144002281F8232003F0B8F902F0AA
:103C00005DFD9AF800009BF8001008449DF8001034
:103C1000884207D8C1EB011000EB4000204401228C
:103C200080F82220C1EB011000EB4000204490F806
:103C3000282012B9012280F8282000220EF0AFF8C7
:103C40000EE6694628460EF08EF89DF800004028E2
:103C5000F6D289F80070C0EB0011384D01EB41013C
:103C6000294491F828200AB981F8287081F8237036
:103C70009BF800109AF800201144814216D908EBF5
:103C8000801141F8264021F04EF929492BF085FD9D
:103C90002BF09AFE28F002FA01469DF80000C0EBD6
:103CA000001000EB40002844C0F81E109AF80000F5
:103CB0009BF8001001449DF80000814228D8C0EB19
:103CC000001101EB4101294481F8227008EB8010BA
:103CD000C4630F2E02D0184940F82610144920461C
:103CE0002BF05BFD2BF070FE044628F0D7F99DF811
:103CF0000010C1EB011101EB41012944C1F81E0084
:103D0000204628F0CBF90E499DF8002021F812003A
:103D100002F0D4FC9DF800100022C1EB011000EB72
:103D2000400028440EF03BF89AE50000511E056063
:103D300000007A44E2CB026000007F43112A056054
:103D400036B9026089F80470FB4920462BF025FD46
:103D50002BF03AFE28F0A2F90146C5EBC500F74A60
:103D600000EB400002EB4000817779E589F80570AF
:103D7000F14920462BF011FD2BF026FE28F08EF99C
:103D8000EF4A05EB45111144887769E5ED4E012DA9
:103D90000DD0022D17D0032DC6D120462BF02DFEBD
:103DA00086F85A0081B2E0201EF059FD58E5204601
:103DB0002BF023FEC1B286F85910C7201EF04FFD2C
:103DC00002F07CFC4CE520462BF017FE86F84F00F5
:103DD00081B2D6201EF043FDDB49002008703FE58C
:103DE0002DE9F84F04468A461646D8480125057045
:103DF000DFF85C93DFF85C8377B2042C11D188F88C
:103E00000050694650460DF0BCFF9DF80010C1EB14
:103E1000011000EB4000484480F8227001220DF0B0
:103E2000BEFF022C11D188F80050694650460DF0B3
:103E30009AFF9DF80010C1EB011000EB40004844D0
:103E400080F8227001220DF0AAFFC34F092C0ED179
:103E500088F80250694650460DF05BFF9DF800005F
:103E6000C0EBC00101EB4010384480F82260002C08
:103E70000ED188F80250694650460DF03CFF9DF87F
:103E80000000C0EBC00101EB4010384480F8226014
:103E9000E6E42DE9F843014610461E46AB4A0124EC
:103EA0001470AC4DAD4FDFF8A892DFF8AC820A2950
:103EB00022D2DFE801F077055B223F9BAA2121890E
:103EC00069460DF034FF9DF80000802814D26C7014
:103ED000C0EBC00101EB001007EB4000152231469A
:103EE0002BF05AFA9DF80000C0EBC00101EB001066
:103EF00007EB40000DF0FEFF17E469460DF025FFCB
:103F00009DF800008028F7D26C70C0EBC00101EB77
:103F1000001007EB4000152231462BF03DFA9DF8CA
:103F20000000C0EBC00101EB001007EB40000DF0FA
:103F3000E1FF0DE469460DF024FF9DF800004028E4
:103F4000F7D22C70C0EB001000EB40004844132265
:103F500031462BF021FA9DF800100122C1EB01102F
:103F600000EB400048440DF01AFF04E469460DF0F0
:103F7000FAFE9DF800004028F7D22C70C0EB00102C
:103F800000EB40004844132231462BF005FA9DF81F
:103F900000100122C1EB011000EB400048440DF07D
:103FA000FEFE05E469460DF0A6FE9DF8000080289F
:103FB000F7D2AC70C0EBC00101EB401040441522B9
:103FC00031462BF0E9F997E769460DF0A2FE9DF81E
:103FD0000000802890D2AC70C0EBC00101EB401013
:103FE0004044152231462BF0D7F985E7082883D2C3
:103FF0002C71C0EBC000514900EB400001EB4000C8
:10400000152231462BF0C8F976E70428DBD26C7113
:104010004B4900EB40100844152231462BF0BCF907
:104020006AE74A4B01221A704A4B1A76014614225B
:104030004B482BF0B1B970B500224B4D00EBC000DE
:10404000484E05EBC005002306EB0010FF2405EBEE
:10405000C10500EB011000EB42014B7000F812307B
:10406000AC54521CD2B2082AF5D370BDF0B5DDE9CC
:104070000556364F01243C70364F3C74394C00EBEA
:10408000C00004EB001404EB011404EB42077B7046
:1040900004F81250344B03EBC00000EBC10086540F
:1040A000F0BD77B5294901250D702A494D742F4976
:1040B000BDF80430897901F5FA62934229D12C4B7D
:1040C000890709D01C21597000229DF80640641E02
:1040D0000B2C0BD8002107E01D215970F4E75E5C22
:1040E000324492B2491CC9B28C42F8DC9DF80710E8
:1040F000114489B2C0EBC00202EB00121D4800EB74
:10410000420000EBD10001F0070102788D402A4304
:1041100002707EBD10B5184840F2E53400880146B3
:10412000FF2866D02FDC022849D027DC002860D089
:10413000012834D135E0000000007A44B83703602C
:10414000C83F0360B24C04606D020060D60300609B
:10415000112A0560A4B503607AD00260511E056083
:10416000B478036008390360883D0360F817006085
:10417000AABB02604C400360BE01006003282BD044
:1041800094280CD135E0A0F54070E53817D00A2806
:1041900007D0D12820D0A0F57C401A3829D0084675
:1041A00010BD1422F7A1FB482BF0F6F8F9481422B1
:1041B000F9A114302BF0F0F840F2EF3010BD1422CA
:1041C000F7A1F4482BF0E8F8F2481422F7A11430D4
:1041D0002BF0E2F8204610BD1422F7A1ED482BF099
:1041E000DBF8EC481422F9A114302BF0D5F8204666
:1041F00010BD1422F8A1E7482BF0CEF8E5481422B0
:10420000F9A114302BF0C8F8942010BDE148704794
:10421000E0481430704710B5F74B01225A7601463A
:104220001422DC482BF0B8F8BDE810400BF02BBA94
:1042300010B5F14B01225A760146D64814221430AB
:104240002BF0AAF8BDE810400BF01DBA10B50446DB
:10425000E1B2AF20F6F73BFB210AE120F6F737FB8E
:10426000002C0CD0FF2C0AD0A4F57F40FF3806D0DC
:10427000012C04D0022C02D0C648801E048010BD40
:10428000DE4948727047DD48407A002800D001209E
:104290007047DB4902680A6002790A71D74AC3781D
:1042A000D370837853710379137100783C38C0B2AE
:1042B000907100F5FA600880D249012008707047BB
:1042C000D14902680A60CD4902788A7042784A7002
:1042D00080780870CB49012008707047CB48B0F94E
:1042E0000000704770470EB5C5490A680192097908
:1042F0008DF80810C44909680091022811D1C44AF8
:1043000001211170C3498A8E521C8A86C24A00213B
:104310001170C24A052111700246694601A827F0B2
:10432000BBFB0EBD70B503460C461046BC4A0121CE
:104330001170B14A5176BB49BB4E042B09780FD09E
:10434000022B66D10C4446F824002BF056FBB749EB
:1043500021F81400E0B2BDE87040002102F004BA78
:104360008C4256D246F82400C4EB041101EB410202
:10437000AF49551895F82310A1BB95F92810A1F164
:104380000C020A2A0FD91739072907D801EBC102F5
:1043900002EB0111A74A515C012904D010F0FF4F34
:1043A00015D0012014E010F0FF4F0CD000202BF0AE
:1043B000E8FA46F82400204622F03DFA28B1002011
:1043C00085F8250012E00120F1E70120F8E7002040
:1043D0002BF0D7FA46F82400204622F02CFA10B130
:1043E000012001E00FE0002085F8250095F8250068
:1043F00028B14FF47A7120460AF074FD03E00021E1
:1044000020460AF06FFD2046BDE87040002102F012
:10441000ABB970BD834A844B0428127803D0881846
:1044200053F8200070479142FCD253F821007047A6
:1044300030B50021002200207F4B1B7813E0C0EB39
:10444000C0047E4D04EB001405EB440494F82840AE
:10445000012C0FD07A4CA05404F500742254521C45
:10446000D2B2401CC0B29842E9D376480170764877
:10447000027030BD724C403C605404F5007421540D
:10448000491CC9B2EDE730B50021002200206F4B76
:104490001C7813E0C0EB0013654D03EB43032B4482
:1044A00093F82330012B10D0654B8033985403F5DB
:1044B00000731A54521CD2B2401CC0B2A042E9D3BD
:1044C000634801706348027030BD5D4B40335854FF
:1044D00003F500731954491CC9B2EDE770B500210A
:1044E000002200205C4DC0EBC00303EB40132B44C3
:1044F00093F826405CB193F82360012E07D1504E0B
:10450000C036705406F500763154491CC9B24CB11E
:1045100093F8233033B9514B985403F500731A5470
:10452000521CD2B2401CC0B28028DCD34C4801706F
:104530004C48027070BDF0B5024600203E4B434C23
:104540003E4F1B783A4E2478434D062A18D2DFE8B6
:1045500002F003B2C68B9FDC00220FE0C2EBC20464
:1045600004EB021407EB440494F82840012C03D117
:104570008A4206D0401CC0B2521CD2B29A42EDD33D
:10458000D7E0D8E04E4554495820436F6E74726F9F
:104590006C730000C00100604E4343420000000005
:1045A0004A6574436F6E74726F6C73004A65742051
:1045B00050726F64756374004E6577726F6E20532E
:1045C0006F6C7574696F6E73000000004E657772D2
:1045D0006F4E6F646500000054656D636F436F6ECE
:1045E00074726F6C7300000054656D636F205072BD
:1045F0006F64756374000000A4B50360F817006071
:1046000094020060E0030060990200609203006081
:10461000010300607C5B04600A0300600303006028
:10462000D60300609D02006034AF036036B90260BB
:10463000112A0560E2CB0260E9020060511E0560AC
:10464000B0C40160A0040060DD040060EA02006004
:10465000A1040060DF0400607AD00260F0C5016050
:10466000A2040060DE04006000220EE0C2EBC2047F
:1046700004EB021407EB440494F828401CB98A4266
:1046800059D0401CC0B2521CD2B29A42EED350E074
:1046900000220DE0C2EB021303EB4303334493F813
:1046A00023301BB98A4246D0401CC0B2521CD2B241
:1046B000A242EFD33DE000220EE0C2EB021303EB77
:1046C0004303334493F82330012B03D18A4232D081
:1046D000401CC0B2521CD2B2A242EED329E000224A
:1046E000C2EBC20303EB42132B4493F826403CB1C8
:1046F00093F82330012B03D18A421CD0401CC0B256
:10470000521CD2B2802AEBD313E00022C2EBC203C8
:1047100003EB42132B4493F8264034B193F8233033
:104720001BB98A4207D0401CC0B2521CD2B2402AE8
:10473000ECD34FF0FF30F0BDF0B50022FC4BFE4C47
:10474000FA4F1B78FB4E2478FC4D06287ED2DFE81A
:1047500000F0033F53182C6900200FE0C0EBC004A9
:1047600004EB001407EB440494F82840012C03D117
:104770008A426DD0521CD2B2401CC0B29842EDD3D6
:1047800064E000200EE0C0EBC00404EB001407EB73
:10479000440494F828401CB98A4259D0521CD2B221
:1047A000401CC0B29842EED350E000200DE0C0EBB8
:1047B000001303EB4303334493F823301BB98A42BD
:1047C00046D0521CD2B2401CC0B2A042EFD33DE052
:1047D00000200EE0C0EB001303EB4303334493F8D7
:1047E0002330012B03D18A4232D0521CD2B2401C5A
:1047F000C0B2A042EED329E00020C0EBC00303EB1F
:1048000040132B4493F826403CB193F82330012BFE
:1048100003D18A421CD0521CD2B2401CC0B28028A4
:10482000EBD313E00020C0EBC00303EB40132B4499
:1048300093F8264034B193F823301BB98A4207D04D
:10484000521CD2B2401CC0B28028ECD34FF0FF30D3
:10485000F0BDBB49085C40280FD2C0EBC00101EBA2
:104860000010B24901EB400090F82D00401E0A28CC
:1048700001D800207047012070470020704710B514
:10488000002240281DD2401EA84BC0EBC00404EB00
:10489000001003EB400049B190F82D104B1E0A2B7D
:1048A0000FD80B3180F82D10012010BD90F82D107D
:1048B000A1F10C030A2B04D80B3980F82D1001202C
:1048C00010BD104610BD9E498031085C40280ED2B4
:1048D000C0EB0010974900EB4000084490F9280015
:1048E000401E0A2801D80020704701207047002090
:1048F0007047002240281CD2401E8E4BC0EB001097
:1049000000EB4000184449B190F928104B1E0A2BC7
:104910000FD80B3180F828100120704790F928102B
:10492000A1F10C030A2B04D80B3980F828100120C0
:104930007047104670478349085C80280ED2C0EB50
:10494000C00101EB40107D49084490F82600401E4C
:104950000A2801D8002070470120704700207047C6
:1049600010B5002280281CD2401E744BC0EBC0043E
:1049700004EB4010184449B190F826104B1E0A2B46
:104980000FD80B3180F82610012010BD90F82610AA
:10499000A1F10C030A2B04D80B3980F82610012052
:1049A00010BD104610BD2DE9F04100250024C0EBDC
:1049B000C00101EB0010644901EBC007C4EBC40067
:1049C00000EB041038440646401C2AF025FD38B19F
:1049D000701C2AF021FD142802D86D1CEDB200E0F5
:1049E0000824641CE4B2082CE8D35448C0F82A53C5
:1049F0002846BDE8F08110B5C0EBC00202EB001202
:104A0000514800EBC200C1EBC10202EB0111441896
:104A1000601C2AF001FD002805D0601C2AF0FCFC77
:104A2000142800D8601C10BD704746498031085CCE
:104A3000C0EBC00101EB00123C4901EB4201434ACB
:104A4000D1F81E1052F82030994203D042F82010BD
:104A5000012070470020704710B5014600203C4AF5
:104A6000515CC1EBC10202EB4113344A1A44394B89
:104A7000D2F81E2053F82140A24202D043F8212050
:104A8000012010BD10B50446A1B2A3201DF0E7FE21
:104A9000C4F30721A4201DF0E2FEC4F30741A520C2
:104AA0001DF0DDFE210EBDE81040A6201DF0D7BE92
:104AB000294A1078002804D02849088810B1401EDF
:104AC0000880704700201070704701469D201DF03F
:104AD000C6BE00B585B0042802D021A005B000BD37
:104AE000142168462AF071FC1F4842780078694614
:104AF000012A03D0022A0BD01CA0EFE71DA21288C6
:104B0000ADF800200A22891C1EF0D2FF6846E5E7B6
:104B100019A21288ADF8002052228DF802200A2234
:104B2000C91C1EF0C5FF6846D8E70000511E05608D
:104B3000E9020060112A0560EA0200607AD0026092
:104B4000B0C40160F0C5016054AC036070C801607E
:104B500070C7016070C90160E1030060F403006088
:104B60006572726F7200000034C102606E756C6C09
:104B700000000000494E0000564152002DE9F04768
:104B8000042802D00020BDE8F0879D4E08789B4B9A
:104B9000DFF870C2B6F8014196F8035101276FF0B3
:104BA0002F08492804D191F80190B9F14E0F02D095
:104BB000562825D04FE086F8FF70887830380928CD
:104BC0000CD8C978A1F13009B9F1090F06D800EB6A
:104BD000800008EB40000844C2B202E0092800D877
:104BE000C2B20AB186F8FE208548D0F8FD0043F82D
:104BF0005B0F9C809D718CF819700AF044FD2AE0CF
:104C00004878412827D18878522824D1022086F874
:104C1000FF00C878303809280CD80979A1F130098B
:104C2000B9F1090F06D800EB800008EB40000844FA
:104C3000C2B202E0092800D8C2B20AB186F8FE204A
:104C40006F48D0F8FD0043F85B0F9C809D718CF895
:104C500019700AF018FD012095E7F0B5ADF25C6D12
:104C600005460E460024CDF84C46CDF85046CDF80A
:104C70005446CDF858464FF41871FBA82AF0A5FB0E
:104C80004FF4F07183A82AF0A0FB4FF48270ADF8C6
:104C90004C060127CDF84E7637208DF804008DF8AC
:104CA000054073208DF806008DF807508DF80860D8
:104CB00030208DF809008DF80A405349072008700C
:104CC000701B401C00EB40004FF6FF7101EA001220
:104CD0004E4802804E490DF10B002AF05DFBFBAA05
:104CE00001A9062022F021FBFBA983A822F006F8E7
:104CF00083A9CDF85216CDF85606464807704649A6
:104D0000C88E401CC8864548047045490520087077
:104D10007EA800F0A2FC02220DF24C617EA825F0D4
:104D20006BFE0DF25C6DF0BD30B5ADF25C6D05460D
:104D30000024CDF84C46CDF85046CDF85446CDF879
:104D400058464FF41871FBA82AF03FFB4FF4F0715E
:104D500083A82AF03AFB00944FF48270ADF84C0619
:104D60000120CDF84E0607208DF804008DF805408F
:104D70005E218DF806108DF807408DF808400A2155
:104D80008DF809108DF80A401F4908701F480480EB
:104D9000FBAA01A9062022F0C8FAFBA983A821F0EA
:104DA000ADFF83A9CDF85216CDF856061D48007800
:104DB00018B1601E0DF25C6D30BD1B4902200870F9
:104DC0001A49032008702B20454319482844194DDF
:104DD000417A297000687EAA694620F0D6FD164CFB
:104DE00050B12878401EFE2806D200220DF24C61F8
:104DF0007EA825F001FE20702078DBE7B24C04602D
:104E000036C00260A4B50360520200605802006020
:104E1000AACC0260010300607C5B04600A030060AE
:104E2000030300605702006056020060CE07006076
:104E3000889B0360A60700604C030060FD49088062
:104E40007047FC49103108607047FA494860704764
:104E500038B50020FFF7F9FF0020FFF7F2FFF64C0E
:104E60002088FFF7EBFF2088010241EA102080B282
:104E7000F9F72FF84FF0FF32042168462AF09EFA26
:104E800034F84909010241EA102081B26846F8F776
:104E9000B9FF002805D0B4F849100A0242EA1121EE
:104EA000818038BDF0B587B0E44EE24D3078000720
:104EB00021D5E34F3868A860E968401A32281AD330
:104EC000E04CE14920780A7890420FD20A280DD2AE
:104ED00040F22D114843DD4901EB4000B0F8581273
:104EE000F9F75EFE2078401C207002E00020207060
:104EF00008703868E860307880071AD5D448A8610F
:104F0000D44CD549228809682AF046FA208868805E
:104F10000120009000234FF41672CD4902A823F01F
:104F20000BFF0246002A04D00123C94902A825F03C
:104F300027FA07B0F0BDBF4840687047BD484068D9
:104F4000401C00D001207047BA48103000687047FC
:104F5000B849143108607047C049020E0A70020C4B
:104F60004A70020A8A70C870B2480088020A0A7140
:104F700048717047AF48143000687047AD480088EA
:104F800070470023002805D050F8013F0B6080884F
:104F900010800623184670472DE9F047ADF5247DB3
:104FA0000446AC9E91461D464FF0000ACDF878A20B
:104FB0004FF41E78414668462AF007FAA84F9D49EB
:104FC000387848B9012E07D14868002804DA002053
:104FD0000DF5247DBDE8F08781208DF800000220CA
:104FE000ADF880022089A0F57F42FF3A09D008B1D0
:104FF000A07A30B1207820B106280CD04FF0FF30D5
:10500000E6E78C48143000689F9008889E900B203B
:105010008DF8010007E09EAA9FA92046FFF7B1FF87
:105020000A208DF801009F98A190BDF87802ADF894
:105030008202CDF888A2CDF88CA2281D81B2EA4662
:105040000DF1020023F0DAF8841C0AEB04002A4672
:1050500049462AF0A1F92C44012E08D1387860B1D4
:10506000224669467F482AF097F97F4804804146E6
:1050700068462AF0AAF92046AAE721466846F9F7C9
:105080008FFDF4E738B50D461346784801240470C7
:105090007748428E521C4286764900200870764935
:1050A00005200870801FFFF757FF00212A46084699
:1050B0000094FFF771FF38BD2DE9F047ADF5267D6F
:1050C000044691461F464FF00008CDF880824FF409
:1050D0001E76314602A82AF078F981208DF8080062
:1050E0000220ADF888022089524DA0F57F41FF399A
:1050F0000BD008B1A07A40B1207830B106280ED08C
:105100004FF0FF300DF5267D64E74A481430006803
:10511000A1902888A0900B208DF8090007E0A0AA94
:10512000A1A92046FFF72DFF0A208DF80900A198BC
:10513000A390BDF88002ADF88A02CDF89082CDF838
:105140009482381D81B20DF1080A0DF10A0023F096
:1051500055F8841C0AEB04003A4649462AF01CF92B
:105160003C444248007898B3E86908B1A0F804804C
:1051700041490520087039484178027841EA022106
:105180000A0242EA1121ADF80410C178827841EA9E
:1051900002210A0242EA1121ADF806104179007994
:1051A00001EB0020C0F3072141EA002081B201A8F1
:1051B000F8F728FEE86110B144F29C518180224644
:1051C00002A92E482AF0E8F82C48A0F8584204E03A
:1051D000FFE721462A48F9F7E3FC314602A82AF006
:1051E000F4F820468EE72DE9F047ADF5267D04461C
:1051F00091461F464FF00008CDF880824FF41E768E
:10520000314602A82AF0E1F881208DF8080002203A
:10521000ADF888022089074DA0F57F41FF3932D0D3
:1052200008B1A07A70B3207860B3062834D04FF06C
:10523000FF3067E7E8010060FB4C0460AC000060F1
:10524000300000605D0100605C010060AAA50160A3
:10525000E6CC0160B0000060C8000060320300606E
:105260009204006092CE0460980400600103006024
:105270007C5B04600A030060030300609A2A0160FB
:1052800070CA0160FFE7FE480068A1902888A090DE
:105290000B208DF8090007E0A0AAA1A92046FFF77E
:1052A00070FE0A208DF80900A198A390BDF8800235
:1052B000ADF88A02CDF89082CDF89482381D81B283
:1052C0000DF1080A0DF10A0022F098FF841C0AEB88
:1052D00004003A4649462AF05FF83C44E948007821
:1052E000B8B3286A08B1A0F80480E749052008701F
:1052F000E6484178027841EA02210A0242EA112195
:10530000ADF80410C178827841EA02210A0242EA2B
:105310001121ADF806104179007901EB0020C0F3AE
:10532000072141EA002081B201A8F8F76BFD28624D
:1053300030B1D749B1F849100A0242EA11218180FF
:10534000224602A9D3482AF027F8D248A0F85842AA
:1053500004E0FFE72146D048F9F722FC314602A8D5
:105360002AF033F82046CDE62DE9F04790B080468C
:105370000D46174600260F960B960C960D960E9628
:105380000796089609960A96039604960596069639
:10539000002402960196DFF804A3B94A9AF80000A7
:1053A000143A002806D1012B04D15168002901DAF2
:1053B00010B00FE651889561012B04D118B900296E
:1053C00001DC0020F4E72978812900D090B195F81C
:1053D00001900FA9A81C22F016FF0C96ADF82E60C4
:1053E0000896ADF81E600496ADF80E609AF80000BD
:1053F00010B108E00020DBE7A9480068C188ADF8DB
:105400002E1000680C90BDF83C00001F81B20F9177
:10541000A448B9F10C0F0FD2DFE809F0060F22F40F
:1054200031748DF49CAABDE001A9281D22F0EBFE89
:105430009D49BDF804000870E4E0007840B1281DE3
:1054400023F09AF830B100210BA823F0ABF905E066
:105450000F96D7E010210BA823F0A4F90F96D1E006
:10546000007850B10BA823F0B3F9002803DC202109
:105470000BA823F097F90F96C4E00F96C2E00078CE
:1054800088B307A98A1C08A9281D23F012F8BDF8C3
:105490003C00801F0F900BA823F0BCF905F10A090E
:1054A00060B1FFF767FD0490FFF768FDADF80E00EF
:1054B000BDF83C20494603A823F013F8089804904F
:1054C000BDF81E00ADF80E00BDF83C20494603A80B
:1054D00023F02FF903A9404622F0B8FFBDF83C00A5
:1054E000B84208D30CE0FFE70F968BE02819807ACA
:1054F0002855641CA4B2BDF83C008442F6D381E078
:105500000F967FE0007870B102A9281D22F07BFE83
:10551000BDF808100BA823F05BF830B100210BA8F0
:1055200023F040F905E00F966CE030210BA823F042
:1055300039F90F9666E0007850B10BA823F059F9BD
:10554000002803DC40210BA823F02CF90F9659E02A
:105550000F9657E0281D23F06FF820B100210BA80B
:1055600023F020F94EE050210BA823F01BF949E06D
:105570000A46291D0BA823F0C1F8BDF83C20291DBF
:105580000BA823F082F8BDF83C20291D0BA823F0BE
:10559000D0F80F9636E0FFF7D7FC0C99884207D178
:1055A000FFF7ECFCBDF82E10884201D10F9629E0E0
:1055B0000BA9404622F04AFFBDF83C00B84205D393
:1055C0000AE0281900792855641CA4B2BDF83C00F3
:1055D000001D8442F5D315E00F9613E00BA9404659
:1055E00022F034FFBDF83C00B84205D309E0281989
:1055F00000792855641CA4B2BDF83C008442F6D35F
:1056000000E00F96BDF83C00D2E62148B0F8420019
:10561000704730B500281CD006240470184B143B8A
:105620001969C0F801101988A0F80510184AB2F8D5
:1056300042100181B2F84210A1F57F45FF3D09D02B
:1056400041B18472D2F80F10C0F80B109988A0F8FD
:105650000F1030BD0021817230BD002100282AD0FA
:1056600006220270064A143A5369C0F801301288C3
:10567000A0F805204FF6FF7202810022827215E029
:10568000FC01006002030060540300604E030060F0
:10569000B24C0460F42C016070CA01609204006096
:1056A000D400006063030060EC0400604318DA7209
:1056B000491C0729E3DB70472DE9FF5FDDE90EA6F2
:1056C000DDE91075894693469846002D53DB05EBBE
:1056D0000510FF4900EB400001EB40046621204625
:1056E00029F073FE022084F863000120E07184F841
:1056F000655084F858B009F087F826F0CFFCC4F85C
:105700000E003A20A07484F85790F2480188A4F85B
:105710005510491C018084F80B80009829F07CFE0C
:10572000A07404F11300009929F0A2FEBAF1000F51
:1057300002D0FF2084F8590066B104F1590100201D
:1057400004E03A5C01F8012B401C00B2B04201DADF
:105750000528F6DB002084F86300DF490878401C48
:10576000C0B20870102801D910200870DB490888E1
:10577000401C088001E04FF0FF356D1C04B028B2DA
:10578000BDE8F09F2DE9F0470646DDF8209017466A
:105790009846CF4C0025E079012807D0A07A70B355
:1057A0000020A0726D1C28B2BDE8F08794F8580064
:1057B000B8421AD1B8F1000F08D0B4F85500B6F9C4
:1057C0000010884211D16D1C28B2EDE7207A60B933
:1057D000304629F021FE94F91210884205D1314655
:1057E00004F1130029F01FFE30B166346D1C2DB298
:1057F000102DD0DB0020D7E76D1C28B2D4E7FFE7DF
:10580000A9F800500020CFE72DE9F04F85B00EAD8C
:105810008046E0CD894692469B464FF0FF34049483
:1058200004A800900023524649464046FFF7AAFFCD
:10583000002803DD204605B0BDE8F08FBDF910401B
:10584000002C0DDB8DE8E0005B46524649464046A1
:105850000394FFF731FFA248017841F00101017084
:10586000BDF81000401C00B2E5E72DE9F04FB7B0DD
:10587000002400250026A14600209A4A4FF0010886
:10588000C0EBC00101EB001102EB410191F92310C3
:10589000CB0707D009F1010909F0FF0908FA00F167
:1058A0000D4306E0890704D5761CF6B208FA00F12C
:1058B0000C43401CC0B22028E2D3C82105A829F01F
:1058C00084FD2C274FF0200BB9F1000F7ED04F2024
:1058D0008DF8140070208DF8150065208DF81600E5
:1058E0006E228DF817208DF818B063208DF81900FE
:1058F00069208DF81A0072218DF81B1063218DF834
:105900001C1075214FF00A0A8DF81D108DF81E002D
:1059100074208DF81F008DF820B06F208DF82100C5
:105920008DF822208DF823B049208DF824004E20D8
:105930004FF0120C8DF82500002008FA00F12942E2
:105940002DD0092810D2411CB1FBFAF20AFB121229
:1059500005AB30320CF10101C9B203F80C204A1C2E
:1059600002F0FF0C5F541AE0431CB3FBFAF905AADE
:1059700009F130090CF10101C9B202F80C90B3FB36
:10598000FAFC0AFB1C33303301F1010C0CF0FF0967
:10599000535409F1010101F0FF0C02F80970401C99
:1059A000C0B22028C9D3BCF13A0F01D94FF03A0C4C
:1059B00005A9002001F80C004C4A4D4B4A4992F9C8
:1059C000002093F90030CDE9003200E00DE0CDE990
:1059D000021048480023FF21027805A8FFF714FFB2
:1059E000C0B210B1444880F80080C82105A829F051
:1059F000ECFC002E6AD053208DF8140068208DF83E
:105A000015006F218DF8161072208DF81700742084
:105A10008DF818008DF819B063228DF81A206922CC
:105A20008DF81B2072238DF81C3063230A258DF816
:105A30001D3075238DF81E308DF81F208DF8200045
:105A40008DF821B08DF822106E208DF823008DF88E
:105A500024B049208DF825004E2113208DF8261002
:105A6000002108FA01F2224225D009290DD24A1C50
:105A7000B2FBF5F305FB1323303305AE421CD2B263
:105A80003354501CC0B2B75415E04A1CB2FBF5FCAD
:105A9000134605AE0CF1300C421CD2B206F800C021
:105AA000B3FBF5F005FB10303030531CDBB2B054C3
:105AB000581CC0B2F754491CC9B22029D1D33A2886
:105AC00000D93A2005AA0021115417E02EE0000069
:105AD000A2C3026074020060640200607C02006085
:105AE000A0020060511E0560CB020060CA02006087
:105AF000C9020060A1020060C8020060DB4ADC4B02
:105B0000D94892F9002093F90030CDE90032CDE96F
:105B10000201D8480023FF21027805A8FFF774FE90
:105B2000C0B2002802D0D44880F8008037B083E6A5
:105B3000F0B5B7B004460E4615461F46C82105A865
:105B400029F043FC3CB33B463246CCA105A8009566
:105B50002AF0FCFE05A829F05FFC00213A2801D9B3
:105B60008DF84E10C14AC24BBF4892F9002093F9FC
:105B70000030CDE90032CDE90201BE480023FF210B
:105B8000027805A8FFF740FE002802DDBA4901208F
:105B9000087037B0F0BD3B463246C1A105A82AF0D7
:105BA000D5FED7E710B5B6B00446C82104A829F041
:105BB0000CFC012C2ED0022C31D0032C34D0042C20
:105BC00037D0052C3AD0072C22D1C1A104A82AF045
:105BD000BDFE04A829F020FC00213A2801D98DF847
:105BE0004A10A24AA24BA04892F9002093F9003033
:105BF000CDE90032CDE902019E480023FF21027861
:105C000004A8FFF701FE002802DD9B49012008706F
:105C100036B010BDB4A104A82AF098FED9E7BBA104
:105C200004A82AF093FED4E7BEA104A82AF08EFEB1
:105C3000CFE7C2A104A82AF089FECAE7C64903201B
:105C40000870C64981F8C200C5A104A82AF07EFEEA
:105C5000BFE730B589B004460D46142104A829F0E9
:105C6000B4FB24B1012C08D0022C0CD010E02A4641
:105C7000C0A104A82AF06AFE0AE02A46C4A104A82A
:105C80002AF064FE04E02A46C8A104A82AF05EFEB9
:105C900004A829F0C1FB0021744A754B724892F99F
:105CA000002093F90030CDE90032CDE902017148BE
:105CB0000023FF21027804A8FFF7A6FD002802DDDB
:105CC0006D490120087009B030BD2DE9F0418046D2
:105CD0000E461746BD4C0025E079B0B194F8580047
:105CE000B84212D194F85700B0420ED1207A60B970
:105CF000404629F091FB94F91210884205D14146A3
:105D000004F1130029F08FFB30B166346D1C2DB205
:105D1000102DE1DBBDE8F0810120433404F83B0C99
:105D20000020E07620776077A077E07714F83A1CBF
:105D300029B9A74B19784A1E1A7000D21870A548C5
:105D4000017841F002010170E4E770472DE9F84F56
:105D500000259E4A00920026464ADFF874824FF0E2
:105D6000010992F800C00027009AD379002B65D072
:105D700092F86330EBBB022382F8633003460024C1
:105D80000DE093F807A0BAF1000F05D092F865A0D6
:105D900093F865B0DA4504D0641C24B266338C42B3
:105DA000EFDB8C4202DB82F8637047E09C7A24B31D
:105DB000137A4BB9537A3BB998F800305C1E88F8D7
:105DC000004001D288F80070D77182F863701772B2
:105DD000577282F80A9082F8647092F858306345DE
:105DE00006D102F85E7F57709770D77017715E3AD0
:105DF00000E023E045F0020520E05B7AE3B1537A4E
:105E0000D3B9137A3BB998F800305C1E88F800408B
:105E100001D288F8007082F8099082F8647092F8D4
:105E20005830634506D102F85E7F57709770D7707F
:105E300017715E3A45F0010582F86370761C36B240
:105E400066320092102E8FDB002D0AD0614991F945
:105E5000000040F001000870AA0702D540F00200DF
:105E60000870BDE8F88F7047CB020060CA0200607E
:105E7000C9020060A1020060C80200604944203AE3
:105E8000257520534E3A20256C7520686173206378
:105E90006F6E6C69667420534E3A20256C75000055
:105EA0004944203A257520534E3A20256C752068C8
:105EB000617320636F6E6C69667420776974682003
:105EC000543320636F6E74726F6C6C6572000000E7
:105ED00043414E204E4F5420434F4E4E4543542095
:105EE000534E5450000000004C6F737420636F6D6C
:105EF0006D756E696361746F6E2077697468207464
:105F00006F7020626F61726400000000524541446E
:105F100020414F20466565646261636B20464149BC
:105F20004C0000005570646174652074696D6520D3
:105F3000736572766572206661696C004C6F73657B
:105F400020636F6D6D756E69636174696F6E207724
:105F500069746820706963007404006036C0026070
:105F6000534420434152442049532041424E4F5212
:105F70004D414C00505247202564206572726F726B
:105F8000203A2064656164206379636C65310000A8
:105F9000505247202564206572726F72203A206447
:105FA000656164206379636C65320000505247205C
:105FB0002564206572726F72203A2074616B65737C
:105FC000206C6F6E672074696D650000A2C302606B
:105FD00064020060A00200602DE9F047FF49C0EBB9
:105FE000C00301EB83040A22A275E17C01296ED073
:105FF000FB4900EB400001EB8005E11C204604F06A
:1060000075FC04F10E01C81E04F070FC0026B046B9
:10601000E07D4FF6FF7101EA0020217E084487B23F
:10602000D4F8030026F03AF8DFF8B893C9F8140062
:10603000D4F80E0026F032F8C9F81800D9F8141078
:10604000A1EB000C002127B164200CFB00F090FBB9
:10605000F7F1DFF89493494500DD4946207D00B90A
:106060004942286800EB0C02A07D40084243686862
:106070000244002804DBB2F5000F06DBDB4A04E033
:1060800012F5000F01DCD94A52426A60637E83B187
:10609000207D10B103FB02F601E003FB1266607D78
:1060A00018B13C2096FBF0F603E04FF4616096FBDC
:1060B000F0F6E27EA2B128684FF0640800FB08F019
:1060C00090FBF7F04042277D17B1424302E021E008
:1060D00052424243A07DC0EB0010800092FBF0F8DA
:1060E000642098FBF0F00844A17E0844484500DD98
:1060F0004846002800DA002033B13044484500DD2E
:106100004846002800DA0020C5F800C025F0C6FF88
:10611000C4F80700BDE8F0872DE9F843B44C002629
:10612000DFF8D082DFF8D092002798F80400401EF4
:1061300045B2002D00DA0625E07FE8BB94F8280080
:1061400090B1694604F1270004F0D0FB00980028C4
:1061500002D04FF0010001E04FF0000084F8210070
:1061600004D04FF0080501E084F8217094F8250070
:1061700090B1694604F1240004F0B8FB00980028AF
:1061800002D04FF0010001E04FF0000084F8200041
:1061900004D04FF0070501E084F82070974806EB23
:1061A000C60200EB021000EB051000F10E004FF0EC
:1061B000070198F8023000E018E098F801C009EBF8
:1061C000C20202EBC502555CFF2D06D04578AB42FA
:1061D00008D802D10578AC4504D2801E491E49B2C8
:1061E0000029F0DA505CFF2807D0A0772A34761C0B
:1061F00076B2082E99DBBDE8F883A777F6E7F0B50D
:106200007F4800217B4A01247E4DB2F8073043F3DA
:10621000C70203F0070304FA03F673B20026C77F30
:106220005FB9C1EBC10707EB011705EB4707BF5C7F
:106230001F4201D0847700E08677491C49B22130A3
:106240000429ECDBF0BD012282400878104308707D
:10625000704701228240D0430A7802400A7070479A
:106260000123C20800F007008340D8B2895C0142D4
:1062700001D001207047002070472DE9F04F8BB00E
:10628000614A584DA87902EBC004617819B9411CE4
:10629000A9716428F6D3A8790027642804D3AF71C4
:1062A00000200BB0BDE8F08F6879411C69710328AC
:1062B00002D36F710020F4E7E0780CF06CFD58B168
:1062C000401EC0B20090A079DFF840914FF0060A5E
:1062D0004FF0010B10B14CE00020E2E7E0788DF8C0
:1062E00004008DF805A002208DF8060035208DF8F9
:1062F00007008DF808708DF80970062101A80FF0CD
:10630000B2F8010A8DF80A108DF80B0000980FF012
:106310001EF9082101A8009A0FF0BDF808210020FD
:10632000009A13F081FDC820009913F0C5FDDFF835
:10633000E080061E51D0B11E34480FF094F881B2AF
:1063400009EB0600801E4278007802EB00208842AC
:106350007DD19DF8040008F800702E4A642122F8CF
:1063600010106F7100210120009A13F05DFD84F878
:1063700006B0E0788DF804008DF805A08DF806B021
:1063800011208DF807008DF80870607920B3042083
:106390008DF80900062101A80FF065F8010A8DF8B3
:1063A0000A108DF80B0000980FF0D1F8082101A811
:1063B000009A0FF070F808210020009A13F034FDC5
:1063C000C820009913F078FD061E57D0B11E0F4863
:1063D0000FF049F881B21FE04BE041E0CEE50260EA
:1063E0007ECF016010020060A0860100FFFF7F00E9
:1063F000B8370360F8170060883D03600839036010
:10640000C83F03604C400360D13B04609453046078
:10641000D23A04607438046009EB0600801E4278AA
:10642000007802EB0020884226D16F710021012004
:10643000009A13F0F9FC6079FE4E70B3E0783146B3
:10644000401EC0B2FFF70CFFD0B13BE0FFE79DF864
:10645000040018F80010491C08F80010002020E77C
:106460009DF8040018F80010491C08F800100020DE
:1064700017E78DF809708DE7002012E7002010E77C
:10648000E078401E06EBE00100F00700FFF7DBFEBE
:10649000287800F0BF00287014E0FFE7E078E549B5
:1064A000401EC0B2FFF7DCFE01280BD1E078401E91
:1064B00006EBE00100F00700FFF7CBFE287800F0C4
:1064C000BF00287067700120EBE62DE9F84F002728
:1064D0000026DFF864A3DFF86493B346C6EBC6007A
:1064E000D74B00EB4610195C00293ED000EB0308A7
:1064F00098F80120002A38D0491ECCB21856FF283F
:1065000033D098F8020089F800000021521E072AB3
:1065100008D8C2EBC201CB4A01EB410102EB4101B9
:106520008F7F0121020641D4002976D00AEBC605EF
:106530006F7127B140F0400088F8020003E000F0DE
:10654000BF0088F80200BB492046FFF789FE009093
:10655000B84920462031FFF783FE0099B94205D1A2
:1065600020B199F80800012816D056E0611CE970A6
:1065700098F8011029710121697070BB0AF8361072
:1065800085F807B0A970AB48203000EBD40104F0C7
:106590000700FFF758FE40E0601CE8706F710120B3
:1065A0006870FE2C39D189F808B036E0FF2834D065
:1065B000A04920462031FFF753FE05469D4920465D
:1065C000FFF74EFE99F80010C1F38011884205D103
:1065D00025B199F80800012815D01EE03DB995486D
:1065E000203000EBD40104F00700FFF72CFE0AEB8B
:1065F000C600641CC47099F80010C1F38011417189
:106600000221417009E00AEBC600C4704171022109
:106610004170FE2C01D189F808B0761CF6B2FF2E2D
:10662000FFF45CAFBDE8F88F10B50020864B002169
:10663000C0EBC00202EB001203EB420282F8291009
:10664000401CC0B21028F3D30020804CC0EBC00126
:1066500001EB810214F81210002914D001290ED187
:1066600004EB42014979102909D2C1EBC10202EBC6
:10667000011103EB410111F8292F521C0A70401C33
:10668000C0B2F028E2D310BD10B56C4A518964291C
:1066900011D300235381D1794C1CD471B1FBF0F498
:1066A00000FB1410002808D1D37102F037FFBDE8B9
:1066B000104003F028B9491C518110BD5F490020EA
:1066C0000861704770B504460846C4EB0411604A7F
:1066D00001EB410111445F4D91F92810092938D28D
:1066E000DFE801F03705101B10101B1026005A4977
:1066F00029F085F829F081F981B22046BDE8704083
:1067000008F0F0BB554929F07AF829F076F981B202
:106710002046BDE8704008F0E5BB514929F06FF80C
:1067200029F06BF981B22046BDE8704008F0DABB71
:10673000032129F0A2F8294629F061F8494928F0F7
:10674000D4FF29F05AF981B22046BDE8704008F024
:10675000C9BB294629F053F829F04FF981B22046E8
:10676000BDE8704008F0BEBB2DE9F04705460A467B
:106770003D4B3E491878097844183E483C4900EBA7
:106780008516AC4201D8F161C4E4C5EB051000EBFD
:1067900040042F48384F0444DFF8E09094F822007A
:1067A000DFF8B0A04FF47A7840B1FFF787FF94F894
:1067B000230000286FD0002A6ED0EAE0F16194F83F
:1067C0002300C0B108F076FCA8427AD928461EF012
:1067D000AAFB514628F0E1FF29F0F6F825F05EFC0F
:1067E000C4F81E0025F05AFC29F0C2F801462846DC
:1067F000BDE8F04766E7284620F01DF84FF47A71AF
:10680000484325F04BFCC4F81E0094F92800A0F181
:106810000C010A2937D91738072806D800EBC00120
:1068200001EB0010385C01282DD0284620F003F839
:1068300030B326E03ECF0160D13B0460100200601F
:1068400004410360B837036038F3026018F6026051
:10685000112A056000007A44000020410000C8426F
:106860000000A041000048439D0200609E020060BD
:1068700000007F43B4680360E2CB026036B9026077
:106880000DE001200CE028461FF0D5FF28B10020C4
:1068900084F8250006E01BE071E00120F8E7002005
:1068A00084F8250094F8250028B141462846BDE823
:1068B000F04708F017BB2846BDE8F047002108F074
:1068C00011BBD4F81E0025F0E9FB29F8150021E4DE
:1068D0002AB994F8250001280FD00020F06118781B
:1068E00085420ED228461FF0A6FF4FF47A71484326
:1068F00025F0D4FBC4F81E000FE04FF07E50F0618D
:10690000EDE728461EF00FFB514628F046FF29F020
:106910005BF825F0C3FBC4F81E0094F92800A0F131
:106920000C010A290FD91738072806D800EBC00137
:1069300001EB0010385C012805D028461FF07BFFD2
:1069400058B101200AE028461FF075FF18B1002059
:1069500084F8250004E00120FAE7002084F82500EF
:1069600094F8250028B141462846BDE8F04708F0D4
:10697000B9BA2846BDE8F047002108F0B3BAD4F808
:106980001E0025F08BFB28F0F3FF514628F037FF5F
:10699000F06108F08FFBA84214D928461EF0C3FA14
:1069A000514628F0FAFE29F00FF825F077FBC4F8DD
:1069B0001E0025F073FB28F0DBFF01462846BDE8EA
:1069C000F0477FE6D4F81E0025F068FB29F8150093
:1069D000DAE608B5F5F77AFF0090F84D4FF0010BB5
:1069E00085F845B0F648002686704670C670067178
:1069F000FFF71AFE0024E0B20021FFF7B5FEFFF713
:106A00005DFE641CA4B2402CF5D3EE49C6201BF0F9
:106A100017FFEC4C2078401CC1B22170C6201BF03F
:106A20001EFF2078DFF8A0A305280FD9002000EB77
:106A3000800101EB4011514481F82060401C80B27C
:106A40001028F4D30021C6201BF009FFDF4880F88E
:106A500000B0DF4905200870FCF77EFCDFF8749376
:106A60004FF4FA716846F5F732FD25F0EFFC99F81E
:106A70002300082802D10220FFF706FED64809218C
:106A80000170CE48418A491C418208F0F1FBD3488D
:106A900000683C2807D9CB48017821B10670002155
:106AA000C6201BF0DCFE04F0E7FE01282AD10024FA
:106AB00004EB840000EB441000EB0A05E88BD8B12E
:106AC00095F82000012802D085F8226016E0DFF852
:106AD000108398F8007004EB4400C249C0EBC41066
:106AE00001EB001120B201F06EFC98F80000C01B11
:106AF000401C85F8220001E085F82260641CA4B2E5
:106B0000102CD5D325F0A8FE0022B748077838E02E
:106B1000B64802EB420100EB8101B54B887803EBEC
:106B2000D00300F007001B780BFA00F0034201D0FD
:106B3000002300E00123002091F807C05CB2AD4DB6
:106B40000AE0CB780344C3EB031303EB43032B446A
:106B500083F82740401C80B28445F2D8002091F889
:106B600008C00AE00B790344C3EB031303EB4303B0
:106B70002B4483F82740401C80B28445F2D8521C35
:106B800092B2BA42C4D38E4D6878401CC0B26870CD
:106B9000142814D30024984FC4EBC40007EB8000E2
:106BA000807810B120B2FFF717FA641CA4B2102C41
:106BB000F2D36E70002008F0D1FA08F008FBE878F4
:106BC000052802D2401CE87004E0EE70FFF7A4FA3A
:106BD000FFF715FBFFF779FC99F8290007280BD17F
:106BE000A8781E2802D2401CA87005E0A889401C85
:106BF000A881AE700EF044FB8048017801B10670A8
:106C00007F48804A0168116006607F494FF08050DC
:106C10000860BFF34F8FBFF36F8F21E72DE9F04777
:106C20000646C6EB061000EB4001724800220C1825
:106C3000774994F92400754BDFF8D891764F4FF0DF
:106C40007E5A01EB86154FF47A7800280AD0022884
:106C50007DD001287CD17148A8613046BDE8F0475D
:106C6000012181E5FFF72AFD94F82300F8B1AA611C
:106C700084F82520387886426BD230461FF0DBFD41
:106C80004FF47A71484325F009FAC4F81E003046E3
:106C90001FF0D1FD00EB4001C1EBC0104FF6FF71BA
:106CA00001EAC0013046BDE8F04708F01BB994F98D
:106CB0002800A0F10C010A2913D91738072806D893
:106CC00000EBC00101EB0010185C012809D0AA619B
:106CD0003878864224D230461FF0ADFDE0B1012065
:106CE0001BE0C5F818A03878864209D230461FF05C
:106CF000A2FD18B1002084F825001CE00120FAE76D
:106D000030461EF010F910F0FF4F03D0002084F839
:106D1000250010E00120FAE7002084F825000AE0B1
:106D200030461EF000F910F0FF4F01D0012000E0C6
:106D3000002084F82500387886420ED230461FF0B5
:106D40007AFD4FF47A71484325F0A8F902E067E034
:106D50000CE11DE0C4F81E000BE030461EF0E3F825
:106D6000494628F01AFD28F02FFE25F097F9C4F8BF
:106D70001E0094F8250028B141463046BDE8F04792
:106D800008F0B0B83046BDE8F047002108F0AAB8D6
:106D900030461EF0C8F8494628F0FFFC28F014FEE3
:106DA00025F07CF9C4F81E0025F078F928F0E0FD04
:106DB00001463046BDE8F04784E400008856046090
:106DC00010020060D20300602ACE0260540200600C
:106DD00055020060B24C0460DF030060A403006051
:106DE00030000060C62F0260E802006038070460CF
:106DF000B23A0460112A0560CEE502602C02006000
:106E0000380200603402006004ED00E0E2CB026072
:106E1000B468036000007A449D02006000007F4374
:106E2000FFF74CFC94F8230050B194F9280009288E
:106E30007DD2DFE800F07C7276797676797676001E
:106E400094F92800A0F10C010A2914D91738072851
:106E500006D800EBC00101EB0010185C01280AD035
:106E6000C5F818A03878864223D230461FF0E3FCDC
:106E7000D8B101201AE0AA613878864209D230469A
:106E80001FF0D9FC18B1002084F825001CE0012077
:106E9000FAE730461EF047F810F0FF4F03D000200D
:106EA00084F8250010E00120FAE7002084F825008E
:106EB0000AE030461EF037F810F0FF4F01D00120F5
:106EC00000E0002084F82500387886420AD2304657
:106ED0001FF0B1FC4FF47A71484325F0DFF8C4F895
:106EE0001E000BE030461EF01EF8494628F055FC07
:106EF00028F06AFD25F0D2F8C4F81E0094F82500A9
:106F000028B141463046BDE8F04707F0EBBF3046B8
:106F1000BDE8F047002107F0E5BF7248A8610FE027
:106F200005E07148A8610BE07048A86108E0D4F85A
:106F30001E0025F0B3F890FBF8F028F019FDA861C9
:106F400030461DF0F0FF494628F027FC28F03CFDB4
:106F500025F0A4F8C4F81E0025F0A0F828F008FDDC
:106F600001463046BDE8F047FFF7ACBB0CE470B516
:106F700004465F485F49007809780144A14205D87A
:106F80005E495D4801EB8411C8616BE0C4EB0411FC
:106F900001EB41025A495B4E551895F82310D1B1C7
:106FA00084423FD220461FF046FC4FF47A7148439A
:106FB00025F074F8C5F81E0020461FF03CFC00EBDD
:106FC0004001C1EBC0104FF6FF7101EAC00120463D
:106FD00007F088FF46E084420AD220461FF02BFCCF
:106FE0004FF47A71484325F059F8C5F81E000BE0BC
:106FF00020461DF098FF314628F0CFFB28F0E4FC36
:1070000025F04CF8C5F81E0095F8250028B14FF47E
:107010007A71204607F066FF24E00021204607F041
:1070200061FF1FE008F046F8A04214D920461DF089
:107030007AFF314628F0B1FB28F0C6FC25F02EF887
:10704000C5F81E0025F02AF828F092FC01462046DB
:10705000FFF738FB06E0D5F81E0025F01FF82A4997
:1070600021F81400BDE8704008F00FBF30B50020D3
:10707000264B224C204D04EB80114A6AAA4205D0CF
:107080001A5C12B1521E1A5400E04D62401CC0B28C
:107090004028F0D330BD70B51D4890F85910002934
:1070A0001ED01C4AC1EB01111069431C1361B0EBE7
:1070B000810F15D90020106100240F4D0F4E0021C3
:1070C00006EB841040F82150491CC9B21029F9D3AD
:1070D00000212046FFF748FB641CE4B2402CEED3AD
:1070E00070BD0000000020410000C8420000A04127
:1070F0009D0200609E02006000007F43B468036050
:10710000112A056000007A4436B902603ED0016061
:10711000B24C04601002006010B50146F7A028F0E0
:1071200071F9F749002210B14A80012010BD48884A
:10713000401C80B24880B0F5FA6F02D94A80012025
:1071400010BD002010BD3CB5002301930090C3B2D8
:107150008DF80730C0F307248DF80640C0F30745CB
:107160008DF80550000E8DF80400012A0AD0022A7D
:107170000DD0032A10D0042A03D1C8708D704C7032
:107180000B703CBD08704D708C70CB703CBD88702E
:10719000CD700C704B703CBD48700D70CC708B7016
:1071A0003CBD38B500230093CBB2C1F30724C1F333
:1071B0000745090E042A06D0032A0DD0022A14D04E
:1071C000012A1BD022E08DF800308DF801408DF8A7
:1071D00002508DF8031019E08DF800508DF8011061
:1071E0008DF802308DF8034010E08DF800408DF8E6
:1071F00001308DF802108DF8035007E08DF8001073
:107200008DF801508DF802408DF803309DF8001084
:107210004FF6FF7202EA01219DF8012011439DF80B
:10722000022042EA01219DF8032042EA0121016087
:1072300038BD4178007841EA0020704701784278F3
:1072400041EA02218278C078120442EA00600843D1
:107250007047AC490868001F086000687047024624
:10726000B2F901301278832A0AD0842A08D0852AFC
:1072700008D0862A03D1C8564FF47A714843704724
:10728000C8587047C85E4FF47A71484370472DE97B
:10729000F04103469C4E002737609C4D2A681478C5
:1072A000A4F18200042808D8D21C2A6003B11F6010
:1072B0002868BDE8F041C01ED1E794480068401C32
:1072C0009C2C06D09E2C0DD09D2C2FD00020BDE8EC
:1072D000F0818D49286003F009FB2868801C286034
:1072E0003068F4E792780C2A0FD0894A0121117096
:1072F00088490F7000231A468349286004F087F9F3
:107300002868401D28603068E1E70446601D286059
:10731000084600F018F84FF47A7190FBF1F0002362
:107320001A467949204604F072F9ECE7521D2A60AA
:1073300003B11F60286850F8040CC8E7714A11684F
:1073400001C1116070472DE9F14F9EB0DFF8BC918B
:10735000D9F80000007882381C2805D800201E9932
:10736000FFF795FFFFF7EAFF6B4E4FF000086B4FFA
:107370006B4C6C4D01E2D9F8001011F8010BC9F803
:10738000001056286FD046DC3A286DD025DC2C281A
:10739000F0D014DC062868D008DC02286FD003285F
:1073A0006ED004286DD0052808D1F9E3072869D0EC
:1073B000082868D0102867D02928DBD026E131388A
:1073C0000928FBD2DFE810F04907D802C7034406BA
:1073D00038062C03D004FC0412033B381928EDD2E4
:1073E000DFE810F0EA0683039E035003CB01C305D8
:1073F000C3050B0714011401010707071401140149
:107400001401140160064F06D802EE021401CB01EC
:1074100029071E06430679286FD015DCA0F1570016
:107420002028CBD2DFE800F0F4F3F2F2F2F2F2F22D
:10743000F2F1F0F2F2F291EFC6F585F23F54EDEC85
:10744000F2F2EBEAE9E8E7E6C6286DD01DDCC128D8
:107450006BD00BDC7A2869D07B2868D0A42867D051
:10746000A528ABD101E3FCE3FCE3FCE3C2287CD01C
:10747000C3287BD0C4287AD0C5289FD1F4E3F4E395
:10748000F4E3F4E3F4E3F4E38BE3C738092895D29B
:10749000DFE810F068066F0676067D0684068B0628
:1074A000BC00C8032404FFF7D4FE2060FFF7D1FE20
:1074B0002860206824F0F2FD2060286824F0EEFDAA
:1074C00028602168084424F0E9FDFFF737FF51E701
:1074D000FFF7BFFE2060FFF7BCFE2860206824F0A5
:1074E000DDFD2060286824F0D9FD28602168401A5D
:1074F00024F0D4FDFFF722FF3CE780E101FFFE000E
:107500002C020060A8020060B8020060A4020060C3
:107510000B0300600C030060A04C0460CEE5026029
:10752000BC020060C0020060FDE3FDE34AE1AAE0A6
:107530008EE2FFF78EFE206024F0B0FD2060404216
:1075400024F0ACFDFFF7FAFE14E7FFF782FE286097
:10755000FFF77FFE206024F0A1FD2060286824F062
:107560009DFD28604FF47A7202E0FAE3FAE3FAE351
:1075700090FBF2F00FFA80FC20680346BCF1010F8B
:1075800013DD0021ACF1010C0DE090FBF2F902FBE0
:10759000190909FB03F999FBF2F990FBF2F000FBE2
:1075A0000390491C09B26145EFDB24F077FDFFF73A
:1075B000C5FEDFE6FFF74DFE2860FFF74AFE2060BC
:1075C00024F06CFD2060286824F068FD28602168A4
:1075D0004FF47A7291FBF2F302FB1313434393FBD4
:1075E000F2F391FBF2F101FB003024F057FDFFF7BD
:1075F000A5FEBFE620E1A9E0C6E089E0A4E18BE1B9
:107600002AE159E105E05EE06EE13DE1FEE3FEE3E3
:10761000FEE3FFF71EFE2860FFF71BFE206024F04C
:107620003DFD2060286824F039FD8146286018B3AC
:10763000484628F09DF9D4F800B082469BFBF9F04B
:1076400009FB10B028F094F9514628F0D8F8FE490B
:1076500028F0A3F882469BFBF9F04FF47A71484377
:1076600028F086F9514628F040F828F0ADF924F0CA
:1076700015FDFFF763FE7DE64FF47A7024F00EFDF2
:10768000FFF75CFE76E6FFF7E4FD2860FFF7E1FD1B
:10769000206024F003FD2060286824F0FFFC2860AF
:1076A00050B1216891FBF0F024F0F8FC4FF47A71AE
:1076B0004843FFF743FE5DE64FF47A7024F0EEFC9A
:1076C000FFF73CFE56E6FFF7C4FD2860FFF7C1FD5B
:1076D000206024F0E3FC2060286824F0DFFC2860B0
:1076E00078B1216891FBF0F200FB12104FF47A712F
:1076F00090FBF1F02060484324F0D0FCFFF71EFE21
:1077000038E64FF47A7024F0C9FCFFF717FE31E633
:10771000FFF79FFD2860FFF79CFD206024F0BEFC72
:107720002060286824F0BAFC4FF47A7190FBF1F0E5
:107730002860226892FBF1F1216048404FF47A7191
:10774000484324F0ABFCFFF7F9FD16E0FFF781FD9D
:107750002060FFF77EFD2860206824F09FFC2060F9
:10776000286824F09BFC28602168014306D04FF470
:107770007A7024F093FCFFF7E1FD10E2002024F082
:107780008DFCFFF7DBFD0AE2FFF763FD2060FFF7EA
:1077900060FD2860206824F081FC2060286824F0C7
:1077A0007DFC2860216839B130B14FF47A7024F043
:1077B00075FCFFF7C3FDF2E1002024F06FFCFFF73A
:1077C000BDFDECE1FFF745FD2060FFF742FD2860BD
:1077D000206824F063FC4FF47A7990FBF9F0206084
:1077E000286824F05BFC90FBF9F1296020680843CD
:1077F0004946484324F052FCFFF7A0FDCFE1FFF7D4
:1078000028FD2060FFF725FD2860206824F046FC55
:107810004FF47A7990FBF9F02060286824F03EFC60
:1078200090FBF9F12960206808404946484324F05C
:1078300035FCFFF783FDB2E1FFF70BFD206024F07C
:107840002DFC206030B10020206024F027FCFFF7E1
:1078500075FDA4E10120F7E7FFF7FBFC2860FFF7C7
:10786000F8FC206024F01AFC2060286824F016FC44
:1078700028602168814201DD012000E0002024F021
:107880000DFCFFF75BFD8AE1FFF7E3FC2860FFF7E3
:10789000E0FC206024F002FC2060286824F0FEFB5D
:1078A00028602168814201DB012000E0002024F0F3
:1078B000F5FBFFF743FD72E1FFF7CBFC2860FFF714
:1078C000C8FC206024F0EAFB2060286824F0E6FB76
:1078D00028602168814201DA012000E0002024F0C4
:1078E000DDFBFFF72BFD5AE1FFF7B3FC2860FFF744
:1078F000B0FC206024F0D2FB2060286824F0CEFB8E
:1079000028602168814201DC012000E0002024F091
:10791000C5FBFFF713FD42E1FFF79BFC2860FFF773
:1079200098FC206024F0BAFB2060286824F0B6FBA5
:1079300028602168814201D1012000E0002024F06C
:10794000ADFBFFF7FBFC2AE1FFF783FC2860FFF7A4
:1079500080FC206024F0A2FB2060286824F09EFBBD
:1079600028602168814201D0012000E0002024F03D
:1079700095FBFFF7E3FC12E1FFF76BFC206024F0BE
:107980008DFB2060002800DA404224F087FBFFF7DF
:10799000D5FC04E1FFF75DFC206027F0F7FF002233
:1079A0002A4B27F076FF29F02FFC28F053F82649C0
:1079B00027F0F3FE28F008F82060FFF7BFFCEEE0A8
:1079C000FFF747FC206027F0E1FF00221F4B27F064
:1079D00060FF29F0AFFA28F03DF81B4927F0DDFEE3
:1079E00027F0F2FF2060FFF7A9FCD8E0FFF731FC99
:1079F00024F054FB206027F0C9FF0022134B27F02E
:107A000048FF29F0E5FD28F025F80F4927F0C5FECD
:107A100027F0DAFF206024F041FBFFF78FFCBEE087
:107A2000FFF717FC27F0B2FF0022084B27F031FFC9
:107A300028F010F8044927F0B0FE27F0C5FF2060B9
:107A4000FFF77CFCABE0000000007A4400408F4070
:107A500011F8030CC0EBC00101EB0011FE4800EB74
:107A600041001D90FFF7F5FB99E011F8030CC0EB06
:107A7000C00101EB0011F84800EB41001D90FFF739
:107A8000E8FB8CE0F548027842B1FFF7E2FB24F016
:107A900005FB03460020FFF751FC1FE009688068E2
:107AA0000B1A002B05DDFFF7D4FB0020FFF746FC87
:107AB00014E0EB491844884208D1FFF7CAFB24F0D0
:107AC000EDFA03460020FFF739FC07E0FFF7C1FBA2
:107AD00024F0E4FA03460120FFF730FCD9F8000057
:107AE00040F8043BC9F80000D1E3B1F9000024F0EC
:107AF000D6FADC4909680844DB49086010F8011C23
:107B000029B1006824F0CAFAFFF718FC02E000204F
:107B1000FFF714FCD9F80000801CC9F80000B6E398
:107B2000B1F9000024F0BBFACE4909680844CE49F7
:107B3000086010F8011C19B10020FFF7FFFB04E0FA
:107B4000006824F0ABFAFFF7F9FBD9F80000801CBD
:107B5000C9F800009BE311F801ABC9F80010DFF889
:107B60000CB3CBF800804FF000090EE0FFF771FB7B
:107B7000206024F093FA2060DBF800100844CBF872
:107B8000000009F101090FFA89F9D145EEDBDBF8B4
:107B9000000090FBFAF024F081FAFFF7CFFB76E3C8
:107BA000A8E211F801ABC9F80010DFF8C0B2CBF8B9
:107BB00000804FF0000926E0FFF74BFB206024F027
:107BC0006DFA2060DBF800100144CBF80010B9F129
:107BD000000F04D14FF47A7190FBF1F13171B9F1DA
:107BE000010F04D14FF47A7190FBF1F1B170B9F14A
:107BF000020F04D14FF47A7190FBF1F0308009F15B
:107C000001090FFA89F9D145D6DBAAF1020A86F8F3
:107C100003A012F0B4FED6F80E0024F03FFAFFF7EE
:107C20008DFB34E311F8012BC9F80010D01E172882
:107C300090D200230DF1380A4FF47A790AE0FFF769
:107C400008FB90FBF9F02060D11A491E2AF81100B8
:107C50005B1C1BB29342F2DB854800788DF86E0006
:107C600008E0DDE07DE14CE26EE22EE234E23AE251
:107C70001EE223E2BDF838008DF86F00BDF83A002F
:107C80008DF86C00010A032303EB41118DF86D1090
:107C9000802101EBD0208DF87000921ED3B200201D
:107CA0000DF1040C0CE0811C3AF811104FEA112B75
:107CB0000CF810B00CEB400B8BF80110401C00B21C
:107CC0009042F0DB01205A000346009001A91BA856
:107CD00003F060F94846FFF731FBD8E211F8012BB9
:107CE000C9F80010D01E17289BD200230DF13809C7
:107CF0004FF47A7A0AE0FFF7ACFA90FBFAF02060D2
:107D0000D11A491E29F811005B1C1BB29342F2DB09
:107D1000574800788DF86E00BDF838008DF86F0078
:107D2000BDF83A0001E016E2F2E18DF86C00010ABC
:107D3000182303EB41118DF86D10802101EBD02049
:107D40008DF87000921ED0B2012142000B460091C6
:107D500009F104011BA803F01DF95046FFF7EEFAE4
:107D600095E2DCE1E2E1E8E111F801ABC9F80010CD
:107D7000FFF76FFA24F092F9DFF8F0B0CBF80000CB
:107D80004FF00009AAF1010A11E0FFF762FA206042
:107D900024F084F9206037490860DBF8001088423D
:107DA00001DDCBF8000009F101090FFA89F9D1458D
:107DB000EBDBDBF8000024F071F9FFF7BFFA66E2B5
:107DC00011F801ABC9F80010FFF743FA24F066F987
:107DD000DFF898B0CBF800004FF00009AAF1010AD3
:107DE00011E0FFF736FA206024F058F920602149AD
:107DF0000860DBF80010884201DACBF8000009F1D6
:107E000001090FFA89F9D145EBDB02E036E27CE0AB
:107E100048E0DBF8000024F041F9FFF78FFA36E282
:107E2000FFF717FA24F03AF94FF47A7A90FBFAF058
:107E30000FFA80F9FFF70DFA24F030F990FBFAF011
:107E400001B24FF47A60814500DD8146B9F1000F3F
:107E500001DA4FF000090FE0511E05602C020060AE
:107E6000EB32A4F8AC020060C4020060B80200600B
:107E700067020060B40200604846491EC1EBC101C0
:107E800007EB8101CA7C2AB90876C21700EB12629F
:107E9000120ACA754FF47A71484324F0FFF8FFF7CD
:107EA0004DFAF4E1FFF7D5F924F0F8F80A2190FB38
:107EB000F1F0DFF8D494C9F80000FFF7CAF924F014
:107EC000EDF84FF47A7190FBF1F001B2D9F80000AF
:107ED000002801DAC9F80080D9F80000C82802DDBE
:107EE000C820C9F80000D9F80000491EC1EBC10143
:107EF00007EB8101CA7C02B9C87600EB8000400024
:107F000024F0CCF8FFF71AFAC1E1FFF7A2F924F048
:107F1000C5F84FF47A7A90FBFAF00FFA80F9FFF780
:107F200098F924F0BBF890FBFAF001B2B9F1FF0F19
:107F300001DD4FF0FF09B9F1000F01DA4FF0000940
:107F40004846491EC1EBC10107EB8101CA7C02B959
:107F500048764FF47A71484324F0A0F8FFF7EEF921
:107F600095E10120FFF7EAF991E1FFF772F920604E
:107F700024F094F82060FFF76CF9286024F08EF864
:107F8000286021684FF47A7C91FBFCF1491E0AB20B
:107F9000FE490979491E002900DA0621D9F8003086
:107FA00013F8013C402B0DD0012303EB420212B227
:107FB000604503DB092A01D2002906DC0020FFF717
:107FC000BDF964E1520012B2F2E790FBFCF35B1ED4
:107FD00090FBFCF0DFF8B89303EBC303401E09EB02
:107FE000031300EBC00003EB011309EB001003EBDC
:107FF000420300EB01105B7810F812004FF4616A45
:10800000E14903FB0AF3C0EB001003EB80000860BA
:108010004FF47A71484324F041F8FFF78FF936E1C5
:10802000DA484FF47A71C0784843D749086024F0A1
:1080300035F8FFF783F92AE1D4484FF47A710079D3
:108040004843D149086024F029F8FFF777F91EE189
:10805000CE484FF47A71B0F807004843CA49086027
:1080600024F01CF8FFF76AF911E1C8484FF47A715F
:1080700040794843C449086024F010F8FFF75EF9DE
:1080800005E1C448417829B1002024F007F8FFF742
:1080900055F9FCE001214170012023F0FFFFFFF7BB
:1080A0004DF9F4E0012023F0F9FFFFF747F9EEE086
:1080B000002023F0F3FFFFF741F9E8E04FF47A7076
:1080C00023F0ECFFFFF73AF9E1E04FF4FA6023F018
:1080D000E5FFFFF733F9DAE040F6B83023F0DEFFD2
:1080E000FFF72CF9D3E04FF47A6023F0D7FFFFF7C6
:1080F00025F9CCE041F2883023F0D0FFFFF71EF9DC
:10810000C5E041F2707023F0C9FFFFF717F9BEE038
:108110004FF47A7023F0C2FFFFF710F9B7E04FF485
:10812000FA6023F0BBFFFFF709F9B0E040F6B83082
:1081300023F0B4FFFFF702F9A9E04FF47A6023F0CF
:10814000ADFFFFF7FBF8A2E041F2883023F0A6FF75
:10815000FFF7F4F89BE041F2707023F09FFFFFF708
:10816000EDF894E041F6583023F098FFFFF7E6F879
:108170008DE04FF4FA5023F091FFFFF7DFF886E02F
:1081800042F2283023F08AFFFFF7D8F87FE042F26E
:10819000107023F083FFFFF7D1F878E042F6F82063
:1081A00023F07CFFFFF7CAF871E042F6E06023F0AD
:1081B00075FFFFF7C3F86AE0744977488A7842434D
:1081C000487800EB4003C3EBC01002EBC002087814
:1081D0006D4900EB800002EB4000086023F05EFF79
:1081E000FFF7ACF853E0012023F058FFFFF7A6F8A3
:1081F0004DE00020FFF7A2F849E00020674A00EBBD
:10820000001101EB410102EB4101CB79012B01D1BE
:10821000497A39B1401CC0B21028F0D30020FFF7D2
:108220008DF834E0012023F039FFFFF787F81FB005
:108230000120BDE8F08FFFF70CF84FF47A7290FB45
:10824000F2F0FFF706F890FBF2F0FFF702F890FB70
:10825000F2F05348FFF772F819E0087882380A28DC
:1082600006D8B1F901004FF47A714843FFF766F878
:10827000D9F80000C01CC9F8000008E0491EC9F880
:10828000001000201E99FFF702F8FFF757F8DFF8FB
:108290001491D9F8000090F90000FEF73DFF002886
:1082A0003FF469A8494608680278FF2A01D1401CBA
:1082B0000860FEF7CEFF1FB0BDE8F04F23F0EEBE22
:1082C00010B5B0F90130007883280BD0842809D08C
:1082D0004FF47A74852807D0862802D191FBF4F0F8
:1082E000D05410BDD15010BD91FBF4F0D05210BD50
:1082F0002D4A11680B1D1360086070472A490868F1
:10830000001F086000687047F0B5059DB0F9017066
:10831000EE1936F904CCBCF1000F0BD0002A07DDB2
:10832000944505DB002B03DD36F902CC9C4509DAC8
:108330000120F0BD002B03DD36F902CC9C4501DAAB
:108340000120F0BD0078882806D0892804D08A282A
:1083500004D08B2805D103E0042402E0022400E0CD
:10836000012436F8026C521E5643F218521E624324
:108370003A4412B288281BD0892819D04FF47A7356
:108380008A2817D08B2811E0B8020060F817006027
:10839000083903602C020060A0860100A2C30260BD
:1083A00018FCFFFFA4020060A802006009D105E0EC
:1083B000A95006E091FBF3F0A85202E091FBF3F024
:1083C000A8540020F0BD2DE9F04F95B080460F462F
:1083D000FA484FF0000A564680F800A0DFF8E09314
:1083E0003846C9F80070F84AF649116000880D90C7
:1083F000BDF9340023F053FE0D9070B3D9F800108E
:108400000844401DC9F8000000880D90BDF93400F3
:1084100023F045FE0D90D9F800108A1C0692014405
:10842000891CC9F80010642801DD05200D9008881A
:108430000D90BDF9340023F032FE01460D90D9F8BD
:108440000000801CC9F800004418E0490860E04DB5
:10845000A5F804A04FF0010B3CE0FFE7002015B0A9
:10846000E7E60698FEF76FFF0246DA480260D9F8A1
:108470000000D94B0146401C18609AB109780246A9
:10848000C9F8000041B1297809B1C0F800A001681D
:10849000AA681144016018E002F801BC1868C0F82D
:1084A00000A012E009780246C9F8000029B102F8DC
:1084B00001AC1868C0F800A007E0297809B1C0F83D
:1084C00000A00168AA6811440160D9F80000001DED
:1084D000C9F80000D9F80000A04205D2A888411CC4
:1084E000A980B0F5FA6FBCD3A98808F101001490F7
:1084F000B1F5FA6F06D31498C1B20020FDF7A9FBBD
:108500000020ACE73C46C9F8007020880D90BDF90A
:10851000340023F0C4FD01460D901390A41CD9F83B
:108520000000801CC9F8000042185178927801EBD5
:10853000022CBCF5FA6F01D9002090E700EB022075
:108540000844C9F800000020A880A44800680590ED
:1085500008F101000FFA80FAAAE3A04A1268059B0D
:10856000D21A642A01D9002079E74FF00009CDF82A
:108570002C9016B1012821D006E0012802D04FF03E
:10858000FF306CE7C91C2960286810F8011B2860BF
:108590002329E1D014DCA1F108011A29DCD2DFE89B
:1085A00001F032320EF20EF1F00EEFEEEDECEBFADE
:1085B0000EF80E0EF30E3232E80E0EE7002677E3C9
:1085C000402972D00ADCA1F125010A29C4D2DFE8D2
:1085D00001F01A1ABFBF1AD4F31A1A1A842908D044
:1085E00008DC412979D0432978D05929B4D083298E
:1085F000B2D1C9E0852905D0862903D0872901D0C9
:108600008A29A9D1C0E010F8011C2B4609290DD0F8
:1086100008290BD001250278A2F1820CBCF10A0FC7
:1086200006D801278046C01C186016E00025F2E736
:108630009C2A02D09E2A07D00FE09C27B0F8012088
:10864000C01C1292186008E0401C9E27026810921D
:1086500002798DF84420401D18601C2903D02D2973
:1086600001D0252902D14FF47A7009901D2903D039
:108670002E2901D0262901D1CDF82490092908D02E
:10868000292913D02C292AD0082943D0012F4FD0D3
:1086900053E00698FEF757FE0990012F4DD1014691
:1086A0004046069AFFF70CFE47E078E0012008906C
:1086B0000698FEF748FE07900698FEF744FE0990DC
:1086C00007994FF47A7291FBF2F3069900910146F3
:1086D0004046089AFFF718FE2FE0D3E061E10698C4
:1086E000FEF731FE08900698FEF72DFE07900698DB
:1086F000FEF729FE0990079A4FF47A7192FBF1F385
:10870000089A92FBF1F20699009101464046FFF764
:10871000FBFD12E00698FEF716FE4FF47A7190FB0F
:10872000F1F0401E45B20698FEF70DFE099004E0F8
:108730004046069A0999FFF7C3FD9C2F02D09E2F51
:1087400006D106E000232A4609A912A802F0EBF997
:10875000AEE2234880F800B0224880F80090002361
:108760002A4609A910A8CDF8009002F013FC9FE258
:10877000F7E07DE20DE00EE055E078E02CE2FFE16D
:108780006CE2E3E1A3E17CE110F8011B08442860FE
:108790008EE2012063E6FFF7B1FD286088E20698CB
:1087A000FEF7D1FD0FFA80F9B9F1010F1EDB286841
:1087B000417849451ADB1EE045E00000C802006030
:1087C000A4020060B4B20360A8020060AC020060C2
:1087D0002C020060B0020060C40200603000006043
:1087E0000B0300600C030060401C286028680178BF
:1087F0000129ADD0F8E70278142A04D100EB41003A
:10880000801CFFF775FD2868A9F1010900EB4900FC
:1088100040880C90BDF9300023F041FC0C902044BE
:10882000801E286044E200F1020900880C90BDF926
:10883000300023F034FC0C902044801E2860484611
:10884000FFF756FD34E2FA49097869B100880C90C7
:10885000BDF9300023F023FC0C902044801E2860DA
:10886000F34880F8009023E2801C286020E2008812
:108870000C90BDF9300023F012FC0C902044801EB7
:10888000286015E21E226D2126F0DBFDB0F1000804
:1088900002D06D200C9009E01E226E21286826F07F
:1088A000D0FDB0F1000801D06E200C90FF2088F8B8
:1088B00000000698FEF747FD08900698FEF743FD76
:1088C00007900698FEF73FFD0990DA48016811F815
:1088D000015B01602A46D84826F05EFDD64800F8C4
:1088E0000590D44800684119D2480160BDF9305064
:1088F0006D2D18D1DDE90710884214DAD049CF4830
:10890000002391F90020CF4991F90010CDE9020927
:10891000CDE90012CC4851460278C748FCF774FFF5
:10892000C34880F800B06E2D18D1DDE907018142FF
:1089300014DDBF4880F800B0C148C049002390F959
:108940000020C04890F90000CDE90002CDE90219ED
:10895000BD4851460278B848FCF756FF88F80050E9
:10896000A6E10178FF2904D0DFF8D092DFF8D0C269
:108970000FE0B44940220A70401C286098E19CF93D
:10898000001010F8013B4A1C8CF8002009F8013057
:108990002860286801780029F1D12868401C2860E7
:1089A00086E1A349002008700698FEF7CCFCA74991
:1089B000086028680068099023F070FB0990296816
:1089C000091D11F8019B2960A048006898B34A4628
:1089D000994826F0E1FC9849002001F80900286830
:1089E000484428609A490A780AB1099A02600068E6
:1089F000002805DD8968401A23F050FB29680860CB
:108A000000283ADC8E4A00208C4992F900308D4AC9
:108A100092F90020CDE90210CDE9002303468A48EF
:108A2000514602788448FCF7EFFEC0B228B3804874
:108A300080F800B021E0FFE701EB090000680028A2
:108A400012DC4A467C4826F0A7FC7B49002001F84E
:108A500009007D48514602787748FDF736F97D4890
:108A6000017841F0010101702868484428600998A4
:108A700023F014FB0990296808602868001D28600D
:108A800016E18046C01C28600698FEF75CFC814613
:108A90000698FEF758FC0F900698FEF754FC0F98C6
:108AA000484508DB49464046069AFFF709FC286816
:108AB000801C2860FCE0286800880B90BDF92C0021
:108AC00023F0EDFA0B902044801E2860F0E000882F
:108AD0000B90BDF92C0023F0E2FA0B9004EB000898
:108AE00008F1020808F1030028600698FEF72BFC45
:108AF0000698FEF728FC0F900698FEF724FC0E90CF
:108B0000D5F80090C5F8008000200699FEF7BFFB5D
:108B10000E99014409914046069AFFF7D1FBC5F82A
:108B2000009009990F98814204DC09F10209C5F807
:108B30000090BDE0B9F800000B90BDF92C0023F0C7
:108B4000AEFA0B902044801E2860B1E00126069802
:108B5000FEF7F9FB3D49086018B12868801C2860C1
:108B6000A6E02868B0F9000023F099FA2044801E9E
:108B700028600078012801D0FE2800D1002697E067
:108B80000698FEF7E0FB3149086088B1286810F8C4
:108B9000011B286039B1B0F9000023F080FA2044AD
:108BA000801E28600FE000F801BC801C28600AE0ED
:108BB000286800F8019B2860B0F9000023F06FFAE4
:108BC0002044801E2860012628680078012801D0F2
:108BD000FE286DD100266BE00698FEF7B4FB1B491A
:108BE000086090B1286800F801BB2860B0F9000067
:108BF00023F055FA2044801E28600126286800785A
:108C0000012829D0FE2853D126E0286810F8011B3E
:108C1000286021B100F8019C801C2860EDE7B0F9C4
:108C2000000023F03CFA2044801E2860E5E70000A5
:108C3000C8020060A402006004B30360CB020060BD
:108C4000CA020060C9020060A1020060B0020060B8
:108C50002C020060A0020060002629E0401C286071
:108C6000B0F9000023F01BFA2044801E28601FE0AA
:108C7000011F0A910178A12936D00698FEF763FBFF
:108C800005462A4800680068099023F007FA284939
:108C9000896808440990A84236D924480168C1F877
:108CA000009013992144A1F801900168091D016009
:108CB0001E4D29680878FE280AD0DFF874C0BCF879
:108CC0000420531CACF80430B2F5FA6FFFF445AC45
:108CD00017488088B0F5FA6FFFF413AC1498C1B24E
:108CE0000120FCF7B6FF0CE41049401C0860006846
:108CF00023F0D4F94FF47A7100FB01F50B480B49CE
:108D00000068001D0860BCE7099823F0C7F90990C6
:108D10000649096808600A98001B00B223F0BFF9F1
:108D200013992144A1F80100012006E4A402006087
:108D30002C0200602DE9F04107460C465D344FF4EB
:108D40006160A17841436078C0EB001001EB8000C6
:108D500021780E1860795D3C00EB80027320784327
:108D6000FD4901EBC00504F10901284626F014FB7A
:108D7000463514F85D0FA8706078E870A078287107
:108D80002F706079687005F03FFDB0FBF6F0401C75
:108D90007043686100202883BDE8F08170B5064605
:108DA0000C46732394F8611094F86200091A01EBE1
:108DB000810200EB80000119012000EB46005843BE
:108DC000E54B093103EB8005284626F0E5FA05F866
:108DD000466F14F8610F6178401A6870002028838C
:108DE00070BD2DE9F04F85B0054688464FF46160AF
:108DF00098F85F10414398F85E00C0EB001001EB5B
:108E0000800098F85D100844D8F864100844C8F849
:108E100064004FF00009D04805EBC502A0F51651DB
:108E200002EB051201EB42177321694300EBC10409
:108E30006AE009EB890026180396B4F85E0018B9B9
:108E400005F0E2FCC4F85A0014F8461F208B07EB2B
:108E5000001001703178417171788171B178C17100
:108E6000F17801723179417205F0CEFC8DF8040081
:108E7000824605F0C9FCC0F307208DF80500049078
:108E800005F0C2FCC0F3074B8DF806B005F0BCFC42
:108E9000000E8DF8070000EB0B210498020402EB92
:108EA0000A600144208B463C07EB0010C0F801101B
:108EB00040F60D21C18100231A4602A9304602F076
:108EC000A6FB01281ED1029823F0E8F8B4F85E1042
:108ED00007EB011C8DF80400C0F307238DF8053063
:108EE000C0F307428DF80620060E8DF807601B04BC
:108EF00006EB022203EB00601044CCF80A00491C88
:108F0000A4F85E1009F1010994F84700484590DC87
:108F1000B4F85E6094F847003044192809D805B0C9
:108F2000BDE8F08F07EB06101022002126F034FA7E
:108F3000761C192EF6DB894C4FF4C871012254F8C7
:108F40003500C3B24B43C0F30B20294617F03CFB5E
:108F5000012847D182480078022843D105F1B300A7
:108F60006946064619F06CFC9DF8000054F835106F
:108F700000F00F02C1F303418A4206D000F0F00076
:108F800001430091304619F06AFC34F83500C0F313
:108F90000721542000EB4500074619F060FC5520DE
:108FA00000EB450014F83510814619F058FC54F8D0
:108FB00035006C49884203D2401C44F8350011E06A
:108FC0003846002119F04BFC4846002119F047FCB7
:108FD0009DF8000000F0F001304619F040FC002040
:108FE00044F8350041462846FFF7A4FE97E75E495E
:108FF0000878192807D8401C0870C1075B4803D0BF
:10900000002180F8DC147047012180F8DC147047DF
:109010002DE9F34F8BB08046FFF7E9FF5048007809
:10902000022803D152484188491C4180012505EBA3
:1090300048097320484909FB00F001EB8004B4F8AB
:109040005E0018B905F0E0FBC4F85A0000270120C3
:1090500000EB4800474900EBC00202EB001040F66D
:109060000D2A01EB0016D2E107EB8700251800233B
:10907000012204A9284602F0CAFA01287ED10395EC
:1090800005F0C2FB3C4951F82810FA31884276D3EA
:1090900094F84700401EB84204D105F0B5FB3649AC
:1090A00041F82800B4F85E0094F8461006EB001072
:1090B00001702978417169788171A978C171E97865
:1090C000017229794172049822F0E8FF88B35E3476
:1090D0000BFA07FBA08840EA0B00A08005F094FB88
:1090E0008DF80800834605F08FFBC0F307258DF847
:1090F000095005F089FBC0F307408DF80A000A907B
:1091000005F082FB010E8DF80B100A982A0401EB82
:109110000B6102EB0020014434F85E0906EB0010FD
:10912000C0F801104FF08071C0F80A10A0F80EA02E
:109130003EE0FFE705F068FB8DF80800834605F088
:1091400063FBC0F307258DF8095005F05DFBC0F304
:1091500007408DF80A0013E008F8016098D001601C
:1091600074040060FFFF0F009F0200607AE002605D
:109170003C02006088D201603423026046E11DE0B9
:10918000099005F041FB010E8DF80B1009982A0497
:1091900001EB0B6102EB00200144B4F85E0006EB2A
:1091A0000010C0F801100021C0F80A10A0F80EA0AD
:1091B000B4F85E00401CA4F85E0027E14FF0010BFC
:1091C000B4F862000BFA07FB1BEA000F7ED004988C
:1091D00022F064FF50B1B4F86210012041EA0B01A3
:1091E000A4F86210FC490A78F2B30FE14634A08B70
:1091F00020EA0B00A083218B207806EB0111087078
:1092000005F002FB8DF80800834605F0FDFAC0F377
:1092100007258DF8095005F0F7FAC0F307408DF8DF
:109220000A00089005F0F0FA010E8DF80B1008986E
:109230002A0402EB002001EB0B61228B014406EBB8
:109240000210C0F80110A0F80EA003990B7843712A
:109250004B7883718B78C371CB7803720979417233
:109260000021C0F80A1000E003E0521C2283463CB3
:10927000CCE0087014F8461F208B06EB001001703C
:109280002978417169788171A978C171E978017291
:109290002979417205F0B8FA8DF80800834605F087
:1092A000B3FAC0F307258DF8095005F0ADFAC0F305
:1092B00007408DF80A00079005F0A6FA010E8DF818
:1092C0000B1001EB0B612A04079800E011E002EBA0
:1092D00000200A18218B06EB0110C0F801204FF086
:1092E0008072C0F80A20A0F80EA0491C2183463CD9
:1092F0008CE0049822F0D2FEF0B34634A08B40EA12
:109300000B00A083208B217806EB001001702978D8
:10931000417169788171A978C171E97801722979FF
:10932000417205F071FA8DF80800834605F06CFA79
:10933000C0F307258DF8095005F066FAC0F3074021
:109340008DF80A00069005F05FFA010E8DF80B10FB
:1093500006982A0401EB0B6102EB00200A18218B0E
:1093600006EB0110C0F801204FF08072C0F80A200F
:10937000A0F80EA0491C00E002E02183463C45E035
:10938000B4F86210012021EA0B01A4F8621092499E
:109390000A78DABB087014F8461F208B06EB001021
:1093A00001702978417169788171A978C171E97872
:1093B0000172297941720021C0F80A1005F024FADF
:1093C0008DF80800834605F01FFAC0F307258DF8D5
:1093D000095005F019FAC0F307408DF80A0005900E
:1093E00005F012FA010E8DF80B1005982A0401EB16
:1093F0000B6102EB00200A18208B06EB0011C1F86C
:109400000120A1F80EA0401C2083463C7F1C94F84C
:1094100047004FF0010BB8423FF726AEB4F85E505C
:1094200094F847002844192804D86B484088B0F5C0
:10943000967F6CD368480027478006E006EB05104E
:109440001022002125F0A8FF6D1C192DF6DB634DBD
:1094500055F82900C0F30721020E01EB0241C3B207
:109460008EB24FF4C870434300224146304617F095
:10947000ABF8012847D15A480078022843D108F1B7
:10948000B30001A9824619F0DBF99DF8040055F8F4
:109490003830F02100F0F00201EA13418A4206D090
:1094A00000F00F0001430191504619F0D8F935F84A
:1094B0002900C0F307216C2000EB4806304619F064
:1094C000CEF96D2000EB480B15F82910584619F01D
:1094D000C6F955F829004349884203D2401C45F893
:1094E000290010E03046002119F0B9F95846002152
:1094F00019F0B5F99DF8040000F00F01504619F07D
:10950000AEF945F8297040460C99FFF747FC3649FB
:1095100094F85E0001F808000DB001E570B5334C19
:10952000002594F86300B0B194F8620040B105F0F2
:109530006BF9616E884203D3E8B22146FFF751FC14
:1095400094F8610094F86210401A002803DDE8B234
:109550002146FFF75DFD6D1C68340C2DE1DB70BD0D
:109560002DE9FE4F04464FF0010822791B480127E0
:10957000E178012A13D007EB410350F823506D1C0A
:10958000DFF85CA09AF80030022B00D00125D4F857
:109590001200F8B10026022B05D0667408E050F8DE
:1095A00031506D1CECE7A84201D2667400E067748C
:1095B00004F11A030293A84226D2401EC3B24FF40C
:1095C000C8767343C0F30B2016F03DFE01280FD080
:1095D0004FF0000843E000003C02006098D00160BA
:1095E00074040060FFFF0F0028230260E8E70260B8
:1095F0004FF4C8763146029825F0E7FE3246FE4920
:10960000029825F0C9FE2AE0DFF8F0B3012A0BF535
:10961000165928D04FF4C871029825F0D6FEE0788C
:10962000732107EB4000414309EB8101B1F85E1063
:109630000A0100EBC00101EB00100BEB00110298D6
:1096400025F0AAFE9AF80000022808D0E0787321DD
:1096500007EB4000484309EB8000A0F85E60D4F8B7
:10966000120010B336E04FF4C871029825F0ADFE39
:10967000E0787321414309EBC101B1F85E100A01A2
:1096800000EBC00101EB00100BEB4011029825F03C
:1096900083FE9AF800000228E1D0E0787321484365
:1096A00009EBC000A0F85E60D9E7D4F8160088B9CD
:1096B000217904F11600031F01290ED0CDE9000520
:1096C000E078D4F80D2007EB4000D4F80910C0B2C0
:1096D00016F054FE4046BDE8FE8FCDE90005E07867
:1096E000D4F80D204006D4F80910000E16F046FEFE
:1096F000F0E730B500EB800202EBC002C048002169
:1097000000EBC20080F8611080F8621001EB81026A
:109710008318DA7A82B190F86120521C80F86120B7
:109720005A7AB84D1C7B2D78AC420AD04CB190F8D7
:109730006220521C80F86220491CC9B20E29E5D370
:1097400030BD9B7A022B17D0012B2AD0032BF3D1EB
:10975000C2EBC20303EB4213AB4A1A442332441850
:10976000D37884F84F301278012AE5D190F862203E
:10977000521C80F86220DFE7C2EBC20303EB021346
:10978000A24A02EB430228324418537984F84F303E
:109790001278012AD0D190F86220521C80F8622001
:1097A000CAE7C2EB021202EB4203994A1A4423327F
:1097B0004418537984F84F301278012ABCD190F8BC
:1097C0006220521C80F86220B6E72DE9F0410025A6
:1097D000DFF840828A4E2846FFF78BFF05EB8500B5
:1097E00000EBC50706EBC70494F85D0028B994F8B0
:1097F0005E0010B994F85F0098B194F8610080B1F0
:1098000094F8620018B121462846FFF793FA94F8BD
:10981000610094F86210884203D021462846FFF781
:10982000BDFA04F0F1FF6066214608EBC70068222C
:1098300025F0B2FD6D1CEDB20B2DCCD3764877A18F
:109840000A6802604A684260097A017200206D4924
:1098500000240327DFF8B0810B784FF0190C0125A5
:1098600000EB8001314401F2814100F180020A7075
:109870004F708B70CB700C71311881F8C7C4C2EB7C
:10988000C20101EB421141441E3181F808C04D7103
:109890000C60401CC0B20828E2D306F2BC46882007
:1098A00006F8130C06F8127C06F8113C06F8103C7A
:1098B00006F80F4CF5745B48C570047044701420B2
:1098C0007076B476F476812030770920707708209E
:1098D000B077F47704F098FF30624F490B200D46C3
:1098E000FFF728FA29460B20FFF758FA0020F3F774
:1098F00066FC4D4DE8600020F3F761FC28614B48A1
:109900000470BDE8F0812DE9F05F474948781428DC
:1099100003D2401C4870BDE8F09F434800224270CB
:10992000374890F8DB040028F5D00024324EDFF8E9
:10993000D8B0DFF8FC80783E3E4F06F10C054FF4BE
:109940007A7A4FF0140957F8241055F82420881A11
:10995000504512D2914210D94FF47A714843B0FB6E
:10996000F9F022F09BFB802101EB4401C1EBC10225
:1099700002EB41115944C1F81E0058F8241056F862
:1099800024000A1A524512D2814210D94FF47A703B
:109990004243B2FBF9F022F081FB812101EB44014B
:1099A000C1EBC10202EB41115944C1F81E0056F847
:1099B000241058F82400814201D046F8240055F8BC
:1099C000241057F82400814201D045F82400641C7B
:1099D000E4B2032CB7D3DFF86080134F174ED8F8EA
:1099E00000107A68881A504530D291422ED94FF42F
:1099F0007A71484324E00000F8D0016088D2016009
:109A0000E8E70260670200607AD00260511E0560DC
:109A1000112A0560C8EC026060EC02604E455457A4
:109A20004F524B0055E502603C0200609F0200600F
:109A3000741E0460801E0460240400607AE00260EA
:109A4000B0FBF9F022F02AFBC6F88804DFF8D0B2A8
:109A5000B868DBF80020111A51450AD2824208D9B1
:109A60004FF47A704143B1FBF9F022F017FBC6F8CE
:109A7000AF047968D8F80000814200D0786055F8CA
:109A80002410DBF8000081423FF445AFB86042E7A4
:109A90002DE9FF5F044604EB8400A24900EBC400FB
:109AA00001EBC008CDF808809F4901EBC006019684
:109AB000002504F0A9FE70662046FFF71AFE06F1A5
:109AC000090708F1090081465F22394625F0C3FCE9
:109AD00000285CD006F15D0108F15D00032225F04D
:109AE000BAFC18B396F8620000B1012598F861201D
:109AF00098F8621096F86130521A1B1A9A4202D0F6
:109B000045F0020543E000EB800001EB81010930E4
:109B10000931304408EB0103014602EB820218468A
:109B200025F099FC00B345F0020530E098F862009A
:109B300096F86210884208D100EB80023946484608
:109B400025F089FC10B1012500E0012598F861207D
:109B500098F8621096F8613096F86200521A1B1A53
:109B60009A4202D045F0020511E000EB800001EBC3
:109B7000810109300931304408EB0103014602EB51
:109B80008202184625F067FC08B145F00205DFF8AF
:109B90009CB104F1B300664FE907039055D057F824
:109BA0003400012201060B0DC0F30B20214616F0F4
:109BB0000BFD012849D19BF80000022841D16946DC
:109BC000039818F03DFE9DF8000057F8341000F09F
:109BD0000F02C1F303418A4206D000F0F0000143B6
:109BE0000091039818F03BFE37F83400C0F30721CA
:109BF000542000EB4409484618F031FE552000EB94
:109C0000440A17F83410504618F029FE57F834006B
:109C10004849884203D2401C47F8340011E04846C6
:109C2000002118F01CFE5046002118F018FE9DF887
:109C3000000000F0F001039818F011FE002047F832
:109C4000340031462046FFF775F8A8075FD501209C
:109C500000EB440557F82500C0F30721020E01EB85
:109C600002411FFA81FC0006030D002221466046D6
:109C700016F0AAFC01284AD19BF80000022842D124
:109C80006946039818F0DCFD9DF8000057F8343061
:109C9000F02100F0F00201EA13418A4206D000F000
:109CA0000F0001430091039818F0D9FD37F8250003
:109CB000C0F307216C2000EB4409484618F0CFFDA3
:109CC0006D2000EB440A17F82510504618F0C7FD28
:109CD00057F825001749884203D2401C47F8250051
:109CE00011E04846002118F0BAFD5046002118F056
:109CF000B6FD9DF8000000F00F01039818F0AFFDCD
:109D0000002047F8250031462046FFF747F804B009
:109D100031464046BDE8F05F682225F03DBB0000BB
:109D200028040060C8EC0260E8E702607404006088
:109D300098D00160FFFF0F0010B50446204625F0C3
:109D40006BFB401E01B204E0625C202A03D1491E75
:109D500009B20029F8DA214400204870204610BDDD
:109D600070B50646304604F0F0FF012810D0FE4DD5
:109D7000002405222946304625F06DFB20B1641CE5
:109D800024B21B35202CF4DB202C03DA204670BDD6
:109D9000F64DEDE74FF0FF3070BD70B5064630462A
:109DA00004F0D3FF012812D0F14C0025607B28B1CC
:109DB00004222146304625F04EFB20B16D1C2DB209
:109DC0001C34802DF2DB802D03DA284670BDE94C6F
:109DD000EBE74FF0FF3070BD70B5002A10D0E24ABB
:109DE000002384789578AC420CD1C578D678B542FA
:109DF00008D105781678B54204D10B70012070BDEA
:109E0000DA4AEDE75B1C9BB21B32202BEAD3002021
:109E100070BD70B5002A14D0D54A00238478957897
:109E2000AC4210D1C578D678B5420CD14578567879
:109E3000B54208D105781678B54204D10B700120DF
:109E400070BDCC4AE9E75B1C9BB21C32802BE6D389
:109E5000002070BDF0B589B0DDE90E7C109DC64CC8
:109E600024788DF80A408DF80B0001F01F0001F0F6
:109E7000E0040021BCF1020F05D0002682B380323D
:109E80008DF80C2033E00126022815D01B2813D0B2
:109E9000B0B11C2814D0012816D01D2814D00428D5
:109EA00016D01E2814D0052816D0152814D0032843
:109EB00017D0142815D044E01C348DF8094040E038
:109EC0001D348DF809403CE01E348DF8094038E01F
:109ED0001F348DF8094034E016348DF8094030E025
:109EE00003E015348DF809402BE08DF80C100128A3
:109EF00006D0022808D004280AD003280CD020E07D
:109F000018348DF809401CE019348DF8094018E028
:109F10001A348DF8094014E0BCF1010F28D0E01C80
:109F20008DF809006DB105F1200000F01F022244F8
:109F30008DF809209DF80C2000F0600002438DF898
:109F40000C208DF808308DF81110324601A902A8B6
:109F5000FFF75FFF002809D07EB19DF80400844917
:109F6000C0EBC00001EB8000C0F8057009B0F0BD87
:109F700004F11B008DF80900D4E77E4C9DB12A4600
:109F800039466846FDF70DF97C49009825F005FC37
:109F900025F01AFD9DF80410C1EBC10104EB81010D
:109FA000C1F80500E2E74FF47A7047439DF80400DA
:109FB000C0EBC00004EB8000C0F80570D6E7F0B538
:109FC00089B00F46DDE90E61109C154600228DF820
:109FD0000C208DF80A008DF80B70681CC0B28DF84B
:109FE00009005B1E8DF808308DF8112002292ED053
:109FF00005F01F0205F0E000012A2CD0022A2ED025
:10A00000042A30D0012933D0C11C8DF8091054B175
:10A0100004F1200202F01F0108448DF8090002F04B
:10A0200060008DF80C0000252A4601A902A8FFF760
:10A03000D3FE00289AD005B39DF804004A4900EBEE
:10A04000C00000EB40000844C0F805608EE7012521
:10A050008DF80900E8E718308DF80900E3E71930BA
:10A060008DF80900DFE71A308DF809000124DAE7DE
:10A0700000F11B018DF80910C9E73C4DA4B122463F
:10A0800031466846FDF78DF83C49009825F085FB80
:10A0900025F09AFC9DF8041001EBC10101EB410190
:10A0A0002944C1F8050061E74FF47A7046439DF8F2
:10A0B000040000EBC00000EB40002844C0F805603D
:10A0C00054E72DE9F04704460E46204604F03DFED5
:10A0D000012812D0264D002E71DA204604F035FEFC
:10A0E000DFF89C80274F4FF0FF39012807D03878E0
:10A0F00080280AD34846BDE8F0871E4DEBE798F864
:10A100000000802801D34846F5E72046FFF745FECA
:10A11000002807DBC0EBC00105EB81014A7B521C24
:10A120004A73E8E70026687B30B1761C36B21C35EE
:10A13000802EF8DB4846DEE7204604F006FE0322C8
:10A1400001234FF0020C4FF00409012838D0607849
:10A15000217900F01F0001F06001014494F80380B0
:10A16000C6EBC60A02480FE0C8780360287C03608B
:10A17000887F0360888D03606702006000007A4476
:10A180006B0200606A02006000EB8A0080F81480B5
:10A1900094F801A094F800800AF0E00A08EBCA08DD
:10A1A000A0F817801C2960D01D2961D01E2963D01A
:10A1B0001F2964D0162965D0152967D068E075E09D
:10A1C0006078217900F01F0001F060010144E77818
:10A1D000C6EBC60AFE4800EB8A00077527795FEADE
:10A1E000076A0DD594F801A00AF0E00A4FEACA0AFE
:10A1F0000AEBC72794F800A05744A0F8177008E0AE
:10A2000094F801A027780AF0E00A07EBCA07A0F843
:10A210001770032911D01B2912D0182914D019291D
:10A2200015D01A2916D0A1F12107032F15D82039EE
:10A2300002EB0121A0F8151011E0A0F815200EE0A6
:10A240008321A0F815100AE0A0F8153007E0A0F867
:10A2500015C004E0A0F8159001E0A0F8152098F8CA
:10A260000000401C88F8000015E0A0F815C00FE0C1
:10A270000021A0F815100BE0A0F8153008E0A0F8B8
:10A28000159005E00521A0F8151001E0A0F81520B3
:10A290003878401C387020682860207928714FF089
:10A2A0005530C5F805006B73304624E7C6EBC60091
:10A2B00005EB8000417B491C417330461BE72DE9CB
:10A2C000F04705460E46284604F03FFD012812D00F
:10A2D000C04C002E6FDA284604F037FDBE4FDFF881
:10A2E000FC824FF0FF39012807D098F800002028A1
:10A2F00008D34846FFE6BA4CEBE73878202801D36C
:10A300004846F8E62846FFF72BFD0028F2DA00263B
:10A31000A07B30B1761C36B21B34202EF8DB4846C9
:10A32000E9E6284604F011FD4FF00109012854D157
:10A330006878297900F01F0001F06001014406EB04
:10A34000C60000EB4003A648AA78184482702A7918
:10A3500013060AD56B7803F0E003DB0003EBC2229F
:10A360002B781A44A0F8172007E06B782A7803F0BE
:10A37000E00302EBC302A0F81720EA78AAB1027545
:10A380000322032914D01B2916D0182918D0192903
:10A3900019D01A291BD0A1F12103032B1BD8203976
:10A3A00002EB0121A0F8151017E0FF220275E7E784
:10A3B000A0F8152011E02AE08321A0F815100CE088
:10A3C000A0F8159009E00221A0F8151005E004217D
:10A3D000A0F8151001E0A0F8152028682060287961
:10A3E00020714FF05530C4F80500284604F0ADFC4C
:10A3F000012808D098F80000401C88F8000084F874
:10A400000E90304677E63878401C3870F7E706EB58
:10A41000C60000EB40002044817B491C817330461C
:10A4200069E670472DE9F047002400256D4F4FF095
:10A430003C08DFF8B4A128E07F2C24D26448C5EBA7
:10A44000C50100EB810904EB840007EB80061422B0
:10A450004946304624F0A0FFD9F8050006F070F90F
:10A46000C6F80500D9F8100025F08BFA25F0ACFAF3
:10A4700006F066F930615D4830F81400B0FBF8F082
:10A48000F073641CE4B26D1CEDB29AF800008542D2
:10A49000D2D30025DFF858A12CE07F2C28D25548D4
:10A4A000C5EBC50100EB810904EB840007EB8006D6
:10A4B00014224946304624F06FFFD9F8050025F0F4
:10A4C00057FA25F081FA06F03BF9C6F80500D9F8ED
:10A4D000100025F056FA25F077FA06F031F93061D0
:10A4E000454830F81400B0FBF8F0F073641CE4B297
:10A4F0006D1CEDB29AF800008542CED30025DFF83E
:10A50000D8A02EE01F2C2AD205EBC50000EB40019D
:10A510003348142201EB000904EB840007EB8006AA
:10A520004946304624F038FFD9F8050025F020FAD6
:10A5300025F04AFA06F004F9C6F80500D9F810002B
:10A5400025F01FFA25F040FA06F0FAF830612B48A2
:10A5500030F81400B0FBF8F0F073641CE4B26D1C2A
:10A56000EDB29AF800008542CCD30025DFF86CA04C
:10A5700049E01F2C2AD205EBC50000EB400115482D
:10A58000142201EB000904EB840007EB8006494626
:10A59000304624F001FFD9F8050025F0E9F925F04F
:10A5A00013FA06F0CDF8C6F80500D9F8100025F02A
:10A5B000E8F925F009FA06F0C3F83061104830F8E0
:10A5C0001400B0FBF8F0F073641CE4B26D1C19E0E9
:10A5D000888D0360C87803606902006068020060CB
:10A5E000287C0360642302606B020060B4B10360E6
:10A5F0006A020060887F0360B4B0036074B00360D7
:10A6000034B00360EDB29AF800008542B1D3C4F1D2
:10A61000800000EB8000810004EB840007EB8000E9
:10A62000BDE8F04724F0D1BE2DE9F047FE4DDFF83C
:10A63000FC83002798F8000080284FD20026A94606
:10A6400048E0A87818B1E87808F02AFD04461C2CE8
:10A650003DD0152C3BD0142C39D0162C37D02B2CB8
:10A6600035D02C2C33D05F2C31D0482C2FD02E2C31
:10A670002DD0C6EBC60009EB8001ED4A087D02EB48
:10A68000D00200F0070312780120984002422AD13C
:10A690004CB3EF7398F80000C8B1EF72801B401EF6
:10A6A000C0EBC000820005F11C01284624F074FEB6
:10A6B00098F800001C21401EC0EBC00009EB800090
:10A6C00024F083FE98F80000401E88F80000761CF5
:10A6D000F6B21C3598F800008642B2D3D54D00245E
:10A6E000A846D54E64E0D54A32F81600401C22F840
:10A6F000160091F90F007F2803D0002801DD401ECD
:10A70000C87395F90F000028E1DC98F800000028D4
:10A71000DDD0EF72801B401EC0EBC000820005F14F
:10A720001C01284624F038FE98F800001C21401E29
:10A73000C0EBC00009EB800024F047FE98F8000051
:10A74000401E88F80000C2E7C4EBC40008EB80029A
:10A7500092F90F007F2803D0002801DD401ED0733E
:10A76000B74A32F81400401C22F81400E87A012895
:10A770001BD195F90F00002817DCB1B1EF72081B4F
:10A78000401EC0EBC000820005F11C01284624F0E9
:10A7900003FE30781C21401EC0EBC00008EB800097
:10A7A00024F013FE3078401E3070641CE4B21C3577
:10A7B00031788C42C8D3A34D0024A946DFF88882A3
:10A7C0004FF0553640E004EBC40000EB400000EBD6
:10A7D000090191F90F007F2803D0002801DD401EF8
:10A7E000C8739A4931F81400401C21F81400E87A23
:10A7F000012826D195F90F00002822DCEF72101BEA
:10A80000401E00EBC00000EB400205F11B01284692
:10A8100024F0C2FD98F800001B21401E00EBC00090
:10A8200000EB4000484424F0D0FD98F80000401EA2
:10A8300000EBC00101EB41014944C1F8056088F813
:10A840000000641CE4B21B3598F800209442BAD38F
:10A850007F4D0024A946DFF8FC8140E004EBC400F2
:10A8600000EB400000EB090191F90F007F2803D0B5
:10A87000002801DD401EC873774931F81400401CE0
:10A8800021F81400E87A012826D195F90F00002854
:10A8900022DCEF72101B401E00EBC00000EB4002F8
:10A8A00005F11B01284624F077FD98F800001B21D4
:10A8B000401E00EBC00000EB4000484424F085FD42
:10A8C00098F80000401E00EBC00101EB4101494433
:10A8D000C1F8056088F80000641CE4B21B3598F8E4
:10A8E00000209442BAD3BDE8F0479BE5F8B5054691
:10A8F0000C4669784A1E0B2A73D85848032903D09E
:10A900002B780E5CB34206D303296AD1085C2B78FE
:10A910000C30834265D2524B4FF47A700A2A2DD202
:10A92000DFE802F0053669C0CAD7E1FBFBEE297803
:10A930004C4AC1EB011101EB41011144009191F826
:10A9400023200ABB91F92820F2B1A2F10C060A2EAD
:10A950000DD9173A072A06D802EBC20606EB0212F7
:10A960009A5C012A03D091F8251049B907E091F8C3
:10A97000251001B1002021F091FB2060CDE00020E6
:10A9800021F08CFB2060C8E0D1F81E002060C4E0FC
:10A990002978C1EBC10202EB0111334A02EB4101FC
:10A9A000009191F8282012BB91F82D20FAB1A2F164
:10A9B0000C060A2E0DD9173A072A06D802EBC20652
:10A9C00006EB02129A5C012A03D091F8261051B9C5
:10A9D00008E091F8261001B1002021F05FFB206013
:10A9E0009BE09CE0002021F059FB206095E0D1F82D
:10A9F0001E00206091E02978C1EBC10202EB4111F9
:10AA00001A4A1144009191F8232062B991F8262046
:10AA10004AB1A2F10C060A2E33D9173A072A2CD8CC
:10AA200002EBC20624E039E0888D03606B0200600F
:10AA3000B23A0460887F03606A020060B4B10360C8
:10AA4000B4B00360287C03606902006074B00360E6
:10AA5000C87803606802006034B00360B916040867
:10AA6000E2CB0260112A0560511E05607AD00260B7
:10AA700006EB02129A5C012A03D091F8241049B91E
:10AA800007E091F8241001B1002021F007FB2060BD
:10AA900043E0002021F002FB20603EE0D1F81E00E0
:10AAA00020603AE02878F849C0EBC00001EB800054
:10AAB000D0F80700206030E02978F44AC1EBC101EA
:10AAC00001EB410102EB4101897F01B900202060C7
:10AAD00023E02978EE4A01EB41111144897F01B945
:10AAE0000020206019E0297801EB810202EB41117E
:10AAF000E84A114491F8201001B9002020600CE0D0
:10AB0000297801EB810202EBC101E34A02EBC101AA
:10AB100091F8631001B9002020602878F8BD00206A
:10AB20002060401EF8BD2DE9F84F04460D466178BF
:10AB300000260A46491E0B2967D8D84F2078D25DD7
:10AB400090426FD20A29FCD2DFE801F005F3F2F15E
:10AB5000F0EFEE6C6CEDC0EB0011D14F01EB410159
:10AB600039440091CF4E0A22325491F9220000B9A3
:10AB70001BB1012856D1012BFCD191F82300DFF83D
:10AB800028B3DFF82893DFF828A3E8B304F092FA9B
:10AB90002678B04208DD286824F0EAFEC54924F092
:10ABA0002EFE0BEB8611486204F084FA01462078F1
:10ABB00081422DDCC0490978884229D2C0EB0011BE
:10ABC00001EB41013944D1F81E10BC4B2A8823F80F
:10ABD0001020286888421BD0D9F80000F1F74CFDFE
:10ABE000DAF80000F1F748FD21780022C1EB0110EE
:10ABF00000EB4000384407F0D2F8DAF80000F1F733
:10AC00008DFDD9F8000001E00DE0BDE1F1F786FD12
:10AC100020780021FBF7A8FD286821F03FFA009971
:10AC2000C1F81E00ADE104F045FA2678A44AB0420E
:10AC300048DDC6EB061000EB4000384490F92800D0
:10AC4000A0F10C010A290DD91738072806D800EB06
:10AC5000C00101EB0010105C012803D02868D8B1B6
:10AC600001201AE0286898B1002024F08AFE0BEB3E
:10AC70008611486220781BF0DEFD58B10020217853
:10AC8000C1EB011101EB4101394481F8250062E07B
:10AC90000120EAE70120F2E7002024F072FE0BEB2E
:10ACA0008611486220781BF0C6FD08B1012000E043
:10ACB00000202178C1EB011101EB4101394481F8F9
:10ACC000250048E0C6EB061000EB4000C11991F9E1
:10ACD000258091F92800A0F10C030A2B0DD9173813
:10ACE000072806D800EBC00303EB0010105C012816
:10ACF00003D02868F0B101201DE0286830B10020A1
:10AD000081F82500286818B1002003E00120F7E74A
:10AD10004FF47A702178C1EB011101EB4101394404
:10AD2000C1F81E0017E01DE10BE1FEE0ECE0DCE005
:10AD300092E051E0002081F82500286810B14FF41E
:10AD40007A7000E000202178C1EB011101EB410194
:10AD50003944C1F81E002078C0EB001101EB41011D
:10AD6000394491F8251021B14FF47A7104F0BAF802
:10AD700002E0002104F0B6F804F09CF901462078C6
:10AD800081423FF745AF4C4909788842BFF440AF54
:10AD9000C0EB001000EB4000384490F9250040451E
:10ADA0003FF436AFD9F80000F1F766FCDAF800009E
:10ADB000F1F762FC21780022C1EB011000EB4000AA
:10ADC000384406F0ECFFDAF80000F1F7A7FCD9F8F8
:10ADD0000000F1F7A3FC1BE7C0EBC001394F01EB0A
:10ADE000001007EB4000009090F9271001B91BB14B
:10ADF000012947D1012B45D190F8281031B9296894
:10AE000009B1012100E0002180F82610286821F016
:10AE100045F9286821F042F90099C1F81E00207810
:10AE2000C0EBC00101EB001007EB400191F82D00D1
:10AE3000192803D00F2801D01D2823D1D1F81E00D6
:10AE400021F02CF9F0B920781F4941F820602178D1
:10AE50001E4A0120505494E0C0EBC00101EB4010A9
:10AE60001B490844009090F8221001B91BB1012938
:10AE700008D1012B06D190F8231021B9296849B3D4
:10AE8000012129E03FE029E0CEE50260B837036008
:10AE9000C83F03602ACE0260E8E70260B9160408E2
:10AEA000112A05603ED00160B46803601803006099
:10AEB0006004006000007A44EA02006036B9026073
:10AEC000E2CB0260511E0560184D0460385C0460DE
:10AED0007AD00260FFE7002180F82410286821F072
:10AEE000DDF80099C1F81E004BE0FA49C0EBC00044
:10AEF00001EB80000090C07C00B91BB1012840D15B
:10AF0000012B3ED128683CE0C0EBC000F24900EBC9
:10AF1000400001EB40000090C07F00B91BB1012848
:10AF20002FD1012B2DD128682BE0EC4900EB4010EC
:10AF300008440090C07F00B90BB110B30BB3286870
:10AF40001FE000EB800101EB4010E5490844009050
:10AF500090F8210000B91BB1012812D1012B10D1AA
:10AF600028680EE000EB800101EBC000DD4901EB39
:10AF7000C0000090296809B1012100E0002180F89B
:10AF800063102078BDE8F88F667026702E604FF051
:10AF9000FF30F7E72DE9FF4F87B00746DDF8508017
:10AFA0000D46994600263868049038798DF81400CB
:10AFB00004A803F0FEFE9DF81200741EF0B1CA4909
:10AFC0000978884205D19DF813208A427DD0002A55
:10AFD000FCD04FF00009884278D104A8FEF7DDFECE
:10AFE000B0F1000A0CDA214604A8FFF76AF8B0F1C4
:10AFF000000A05DA20460BB0BDE8F08F2046FAE7DC
:10B0000004A803F0A2FE01280DD0B849CAEBCA007B
:10B0100001EB800460781C2878D01D2877D0B44ECE
:10B02000012875D0F7E0B348CAEBCA0100EB8104F0
:10B030006178207901F01F0200F06003D7184FEA11
:10B04000511B010601D500F01F060998032FC0B25D
:10B05000069007D01A2F05D01B2F03D0A7F121008F
:10B06000032814D80998B8B1D4F805000399884288
:10B070000DD0069800904FEA0B2000EBC6212078F7
:10B080002B46084482B2217D102008F0BFFB182F08
:10B090003FD0192F3DD051E0D4F8051028688142E7
:10B0A000F5D0A7F1210103291CD824F061FC9249B5
:10B0B00024F0A5FBA7F12001CAB203A9FCF743F8CD
:10B0C000042000904FEA0B2001E095E259E100EBEB
:10B0D000C621207803AB084482B2217D102008F0FD
:10B0E00095FBD4E74FF47A7190FBF1F003900120C7
:10B0F00000904FEA0B2000EBC621207803AB0844F8
:10B1000082B2217D062008F081FBC0E74CE064E0BC
:10B110007CE0099818B3D4F80500039988420DD053
:10B12000069800904FEA0B2000EBC62120782B46B2
:10B13000084482B2217D0F2008F068FB099801289D
:10B1400029D0B8F1000F29D0B8F1020F29D07F2003
:10B15000E0736A4820F81A90C4F8109005E1D4F81A
:10B16000051028688142E9D024F002FC624924F0ED
:10B1700046FB24F029FC0390012000904FEA0B20AD
:10B1800000EBC621207803AB084482B2217D052064
:10B1900008F03CFBD2E73C20E073DAE71420E073D0
:10B1A000D7E73C20E073D4E7D4F805102868814243
:10B1B00012D024F0DDFB504924F021FBCDE9000939
:10B1C0009DF813309DF812209DF81010022000F019
:10B1D000ADFF2868C4F8050071E0D4F805102868B0
:10B1E00081426CD024F0C4FB434924F008FBCDE934
:10B1F00000099DF813309DF812209DF810100020D2
:10B2000000F094FF2868C4F8050058E09DF810107D
:10B210003278914204D21E2802D0012830D034E086
:10B22000D4F8052029688A4249D01E2816D008463D
:10B2300024F09EFB304924F0E2FACDE900099DF8A4
:10B24000100031789DF81330411A9DF8122001202A
:10B2500000F06CFF2868C4F8050030E0084624F0D0
:10B2600087FB254924F0CBFACDE900099DF813307E
:10B270009DF812209DF81010012000F057FFE9E71B
:10B280009DF810103278914201D31F2817D1D4F8BD
:10B2900005102868814212D024F06AFB164924F078
:10B2A000AEFACDE900099DF813309DF812209DF803
:10B2B0001010042000F03AFF2868C4F805006078F8
:10B2C00016282ED1D4F805102868814229D0B8B1AB
:10B2D000012016E0CEE50260B8370360C83F036086
:10B2E0002ACE0260E8E7026067020060887F0360A0
:10B2F0009D020060888D036000007A44B4B1036051
:10B30000002024F03EFBCDE900099DF813309DF8A4
:10B3100012209DF81010052000F008FF2868C4F8DE
:10B3200005006078152818D1D4F8051028688142E6
:10B3300013D008B1012000E0002024F022FBCDE969
:10B3400000099DF813309DF812209DF8101003207D
:10B3500000F0ECFE2868C4F805009DF813109DF875
:10B360001200002203F08EFC2061B8F1000F05D01E
:10B370007F20E073FE4820F81A9046E10A20E0732F
:10B38000F8E704A8FEF7ECFCB0F1000A08DA214661
:10B3900004A8FEF794FFB0F1000A01DA20462AE67D
:10B3A00004A803F0D2FC012809D00AEBCA00F14935
:10B3B00000EB400044189DF81300E8B387E00AEB67
:10B3C000CA00ED4900EB400044186178207901F093
:10B3D0001F0200F06003D7184FEA511B032F09D05A
:10B3E0001A2F07D01B2F05D0182F03D0A7F121014A
:10B3F000032943D8010601D500F01F06D4F8051033
:10B40000286881423AD0A7F1210103291CD824F0F1
:10B41000AFFADA4924F0F3F9203FFAB203A9FBF7B7
:10B4200092FE022003A9CDE900104FEA0B202178FB
:10B4300000EBC620084400E045E083B2E278A07843
:10B44000102109F071F916E04FF47A7190FBF1F0D8
:10B450000390182F20D0012003A9CDE900104FEA56
:10B460000B20217800EBC620084483B2E278A07854
:10B47000062109F059F92868C4F80500B8F1000F51
:10B480001BD0B8F1020F1BD07F20E073BC4820F81E
:10B490001A90C4F81090B8E0012003A9CDE900107B
:10B4A0004FEA0B20217800EBC620084483B2E278F3
:10B4B000A078052109F038F9DDE71E20E073E5E703
:10B4C0003C20E073E2E79DF812008DF81300D4F8F9
:10B4D00005100391607803280CD002280AD00128B7
:10B4E00008D01C282AD01D286FD01E283ED01F2827
:10B4F00054D06AE02868884267D09DF813109DF800
:10B500001200022203F0BEFB064630005DD09DF81B
:10B510001010607802AA00F0F1FD0746286824F0B8
:10B5200027FA24F06AFA03469DF8082039B230461B
:10B5300000F0E2FF2868C4F8050046E02868884269
:10B5400043D024F015FA8D4924F059F90221CDE9B0
:10B5500000019DF813309DF812209DF81010022074
:10B5600000F0E4FD2868C4F805002EE02868884251
:10B570002BD024F0FDF9814924F041F90221CDE9D5
:10B5800000019DF813309DF812209DF81010012045
:10B5900000F0CCFD2868C4F8050016E02868884251
:10B5A00013D024F0E5F9754924F029F90221CDE9F9
:10B5B00000019DF813309DF812209DF81010042012
:10B5C00000F0B4FD2868C4F805009DF813109DF83C
:10B5D0001200022203F056FB20616420F0F7A1FF65
:10B5E000B8F1000F05D07F20E073664820F81A906C
:10B5F0000BE01E20E073F8E7B9F1010F05D14B46CF
:10B6000029463846099AFFF78EFA0120F3E42DE91E
:10B61000FE4F81460C4617461D464FF00008CDF8F8
:10B620000080D9F80000019099F804008DF8080016
:10B6300001A803F0BEFB9DF806004FF0FF36E8B10D
:10B6400051490978884205D19DF807208A4272D075
:10B65000002A70D04FF0553A4FF07F0988425BD1F5
:10B6600001A8FEF79AFB051E0ADA314601A8FEF78B
:10B6700028FD051E04DA3046BDE8FE8F3046FBE7A4
:10B68000802D1ADA01A803F060FB012816D03F488C
:10B69000C5EBC50100EB81060022F178B07803F01C
:10B6A000F1FA3061D6F80500504531D0206067B31B
:10B6B00086F80F902E4820F81580ADE03448C5EB91
:10B6C000C50100EB8106C6F81080D6F805004FF0E2
:10B6D000140B50450CD020F0E1FC20602FB186F80F
:10B6E0000F902C4820F8158096E086F80FB0F8E708
:10B6F00047B186F80F90274820F81580C4F80080DD
:10B700000020B9E786F80FB0F5E70A20F073D1E71B
:10B71000C4F800800020AFE7012D0DD001A8FEF78E
:10B720001FFB051E0ADA314601A8FEF7C8FD051EFB
:10B7300004DA3046A0E769E030469DE7202D6BDA59
:10B7400001A803F002FB4FF01E0B012832D005EBDD
:10B75000C50000EB4001074802220E18F178B078CE
:10B7600003F090FA3061CFB386F80F90054913E0EB
:10B77000B4B00360C8780360287C036000007A449A
:10B7800074B0036034B0036067020060887F0360B8
:10B79000888D0360B4B1036021F81580D6F80500E8
:10B7A00050452FD048B320604FB386F80F9021F852
:10B7B000158031E005EBC50000EB40012B48084443
:10B7C000C0F81080D0F80510294A51450AD02160F0
:10B7D0002FB180F80F9022F815801DE00AE080F864
:10B7E0000FB0F8E780F80FB022F81580C4F8008099
:10B7F000002041E786F80FB0B8E700203CE786F864
:10B800000FB0D4E7C4F80080002035E76946484609
:10B81000FFF76CF80098206001202DE73EB500246A
:10B82000144DC4EBC40000EB800015F81010002983
:10B830001AD005EB4000C17A8DF80410817A8DF89A
:10B840000510017A8DF80610407A8DF80700002067
:10B850008DF8080001231A46694601A8FFF7D7FEB4
:10B86000641CE4B2F02CDCD33EBD0000287C0360F5
:10B8700074B0036018F60260FE490879002807D00A
:10B880004879421E4A7101D3002070470020087198
:10B890000120704770B5CCB00446F74800798DF8A8
:10B8A0000400A07801AE5E2802D0C2280DD032E09C
:10B8B00003208DF80500B4F80500000A8DF8080093
:10B8C00060798DF80900062525E02088C01F022830
:10B8D00016DD10208DF80500B4F80500000A8DF87B
:10B8E000080060798DF809002078C01F8DF80A00E3
:10B8F0002288E249D21FF01D23F04EFD25880AE080
:10B9000006208DF80500DD4801788DF80810407894
:10B910008DF80900062520798DF80600E0788DF86D
:10B920000700E9B201A809F09EFD010A71557119DD
:10B93000487001A904200AF095FE4CB070BD2DE9B5
:10B94000F05F05460E464FF000080027DFF830A3F1
:10B95000DFF830B307EB870000EB471000EB0B0973
:10B96000B9F9230020F09BFB00283BDD002433E0E5
:10B9700007EB4700C0EBC7100AEB0010015D9E29E2
:10B9800028D120448178427901F01F0102F0600241
:10B990001144042C1ED910F8012C9D2A1AD010F83D
:10B9A000022C9D2A16D010F8032C9D2A12D010F8D4
:10B9B000042C9D2A0ED0032906D0A1F11802072AD3
:10B9C00002D92139032905D8C178A94202D1C6700C
:10B9D0004FF00108641CA4B2B9F9230020F05FFB0A
:10B9E000A042C5DC7F1CFFB2102FB3D30022A64CAF
:10B9F000002002EB820101EBC20104EBC10300EB6A
:10BA000080011944CF7AAF4206D1CE720F7BAF428C
:10BA100000D10E734FF00108401C80B20E28EED307
:10BA2000521CD2B20C2AE3D30020984AC0EBC001CA
:10BA300001EB810102EB41010B7AAB4206D10E72A0
:10BA40004B7AAB4200D14E724FF00108401CC0B29D
:10BA5000F028EBD3B8F1000F06D08D490120C87350
:10BA6000BDE8F05F03F00FBEBDE8F09F2DE9F05F89
:10BA700005460E464FF000080027DFF804A2DFF865
:10BA800004B207EB870000EB471000EB0B09B9F994
:10BA9000230020F004FB00283BDD002433E007EB0B
:10BAA0004700C0EBC7100AEB0010015D9E2928D1AA
:10BAB00020448178427901F01F0102F060021144B4
:10BAC000042C1ED910F8012C9D2A1AD010F8022C33
:10BAD0009D2A16D010F8032C9D2A12D010F8042CA1
:10BAE0009D2A0ED0032906D0A1F11802072A02D9F7
:10BAF0002139032905D8C178A94202D1C6704FF077
:10BB00000108641CA4B2B9F9230020F0C8FAA042CD
:10BB1000C5DC7F1CFFB2102FB3D300225A4C00208B
:10BB200002EB820101EBC20104EBC10300EB8001D7
:10BB30001944CF7AAF4206D1CE720F7BAF4200D10B
:10BB40000E734FF00108401C80B20E28EED3521C39
:10BB5000D2B20C2AE3D300204C4AC0EBC00101EB67
:10BB6000810102EB41010B7AAB4206D10E724B7A96
:10BB7000AB4200D14E724FF00108401CC0B2F02819
:10BB8000EBD3B8F1000F06D041490120C873BDE8DE
:10BB9000F05F03F078BD67E73E4B00223549187827
:10BBA000002808D00878401CC0B20870032801D9CA
:10BBB0001A700A7070470A70704710B50022354B32
:10BBC0002C4C02280DD0032810D0042813D00128B3
:10BBD0000BD11A7029480C38427A642A10D21620E8
:10BBE00011E01A7004200870A08910BD1A70052099
:10BBF0000870A08910BD1A7006200870A08910BDB9
:10BC000000780A30C0B203220A7010BD30B40A4670
:10BC1000072A53D3817A174C12294CD0E179002995
:10BC20004CD1111DA1811C4B417919701B4903781E
:10BC30000B700C234B701A4B1B881D0A8D70CB7038
:10BC400006230B710C4BDD7B4D711D7C8D715D7C72
:10BC5000CD719B7C0B72BA234B72C0238B7211493E
:10BC6000096821610121A1710A490B78002B25D1B6
:10BC7000022319E050020060B24C04602AAF026057
:10BC8000C62F02602ACE0260E8E7026018F6026062
:10BC9000A4B50360CE070060A6070060F812056037
:10BCA00094030060300000600B70D21FC11D30BCD7
:10BCB000F84823F071BB0A21E171B2E730BC70474C
:10BCC0002DE9F0411446F44B81221A700A225A7071
:10BCD000A51E2A0A9A70DD700A781A7108225A7114
:10BCE0008A789A71CA78DA7101221A725872A4F1AC
:10BCF0000C020C3103F10A0023F04EFBE74E3078C2
:10BD0000092811D240F22D114843E54FA21E07EB3E
:10BD10004000E14923F040FB307840F22D114843C8
:10BD200007EB4000A0F8585230780A2803D2401C94
:10BD30003070BDE8F08100203070FAE730B54FF088
:10BD4000FF35002804D00021D74AD64B12780CE0EA
:10BD5000284630BDC1EBC10403EB8404647E8442F9
:10BD600001D148B230BD491CC9B29142F2D3284634
:10BD700030BD30B54FF0FF35002804D00021CC4A4B
:10BD8000CA4B14780DE0284630BD01EBC10202EB2E
:10BD900042021A44527E824201D148B230BD491C4F
:10BDA000C9B2A142F1D3284630BD30B54FF0FF35BE
:10BDB000002804D00021C04ABE4B14780DE028466C
:10BDC00030BD01EBC10202EB42021A44527E8242B4
:10BDD00001D148B230BD491CC9B2A142F1D32846B5
:10BDE00030BD2DE9FF5F04468A46012700264FF04B
:10BDF000020B4FF0AC0804F10B05002A43D0012AD6
:10BE00003FD194F801A05046FFF7B3FF8146B9F146
:10BE1000FF3F6ED0A9480770E07A44286AD0912885
:10BE200069D0617B5E292CD1217CB0EB410F0FD111
:10BE3000607DA17C227D00EB0160E17C090401EBC7
:10BE40000221084423F09DFD9D4923F0D8FC039076
:10BE50009B49039823F0A1FC23F0B6FDCDE901B680
:10BE6000009009EBC900914900EB40000A5C0844CE
:10BE7000521C4178D3B2491ECAB2C1788078FEF70D
:10BE80009EF8BDE8FF9FDFF83C9299F80600012874
:10BE900002D0022832D08AE07F48812101700A2135
:10BEA00041700AF10605290A8170C5700771467153
:10BEB00052462146801D23F06FFA784C20780928DD
:10BEC00011D240F22D114843754F2A4607EB40002E
:10BED000714923F061FA207840F22D11484307EBB5
:10BEE0004000A0F8585220780A2805D2401C207043
:10BEF0005DE06CE05EE065E0267058E072496078D5
:10BF00000978884253D171480770A078122805D06B
:10BF1000E07A442822D0912828D02BE020792044B0
:10BF2000017B5E2943D1817AC27BB1EB420F3ED1C6
:10BF3000817C027D037E01EB0221827D120402EBF3
:10BF400003628B1862492B2209785143614A1144DC
:10BF5000C1F8053090F82000887228E084F80B8042
:10BF600003AA0A2128461CF0FCF903E0207B23F0F9
:10BF700008FD03905249039823F00FFC23F024FDA1
:10BF8000CDE901B6009054480078C0EBC0014548A7
:10BF900000EB8100B0F81720417D02F47F4301EBF4
:10BFA000D301D3B2C9B2007D0022FDF753FF89F857
:10BFB000066066E784F80B8003AA0A2128461CF075
:10BFC000D0F945E7207B23F0DCFC039040E74348B1
:10BFD00000785045EDD1E07A4428EAD184F80B800E
:10BFE00003AA0A2128461CF0BCF93D4807700398B3
:10BFF00023F003FD3B49087043E730B5ADF5197DEB
:10C0000004460D46D4F8060097AA98A91BF058FBE1
:10C010009DF86012062903D000200DF5197D30BD72
:10C02000D4F8061001AA084497991BF0BEFD9DF8AC
:10C030000A006328F1D19DF80C102970EDE710B5C6
:10C040000021294B234A1B780CE02B2404FB0124FC
:10C050002468844204D12B2000FB0120007910BD0C
:10C06000491CC9B29942F0D3002010BD10B5002080
:10C070001E4A1D4B1749B2F807201B783AE02B24C3
:10C0800004FB00142468A24232D12B2200FB0210D0
:10C09000007910BD03130560C6AC02605C0100604E
:10C0A000AAA50160887F03606A020060C878036007
:10C0B00068020060287C036069020060050300607C
:10C0C00000007A44500200604C0300604D030060A1
:10C0D00047030060889B036046030060080300601C
:10C0E00006030060070300606C0200601EAF026080
:10C0F000401CC0B29842C2D30020CAE703460128C0
:10C100000DD0022B06D0032B0DD141F69C7000EB15
:10C11000410008E041F63C5000EB410003E041F6ED
:10C12000BC3000EB41000221117070472DE9FF4F38
:10C13000ADF51D7D8246AA9FAB9C9346994622464B
:10C140004946584602F09EFD05464FF0FF367DB148
:10C1500000200DF1140814B1022C28D008E0FA498F
:10C1600091F82A20092A08D091F82810092904D02A
:10C1700030460DF5217DBDE8F08FF449CA790AB14A
:10C180003046F6E702228A71F14A04211170F14922
:10C1900081F80090CDE90080CDE902765523049422
:10C1A000514628469E9A1FF094F90120E1E7EA4A99
:10C1B00001211170E94A1188491C11808146E84823
:10C1C00080F80090E749584602F026FDE649052030
:10C1D0000870CDE902765523CDE9008904945146D3
:10C1E00028469E9A1FF075F9C3E7F0B5ADF53F7D7F
:10C1F00007460E4615463421B2A823F0E6F834214E
:10C20000A5A823F0E2F80024A4944FF418710CA818
:10C2100023F0DBF8089409940A940B94142101A8E4
:10C2200023F0D3F8D148C58086804FF48270ADF8F2
:10C2300020000120CDF822000720ADF818005E2074
:10C240008DF81A00ADF81B60ADF81D50BF48048191
:10C250000CAA06A906201BF068F80CA9A5A81AF0DC
:10C260004DFDA5A9CDF82610CDF82A0001AAA4A954
:10C27000384619F08AFB38B1022208A901A81EF03D
:10C28000BBFB0DF53F7DF0BD6FF00600F9E72DE932
:10C29000F04F87B00446109D8A4693461F46FF26FE
:10C2A0002A463946584602F0EDFC80465FEA08000F
:10C2B0004FF0FF3105D04FF00209002225B1022DC9
:10C2C00019D0084607B056E7A048C3790BB1084615
:10C2D000F8E780F806909E49032008709D48077093
:10C2E000CDE9002555235246214640461FF055F81A
:10C2F0009F490870E6E79849012008709749891C12
:10C300000888401C08809648174602709549584690
:10C3100002F082FC944905200870032C10D0022CF6
:10C320000ED0012C0CD01C2C1BD01D2C23D01E2C6D
:10C330002BD01F2C33D0162C3BD0152C43D04BE0E8
:10C340000AF0FF0101AA2046FFF7D8FE014602AB22
:10C35000CDF800909DF804204046FFF746FFC6B296
:10C360003AE0CDE9007555235246022140461FF0C0
:10C3700014F8064630E0CDE90075552352460021F9
:10C3800040461FF00AF8064626E0CDE90075552321
:10C390005246012140461FF000F806461CE0CDE958
:10C3A000007555235246042140461EF0F6FF06460E
:10C3B00012E0CDE9007555235246052140461EF096
:10C3C000ECFF064608E0CDE90075552352460321EF
:10C3D00040461EF0E2FF0646304673E72DE9F8437B
:10C3E00005460E461446002000210091002E0AD07A
:10C3F000002C08D028466A461BF0BAFC4FF0FF38E4
:10C40000002802DA4046BDE8F883074600982080FD
:10C41000E8196A4601211BF0ABFC002801DA40460E
:10C42000F1E707440098C4F80200E81902211BF064
:10C43000F1F940B17F1CE81944F8060FF01B401ECB
:10C4400060603046DFE74046DDE72DE9F04186B029
:10C450001646DDF830801F4602AAFFF7BFFF01A98C
:10C4600002A8FFF7CAFDC5B2DDF81200374C08B9C3
:10C470000120E070DDF81200B0F5FA7F39DADDF85E
:10C480001220DDF80E103B4822F086FFBDF81200A6
:10C490006081632D06D0424639463046FFF7A1FC45
:10C4A00006B046E4B0F81510008801EB0045314CA9
:10C4B00009346946284602F00BFC401CF0D09DF878
:10C4C00000002B2148432C49227B08444272617BA7
:10C4D0008172217A627AE37A01EB0221A27A120454
:10C4E00002EB03621144C0F80510A17B01710560E5
:10C4F000D6E700206081D3E72DE9FF41ADF55A7DF5
:10C500000646884614463421C0A822F05EFF342136
:10C51000B3A822F05AFF0025B2954FF418711AA85B
:10C5200022F053FF1695179518951995142104A814
:10C5300022F04BFF0CB1802C20D96FF003000DF5D9
:10C540005E7DBDE8F0810000B24C046050020060E6
:10C55000CE070060A607006001030060C65B0460B0
:10C560000A030060320300600303006056B00260FB
:10C570004C030060C6AC0260889B03603421CDA8E8
:10C5800022F023FF4FF48270ADF858000127CDF858
:10C590005A70FF480721817001EB4401ADF8081083
:10C5A000C2218DF80A10ADF80B80ADF80D404FF6A2
:10C5B000FF7101EA4401018102980990BDF80C0065
:10C5C000ADF828009DF80E008DF82A006400224680
:10C5D000DDA9CDA822F0E0FE9DF837038DF8040018
:10C5E0009DF836038DF805009DF835038DF806009B
:10C5F0009DF834038DF807000198CD902246CDA90F
:10C600000DF12B0022F0C8FE1AAA09A906201AF083
:10C610008CFE1AA9B3A81AF071FBB3A9CDF85E106D
:10C62000CDF86200DB480770DB480570DB490888FD
:10C63000401C0880DA490520087004AAB2A93046D7
:10C6400019F0A3F928B1022216A904A81EF0D4F902
:10C6500075E76FF0010072E72DE9F043ADF2DC6D94
:10C6600004460F460026CDF8C466CDF8C866CDF85E
:10C67000CC66CDF8D0664FF418710DF2644022F00C
:10C68000A4FE4FF4167183A822F09FFE002594208B
:10C69000ADF8C4064FF00108CDF8C6862078C22157
:10C6A0004FF00709102802D003281FD020E0BF1E3A
:10C6B000ADF8D4768DF8D616A0788DF8D706E07848
:10C6C0008DF8D806ADF8D986DDF8D4060190BDF80E
:10C6D000D806ADF808009DF8DA068DF80A00A279B0
:10C6E000E11D0DF10B0022F057FE3AE0082F02D0B9
:10C6F000062819D035E0ADF8D4965E208DF8D60620
:10C70000A0788DF8D706E0788DF8D806ADF8D986F0
:10C71000DDF8D4060190BDF8D806ADF808009DF804
:10C72000DA068DF80A001CE0082F1AD10920ADF8AE
:10C73000D4068DF8D616A0788DF8D706E0788DF857
:10C74000D806ADF8D986DDF8D4060190BDF8D80634
:10C75000ADF808009DF8DA068DF80A00A088ADF85B
:10C760000B008B4F87F80290BDF8D40638810DF28C
:10C77000644201A906201AF0D8FD0DF2644183A895
:10C780001AF0BCFA83A9CDF8CA16CDF8CE068DF8FA
:10C79000F88120788DF8F901ADF800628DF8026219
:10C7A0007EA84119CE726D1C072DFADBF87928B1ED
:10C7B0004FF0FF300DF2DC6DBDE8F0830220B87160
:10C7C00078490320087078492078087000220DF21B
:10C7D000C4617EA81EF010F9ECE770B50546164658
:10C7E0000020002D23D03288284600211BF0EBFAD0
:10C7F0000446D6F80220281901211BF0E4FA01466C
:10C800000C44281902211AF0FCFE0444002105E022
:10C81000D6F80600405C2855641C491CD6F80A006E
:10C820008842F5DC281902211AF0FEFE204470BD72
:10C8300010B50A460021002809D0102101700421FA
:10C84000417040F25621801CFFF7C7FF811C08464B
:10C850001FE470B515460022541E002803D0067848
:10C860001EB1204670BD204670BD86782E70C578FA
:10C87000122D01D0204670BD042905D9091F001DC5
:10C880001A46FFF7ABFD0246104670BD2DE9FF4F7B
:10C89000ADF20C5D0E4699464FF418742146ABA8D4
:10C8A00022F093FD214613A822F08FFD4FF00008DF
:10C8B000CDF83C80CDF84080CDF84480CDF848805C
:10C8C000CDF82C80CDF83080CDF83480CDF838808C
:10C8D000002400200890354DB9F1A00F21D22C4A38
:10C8E0000BAB521C3146DDF80C05FFF7B2FFDDF84B
:10C8F000320004AA05A91AF0E3FE9DF814100629D7
:10C9000006D1DDF832102A46084404991BF04DF98F
:10C91000BDF82C00ADF83C00DDF82E00CDF83E004F
:10C920000FE0DDF80C05C179007A01EB002240F23E
:10C93000522082427ED8DDF80C15281DC91D22F038
:10C940002BFD1A488579DFF868B0DFF844A0284647
:10C95000162D34D0172D32D05F2D30D0C32D2ED0D0
:10C9600012490A794B7902EB0322ADF824208DF8A5
:10C970002600CA798DF827200A7A8DF828204A7A6D
:10C98000897A01F0010302EB0322ADF8292011E0BE
:10C9900050020060010300600A030060CA5B04608B
:10C9A00003030060CE070060A60700607EB302604C
:10C9B0009002006074284BD0102849D04AE01A2118
:10C9C0008AF802100146DBF80000F94E8170F17917
:10C9D000C170317A017106F10902116840F8051F32
:10C9E000536843609268826008461FF057FB014617
:10C9F000DBF8000040F8051F80681FF04FFB014680
:10CA0000DBF800000930416000681FF047FB014679
:10CA1000DBF800000A3040F8011C717DC171B17E65
:10CA2000F27E737F01EB0221327F120402EB03627C
:10CA3000114400E0F4E3C160B17DF27D737E01EB4F
:10CA40000221327E120402EB03621144816004E091
:10CA50004808079007208AF80200D64E0127642D67
:10CA60007BD9AAF80880B9F1A00F05D30E22D248CD
:10CA7000DDF80C1522F090FCD0487A2D13D0792DDA
:10CA800002D0C62D00D00770A5F16500DFF830B3E5
:10CA9000182803DA0BEB050101F8657C8A2D05D017
:10CAA000742D06D007E00221017014E28BF8177094
:10CAB00001E08BF80670862D01D18BF81670BF2D22
:10CAC00001D18BF813708D2D01D18BF81870792D51
:10CAD00077D00CDC122824D2DFE800F0322440B2F8
:10CAE0004D5B662323BECC23FEF5F4758AA18F2D02
:10CAF00068D00ADCA5F186000928ECD2DFE800F056
:10CB0000E911E8E7E611D684E500A5F1BF000A289F
:10CB1000E1D2DFE800F0BD06060506F1F0DF06EF22
:10CB2000A84CA8E19DF828004028FAD89DF82700D5
:10CB3000C0EBC00101EB0011A34800EB41049AE1F6
:10CB40009DF828004028ECD89DF827009F49C0EBAD
:10CB5000001000EB400044188DE1BAE39DF8280076
:10CB60008028DED89DF82700C0EBC00101EB401003
:10CB7000974944187FE19DF828000828D1D89DF8EE
:10CB800027009449C0EBC00000EB400001EB4004DB
:10CB900071E19DF82800042805D89DF827008E49EA
:10CBA00000EB4010441866E19DF82800102807D8D3
:10CBB0009DF8270000EB800101EB401187480C181D
:10CBC00059E13AE051E19DF8280010280FD89DF86E
:10CBD000270000EB4001C1EBC010814901EB0011BF
:10CBE000079800EBC00202EB001001EB001442E1D9
:10CBF0009DF82800082806D89DF8270000EBC00102
:10CC0000784800EB011436E19DF82800082805D883
:10CC10009DF8270000EBC00006EBC0042BE19DF857
:10CC20002800042808D89DF82700C0EBC00101EBBC
:10CC300000116D4800EB41041DE1694C0A3C1AE10A
:10CC40009DF82800102806D89DF827006749C0EBFA
:10CC5000C00001EB80040EE19DF828000C2808D8E4
:10CC60009DF8270000EB800101EBC001604800EB5C
:10CC7000C10400E19DF82800102808D89DF827007D
:10CC8000C0EBC00101EB00115A4800EB4104F2E097
:10CC90009DF82800F02808D89DF827005649C0EBD9
:10CCA000C00000EB800001EB4004E4E09DF82800A8
:10CCB000802806D89DF82700C0EBC0014F4800EB44
:10CCC0008104D8E02FE018E006E0C2E041E03EE059
:10CCD00039E01FE04A4CCEE09DF82800102808D823
:10CCE0009DF8270000EB001000EB4001454800EBE9
:10CCF0004104C0E036E024E021E09DF82800082847
:10CD000007D89DF8270000EBC00101EB00113E4859
:10CD10000C18B0E09DF82700C0EB0010C0EBC0017C
:10CD20003A480C18A7E09DF82800082806D89DF876
:10CD3000270000EB4001364800EB01149BE0354C26
:10CD400099E0354C97E08BF81970344C93E0344CF3
:10CD500091E09DF82700C0EBC00101EB4011314884
:10CD60000C1888E000269AF802008119104808443F
:10CD70000079012816D12C4840F82680F10755D0BB
:10CD8000002106F16B0015F06AFD274810F8261007
:10CD900006F16C0015F063FDB32000EB5600002196
:10CDA00015F05DFD761CF6B2182EDCD363E00000B2
:10CDB0007EB30260883D0360642D0260D60300608C
:10CDC000A4B503602AAF0260511E0560112A0560F8
:10CDD0007AD00260B8370360C83F03602ACE026091
:10CDE000C62F0260083903604C400360CEE5026044
:10CDF000E8E7026038F3026018F60260888D03608D
:10CE000036C00260A2C30260E2CB0260441C05602F
:10CE1000AACC02600EBD0260AABC026046BC0260E1
:10CE200042BA02600441036098D00160002106F11B
:10CE3000540015F014FDFB4810F8261006F15500BB
:10CE400015F00DFDB32000EB5600002115F007FD95
:10CE5000A8E78BF819709DF82700C0EBC00101EB23
:10CE60000011F14800EBC10405E08BF80470EF4CB1
:10CE7000EF496420C880002C2DD001200890C22DDD
:10CE80001BD09DF828009DF82710BDF82920411AD5
:10CE90009AF80200491C02FB0102BDF824108A42E4
:10CEA00019D1652D06D00A1AE2490144091D204610
:10CEB00022F072FA672D0FD010E0BDF824109AF816
:10CEC00002000A1ADB490144091D204622F064FAD7
:10CED00009A8FEF7DFFCC8E0F7F700FB692D01D1D8
:10CEE000F9F71AF9752D14D100209DF82720D249A1
:10CEF000521C01EBC0031B79934206D101F830703C
:10CF000001EBC00080F8078003E0401CC0B2642839
:10CF1000EFD36A2D01D1F9F7FFF8662D39D19DF8CD
:10CF200027009DF82810884208D1C0EBC00101EB12
:10CF30000011C24800EB410004F0DCFF9DF82760BF
:10CF400021E0C6EBC60000EB0611BC4800EB410037
:10CF500090F82710012914D190F82D10192903D029
:10CF60000F2901D01D290CD1D0F81E001FF096F812
:10CF700038B9B34840F82680B24840F82680B24815
:10CF80008755761CF6B29DF82800B042D9D2F7F743
:10CF90004FFA652D38D1AD480068EFF76DFBAC4E08
:10CFA0003068EFF769FBBDF824109AF802000A1AFE
:10CFB000A0490144091D204622F0EEF99DF82740C2
:10CFC00015E000212046F9F7CFFBF9F777FBA148E0
:10CFD0000078844209D2C4EB041000EB40019E4863
:10CFE00001220844214604F0DAFE641CE4B29DF8F4
:10CFF0002800A042E5D23068EFF790FB9348006824
:10D00000EFF78CFBF7F73FFA892D01D104F0CAFD49
:10D010008A2D17D19DF82700904AC0EBC00101EB83
:10D0200040148F49135C214449788B4208D0115435
:10D03000814901F8307001EBC00181F807808F70E1
:10D0400005F054F8742D11D06E2D6DD0854E792DCC
:10D050006BD0C62D6AD0712D69D0BF2D68D08C2DB4
:10D0600067D0C42D01D0C52D73D0FCE38AF80470BD
:10D0700005208AF805009DF8270000EB4001C1EB70
:10D08000C011794800EB01100178407801EB0020D5
:10D0900000B21FF004F881B29DF82700734E00EB38
:10D0A000800202EB40103044C183E1B3B0F91E00AE
:10D0B0001EF0F5FF4FF4C87190FBF1F0401C48439F
:10D0C00000B21EF0ECFF01469DF8270000EB800245
:10D0D00002EB40103044A0F82310BDF824009AF869
:10D0E0000210411A079800EBC00202EB001001EB9E
:10D0F0000010B0F5FA6F08DD9DF8270000EB800105
:10D1000001EB40103044A0F82380594FA7F800806D
:10D11000002442F2D87804EB840000EB4410304441
:10D12000B0F9230006E015E017E01BE037E03CE033
:10D130004BE0A7E01EF0B3FF3988084480B2388086
:10D14000404501D3A7F80080641CE4B2102CE2D360
:10D15000C2E3A5E0A0F82380BFE79DF82700FCF715
:10D1600097FCB9E340480A3800681EF097FF012396
:10D17000404A4149F3F775FF86F8EF803D48017852
:10D180004278CDE9011800928378C278417980799C
:10D19000EEF7B6FBEEF7ABFBF4F776F99CE38BF812
:10D1A0001870304808F05AFA96E39DF828109DF858
:10D1B0002700091A00EB001000EB40022F48491C21
:10D1C00000EB4200F8F7C2FD86E39DF827402C4FA4
:10D1D0001FE0F02C1BD2C4EBC40000EB800007EB77
:10D1E0004000C17A8DF80810817A8DF80910017A13
:10D1F0008DF80A10407A8DF80B0096F832008DF801
:10D200000C0001231A4601A902A8FEF700FA641CCB
:10D21000E4B29DF82800A042DBD8F9F705FA5BE3F9
:10D2200089E3000098D0016054AC0360A8F102606B
:10D230007C5B04607EB30260D13B0460511E0560DC
:10D24000184D046088550460385C04601803006061
:10D2500060040060EA020060112A0560B66703609E
:10D260000441036036C00260C62F02602ACE02600D
:10D270007A020060F81700602EBD0160A2C3026050
:10D2800018F602609DF827000097C0EBC001FC482B
:10D29000012300EB8100411D0022FDF77BFE1BE313
:10D2A000F848007811288FD10020F74AF74BF84C46
:10D2B000F849F94E42F8208043F8208024F8108085
:10D2C00021F8108026F81080401CC0B20328F1D34A
:10D2D00002E3F248807916282CD017282AD05F2D37
:10D2E00028D09DF826105E293AD09DF828009DF898
:10D2F0002720801ABDF82920401C5043AAF80800B6
:10D30000BAF80820B2F5FA7F37D8E548130A437017
:10D31000027081709DF82720C2709DF8282002714C
:10D32000BDF829204271120A8271102921D0742976
:10D330001FD022E0DBF80000D94982788A70C278D9
:10D34000CA7002790A71D0F80520C1F80520D0F81A
:10D350000920C1F80920D0F80D00C1F80D000CE03B
:10D36000BDF829004FF6FF7202EA4000AAF8080053
:10D37000C6E7079942EA41018171152D79D00DDC8C
:10D38000132D34D2DFE805F03334414FD75C6A788F
:10D390003333FBF933F8F7F68AA3AF002A2D69D0AF
:10D3A00010DC252D67D006DC162D72D0222D71D011
:10D3B000242D1CD14DE1262D6DD0282D6CD0292D8A
:10D3C000F7D19EE0602D68D006DC2B2D7BD05B2D45
:10D3D0007AD05E2DEDD106E0612D76D0622D75D02C
:10D3E000632DE6D12AE109A8FEF754FAAD4C46E2D6
:10D3F0009DF828004028FAD89DF82700AA49C0EBDC
:10D40000001000EB4000441839E29DF82800402845
:10D4100008D89DF82700C0EBC00101EB0011A3481C
:10D4200000EB41042BE29DF82800802807D89DF8E6
:10D430002700C0EBC00101EB40109D4944181EE2DB
:10D440009DF82800082808D89DF827009949C0EBC6
:10D45000C00000EB400001EB400410E29DF8280002
:10D46000042805D89DF82700934900EB4010441884
:10D4700005E251E0F8E1EEE09DF82800102807D819
:10D480009DF8270000EB800101EB40118B480C1840
:10D49000F5E1AAE041E1E0E09BE0A0E19DF8280091
:10D4A00010280FD89DF8270000EB4001C1EBC010F9
:10D4B000834901EB0011079800EBC00202EB00105A
:10D4C00001EB0014DBE1D9E175E03BE1BDE09DF843
:10D4D0002800082806D89DF8270000EBC0017948ED
:10D4E00000EB0114CBE19DF82800042808D89DF832
:10D4F0002700C0EBC00101EB0011734800EB4104B1
:10D50000BDE19DF82800082805D89DF8270000EB0C
:10D51000C00006EBC004B2E101F076F91EF0BEFDDA
:10D5200067490A39086069480078087168480078D6
:10D5300048710C46A3E19DF82800102819D89DF8E1
:10D540002700DFF89081C0EBC00008EB80040026C4
:10D55000C6EBC60008EB8007F91C3846FDF7C6F994
:10D5600007F10E01C81EFDF7C1F9761CF6B2102EA8
:10D57000EED384E1DAE0C3E073E00EE0FFE79DF86C
:10D5800028000C2808D89DF8270000EB800101EB4B
:10D59000C001514800EBC10471E19DF8280010283A
:10D5A00008D89DF82700C0EBC00101EB00114B48E3
:10D5B00000EB410463E19DF82800F02808D89DF8AD
:10D5C00027004749C0EBC00000EB800001EB40049E
:10D5D00055E19DF82800802806D89DF8270041498C
:10D5E00000EB800001EB800449E1DBF80000FBF771
:10D5F000B7FF06904FF4C870AAF80800DBF80040A7
:10D600002748123421798175A188090AC17561689A
:10D61000090C01766168090E4176217881742188B0
:10D62000090AC1742168090C01752168090E417548
:10D6300014F8011C123C41741A3420E100F004FF7C
:10D64000294880F81490044619E100F0FDFE274CAB
:10D6500015E1274C13E1274C11E104F06AFC264C3C
:10D660000DE19DF82800102808D89DF8270000EB50
:10D67000001000EB4001214800EB4104FFE00000F6
:10D68000888D0360AABC0260801E0460741E046062
:10D6900020030060260300602C0300607EB302605C
:10D6A000642D02602AAF0260112A0560511E0560D8
:10D6B0007AD00260B8370360C83F03602ACE0260A8
:10D6C000C62F0260083903604C400360920300607B
:10D6D00061030060CEE50260E8E7026038F30260B3
:10D6E00018F60260642302601FC0026036C0026048
:10D6F00046BC026042BA026004410360A2C30260F9
:10D700009DF82800082807D89DF8270000EBC001E5
:10D7100001EB0011F6480C18B1E09DF82700C0EBB2
:10D720000010C0EBC001F3480C18A8E09DF82800D9
:10D73000082806D89DF8270000EB4001EE4800EBD2
:10D7400001149CE000200021EE4AEC4CDFF8B0E32D
:10D7500092F800B023E0C1EBC10213199E79DC2ED0
:10D760000DD2A35CDFF8A0C30CEBD30C03F00703CE
:10D770009CF800C007FA03F31CEA030F0DD0232E18
:10D780000BD0A35C00EB40020EEB42029370C2F898
:10D79000038082F80180401CC0B2491CC9B25945BF
:10D7A000D9D30021DA4AD94E147812E02B2201FB9A
:10D7B00002639A7C5AB900EB40020EEB42025770AA
:10D7C00082F802801B68C2F80330401CC0B2491CBA
:10D7D000C9B2A142EAD38EF80000C94C4FE0002440
:10D7E000CC4ECD4F56F824001EF058FC07EB8401B8
:10D7F000C1F80200641CE4B2182CF3D36FF0AA0045
:10D800001EF04DFC3880552087F892000024DFF888
:10D810000C83DFF80CB358F824001EF03FFC07EB34
:10D8200084069336F0605BF824001EF037FC30600D
:10D83000BC4830F914001EF032FC07EB440626F811
:10D84000AB0FB94830F914001EF029FCF080B7483E
:10D8500030F914001EF023FCB081641CE4B2032CE8
:10D86000D9D3AD4C0BE037E09DF82700C0EBC001E9
:10D8700001EB0011AE4800EBC10400E0AD4C2CB34D
:10D88000B9F1A00F0ED29AF80200BAF8082040F2BF
:10D89000522183188B424ED2A7490844214621F0D9
:10D8A0007BFD13E00E22A448DDF80C1521F074FD79
:10D8B0009AF80200BAF80820811840F252208142FA
:10D8C00039D29D4821460E3021F066FDABAA9A4917
:10D8D000062019F02AFD08907A2D01D0C82D01D11B
:10D8E00001200890B9F1A00F33D20898002822D067
:10D8F0004FF41671904821F068FDABA98E4819F0DD
:10D90000FDF98D49CDF84210CDF846000FA9DDF89C
:10D910000C05FEF78DFF7A2D05D14A460FA9DDF8DB
:10D9200014051DF03DF8162D09D04A460FA9DDF863
:10D9300014051DF035F80DF21C5DBDE8F08F06985A
:10D940000128F8D14A460FA9DDF814051DF028F882
:10D95000F1E7A9F1A000044607F0F9FD9AF80800E4
:10D960000E30C1B2744807F07EFD734ABAF8081051
:10D97000030A0A449373D0731031E2B289B26E483D
:10D9800007F089FDD7E770B500235C1E002804D09E
:10D990000578102D03D0204670BD204670BD457817
:10D9A000042D01D0204670BD022904D9891E801C97
:10D9B000FEF714FD0346184670BD70B504460E46CA
:10D9C00015460020002C0FD020704FF4167119F06E
:10D9D0006FFD6070A6701220E0704FF41571201D6D
:10D9E0002A46FEF7FAFE001D70BD2DE9F0410446FF
:10D9F000069E90461F460020002C3CD050202070F0
:10DA000061701220A070E01C002119F0FAFD05469B
:10DA1000ED1C601941461AF023FA05446019394695
:10DA20001AF01EFA05446019002119F0FDFD0544A5
:10DA30003288601901211AF0C6F90544D6F802208F
:10DA4000601902211AF0BFF905446019032119F089
:10DA5000D8FD0544002005E0D6F80610095C6155A4
:10DA60006D1C401CD6F80A108142F5DC60190321B8
:10DA700019F0DAFD2844BDE8F0812DE9FE430446A3
:10DA80000A9E0F469146984600250020029001907C
:10DA90000090002F6FD0002E6DD02046002119F08D
:10DAA000B9FE20B3601C01AA02A919F009FE451CA9
:10DAB0009DF80800092802D00020BDE8FE83601907
:10DAC0006A4601991AF0A9F90544B9F1000F02D08C
:10DAD000009889F80000601901AA02A919F0F0FD68
:10DAE00005449DF80800092828D00020E5E737E024
:10DAF000E2CB0260441C0560AACC02607A3104606B
:10DB00009EBE0260E8020060B23A0460889B036037
:10DB10006C02006098D001600EBD0260801E04603F
:10DB2000741E046020030060260300602C03006064
:10DB300054AC0360A8F10260642D026060196A466B
:10DB400001991AF06AF90544B8F1000F02D0009863
:10DB500088F800006019002119F072FE60B16D1C98
:10DB600060196A4601211AF003F94FF0FF380028C6
:10DB700004DA4046A1E71DE000209EE70544009836
:10DB8000308060196A4602211AF0F2F8002801DAA2
:10DB9000404692E705440098C6F802006019032148
:10DBA00019F038FE40B16D1C601946F8060F781B5D
:10DBB000401E7060284680E740467EE770B5044608
:10DBC00016460020002C28D03020207061701220D2
:10DBD000A0703288E01C00211AF0F5F8C51CD6F8B8
:10DBE0000220601901211AF0EEF801460D44601977
:10DBF000022119F006FD0544002005E0D6F80610C4
:10DC0000095C61556D1C401CD6F80A108142F5DC98
:10DC10006019022119F008FD284470BDF0B5FE48D6
:10DC2000002140262D231022082404272E25172901
:10DC300013D2DFE801F00C131A27313B45BB5C66B9
:10DC400075BB7C909A86A6B3BBBBBBBB4F00DFF80D
:10DC5000CCC3C0F800C003714671A7E0DFF8C0C3B1
:10DC6000C0F800C005714671A0E0DFF8B8C3C0F885
:10DC700000C04FF0270C80F804C04FF0800C80F8F3
:10DC800005C093E0DFF8A0C3C0F800C04FF01C0C43
:10DC900080F804C0427189E0DFF890C3C0F800C08A
:10DCA0004FF02A0C80F804C044717FE0DFF880C395
:10DCB000C0F800C04FF0210C80F804C0477175E037
:10DCC000DFF870C3C0F800C04FF0250C80F804C026
:10DCD00042716BE0DFF860C3C0F800C04FF0690C20
:10DCE00080F804C04FF0050C80F805C05EE0DFF856
:10DCF0004CC3C0F800C003714FF0020C80F805C09F
:10DD000054E0DFF838C30CF15A0CC0F800C04FF0F3
:10DD1000680C80F804C04FF00C0C80F805C045E09A
:10DD2000DFF81CC3C0F800C0057142713EE0DFF8A7
:10DD300014C3C0F800C04FF0660C80F804C04271F4
:10DD400034E0DFF804C3C0F800C04FF01E0C80F8C8
:10DD500004C042712AE0DFF8F4C2C0F800C04FF0FE
:10DD6000190C80F804C0447120E0DFF8E0C20CF127
:10DD7000C80CC0F800C04FF0300C80F804C04471EB
:10DD800014E0DFF8CCC2C0F800C04FF0900C80F86F
:10DD900004C04FF0090C80F805C007E0DFF890C21E
:10DDA0000CF1840CC0F800C005714771491C09B220
:10DDB00008301429FFF63BAFF0BD2DE9FC47A5481C
:10DDC00001250570A4484FF00008C0F80080A34862
:10DDD000C0F800804FF43861914821F0F6FA90487D
:10DDE000009000260527009CC4F81E80761CB2B265
:10DDF0009BA1204622F0AAFD04F8227F84F801802E
:10DE0000257184F80580A571E57184F8098084F88E
:10DE10000A80223CB2B204F1150093A122F096FDD3
:10DE2000B6B22E340094402EDDD34FF434617B48DB
:10DE300021F0CBFA794800900024DFF834920427CF
:10DE40000098C0F81E8080F8288080F8238099F818
:10DE5000231001290CD005290AD0022918D006293F
:10DE600016D0042923D0072921D00C292FD03CE03B
:10DE70000C2C04D280F8285080F8238035E0A4F1DF
:10DE80000C010C2931D280F8287080F823502CE046
:10DE9000062C04D280F8285080F8238025E0A11FAA
:10DEA000042922D280F8287080F823501DE0082C25
:10DEB00004D280F8285080F8238016E0A4F10801ED
:10DEC000062912D280F8287080F823500DE0052C26
:10DED00004D880F8285080F8238006E0A11F052987
:10DEE00003D280F8287080F82350641CA2B2064642
:10DEF00060A122F02BFDA2B206F115005DA122F077
:10DF000025FD86F82280A4B206F12D000090402C59
:10DF100096D34FF4E071444821F057FA42480090FC
:10DF2000002000994D75401C80B21C3100911028D2
:10DF3000F7D34FF414713F4821F047FA3D48009061
:10DF40000021009880F8205080F82180A0F81E80E1
:10DF5000491C89B2253000901029F2D3474EA6F80B
:10DF600016804FF4FA41464821F02FFA0021444B25
:10DF70004FF4FA64002001EB4102C2EBC11203EB43
:10DF8000021202F80080401C80B2A042F9D3491C62
:10DF900089B21029EED34FF49C51224821F015FA92
:10DFA00020480090002102220098C0F81E8080F8CE
:10DFB000228080F8235080F8252080F82680491C94
:10DFC00089B2273000908029EED34FF438711C4875
:10DFD00021F0FBF944F2A0112A4821F0F6F9A6F845
:10DFE0001280A6F81480164800900020009981F84D
:10DFF0002980401C80B22E3100911028F6D3C02118
:10E00000214821F0E2F911484FF4C071C83021F0E5
:10E01000DCF940F20D2139E0B6BB0260112A05603F
:10E02000511E05607AD00260CEE50260B837036009
:10E03000C83F03602ACE0260441C05608EE7026080
:10E0400038F30260A2C3026002CA0260E2CB02603F
:10E05000083903602C02006034020060380200605E
:10E06000494E202564000000494E25640000000050
:10E07000B24C04604F5554256400000064020060F7
:10E08000C62F026018F602607ECF0160FE4821F0C4
:10E090009CF94FF42061FD4821F097F94FF4587432
:10E0A0002146FB4821F091F9F948009086F8058057
:10E0B00000204FF05535009AC2F8055082F80B80C9
:10E0C000401C80B21B3200922028F4D32146F14834
:10E0D00021F07BF9EF48009086F804800020009939
:10E0E000C1F8055081F80B80401C80B21B310091B3
:10E0F0002028F4D30024E84FC4EBC40007EB8009C8
:10E100001C21484621F061F9C9F8055089F80B80B7
:10E11000641CA4B2802CEFD386F80680DF4880F818
:10E1200000800024DFF87893C4EBC40009EB80077B
:10E130001C21384621F049F9C7F8055087F80B80B3
:10E14000641CA4B2802CEFD386F80780D54880F8F1
:10E1500000804FF4A871D44821F037F9D2480090DC
:10E160000020009981F81E8081F81F80401C80B239
:10E170002A3100910828F4D34FF490642146CB480B
:10E1800021F023F9FF222146C94821F017F9842103
:10E19000C84821F01AF90020009981F81E8081F802
:10E1A0001F80401C80B2213100910428F4D3C14863
:10E1B000B821843021F009F942F2B261BE4821F061
:10E1C00004F9FE21BD4821F000F9BC484FF480510C
:10E1D000FE3021F0FAF80021B84CB94BFE34B94FAB
:10E1E0000A25002004EB811242F82030401C80B246
:10E1F0001028F9D37D54491C89B24029F1D35A2102
:10E20000B14821F0E2F8C821B04821F0DEF8AE486C
:10E210004FF49C6421465A3021F0D7F82146AC488F
:10E2200021F0D3F842F62031AA4821F0CEF84FF47D
:10E23000C8742146A84821F0C8F84FF41651A748E1
:10E2400021F0C3F8A0485A30009000200F22009916
:10E2500081F85E20401C80B2683100910C28F6D312
:10E260009F48F0624FF4EE7121F0AFF886F801801C
:10E2700086F80080A6F810804FF4CC61994821F010
:10E28000A4F8984800900022009880F8078080F851
:10E290000A80A0F85580521C92B266300090102A75
:10E2A000F2D34FF4F071904821F08FF88F481F217E
:10E2B00001701C22427081701E22C2700171427175
:10E2C0008171C171027241728272C17201A90D2005
:10E2D00014F0B6FA0DF105010C2014F0B1FA9DF816
:10E2E00004009DF8051000EB0120814908804FF4DF
:10E2F0007A752A4680217F4821F060F87D482A46B9
:10E300008021803021F05AF880217B4821F05DF88F
:10E3100079488021803021F058F8FFF77FFC40F2E7
:10E320008111764821F051F85A481421143821F00F
:10E330004CF86021724821F048F8724D45F2FF50C8
:10E3400028806021A81C21F040F8552085F8920013
:10E3500005F11E00C0F87580C0F87980C0F87D8096
:10E360008030C0F80180C0F80580C0F80980C0F88E
:10E370000D80A0F81180C0F81380A0F81780C0F8B5
:10E380001980A0F81D80A0F5817080F800800A2215
:10E390000021A0F27E4020F0FFFF41F2CC015A485C
:10E3A00021F013F886F808804FF41675294657486F
:10E3B00021F00BF85648A0F800805648C0F80080BD
:10E3C000C0F80480C0F808802946534820F0FDFFBB
:10E3D000A6F818802021514820F0F7FF202150484E
:10E3E00020F0F3FF414864219C3020F0EEFF4FF411
:10E3F000B4714C4820F0E9FF20214B4820F0E5FFA4
:10E4000020214A4820F0E1FF2021494820F0DDFF8B
:10E4100020481421143820F0D8FF2146454820F028
:10E42000D4FF7C21444820F0D0FFBDE8FC8710B524
:10E430001721424820F0C9FF4048BDE810404FF482
:10E44000C871173020F0C1BF2DE9F84F3C4D3B4E4D
:10E45000E87BB070287CF070687C3071A87C7071AB
:10E46000BA20B071C020F07128783072687870726C
:10E47000A878B072E878F07228793073314806F1E4
:10E480001704007860E00000441C0560642302600B
:10E49000287C0360C8780360887F036046030060BF
:10E4A000888D0360F2020060B837036008390360AA
:10E4B000883D0360C83F036004410360B6670360A2
:10E4C00000007F433ED001608EE70260E2CB026035
:10E4D000C8EC026008F80160F8D0016088D20160E1
:10E4E000C6C10260A2C3026002CA0260AABB026087
:10E4F0009203006036B8026036B902609EBE0260C8
:10E5000098D001600EBD0260889B0360C6AC0260BB
:10E510005A0200601EAF0260D4B50260D1290560C6
:10E52000F129056042BA026048BF016088BF0160FE
:10E5300068BF0160A8F1026016CE04601FC00260CF
:10E54000B24C04606103006084F8CE00F7480078A4
:10E5500084F8ED00F64F786A3080000CA6F81500BC
:10E56000B5F82100A6F80F00E879F07469460D208F
:10E5700014F066F90DF101010C2014F061F99DF819
:10E5800000109DF8010001EB0020EA490880A4F882
:10E59000AF00B5F82100A4F8C300B86A1DF07EFDF5
:10E5A000C4F8CA00E448007884F8AB00E348008867
:10E5B00000B21DF074FDA4F8AC002022E04904F183
:10E5C0008A0020F0E9FE2022DE4904F14A0020F012
:10E5D000E3FE2022DC4904F16A0020F0DDFE04F1B4
:10E5E000B500A0F6BF010A6802604A684260098966
:10E5F000018140F23F60A6F81100D4490988A4F8CF
:10E60000BF10E08228786978EA7800EB0120A978C9
:10E61000090401EB02610844C4F8B10095F84F0009
:10E6200084F8EE00E87C2073287D6073687DA07319
:10E63000A87DE073E87D2074287E6074287984F8D2
:10E64000C500F878B073E97B2170297C6170697C22
:10E65000A170A97CE170697E2171A97E6171E97E5A
:10E66000A171297FE171697F2172A97F6172E97FC0
:10E67000A17295F82010E172B5490978012942D0BC
:10E68000022945D095F82310E174193415F8441F78
:10E69000A1756978E175A9782176E978443D84F817
:10E6A0009110AC4A5188217092886270193C2A29D5
:10E6B00001D3012A31D094F8F61001F0FE0184F85C
:10E6C000F61095F8481084F8AE1095F8501084F8BC
:10E6D000F0104FF00108012926D0002184F8EF1036
:10E6E000B5F8421084F83210090A84F8081195F838
:10E6F00023104FF02309491E4FF04A0A032916D868
:10E7000084F8339015E095F823108031E174BCE76C
:10E7100095F823104031E174B7E794F8F61041F012
:10E72000010184F8F610CCE784F8EF80D8E784F88C
:10E7300033A00A3515F8031C04F8151F2978A171B8
:10E740006978E170A97F6174E97FA17495F8201060
:10E75000E17495F8471084F8E21095F8481084F8B1
:10E76000E31095F8491084F8E41095F84A1084F8FD
:10E77000E51095F84B1084F8E61095F84C1084F8E5
:10E78000E710697F617574490978E1757349097803
:10E79000217673490978617684F83400786A1DF02F
:10E7A0007DFCC4F8B10084F8338014226D496E48B2
:10E7B00020F0F2FD6D48007884F8AD00153C687ECD
:10E7C0000A3D28B1401F072805D886F80DA004E0AF
:10E7D0003220707301E086F80D9063481E22644970
:10E7E0009B3020F0D9FD35F8570F24F8F30FB87897
:10E7F000A070E87A6074287BA074687BE074A87BC2
:10E800002075BDE8F88F704710B55A48494C00781C
:10E8100000281FD058484649B0F807008A8990421E
:10E820000ED3C98988420BD8EAF733FCB4F900103B
:10E83000494201EBC10100EB8100A0F5616010BD10
:10E84000EAF727FCB4F90010494201EBC10100EBE3
:10E85000810010BDEAF71DFCB4F90010494201EB3C
:10E86000C10100EB810010BDFFF7A7BA70B58EB0F3
:10E8700081218DF804100B218DF8051000238DF8EF
:10E8800006301C218DF8071001228DF80820282160
:10E890008DF80910FF218DF80A108DF80B108DF8F6
:10E8A0000C303649B1F842100C0A8DF80D408DF845
:10E8B0000E108DF80F202B21484331490844417A2E
:10E8C0008DF81010FE218DF8111010218DF8121006
:10E8D0008DF81330D0F816100591817E8DF8181040
:10E8E00022218DF819108DF81A20E0218DF81B10C7
:10E8F00091218DF81C1003211A248DF81D10C17E62
:10E90000212909D00021C1F11A0202449279212A59
:10E9100004D0222A36D03FE00121F4E7C1F10A01F8
:10E920000844C08AADF81E001C2435E06203006074
:10E9300064020060920300608C010060940100603A
:10E9400048BF016068BF016088BF01609403006038
:10E95000DE03006036BA0260640300606503006095
:10E9600066030060B47803606AC0026074040060EB
:10E970004ABD016061030060F8170060B24C04609A
:10E98000889B0360C1F10A010844C18AADF81E10DA
:10E99000007E8DF820001D24F74D40F22D11F74E1A
:10E9A00028782246484306EB400001A920F0F4FCF9
:10E9B000287840F22D11414306EB4101A1F858425D
:10E9C000401C2870EE480068C088010241EA10200F
:10E9D000EC4908700EB070BD2DE9F0418046EA4860
:10E9E00090F82A10092903D090F8280009283FD16F
:10E9F000E64D287A00283BD0E54900200870DE4F1C
:10EA00003870E44EB8F1000F01D000241CE000245F
:10EA100009E02B2000FB0460807C10B92046FFF742
:10EA200025FF641CE4B2287A8442F2D30FE02B2045
:10EA300000FB0460817C29B90068404502D1204672
:10EA4000FFF714FF641CE4B2287A8442EFD33878CD
:10EA500000280DD0CA4800680168E961C088010239
:10EA600041EA102080B22862BDE8F041F1F707BF0B
:10EA7000BDE8F0812DE9FF5F8446DDE90F69DDF82F
:10EA800038800C461546BCF1000F7DD02DB9012E03
:10EA90007ED1B9F1010F00D02579DFF8F0A29AF804
:10EAA0000820642A74D89AF803000027854206D209
:10EAB000012E04D1B44880F84D70B748077000208B
:10EAC0000523DFF8D0B210E02B2101FB00B1D1F813
:10EAD00000E0E64507D1897CB14204D12B2101FB3E
:10EAE00000B1CB7403E0401CC0B29042ECD3904222
:10EAF0004ED12B2000FB02B0C0F800C08674082164
:10EB00008172D4F80110C160B4F805100182C37499
:10EB1000B8F1140F04D216304246039920F03CFCA1
:10EB20009AF808102B2000FB01B080F82A809B4B3C
:10EB3000012E0AD0DA8F521CDA879AF8032002716C
:10EB400045728772012E0ED01AE00571A27A012A51
:10EB500003D0062A04D04572F4E7E27A4272F1E764
:10EB6000A27B4272EEE7A27A52B9B9F1010F07D146
:10EB7000FF2D05D12279427222790271012282721F
:10EB80004775491CC8B200E002E08AF8080098877F
:10EB9000BDE8FF9F30B57F4900227C4B05241B7ADE
:10EBA00008E04D7A854202D18D7C05B9CC74521CA7
:10EBB000D2B22B319A42F4D330BD70B5734E708906
:10EBC000411C71813C2826D300207081714C0025A6
:10EBD0001EE0E17C491E49B2E174002915DAA0B1BA
:10EBE000421B521E2B20424304F12B01204620F0F1
:10EBF000D3FB307A2B21401E4843664908442B2121
:10EC000020F0E3FB307A401E30726D1CEDB22B34E5
:10EC1000307A8542DDD370BD30B500225B4C5D4B50
:10EC2000247A10E02B2505FB02352D79854208D189
:10EC30002B2000FB0230C2680A60008A8880012015
:10EC400030BD521CD2B2A242ECD3002030BD30B550
:10EC500000224E4C4F4B247A10E02B2505FB023549
:10EC60002D68854208D12B2000FB0230C2680A6063
:10EC7000008A8880012030BD521CD2B2A242ECD35F
:10EC8000002030BD70B5414B002909D112B1022AD4
:10EC900002D005E0002070BDDA78904200D0014635
:10ECA00000223C4C1D7A0FE02B2303FB02431E790C
:10ECB000864207D15B7A8B4204D12B2000FB0240B5
:10ECC000006870BD521CD2B2AA42EDD3002070BDC4
:10ECD00030B500222D4B2F4C1B7A0AE02B2505FB6B
:10ECE00002452D68854202D10A70012030BD521CB8
:10ECF000D2B29A42F2D34FF0FF3030BDF0B5234C80
:10ED00004FF0FF36002909D113B1022B02D005E0E4
:10ED10003046F0BDE378984200D0014600231D4DF7
:10ED2000277A0EE02B2404FB035494F804C0844596
:10ED300005D1647A8C4202D1137058B2F0BD5B1CCD
:10ED4000DBB2BB42EED33046F0BD4178027901F030
:10ED50001F0102F060021144032905D0A1F118003F
:10ED600003281FD80120704708498078C978884255
:10ED700016D0002070470000210100604E2F016076
:10ED8000D40000600C020060B24C046064020060B9
:10ED900022010060889B0360F50200607C5B0460D8
:10EDA0000120E7E72139032901D80120E2E700200B
:10EDB000E0E770B503461846FFF7C7FF4FF0FF3591
:10EDC00001280FD01879010625D540069978400A08
:10EDD00000EB0120D978084430B12A4900222A4C9E
:10EDE000247A0FE0284670BD002070BD0E68864270
:10EDF00005D108799870487AD870002070BD521CEF
:10EE0000D2B22B31A242F1D320490120087020490F
:10EE1000002008709870284670BD1E488188491CE3
:10EE20008180A7E71C488188491C8180A2E71B4894
:10EE30008188491C81809DE710B5134A184800233A
:10EE4000517A90F84F00491C164CC9B2002808D0DE
:10EE5000FF2806D05172884202D25372C4F898310A
:10EE600010BDFF2808D00028FAD151720529F7D922
:10EE70005372C4F8983110BD53720120C4F8980140
:10EE800010BD0000889B0360640200600B030060FB
:10EE90000C03006020030060260300602C03006068
:10EEA000B24C046000002442FE4991F8231001296D
:10EEB00005D0052903D0022901D006290BD1FA4B30
:10EEC000195C01F00F011954F84A125C22B1521E6C
:10EED00041EA02111954704719547047F44931F846
:10EEE00010007047F34A22F810107047F14931F8CA
:10EEF0001000704710B50346EA4841F2883240F6E8
:10EF0000B83490F8231003FB02F003FB04F2940AD8
:10EF1000E44A800A0129D2790ED005290CD00229B1
:10EF20000ED006290CD0032905D1072A03D242F2BC
:10EF30006C004343980A10BD162AFCD2204610BD2F
:10EF4000042AFCD2204610BD0246D64842F2107375
:10EF500090F8231002FB03F042F228335A43D14BBE
:10EF6000800A920ADB7901290BD0052909D00229F0
:10EF70000BD0062909D0032902D1072B00D2104655
:10EF80007047162BFCD210467047062BFCD2104659
:10EF9000704730B5C54A105C40F6B8324A43940A0F
:10EFA000C04A0228D37992F8232009D0012825D01D
:10EFB000032828D0042801D0002800D1204630BDE5
:10EFC00041F2883501FB05F0800A012A0ED0052A9E
:10EFD0000CD0022A0ED0062A0CD0032AEFD1072B20
:10EFE000EDD242F26C004143880A30BD162BFCD2B0
:10EFF000204630BD042BFCD2204630BD44F62060B4
:10F000004143880A30BD42F2107401FB04F042F221
:10F0100028346143800A890A012A0BD0052A09D0C5
:10F02000022A0BD0062A09D0032AEBD1072BE9D2FA
:10F03000084630BD162BFCD2084630BD062BFCD24C
:10F04000084630BD9C48007870479C48007870475F
:10F05000944890F82300012818D0052816D00228DB
:10F0600016D0062814D0032814D00A2814D0A8B12A
:10F07000042815D0072813D00C2813D0092813D042
:10F080000B2813D00E2813D0002070472020704783
:10F09000102070470B2070470620704718207047DB
:10F0A000082070470B2070470D20704711207047D3
:10F0B000152070477B4890F82300012818D00528B8
:10F0C00016D0022816D0062814D0032814D00A28F7
:10F0D00014D0A8B1042815D0072813D00C2813D0B9
:10F0E000092813D00B2813D00E2813D00020704706
:10F0F000182070470A207047082070470320704787
:10F100000A2070470E2070470B2070470920704777
:10F11000092070470B2070470120704770B50446E6
:10F12000674E684D56F8240055F8241008444FF4F3
:10F130007A7148431CF0B2FFC4EBC401624A01EB90
:10F14000041102EB4101C1F81E0056F8240055F8E5
:10F15000241008444FF47A71484370BDF0B500267E
:10F160005A494FF461620968B1FBF2F302FB1311D3
:10F17000002901D0012829D10020534B504C514D7A
:10F18000534A203620E0C0EBC00101EB001103EB35
:10F19000410191F82D10192903D00F2901D01D2903
:10F1A00010D154F8201055F82070394452F82070CE
:10F1B000B94207D042F82010464F01217970464FDE
:10F1C00002213970401CC0B2B042DCD3F0BD2DE941
:10F1D000F04300270020DFF8F8C03C490CF1800C18
:10F1E0000CF180068046DFF8DC9006F180052037C0
:10F1F0000A6832E0C0EBC001334B01EB001103EBB6
:10F20000410191F82D101D2925D15CF8203059F8C5
:10F2100020108B4219D8CB1AC3EB031356F82040A9
:10F220009B00141BB3FBF4F32C4C44F8203035F84E
:10F2300010305C1C25F81040052B0CD346F820201C
:10F240004CF8201025F8108005E025F8108046F8CD
:10F2500020204CF82010401CC0B2B842CAD3BDE8F0
:10F26000F0831E4951F820004FF47A7148437047EB
:10F27000F0B500250020144E194A124C194B2035C8
:10F280003FE0C0EBC00101EB001106EB410191F83A
:10F290002D10192903D00F2901D01D292FD152F883
:10F2A000207021E0B24C0460E05B0460D12905606D
:10F2B00036B8026036B90260E9020060EA02006016
:10F2C000184D046008560460511E0560A4030060D8
:10F2D00064B30360A4B50360D6030060885504607E
:10F2E00024B50360585C046054F820108F4204D2A7
:10F2F00001271F5442F8201001E000211954401C3E
:10F30000C0B2A842BDD3F0BD704730B50021334A2A
:10F31000314D14780CE001EB410205EB8202537988
:10F32000527A1A44824201D9834203D9491CC9B294
:10F33000A142F0D3A14202D14FF0FF3030BD2848A6
:10F34000C1EBC101405C274900F0070201EBD0018D
:10F35000012009789040014201D0012030BD0020F9
:10F3600030BDF0B50246FFF7A5FE4FF0FF369042E4
:10F3700001D93046F0BD00211848174D047813E03C
:10F3800001EB410005EB80000379077A1F449742A7
:10F3900001D993420AD9C378C0791844904201D95F
:10F3A000934203D9491CC9B2A142E9D3A14201D178
:10F3B0003046F0BD0A48C1EBC101405C094900F08C
:10F3C000070201EBD001012009789040014201D0F1
:10F3D0000120F0BD0020F0BD38070460E8020060A5
:10F3E0007A310460B23A046070B500210020002236
:10F3F000F84EF94D0024182A67D2DFE802F00C100D
:10F40000151A1F242866662D32663741453C4A4F3F
:10F41000535866665D6200214FF4346055E008443D
:10F4200081B24FF4386050E0084481B24FF49C50F0
:10F430004BE0084481B24FF4E07046E0084481B2EA
:10F440004FF4A87041E0084481B284203DE00844B4
:10F4500081B24FF4147038E0084481B24FF49C60DC
:10F4600033E0084481B24FF438702EE0084481B292
:10F470004FF4CC6029E0084481B24FF4F07024E0EE
:10F48000084481B2C82020E0084481B24FF4C07023
:10F490001BE0084481B24FF4906016E0084481B24A
:10F4A000B82012E0084481B240F2F2600DE0084456
:10F4B00081B244F2A01008E0084481B240F20D206D
:10F4C00003E0084481B240F6E260430506D0012320
:10F4D00003EBD0204FF6FF7303EAC02006EB820354
:10F4E00019805880AC54521CD2B2182A83D3002001
:10F4F000BA4900EB800202EB40120A44A2F8234012
:10F50000401CC0B21028F4D370BD70B5B24C607E00
:10F5100001282DD172B6EBF78FFCB14D2846EBF7E1
:10F52000B8FC4FF40A72AF492846EBF78CFDB822BD
:10F53000AD49AE48EBF787FDEA14AD49AD48EBF7AE
:10F5400082FDAA481422AC492838EBF77CFDA74875
:10F550001422AA491438EBF776FDA4486422A8497E
:10F56000B830EBF770FD00206076EBF76BFC62B60D
:10F5700070BD10B59848007E012843D172B6EBF7F4
:10F580005BFCA04C2046EBF784FC9E4814229E496D
:10F59000A030EBF758FD9B4820229C49C030EBF788
:10F5A00052FD984820229A49E030EBF74CFD20228A
:10F5B00098499948EBF747FD97484FF420729749CF
:10F5C0002030EBF740FD302295499648EBF73BFDA4
:10F5D0001E2295499548EBF736FD94484FF410727A
:10F5E00093492030EBF72FFD7D48642291499038F4
:10F5F000EBF729FD7C2290492046EBF724FDEBF741
:10F6000021FC62B610BD2DE9F04700248B4FDFF8D6
:10F61000CC818B4E4FF4FA6907EBC4252846EBF7F3
:10F6200038FC04EB840000EB441000EB080ABAF944
:10F6300023001CF034FD00281ADDBAF923001CF069
:10F640002EFD484514DCBAF923001CF028FD81B2D8
:10F6500006EBC420EBF73AFC04EB44007949C0EB1D
:10F66000C41001EB001128464A46EBF7ECFC04E01D
:10F6700006EBC4200021EBF729FC641CE4B2102C3B
:10F68000CAD3BDE8F0872DE9F04FFFB00024DFF8C2
:10F690004891DFF8448109F11A098DF800404D487E
:10F6A00000EB8400418801910788182C14D2DFE810
:10F6B00004F00C141C242C343BFDFD4B53FDFD6366
:10F6C0006A5B727A8189FDFD43EC43484FF43462F2
:10F6D0005D491A301FF060FEE8E03F484FF43862A1
:10F6E0005A491A301FF058FEE0E03B484FF49C5254
:10F6F00057491A301FF050FED8E037484FF4E072F7
:10F7000054491A301FF048FED0E033484FF4A87235
:10F7100051491A301FF040FEC8E02F4884224F495B
:10F720001A301FF039FEC1E02B484FF414722B49F8
:10F730001A301FF031FEB9E0274840F20D22484947
:10F740001A301FF029FEB1E023484FF49C6245496E
:10F750001A301FF021FEA9E01F484FF438724249C9
:10F760001A301FF019FEA1E01B484FF4F0723F4918
:10F770001A301FF011FE99E01748C8223C491A3090
:10F780001FF00AFE92E014484FF4C07239491A3053
:10F790001FF002FE8AE010484FF4906236491A309A
:10F7A0001FF0FAFD82E00C48B82234491A301FF0ED
:10F7B000F3FD7BE0084840F2F26231491A301FF055
:10F7C000EBFD73E0044844F2A0122E491A301FF0FA
:10F7D000E3FD6BE0DE030460A4B503602ACE0260A3
:10F7E0000088070854AC03607CAE0360588B0708A0
:10F7F00034AF0360288A0708C0010060D4010060AC
:10F8000046BC026000800708B478036048BF01600E
:10F8100068BF016088BF0160108107088C1E04600A
:10F8200070BD0260008407084ABD016010850708AA
:10F83000883D0360A8F1026016CE0460000006084F
:10F84000D0070608C62F0260112A0560511E056008
:10F850007AD00260CEE50260B8370360C83F03602B
:10F86000441C0560E8E7026038F3026002CA0260E7
:10F87000E2CB0260AACC0260083903604C4003600E
:10F880007A31046018F60260FFE70025F84EC5EBF8
:10F89000C50000EB45108119C5EB051048440F2247
:10F8A0001FF07AFD6D1CADB2FE2DF0D318F80400E8
:10F8B000012826D172B6EBF7BFFA0F2C05D0002530
:10F8C000DFF8B0A34FF4006B11E0FFF79CFE12E0ED
:10F8D00007EBC52000EB0A063046EBF7DAFA09EB36
:10F8E000C52130465A46EBF7AEFB6D1CEDB20198D0
:10F8F000B5EBD02FECD3EBF7A5FA62B6002008F8F1
:10F900000400641CA4B2182CFFF4C7AEFFF731FE4C
:10F910007FB0BDE8F04FF8E52DE9F0471422D64955
:10F92000D648EBF778FBD4480178FF2906D1407818
:10F93000FF2803D11421D0481FF047FD0024CF4DEC
:10F9400020352022CE492846EBF765FB641CA4B283
:10F95000202CF6D3CA480178FF2906D14078FF2829
:10F9600003D12021C6481FF030FD0024C34D40358F
:10F970002022C4492846EBF74EFB641CA4B2202C7D
:10F98000F6D3C0480178FF2906D14078FF2803D17B
:10F990002021BC481FF019FD0024B84D70352022ED
:10F9A000B9492846EBF737FB641CA4B2202CF6D3E8
:10F9B000B5480178FF2906D14078FF2803D12021DE
:10F9C000B1481FF002FDAD484FF42072AF499030AE
:10F9D000EBF721FB3022AE49AE48EBF71CFB1E22B1
:10F9E000AD49AE48EBF717FBAC484FF41072AC4989
:10F9F0002030EBF710FB4FF40A72AA49AA48EBF744
:10FA00000AFBB822A949AA48EBF705FBA8486422DB
:10FA1000A849B830EBF7FFFAA3486422A64990380A
:10FA2000EBF7F9FA95487C22A449A038EBF7F3FAF2
:10FA3000A2480178FF2906D14078FF2803D17C2114
:10FA40009E481FF0C2FC4FF480729D499D48EBF721
:10FA5000E2FA00219A489C4C002250F82130A3423F
:10FA600001D140F82120491C89B2DFF86092984EFC
:10FA7000984D4FF4C0684029EFD34246314648467E
:10FA8000EBF7C9FAD6E9000120F000F82BD1D6E94E
:10FA900002011FF0FBFF26D13068A84223D0B168D5
:10FAA000A94220D02746B8421DD0B9421BD072B619
:10FAB000EBF7C2F94846EBF7ECF90023002106EB1F
:10FAC000831040F82170491C89B21029F9D35B1CBE
:10FAD0009BB2182BF2D342467D494846EBF7B3FA66
:10FAE000EBF7B0F962B60021002006EB811252F864
:10FAF0002030A34201D142F82050401C80B210288F
:10FB0000F5D3491C89B21829EED3694814227249E9
:10FB10002838EBF780FABDE8F047654814226F49B2
:10FB20001438EBF778BA2DE9F0476D4900200880CA
:10FB30000024DFF8B091DFF8B0816C4F4FF4FA6623
:10FB400009EBC420EBF7DAF9B04200D9002000B28B
:10FB50001CF0A5FA04EB840101EB441101EB08054C
:10FB6000A5F82300B5F923001CF099FA002812DD4E
:10FB7000B5F923001CF093FA324690420BDC04EBFB
:10FB80004400C0EBC41007EB0011594800EBC4203F
:10FB9000EBF741FA08E004EB4400C0EBC41007EBBC
:10FBA000001031461FF011FC641CE4B2102CC7D3C6
:10FBB00067E52DE9F04FFFB00020ADF8010000250A
:10FBC000DFF830B1DFF8AC804B4F8DF800500BEB15
:10FBD00085004188019106880024DFF820914FF4C8
:10FBE000006A0BE006EBC420404448450AD807EB06
:10FBF000C4215246EBF70FFA641CE4B20198B4EB4F
:10FC0000D02FEFD33878FF281AD17878FF2817D172
:10FC1000B878FF2814D1F878FF2811D13879FF2857
:10FC20000ED17879FF280BD1B879FF2808D1F8795F
:10FC3000FF2805D1387AFF2802D1787AFF2815D01D
:10FC4000182D13D2DFE805F00C5E656C737A80E442
:10FC5000E48E95E4E4A3A99CB0B7BDC4E4E487CBEB
:10FC60004FF43462244926481FF096FBD0E0000090
:10FC70000441036000800608B4780360A080070890
:10FC800048BF016068BF016088BF01608C1E0460CE
:10FC900070BD0260008407084ABD01601085070836
:10FCA000883D036054AC0360008807087CAE0360A5
:10FCB000588B070846BC0260A8F1026016CE0460AB
:10FCC00034AF0360288A070800FF7F4700900708C9
:10FCD000B468036000007F43C0010060D40100608D
:10FCE0007A020060D00706082ACE0260C62F0260A2
:10FCF00000000608DE030460BEB5036000F80708D4
:10FD0000112A05604FF4386269496A481FF044FBC4
:10FD10007EE04FF49C52664967481FF03DFB77E058
:10FD20004FF4E072624965481FF036FB70E04FF413
:10FD3000A8725F4962481FF02FFB69E084225C498A
:10FD400060481FF029FB63E04FF4147258495E4885
:10FD50001FF022FB5CE040F20D2255495B481FF08A
:10FD60001BFB55E04FF49C62514959481FF014FBAE
:10FD70004EE04FF438724E4956481FF00DFB47E0F5
:10FD80004FF4F0724A4954481FF006FB40E0C82285
:10FD9000474952481FF000FB3AE04FF4C072444913
:10FDA0004F481FF0F9FA33E04FF4906240494D4854
:10FDB0001FF0F2FA2CE0B8223D494B481FF0ECFA54
:10FDC00026E040F2F2623A4948481FF0E5FA1FE0A7
:10FDD00044F2A012364946481FF0DEFA18E000242B
:10FDE000DFF81091DFF810A1C4EB0410C119C4EBC7
:10FDF000C40000EB441000EB09060F2230461FF050
:10FE0000CBFA70780AF80400641CE4B2FE2CEBD341
:10FE10006D1CEDB2182DFFF4D8AE0020254B012249
:10FE2000C0EBC00101EB001103EB410191F82D4043
:10FE30000CB981F82820401CC0B24028F0D3002023
:10FE40002E4BC0EB001101EB4101194491F8284001
:10FE50000CB981F82320401CC0B24028F1D3002007
:10FE6000154BC0EBC00101EB4011194491F826403D
:10FE70000CB981F82320401CC0B28028F1D3FFF7D1
:10FE800052FE7FB0BDE8F04F46E510B572B6EAF716
:10FE9000D3FF1B4C2046EAF7FCFF4FF4C062194920
:10FEA0002046EBF7D0F8EAF7CDFF62B610BD0000B0
:10FEB000BEB50360511E05607AD00260CEE50260D7
:10FEC000B8370360C83F03602ACE0260441C056057
:10FED000E8E7026038F3026002CA0260E2CB026027
:10FEE000AACC0260083903604C4003607A31046098
:10FEF00018F6026004410360B6670360112A0560CA
:10FF000000900708B468036030B5FD4A0024C2F8C9
:10FF1000A0410123C2F898310021050602D5C2F89C
:10FF2000A43101E0C2F8A441C2F8A841C2F8A83146
:10FF30004006000E491C49B20829EEDBC2F8A03188
:10FF4000C2F8A43130BD30B5ED4A0023C2F8A0316B
:10FF5000C2F8983100210124050602D5C2F8A44157
:10FF600001E0C2F8A431C2F8A831C2F8A8414006A5
:10FF7000000E491C49B20829EEDBC2F8A041C2F8C4
:10FF8000A44130BD3830C0B2DDE710B504460020D2
:10FF9000FFF7F8FF4034E0B2BDE81040D3E710B5FA
:10FFA00004460020FFF7EEFF04F00F002409E030C4
:10FFB000C0B2FFF7C8FFF034E0B2BDE81040C2E7BE
:10FFC0002DE9F04107460C461E46203AD5B20720DF
:10FFD000FFF7B9FF641C04EB44004FEA400808F047
:10FFE000FF00FFF7DCFF7806000EFFF7CEFF0024CE
:10FFF000C44905EB450001EB8005012E23D0285DA7
:020000040802F0
:10000000C043C0B2FFF780FF641CE4B2062CF4D3F7
:1000100008F0FF00FFF7C3FF012000EB4700C0B26C
:10002000FFF7B3FF0024012E11D028198079C043B7
:10003000C0B2FFF769FF641CE4B2062CF3D3BDE83D
:10004000F04106207FE7285DFFF75EFFDCE7281917
:100050008079FFF759FFEEE7F8B501214FF4D07032
:10006000E8F7A7FF4FF4E960ADF8000003248DF82E
:10007000024010258DF803506946A348E8F775FD46
:100080004020ADF800008DF802408DF803509F4EDF
:1000900069463046E8F769FD40213046E8F7D4FD6F
:1000A000EE01ADF800608DF802408DF80350984CD9
:1000B00069462046E8F759FD31462046E8F7C4FD79
:1000C000F8BD30B50720FFF73EFF002442F6A0053B
:1000D0000020FFF719FF641CA4B2AC42F8D3BDE8BE
:1000E000304006202FE710B58A4890F823000128F9
:1000F00001D0052801D1FFF7AFFF874C0020206019
:100100004FF47A7012F0B1FB01202060642012F0ED
:10011000ACFB0120FFF736FF1120FFF714FFAE20E4
:10012000FFF711FF0820FFF70EFF0020FFF72AFF5F
:100130000520FFF708FF0C20FFF705FF0020FFF761
:100140002EFF0020FFF721FFBDE81040B9E72DE9A1
:10015000FF4F87B00646DDF850B00F4691460BF0D2
:100160007F05152D00D9152548461FF055F915288E
:1001700002D848461FF050F948461FF04DF915289F
:1001800002D94FF00E0A04E048461FF045F900F08E
:10019000FF0A00240DF104080FE05FEA0B6006D5AA
:1001A00019F80400E8F724F808F8040003E019F847
:1001B000040008F80400641CE4B25445EDD355452E
:1001C00023D948461FF028F9C4B208E03819C1B253
:1001D000F0B220220A9BFFF7F3FE641CE4B2AC42AB
:1001E000F4D3002409E03819C1B218F80420F0B2A1
:1001F0000A9BFFF7E5FE641CE4B248461FF00CF9C9
:10020000A042F0D80BB0BDE8F08F05B955460024E8
:1002100009E03819C1B218F80420F0B20A9BFFF7C0
:10022000CFFE641CE4B2AC42F3D3EBE72DE9FC4310
:10023000DDF8248044B24DB24FF47A70824201D38B
:10024000042608E0642A01D3032604E00A2A01D325
:10025000022600E0012664270A21E946012E5DDD21
:10026000CBB3761C76B24FF02E0C09F803C0B2FB6C
:10027000F0FC8DF804C0B2FBF0FC00FB1C20012B4D
:100280002AD0022B14D0032B62D1B0FBF7F28DF8E9
:100290000220B0FBF7F207FB1200B0FBF1F28DF881
:1002A0000120B0FBF1F201FB12008DF800004FE0DD
:1002B000B0FBF7F28DF80320B0FBF7F207FB12005A
:1002C000B0FBF1F28DF80120B0FBF1F201FB12005E
:1002D0008DF800003CE021E0B0FBF7F28DF8032040
:1002E000B0FBF7F207FB1200B0FBF1F28DF8022031
:1002F000B0FBF1F201FB12008DF8000028E00000D5
:1003000000802242D316040800140140002001405E
:10031000001C0140B24C0460AC812342B2FBF0F3FC
:100320008DF80330B2FBF0F300FB1320B0FBF7F2C3
:100330008DF80220B0FBF7F207FB1200B0FBF1F2E0
:100340008DF80120B0FBF1F201FB12008DF80000E6
:10035000701E47B216E019F907002E2819D0174968
:1003600043460A5CE9B2E0B2FFF72AFE6D1C6DB2AB
:10037000152D05DB0025641C64B2052C00DB002470
:100380007F1E7FB2002FE6DA042E14DA0427AD1B9D
:100390000FE0E9B2E0B243462E22FFF711FEE5E797
:1003A000E819C1B2E0B243462022FFF709FE7F1EE2
:1003B0007FB2B742F4DABDE8FC830000C916040836
:1003C00070B500240020FFF7EAFD6006000EFFF77D
:1003D000DCFD00250020FFF797FD6D1CEDB2062D1A
:1003E000F8D30020FFF7DBFD012000EB4400C0B292
:1003F000FFF7CBFD00250020FFF786FD6D1CEDB259
:10040000062DF8D3641CE4B2052CDBD370BD10B507
:10041000FFF7D6FFBDE81040FFF753BE10B5FFF75A
:10042000F6FF314900200870304908603049086003
:10043000BDE8104014222FA133481EF0ADBF70B5A7
:100440008AB0324DA87C697CCDE900102B7CEA7B18
:100450002FA104A820F07AFA00241526CDE9006423
:10046000012304AA214620460294FFF770FEB5F846
:100470002100009006233F2229A104A820F066FA5B
:10048000CDE90064012304AA002118460294FFF775
:100490005EFE284829A103782748027804A820F0A6
:1004A00055FACDE90064012304AA00210220029438
:1004B000FFF74DFE0D4802682448824208D20C48DE
:1004C00003682348834203D222A104A820F03EFA05
:1004D000CDE90064012304AA002103200294FFF760
:1004E00036FE0AB070BD0000D00200602404006037
:1004F00028040060323031322D30392D313920312D
:10050000373A31363A31300002CA0460B24C0460E6
:1005100049503A25752E25752E25752E2575000016
:1005200053573A2025752E257520506F72743A2046
:1005300025750000F3020060E802006044423A20A2
:100540002575204F4E3A2025750000003F420F00D0
:100550009F86010052583A256C752054583A256CF4
:10056000750000007047454800218180C180444AE1
:10057000012111604FF49661018170474FF0320AFA
:10058000DFF800910026DFF8F48001270024002521
:100590005046EBF7C6FF98F80000022803D2401C33
:1005A00088F8000003E088F8006088F8017098F887
:1005B000010028B188F80160D9F8240118B103E0DE
:1005C00088F80260E2E70424D9F8280100B903247E
:1005D000D9F8200100B90124D9F8300100B902246A
:1005E0005CB1B8F80400C82802D2401CA8F8040086
:1005F000B8F80410012905D00DE0A8F8046088F8C7
:100600000260C3E7A8F806704FF49660A8F80800E7
:100610001B48076025460F2904D9042C01D0032C60
:1006200000D125461E290CD1012C07D0062C05D05F
:10063000022C03D0072C01D0082C02D104F1800039
:10064000C5B2322902D1052C00D1852588F8025087
:100650009CE71CB5094900230C31CDE90001642257
:1006600009A1AFF2E700EBF7B7FD0022012103205B
:10067000ECF78CFC014908611CBD0000D40200604D
:1006800098012442000023426B65795F7461736BAB
:1006900000000000F0B4FE481825002390F8230065
:1006A000FC4901281DD005281BD00A2602281CD091
:1006B00006281AD00B22082403281AD00A281BD097
:1006C000F8B1042820D007281ED00C2820D00924F7
:1006D000092820D00B2822D00E2824D0082826D084
:1006E00027E0202048708D7023E0102048708E7025
:1006F0001FE04A708C701CE0062048700320887050
:1007000017E04D708E7014E04C700E20887010E071
:100710004A708A700DE00D2048708C7009E011203D
:1007200048708C7005E0152048708A7001E04B70AD
:100730008B70CB70F0BC40F6E831D7481EF045BE58
:10074000010EC0F30742C0F3072301EB02211A0494
:1007500002EB0060084470472DE9FF5F81468A463E
:100760004FF4B471CD481EF030FECC4CC84F97F812
:100770002300401E032802D82320207001E04A20D5
:1007800020703879A070C648D0F8B1001BF086FC04
:10079000C4F80B0000216170C4F803100120E0715F
:1007A000607297F82300012812D0052810D0022883
:1007B00013D0062811D00B220823032812D00428B6
:1007C00013D0072811D00C2813D0082814D017E014
:1007D000202020721820A07212E0102020720A201F
:1007E000A0720DE02272A3720AE023720E20A072A2
:1007F00006E02272A27203E0E17161722172A172BD
:100800000027A64C1E34B84646E0A64AC8EBC801ED
:1008100001EB020B9BF806002B2805D02C2803D0F7
:100820005F2801D02E2833D17F1CFFB20C2F37D286
:100830002070505CA070DBF80100C4F80B009BF83E
:10084000050000F00E0060700E98012810D1505C79
:10085000954900F0070201EBD00101200978904092
:10086000014205D0FDF7D0FFFFF76AFFC4F803008F
:10087000029949EA0A00084301D1039890B184F82B
:10088000079084F808A0029860720398A0721E3442
:1008900008F1010808F0FF087E4800788045B4D3CD
:1008A000BDE8FF9F9BF806002B2806D02E2807D016
:1008B0002C2808D05F2809D00AE01625002607E07A
:1008C0000C25002604E008250E2601E0142502264A
:1008D000781EC0EB0011714800EB4101087A401C02
:1008E000E0716A1E10442072887A401C6072711E8A
:1008F0000844A072CBE72DE9F34F85B00E46002ED9
:1009000064D00598644900EB400001EB800404903A
:10091000E07A00285AD181460598DFF890B1DFF8D7
:1009200084814FF0030AC0EBC005152E51D0142E60
:100930007ED01C2E7DD0162E7CD0482E7BD05F2EF4
:100940007AD02B2E79D02E2E78D02C2E77D084F8FA
:10095000079084F8089084F809904E4FDFF838A18A
:10096000B878E070E2791044207194F808C06044CF
:10097000C3B2BB7079786171607A0144C9B2797091
:100980009A1AA2EB0C02081A4FF00109521C401CE3
:10099000D2B2C0B2CDF80090FFF7DEFEDDE9041060
:1009A0000AF82100667018F80500A07084F80B9012
:1009B000B9784020402900D9B8707978402900D909
:1009C0007870F878802801D98020F87007B0BDE8E9
:1009D000F08F002707F16C008DF80800000A0AEB81
:1009E00040108DF809009BF800008DF80A0018F8F7
:1009F00005008DF80B008DF80C9000231A4601A914
:100A000002A8FAF704FE7F1CFFB2082FE2D30027EA
:100A100007F164008DF80800000A0AEB40108DF819
:100A200009009BF800008DF80A0018F8050007E09F
:100A30001AE06EE0CEE0F2E031E171E195E1B9E17A
:100A40008DF80B008DF80C9000231A4601A902A81E
:100A5000FAF7DDFD7F1CFFB2082FD9D384F8079089
:100A600008202072607278E70027762000EB4700AC
:100A70008DF80800000A0AEB40108DF809009BF879
:100A800000008DF80A0018F805008DF80B000FE043
:100A9000B24C0460E80200603807046042BA0260A9
:100AA00036C002607A310460B23A046067020060C6
:100AB0008DF80C9000231A4601A902A8FAF7A7FDA9
:100AC0007F1CFFB2082FD0D3002707F164008DF8F8
:100AD0000800000A0AEB40108DF809009BF800009E
:100AE0008DF80A0018F805008DF80B008DF80C90B1
:100AF00000231A4601A902A8FAF789FD7F1CFFB25C
:100B00000D2FE2D30D20E07184F808900820607268
:100B100023E7002707F164008DF80800000A0AEBBC
:100B200040108DF809009BF800008DF80A0018F8B5
:100B300005008DF80B008DF80C9000231A4601A9D2
:100B400002A8FAF764FD7F1CFFB2082FE2D300274A
:100B500007F16C008DF80800000A0AEB40108DF8D0
:100B600009009BF800008DF80A0018F805008DF8C0
:100B70000B008DF80C9000231A4601A902A8FAF781
:100B800046FD7F1CFFB2042FE2D3002707F1BE0011
:100B90008DF80800000A0AEB40108DF809009BF858
:100BA00000008DF80A0018F805008DF80B008DF88C
:100BB0000C9000231A4601A902A8FAF728FD7F1C11
:100BC000FFB20A2FE2D30820E071042020720A202D
:100BD0006072C2E6002707F164008DF80800000A81
:100BE0000AEB40108DF809009BF800008DF80A0010
:100BF00018F805008DF80B008DF80C9000231A46AC
:100C000001A902A8FAF703FD7F1CFFB2202FE2D34F
:100C100084F8079084F80890202060729DE60027F1
:100C200007F16F008DF80800000A0AEB40108DF8FC
:100C300009009BF800008DF80A0018F805008DF8EF
:100C40000B008DF80C9000231A4601A902A8FAF7B0
:100C5000DEFC7F1CFFB2072FE2D3002707F16500FF
:100C60008DF80800000A0AEB40108DF809009BF887
:100C700000008DF80A0018F805008DF80B008DF8BB
:100C80000C9000231A4601A902A8FAF7C0FC7F1CA9
:100C9000FFB2072FE2D30720E07160725DE6002704
:100CA00007F164008DF80800000A0AEB40108DF887
:100CB00009009BF800008DF80A0018F805008DF86F
:100CC0000B008DF80C9000231A4601A902A8FAF730
:100CD0009EFC7F1CFFB2022FE2D3002707F16800C1
:100CE0008DF80800000A0AEB40108DF809009BF807
:100CF00000008DF80A0018F805008DF80B008DF83B
:100D00000C9000231A4601A902A8FAF780FC7F1C68
:100D1000FFB2142FE2D30220E071142060721CE6AF
:100D2000002707F164008DF80800000A0AEB401064
:100D30008DF809009BF800008DF80A0018F80500EE
:100D40008DF80B008DF80C9000231A4601A902A81B
:100D5000FAF75DFC7F1CFFB2162FE2D384F80790F0
:100D600084F8089016206072F7E5002707F1640008
:100D70008DF80800000A0AEB40108DF809009BF876
:100D800000008DF80A0018F805008DF80B008DF8AA
:100D90000C9000231A4601A902A8FAF738FC7F1C20
:100DA000FFB20C2FE2D384F8079084F808900C204F
:100DB0006072D2E5F8490888401C0880002707F1D6
:100DC0006C008DF80800000A0AEB40108DF809004D
:100DD0009BF800008DF80A0018F805008DF80B004C
:100DE0008DF80C9000231A4601A902A8FAF70FFC0F
:100DF0007F1CFFB2062FE2D3002707F164008DF8B5
:100E00000800000A0AEB40108DF809009BF800006A
:100E10008DF80A0018F805008DF80B008DF80C907D
:100E200000231A4601A902A8FAF7F1FB7F1CFFB2C2
:100E3000082FE2D3002707F174008DF80800000A9C
:100E40000AEB40108DF809009BF800008DF80A00AD
:100E500018F805008DF80B008DF80C9000231A4649
:100E600001A902A8FAF7D3FB7F1CFFB2082FE2D337
:100E70000620E0710820207260726EE52DE9F04FC7
:100E80008FB0894616461C460EA901F0FAFB0128D0
:100E90007ED19DF83800C14FC0EBC002D1198979CD
:100EA0001C290FD015290DD014290BD0162909D0D3
:100EB0002B2907D02C2905D05F2903D0482901D040
:100EC0002E2965D1DFF8D8B2DFF8D8824FF0000CB8
:100ED000A9F16C03A9F164051C291CD04FF47A7E9A
:100EE00006FB0EFA15297DD014297CD016297BD05B
:100EF000A9F5005A40F2BF52AAF54D6A2B2974D0C9
:100F00002E2973D00AF5B8622C2970D048296FD0E9
:100F10005F296ED02CE24FF01C0A082D1ED2ECB2D5
:100F200000EB400108EB8101C978214440292FD80A
:100F3000012E75D0C1EB011505EB45055D4485F823
:100F400025C0C1EB011101EB41015944012501F814
:100F5000245FBD5C4D7181F806A0CC71B408042BF0
:100F600021D2DBB200EB400108EB81010979194481
:100F700040290DD88C4D25F81140C1EB011101EB32
:100F8000410104EB840559446D0041F81E5F00E007
:100F900096E001254D718D728D71BD5CCD7281F829
:100FA0000CA080334B73A9F1BE09B9F10A0FB1D27D
:100FB00009F0FF0100EB400008EB80004079084495
:100FC00040287DD8794B23F810404FF47A735C4366
:100FD000C0EBC00303EB0013754800EB4300C0F8FF
:100FE0001E4007E028E081E0E4E014E17CE1E6E176
:100FF00030E3FCE3EEB1012380F82630223080F8A4
:1010000005C080F800C080F807C080F809C080F8EB
:101010000AC0BA5C827080F803A00172A8E1FFE701
:10102000C1EB011E0EEB4E0EDE4401258EF825505D
:1010300087E780F826C0E1E71524082D26D2EDB217
:1010400000EB400108EB810109792944402937D898
:10105000DFF8549129F81160C1EB011101EB410156
:1010600006EB860959444FEA490941F81E9F4FF0A3
:10107000010981F8059081F80A9081F8069017F827
:10108000029081F80B900C7380354D73082BC5D2FC
:10109000D9B200EB400008EB8000407908444028BA
:1010A0000ED8424B23F81060C0EBC00303EB0013D3
:1010B0003F4800EB4300C0F81EA0A6B1012300E0AA
:1010C0009DE080F82630223080F805C080F800C00E
:1010D00080F807C080F809C080F80AC0BA5C827046
:1010E000C470017244E180F826C0ECE714230D2D92
:1010F0001CD2ECB200EB400108EB8101C97821441D
:1011000040297CD8C1EB011101EB4101594481F820
:1011100023C0012581F82850B6B381F8255041F845
:101120001E6F8D71BD5CCD720B734C73A9F1760986
:10113000B9F1100FD6D209EBD971C1F3470100EB19
:10114000400008EB800040790844402857D8C0EBA5
:10115000C00404EB0014164800EB4400C0F81EA0C5
:10116000B6B1012480F82640223080F805C080F80E
:1011700000C080F807C080F809C080F80AC0BA5CD7
:101180008270C3700172F3E0FFE781F825C0C6E703
:1011900080F826C0E8E70000C45B04607A31046090
:1011A000112A05603807046036B9026036B802605B
:1011B000511E0560202D95D2E9B200EB400008EBEE
:1011C000800040790844402819D8FE4B23F810606D
:1011D000C0EBC00303EB0013FB4800EB4300C0F877
:1011E0001E60AEB1012380F82630223080F805C0A1
:1011F00080F800C080F807C080F809C000E094E0E3
:1012000080F80AC0BA5C82701622C2700172D1E303
:1012100080F826C0E9E74FF02B09162D3ED2EDB23B
:1012200000EB400008EB800040794319402B7CD84C
:10123000002001AA04EB400191F804C002F810C09C
:1012400002EB400CC9788CF80110401CC0B2172882
:10125000F0D3C3EBC300DC4C00EB031004EB400005
:101260002E2201A91EF098F89DF83800C0EBC001AD
:1012700000EB400008EB80007A5C40792844C0EB2A
:10128000C00101EB001104EB410101F8242F81F8AA
:1012900001908D71CB4921F810608BE39245B6D255
:1012A0001721BAFBF1F1CEB200EB400008EB800051
:1012B00040793044C0B2402837D8C0EBC00101EBC0
:1012C0000011C1482E2200EB4105214628461EF0A0
:1012D00063F89DF83800C0EBC000385C05F8240FB7
:1012E00085F80190AE7165E34FF02E090C2D40D2C8
:1012F000EDB200EB400008EB800040794319402B31
:1013000013D8002001AA04EB400191F804C002F8B0
:1013100010C002EB400CC9788CF80110401CC0B220
:101320001728F0D3C3EBC30000E0AFE0A64C00EBFE
:10133000031004EB40002E2201A91EF02DF89DF8A9
:101340003800C0EBC00100EB400008EB80007A5C85
:1013500040792844C0EBC00101EB001104EB4101CE
:1013600001F8242F81F801908D71964921F81060C1
:1013700020E3924591D21721BAFBF1F1CEB200EBF6
:10138000400008EB800040793044C0B240287DD84E
:10139000C0EBC00101EB00118B482E2200EB410590
:1013A000214628461DF0F8FF9DF83800C0EBC0002C
:1013B000385C05F8240F85F80190AE71FAE2062B2F
:1013C00038D2DEB200EB400008EB8000C07800EBC2
:1013D000060CBCF1400F59D8002001AA04EB4001D3
:1013E0000B7902F8103002EB4003C9785970401CA9
:1013F000C0B21728F2D3CCEB0C1000EB40005844DD
:101400002D2201A91DF0C8FF9DF83800C0EBC001D6
:1014100000EB400008EB8000795CC0783044C0EB02
:10142000001000EB4000584400F8291F2C214170A7
:1014300086702DE08A2A2BD21721B2FBF1F1CEB2B1
:1014400000EB400008EB8000C078304440281DD8F5
:10145000C0EB001000EB400058442D2221461DF047
:101460009BFF9DF83800C0EBC00100EB400008EB8B
:101470008000795CC0783044C0EB001000EB400085
:10148000584400F8291F2C21417000E08CE0867040
:10149000082D39D2EDB29DF8380000EB400008EB82
:1014A000800000794219402A7ED8002001AB04EB6D
:1014B00040010E7903F8106003EB4006C9787170A3
:1014C000401CC0B21728F2D3C2EB021000EB400060
:1014D00058442D2201A91DF05FFF9DF83800C0EB94
:1014E000C00100EB400008EB8000795C00792844E3
:1014F000C0EB001000EB4000584400F8291F2C21DD
:1015000041708035857032E0A9F51C509A3840F260
:10151000355188422BD21721B0FBF1F0C5B29DF8AE
:10152000380000EB400008EB800000792844402898
:101530003AD8C0EB001000EB400058442D22214661
:101540001DF02AFF9DF83800C0EBC00100EB400001
:1015500008EB8000795C00792844C0EB001000EBB8
:101560004000584400F8291F2C2141708570A9F1D2
:101570007409B9F1080F43D209F0FF059DF838004E
:1015800000EB400008EB800040794319402B0BD85A
:10159000002001AA04EB40010E7902F8106002EB72
:1015A0004006C978717000E0BCE0401CC0B217284A
:1015B000F0D3C3EBC300044C00EB031004EB40007A
:1015C0002E2203E036B80260511E056001A91DF00D
:1015D000E3FE9DF83800C0EBC00100EB400008EBD3
:1015E0008000795C40792844C0EBC00202EB001017
:1015F00004EB400000F8241F2C2141708571D9E1D3
:1016000040F277608245FAD21720BAFBF0F0C6B2FA
:101610009DF8380000EB400008EB80004079304432
:10162000C0B240287ED8C0EBC00101EB0011FE48DB
:101630002E2200EB4105214628461DF0ADFE9DF807
:101640003800C0EBC000385C05F8240F2C2068700F
:10165000AE71AFE1A9F16F014826072937D2CDB2AB
:1016600000EB400008EB8000C07800EB050CBCF1FB
:10167000400F57D8002001AA04EB40010B7902F873
:10168000103002EB4003C9785970401CC0B21728D3
:10169000F2D3CCEB0C1000EB400058442D2201A9F2
:1016A0001DF07AFE9DF83800C0EBC00100EB400051
:1016B00008EB8000795CC0782844C0EB001000EB98
:1016C0004000584400F8291F467085702CE0A12A7C
:1016D0002AD21721B2FBF1F1CDB200EB400008EBAA
:1016E0008000C078284440281CD8C0EB001000EBD4
:1016F000400058442D2221461DF04EFE9DF8380032
:10170000C0EBC00100EB400008EB8000795CC078C2
:101710002844C0EB001000EB4000584400F8291F9B
:10172000467000E08FE08570A9F16509B9F1070FF7
:101730003DD209F0FF059DF8380000EB400008EBB2
:10174000800040794319402B7DD8002001AA04EB8A
:10175000400191F804C002F810C002EB400CC978B7
:101760008CF80110401CC0B21728F0D3C3EBC300A3
:10177000AD4C00EB031004EB40002E2201A91DF03C
:101780000BFE9DF83800C0EBC00100EB400008EBF9
:101790008000795C40792844C0EBC00202EB001065
:1017A00004EB400000F8241F4670857102E1BAF591
:1017B000CC6F27D21720BAFBF0F000F0FF099DF89C
:1017C000380000EB400008EB800040794844C0B28C
:1017D000402838D8C0EBC00101EB001192482E22FE
:1017E00000EB4105214628461DF0D6FD00E00AE049
:1017F0009DF83800C0EBC000385C05F8240F6E700F
:1018000085F80690D6E05F26022D39D2EDB200EBC6
:10181000400008EB8000C07800EB050CBCF1400FE5
:1018200011D8002001AA04EB40010B7902F8103016
:1018300002EB4003C9785970401CC0B21728F2D39C
:10184000CCEB0C1000E0A7E000EB400058442D2248
:1018500001A91DF0A1FD9DF83800C0EBC00100EB0F
:10186000400008EB8000795CC0782844C0EB001091
:1018700000EB4000584400F8291F467085702AE0AC
:101880002E2A28D21721B2FBF1F1CDB200EB400095
:1018900008EB8000C078284440287DD8C0EB0010B9
:1018A00000EB400058442D2221461DF075FD9DF8A7
:1018B0003800C0EBC00100EB400008EB8000795C11
:1018C000C0782844C0EB001000EB4000584400F8FA
:1018D000291F46708570A9F16809B9F1140F3DD22E
:1018E00009F0FF059DF8380000EB400008EB800090
:1018F00040794319402B63D8002001AA04EB400132
:1019000091F804C002F810C002EB400CC9788CF8C2
:101910000110401CC0B21728F0D3C3EBC300424CE7
:1019200000EB031004EB40002E2201A91DF034FD52
:101930009DF83800C0EBC00100EB400008EB8000D0
:10194000795C40792844C0EBC00202EB001004EB44
:10195000400000F8241F467085712BE040F28B7028
:10196000824527D21720BAFBF0F000F0FF099DF85E
:10197000380000EB400008EB800040794844C0B2DA
:1019800040281DD8C0EBC00101EB001126482E22D3
:1019900000EB4105214600E012E028461DF0FCFC6A
:1019A0009DF83800C0EBC000385C05F8240F6E705D
:1019B00085F80690F2F73CFDF2F765FDF2F78EFD33
:1019C0000FB0BDE8F08F2DE9F04F06460020DFF89C
:1019D0005C9099F80030002BF3D000233370DFF8CF
:1019E0005080144FD8E0C3EBC30404EB080C9CF800
:1019F00006401C2C09D0142C07D0152C05D02C2CFB
:101A000003D05F2C01D0482C7ED1022973D103EB87
:101A1000430407EB8404E579F5B303F1010BD345E7
:101A200048D2E478944207E0511E0560E802006065
:101A30007A310460380704605DD82C4494425AD946
:101A40003370C3EBC301414489791C2907D103EBEF
:101A5000430007EB8000C078101A643080B214296C
:101A600007D103EB430007EB8000C078101A643005
:101A700080B22C2907D103EB430007EB8000C0782C
:101A8000101A6C3080B25F2909D103EB430007EBD9
:101A90008000C078101A00E02DE0643080B2482940
:101AA0008FD103EB430007EB8000C078101A6F3032
:101AB00080B286E733709CF806501C2D03D1E07885
:101AC000101A643080B2142D03D1E078101A6430FB
:101AD00080B22C2D03D1E078101A6C3080B25F2DCB
:101AE00003D1E078101A643080B2482D03D1E07839
:101AF000101A6F3080B203294CD103EB430407EB7B
:101B00008404257A05B100E044E099F800B003F1BF
:101B1000010ADA4529D2247994423BD82C449442D4
:101B200038D93370C3EBC301414489791C2907D1EB
:101B300003EB430007EB80000079101A6C3080B291
:101B4000152907D103EB430007EB80000079101A39
:101B5000643080B22C29ACD103EB430007EB80004A
:101B60000079101A643080B22BE733709CF806506D
:101B70001C2D03D12079101A6C3080B2152D03D1A1
:101B80002079101A643080B22C2D03D12079101ADC
:101B9000643080B25B1CDBB299F800A05345FFF4BF
:101BA00022AF0EE72DE9F84FF84C0020F84D012741
:101BB000F84E95F800C02AE0C0EBC00291198B796D
:101BC0002B2B03D02C2B01D02E2B1ED1B35CDFF896
:101BD000C88303F0070B08EBD30907FA0BF899F851
:101BE00000A02AEA080A89F800A0DFF8B09309EB00
:101BF000D30393F8009029EA080983F800900023A2
:101C0000B354C1F801304B718B71401CC0B26045B8
:101C1000D2D30021002015E0C0EBC003F25C7AB102
:101C2000C1EBC10233443244D3F80080C2F80080D3
:101C3000B3F80480A2F804809B799371491CC9B25F
:101C4000401CC0B26045E7D3D54801704FF0000892
:101C500020782B2803D02C2801D02E280FD100204B
:101C600000F07DFE8146D4F80B00FEF769FD0146C9
:101C7000207800906278A0784B4600F02EFD08F1A5
:101C8000010808F0FF081E34B8F10B0FE0D300F094
:101C900099FAC4480770C4488774FEF7FBFC002417
:101CA00008E0C4EBC400304481792046FEF723FEEF
:101CB000641CE4B228788442F3D3BDE8F88F10B5F1
:101CC0000C4601460120F2F736FC40B2411C02D01E
:101CD0002070012010BD002010BD10B50C4601463B
:101CE0000420F2F728FC40B2411C02D020700120F1
:101CF00010BD002010BD10B50C4601460220F2F7C1
:101D00001BFD40B2411C02D02070012010BD0020FC
:101D100010BD10B50C4601460520F2F70DFD40B28E
:101D2000411C02D02070012010BD002010BD10B554
:101D30000C4601460020F2F7FFFC40B2411C02D0E5
:101D40002070012010BD002010BD10B50C460146CA
:101D50000320F2F7F1FC40B2411C02D020700120B8
:101D600010BD002010BD10B50C4601460120F2F751
:101D7000E3FC40B2411C02D02070012010BD0020C5
:101D800010BD10B50C4601460420F2F7D5FC40B258
:101D9000411C02D02070012010BD002010BD2DE993
:101DA000FE4304460D4694F82A002C2801D05F28F3
:101DB00001D1012A14D0142803D01C2801D02C28CA
:101DC00024D194F82B00DFF8E481724F00064FF025
:101DD00001065ED494F8250068B34FF47A702BE0C6
:101DE00094F82B104FF02E020B0611D401F07F0057
:101DF000C0EBC00101EB001042F2107100924218DA
:101E000094F829102346102001F000FDBDE8FE8360
:101E10002C28FBD101F07F00C0EBC00101EB0010CA
:101E200042F29A710092421894F829102346102029
:101E300001F0ECFCEAE7002028F815002A46022110
:101E400002A8FFF7C0FD0246002ADFD094F82B005D
:101E50000006DBD438F81500B0F5007F0BD30196EF
:101E60009DF808000096C0EBC00001AB395C06206D
:101E700001F0CCFCCAE70028C8D101909DF8080009
:101E80000096C0EBC00001AB395C062001F0BEFC3F
:101E9000BCE72A46032102A8FFF795FD044620006F
:101EA000B4D09DF80810DFF8089101EB410009EB70
:101EB000800040781C2809D1C1EBC1000096395C34
:101EC00008EB45032246062001F0A0FC9DF808100F
:101ED00001EB410009EB800040782C2896D1C1EB42
:101EE000C1000096395C08EB45032246062001F04C
:101EF0008DFC8BE708B590F825102C2905D02B29EF
:101F000003D05F2901D02E2912D12F21009190F802
:101F10002A10034601F07F01C1EBC10202EB01115F
:101F200042F6D0420A4490F82410102001F06EFCD2
:101F300008BD2DE9FC5F00271E4C0026DFF87880E5
:101F40004FF47A79CBE0DFF84CA0C6EBC60505EB81
:101F50000A008079092803D0072801D05D287DD1A7
:101F60007F1CFFB2FE2F7AD21AF8050020701AF8F3
:101F70000500124900F0070201EBD00101200978A9
:101F8000904001421CD001201BE0000060BA0260BA
:101F9000E80200607A310460723A0460923A0460A8
:101FA000F0020060D6030060A4B5036036B9026099
:101FB0003807046004410360B8020060B23A04606C
:101FC0000020E07359208DF800004FF0230B8DF8AE
:101FD00001B0764800788DF802001AF805008DF8F7
:101FE000030000208DF80400002301227049684698
:101FF000F9F70DFB012805D1D8F8000090FBF9F0A6
:10200000A4F81F005E208DF800008DF801B0DFF805
:102010009CB19BF800008DF802006648405D8DF889
:1020200003004FF0000A8DF804A00023012260494C
:102030006846F9F7ECFA012805D1D8F8000090FBC2
:10204000F9F0A4F821000C208DF8000063208DF831
:102050000100564800788DF8020001E03DE043E0C1
:10206000DFF850B11BF805008DF803008DF804A0CF
:10207000002301224E496846F9F7C9FA012805D123
:10208000D8F8000090FBF9F0A4F8230005208DF8A3
:10209000000063208DF80100444800788DF80200AC
:1020A0001BF805008DF803008DF804A00023012221
:1020B0003F496846F9F7ABFA012805D1D8F8000086
:1020C00090FBF9F0A4F825003B480F2200EB061125
:1020D00004F110001DF060F92734761CF6B2374881
:1020E00000788642FFF42FAFBDE8FC9F7FB53349EF
:1020F0000978884258D2C0EBC00101EB401030494A
:1021000044182A4800788DF80A00641C14F8010C61
:102110008DF80B0000208DF80C00E08B4FF47A71E5
:102120004843019059208DF8080023268DF8096056
:1021300002250123002201A902A80095F8F72AFF31
:10214000208C4FF47A71484301905E208DF808008E
:102150008DF809600123002201A902A80095F8F773
:1021600019FF608C4FF47A71484301900C208DF870
:10217000080063268DF809600123002201A902A846
:102180000095F8F707FFA08C4FF47A71484301904F
:1021900005208DF808008DF809600123002201A9AF
:1021A00002A80095F8F7F6FE7FBD00006702006008
:1021B000B80200607A3104608C1E0460E80200609E
:1021C00004410360F8B50021002200230020FF4CE9
:1021D000FD4E277828E0C0EBC004A5196D7905F005
:1021E0000F05012D04D0022D0BD0032D12D019E0C4
:1021F000355D0C46DFF8D8C3491CC9B20CF8045051
:1022000010E0355D1446DFF8CCC3521CD2B20CF896
:10221000045007E0355D1C46DFF8BCC35B1CDBB235
:102220000CF80450401CC0B2B842D4D3EB48017043
:10223000EB4CEC480270EC4803708818184420708E
:1022400000200346024601460090FEF785FABDE8ED
:10225000F840FFF76EBE2DE9F84F0022002300245E
:10226000DFF86893002789F800700020DFF87CB35E
:10227000D54E4FF0010A0BF1200EC0EBC005A91995
:10228000497901F00F01012903D0022901D0032966
:102290003ED1715D09B3FF293AD0F8B1451EC5EBB7
:1022A000C505755DA94233D00BEBD10C01F00705D4
:1022B0009CF800800AFA05F548EA05088CF80080C9
:1022C0000EEBD10191F800C02CEA050C81F800C09A
:1022D00099F80010491C89F8001019E031780BEBCF
:1022E000D10C01F007059CF800800AFA05F548EAD0
:1022F00005088CF800800EEBD10191F800C02CEAA3
:10230000050C81F800C099F80010491C89F80010EC
:10231000401CC0B2FE28B0D3002099F800C028E0CD
:10232000C0EBC0018D196D7905F00F05012D04D0AA
:10233000022D0BD0032D12D019E0755C1146DFF889
:102340009082521CD2B208F8015010E0755C194618
:10235000DFF880825B1CDBB208F8015007E0755C97
:102360002146DFF87482641CE4B208F80150401C76
:10237000C0B26045D4D399480270994D9948037012
:1023800099480470D01820442870002408E0C4EB59
:10239000C400304481792046FEF7ADFA641CE4B2F3
:1023A00028788442F3D300231A461946184600972A
:1023B000FEF7D2F9BDE8F84FFFF7BBBD70B5044694
:1023C0000D460721204603F04EF82178FF2922D13F
:1023D000617819291FD1E179B1EB102F1BD1217A36
:1023E000C0B2884217D17948A17848300170E178AD
:1023F000A279237941EA02626179090441EA032161
:102400000A43C0F801207A480088854201D10120A2
:1024100070BD032070BD022070BD2DE9FC41074650
:1024200088461446022C02D90020BDE8FC8124B164
:10243000022C05D0012C06D007E06E48056804E0A8
:102440006D48056801E06D4805686D4E3089401C97
:10245000308132212846EAF794FF98B3204603F0F2
:1024600076F8FF208DF8000019208DF801008DF816
:1024700002708DF803800421684602F0F4FF010A1F
:102480008DF804108DF8050022460621684603F0F9
:1024900002F822460921002007F0C6FC7089401C82
:1024A0007081012C11D03220214607F005FD10F07B
:1024B000FF010CD0B089401CB0815248FFF77EFF6D
:1024C000064605E0FFE7FF20AFE75020ECE70026D7
:1024D00022460021012007F0A7FC2846EAF77BFEF0
:1024E0003046A2E710B504460A21204602F0BBFFA1
:1024F000A17AB1EB102F05D1E17AC0B2884201D1A7
:10250000042010BD002010BD2DE9FE43074688467B
:1025100014461D460026284603F019F88DF8007071
:1025200006208DF8010000208DF802000A208DF8A9
:10253000030055208DF804008DF805808DF80640C5
:10254000200A8DF80700200C8DF80800200E8DF869
:1025500009000A21684602F086FF010A8DF80A1078
:102560008DF80B002A460C21684602F094FF2A469B
:102570000C21002007F058FC29464FF4FA7007F0B0
:102580009BFC10F0FF0F04D00C211E48FFF7AAFFA0
:1025900006462A460021012007F046FC3046BDE8E9
:1025A000FE8370B50120114C012504F1200304EBDA
:1025B000D00100F007060A7805FA06F10A4225D193
:1025C00003EBD00212781FE07A310460F002006061
:1025D0003E0404603C0504603A060460ED020060BD
:1025E000E8020060EE020060EF020060723A0460F0
:1025F00098030060B4030060B8030060BC0300608F
:102600007C5B0460945304600A4204D0401CC0B256
:10261000FF28CCD3FF2070BDF0B500210020FF4A79
:10262000FD4B012403F6381716780FE0C0EBC0020B
:102630009A5C07EBD20502F007022D7804FA02F249
:10264000154201D0491CC9B2401CC0B2B042EDD302
:10265000F348C170F0BD10B5EF49C0EBC000085C95
:1026600001F6381101EBD00100F007030A780120D0
:10267000984002430A70FFF7CFFFBDE81040FFF714
:1026800058BC30B50022E54BE34C1B7809E0C2EBA7
:10269000C205655D854202D10A70012030BD521C21
:1026A000D2B29A42F3D3002030BD70B5049DDC4E07
:1026B000747F132C10D2641CE4B2747704EB84068C
:1026C00006EBC404D74E3055A01940F8011F4260F4
:1026D000037245720021418170BD2DE9FF5F044600
:1026E0000E980D46914600210191002C0CD0DFF888
:1026F00030B309EB0312521CD2B2DFF81C834FF047
:10270000010A9BF800701BE0002004B0BDE8F09FB8
:10271000C1EBC10318F80360A6420FD14344D3F8BC
:102720000160AE420AD15E7906F00F06761E4E4574
:1027300004D05A7100B198718BF804A0491CC9B239
:10274000B942E5D34FF0FF0CB74901260B7904F0ED
:1027500007018E40B549A34201EBD4011BD1087893
:102760003043087000222B4621461046F3F7E0F96B
:10277000AD484B46817900910178427801EB022106
:102780008278C078120402EB006001442A46204699
:10279000FFF78BFFC0E0A54B203B03EBD40393F87E
:1027A00000E0CDF80CE01EEA060F48D0002343E01D
:1027B000C3EBC30C18F80CC0A4453BD1C3EBC30B4F
:1027C0000BEB0807D7F801C0AC452CD0964B93F81B
:1027D000273013B10B7833430B7015B1BCF1000FE8
:1027E00022D0002D1FD0BCF1000F1CD02B4662461A
:1027F00021460120F3F79CF98C4918F80B00203191
:1028000001EBD00100F0070009780AFA00FA11EA9A
:102810000A0F08D009200090D7F801104B462A462D
:102820002046FFF742FF77E0C7F801507A71E0B326
:10283000B87171E05B1CDBB2BB42B9D36CE04FF006
:10284000000911E0C9EBC90BC344DBF801B0AB458B
:1028500006D12DB1C9EBC90C08F80C40CC4605E0F7
:1028600009F1010909F0FF09B945EBD3BCF1FF0FEC
:1028700037D0CCEBCC07DFF8B49118F807C0A9F13A
:10288000200909EBDC09CDF8089099F800B00CF0AC
:10289000070E0AFA0EF9CE462BEA090BDDF808906E
:1028A00089F800B0DFF8849100E035E009EBDC0C3A
:1028B0009CF800B02BEA0E0B8CF800B093F800C027
:1028C0004CEA060C83F800C00B78B3430B7008F891
:1028D000074007EB0801C1F801504A71C8B188717F
:1028E00017E0DDF80CC04CEA060C83F800C00B784A
:1028F000B3430B70C7EBC701494B08F80140414493
:10290000C1F801504A7100B188717F1C1F7001200D
:102910000190434880F804A0444900204031085504
:10292000A1F25E214FF4167021F8140001F23E204E
:1029300000EBD400007830420FD169462046FFF703
:10294000A0FE012809D19DF80000C0EBC001414460
:102950008979DC2901D2FFF77EFE0198D5E634495A
:10296000344A00280978127807D001281BD00228A1
:102970001BD0032800D1084670472B4890F82A3016
:10298000072B09D090F82810072907D090F82900C4
:10299000072805D006207047084670471046704744
:1029A000254800787047104670470620704710B5DC
:1029B000002000211A4A1C4B22321C1894F828408F
:1029C000072C02D15054491CC9B2401CC0B2032884
:1029D000F3D31348817210BD38B504461248204421
:1029E00090F82810072908D0072180F8281004F152
:1029F0001D000FF034FFFFF7DAFF64B969460920C4
:102A00000FF01EFF0B489DF8002001788A4202D08B
:102A100009200FF024FF11E07A310460E802006021
:102A2000F0020060C9430460B24C0460923A046052
:102A3000660300606403006065030060012C0CD134
:102A4000694652200FF0FCFEF9489DF800200178FD
:102A50008A4202D052200FF002FF022C0CD16946AC
:102A600053200FF0EDFEF3489DF8002001788A42D4
:102A700002D053200FF0F3FE38BD2DE9F74F82B09E
:102A800004460D46AC4269D821462846049AFFF711
:102A9000C4FC002862D00122611902EB5108DDF864
:102AA00010904908DFF890B309F10109019101285C
:102AB00015D0E2490126A1F1200202EBD40A04F06C
:102AC0000702964001EBD407022828D0032855D0EE
:102AD000049A05B029462046BDE8F04FCDE704989A
:102AE000FFF77AFF09F0FF00FFF739FF03460020E8
:102AF0000090DBF801109BF80000049AFFF7EDFD51
:102B0000AC422BD02046049A0199FFF7B6FF049AF5
:102B100005B008F0FF002946BDE8F04FADE7049886
:102B2000FFF75AFFAC421CD13878304338709AF81E
:102B30000000304212D0C24890F8270000280DD182
:102B4000BD4AC049483A127806E0C0EBC003CB5CEE
:102B5000A34203D0401CC0B29042F6D305B0BDE8FA
:102B6000F08F2046049A0199FFF787FF049A05B079
:102B700008F0FF002946BDE8F04F7EE70498FFF714
:102B80002BFFAC421AD13878304338709AF80000E5
:102B90003042E3D0AA4890F827000028DED1A64AA8
:102BA000A849483A127806E0C0EBC003CB5CA342C8
:102BB000D4D0401CC0B29042F6D3CFE709F0FF005A
:102BC000FFF7CDFE034600200090DBF801109BF8D4
:102BD0000000049AFFF781FD2046049A0199FFF74F
:102BE0004CFF049A05B008F0FF002946BDE8F04FFD
:102BF00043E730B40022944C924B247811E0C2EBAE
:102C0000C2055D5D8D420AD1C2EBC201194449790A
:102C10000A0902D030BC0809704730BC9FE6521C3C
:102C2000D2B2A242EBD330BC99E6884A1154884A0A
:102C30000121115470470246FE2101201DE710B505
:102C40007E48202120381CF0C0FB20217B481CF04E
:102C5000BCFB7A48202120301CF0B7FB40F2F96120
:102C600078481CF0B2FB744800244838C4700470E3
:102C7000FE2178481CF0A9FBFE2177481CF0A5FB3B
:102C80007648047076480470FE2176481CF09DFB5F
:102C90006D480470744804707448047010BD66492F
:102CA0000020483948774FF4827171481CF08DBB81
:102CB0002DE9F8436048002548380570012141722C
:102CC0000584FDF7E7FCFFF7BAFF0024694E1E27D5
:102CD00006F58078A6F57F69355528F8147009EB5C
:102CE000041010211CF071FB641CE4B2FF2CF3D320
:102CF000614805704FF46064214660481CF065FB34
:102D00005F48057021465F481CF05FFBFFF711F933
:102D1000FFF7C5FF00231A46194618460095FDF730
:102D20001BFD41F2CC0158481CF04FFB5748057081
:102D3000BDE8F8834349C0EBC000085C01F63811D8
:102D400001EBD00100F007030A780120984082438C
:102D50000A7061E470B505460C463948047139487B
:102D60000470214606200FF07AFD344805F007066E
:102D7000203800EBD50101250B7805FA06F29343C4
:102D80000B7000EBD40004F00703017805FA03F29E
:102D90001143017070BD10B500212B4B294A1B78DF
:102DA0000DE0C1EBC104145D844206D1C1EBC1004A
:102DB0001044407900F00F0010BD491CC9B299427F
:102DC000EFD300201E490A1892F82820072A05D0C0
:102DD000401CC0B20328F6D3002010BD401CC0B276
:102DE00010BD10B5A0F51C52103A40F2BF54172385
:102DF000A2420BD2B2FBF3F003FB102008B100207B
:102E000010BDB2FBF3F00870012010BDA0F53050EA
:102E1000D038A0423CD2B0FBF3F203FB12020AB15D
:102E2000002010BDB0FBF3F00870022010BD0000C0
:102E3000650300606603006038030060923A046036
:102E4000B24C04607A310460E8020060CC03006098
:102E5000CF0300603C0504603A060460EE020060A7
:102E6000EF0200603E040460EC020060ED020060CE
:102E7000C94304607C2E04606B020060888D03608F
:102E80006A020060887F0360889B03606C020060B8
:102E9000002010BDF0B501231080CB2926D0A0F171
:102EA0006404C4EBC40542F6D04705EB041542F2B6
:102EB00010765F2977D02546C5EBC50C0CEB0515C0
:102EC000BC466544ADB22B296ED02E296DD0A0F141
:102ED0006C052C296AD064266C271C2967D014291C
:102EE00075D0152974D0162973D0D7E0B4286CD0CA
:102EF00032DC1C2869D016DC102866D00CDC0828CF
:102F000063D004DC032861D004285FD15DE00B2886
:102F10005CD00C285AD158E0132857D0142854D02C
:102F2000182853D151E03C284FD00CDC28284CD035
:102F300004DC202849D0242848D146E02C2844D05D
:102F4000382843D141E03F2840D040283ED0432894
:102F50003CD055283AD138E0D92836D018DCC828DA
:102F600033D00CDCBE2830D004DCB7282DD0BA28F2
:102F70002CD12AE0C22828D0C52827D125E0CB288B
:102F800023D0CE2821D0D2281FD0D6281ED11CE095
:102F9000ED281AD011DCE22817D009DCDC2814D087
:102FA000DF287BD111E015E024E028E02CE04AE0A6
:102FB000E6280AD0EA2871D107E0F02805D0F328E6
:102FC00003D0F62801D0FA2868D1822366E04BE0CE
:102FD00056E05FE06838142806D2C0EBC00101EB70
:102FE0000010384410809723022C57D2A819108063
:102FF000972353E0162C51D2158097234EE00C2CCA
:103000004CD21580972349E0A0F17401082906D21B
:10301000C1EBC10303EB0111394411809723062D45
:1030200006D2C5EBC50101EB051131441180972390
:10303000082C33D25E38C0EBC00101EB00103044E5
:10304000108097232AE0082C02D21680082325E05E
:10305000042D02D21780042320E0BE380A281DD296
:10306000BE2010800A2319E00D2C02D216800D23F9
:1030700014E07638102811D27620108090230DE0CD
:10308000082C02D21680082308E0082D06D21780EB
:10309000082303E0202C01D2168020231846F0BD1F
:1030A00010B50021F74BF64A1B780BE0C1EBC104C9
:1030B000145D844204D1C1EBC1001044807910BD7D
:1030C000491CC9B29942F1D3002010BD2DE9F04F3F
:1030D0008BB081460E46EC48407A01287ED0002510
:1030E000C9EBC900E649099008440A90E7490998E4
:1030F000AB4601EB800456B3217D8DF81810B4F86F
:10310000150000F07F028DF81920050AB4F81700A9
:10311000020A8DF81A208DF81B000846FFF73BFEC7
:1031200007469DF818103846FFF763FD8046002FCC
:1031300054D07F1EFFB2D648384490F828000728A4
:103140004CD1FFB1012F21D0022F23D025E00A98C6
:10315000CB498079DC2841D80998085C8DF81800A3
:1031600003218DF819108DF81AB007218DF81B1066
:10317000FFF711FE07469DF818103846FFF739FD96
:103180008046D4E7C3480068059006E0C24800685E
:10319000059002E0C1480068059032210598EAF7E1
:1031A000F0F800281AD000208DF81C004FF0010B19
:1031B000E6B1207DFFF774FF0146B4F8170004AABA
:1031C000FFF768FE05B1822000F07F018DF81D1029
:1031D000BDF810100A0A8DF81A2000E013E38DF8EC
:1031E0001B10000605D54FF0010A04E08DF81DB054
:1031F00001E04FF0000A062106A802F034F9010AA6
:103200008DF81E108DF81F0041463846FFF70DFD62
:10321000384602F09CF93A46082106A802F03BF92C
:103220009DF81900052101284ED002284CD09DF8A8
:103230001D0001EB400000F0FF083A464146002027
:1032400006F0F2FD012F45D0EEB39DF8180004A959
:10325000FFF717FA0A2101284ED09DF81D0000EB58
:10326000800001EB4000C0B2394606F025FE002880
:103270007AD0A8F10200C1B2894802F0F4F8884A75
:1032800002EB080111F8023CB3EB102F6DD111F8DD
:10329000011CC0B290468842F8D1EEB39DF81800E8
:1032A00004A9FFF7EEF99DF81000C0EBC0017448C7
:1032B000084480792B287DD02C287BD05F2879D0BA
:1032C0002E2877D089E00EE09DF81D00C01D01EB8F
:1032D000D008B2E79DF81D00322100EB800001EB21
:1032E0004000C0B2C0E79DF81D0000EB800128201F
:1032F00000EB4100C0B2B7E79DF81000C0EBC00280
:103300005F48104480795D280BD0092809D09DF8CA
:103310001D0000EB800000E00CE001EB4000C0B2BB
:10332000A2E79DF81D0000EB8001282000EB410082
:10333000C0B299E798F80400DC2845D20A99504CAD
:1033400088712B2805D02C2803D05F2801D02E2887
:1033500007D100231A4619461846CDF800B0FDF7EC
:10336000FBF900204F4909E0F9E1F0E100EB4002F0
:1033700001EB8202D27A1AB1401CC0B24845F5D99D
:10338000099849499DF81820205C02F0070201EBDA
:10339000D0010BFA02F20978114210D104A9FFF70B
:1033A00070F901280BD19DF81000C0EBC001214439
:1033B000897900E009E0DC2901D2FFF74CF90A988D
:1033C00081794846FDF797FA99E100231A46194694
:1033D0001846CDF800B0FDF7BFF9BAF1000F01D0E3
:1033E00000262AE1002685E009EB0600C0EBC001BB
:1033F000264800EB8100089080F80BB0207DFFF795
:103400004FFE014608980173B4F8150000F07F01E3
:1034100001291DD002291BD0B4F81710FF2954D957
:1034200098F8043098F803C0C0F3C012CDE9012524
:1034300003EB0C230A0A009362F35F10C0B2CBB215
:10344000CA0A94F814C001466046F6F703FD4FE03F
:10345000B4F81710FF2929D9C0F3C01298F8033027
:10346000CDE901250A0A009362F35F10C0B2CBB226
:10347000CA0A94F814C001466046F6F7EBFC37E040
:103480007A310460E8020060F0020060888D036019
:10349000B24C0460B4030060BC030060B803006079
:1034A0009453046038070460B23A0460C0F3C01259
:1034B00098F80330CDE901250093CBB200F01F014D
:1034C000207D0022F6F7C6FC12E008EB4602C0F3AE
:1034D000C01392F804C0D27831440CEB02228DE87C
:1034E0002C00CBB200F01F01207D0022F6F7B2FCC9
:1034F000761CF6B29DF81D00B0423FF675AFA2E013
:10350000207DFFF7CDFDCB2830D0207DFFF7C8FD13
:103510002C284ED02B284CD05F284AD02E2848D0BB
:10352000B4F81700FF285FD908EB860194F815E07E
:103530008B7991F803C0CEF3C01203EB0C6391F8C2
:1035400004C049794FEA0C4C0CEB012119448DE879
:10355000260000EB4601CBB2010A61F35F1EC20AEE
:103560000EF0FF01207DF6F775FC5BE098F8041083
:1035700098F8033098F805C001EB03214FF47A73F3
:10358000594398F80630607D03EB0C234FF47A7CA6
:1035900003FB0CF3C0F3C01201EB13418DE82600CE
:1035A000B4F81710CBB2CA0AC1B2207DF6F752FCAC
:1035B00038E098F8222098F82330607D02EB03620F
:1035C00098F8243098F821C0C0F3C011CDE9011556
:1035D0001B0403EB0C231A440092C1B2E37D207D4F
:1035E0000022F6F737FC1DE008EB860194F815E0A1
:1035F0008B7991F803C0CEF3C01203EB0C6391F802
:1036000004C049794FEA0C4C0CEB012119448DE8B8
:10361000260000EB4600C3B20EF01F01207D002201
:10362000F6F718FC09EB0600C0EBC001FC4800EB04
:10363000810080F80BB0761CF6B29DF81D00B6EB49
:10364000500FFFF45DAFBAF1000F0CD0207DFFF7F3
:1036500027FD2C2826D02B2824D05F2822D02E28E6
:1036600020D000253EE0002510E008EB4500ED4BA2
:103670000179C07801EB002082B2B4F81700284429
:1036800081B2207DFDF7FAFB6D1CEDB29DF81D00A7
:10369000A842EAD8E4499DF81D208878401E1044CD
:1036A00088702CE0B4F81710207DDE4B0022FDF767
:1036B000E5FB24E008EB8500DA4B8179C27801EB69
:1036C000026102794079120402EB0020084482B2C0
:1036D000B4F8170000EB450081B2207DFDF7CEFB6A
:1036E0006D1CEDB29DF81D00B5EB500FE2D3CE4935
:1036F0009DF81D20887800EB5200401E88709DF8D0
:103700001800CA4A00211154A2F25E224FF4167129
:1037100022F8101002F23E2101EBD00100F0070266
:1037200009780BFA02FB11EA0B0F3DD104A9FEF751
:10373000A8FF012838D19DF81000BD49C0EBC00298
:1037400011448979DC292FD2FEF785FF2CE0B64998
:10375000363131F81700401C21F8170024E0B24838
:103760003C3030F81710491C20F817109DF818004D
:10377000AE4A115C491C1154012E15D1BAF1000F4B
:103780001ED0207DFFF78CFC2C2821D02B281FD0A9
:103790005F281DD02E281BD0A3489DF81D108278CD
:1037A00002EB5101491E81709DF818009F49095C88
:1037B0000A291DD304A9FEF764FF01280DD017E0E4
:1037C00099489DF81D208178491E11448170EBE7CE
:1037D0009548817816318170E6E79DF8100094498C
:1037E000C0EBC00211448979DC2901D2FFF7A2FAAB
:1037F00038460FF094F83A460021012006F014FBF9
:103800000598E9F7E8FC0BB0BDE8F08F2DE9F0432F
:103810008DB00446149D0F4691461E463846FFF76C
:103820003FFC4FF0010850B1804807F007012038F5
:1038300000EBD70008FA01F10078084243D00020DD
:103840007C4A00EBC00101EB410102EB810191F8E0
:10385000691019B1401CC0B21428F2D3142832D018
:10386000322D30D200EBC00000EB400002F82040C7
:1038700002EB80046770A4F8029084F86850012D70
:1038800002D0002069460EE03088A08016E036F8AD
:103890001020120A01F8102001EB400316F8102046
:1038A0005A70401CC0B2B0EB550FF0D3680884F8D2
:1038B0006800201D2A4669461BF06EFD84F8698069
:1038C000002084F86A000DB0BDE8F0832DE9F04FC8
:1038D0009DB00546002D02D15748D0F80080012D3B
:1038E00002D0022D04D006E05448D0F8008002E057
:1038F0005348D0F800800020DFF83891002700EB13
:10390000C00101EB410109EB810191F86920012A15
:1039100012D191F86A20032A0BD200EBC00202EB0D
:10392000420209EB820292F86A20521C81F86A2056
:1039300006E001F8697F4F70401CC0B21428DED346
:1039400014287FD200EBC00000EB400609EB860490
:103950006078FFF7A5FB4FF0010A58B13349607852
:10396000203901EBD00100F0070009780AFA00F0D5
:10397000014267D032214046E9F703FD002861D0BB
:1039800061788DF810102846FFF733F90146284674
:10399000FFF74BF9284601F0DAFD6088010A8DF83F
:1039A00012108DF8130094F86820012A7AD919F8BA
:1039B00026008DF811008DF814708DF8152004ABD9
:1039C0000F2804D050008DF8160000204EE0002192
:1039D000D01DC0088DF8160000201EE004EB400C3E
:1039E000BCF804C0BCF1000F02D04FF0010C01E0A4
:1039F0004FF0000C00F0070B0CFA0BFC4CEA010C2A
:103A00000CF0FF01401C5FEA407C1CD0824203D1D5
:103A100003EBD00C8CF80710C0B28242DED827E04E
:103A2000888D036094530460F0020060D23A046011
:103A30007A31046014150460B4030060BC030060B4
:103A4000B8030060F8E003EBD00C8CF806100021FE
:103A5000E2E704EB400103EB400C89884FEA112BAD
:103A60008CF807B08CF80810401CC0B28242F0D825
:103A70009DF81600C01DC1B204A801F0F4FC9DF829
:103A800016300DF11701020A5A549DF8162006A9A6
:103A900050549DF816102A46093104A801F0FBFC89
:103AA0001AE0FFE719F826008DF81100052853D019
:103AB000A088010A8DF814108DF81500062104A8BD
:103AC00001F0D1FC010A8DF816108DF817002A4676
:103AD000082104A801F0DFFC2A460821002006F096
:103AE000A3F92946642006F0E7F9DFF82CB410F0BA
:103AF000FF0F73D084F8697094F8680003210128DF
:103B000037D0A088CDE901A700909DF812009DF85C
:103B10001330C20801EB4010C1B29DF81000F6F757
:103B200099F99DF810000BF80070FC4A4FF41671DB
:103B300022F8101002F23E2101EBD00100F0070242
:103B400009780AFA02FA11EA0A0F54D103A9FEF71A
:103B500098FD012835D04EE0A08828B1FF208DF8CF
:103B600014008DF81570A9E78DF814708DF8157094
:103B7000A4E719F82600052812D00628D1D1A0887C
:103B8000CDE901A700909DF812009DF81330C208FE
:103B900001EB4010C1B29DF81000F6F75BF9C0E7E9
:103BA000A088CDE901A700909DF812009DF8133080
:103BB000C2080AEB4010C1B29DF81000F6F74AF9AE
:103BC000AFE79DF80C00D649C0EBC00211448979DB
:103BD000DC2910D2FEF73FFD0DE0FFE7D14931F8B7
:103BE0001500401C21F815009DF810001BF800106E
:103BF000491C0BF800109DF810001BF800100A2952
:103C00000FD303A9FEF73DFD01280AD19DF80C0052
:103C1000C349C0EBC00211448979DC2901D2FFF706
:103C200089F828460EF07BFE2A460021012006F086
:103C3000FBF84046E9F7CFFA1DB0E5E52DE9FE4374
:103C40008146B74DC9EBC90041198979DC297CD877
:103C5000285C8DF8040003218DF8051002218DF8F1
:103C60000610CA218DF807104FF000088DF8088063
:103C700009218DF80910FFF78EF804469DF804100D
:103C80002046FEF7B6FF0646002C5ED0641EE4B266
:103C9000A548204490F82800072856D1062101A8FD
:103CA00001F0E1FB010A8DF80A108DF80B00314696
:103CB0002046FEF7BAFF204601F049FC22460821C3
:103CC00001A801F0E8FB22461721002006F0ACF81D
:103CD0002146642006F0F0F88F4F061E4ED01521C5
:103CE000924801F0C0FB91494A7DB2EB102F3DD1C3
:103CF0008A7DC0B2904239D10879CA7800EB02229D
:103D00008B48562A00EB091020D010211BF05DFBD8
:103D10008848012100F809109DF8040007F8008088
:103D20007E4B4FF4167223F8102003F23E2202EB72
:103D3000D00200F00703127899400A4229D169465F
:103D4000FEF79FFC012806D023E042E01022491D27
:103D50001BF022FBDCE79DF80000C0EBC00129440A
:103D60008979DC2915D2FEF776FC12E06D48801FB8
:103D700030F81410491C20F814100AE0694830F893
:103D80001410491C20F814109DF80400395C491CDB
:103D900039549DF80400395C0A290ED36946FEF7B0
:103DA00070FC012809D19DF80000C0EBC001294436
:103DB0008979DC2901D2FEF7BDFF31465B481BF053
:103DC00004FB20460EF0ABFD22460021012006F048
:103DD0002BF8BDE8FE8370B557480178002931D033
:103DE000504C491E3C3C207B884202DA401C207328
:103DF00001E000202073207B494BC0EBC00103F69B
:103E000038155A5C05EBD20502F007062D78012221
:103E1000B24015420AD04749095C21B1BDE8704063
:103E20000021FFF753B9BDE8704007E719448979CD
:103E3000DC2901D9FEF70FFC207BBDE87040002192
:103E4000FFF744B970BD37493C39487A012808D199
:103E5000088C401C80B208840A2802D900204872CD
:103E6000088470472DE9F041002033492B4D2C4C3C
:103E70000B7865E0C0EBC001625C35F912104E1E94
:103E800025F81260002959DAC0EBC006224AA15D6C
:103E9000603A02EBD10701F0070897F800C0012251
:103EA00002FA08F22CEA020C87F800C01A4F403FD1
:103EB00007EBD1010F7897430F7014E0411C0F46B8
:103EC000C1EBC102C0EBC00114F802C004F801C08C
:103ED00010192144D0F80120C1F8012042794A711B
:103EE00080798871F8B29842E8D30027401CC0EB73
:103EF000C00027542044C0F80170477187710949F8
:103F00003C39087808B1401E0870FEF75BF9A05DE7
:103F100025F81070BDE8F081D23A0460743804606E
:103F20007A3104602C030060B24C04609453046046
:103F30008C1E04607C2E0460E8020060401CC0B24D
:103F4000984297D3E6E71CB500208DF800000321C6
:103F50008DF801108DF8020015218DF803108DF8F1
:103F6000040001208DF805000621684601F07BFA67
:103F7000010A8DF806108DF80700012001F0E7FA1C
:103F800001220821684601F086FA0122072100205B
:103F900005F04AFF0121052005F08EFF002813D00F
:103FA0000521FE4801F05FFAFC494A79B2EB102F77
:103FB0000BD18A79C0B2904207D10879C97800EB59
:103FC0000120F749A1F857001CBDF6484188491C5B
:103FD00041801CBD0EB5FF208DF8000003208DF838
:103FE000010004208DF8020000208DF80300EC4948
:103FF00009798DF804108DF8050023208DF806004E
:104000000721684601F02FFA010A8DF807108DF894
:104010000800012001F09BFA01220921684601F005
:104020003AFA0EBD1CB500248DF8004006208DF82C
:1040300001008DF8024022208DF803008DF8044025
:1040400001208DF805000621684601F00CFA010AEE
:104050008DF806108DF80700012001F078FA012292
:104060000821684601F017FACE483638C4721CBDE4
:1040700008B50024CB4E0F20363E70730025B57373
:10408000F573FEF794FC4FF0010886F8098035843B
:10409000DFF814A38AF83E80FF21C4481BF095F98D
:1040A00035733574FFF7BEFFC0484FF4FF61FF3032
:1040B0001BF08BF9DFF8F8B206F12209BD490220A6
:1040C00008700020F2F7D9F8EBF784FFECF73FF81F
:1040D000FFF7B9FE707B64280FD3B27A5AB1B17B77
:1040E00019F80100521E914202DA491CB17300E036
:1040F000B573FEF7A0FD757384E0307C01280DD107
:10410000F07A0A2809D2401CF072C00702D0FFF7EB
:104110001AFF03E0FFF75EFF00E03574FFF7A2FE31
:104120006420E8F7FEF9707B401C7073BAF8040055
:10413000401CAAF80400322C02D2641CE4B200E055
:10414000002454B1B17A39B3F07B19F80070491EDC
:10415000884205DA401CF07303E0FFF73CFE51E0B3
:10416000F573012F03D14FF4C870E8F7DAF9384638
:10417000FFF7ACFB9048017829B1B07888420CD2A7
:10418000401CB0700AE0FFF726FE41F28830E8F7E5
:10419000C8F9707B3230707334E0B570B07869461E
:1041A000C0EBC0000BEB8000007DFEF76AFAB07830
:1041B0007E4AC0EBC0010BEB8103203A197D02EB74
:1041C000D10201F0070C177808FA0CF29446174256
:1041D00010D19DF80020794FC2EBC2023A44927987
:1041E000DC2A07D207F6F80202EBD102127812EAB3
:1041F0000C0F04D1A1B12146FEF768FF02E0DD7289
:10420000FFF7E9FD307901287FF458AFFDF7DAFFB9
:104210006B4880F800806B4880F8128035714DE75C
:10422000FFF7D9FDEEE75F4A0023363A507C0028BD
:1042300009D0917E481CC0B29076052902D2401C5C
:10424000907600E05374907C002807D0117D481CC4
:10425000C0B21075052902D2401C107570479374C6
:1042600070471CB54E4CB4F84900F0F7E7FD4FF02D
:10427000000884F84D804C4C4FF0010A84F83FA0B0
:10428000EDF702F90127DFF81C91A9F13609A9F829
:104290001E804FF0020B4FF4FA70E8F742F94249E2
:1042A000C888401CC88043490320087099F805005D
:1042B000401CC0B289F80500B42804D3384880F8FF
:1042C0004DA089F80580B9F81E00402802D9402089
:1042D000A9F81E00B9F81E00B0FBF7F107FB1100AA
:1042E00008B10026CCE0322F01D27806070E99F8EB
:1042F0001B00012832D199F81C00411C89F81C10C0
:10430000022827D2052089F8130089F811A089F81E
:104310001A8099F80800411C89F80810C0070DD0D0
:104320004FF0FF342046F0F717FE2046F0F710FE5E
:104330000222D01E014616F02CFC0FE0224C206811
:10434000F0F70AFE2068F0F703FE20480188491CB8
:104350000180EDE789F81C8089F81B80A9F81E8090
:10436000FEE02B2006FB00F119480C18A07C012868
:104370007ED1A07A01287BD189F8168089F811A016
:1043800089F81A80074920680C31FAF760FC05208B
:1043900089F81300CDE9008B20681BE0945304607A
:1043A000B24C04602603006088560460D23A046070
:1043B000888D0360DF0300606B0200607A31046067
:1043C000D6030060A4B5036044010060C25B0460D2
:1043D000889B036055230122802116F0DEFF89F8B7
:1043E0001800F7490888401C088089F81780607D0C
:1043F000401C6075002504E0E4F7A3FC6420E8F7A6
:1044000090F899F8160020B928466D1CEDB21E28C8
:10441000F2D399F8160001281ED184F80AB00020C2
:10442000E849DFF8A4C30B780FE000EBC00101EB13
:104430004101614425680A69AA4204D199F817200C
:104440000AB18A70CA70401CC0B29842EDD399F884
:10445000170008B120716072607D0A2803D984F8C2
:104460000AB084F815804FF47A70E8F75AF800E043
:1044700004E0B9F81E00401CA9F81E00761CF6B234
:10448000D24800788642FFF46CAFCE480178E9B399
:10449000002661E006EBC600CB4900EB4000441863
:1044A000A27E052A03D984F81A8084F80B8089F843
:1044B000158084F81980CDF800B0095C6078E37845
:1044C00000F0E00201EBC201A27800F01F00F7F754
:1044D000DEFE05466420E8F724F8002D2EDB657625
:1044E000002504E0E4F72DFC3220E8F71AF899F8EB
:1044F000150020B928466D1CEDB21E28F2D399F89C
:104500001500012805D0A07E401C00E028E0A07620
:1045100017E084F81A8084F80BA0E178A0780223D1
:1045200001AAFAF7EBFB401C0BD09DF80410052004
:104530002B225143A64A1144C87402E0A07E401CBD
:10454000A0764FF4FA70E7F7ECFFB9F81E00401CB4
:10455000A9F81E00761CF6B29A480078864299D3D4
:10456000B9F81E00401CA9F81E0094E62DE9F0479A
:1045700081460E460024974F4FF0FF3804EB84002D
:1045800000EB4410C5190422494628461AF063FF7F
:1045900058B9E888B04208D1687E20B1072802D017
:1045A00060B2BDE8F0874046FBE704224946284652
:1045B0001AF051FF20B9A888B04201D160B2F0E7EB
:1045C000641CE4B20A2CD9D34046EAE700EB80022F
:1045D00002EB40107F4A10440222427640F6CA7233
:1045E000428282820A8802804988418070472DE990
:1045F000F04F8BB000EBC00000EB400176480D1887
:1046000095F802A02E7D687D00F07F04B5F8179024
:10461000DFF8C88198F8100098F80F1040EA0120E0
:10462000010241EA1020ADF8280098F811004AEA8A
:104630000020010241EA1020ADF82A00684FB8F8C6
:104640002100E9F7BCFA01460AA8FFF78FFFB8710D
:10465000401C0BD1B8F82100E9F7B1FA01460AA8CD
:10466000E9F765FB97F90600401CE8D097F90600CA
:10467000584A00EB800101EB40111144EB464DF824
:104680002010487E58B9B8F82100E9F798FA014699
:104690000AA8E9F74CFB97F906104BF8210097F9A7
:1046A00006105BF82100C8B3F87901237F2802D2F5
:1046B000401CF87100E0FB714A4A01EB810102F8ED
:1046C00021A002EB8101F879487000228A70CA703B
:1046D0000A7106274F7106B9FF268E71CC71032C23
:1046E00005D0012C03D0022C01D0042C11D14FEAAB
:1046F00019260E7281F809908A72B5F81520120AEF
:10470000042C00D10122384D0C2442B10222CA727D
:104710002C7036490B700BB0BDE8F08F02E0CB7205
:104720002C70F6E70020F6E7F0B58DB0DDE91265F4
:1047300000242F4F04EB440C07EB8C0C9CF80AC0B0
:10474000BCF1000F03D0641CE4B2142CF2D34FF080
:10475000FF3C142C04D0022D04D960460DB0F0BDEE
:104760006046FBE704EB440407F8240007EB8404ED
:104770006170A270A4F803306572012D02D000218F
:1047800068460FE03088A4F8050012E016F8112002
:1047900000F8112036F8112000EB4103120A5A707C
:1047A000491CC9B2A942F1D36A00601D69461AF0DA
:1047B000F3FD65720120A0720020E072CEE70000D8
:1047C000C45B046068020060C87803606C0200602B
:1047D000889B0360FA190160287C0360B24C046076
:1047E000F0020060E2A40160230100605E0100604D
:1047F000841D04602DE9F04F8BB00025DFF8F883AD
:10480000FE4FDFF8FCA3E946AB4605EB45060AEB95
:104810008604A07A01287DD1E07A032818D2401CB2
:10482000E07298F8100098F80F1040EA0120010299
:1048300041EA1020ADF828001AF8260098F8111067
:1048400040EA0120010241EA1020ADF82A0009E007
:1048500005EB45000AEB800080F80AB084F80BB045
:10486000002058E7B8F82100E9F7A9F901460AA89D
:10487000FFF77CFEB871401C0BD1B8F82100E9F7B6
:104880009EF901460AA8E9F752FA97F90600401C7A
:10489000E8D097F90600DB4A00EB800101EB4011FC
:1048A000114449F82010487E58B9B8F82100E9F7BA
:1048B00086F901460AA8E9F73AFA97F9061049F885
:1048C000210097F90620394659F8220088B3C879A3
:1048D0007F2802D2401CC87101E00120C8711AF87B
:1048E0002630C94E02EB820006F8203006EB80002D
:1048F000CA79427080F802B080F803B080F804B042
:1049000006224271A2780AB9FF22A270A2788271AF
:10491000627800E052E0C271B4F803301E0A0672F9
:104920004372637A012B15D1062A03D0052A07D0DA
:104930000DE02FE0B4F80520160A8672C27206E078
:10494000B4F805204AB1FF22827280F80BB0AF4A5A
:104950000C261670022B05D019E080F80AB080F8FA
:104960000BB0F4E70B22427180F80AB00222C27247
:1049700004220273B4F805204273120A8273B4F859
:104980000720C273120A0274A04811220270A04AC2
:104990000120107081F819B000260F4602E0322085
:1049A000E9F786F8787E20B93046761CF6B21428EE
:1049B000F5D3787E012801D184F80AB06D1CEDB2E0
:1049C000142DFFF422AFF879A5E692484FF0010AC2
:1049D00080F840A0894FFF21B9718D494FF0000840
:1049E00081F80080DFF830B2DFF830928948018921
:1049F000491C018199F8000080B3FFF7FBFE0026F7
:104A000032E006EBC60000EB400000EB0B04A07E9A
:104A10000A2803D984F81A8084F80B8087F8198053
:104A20003046FFF7E4FDC0B26076C0B1002502E079
:104A30003220E9F73DF8787E20B928466D1CEDB2AA
:104A40001428F5D3787E012803D0A07E401CA076E0
:104A500008E084F81A8084F80BA003E00CE0A07E44
:104A6000401CA076761CF6B299F800008642C8D3A6
:104A70003220E7F756FDB9E741F28830E7F751FDFC
:104A8000B4E72DE9FF4F81B00446884616464FF043
:104A9000000960784FF4FA73032810D004280ED070
:104AA00001280CD002280AD006281AD0102818D0C5
:104AB000052816D00F2814D0FF282FD044E0052158
:104AC000012809D0022807D0627901EB42050A21AA
:104AD00001EB45018FB237E06279D21D01EBD205BF
:104AE000F5E70825062802D161793F2903D0E1784E
:104AF000102902D004E01F4626E062797F2A0AD0FE
:104B0000A27801EB022142F21072914201D34FF0E0
:104B10000109642718E04FF47A7715E0617A642977
:104B200010D2627B217B02F0010201EB0221E27ACA
:104B3000A57A521B521C4A43103295B205F132013C
:104B40008FB201E01025642719280AD02178FF29A7
:104B500011D00020FEF74DF801463046FEF765F80B
:104B600020E02F4806782F4801783046FEF75DF8A0
:104B700009251F4616E026B1012E08D0022E0CD0C2
:104B800010E0294801783046FEF74FF80AE0274840
:104B900001783046FEF749F804E0254801783046B0
:104BA000FEF743F8304600F0D2FC6078DFF884A0CE
:104BB000FF280AEB080B7DD04246214650461AF0EA
:104BC000EBFB08F0FF01504600F04DFC010A0AF82B
:104BD00008108BF8010008F102081FFA88F132462C
:104BE000504600F058FC32462946002005F01CF9DA
:104BF00060784FF000081FE0B24C0460F0020060E3
:104C0000841D0460FA190160E2A4016023010060C0
:104C10005E01006088560460287C036069020060C1
:104C20005F03006060030060640300606503006070
:104C30006603006020130460192857D04FF6FF70F8
:104C400000EA4700314605F037F9DFF8F8B3071EF0
:104C50007ED0B81EC1B2FC4800F005FC0146FA48FF
:104C60003844801E4278007802EB0020884270D1E0
:104C700004980168CAF800108088AAF804006078D7
:104C8000FF2867D0BA1EF0490AF106001AF084FB2B
:104C90002A1DEE49EE481AF07FFBEE49281D824698
:104CA00008802A1DE949EC481AF076FBEB48A0F889
:104CB00000A000E003E0A07802287AD0A6E0A8F1E6
:104CC00002022146E1481AF067FBA8F10200C1B2D6
:104CD000DE4800F0C8FB010A0BF8021C0BF8010CBF
:104CE00032464146D94800F0D6FB7CE7314638468B
:104CF00005F0E2F8074605285AD9049950460A6893
:104D0000CAF800208988AAF804103A46CE49801DC6
:104D10001AF042FBBA1DCD49CD481AF03DFBCD49F2
:104D2000B81D04460880BA1DC849CB481AF034FBA8
:104D3000CA480480F9B2C448FDF740FB012801D0FD
:104D4000032835D1C648CDF80080D0F8011002E024
:104D5000A0E097E02EE0C34C007832462378FDF7C0
:104D6000BCFCC148304490F82810072906D0072120
:104D700080F8281006F11D000DF071FD16B1022E0D
:104D800007D00CE0B9482178017009200DF067FDCB
:104D900005E0B7482178017053200DF060FDB04C5C
:104DA000483C2079012803D1FDF70CFA84F80480EF
:104DB00093E017E03A46A4490AF106001AF0ECFA2B
:104DC000AA1DA249A2481AF0E7FAA249A81D8246E4
:104DD0000880AA1D9D49A0481AF0DEFA9F48A0F855
:104DE00000A066E7E078CB2810D1607910280DD1BB
:104DF00020786946FDF745FC40B19E489DF80010BB
:104E0000102200EB0110E11D1AF0C6FAB9F1010FF2
:104E100009D1E078A178E31D00EB012081B2207870
:104E20000022FCF72BF8012E05D1934880F8008072
:104E30009248A0F8008020780BF800802178904AF2
:104E40004FF4167022F81100207802F23E2101EB97
:104E5000D00100F00702097801209040014226D1DC
:104E600020786946FDF70DFC012820D19DF800004F
:104E70008449C0EBC00211448979DC2917D2FDF7BF
:104E8000EAFB14E07648123830F81610491C20F876
:104E900016100CE072490C3931F81600401C21F84C
:104EA000160020781BF80010491C0BF80010207821
:104EB0001BF800000A2810D320786946FDF7E1FBB3
:104EC00001280AD19DF800006E49C0EBC0021144D0
:104ED0008979DC2901D2FDF72DFF39465A481AF0AD
:104EE00074FA30460DF01BFD05B03246BDE8F04FB8
:104EF0000021012004F098BF2DE9F04106460D463F
:104F00001446022C7DD87078032813D0062819D0B7
:104F1000102817D0192874D10C274FF03208317897
:104F2000FF291BD00020FDF764FE01462046FDF757
:104F30007CFE2AE07079052101EB4000C7B24FEA00
:104F40004708ECE70827062802D170793F2802D0ED
:104F50004FF06408E3E74FF47A78E0E724B1012CDE
:104F600008D0022C0CD010E0404801782046FDF714
:104F70005CFE0AE0444801782046FDF756FE04E056
:104F80003B4801782046FDF750FE204600F0DFFA4E
:104F90002A4631462D481AF0FFF9E9B22B4800F0B5
:104FA00062FA2A49020A4A5529444870AD1CA9B23E
:104FB0002246264800F06FFA22463946002004F0C7
:104FC00033FF2146404604F077FF051E22D0A81E7D
:104FD000C1B21D4800F047FA01461B482844801E14
:104FE0004278007802EB002088420BD11E4E263614
:104FF000307800F0ACFA32782946134800F04BFACA
:105000000FE01CE01649123931F81400401C21F859
:10501000140006E012480C3830F81410491C20F82F
:105020001410294608481AF0D0F920460DF077FCF4
:105030002246BDE8F0410021012004F0F5BEBDE8A4
:10504000F0810000D23A046094530460201304609D
:10505000B71F0160EE000060EAD004609A040060AF
:105060003803006060030060B24C046064030060B9
:10507000660300608C1E0460120200601C02006067
:10508000743804607A310460650300602DE9FC47E0
:1050900006464FF40761A8481AF097F9F021A7488F
:1050A0001AF093F9A6480024847044700470A0F1AB
:1050B0002205AC726C70EC70EC72AC7000219F4AEF
:1050C00000F10E0700F1140C00F11A08F032DFF8BD
:1050D00074929D4802F10C0342F8214043F82140AC
:1050E00027F811402CF8114028F8114009F8014028
:1050F0004454491CC9B20329EED3EC620021934BFE
:105100001E2203F580704FF4167700F6F80C5C54FD
:1051100020F811202CF81170491CC9B2FF29F6D3D0
:10512000FDF7BDFD45F84F4FAC80AC718849FF20BD
:105130000870884908708848047081480023801DE1
:10514000CDE900604FF4006284A18748E7F744F896
:10515000BDE8FC87FEB50C46154600218DF8001011
:1051600003268DF80160A0F598507338020A8DF877
:1051700002208DF803008DF804108DF805400621FB
:10518000684600F070F9010A8DF806108DF80700E6
:10519000012000F0DCF901220821684600F07BF9CB
:1051A000052000EB44010122002004F03DFE012116
:1051B000642004F081FEE8B106EB4400C1B26B4804
:1051C00000F051F9694901EB4402D378B3EB102F99
:1051D00010D11279C0B290420CD1002005E00A181B
:1051E000D27805F8012B401CC0B2B0EB440FF6D3C7
:1051F0000120FEBD0020FEBD1CB5044600208DF838
:10520000000006218DF801108DF8020015208DF8A0
:105210000300200A8DF804008DF80540684600F070
:1052200022F9010A8DF806108DF80700012000F020
:105230008EF901220821684600F02DF9012208218B
:10524000002004F0F1FD0121052004F035FE0028C6
:105250000FD00621454800F006F944498A79B2EB9F
:10526000102F07D1C979C0B2884203D14048A0F8B5
:1052700057401CBD324814304188491C41801CBD38
:1052800070B52F4C3B4E1A34A4F13C056088E96A96
:10529000401A142802D83088142803D9FEF7C2FE19
:1052A000002030806088E86270BD70B5002033490E
:1052B0000024314A0B78254DC3EB03114E000BE05F
:1052C00032F8101019B1491E22F8101002E02C54C7
:1052D00022F81060401CC0B29842F1D370BD70B586
:1052E0000024174D264E223D22E004EB840000EB03
:1052F000C4003044B0F80B20531CA0F80B30B2F5BA
:10530000967F13D901EB810202EBC10131440D22DA
:105310001AF042F8687F00EB800101EBC0003044D6
:105320000D211AF052F8687F401E6877641CA4B201
:10533000697F8C42D9D370BD14150460841D04604C
:1053400012030060CF030060CC0300607C2E046079
:105350005F03006060030060620300605363616E7E
:105360005461736B000000007140020894530460A4
:10537000B24C04601C0200607C2F0460E8020060F4
:10538000C9430460F8B5FE4890F82300022801D014
:1053900006282ED10121C020E3F70BFE4FF4604018
:1053A000ADF8000010258DF8035003248DF802405D
:1053B000F44E69463046E3F7D8FB4021ADF80010C3
:1053C0008DF803508DF80240EF4C69462046E3F714
:1053D000CCFBE9023046E3F737FC40212046E3F7F7
:1053E00035FC61143046E3F72FFCA9023046E3F7A1
:1053F0002DFCF8BD022818D8E149E44B002291F8B1
:10540000231098B1012824D002280ED11A871A71CE
:10541000DF48032921D004291FD007291DD00C29DA
:105420001BD00A291CD0C0F8AC217047A3F8422039
:105430001A7403290AD0042908D0072906D00C2998
:1054400004D0082902D0D34802607047D2480260D5
:105450007047A3F844205A747047C0F8AC217047D5
:10546000CE4802607047F0B5FF23FF240022CC4EE7
:1054700006F5807708E01546521C455DD2B25D40C6
:10548000EDB2735D63407C5D491EC9B2F3D244EA5C
:10549000032080B2F0BD70B50C46BC4E40F22775BB
:1054A000022A18D818D101462246BE4819F074FFC6
:1054B000348601222946BC48E4F79BFE0024358E41
:1054C00004E0641CA4B20220E7F72BF8308E002819
:1054D00001D0AC42F5D370BDAAB1012AFBD101467F
:1054E0002246B24819F058FFF48501222946B048F7
:1054F000E4F77FFE0024F08D4FF6FF7100EB800093
:1055000001EA40051DE001462246AA4819F044FF81
:10551000B48501222946A848E4F76BFE0024B58D26
:1055200004E0641CA4B20220E6F7FBFFB08D002863
:10553000D1D0AC42F5D370BD641CA4B20220E6F712
:10554000F0FFF08D0028F6D0AC42F5D370BD70B5F9
:105550000446022C19D820460DF0E1F90121974BA1
:10556000874A012C12D03CB3022C0ED192F82300B2
:10557000874A032832D0042830D007282ED00C28A0
:105580002CD00A282DD0C2F8AC1170BD92F8290099
:105590000024022801D17D4DAC7592F82320052A04
:1055A00001D0062AF1D1072803D010B1C3F88C41ED
:1055B00070BDC3F88C1170BD92F8230003280AD087
:1055C000042808D0072806D00C2804D0082802D0C8
:1055D000C3F8881170BD7048016070BDC2F8AC118D
:1055E00070BD6E48016070BD012080F3138874485F
:1055F0000168744A01F4E06111430160BFF34F8F09
:10560000FEE7624C4C342088A188084481B2DB203C
:105610000DF025F92088A1880844C0F30721DC207B
:105620000DF01DF9D4E900010844C0F30741DD2065
:105630000DF015F903CC0844010EDE200DF00FF932
:1056400055212720E5F743F95F490888401C088069
:10565000C1B21820E5F73BF9FFF7C6FF2DE9F05F6F
:105660000446474F38787978FA7800EB0120B9780A
:10567000090401EB0261084416F010FDD4F8B110E2
:1056800088427BD104F1340114220D464F4819F0B1
:10569000E2FE002648B184F84760142229464B48B0
:1056A00019F07AFE4948EEF7BCFC97F8500094F8E0
:1056B000F010DFF81CA1012588420ED04548067085
:1056C00045480670454806608AF8EF5094F8F01097
:1056D00087F85010CB200DF0C2F8B4F9AF0016F0E7
:1056E000DEFCDFF8A890B9F93A10884219D0B4F975
:1056F000AF0016F0D4FC00231A46B9F93A10EBF7C4
:10570000C4FDB4F9AF0016F0CAFCA9F83A00C0F322
:1057100007210C200DF0A3F899F83A100D200DF098
:105720009EF894F8CE2099F809309A420AD00021C8
:105730000846EBF7AAFD94F8CE1089F80910192055
:105740000DF08DF897F8480094F8AE10DFF88080DF
:10575000884208F1CF0807D105286AD11E224146A8
:105760001F4819F078FE50B194F8AE1087F8481031
:1057700005295ED807200DF072F833E0B7E358E052
:10578000B24C046000180140001C01405803006046
:105790000000234288012242A0812242800121424E
:1057A000531B0408B848046000480040C446046025
:1057B00000440040D0440460003801400000224210
:1057C0000CED00E00400FA05DE5B0460B4780360D1
:1057D00036C00260E2030060E30300600004006082
:1057E0004ABD016097F84800022822D3052807D156
:1057F0001E224146F84819F0CFFDF748ECF74FFF5D
:1058000097F84800EBF763FEF4480670F44806701A
:10581000F4480660F448C178027841EA02614278AF
:105820008078120442EA00200143B9F93A00EBF70C
:105830009CFD97F8471094F8AA00DFF8B0838142E6
:1058400012D087F84700012809D198F80000ECF73A
:1058500018F9E7480670E7480670EBF705FF97F878
:1058600047100A200CF0FBFF94F8AB1098F80000EA
:10587000814204D088F8001004200CF0F0FFB4F945
:10588000AC0016F00CFCDFF87083B8F8001088420A
:105890000FD0B4F9AC0016F002FC81B2A8F80010E9
:1058A0001B200CF0DCFFB8F80000010A1C200CF0F3
:1058B000D6FF202204F18A01D04819F06DFD202284
:1058C00004F14A01CE4819F067FD202204F16A0173
:1058D000CC4819F061FDDFF83083E068C8F8750046
:1058E000208AA8F8790097F8281094F82600DFF8A5
:1058F0001CB3814219D087F82800022800D010B9C3
:105900000020FFF777FD97F82800012801D009282B
:1059100004D18BF80050002014F0F0FFFDF747F899
:1059200097F828101D200CF09AFF97F8291094F88A
:105930002700814223D087F82900022800D010B91F
:105940000120FFF757FD97F82900072803D1FDF73D
:105950002EF8AF480670FDF72AF897F823000528BF
:1059600001D0062806D197F82910AA48072912D095
:10597000C0F88C6197F829101E200CF070FF97F882
:105980002A1094F8280081421DD087F82A000228A6
:1059900004D018B105E0C0F88C51EBE70220FFF706
:1059A00029FD97F82A00012801D0092804D18BF895
:1059B0000050022014F0A2FFFCF7F9FF97F82A101C
:1059C0001F200CF04CFF97F8510094F8F710884214
:1059D00006D087F85110BF200CF041FF89F8035022
:1059E00097F8530094F8F910884207D087F85310BD
:1059F000C0200CF034FF032089F8030097F854000E
:105A000094F8FA10884206D087F85410C4200CF09D
:105A100026FF89F8035097F8560094F8FC10884246
:105A200007D087F85610C5200CF019FF032089F81D
:105A3000030097F8440094F82F10884204D087F8A8
:105A400044109A200CF00BFF97F8450094F83010A2
:105A5000884204D087F845109A200CF000FF38796E
:105A600094F8C510DFF8B0B188420ED0481EFE2869
:105A70000BD2397106200CF0F2FE38798BF8000059
:105A80008AF8F200002013F007FE94F8F2109BF859
:105A9000000081420DD061B1FF290AD08BF80010BF
:105AA0008AF8F210397106200CF0D9FE002013F0AC
:105AB000F3FDDFF868B194F849109BF800008142CB
:105AC00011D0481EFE280ED28BF800109C200CF03E
:105AD000C6FE9AF849009BF80010F5F730FF9BF8D6
:105AE00000008AF8490094F8320094F8081100EB9D
:105AF0000120B7F8421088420BD0A7F8420094F872
:105B00003210E7200CF0ABFE94F80811E6200CF000
:105B1000A6FED4F8C60016F0C1FADFF804A1DAF840
:105B2000001088420CD0D4F8C60048B116F0B6FA7E
:105B3000CAF8000013F02DF9DAF80000EEF7A2FF22
:105B400097F8270094F82A10884204D087F8271085
:105B500020200CF084FE94F82C1099F80C0081425F
:105B600011D089F80C1097F82800022806D028B127
:105B7000072803D0012801D0092802D109200CF000
:105B80006EFE89F8035094F82E1099F80E008142A9
:105B900012D089F80E1097F82A00022806D00128A2
:105BA00004D0092802D008B1072802D153200CF0F4
:105BB00056FE032089F8030094F82B00582803D1DF
:105BC0001848057084F82B6094F82B006F282BD0B0
:105BD00096282BD02EE000004ABD0160E203006051
:105BE000E3030060000400609E0300608C0100601D
:105BF000E4030060E50300609401006048BF0160B9
:105C000068BF016088BF0160504C0460CD07006030
:105C1000FB02006000002242A102006067020060F7
:105C200088020060E6030060FFF7EBFC84F82B605D
:105C3000FDF73EF894F82B004D2805D184F82B6031
:105C4000FC480570FC48067097F84F0094F8EE1079
:105C5000884204D087F84F10D6200CF000FE94F84C
:105C60002B00632818D184F82B6084F8F160F34886
:105C70000670F3480670F3480660F348C17802786E
:105C800041EA026142788078120442EA002001432E
:105C9000B9F93A00EBF769FBEC48042221460646C5
:105CA00019F0D9FBDFF8A4A304F1080BAAF10F0A3D
:105CB0000AF119090AF11D0A38B1207878BB607819
:105CC00068BBA07858BBE07848BB0422211D484639
:105CD00019F0C1FB38B1207908BB6079F8B9A07917
:105CE000E8B9E079D8B904225946504619F0B3FB17
:105CF00038B1207A98B9607A88B9A07A78B9E07A10
:105D000068B9B4F9C30016F0CAF90146B7F8210022
:105D1000814200D018B9B87BA17C88427ED0042291
:105D20002146304619F097FBC94E48B3207828B970
:105D3000607818B9A07808B9E07808B32068C8F886
:105D40007100F97B2F200CF08AFD397C30200CF09B
:105D500086FD797C31200CF082FDB97C32200CF07C
:105D60007EFD357097F82A00012807D0092805D054
:105D700097F82800012801D0092801D1B5480570FD
:105D80000422211D484619F066FBD8B1207928B9B4
:105D9000607918B9A07908B9E07998B16068C8F855
:105DA0007B00797E33200CF05AFDB97E34200CF054
:105DB00056FDF97E35200CF052FD397F36200CF06F
:105DC0004EFD357004225946504619F044FBE0B1AF
:105DD000207A28B9607A18B9A07A08B9E07AA0B117
:105DE000A068C8F87F00797F37200CF038FDB97FB4
:105DF00038200CF034FDF97F39200CF030FD97F895
:105E000020103A200CF02BFD3570B4F9C30016F0C9
:105E100046F90146B7F82100814200E01FE011D0A9
:105E200080B1B4F9C30016F03AF981B2A7F8211095
:105E30003D200CF014FDB7F82100010A3C200CF0C5
:105E40000EFD3570B87BA17C884206D0012903D8AD
:105E5000B9732E200CF003FD35707F480570B7F83C
:105E60005710B4F8F300814201D0FFF7C5F97B4821
:105E700094F8F5100278914203D001709D200CF047
:105E8000EEFC97F8620094F80411884206D087F877
:105E90006210E2200CF0E3FCEBF7BCF997F863002A
:105EA00094F80511884206D087F86310E3200CF0BF
:105EB000D6FCEBF7AFF997F8640094F80611884226
:105EC00006D087F86410E4200CF0C9FCEBF7A2F9C7
:105ED00097F8650094F80711884208D087F8651094
:105EE000E5200CF0BCFCBDE8F05FEBF793B9BDE832
:105EF000F09F2DE9F041A0F51853483B1144C72B02
:105F00001BD8642093FBF0F200FB1232002A3AD136
:105F100093FBF0F0C4B204EBC400514A00EB041050
:105F200002EBC000C91DC82219F036FA012C2AD193
:105F3000BDE8F0414A48FFF791BBA0F51C52103A6A
:105F40004FF4B8670124474D474E1723BA421CD27D
:105F5000B2FBF3F003FB1020002814D1B2FBF3F0E6
:105F6000C7B2C7EB0710414A00EB40001044C91DFF
:105F70002D2219F011FA00213846F0F7F5FBF0F761
:105F80009DFB2C703470BDE8F081A0F53052D03A02
:105F9000BA4216D2B2FBF3F003FB10200028F2D174
:105FA000B2FBF3F0C0B2C0EBC00202EB0010304A0B
:105FB000C91D02EB40002E2219F0EEF96C7034700E
:105FC000E1E7A0F54852903AB2F5206F16D21420BE
:105FD000B2FBF0F300FB1323002BD4D1B2FBF0F0A3
:105FE000C0B2C0EBC00202EB4010224AC91D1044EF
:105FF000272219F0D1F9AC703470C4E7A0F57052C3
:10600000903AB2F5987F39D21320B2FBF0F300FB3F
:10601000132363B9B2FBF0F0C0B200EB800202EBD5
:106020004010154AC91D1044252219F0B5F9AC716C
:106030003470A8E74104006042040060E20300609D
:10604000E3030060000400609E030060C14C046034
:10605000E7030060CC070060F200006066020060A9
:1060600036C00260A4B50360D6030060112A056043
:10607000511E05607AD002602ACE0260A0F57752E8
:10608000A72A16D81520B2FBF0F300FB13236BB937
:10609000B2FBF0F0C0B2C0EBC000C91D00EB400085
:1060A000FE4A02EB40002A2219F076F92C71347076
:1060B00069E7A0F57852683A432A13D81120B2FB59
:1060C000F0F300FB132353B9B2FBF0F0C0B2F44A73
:1060D00000EB40101044C91D212219F05DF96C71CC
:1060E000347050E7A0F5FA422C3AB2F5107F14D282
:1060F0004820B2FBF0F300FB13235BB9B2FBF0F0D6
:10610000C0B2E84A00EBC00002EB0010C91D9022AB
:1061100019F042F92C74347035E7A0F5FE426C3A60
:106120005B2A15D892FBF3F003FB102068B992FBB1
:10613000F3F0C0B2C0EBC00202EB0010DA4AC91D96
:1061400002EB40002E2219F027F96C7434701AE724
:10615000A0F5FE42C83ADF2A14D80E20B2FBF0F3B5
:1061600000FB13235BB9B2FBF0F0C0B2CF4AC0EB27
:10617000C00002EB8000C91D1C2219F00DF9EC7063
:10618000347000E7A0F50140B138B0F5907F8FD2B0
:10619000242290FBF2F302FB13035BB990FBF2F0B5
:1061A000C0B2C34A00EBC00002EBC000C91D4822C8
:1061B00019F0F2F82C763470E5E67CB5BD4B01257C
:1061C000BD4E5418B0F5FA6F30D0A0F5E061D33968
:1061D0001ED0A0F5E061D13931D0A0F5E061D5390C
:1061E00030D0A0F5E061D43933D0891F1F2937D8CA
:1061F000C80626D103F10A004021054619F0E5F84A
:10620000E11D02B02846BDE87040402219F0C4B834
:106210006079012815D10CF0E8FD7C21A54819F022
:10622000D4F83576F9F72FFAFFF7EBF960791870A3
:106230003576F9F728FA0CF0D8FDFFF7D5F9607933
:1062400058707CBD6079217900EB0120A3F805002E
:106250007CBD6079217900EB0120A3F803007CBDAF
:10626000A0F2FA710F290FD80807F8D19148202120
:106270004A30054619F0A9F8E11D02B02846BDE8EC
:106280007040202219F088B8A0F500610A3924D0A6
:10629000A0F500611639E2D1A0F61600062190FBA8
:1062A000F1F201FB12000028D9D1207A8DF800000C
:1062B000A07A8DF80100207B8DF80200A07B8DF87C
:1062C0000300207C8DF80400A07C8DF80500684652
:1062D0000EF008F8794805707CBDA0F60A000C2184
:1062E00090FBF1F201FB12000028F5D1207A03F8AF
:1062F0006A0FA07A5870207B9870A07BD870207CA1
:106300001871A07C5871207D9871A07DD871207E75
:106310001872A07E5872207F9872A07FD8727CBDC0
:1063200070B5A0F51853483B6425C72B0FD893FBD5
:10633000F5F0C1B201EBC10000EB0110604901EBC7
:10634000C00293FBF5F005FB1030C1B200E1A0F5EF
:106350001C53103B4FF4B8661724B3420DD2B3FB65
:10636000F4F0C0B2C0EB0010564900EB40004218F8
:10637000B3FBF4F004FB1031EAE0A0F53053D03B5E
:10638000B3420ED2B3FBF4F0C1B2C1EBC10000EBDB
:1063900001104D4901EB4002B3FBF4F004FB103156
:1063A000D6E0A0F54853903BB3F5206F0ED21420F1
:1063B000B3FBF0F1C9B2C1EBC10202EB4111434A98
:1063C0000A44B3FBF0F100FB1131C1E0A0F57053BA
:1063D000903BB3F5987F0ED21320B3FBF0F1C9B216
:1063E00001EB810202EB411239490A44B3FBF0F19F
:1063F00000FB1131ACE0A0F57853AC3BB3F57A5F0C
:1064000012D293FBF5F0C0B20A21B0FBF1F101EB1F
:106410004100C0EBC1102F4901EB001293FBF5F0D6
:1064200005FB1030C1B293E0A0F57753A72B0FD82E
:106430001520B3FBF0F1C9B2C1EBC101174A01EB62
:10644000410102EB4102B3FBF0F100FB11317FE0AF
:10645000A0F5FA432C3BB3F5107F0DD24820B3FBD7
:10646000F0F1C9B20F4A01EBC10102EB0112B3FB1B
:10647000F0F100FB11316BE0A0F57853683B432B42
:106480002AD81120B3FBF0F1C9B2054A01EB411142
:106490000A44B3FBF0F100FB113159E0B837036057
:1064A000C83F0360083903604C400360CEE50260DA
:1064B000883D036016CE0460A4B5036093040060B9
:1064C00036C00260112A0560511E05607AD0026054
:1064D0002ACE0260C62F0260A0F5FE436C3B5B2B08
:1064E0000FD893FBF4F0C1B2C1EBC10000EB011077
:1064F000FE4901EB400293FBF4F004FB1030C1B203
:1065000026E0A0F5FE43C83BDF2B0DD80E20B3FBE1
:10651000F0F1C9B2F64AC1EBC10102EB8102B3FB53
:10652000F0F100FB113113E0A0F50140B138B0F5F6
:10653000907F0DD2242190FBF1F2D2B202EBC20384
:10654000EC4A02EBC30290FBF1F301FB1300C1B272
:1065500032F8110070BDE849B0F5FA6F27D0A0F508
:10656000E062D13A21D0A0F5E062D23A21D0A0F584
:10657000E062D43A1FD0A0F5E062D53A1ED0B0F563
:10658000FB6F20D0A0F5E062D63A1AD0111F1F2968
:106590001BD8D9480A30CA1701EBD26222F01F0279
:1065A000891AC9B230F811007047487870470878E6
:1065B000704788787047B1F803007047B1F805005C
:1065C0007047C8797047087A7047A0F2FA710F29AE
:1065D0000BD8C9484A30CA1701EB127222F00F02D9
:1065E000891AC9B230F811007047A0F60A010329D0
:1065F0000AD8C1486A30CA1701EB927222F003022E
:10660000891AC9B2405C7047A0F60E0103290AD866
:10661000B9486E30CA1701EB927222F00302891A50
:10662000C9B2405C7047A0F6120103290AD8B248EB
:106630007230CA1701EB927222F00302891AC9B2B2
:10664000405C7047A0F61600052809D8AA4A7632A1
:10665000062190FBF1F301FB1300C0B2105C704700
:10666000002070472DE9F34FE1B08A46A3484FF070
:10667000010980F80690619800270DF1140C00289C
:1066800037D06198022834D06198042831D006248C
:10669000002061460F54401C80B20628FAD30AEB52
:1066A000040B9BF8010004909BF803009BF8021078
:1066B00000EB012085B29BF8050050900498DFF8AC
:1066C0004082032817D00498012814D004988D4ADA
:1066D0008D4B8E4E06287CD004980528FBD004985C
:1066E000102802F08B850498192803F0BC8003F071
:1066F000D2B80024D3E71AF8040066460CF8040068
:106700009BF801103019609041700498032803D061
:106710000498012805D009E05098609940008870DD
:1067200004E05098C01DC10860988170609881781D
:10673000C01C18F04AFE01200390A5F59850A63819
:1067400063280BD85098609AC1B2D21C2846FEF735
:1067500001FD012801D000200390F5E304980128F1
:1067600002D04FF0000BF0E300224CE0AB18082BF6
:106770001FD200200021DFF898B101EBC30CCCEB55
:106780000C1C0CEB4C0CDC449CF825C0BCF1000F3D
:1067900006D009FA01FC4CEA000C0CF0FF0003E003
:1067A00009FA01FC20EA0C00491CC9B20829E4D30B
:1067B00024E0403B082B21D800200021DFF854E1E1
:1067C00001EBC30CCCEBCC0B0BEB0C1C0EEB4C0C11
:1067D00000E0F4E39CF826C0BCF1000F06D009FAF3
:1067E00001FC4CEA000C0CF0FF0003E009FA01FC8C
:1067F00020EA0C00491CC9B20829E1D3A118314490
:10680000C870521C92B250998A42AFD3A5E705EBEB
:106810000B00032807D804EB4B013144CF7018F864
:106820000000087105E2A0F59851EC3974D00428F5
:1068300073D0052872D0082871D0062870D0072898
:106840006FD00E286ED009286DD01A286CD01C2865
:106850006BD016286AD0172869D0182868D0192854
:1068600067D01B2866D00C2872D0122871D013284C
:1068700070D00D286FD010286ED022286DD023281C
:106880006CD020286BD024286AD02A2869D01D28F3
:1068900068D0A0F57D41E83965D0A0F57D41E939A2
:1068A00070D0A0F57D41EA396DD0A0F57D41F23977
:1068B0006AD0282869D0292868D02B2867D05E287C
:1068C00075D05F2874D02E2873D02F2872D030282E
:1068D00071D0622870D027286FD0A0F164010529FB
:1068E0006CD804EB4B013144CF7024E04C40036082
:1068F000CEE50260883D036016CE04605803006058
:10690000B24C0460EAD00460B71F0160A4B5036014
:10691000112A0560511E056012E02CE038E03EE0CF
:106920004DE054E067E06EE075E07EE086E08EE0EA
:1069300096E09EE0A6E0404410F8510C087171E723
:1069400004EB4B003044C770FA490978017169E7DC
:10695000A0E0A8E0B0E0B8E0BFE0C6E0CDE0D5E060
:10696000DEE0E5E0ECE004EB4B003044C770F249B8
:106970000978017156E704EB4B003044C7700621DB
:1069800001714FE7E4E0EDE0F7E0FEE005E10CE146
:1069900004EB4B003044C7703F21017142E704EB28
:1069A0004B003044C77098F8071001713AE704E1D2
:1069B0000FE11BE123E12CE134E13BE142E104EB97
:1069C0004B003044C77098F8041001712AE704EBBB
:1069D0004B003044C77098F823100A2905D0491E8F
:1069E000032905D8232101711CE72321017119E72F
:1069F0004A21017116E704EB4B003044C77098F848
:106A00000A1001710EE704EB4B003044C77098F890
:106A10000B10017106E7C8486838418F04EB4B0042
:106A200030440A0AC2700171FCE604EB4B003044AA
:106A3000C770C1496839497A0171F3E604EB4B002C
:106A40003044C770BC49223909780171EAE604EB89
:106A50004B003044C770B849223949780171E1E6EA
:106A600004EB4B003044C770B34922398978017177
:106A7000D8E604EB4B003044C770AF492239C978DF
:106A80000171CFE604EB4B003044C77098F8481012
:106A90000171C7E604EB4B003044C770A649683962
:106AA000097B0171BEE604EB4B003044C770A2497C
:106AB0006839497B0171B5E604EB4B003044C7707F
:106AC0009D496839897B0171ACE604EB4B00304489
:106AD000C77098F827100171ABE004EB4B0030440D
:106AE000C77098F80C100171A3E004EB4B00304420
:106AF000C77098F8231001719BE0904804EB4B019C
:106B000031440088020ACA70087192E08B4804EB95
:106B10004B0131440068020ECA70000C087188E015
:106B200004EB4B003044C77085490978017180E05F
:106B300004EB4B003044C77082490978017178E05A
:106B400004EB4B003044C7707F490978017170E055
:106B5000794804EB4B013144B0F80100020ACA70D5
:106B6000087166E0744804EB4B013144D0F8010031
:106B7000020ECA70000C08715BE004EB4B0030445D
:106B8000C77072490978017153E004EB4B0030443F
:106B9000C77098F8441001714BE004EB4B0030448F
:106BA000C77098F84510017143E004EB4B00304486
:106BB000C77098F8471001713BE05F481C380188A6
:106BC0008088084404EB4B013144030ACB70087100
:106BD0002FE059486838D0E91310014404EB4B000A
:106BE00030440A0EC270090C017122E0B8F842006C
:106BF00004EB4B013144020ACA70087119E04E4897
:106C000004EB4B0168383144808F020ACA70087166
:106C10000FE004EB4B003044C77047496839C97A2C
:106C2000017106E004EB4B003044C77098F84F1038
:106C3000017113E204EB4B003044C77098F8501018
:106C400001710BE26A280CD0A0F16B01032910D866
:106C500004EB4B013144CF70404410F85C0C0871D8
:106C6000FCE104EB4B003044C77098F80E10017142
:106C7000F4E1A0F16F01032908D804EB4B01314482
:106C8000CF70404410F8560C0871E7E1A0F1730191
:106C9000032908D804EB4B013144CF70404410F86D
:106CA000560C0871DAE1782822D0262829D01E282F
:106CB00030D0A0F580712B3912D0491E64294DD8EF
:106CC0002348C1EBC101405C224900F0070201EBFF
:106CD000D00109FA02F20978114223D0012222E000
:106CE00004EB4B003044C7701B4909780171B5E1D2
:106CF000B8F8210004EB4B013144020ACA70087154
:106D0000ACE1B8F8490004EB4B013144020ACA7007
:106D10000871A3E104EB4B003044C77098F8591098
:106D200001719BE1002204EB4B013144CA700871F0
:106D300094E100003F030060C0030060880200602F
:106D400067020060A102006066020060DE0300606E
:106D50007A310460B23A0460E8020060362810D04C
:106D600037281AD0382820D0A0F13B01022924D896
:106D700004EB4B013144CF70404410F8130C087100
:106D80006CE104EB4B003044C770FC49898809B1C1
:106D9000022100E00021017160E104EB4B0030446E
:106DA000C770F6498978017158E104EB4B00304413
:106DB000C770F2490978017150E13E2811D03F288F
:106DC00017D0A0F1460109291CD8453808EB40002E
:106DD00004EB4B01B0F82B003144030ACB7008716F
:106DE0003CE104EB4B003044C77098F8411001714E
:106DF00034E1E34804EB4B0131440088030ACB70D3
:106E000008712BE1A0F1D2010F2909D8DD4830F833
:106E1000110004EB4B013144030ACB7008711DE1F2
:106E2000532824D054282BD050284BD0512852D04E
:106E30005A2858D05B285FD0A0F50071CA390FD00E
:106E4000491E0A2960D888B2CF4A04EB4B0131446D
:106E500012F81030CB7002EB400040780871FDE072
:106E600004EB4B003044C77056210171F6E0B8F8CE
:106E70004B0004EB4B013144020ACA700871EDE08B
:106E8000C24890F82D0009280AD00A2808D0C04826
:106E900004EB4B0131440088020ACA700871DDE03E
:106EA000BB48BC4942F210720088498D4843B0FB90
:106EB000F2F10B0A04EB4B013144CB70B0FBF2F062
:106EC0000871CBE0B34804EB4B013144008C020A5B
:106ED000CA700871C2E004EB4B003044C770AD4982
:106EE000C97B0171BAE0AC4804EB4B013144008826
:106EF000030ACB700871B1E004EB4B003044C7705B
:106F000098F84E100171A9E0962828D097282ED025
:106F1000982834D099283AD09A2840D09B2846D037
:106F2000A0F58071293911D0522849D0A0F5FA6115
:106F300064294DD880B2FFF70EFB04EB4B013144BE
:106F4000030ACB70087189E0F3E3F3E3B8F8570064
:106F500004EB4B013144030ACB7008717EE004EB73
:106F60004B003044C77098F85110017176E004EB83
:106F70004B003044C77098F8521001716EE004EB7A
:106F80004B003044C77098F85310017166E004EB71
:106F90004B003044C77098F8541001715EE004EB68
:106FA0004B003044C77098F85510017156E004EB5F
:106FB0004B003044C77098F8561001714EE0F2E370
:106FC00004EB4B003044C77074490978017145E007
:106FD000A0F5D851BC397F297FD801EBD171C1F31D
:106FE0004701C0071DD0C1EB011000EB40016C4808
:106FF00008445D9090F8230088B35D98D0F81E0097
:1070000015F04CF8010A04EB4B0030445C90C17061
:107010005D98D0F81E0015F041F801465C980171AA
:107020001CE0C1EB011000EB40015D4808445F909B
:1070300090F82300A0B15F98D0F81E0015F02EF84C
:10704000010E04EB4B0030445E90C1705F98D0F8A5
:107050001E0015F023F8010C5E98017133E205E083
:1070600004EB4B003044C77007712CE25D9890F937
:107070002800A0F10C010A2915D91738072807D8CC
:1070800000EBC00101EB00114648405C01280AD02A
:107090005D9890F82500012818D004EB4B0030448F
:1070A000C77007710FE25D9890F82500012807D09E
:1070B00004EB4B003044C77080F8049003E20CE00E
:1070C00004EB4B003044C7700771FCE104EB4B004C
:1070D0003044C77080F80490F5E1A0F5E0513C39E8
:1070E0003F290ED8C9B204EB4B003044C770C1EB46
:1070F000011101EB41022A49114491F82410017158
:10710000F4E3A0F5E0517C393F290ED8C9B204EB75
:107110004B003044C770C1EB011101EB4102204923
:10712000114491F828100171E0E3A0F5E051BC3959
:107130003F290ED8C9B204EB4B003044C770C1EBF5
:10714000011101EB41021649114491F8221001711D
:10715000CCE3A0F5E051FC393F2925D8C8B204EBB7
:107160004B013144CF70C0EB001000EB40020C48E3
:10717000104490F823000871B8E3000036BA0260AA
:10718000EE0300600E5D0460B4780360511E05607C
:1071900036B8026058030060BE010060530400600E
:1071A000112A0560E2CB0260A0F5E8513C397F2945
:1071B00003D9A0F291227F2A6FD87F2902D841F605
:1071C0003C5101E040F29121411A01EBD170C0F332
:1071D0004700C9071ED0C0EBC00101EB0011FB48FE
:1071E00000EB4100599090F8280090B35998D0F8DE
:1071F0001E0014F053FF010A04EB4B00304458907A
:10720000C1705998D0F81E0014F048FF01465898F4
:1072100001716BE3C0EBC00101EB0011EB4800EB27
:1072200041005B9090F82800A0B15B98D0F81E0058
:1072300014F034FF010E04EB4B0030445A90C1703F
:107240005B98D0F81E0014F029FF010C5A980171C8
:107250004CE305E004EB4B003044C770077145E395
:10726000599890F82D00A0F10C010A2916D9173869
:10727000072807D800EBC00101EB0011D448405C9F
:1072800001280BD0599890F82600012818D004EB5B
:107290004B003044C770077128E318E0599890F804
:1072A0002600012806D004EB4B003044C77080F85C
:1072B00004901BE304EB4B003044C770077115E3E7
:1072C00004EB4B003044C77080F804900EE3A0F547
:1072D000E851BC393F290FD8C8B204EB4B01314407
:1072E000CF70C0EBC00202EB0012B84800EB4200C6
:1072F00090F822000871F9E2A0F5E851FC393F2925
:1073000010D8C8B2C0EBC00101EB0011AF4800EBD0
:10731000410004EB4B01314410F82B3FCB70407817
:107320000871E3E2A0F5F0517C393F2910D8C8B2CA
:10733000C0EBC00101EB0011A44800EB410004EBDD
:107340004B01314410F8282FCA7040790871CDE202
:10735000A0F5F051BC393F290FD8C8B204EB4B015E
:107360003144CF70C0EBC00202EB0012974800EB33
:10737000420090F827000871B8E2A0F5F0513C39BE
:107380003F290FD8C8B204EB4B013144CF70C0EB9A
:10739000C00202EB00128D4800EB420090F8290079
:1073A0000871A3E2A0F5F051FC393F2935D801EB73
:1073B000D171C1F347010291C00716D00298F7F7C7
:1073C000ADFE4FF47A7190FBF1F0010A04EB4B0033
:1073D00030445690C1700298F7F7A0FE4FF47A71CE
:1073E00090FBF1F15698017180E20298F7F796FE52
:1073F0004FF47A7190FBF1F0010E04EB4B00304436
:107400005790C1700298F7F789FE4FF47A7190FB9C
:10741000F1F0010C5798017168E2A0F5F8513C3980
:107420001F290BD804EB4B013144CF70694A10443B
:10743000A0F5005090F8C400087157E2A0F5F8518B
:107440005C393F290BD804EB4B013144CF70624AC1
:107450001044A0F5005090F8A400087146E2A0F591
:10746000F8519C39FF2903D9A0F29112FF2A79D84B
:10747000FF2902D841F69C7101E040F29111411AB6
:1074800001EBD170C0F34700C9071DD0C0EBC001AC
:1074900001EB401151480844539090F8230088B301
:1074A0005398D0F81E0014F0F9FD010A04EB4B00CC
:1074B00030445290C1705398D0F81E0014F0EEFD85
:1074C00001465298017111E2C0EBC00101EB40117D
:1074D00042480844559090F82300A0B15598D0F840
:1074E0001E0014F0DBFD010E04EB4B003044549001
:1074F000C1705598D0F81E0014F0D0FD010C5498BE
:107500000171F3E105E004EB4B003044C7700771F3
:10751000ECE1539890F82600A0F10C010A2915D946
:107520001738072807D800EBC00101EB00112848E5
:10753000405C01280AD0539890F82400012818D004
:1075400004EB4B003044C7700771CFE1539890F8BB
:107550002400012807D004EB4B003044C77080F8AA
:107560000490C3E10CE004EB4B003044C77007719A
:10757000BCE104EB4B003044C77080F80490B5E1E7
:10758000A0F500519C397F290DD804EB4B00304405
:10759000C770C1EBC10202EB41121049114491F8CE
:1075A00022100171A2E1A0F5045154397F2917D8A6
:1075B00004EB4B003044C770C1EBC10202EB411237
:1075C0000649114491F8261001718FE1511E0560A2
:1075D000E2CB0260984D0460D12905607AD0026048
:1075E000A0F50451D4397F290DD804EB4B00304469
:1075F000C770C1EBC10202EB4112F849114491F886
:107600002310017172E1A0F504511C3907290DD82E
:1076100004EB4B003044C770C1EBC10101EB4102E8
:10762000EF4901EB4201C97F01715FE1A0F504510F
:10763000243907290DD804EB4B003044C770C1EB47
:10764000C10101EB4102E64901EB4201897F017171
:107650004CE1A0F504512C3907290ED804EB4B005E
:107660003044C770C1EBC10101EB4102DC4901EBC1
:10767000420191F82410017138E1A0F50451343928
:1076800007290ED804EB4B003044C770C1EBC10191
:1076900001EB4102D24901EB420191F82010017146
:1076A00024E1A0F504513C3907290ED804EB4B0026
:1076B0003044C770C1EBC10101EB4102C84901EB85
:1076C000420191F82710017110E1A0F504514439ED
:1076D00007290ED804EB4B003044C770C1EBC10141
:1076E00001EB4102BE4901EB420191F82110017109
:1076F000FCE0A0F504514C3903290AD804EB4B00F7
:107700003044C77001EB4112B6491144C97F017181
:10771000ECE0A0F50451503903290CD804EB4B00E0
:107720003044C77001EB4112AE491144897F0171A9
:10773000DCE0E3E0DEE0A0F5FE426C3A5B2A16D81E
:107740002E2092FBF0F1C9B292FBF0F300FB132064
:10775000C2B204EB4B003044C770C1EBC10303EB72
:107760000111A14B03EB4101895C0171BEE0A0F165
:10777000C801082920D2CF280BD0CA2814D004EB86
:107780004B013144CF70994A104410F8C80C08716D
:10779000ACE0964804EB4B013144B0F80700020A14
:1077A000CA700871A2E09CE104EB4B003044C77042
:1077B0008E498978017199E0A0F5B85170390B298B
:1077C00009D88B4830F8310004EB4B013144030AEF
:1077D000CB7008718AE0A0F5B8517C390B290BD821
:1077E000834809EB410130F8210004EB4B0131449F
:1077F000020ACA70087179E0A0F5B85188390B29DE
:107800000ED87B4B09EB410053F82000020C04EB2F
:107810004B003044C27053F83110090C017165E01F
:10782000A0F5D8515839312909D8724830F81100DB
:1078300004EB4B013144030ACB70087156E0A0F50C
:107840001851483945F68842914209D880B2FEF76E
:1078500067FD04EB4B013144C870000A087145E034
:10786000A0F51C4040383B283AD8C11700EB917274
:10787000C2F38F0122F00302801A80B230B10128D6
:107880000FD0022818D0032820D02FE05A4800EB50
:10789000410004EB4B0100883144030ACB700871AE
:1078A00024E0554800EB410004EB4B01C08B314410
:1078B000030ACB70087119E004EB4B003044C77029
:1078C0004D4A114491F83C1001710FE004EB4B005C
:1078D0003044C770484B194491F84B10017105E0D2
:1078E00004EB4B003044C77080F804900BF1010B9F
:1078F0001FFA8BFB50988345FEF489AF619850B313
:107900006198022827D06198042824D0619805281E
:1079100063D09AF801009AF8001040EA0120374934
:107920000885010A8DF814108DF815008DF8167071
:107930008DF81770049801287DD05099032000EB32
:107940004100010A8DF818108DF8190003980128DC
:1079500072D001F0A0BF0498012813D050980321E1
:1079600001EB4000C1B205A8FDF77DFD5099020A68
:1079700006EB4101CA7008716198042814D061981F
:10798000C8B1E6E760988078C01CC1B205A8FDF7D1
:107990006AFD6099020A8B780DF117015A546099BB
:1079A0008A7806A95054E7E75098F11C4200144821
:1079B00017F0F2FCCDE798F82600FDF7C8FD049813
:1079C00001281FD05098052101EB400081B298F8A2
:1079D000262005A8FDF75FFDBBE71CE07AD002601A
:1079E000B8370360C83F03604C400360F81700607D
:1079F00098D001607C5B0460885604605803006086
:107A00002AAF0260609898F82620817805A8491D61
:107A1000FDF741FD9DE79AF801009AF8001040EA51
:107A20000120FE490885010A8DF814108DF8150013
:107A30008DF8167001E027E032E08DF8177050984D
:107A4000032101EB4000010A8DF818108DF8190090
:107A5000049801280CD0509805A904EB4002144664
:107A6000D21CEF4817F098FCEE48E41C048070E745
:107A7000509805A902191446D21CE94817F08CFC4D
:107A8000E848E41C048064E760988078C01C000A21
:107A90008DF8180060988078C01C8DF8190055E7A3
:107AA0006198012886D1049801280CD0509805A926
:107AB00004EB40021446D21CDB4817F06DFCDB4897
:107AC000E41C048045E7509805A90219D21CD64849
:107AD00017F062FC6098E41C80780119D34801809B
:107AE00037E76198E8B1619802281AD061980428B4
:107AF00017D09AF800008DF814009AF801008DF85C
:107B000015008DF816708DF817708DF81870062016
:107B10008DF819006198012810D06198052821D0AE
:107B200033E0619888BB98F82600FDF710FD98F8BF
:107B3000262008215046FDF7AEFC26E00020211843
:107B40001AF801200CF80120401C80B20628F6D358
:107B5000059818600698586007989860B3490C20FB
:107B6000088012E0002021181AF801300CF80130CA
:107B7000401C80B20628F6D3059810600698506025
:107B800007989060A7490C2008800498052842D0E7
:107B9000A5F5D851BC394FF41072B1F5B36F2FD29F
:107BA0004FF4C070814201D286F80090A5F5E853E9
:107BB0003C3BB3F5187F01D286F80190A5F5F85348
:107BC0009C3B834201D286F80290A5F504501C38F4
:107BD0002F2804D9A5F5FA402C38904201D286F816
:107BE0000490A5F504504C38072804D9A5F5FE40AB
:107BF0006C385B2801D886F805908D4880F8009095
:107C0000032D73D8854C207E00F0010129436ED0EE
:107C1000022D6DD09DE63F2D6BD8EDB2C5EB051062
:107C200000EB400183480C1894F823000028F1D1A0
:107C3000F7F740FAA8423CDD94F92800A0F10C01C6
:107C40000A290FD91738072807D800EBC00101EB24
:107C500000117948405C012804D09BF80400B8B1B9
:107C6000012016E09BF8040070B1002017F089FE97
:107C7000724901EB8511886228460EF0DCFD28B1BF
:107C8000002084F825003AE00120EFE70120F8E722
:107C9000002017F076FE694901EB851188622846BD
:107CA0000EF0C9FD08B1012000E0002084F8250095
:107CB00025E094F92800A0F10C010A290FD9173802
:107CC000072807D800EBC00101EB00115A48405CBF
:107CD000012804D09BF8040070B101200DE09BF84E
:107CE000040038B1002084F8250008E07EE051E06F
:107CF00065E01CE00120F6E7002084F8250094F8F8
:107D0000250028B14FF47A712846F7F7EBF803E025
:107D100000212846F7F7E6F828460EF08CFD4FF4D0
:107D20007A714843C4F81E0086F8009011E6403D81
:107D30003F2DFBD8E8B2C0EBC00101EB0011404879
:107D400000EB410090F8281009BB90F82D10A1F12C
:107D50000C020A2A0FD91739072907D801EBC102EB
:107D600002EB01123449895C012904D09BF804100C
:107D700051B1012109E09BF8041019B1002180F8EC
:107D8000261004E00121FAE7002180F8261086F889
:107D90000190DEE59BF8051088F800109BF80400C0
:107DA00088F8010000200AF05AFD98F8011001201F
:107DB0000AF055FD207E40F001002076C9E58007DD
:107DC000B4D49BF8051088F802109BF8040088F8DA
:107DD000030002200AF043FD98F8031003200AF084
:107DE0003EFD207E40F002002076B2E5062D5FD0F9
:107DF000082D7BD00C2D70D0122D6FD0132D6ED08E
:107E00001A2D6DD01C2D6CD01B2D6BD0102D6AD06F
:107E10000D2D69D0222D68D0242D13E05803006069
:107E2000EAD004609A040060B71F0160EE000060B1
:107E3000D6030060112A0560E2CB0260B4680360DB
:107E4000511E056068D02A2D67D01D2D73D0A5F571
:107E50007D40E83824D0A5F57D40E9386CD0A5F503
:107E60007D40EA3869D0232D68D0202D67D0282D99
:107E700073D02B2D72D05D2D71D0602D70D0612DFF
:107E80006FD0A5F13B0002286CD8C4B208EB040502
:107E90009BF8050095F8281081427CD0DCB3A9E15D
:107EA000F9489BF805100170D1200AF0D8FC50E584
:107EB0009BF8051088F8041006200AF0D0FCF3495E
:107EC00098F804000873F2490870F24981F8F2004A
:107ED000002011F0E1FB3CE508E00FE01EE02FE0A0
:107EE00041E064E077E08CE0A0E0A7E09BF80510BB
:107EF00088F8071008200AF0B2FC2AE5E24C9BF84B
:107F00000500683C20739BF8051009200AF0A7FCC7
:107F100084F803901DE564E19DE0B0E0DA4C9BF845
:107F20000500683C60739BF8051052200AF097FC2E
:107F30000220E0700DE5B7E0C0E0D7E0EEE00AE136
:107F4000D14C9BF80500683CA0739BF805105320AA
:107F50000AF085FC0320E070FBE41BE122E12FE145
:107F600033E138E1B2E1C84C9BF805009BF80410FE
:107F7000683C00EB0120B4F93A10884297D0002306
:107F80001A46E9F782F99BF805009BF8041000EB0C
:107F90000120608700E071E19BF804100C200AF0DA
:107FA0005EFC9BF805100D200AF059FCD1E4B64C9C
:107FB0009BF80520683C637A9A428CD000210846E1
:107FC000E9F763F99BF8050060729BF8051019202A
:107FD0000AF045FCBDE49BF8050005288DD888F81B
:107FE0004800E9F774FA9BF8051007200AF037FCFF
:107FF00098F8480002288DD3A7480770A748077053
:10800000A7E49BF805007F2804D08E2804D08F2891
:1080100002D09EE4FDF7E8FA8E288BD19A483946C3
:10802000683807769E200AF01AFC92E49BF8051047
:1080300088F8271020200AF012FC8AE49BF805003B
:108040009BF8041000EB0120C1B288F823100E2029
:108050000AF005FC7DE49BF805100029A6D0FF2955
:10806000A4D08F4C21709C200AF0F9FB894D217817
:1080700049352878F3F763FC2078287069E49BF889
:108080000510002992D0FF2990D0814C217088F8EA
:10809000041006200AF0E3FB7E48217880F8F210F5
:1080A000002011F0F9FA54E49BF80510012991D948
:1080B0007C4801709D200AF0D2FB4AE4724A521CAF
:1080C0001068010C09049BF805009BF8043000EBD4
:1080D0000320084310609BF80510D2200AF0BFFB74
:1080E0009BF80410D3200AF0BAFB32E46649491C1D
:1080F000088880B29BF805209BF8043002EB03222D
:1081000040EA024008609BF80510D4200AF0A7FB63
:108110009BF80410D5200AF0A2FB1AE4624C2168F7
:108120009BF805009BF8042000EB0220B0EB114FF8
:1081300090D06FF30F01084320609BF80510A32037
:108140000AF08DFB9BF80410A4200AF088FB20683D
:1081500010F01FFE15E4544C9BF805009BF804102A
:10816000226800EB0123B3EB124F87D0000400EB31
:10817000016091B2084420609BF80510A5200AF028
:108180006EFB9BF80410A6200AF069FB206810F033
:1081900000FE0FE49BF8051088F844109A200AF0BE
:1081A0005EFB07E49BF8051088F84710022903D10D
:1081B0003E4807703E4807700A200AF050FB0BE467
:1081C0003148683880F8009006E42F489BF8051085
:1081D0006838C1711EE42C489BF80510683801729C
:1081E00018E4D8B1022819D0072817D0012815D0D3
:1081F000092813D0012C06D180B102280ED00728FF
:108200000CD008280AD0022C38D138B1022805D069
:10821000072803D0012801D009282FD185F828008C
:10822000022802D12046FDF7E5F895F8280001283C
:1082300001D0092805D11F4880F80090204612F08F
:108240005DFB95F82800072805D1FAF7B0FB012C53
:1082500001D11948077098F82300052801D0062895
:1082600006D198F829101548072909D0C0F88C7153
:1082700095F8281004F11D000AF0F1FA1CB121E470
:10828000C0F88C91F4E71BE0C00300601FC00260DF
:10829000A102006036C00260E2030060E3030060F8
:1082A000670200606602006088020060E40300600C
:1082B000E5030060CD070060FB0200600000224281
:1082C000FF4898F8281080F8261009E43E2D24D0A5
:1082D000A5F146005190092827D89BF805009BF886
:1082E0000410453D00EB012008EB4501A1F82B00EF
:1082F00051983E2202EB40009BF8041080B20AF035
:10830000AEFA51983F2202EB40009BF8051080B274
:108310000AF0A5FA05F0B1FF7CE49BF8051088F897
:10832000411022200AF09BFA74E4532D22D0502DE4
:1083300033D0512D3DD05A2D40D05B2D4AD02E2D1B
:1083400052D02F2D63D0302D79D0622D73D0272DB0
:1083500072D06A2D71D0A5F16B0003286ED808EB9E
:1083600005009BF8051000F85C1C3C3DA8B20AF023
:1083700076FA4FE49BF805009BF8041000EB01200F
:1083800081B2A8F84B10B0200AF069FAB8F84B0097
:10839000010AB1200AF063FA3CE4CA48C17B012912
:1083A00093D19BF805109BF8042001EB0221018476
:1083B00030E4C4489BF80510C1732BE49BF805001A
:1083C0009BF8041000EB0120BF4980B20880EBF756
:1083D0003DFF1FE49BF8050088F84E009BF8051050
:1083E000B2200AF03CFA15E49BF805009BF8041053
:1083F00000EB0120A8F842009BF80510E7200AF0E6
:108400002EFA9BF80410E6200AF029FA8EE49BF875
:1084100005009BF8041000EB0120AA4988879BF80F
:10842000051016200AF01BFA9BF8041015200AF01C
:1084300016FA7BE403E00CE017E020E02EE0A14810
:108440009BF80510C1729BF8051017200AF007FA77
:108450006CE49BF8050088F84F009BF80510D620C7
:108460000AF0FDF9994807709CE39BF8050088F82D
:1084700050009BF80510CB200AF0F1F992E39BF82D
:108480000500012888D89BF8041000EB0120C1B238
:1084900088F80E102E200AF0E2F983E3A5F16F00B0
:1084A00003280AD808EB05009BF8051000F8561CB5
:1084B0003C3DA8B20AF0D3F974E3A5F17300032898
:1084C0000AD808EB05009BF8051000F8561C3C3D47
:1084D000A8B20AF0C4F965E3782D26D0262D37D04E
:1084E0001E2D48D0962D52D0982D5DD0992D68D054
:1084F0009B2D76D0A5F5807029380CD0212D7DD00C
:10850000A5F5FA6064286BD8524621462846619B3F
:10851000FDF753FE46E39BF805009BF8041000EBC3
:10852000012080B2FCF768FE3CE39BF805009BF855
:10853000041000EB0120A8F821009BF805103D2055
:108540000AF08DF99BF804103C200AF088F929E321
:108550009BF805009BF8041000EB0120A8F84900E7
:108560009BF80510C8200AF07AF99BF80410C9207E
:108570000AF075F916E39BF8050088F859009BF896
:108580000510C7200AF06BF9EEF798F80AE39BF89C
:10859000050088F851009BF80510BF200AF05FF92C
:1085A000484880F80390FDE29BF8050088F85300E6
:1085B0009BF80510C0200AF052F942480321C1700F
:1085C000F0E29BF8050088F854009BF80510C420E1
:1085D0000AF045F93B4880F80390E3E201E00DE042
:1085E0001CE09BF8050088F856009BF80510C52094
:1085F0000AF035F933480321C170D3E29BF8050036
:108600006F2802D0972802D0CCE2FCF7FAFF30485E
:1086100080F800902B480521C187C3E2A5F5D8500A
:108620005838312809D89BF805109BF8042001EB35
:108630000221284A22F81010B4E2A5F5B854703C83
:108640000B2C20D8244951F8340000F4702041F854
:1086500034009BF805209BF8043002EB0322024310
:1086600041F83420542000EB44009BF8051080B200
:108670000AF0F5F8552000EB44009BF8041080B296
:108680000AF0EDF88EE2A5F5B8547C3C0B2C31D8FD
:10869000114A09EB440052F8201001F4702142F80D
:1086A00020109BF805309BF8045003EB05230B4387
:1086B00042F820306C209BF8051000EB44000DE0E0
:1086C00036C0026058030060BE0100606D020060A9
:1086D0003C0000607C5B046098D0016080B20AF0CE
:1086E000BEF86D2000EB44009BF8041080B20AF045
:1086F000B6F857E2A5F5B85088380B2828D8FE49B7
:1087000031F8302092B241F830209BF8053042EA2F
:10871000034241F8302009EB400031F8202092B2AA
:1087200041F820209BF8043042EA034241F820201F
:108730009BF805009BF8041000F00F0001F0F00119
:10874000A5F5B0550144D53DA8B20AF088F829E254
:10875000A5F1C800072864D89BF805009BF8041011
:1087600000EB0121E548421902F8C81CC82D0AD0C7
:10877000C92D15D0CA2D20D0CB2D2BD0CD2D36D044
:10878000CE2D41D00EE2DD4942780978CDE90117BE
:1087900000928378C27841798079E3F7B1F801E2F9
:1087A000D64A01785278CDE9011700928378C278D1
:1087B00041798079E3F7A4F8F4E101784278CDE9D2
:1087C0000117CE490092C2788B7841798079E3F71E
:1087D00097F8E7E101784278CDE90117C74900929F
:1087E0008378CA7841798079E3F78AF8DAE1017809
:1087F0004278CDE901170092C0498378C27849795F
:108800008079E3F77DF8CDE101784278CDE9011771
:1088100000928378C2784179B8488079E3F770F89C
:10882000C0E17F297CD801EBD170C0F34708C8EBC9
:10883000081000EB4001B2480C18D4F81E0013F0E9
:108840002DFCE90726D06FF30F009BF804209BF85E
:10885000051000EB02200844029094F92300002840
:1088600023D021D0F6F726FC404512DDA54800EBC9
:108870008815A548696A81426FD19BF805009BF86D
:10888000041000EB012017F07CF8A04916F0B7FFA8
:10889000E86101E180B29BF805109BF8042001EB30
:1088A000022100EB0140029058E1F6F703FC40453D
:1088B00074DD94F92800A0F10C010A291BD917389E
:1088C000072807D800EBC00101EB00119048405C7D
:1088D000012810D08B4800EB881A8B48DAF8241056
:1088E000814243D19BF805109BF8040011EB002056
:1088F00036D0012035E0834800EB881A8248DAF848
:10890000241081420FD19BF805109BF8040011EB55
:10891000002006D0002017F034F8CAF81C000EE042
:1089200044E10120F7E79BF805109BF8040011EBE8
:10893000002010D0002017F024F8CAF8280075484D
:1089400094F82510817640460DF075FF30B1002077
:1089500084F8250026E00120EDE791E00120F7E70B
:10896000002017F00EF8CAF81C000DE09BF8051067
:108970009BF8040011EB002001D0012000E0002052
:1089800016F0FFFFCAF82800624894F82510817697
:1089900040460DF050FF10B1012001E00CE0002036
:1089A00084F825005B4894F92510827E91422FD0EF
:1089B00080F81990C7762BE094F9255094F9280097
:1089C000A0F10C010A2913D91738072807D800EBA2
:1089D000C00101EB00114E48405C012808D09BF813
:1089E00005009BF8041010EB01200ED001200DE0D3
:1089F0009BF805009BF8041010EB012003D0002029
:108A000084F8250004E00120FAE7002084F825001E
:108A100094F8250028B14FF47A714046F6F762FACF
:108A200003E000214046F6F75DFAF6F743FB4045C8
:108A30001DDC94F92500A84219D0374800788045FC
:108A400015D2364D2868E3F717FEDFF8D4A0DAF820
:108A50000000E3F711FE204600224146F9F79FF996
:108A6000DAF80000E3F75AFE2868E3F757FE4046BD
:108A70000DF0E1FE4FF47A714843C4F81E006DE03A
:108A80009BF805009BF8041000EB012016F079FF1D
:108A90001E4916F0B4FEA862F6F70CFB40454DDC0B
:108AA000D4F81EA09BF805009BF8041000EB0120F1
:108AB0001C4921F818009BF805009BF8041000EBF6
:108AC000012016F05EFF0546504616F051FF29467C
:108AD00016F0DCFF32D01048007880452ED20F4DC2
:108AE0002868E3F7C9FDDFF838A0DAF80000E3F7FB
:108AF000C3FD2046002217E098D00160F8170060FF
:108B0000112A0560B468036000007F4300007A44C6
:108B1000E2CB026058030060EA02006018030060C4
:108B20006004006036B902604146F9F738F9DAF8B6
:108B30000000E3F7F3FD2868E3F7F0FD40460CF092
:108B4000F2F9FA4916F029FE16F03EFFC4F81E00AD
:108B500016F00EFF01464046EDF7B4FDEDF7AEFD11
:108B6000F6F7A8FA404518DC94F92800401E0A28B8
:108B700009D89BF805009BF8041000EB01200128A0
:108B800011D084F82570029813F088FAC4F81E00FA
:108B9000204600224146F9F702F986F80090E448A1
:108BA00080F800900CE284F82590ECE7A5F5E05001
:108BB0007C383F2813D8C1B2C1EB011000EB400351
:108BC000DC489BF80520184480F8282086F800909F
:108BD000D74A82F800900122F9F7E1F8F0E1A5F513
:108BE000E050BC383F2817D8C1B2C1EB011000EBF0
:108BF0004002D048104490F82420012A03D19BF869
:108C0000052080F8222086F80090C94A82F800905A
:108C10000122F9F7C4F8D3E1A5F5E050FC383F286C
:108C200013D8C1B2C1EB011000EB4003C1489BF85F
:108C30000520184480F8232086F80090BC4A82F86A
:108C400000900122F9F7ABF8BAE1A5F5E8503C38FD
:108C50007F287DD800EBD070C0F34708C8EBC80070
:108C600000EB0811B44800EB4104D4F81E0013F0E7
:108C700015FAE9070ED0020C12049BF804109BF8B9
:108C8000050002EB0122851894F9282062B1012A1F
:108C90002FD037E080B29BF805109BF8042001EB41
:108CA000022100EB014544E094F82D20A2F10C03D1
:108CB0000A2B11D9173A072A07D802EBC20303EB94
:108CC00002139E4AD25C012A06D000EB0120012843
:108CD0000CD084F8267015E000EB0120012802D0AA
:108CE00084F826900EE084F826700BE084F8269035
:108CF00008E000EB01204FF47A71484313F0CEF9FD
:108D0000C4F81E0094F82700012812D194F82D0011
:108D1000192803D00F2801D01D280AD1D4F81E002D
:108D200013F0BCF928B9864840F82870854800F847
:108D30000890284613F0B2F9C4F81E0086F8019096
:108D40007B4880F800902046F9F7D4F838E1FFE737
:108D5000A5F5E850BC383F2813D8C0B2C0EBC0021C
:108D600002EB001274489BF8051000EB420080F8FB
:108D7000221086F801906E4981F80090F9F7BAF850
:108D80001EE1A5F5E850FC383F2817D8C0B2C0EB6B
:108D9000C00202EB001268489BF8041000EB42008E
:108DA00080F82B109BF8051080F82C1086F80190A5
:108DB0005F4981F80090F9F79DF801E1A5F5F050C1
:108DC0003C383F2813D8C0B2C0EBC00202EB0012FF
:108DD00059489BF8051000EB420080F8291086F8EE
:108DE0000190534981F80090F9F784F8E8E0A5F57F
:108DF000F0507C383F2817D8C0B2C0EBC00202EB5D
:108E000000124D489BF8041000EB420080F8281037
:108E10009BF8051080F82D1086F80190444981F8E0
:108E20000090F9F767F8CBE0A5F5F050BC383F2883
:108E300013D8C0B2C0EBC00202EB00123E489BF850
:108E4000051000EB420080F8271086F801903849A1
:108E500081F80090F9F74EF8B2E0A5F5F8503C38EB
:108E60001F280BD8C0B2364A9BF805108032115427
:108E700086F801902E4880F80090A1E0A5F5F85002
:108E80005C383F2805D8C0B22F4A9BF80510115412
:108E900096E0A5F5F8509C38FF2866D800EBD07016
:108EA000C0F34700C0EBC00101EB401127480C188C
:108EB000D4F81E0013F0F2F8E9070CD06FF30F009E
:108EC0009BF804309BF8052000EB0320104494F835
:108ED000231051B120E080B29BF805109BF80420CC
:108EE00001EB022100EB014016E094F82610A1F1FD
:108EF0000C050A2D2CD91739072907D801EBC10514
:108F000005EB01150D49495D012921D002EB032133
:108F1000012927D084F8247013F0C0F8C4F81E008B
:108F200086F80290024880F8009049E000007A44F8
:108F3000D6030060112A0560511E0560E2CB026075
:108F4000184D0460385C0460D12905607AD0026055
:108F500002EB0321012902D084F82490DCE784F895
:108F60002470D9E784F82490D6E7A5F500509C3802
:108F70007F2810D8C0B2C0EBC00202EB4012FF48FD
:108F80009BF80510104480F8221086F80290FC48E7
:108F900080F8009014E0A5F50450D4387F2810D84C
:108FA000C0B2C0EBC00202EB4012F4489BF80510BF
:108FB000104480F8231086F80290F14880F8009061
:108FC0001BE1A5F5045054387F2810D8C0B2C0EB7F
:108FD000C00202EB4012E9489BF80510104480F8EB
:108FE000261086F80290E64880F8009005E1A5F585
:108FF00004501C38072810D8C0B2C0EBC00000EBEA
:109000004002E0489BF8051000EB4200C17786F86B
:109010000490DB4880F80090EFE0A5F50450243878
:10902000072814D8C0B29BF8051009B1012100E04F
:109030000021C0EBC00000EB4002D24800EB420030
:10904000817786F80490CE4880F80090D5E0A5F5A9
:1090500004502C38072811D8C0B2C0EBC00000EB78
:109060004002C8489BF8051000EB420080F824102D
:1090700086F80490C24880F80090BEE0A5F5045040
:109080003438072811D8C0B2C0EBC00000EB400252
:10909000BC489BF8051000EB420080F8201086F8D1
:1090A0000490B74880F80090F5E3A5F504503C38EB
:1090B000072811D8C0B2C0EBC00000EB4002B14895
:1090C0009BF8051000EB420080F8271086F804900A
:1090D000AB4880F80090DEE3A5F50450443807283B
:1090E00011D8C0B2C0EBC00000EB4002A5489BF80D
:1090F000051000EB420080F8211086F80490A0488B
:1091000080F80090C7E3A5F5FA402C3890422DD2A4
:10911000482290FBF2F1CBB290FBF2F102FB11017D
:10912000CC1701EB5471C1F3C70190FBF2F402FBC1
:109130001400C21700EB527222F00702801AC0B26C
:1091400003EBC304904B9BF8042003EB041303EBE5
:10915000011101EB40035A709BF8052001F8102023
:1091600086F81090864880F8009094E3A5F50450A6
:109170004C3803280DD8C0B200EB401283489BF84E
:1091800005101044C17786F805907D4880F800905E
:1091900081E3A5F504505038032811D8C0B29BF8DC
:1091A000051009B1012100E0002100EB40127748D1
:1091B0001044817786F80590714880F800906AE342
:1091C000A5F5FE456C3D5B2D17D82E2195FBF1F0E2
:1091D000C0B295FBF1F201FB1251C9B2C0EBC00362
:1091E00003EB00106A4B9BF8052003EB4000425450
:1091F00086F81190624880F800904CE36198D0B3F3
:109200006198022838D06198042835D061980528E3
:1092100050D09AF800008DF814009AF801008DF8EB
:1092200015008DF816708DF817708DF818700620DF
:109230008DF819000020E64621181AF801200EF8D2
:109240000120401C80B20628F6D3059818600698C5
:109250005860079898604F490C200880642D4FD0C3
:10926000A5F2CB200A287DD89BF8060014287AD8CE
:1092700000204949A1E0FFE7DAF800000190BAF8C0
:109280000400ADF80800062101A8FCF7ECF8020A7A
:109290008DF80A208DF80B0061980028DED198F82F
:1092A0002600FCF754F998F82620082101A8FCF7BD
:1092B000F2F8D3E79AF800008DF814009AF801004C
:1092C0008DF815008DF816708DF817708DF81870E0
:1092D00006208DF819000020E64621181AF8013002
:1092E0000EF80130401C80B20628F6D305981060B5
:1092F000069850600798906028490C200880ADE7D8
:10930000274C207878B39BF806000C2817D19BF8DF
:10931000080088F813009BF80A0088F814009BF8EE
:109320000C0088F815009BF80E0088F816009BF8D2
:10933000100088F817009BF8120088F8180098F8B9
:109340001310282009F08BFA98F81410292009F03E
:1093500086FA98F815102A2009F081FA98F8161064
:109360002B2001E033E072E009F079FA98F8171049
:109370002C2009F074FA98F8181013E07AD00260E3
:10938000D6030060B837036008390360C83F036044
:109390004C400360EE000060B47803609A04006003
:1093A000580300602D2009F05AFA277073E2221842
:1093B0005244D2790A54401CC0B29BF80620824223
:1093C000F5D8FE4880F8009086F8189063E2B5F56D
:1093D0008C7F0CD0C82D66D0A5F5FA60642878D8AB
:1093E000524621462846619BFCF7E7FE53E29BF874
:1093F000060020282BD19BF80A00DC2827D39BF8F5
:109400000E009BF810109BF8142000EB01209BF835
:109410001210090401EB026144189BF80C00401C77
:10942000C0B2F9F79CFA009703469BF80C209BF812
:1094300008002146F9F751F9E14CE24D012807D027
:109440009BF8080002A9F9F71CF9012816D022E2BE
:10945000DD4EDE499BF80A203078401EC0EBC00389
:1094600019448A710BF1150104EB0010102215F05C
:1094700093FF3078284400F8019C0CE29DF8080026
:10948000D249C0EBC00319449BF80A208A710BF142
:10949000150104EB0010102215F07EFF9DF8080066
:1094A00005F80090F7E19BF80500082836D19BF8F5
:1094B000060008280ED09BF8080050F080008BF8BA
:1094C00008002CD09BF80C0040F080008BF80C00BA
:1094D0002BE03CE09BF8070050F080008BF8070081
:1094E00006D09BF8090040F080008BF8090005E0E9
:1094F0009BF8090000F07F008BF809009BF80D0035
:109500009BF80E108DE883009BF80C309BF80B2025
:109510009BF809109BF80800E2F7F2F9BBE19BF811
:109520000C0000F07F008BF80C009BF816009BF8F5
:109530001410CDE9010700919BF812309BF8102020
:109540009BF80C109BF80A00E2F7DAF9A3E1A5F505
:109550001850483845F68841884205D85246214679
:109560002846FCF7C6FC96E1A5F59850EC3808D0E3
:10957000A0F5FA607F287DD89BF80510022932D02B
:1095800059E09BF80500072829D19BF80A009BF8B1
:109590000C109BF8102000EB01209BF80E108C4C57
:1095A000090401EB02610844C4F801009BF81200B1
:1095B00060719BF81410A171F9F7EDFB0346012BC4
:1095C00001D95B1EDBB2D4F80120A1796079F8F7EC
:1095D0009BFF042804D003202070F9F760FB5AE1B8
:1095E00002202070F9E700EBD070C0F347049BF82D
:1095F0000A009BF809109BF8072000EB01209BF85C
:109600000810090401EB02614518284612F046FDD6
:109610000146C4EB041000EB40026E481044C0F851
:109620001E1090F8232062B1084616F0A1F90146F9
:109630002046EDF747F886F80090604880F80090E3
:1096400029E190F92810A1F10C020A2A19D9173939
:10965000072907D801EBC10202EB01125E49895CC0
:1096600001290ED0012D14D080F8257090F8250026
:1096700090B100E015E04FF47A712046F5F732FC26
:10968000D9E7012D02D080F82590EFE780F825700A
:10969000ECE780F82590E9E700212046F5F722FC69
:1096A000C9E7A5F5E8503C387F2851D89BF805104C
:1096B00002293CD100EBD070C0F347029BF80A00AE
:1096C0009BF809109BF8073000EB01219BF808007C
:1096D000000400EB03600844C2EBC20101EB02137B
:1096E0003E4901EB430494F82810E1B994F82D1099
:1096F0000C2909D3C2EBC20303EB4213384A1A44C4
:1097000092F82620162A18D91739072907D801EB0D
:10971000C10202EB01123049895C01290DD00128F8
:1097200013D084F8267012F0B9FCC4F81E0086F835
:109730000190224880F80090ADE0012802D084F822
:109740002690F0E784F82670EDE784F82690EAE7A3
:10975000A5F5F8509C38FF285DD89BF80510022924
:1097600048D100EBD070C0F347019BF80A009BF88A
:1097700009209BF8073000EB02209BF80820120418
:1097800002EB03621044C1EBC10202EB4112144927
:10979000541894F8231049BB94F82610A1F10C0238
:1097A0000A2A2DD91739072907D801EBC10202EB84
:1097B00001120949895C012922D013E0D603006017
:1097C0008C1E04607C2E0460F00200607A3104601C
:1097D0003F030060112A0560E2CB0260511E056064
:1097E0007AD00260012813D084F8247012F056FC5D
:1097F000C4F81E0086F80290FE4880F800904AE007
:10980000012802D084F82490F0E784F82470EDE772
:1098100084F82490EAE7462D3DD19BF806001428F1
:1098200039D101254FF03D094FF03C0B04EB4500C9
:1098300000EB0A06B079717900EB012008EB4501D5
:10984000A1F82B0071790BEB450009F008F8B1790C
:1098500009EB450009F003F86D1CEDB20A2DE5D9BE
:1098600004F00BFD17E06198D0B16198022817D081
:10987000002001A90AEB000292790A54401CC0B2F0
:109880000428F7D3042101A8FBF7EDFD010A8DF8A8
:1098900008108DF80900D848877163B0BDE8F08FD3
:1098A0001AF804008DF800009BF801008DF8010003
:1098B00098F804008DF8020098F800008DF8030075
:1098C00098F801008DF8040098F802008DF8050062
:1098D00098F803008DF8060007216846FBF7C3FDE2
:1098E000020A8DF807208DF8080061980028D2D16F
:1098F0009BF801001928CED198F804009BF80210BB
:109900008842C8D89BF803108842C4D398F8260030
:10991000FBF71DFE98F8262009216846FBF7BBFDE2
:10992000B9E7B5488079002802D1B449FCF79ABE5E
:109930007047B148FF2181704170704770B504468F
:10994000AE4E7178122905D0AB4DEA8C921EFF29DC
:1099500002D010E0012070BDB07854280BD1F0780F
:10996000452808D130794D2805D17079432802D196
:10997000B0794F280DD019291CD0032945D00629CC
:1099800043D0102941D001293FD005293DD00020E6
:1099900070BDD1B29948FBF766FDE98C3144891E50
:1099A0004A78097842EA0121814201D1012070BD43
:1099B000002070BD04219148FBF755FD7179327983
:1099C00001EB0221814201D0002070BDB178F27814
:1099D000914201D3134600E00B4600D211469C424F
:1099E00001D38C4201D9002070BD15F0C3FC1421B5
:1099F00090FBF1F201FB1200C1B2002001E0401C1B
:109A0000C0B28842FBD3012070BDD1B27B48FBF7C6
:109A10002AFDE98C3144891E4A78097842EA0121FD
:109A2000814201D1012070BD002070BD08B5192010
:109A30000090DFF8CCA101208AF846000024DFF86E
:109A4000BCB1DFF8C0816C4D4FF00009ABF2EE47BE
:109A50000098E2F766FD6C48B0F86010A1F5A850D8
:109A6000B33803D169480068E2F706FE68490A2066
:109A70000870BAF81400401CAAF8140097F82800DF
:109A8000022807D097F82900022803D097F82A0067
:109A900002287DD197F82660022E09D14FF4FA7280
:109AA0005C49564815F078FC2879A874E88BE8845E
:109AB0004EB94FF4FA725849504815F06DFC287CA5
:109AC000A874688CE884012E09D14FF4FA725349C6
:109AD0004A4815F061FC687CA874A88CE884A87CCE
:109AE00002280ED0641CE4B2642C03D90024304652
:109AF000FBF780FC85F8129097F82A00022837D0EF
:109B00003FE09BF803009BF8021000EB0120C0B27D
:109B1000FFF714FFE0B19BF800003979884201D0CB
:109B2000FF281DD197F82600FBF711FD9BF80100D7
:109B3000FF2808D197F826000022A030C3B21146B2
:109B40002E48F2F7A3FEFFF7F4FEFFF7EAFE07E068
:109B500097F82600324A32F81010491C22F81010EB
:109B600097F82600FBF746FC85F812900024C3E71F
:109B7000287D30B1401EC0B2287510B90220FBF715
:109B800039FC97F8280002280AD1E87C00B100E0EF
:109B900006E0401EC0B2E87410B90020FBF72AFCB2
:109BA000287F401CC0B228770A287FF651AF85F87D
:109BB0001C9097F82800072800D080B90021E86D94
:109BC000E3F7DFFB012807D198F8000008B102286D
:109BD00002D10020FBF70EFCE86DE3F7FCFA97F8E2
:109BE0002900072800D048BB0021686EE3F7C9FBB5
:109BF000012817E0D603006058030060A0510460FC
:109C000088560460D70300607C5B04601C0400601D
:109C1000DF030060AC4A0460B84D0460AC4F0460E0
:109C20002603006007D198F8000008B1022802D18D
:109C30000120FBF7DFFB686EE3F7CDFA97F82A0007
:109C4000072802D000287FF403AF0021286EE3F735
:109C500098FB012807D198F8000008B1022802D12A
:109C60000220FBF7C7FB286EE3F7B5FAF0E61CB558
:109C70000446FBF787FBFE490023CDE900414FF482
:109C80008062FCA1AFF25B20E2F7A6FA1CBD70B5C2
:109C9000F74C0120543C2085FA4E96F82800022803
:109CA00000D010B90020FBF7A5FB96F82900022888
:109CB00000D010B90120FBF79DFB96F82A0002287E
:109CC00000D010B90220FBF795FB0025A4F8425004
:109CD00025746584A4F844506574A584E584A5744E
:109CE00025872571E583E249FA201A3108804880EA
:109CF00088800020E3F763FAE0650020E3F75FFA6D
:109D000060660020E3F75BFA20660020E3F757FA6D
:109D1000A065A57196F8280002280CD001280AD069
:109D2000092808D096F82A00022816D0012814D055
:109D3000092812D020E096F8230003280AD004282E
:109D400008D0072806D00C2804D0082802D0CE4816
:109D5000056011E0CD4805600EE096F82300CC497F
:109D600003280ED004280CD007280AD00C2808D0CD
:109D70000A2809D0C1F8AC510320E0752075E074C1
:109D800070BDC1F8AC51F7E7C2480560F4E7B84AC6
:109D9000543A51784140C0489378405C58405070E4
:109DA000BE48405C9070704701207047B54991F8FB
:109DB0002A00092809D0012807D091F8280009288D
:109DC00005D0012803D0FF207047022070470020F3
:109DD000704770B50546022925D80BD1B04C4FF01D
:109DE00040012046E0F7CEFA29462046BDE8704003
:109DF000E0F754BA61B1012915D1AA4C402120469F
:109E0000E0F7C0FA29462046BDE87040E0F746BAC0
:109E1000A54C40212046E0F7B5FA29462046BDE88A
:109E20007040E0F73BBA70BD2DE9F041044615469D
:109E30008F4E543EA6F84010022D3BD8DFF84482E6
:109E400000278DB9A6F8427008F5837015F0BDFAA9
:109E500098F8230003280AD0042808D0072806D041
:109E6000082804D088480460022D03D015E08748F4
:109E70000460F9E73787B6F840108C4815F0A5FA6A
:109E800098F823008249032811D004280FD007280E
:109E90000DD00C280BD0C1F8AC41012D0AD14036B1
:109EA000B7803188BDE8F041814815F08EBAC1F81D
:109EB000AC41F2E7BDE8F0812DE9F04180460C4667
:109EC000022C01D90020F5E70025694F543F32E00C
:109ED0006CB9B7F84260B7F84000864207D37549BD
:109EE000324601F2DC5015F057FA3046E2E7022C18
:109EF0000CD13E8FB7F84000864207D36B493246FB
:109F000001F6E80015F048FA3046D3E7012C0DD1F0
:109F1000B7F84460B7F84000864207D36449324638
:109F200001F57A7015F038FA3046C3E70220E2F7FF
:109F3000F8FA6D1CADB24545CAD35F4830F814102D
:109F4000491C20F814100020B4E72DE9F041DFF897
:109F5000548140F225514046E0F718FA444C01265E
:109F60000025543C012830D040F22777394640463E
:109F7000E0F70CFA01289DD150484168491C416026
:109F8000A6754F480670A28E501CA0864D48815C75
:109F90004046E0F783F9A18EE08D81428AD34021CB
:109FA0004046E0F7E8F90028F9D040214046E0F7C4
:109FB000E9F9002239464046E0F71BF9A586E58518
:109FC000BDE8F0410120FBF715BA3F484168491C44
:109FD00041603E480670B4F84400B0F5F97F0AD8F5
:109FE0004046E0F75FF9B4F844104A1CA4F8442056
:109FF0002F4A505401E0A4F8445035A12C4815F0E4
:10A00000EFF9204F90B1DFF8CC8098F8000068B9E4
:10A01000A4F8445097F82900072805D0072187F8AD
:10A0200029101E2008F01BFC88F8006097F8290012
:10A03000072801D0002805D1B4F84400012801D92F
:10A040007420A07236E72DE9F05F0E480026012447
:10A0500090F82600FA251C4F4FF010094FF00C0A1B
:10A060004FF0080BDFF8548040F22551002833E010
:10A07000AC0300606D61696E73657261696C7461D7
:10A08000736B0000B24C046088012242A08122421E
:10A090000000234280012142531B0408531C040882
:10A0A000004800400044004000380140AC4A0460D1
:10A0B000AC4F0460B84D04602C030060801E046047
:10A0C00037040060C4460460741E046036040060F7
:10A0D0007A690000000300603FD001287DD002288B
:10A0E0007CD1FB48E0F752F9012878D0DFF8E09303
:10A0F00040F2277739464846E0F748F901286DD104
:10A10000D8F80800401CC8F80800F24D6C71F248FD
:10A110000470EA8E501CE886F048815C4846E0F7FF
:10A12000BDF810F00EFCE98E288E814256D34021F6
:10A130004846E0F720F90028F9D040214846E0F7EA
:10A1400021F9002239464846E0F753F8EE862E867C
:10A15000BDE8F05F0220FBF74DB940F22551E04821
:10A16000E0F714F9012832D0DFF8749340F2277732
:10A1700039464846E0F70AF901286BD1D54D6C7590
:10A18000D8480470D8F80000401CC8F800006A8E57
:10A19000501C6886D448815C4846E0F77FF810F090
:10A1A000D0FB698EA88D814254D340214846E0F708
:10A1B000E2F80028F9D0002239464846E0F719F8BD
:10A1C0006E86AE85BDE8F05F0020FBF713B9C74887
:10A1D00004703868401C386002E090E03AE010E11A
:10A1E000DFF8F08208F16E08B8F8000008B9A8F8A6
:10A1F0000050B84FB8F80000BD4CB7F84210884284
:10A2000012D92021B648E0F7BDF840F22551B448F4
:10A21000E0F7DCF8B248E0F745F8B7F842104A1C1E
:10A22000A7F84220605402E00020FBF7E3F8B7F8FB
:10A230004200012810D0032814D004281CD007287D
:10A2400028D00E2840D0798C884203D3022038745D
:10A25000A7F84260BDE8F09F7D84A8F80050F87D23
:10A26000F874F7E76078192801D106217984FF286E
:10A27000F0D1A7F82290EDE7E078A17800EB01207B
:10A280000A28E7D160780628E4D1A7F822A0F87D53
:10A29000F874DFE76078032809D0062807D0012882
:10A2A00005D0052803D0102804D07D84D2E7A7F874
:10A2B00022B0CFE76179092000EB410078848D4816
:10A2C00080790830F874C5E76078FF28C2D1607AD9
:10A2D000642802D2A7F82290BCE7617B207B01F0C2
:10A2E000010100EB0121E07AA27A801A401C484368
:10A2F00010307884A8F800006420F874AAE7DFF82A
:10A30000F8910D464846E0F741F8012832D040F276
:10A31000277739464846E0F739F801289AD1D8F826
:10A320000400401CC8F804006A4DAC757348047002
:10A33000AA8E501CA8867248815C4846DFF7AEFFA3
:10A34000A98EE88D814285D340214846E0F713F875
:10A350000028F9D040214846E0F714F80022394699
:10A360004846DFF746FFAE86EE85BDE8F05F012088
:10A37000FBF740B87868401C786062480470554C20
:10A38000614EB4F84400B0F5F97F11D82021484659
:10A39000DFF7F8FF29464846E0F718F84846DFF7A8
:10A3A00081FFB4F844104A1CA4F84420705402E021
:10A3B0000120FBF71FF8B4F84400012809D0042855
:10A3C0000AD0072814D0A18C884285D3022060745B
:10A3D00040E7A4F824B03DE7F078B17800EB012025
:10A3E0000A288BD17078062888D1A4F824A031E7F8
:10A3F00070781028ECD17179092000EB4100A0841D
:10A4000028E7B868401CB86040480470DFF8C48092
:10A4100008F16E08B8F8040008B9A8F804502D4FE8
:10A42000B8F804003A4C398F884207D92848DFF73A
:10A4300039FF398F4A1C3A87605402E00220FAF74C
:10A44000D9FF20212648DFF79DFF40F225512448FF
:10A45000DFF7BCFF388F01280ED0032812D0042864
:10A460001AD0072826D00E285FD0F98B8842AFD1AA
:10A47000022038713E87EDE6FD83F87D3875A8F837
:10A480000450E7E66078192801D10621F983FF28F6
:10A490009ED10E20F883DDE6E078A17800EB012064
:10A4A0000A2895D16078062892D1A7F81EA0F87DD9
:10A4B0003875CFE6607803282CD006282AD00128EA
:10A4C00028D0052826D0102827D0FD83C2E600001A
:10A4D000004800405803006039040060B848046038
:10A4E0000038014035040060D0440460340400604A
:10A4F000B84D0460A051046000440040370400607F
:10A50000C446046036040060AC4F04603804006048
:10A51000AC4A0460A7F81EB09CE6A0790930F88325
:10A52000FB4880790830387594E66078FF28A2D11E
:10A53000607A642802D2A7F81E908BE6617B207BAC
:10A5400001F0010100EB0121E07AA27A801A401C9F
:10A5500048431030F883A8F804006420387579E681
:10A560002DE9F0470026DFF8AC83EB4F0125EB4CDB
:10A5700040F2255A40F2277902280CD0002852D107
:10A5800010F0DFF95146DFF898A35046DFF7FEFEE2
:10A5900001284AD057E010F0D4F95146DFF884A3DF
:10A5A0005046DFF7F3FE01280DD1DF480570504615
:10A5B000DFF778FEC1B2DD480FF025FED8F80800BD
:10A5C000401CC8F80800C846D14641464846DFF757
:10A5D000DDFE012827D110F0B4F9E28E501CE08690
:10A5E000D348815C4846DFF759FEE08E218E8842D1
:10A5F00013D340214846DFF7BEFE0028F9D04021A2
:10A600004846DFF7BFFE002241464846DFF7F1FD2E
:10A61000E68626860220FAF7EDFE6571C5480570CC
:10A62000B868401CB860BDE8F087C3480570D8F82A
:10A630000000401CC8F800005046DFF733FEC1B2EE
:10A64000BA480FF0E0FDC846D14641464846DFF71C
:10A650009DFE0128E7D110F074F9628E501C6086CF
:10A66000B648815C4846DFF719FE608EA18D8842AE
:10A6700013D340214846DFF77EFE0028F9D0402161
:10A680004846DFF77FFE002241464846DFF7B1FD2E
:10A690006686A6850020FAF7ADFE6575A8480570A8
:10A6A0003868401C3860BEE72DE9F05FA54F994D32
:10A6B000DFF8649297F824000126984C4FF00008C8
:10A6C00040F225514FF0020B40F2277A002807D0C4
:10A6D00002283DD19348DFF759FE01287ED0BDE026
:10A6E0008F48DFF753FE012833D08D4D5146284661
:10A6F000DFF74CFE01282BD1628E501C60868F48FC
:10A70000815C2846DFF7CAFD10F01BF9608EA18D31
:10A71000884215D340212846DFF72DFE0028F9D0C6
:10A7200040212846DFF72EFE002251462846DFF75B
:10A7300060FDA4F83280A4F82C800020FAF75AFEBD
:10A7400066757F480670D9F80000401CC9F8000003
:10A7500080E5794806702868401C2860B4F84200FB
:10A76000794DB0F5F97F09D86D48DFF79BFDB4F856
:10A7700042104A1CA4F84220685402E00020FAF774
:10A7800039FE97F84E000028E2D1B4F842000628BE
:10A7900005D12978FF2902D16978192907D008281D
:10A7A000D6D169780329D3D1E9790029D0D0801E88
:10A7B000C1B26548FAF757FEB4F842102944891E21
:10A7C0004A78097802EB01218142C1D187F828B08B
:10A7D000F8F7EDF8BDE8F05F002000E001E0FAF7DF
:10A7E00009BE51480670A868401CA860208F574DCC
:10A7F000B0F5FA7F07D24B48DFF754FD218F4A1C92
:10A800002287685402E00220FAF7F4FD97F84E0020
:10A8100020BB208F062805D12978FF2902D169782D
:10A82000192906D0082819D16978032916D1E979A0
:10A83000A1B1801EC1B24548FAF715FE218F294407
:10A84000891E4A78097802EB0121814206D187F8F6
:10A850002AB0F8F7ACF80220FAF7CCFD314D51469A
:10A860002846DFF793FD01288ED1E28E501CE0864A
:10A870002F48815C2846DFF711FD10F062F8E08E6A
:10A88000218E884215D340212846DFF774FD002829
:10A89000F9D040212846DFF775FD002251462846B1
:10A8A000DFF7A7FCA4F83680A4F830800220FAF77E
:10A8B000A1FD66711F480670D9F80800401CC9F850
:10A8C0000800C7E41F49022291F82A00022806D096
:10A8D000012808D0092806D081F82420E4E681F870
:10A8E0002620FFF7B0BB02203AE6164991F829006E
:10A8F000072809D040B1082806D0022806D1012037
:10A9000081F82600FFF79FBBFFF71FBB70470000D1
:10A91000A0510460741E0460801E0460580300602F
:10A92000003801400048004038040060DC19056030
:10A93000B84804603904006034040060D044046006
:10A9400035040060B24C0460B84D0460AC4A046049
:10A950004149002291F82800022806D0012808D099
:10A96000092806D081F824209EE681F82620FFF7EA
:10A970006ABB0020F4E53948807BC7E7C6E770B5BD
:10A98000354890F82300012801D005285ED1324CCB
:10A99000324D123C2088B0F5165F01D10520687356
:10A9A000012007F0BCFF687B05284FD1A078012863
:10A9B0004CD1E1780A2903D20122201DFAF76BFD60
:10A9C0002079522842D101220D210020FFF72CFAD4
:10A9D00001216420FFF770FA10F0FF0F36D02049F4
:10A9E000C87A0D2832D1087B0A282FD10878772819
:10A9F0002CD148786E2829D188781A4A30385043AB
:10AA0000CA7840F63543303A5A4300EB421208798F
:10AA100040F271233038584302EB00124879303845
:10AA200000EB4003C3EBC01002EBC002C879303822
:10AA300000EBC00303EB001002EB8002087A303811
:10AA400000EB800002EB4000C4F80E0070BD02482D
:10AA500090F823005AE70000B24C046058030060ED
:10AA60009453046040420F0070B5FE4C0025A0785E
:10AA7000012805D1A570608B052801D205206083CF
:10AA8000A078022806D10120F4F768FBA570F4F73E
:10AA9000FAFD6583608B002808D0401E80B2608379
:10AAA000002803D1BDE87040F4F7EDBD70BD2DE97D
:10AAB000F04F8DB06621EC4814F087FC0024DFF8DD
:10AAC000A8A320460AEB040107F0BAFE641CE4B216
:10AAD000042CF6D300240DF1040909EB040104F160
:10AAE000A30007F0ADFE641CE4B2042CF5D39DF87E
:10AAF00004009DF805109DF8072000EB01209DF84B
:10AB00000610090401EB02610844D8490860421CA0
:10AB100002D0B0F5800F0ED39AF800009AF8012009
:10AB20009AF8033000EB02209AF80220120402EB9C
:10AB30000362104408600AF10701082007F080FE54
:10AB4000002409EB040104F1A70007F079FE641C5E
:10AB5000E4B2042CF5D30AF10401062007F070FEDC
:10AB60009AF804000126FF2800D028B931468AF857
:10AB70000460062007F073FEBD499AF804000870CF
:10AB8000B9492020273107F05BFE9AF827000025FD
:10AB9000012801D98AF82750B649212007F050FE34
:10ABA000B4480178012904D905700021212007F05B
:10ABB00056FEAD492E200E3107F042FE9AF80E00E7
:10ABC000022805D38AF80E5000212E2007F047FEF8
:10ABD000A44926200A3107F033FEA3490E20233171
:10ABE00007F02EFE9AF823000E2801D98AF8236078
:10ABF000A14864210180C82141804FF49671818071
:10AC00004FF4C871C1804FF4FA7101814FF416718D
:10AC100041814FF42F7181814FF44871C1814FF40C
:10AC2000617101824FF47A7141828F490F200A319C
:10AC300007F006FE9AF80A0006274FF005083128AB
:10AC400011D39AF82300012804D0022805D0042843
:10AC500006D008E08AF8238005E08AF8237002E035
:10AC600007208AF823009AF823008449844A01289F
:10AC700075D0052873D00423022874D0062872D01A
:10AC8000032873D00A2868D0002867D004287DD014
:10AC900007287BD00C287AD0092879D00B2878D0C7
:10ACA0000E2877D015700D709AF80E0018B1012893
:10ACB00001D08AF80E5000240AEB040B0BF10F01AF
:10ACC00004F12F0007F0BCFD0BF1190104F1330072
:10ACD00007F0B6FD0BF11D0104F1370007F0B0FDE0
:10ACE000641CE4B2042CE7D300240AEB0401133102
:10ACF00004F1280007F0A4FD641CE4B2062CF4D390
:10AD00009AF8130010B300249AF81810282007F0BE
:10AD1000A6FD9AF81710292007F0A1FD9AF8161041
:10AD20002A2007F09CFD9AF815102B2007F097FDBC
:10AD30009AF814102C2007F092FD9AF813102D2089
:10AD400007F08DFD641CE4B2062CDDD39AF80F00E9
:10AD500080B358E003E006E008E023E026E00C20A2
:10AD600008701070A0E70F7013709DE70B70022041
:10AD70001070444890F8D7306BB10323137090F8EB
:10AD8000040158B11078401C10708DE713E016E0F4
:10AD900019E01CE01FE081F80080F0E70878401C13
:10ADA000087081E70E70022010707DE70A2008709D
:10ADB000157079E713E008200870177074E70F70BA
:10ADC00082F8008070E781F8008013706CE781F8EA
:10ADD0000080137068E707200870137064E79AF822
:10ADE000100080B99AF8110068B99AF8120050B9A9
:10ADF000C0208AF80F00A8208AF810008AF81150A5
:10AE000003208AF812009AF82A00012807D009289E
:10AE100005D09AF82800012801D0092801D11A4844
:10AE2000067001A93D2007F00BFD09F101013C204E
:10AE300007F006FD9DF804009DF8051000EB0120C9
:10AE400080B2AAF821004FF6FF7B584500D008BB1E
:10AE50004FF4FB71AAF821103D2007F000FDBAF86D
:10AE6000210013E0D4030060B24C0460880200604B
:10AE7000A102006053040060EE5604609D02006071
:10AE80009E020060112A0560CC070060010A3C2088
:10AE900007F0E5FC01A9C82007F0D2FC09F1010187
:10AEA000C92007F0CDFC8AF85250FE49BF2007F0B8
:10AEB000C7FCFC49C020891C07F0C2FC9AF851006D
:10AEC000022805D98AF851500021BF2007F0C7FC9D
:10AED0009AF85300022805D98AF853500021C0205F
:10AEE00007F0BDFC8AF85550EE49C420C91C07F094
:10AEF000A7FCEC49C520491D07F0A2FC9AF85400B4
:10AF0000022805D98AF854500021C42007F0A7FC74
:10AF10009AF85600022805D98AF856500021C52013
:10AF200007F09DFC9DF804009DF8051000EB012042
:10AF300080B2AAF84900584502D008B1FF280CD1C8
:10AF40004BF6C021AAF84910C82007F088FCBAF8CF
:10AF50004900010AC92007F082FCD249C720083104
:10AF600007F06EFC9AF85900FF2801D18AF8595071
:10AF7000CC491D20293907F063FC9AF8280068B1F4
:10AF800002280BD0072809D0012807D0092805D0AE
:10AF90008AF8285000211D2007F061FCC1491E20BD
:10AFA000283907F04DFC9AF8290058B1022809D039
:10AFB000072807D0082805D08AF8295000211E202C
:10AFC00007F04DFCB7491F20273907F039FC9AF8E4
:10AFD0002A0068B102280BD0072809D0012807D021
:10AFE000092805D08AF82A5000211F2007F037FCD5
:10AFF000AC492220103907F023FC9AF84100FF28C1
:10B0000001D18AF841809AF8230020B19AF82810DB
:10B01000FF2938D03AE08AF829509AF8280048B138
:10B02000022807D0012805D08AF8285000211F20C7
:10B0300007F015FC9AF82A0068B102280BD00728FF
:10B0400009D0012807D0092805D08AF82A50002104
:10B050001F2007F004FC9448077094480570944939
:10B06000532007F0EDFB92480178FF2904D13946BF
:10B070000770532007F0F3FB002007F050FC02207C
:10B0800007F04DFC1FE002218AF828109AF82910D9
:10B09000FF2901D18AF829509AF82A10FF2902D1F4
:10B0A00007218AF82A109AF82910072901D1814A24
:10B0B0001570052801D0062805D17F4807292CD016
:10B0C00059B3C0F88C510020AAF82B0000240DF1D0
:10B0D000040A3E200AEB440500EB4408294640469A
:10B0E00007F0AEFB3F2000EB4409691C484607F01F
:10B0F000A7FB68781AF814106A4A00EB012081B2A5
:10B10000513A601C02EB40058246A5F82B10A1F5D0
:10B110007F40FF3804D019B113E0C0F88C61D2E74A
:10B12000DFF898B13BF81400010A404607F097FB9E
:10B130001BF81410484607F092FB3BF81400A5F8E2
:10B140002B000AF0FF04092CC1D903F096F85549E9
:10B150009A200D3907F074FB52499B200C3907F0F7
:10B160006FFB504C0025513C84F8465004F14701D8
:10B170000A2007F065FB94F84700FF2805D184F802
:10B18000476001210A2007F06AFB4D49042007F0BF
:10B1900057FB4B480178032904D90321017004208F
:10B1A00007F05DFB01A91B2007F04AFB0DF1040924
:10B1B0000DF105011C2007F043FB9DF804009DF8EC
:10B1C000051000EB01203F4980B208804FF6FF7B5D
:10B1D000584509D10A2008800A211B2007F03FFBAF
:10B1E00000211C2007F03BFB3149532007F028FBCE
:10B1F0002F480178FF2904D139460770532007F002
:10B200002EFB2949092007F01BFB27480178FF295D
:10B2100004D139460770092007F021FB2349522049
:10B2200007F00EFB21480178FF2904D13946077049
:10B23000522007F014FB012007F071FB022007F0F9
:10B240006EFB002007F06BFB1648513890F8230086
:10B250000A2807D1012007F062FB12490820513962
:10B2600081F82900002409EB0401884604F1B300A9
:10B270001831074607F0E4FA98F81800FF2805D1BE
:10B280000021384607F0EBFA88F81850641CE4B245
:10B290000C2CE8D30024DFF830A0542000EB440746
:10B2A00001A913E0034D04606403006065030060BE
:10B2B00066030060FB02006000002242EE5604605C
:10B2C0008C0100609401006098D00160384607F05E
:10B2D000B7FA552000EB440809F10101404607F098
:10B2E000AFFA9DF805009DF8041000EB01205845C9
:10B2F0000AD14AF834503846002107F0B0FA4046E7
:10B30000002107F0ACFA01E04AF8340009EB04012F
:10B310005AF83400097E01F00F0100EB01404AF8B1
:10B320003400641CE4B20C2CB7D300243746CB465F
:10B330006C2000EB440801A9404607F081FA6D201B
:10B3400000EB44090BF10101484607F079FA9DF83A
:10B3500005009DF8041007EB440600EB01204AF8B5
:10B360002600A0F57F41FF3908D14AF82650404613
:10B3700007F075FA4846002107F071FA0BEB04015B
:10B380005AF82600097E090900EB01404AF8260018
:10B39000641CE4B20C2CCBD301A90D2007F050FAA9
:10B3A0000BF101010C2007F04BFA9DF805009DF808
:10B3B00004104FF6FF7600EB0120B0420DD1FF4C98
:10B3C0004FF4487121800D2007F049FAB4F90000CC
:10B3D000C0F30F210C2007F042FAF949192007F0B9
:10B3E0002FFAF7480178012904D9057000211920A6
:10B3F00007F035FAF349072007F022FADFF8C48393
:10B40000A8F1480898F84800FF2805D188F8487046
:10B410000121072007F023FA98F84800052802D9EF
:10B42000022088F84800E8499C2007F009FAE6491C
:10B43000087808B1FF2809D198F8120008B10870FF
:10B4400000E00F7009789C2007F009FA01A9E720B5
:10B4500007F0F6F90BF10101E62007F0F1F99DF88C
:10B4600004009DF8051000EB012080B2A8F842000E
:10B4700058B93146A8F84260E72007F0F0F9B8F86B
:10B480004200010AE62007F0EAF901A9162007F0B8
:10B49000D7F90BF10101152007F0D2F99DF804004E
:10B4A0009DF80510C94C00EB012080B2208008B146
:10B4B000B04209D139462780162007F0D0F92088FC
:10B4C000010A152007F0CBF9C149172007F0B8F998
:10B4D000BF480178FF2904D129460570172007F0DD
:10B4E000BEF9B849D620C91D07F0AAF9B549CB2045
:10B4F000083107F0A5F998F85000FF2805D1294632
:10B5000088F85050CB2007F0AAF900240BEB040177
:10B5100004F1AB0007F094F9641CE4B2042CF5D3F9
:10B520009DF804009DF805109DF8072000EB012010
:10B530009DF80610090401EB02610844A549086062
:10B5400001A9AF2007F07CF90BF10101E12007F020
:10B5500077F99DF804009DF8051000EB01209E4945
:10B56000088001A9B02007F06BF90BF10101B120AF
:10B5700007F066F99DF804009DF8051000EB012026
:10B5800080B2A8F84B00B04200D060B940F2FF3161
:10B59000A8F84B10B02007F062F9B8F84B00010A88
:10B5A000B12007F05CF901A9CC2007F049F90BF1B3
:10B5B0000101CD2007F044F99DF804009DF8051025
:10B5C000864C00EB012080B22080B0420AD142F2CA
:10B5D00010712180CC2007F042F92088010ACD208B
:10B5E00007F03DF97749B220891D07F029F998F84D
:10B5F0004E00FF2805D1294688F84E50B22007F0AA
:10B600002EF977499D2007F01BF9754A1078FF281D
:10B6100001D0012804D8FE2111709D2007F01FF9E8
:10B620007049D12007F00CF96E4C2078553810285D
:10B6300036D801A9D22007F003F90BF10101D3207C
:10B6400007F0FEF80BF10201D42007F0F9F80BF136
:10B650000301D52007F0F4F89DF804009DF80510CB
:10B660009DF8072000EB01209DF80610090401EB6E
:10B6700002610844C4F80100B04211D1C4F801507D
:10B680000021D22007F0EBF80021D32007F0E7F8E3
:10B690000021D42007F0E3F80021D52007F0DFF8DF
:10B6A00001A9122007F0CCF80BF10101132007F0DB
:10B6B000C7F89DF804009DF8051000EBC00202EBEE
:10B6C000001001EB8001A1F5C050A23807D03F2146
:10B6D000122007F0C4F80621132007F0C0F83949FA
:10B6E000E2201A3107F0ACF898F86200FF2800D089
:10B6F00010B9032088F862003249E3201B3107F0BB
:10B700009FF898F86300FF2800D010B90E2088F841
:10B7100063002C49E4201C3107F092F898F864008B
:10B72000FF2802D098F8620010B90B2088F8640056
:10B730002449E5201D3107F083F898F86500FF28BB
:10B7400000D010B9072088F86500E5F763FD01A96E
:10B75000182007F075F824499DF80400A1F862004C
:10B7600001A9E82007F06CF80DB0BDE8F08F2DE9D5
:10B77000F0414FF4FB713D2007F071F801213C20AE
:10B7800007F06DF80121062007F069F8012120205B
:10B7900007F065F80021BF2007F061F80021C02004
:10B7A00007F05DF80021C42007F059F80021C520FA
:10B7B00007F055F800219A2018E00000920300607D
:10B7C00061030060FA4C046067020060940300604B
:10B7D000630300608C020060BE01006082030060B1
:10B7E00066020060C00300607C5B046007F037F80D
:10B7F00000219B2007F033F80024542555266C27A0
:10B800004FF06D08002104F1B30007F028F805EBB4
:10B810004400002107F023F806EB4400002107F064
:10B820001EF807EB4400002107F019F808EB44006C
:10B83000002107F014F8641CE4B20C2CE2D30021C0
:10B84000222007F00CF8FE219D2007F008F80021C7
:10B85000C72007F004F8F3F707F872B6DFF7ECFA41
:10B860000024FE4D05EBC420DFF713FB641CE4B29B
:10B87000402CF7D3DFF7E6FA62B60020F84A012140
:10B880001154401CC0B21A28FAD3F6480222827022
:10B89000C174BDE8F08110B5F34908200AF08BFAB5
:10B8A000F24900200AF087FAF1480AF081FAF149DA
:10B8B0000C200AF077FAF0490E200AF073FAEF49EB
:10B8C0000F200AF06FFABDE81040ED4910200AF091
:10B8D00069BA10B5EB480146027848788978002AA1
:10B8E00001D100B9D9B1FF2A03D1FF2801D1FF2925
:10B8F00015D0E448E8F795FB0DF044FAFFF7CBFFCD
:10B90000E14800680DF045FA0AF007F84FF0FF3003
:10B91000E9F71EFBDD480078012824D025E0DC4C47
:10B9200094F82300012806D0052804D0022806D068
:10B93000062804D006E0D7A0E8F773FB02E0D7A002
:10B94000E8F76FFB94F82300032801D0072802D101
:10B95000D4A0E8F766FB94F823000828CCD1D3A044
:10B96000E8F75FFBC8E70CF081FDD24908200870BA
:10B97000D14904200870D14905200870D04903201E
:10B980000870E8F755FDE8F77EFDBDE81040E8F7E0
:10B99000A5BDB44901208883704786B0DFF824A391
:10B9A0004FF001088AF8438000200DF075FEDFF8A3
:10B9B0001893002489F80040B54DC44E95F82A002C
:10B9C000012808D0092806D095F82800012808D0B9
:10B9D000092806D00AE002200EF090FF86F80080C9
:10B9E00004E000200EF08AFF86F800809D4EB483AC
:10B9F00095F82A00092803D095F82800092802D1D3
:10BA0000B34880F80080B34F3C70B348047074733F
:10BA10003484DFF8C8B2AB49C889401CC88107200C
:10BA2000F0729B4D95F8280009280CD001280AD007
:10BA300095F82A00092806D0012804D041F2883060
:10BA4000E2F736F8E7E70520E0F76BFDB08B42F64A
:10BA5000E061B0FBF1F201FB120141B195F82A104F
:10BA6000092916D095F82810092912D0C1E095F8B7
:10BA70002300401F03280AD895F82A00092803D07C
:10BA800095F82800092802D1914880F80080B483F5
:10BA9000AFE0C821B0FBF1F201FB120000287CD11D
:10BAA0003878012818D099F80000C0EBC0018C4804
:10BAB00000EB8100817E491CC9B281760A2901D937
:10BAC0008476C472874899F800100078814225D2A4
:10BAD000491C89F8001023E099F80000DFF800A263
:10BAE000C0EBC0000AEB80000023C17880786A4672
:10BAF000F3F704F9401C07D09DF8000005222B2124
:10BB0000484379490844C27499F80000C0EBC0006A
:10BB10000AEB8000847680F80B80D3E789F8004038
:10BB200099F80010814239D170799BF80010884251
:10BB30002AD22B22DFF8B0A100FB02F151448A7C0B
:10BB4000B2B9D1F805209AB94A7D521C4A753C70A9
:10BB5000E9F7EAF865497079087002E0C820E1F772
:10BB6000A7FF387820B928466D1CEDB21428F5D30C
:10BB700070792B2100FB01A0417D052904D90168C2
:10BB8000C0F80510447584727079401CC0B27071A1
:10BB90009BF8001088422CD974712AE0F8B195F80E
:10BBA0002A00092803D095F82800092821D13C70E3
:10BBB0004B4DC1EBC10005EB800000944C4A037D66
:10BBC000B0F81710407D1278F0F761FB002807DB12
:10BBD00099F80010C1EBC10105EB8101487608E03E
:10BBE00099F80000C0EBC00005EB8000817E491C85
:10BBF0008176B08B401CB083707B00287FF422AF2D
:10BC0000304900234FF416727A3101A800940DF0E8
:10BC100093F80246002A3FF415AF2A4900237A31EF
:10BC200001A80EF0ADFBF6E62DE9F04F89B00D4E00
:10BC30000025308BB0F5616F0FD2401C3083DFF8E8
:10BC4000B4B02D481F4C31789BF8002003780DF1DB
:10BC50000C095A344FF0010A50E0B5E00000060824
:10BC6000A4B50360D4030060D9A60308ADA20308FD
:10BC7000A9A80308F1A5030827B6030821A703080C
:10BC8000F9B80308B47803608802006063030060B9
:10BC9000B24C046054332D424200000054332D4C0A
:10BCA0004200000054332D544200000054332D4E06
:10BCB00042000000D4070060D2070060E207006085
:10BCC000E30700608856046046030060CC0700600C
:10BCD000CD0700604D030060570200606C020060F9
:10BCE000887F03606A020060889B036047030060EE
:10BCF00067020060E8020060F30200604FF0150880
:10BD00004FF6FF77914202D1717899421FD0F8A186
:10BD100003A814F01BFE0220207029466570C4F8A9
:10BD200002904A4684F806A084F807802181678142
:10BD3000CDE9008101230297F4F709FA9BF800008E
:10BD40003070EF4800787070012009B00DE5ED49C2
:10BD5000326D706A4B6D904202D1B06A984218D031
:10BD60007262B362E8A103A814F0F0FD0320207012
:10BD700029466570C4F8029084F806A084F807800C
:10BD800021816781CDE9008101234A460297F4F7BA
:10BD9000DEF906F071FDE04AE0A103A814F0D6FD3B
:10BDA0000420207029466570C4F802904A4684F841
:10BDB00006A084F8078021816781CDE900810123F5
:10BDC0000297F4F7C4F904E0F4F78DF9F4F737FBC0
:10BDD00035830020B9E7CB4C002020706070606292
:10BDE000A0622083A073E073E062CD4D012685F848
:10BDF0003D606083A070CB4FFA20E0F792FB28886B
:10BE000008B9DCF79EFF6888401C6880E672A0795C
:10BE100080070DD1E5F77FFB01F0F8FD97F82300CF
:10BE2000012801D0052801D1FFF7FEFEDFF75FFDF5
:10BE3000A079401CA071DFE72DE9F041BA48BB4D65
:10BE40000068010C29876887B9490968081AB0F5A4
:10BE5000616F04D3E88C401CE884E4F76BFBA94CC9
:10BE60000026B44F616B206D4FF03C08814202D038
:10BE70006063A67511E0217A491CC9B221720A29B2
:10BE80000BD348B1688C401C6884E4F753FBA7F8D7
:10BE90000080A07D401CA0752672216B606D8142E0
:10BEA00002D02063A67511E0617A491CC9B26172A3
:10BEB00064290BD348B1A88C401CA884E4F73AFB52
:10BEC000A7F80080A07D401CA07566723888A5F890
:10BED0005600411E398006D2E4F72CFBA7F80080FB
:10BEE000A07D401CA075A07D052807D3A675206DF8
:10BEF000002803D0BDE8F041F9F783BBC9E40EB5D3
:10BF0000804D00242C75AC74EC742C746C74DFF8C8
:10BF100010924FF0010889F84A80EC702C71EC8384
:10BF2000854800680CF035FF82494FF41670088090
:10BF3000DFF808A27B4F4FF00A0B4FF47A70E0F75E
:10BF4000F0FAB9F81C00401CA9F81C000E20E87299
:10BF5000EBF78CF87A4E3078012804D0022807D00D
:10BF600003280AD00DE0002006F0D9FC347008E068
:10BF7000012006F0D4FC347003E0022006F0CFFC70
:10BF800034706A4A286D1082696D51826D4A904200
:10BF900001D8914201D92C656C65F2F74DFFEFF79E
:10BFA000FBFDFFF749FFB7F84900E1F778FE664E61
:10BFB000307958B9B078022808D1707830B95C4827
:10BFC0000068B0F5616F01D9F9F71BFBF9F787F944
:10BFD000E6F7C5F9F8F727F9E8F76AFDEBF75BF83C
:10BFE0005A49087808B1401E0870F2F7E6FD97F844
:10BFF000230001280DD005280BD0022809D00628DF
:10C0000007D0042805D0072803D0032801D008282A
:10C0100029D1E98BB1F5966F25D24D4A1278012AC4
:10C0200021D1491C89B2E983B1FBFBF20BFB121150
:10C03000C9B9022801D0062806D1DAF80000E0F7D5
:10C040001BFB0120DEF7FAFC04F00AF897F8230046
:10C05000022801D0062806D10020DEF7EFFCDAF82E
:10C060000000E0F75BFBEEF7DFFAE87C012801D186
:10C07000F9F7BAFA287B01280DD130787178CDE92B
:10C0800001040091B378F2787179B079DFF738FC68
:10C09000DFF72DFC2C73F9F708F997F84700022811
:10C0A0006AD1E879401CE871E5F725FD287CF0B9F4
:10C0B000E5F78EFC052809D0687C05284CD2E87984
:10C0C000B0FBFBF10BFB110058B148E085F8108084
:10C0D00020483168016071684160318901816C7468
:10C0E0003DE0E5F7FEFC687C401C687437E036E014
:10C0F00044423A202575204F4E3A20257500000015
:10C10000F3020060D403006052583A256C75205445
:10C11000583A256C7500000002CA046025730000BF
:10C1200088560460B24C0460280100607C5B0460A7
:10C13000A403006096030060880200604804006069
:10C140005B0300603F420F00F81700605702006079
:10C15000740400602CB802606C7485F81080FE488E
:10C16000E9790088C0EB0010B1EB800F04D9E5F746
:10C17000B8FCEC712C746C74E87801280CD1287927
:10C18000401CC0B22871052806D9F4480068E0F7C1
:10C19000C5FA0220E8702C71687D3C2802D2401C50
:10C1A000687502E06C75E9F760FBA87C012802D194
:10C1B000FFF7DDFAAC74002009EB000191F83C2098
:10C1C000012A0DD109EB40031A88DE8BB24203D05D
:10C1D000DA8381F84B4003E011F84B2F521C0A70B0
:10C1E00099F84B10142903D989F84B4085F813802E
:10C1F000401CC0B20F28DFD3FEF736FC9DE610B519
:10C2000045F25550DCF794FD0520DCF794FD4FF422
:10C210007A60DCF793FDDCF794FDBDE81040DCF7B5
:10C2200095BD38B501210D20DCF7C3FE0121CC48B6
:10C23000DCF72CFD4FF4C044ADF8004010208DF821
:10C24000030003208DF80200C64D69462846DCF73E
:10C250008CFC21462846DCF7F9FC38BD08B50121E5
:10C260008020DCF7A6FE8020ADF8000003208DF8CA
:10C27000020010208DF803006946BB48DCF775FC0E
:10C2800008BD2DE9FE4FB94800240460B8490803F1
:10C29000DCF71FF9FFF7C5FF4FF4A060DCF7E4F807
:10C2A00001212020DCF785FE4820E1F7CDFB06F0D8
:10C2B000C5FA0020AF4921F81040401C80B2322856
:10C2C000F9D301F085FD4FF4E130E1F733FA27208F
:10C2D000DEF7DCFAA84DA94E552836D00021DB2028
:10C2E00006F0BDFA0021DC2006F0B9FA0021DD20BD
:10C2F00006F0B5FA0021DE2006F0B1FA2C6000212C
:10C300002720DEF7E4FA9E49262006F099FA9B4999
:10C310000E20233106F094FA96F82300994FDFF8A7
:10C320006882012504283ED007283CD00C283AD04A
:10C33000082838D0C8F88851FFF790FF96F82300F6
:10C34000022835D0062833D036E002A9DB2006F0DB
:10C3500077FA02AF791CDC2006F072FAB91CDD20F6
:10C3600006F06EFAF91CDE2006F06AFA83490F2007
:10C370000A3106F065FA9DF808009DF809109DF84D
:10C380000B2000EB01209DF80A10090401EB02616B
:10C3900008442860B17A422902D20A302860AEE708
:10C3A000C01C2860ABE7C7F8A05102F067FFC5E7E3
:10C3B000C8F88451C7F88C4174A014F0B7FADFF7BD
:10C3C00003FB5A21744813F000F8F2F74DFAFEF718
:10C3D0006EFB96F823004FF6FF774FF01508012803
:10C3E00001D9052817D1F3F77EFEF4F717F8F4F713
:10C3F000BAF8CDE900840021012368A2084602971B
:10C40000F3F7A5FECDE90084012369A200211846B7
:10C410000297F3F79CFE96F82310DFF8A4A14FF4DF
:10C42000FA79012908D0052906D002290CD006295D
:10C430000AD0032910D021E0CAF89C41484606F0F2
:10C4400014FACAF89C5119E0CAF89C41484606F013
:10C450000CFACAF89C5111E0F079072807D3CAF802
:10C460009C41484606F001FACAF89C5106E0CAF819
:10C470009C51484606F0F9F9CAF89C41F4F70AF9CC
:10C48000F6F7DDFBF2F7B0FFF3F793FBF5F7E3FE0A
:10C4900040F2CF216420DEF79DFEDFF828A18AF864
:10C4A000005003F0DDFD9AF80000022806D096F84F
:10C4B0002300012812D9052810D018E096F823008F
:10C4C000012801D9052812D1CDE9008401233EA21B
:10C4D000002103200297F3F73AFE08E0CDE900843B
:10C4E00001233DA2002103200297F3F730FEEFF76E
:10C4F00095F9EDF76AF9F1F79AFFF1F7A5FFFDF766
:10C50000C6FB3A48047001F076FA0A2007F034FAC4
:10C510001B4802213230CDE900104FF4807A00230D
:10C52000524633A1AFF25170DFF756FEFFF7D1F953
:10C530000C20FDF79CFB96F82300012801D9052863
:10C5400008D1CDE9008401232CA200210420029708
:10C55000F3F7FDFD5CE0000094010060180300604B
:10C560000004300000080140001C0140A4030060EA
:10C57000008000087C5B0460A8030060B24C04608B
:10C58000DE03006000802242000022426D696E6975
:10C59000206170700D0A0000885604607374657025
:10C5A000313A204C43442026204B455920000000BE
:10C5B00073746570323A204532204F4B20000000E2
:10C5C000008023427404006073746570343A205311
:10C5D000442045584953540073746570343A2053CD
:10C5E0004420494E4558495354000000F30200606E
:10C5F000436F6D6D6F6E5F7461736B007374657004
:10C60000353A20494E495449414C204F4B000000D7
:10C61000F3F715FF36480023CDE9005040F6B83255
:10C6200034A13748DFF7D8FD96F8231001290CD044
:10C6300005290AD0022908D0062906D0042908D0E5
:10C64000072906D00C2904D00EE0072001F0B2F82B
:10C650000AE0274803210C30CDE9001000234A46A8
:10C6600028A12D48DFF7B8FD2C4C0023CDE900545C
:10C670004FF400722AA13148DFF7AEFDCDE9005436
:10C68000002352462EA13548DFF7A6FD0320F8F718
:10C69000FDFC17480B210838CDE900104FF4006469
:10C6A000002322462EA1AFF60D50DFF795FD10486E
:10C6B0000821001DCDE90010002322462DA132489B
:10C6C000DFF78AFD0A480D210830CDE9001000236C
:10C6D0004FF47A722DA1AFF2D970DFF77DFD0520FE
:10C6E00002F063FDBDE8FE4FE0F7B4B8704700000C
:10C6F0001404006054435049505F7461736B000030
:10C700003D070108726566726573685F6C65645FFA
:10C710007461736B00000000E1FF020848030060D1
:10C720005363616E5F6E6574776F726B5F62616396
:10C730006E65745F5461736B000000006342020811
:10C740005363616E5F6E6574776F726B5F6D6F645C
:10C750006275735F5461736B00000000CB4902087F
:10C760004D61737465725F4E6F64655F7461736B66
:10C77000000000004241435F436F6E74726F6C5F54
:10C780007461736B00000000D36901086D6F6E69FE
:10C79000746F725F7461736B0000000010B50E213E
:10C7A000864B9A7B824202D94FF4AF6010BD491E7E
:10C7B000C9B25C5C224482421CD9101A64225043E4
:10C7C0005A5C90FBF2F0042909D3091F01EBC10266
:10C7D00002EB011100EB8100C0F30E0010BD01EB74
:10C7E000C10202EB011100EB8100C0F5C87040F4FA
:10C7F000004010BD0029DAD148F2E83010BD70B514
:10C8000004461E46002C1AD0012C1BD06C4E022C64
:10C810002DD0032C01D0052C13D1084613F0A8F815
:10C82000314612F0ECFF674912F0B7FF13F0CCF875
:10C8300018282DDC052C27D0032C27D032E08819AE
:10C84000803870BD0846FFF7A9FF010402D5C0F388
:10C850000E0040425C49497A31B100EBC00005212D
:10C8600090FBF1F000F5A0703044803870BD0846B0
:10C8700013F07EF8314612F0C2FF544912F08DFFDA
:10C88000BDE8704013F0A0B801250BE0002509E0D9
:10C890001A2807DB052C02D0032C02D002E0002569
:10C8A00000E00125284670BD10B58021484812F0EF
:10C8B0008CFD47484021803012F087FD44484021DC
:10C8C000C03012F082FDBDE810402021414812F036
:10C8D0007CBD2DE9F047C0EBC00202EB00133E4ADD
:10C8E00002EB430494F82D200F2A41D0192A3FD09F
:10C8F0001D2A3DD0394A527E282A39D84FF6FF7971
:10C90000B1F5806F02D34846BDE8F087DFF8C4C0B8
:10C910002F4FACF180051CF800304FF0000805F1F6
:10C9200040060AB29BB335F910A08A4501D225F81A
:10C93000102036F910A08A4501D926F8102057F8A2
:10C940002020114447F820105B1CDAB20CF80020BC
:10C950000A2A24D30CF8008035F91020891A36F9F8
:10C960001020891A47F82010CA1701EB5271C9101C
:10C97000174D803D55F82030CA1A642A02DA12F1A8
:10C98000640F0EDC03EB620145F8201012E0FFE7B4
:10C9900025F8102026F8102047F82080CFE74846D9
:10C9A000B2E794F9222053431944521C91FBF2F14F
:10C9B00045F8201055F82000A6E70000531D040894
:10C9C00000C07F4400004842B24C04600000C842EE
:10C9D000DC590460DC5A0460511E056036C00260F8
:10C9E00010B5802005F046FFFC4890F82300BDE814
:10C9F000104005F03FBF2DE9F05F82468946F74EB3
:10CA000096F82300022801D0062806D1F448052113
:10CA10000068E0F7B6FC00287ED0504605F02AFFFB
:10CA2000FF2005F027FF09F10200C7B20024ED4DF9
:10CA300005E0FF20DDF7D6FF2855641CE4B2BC42B8
:10CA4000F7D3BAF1250F05D0281910F8021C552983
:10CA500014D017E0A01EC1B2E248F8F704FD29196E
:10CA600011F8022CB2EB102F06D111F8011CC0B244
:10CA7000884201D1002206E0012204E010F8010CF6
:10CA8000AA2804D001222878552802D010E00022DC
:10CA9000F9E7687855280BD1A878552808D1E878A7
:10CAA000552805D12879552802D1FFF799FF012291
:10CAB000CC4CCD4BFC3C4FF001089AB12088401C77
:10CAC000208083F80280D878401CD87096F8230024
:10CAD000022801D006281FD1C1480068BDE8F05FD8
:10CAE000E0F779BB6088401C608000229A70DA70A1
:10CAF000BE4FBAF1230F14D0BAF1240F02D0BAF10D
:10CB0000250FE3D196F82300DFF8E4924FF6FF7A81
:10CB1000DFF8E0B2012800E01CE161D005285FD019
:10CB20009DE096F82300B449032801D000202BE0B3
:10CB300000202C5C21F810408C787C760C79BC7637
:10CB400097F8F64004F0FE0487F8F640401CC0B2A7
:10CB50000428EED383F80180DA75B7E7062809D2F6
:10CB600005EB400C15F810A09CF801C00CEB0A2C4A
:10CB700021F810C091F802C087F819C091F800C0E0
:10CB800087F81AC0401CC0B2B0EB590FE6D34888F2
:10CB90002A2802D3888801280CD097F8F60000F0E4
:10CBA000FE0087F8F600787E58B1BD7E4DB183F85F
:10CBB000018009E097F8F60040F0010087F8F600E0
:10CBC000F1E71625A4F850500C890CB9498901B138
:10CBD0005A70092801D3DA7578E783F8178075E76A
:10CBE000002100202A5C022A00D90121401CC0B289
:10CBF0001828F7D399BB814880F800800024C4EB43
:10CC0000041101EB41014944285D91F9242090422F
:10CC100007D0022805D8285D81F824002046E9F7CE
:10CC2000FDFF641CE4B2182CE9D3002405EB44009A
:10CC3000417E007E01EB002081B22046FFF749FED5
:10CC400080B2504507D0B6F84B10C0EB8020B0FB47
:10CC5000F1F02BF81400641CE4B2202CE6D396F813
:10CC60002300022801D0062845D1002100202A5C9B
:10CC7000022A00D90121401CC0B20A28F7D3D1BB37
:10CC80005E4880F800800024C4EB041000EB4000F4
:10CC90004844295D90F9242091420ED002290CD8F5
:10CCA00096F82310062902D1F179642935D0295D3F
:10CCB00080F824102046E9F7B1FF641CE4B20A2C86
:10CCC000E2D3002405EB4400417E007E01EB00200E
:10CCD00081B22046FFF7FDFD80B2504507D0B6F87F
:10CCE0004B10C0EB8020B0FBF1F02BF81400641C5B
:10CCF000E4B2102CE6D3787E1E28FFF42EAF002479
:10CD0000DFF8FC8096F82300012809D0052807D019
:10CD1000022807D0062805D005E080F82480C9E75E
:10CD20001A2700E00A2705EB840111F8580F4A780A
:10CD300040EA02208A78C978120442EA0161084375
:10CD40000FF0ACF9391948F82100641CE4B2062C44
:10CD5000D8D3BBE6BDE8F09F2DE9F04781460D46EC
:10CD600016461E4FDFF8788097F82300022801D07E
:10CD7000062806D10521D8F80000E0F702FB0028BC
:10CD800040D0484605F076FD002404E0285D05F01B
:10CD900071FD641CE4B2B442F8D3B9F1150F11D09F
:10CDA000552005F067FDAA2005F064FD97F82300E3
:10CDB000022801D0062825D1D8F80000BDE8F047A8
:10CDC000E0F709BA31462846F8F74DFB0446200A39
:10CDD00005F050FDE0B205F04DFDE7E7B24C046010
:10CDE00048020060785C04602C04006036C0026079
:10CDF000112A056036B8026036BA02605504006038
:10CE000008560460BDE8F0872DE9F041FE4CFF4D67
:10CE1000E078A880A17800291AD01E2818D901200E
:10CE2000E8F7C0FEFA48002690F82300052801D054
:10CE300006280BD1F74F3E60642005F018FD012055
:10CE4000386020702675E888401CE880E670A6707F
:10CE5000BDE8F0812DE9F84F00200023EA4919319F
:10CE600091F800E049780091E74AE949157B91F88B
:10CE70002340567B177A92F809C092F8078092F8FF
:10CE8000069092F80AA092F80BB00021012C08D06D
:10CE9000052C06D0022C55D0062C53D0032C7CD068
:10CEA00098E0DB4CE479152C11D30DB102201173FD
:10CEB00016B140F00100517317B140F00800117233
:10CEC000BCF1000F14D040F00400517210E00FB11B
:10CED00002201172BCF1000F02D040F0010051722B
:10CEE00015B140F00800117316B140F00400517301
:10CEF000B8F1000F02D040F02000D171B9F1000F5D
:10CF000002D040F010009171C14C94F82940072CD8
:10CF10000BD0BAF1000F01D002239172BBF1000FC8
:10CF200058D043F00103D17254E0BAF1000F02D09F
:10CF300040F080009172BBF1000F4BD040F04000F8
:10CF4000D17247E00DB10220117316B140F001001B
:10CF50005173B8F1000F02D040F00800D171B9F15F
:10CF6000000F02D040F00400917117B140F0200092
:10CF70001172BCF1000F02D040F010005172BBF1F1
:10CF8000000F02D040F04000D172BAF1000F21D062
:10CF900040F0800091721DE0FFE70DB11020117389
:10CFA00016B140F020005173B8F1000F02D040F0EC
:10CFB0000400D171B9F1000F02D040F00800917166
:10CFC00017B140F001001172BCF1000F02D040F027
:10CFD000020051728C49193108700124704500D04B
:10CFE00094744B700098834200D09474BDE8F88F1D
:10CFF0002DE9FF5F884840882A2802D34FF0040BB0
:10D0000001E04FF0010B824890F8230001280CD07A
:10D0100005280AD002280FD006280DD0042812D0E7
:10D02000072810D00C2822D026E0202001901820BC
:10D0300000904FF00C091FE0102001900A20009092
:10D040004FF0060918E0082001900E2000904FF0E4
:10D050000609724890F8311109B94FF0070990F8A4
:10D060005E0148B909F1010909F0FF0904E00B204C
:10D07000019000904FF006090024644D4FF0050820
:10D0800064354FF0010A00278FE1285D02905F4967
:10D090006348403930F8140031F81410884203D93D
:10D0A000411AC9B2039102E0091AC9B20391C4EB53
:10D0B000C40101EB04125B4901EB420696F82D1006
:10D0C000B9B196F82720B2B196F82800B0B356F857
:10D0D0001E0F0EF0E3FF4FF47A7190FBF1F0F17B3D
:10D0E0000A2973D8002872D00A2871D205F804A042
:10D0F00037E12F5535E196F92820012A01D08AB36E
:10D100002FE10A2932D8CBEB8B1101EBCB11B0EB1D
:10D11000810F01D92F5524E1A7210BFB01F1B0EBC1
:10D12000810F02D905F804A01BE18D210BFB01F151
:10D13000B0EB810F03D90220285512E186E073215C
:10D140000BFB01F1B0EB810F02D90320285508E158
:10D15000CBEBCB0101EB0B11B0EB011F03D904208A
:10D160002855FEE03EE005F80480FAE019290CD0CD
:10D170000F290AD01D2908D00BEBCB0101EB0B11B5
:10D18000B0EB410F0CD22F55EBE02048DC30015DB5
:10D19000012901D02F55E4E005F804800755E0E0AF
:10D1A000B0EBC10F02D205F804A0DAE0B0EB011F2A
:10D1B00002D202202855D4E0CBEB0B1202EB820204
:10D1C000B0EBC20F05D203202855CAE073E05EE041
:10D1D0005FE0B0EB411F02D204202855C1E005F802
:10D1E0000480BEE0A1F10C000A2823D917390729D1
:10D1F00007D801EBC10000EB01110B48405C01288E
:10D2000018D096F8260011E02C0400607C5B0460C6
:10D21000B24C04609C81234236BA0260112A056038
:10D2200036B80260511E0560E2CB026001280AD0C8
:10D230002F5596E096F82600012802D005F80480C4
:10D240008FE02F558DE005F804808AE0A1F10C00F5
:10D250000A2810D91739072907D801EBC10000EBBC
:10D260000111FC48405C012805D096F826000128F1
:10D270000AD02F5575E096F82600012802D005F84F
:10D2800004806EE02F556CE005F8048069E02F55AE
:10D2900067E0142802D20220285562E01E2802D23C
:10D2A000032028555DE0282802D20420285558E0A4
:10D2B00005F8048055E00B2901D0112918D120B1BF
:10D2C000012804D805F804A012E02F5510E0022828
:10D2D00002D802222A550BE0032802D803222A553D
:10D2E00006E0042802D804222A5501E005F804804B
:10D2F0000D2919D1042801D82F5515E0072802D887
:10D3000005F804A010E00A2802D802222A550BE0F2
:10D310000E2802D803222A5506E0122802D8042239
:10D320002A5501E005F80480132901D0102918D1ED
:10D3300020B1022804D805F804A012E02F5510E00F
:10D34000042802D8022028550BE0062802D8032022
:10D35000285506E0082802D80420285501E005F8E1
:10D360000480285D029988420BD00BEBCB0101EBC6
:10D370000B120399B1EB420F03D9B74981F811A001
:10D380000F71B64931F81420B54921F8142000F086
:10D390000F002855B349095D21B1491E40EA01102B
:10D3A000285500E02855641CE4B201988442FFF43B
:10D3B0006CAEAD48AA4D0078C435012801D00020DC
:10D3C0008AE00024DFF8A4B27EE02E5DC4EB0410F6
:10D3D00000EB4001A648084490F92410012903D02D
:10D3E00091B3022962D066E090F9281049B14C450A
:10D3F0000BD2D0F81E000EF051FE20B105F80480CB
:10D4000059E02F5557E02F5555E090F82320012A79
:10D4100014D0A1F10C020A2A3AD91739072907D8E2
:10D4200001EBC10202EB01128A49895C01292FD06C
:10D4300090F82500012834D02F553CE03BF814002B
:10D44000322802D22F5536E02EE0A0F13201962983
:10D4500002D205F804A02EE0A0F1C801C82902D22A
:10D460000220285527E0A0F5C871C82902D2032060
:10D47000285520E0A0F51671C82902D204202855AD
:10D4800019E0A0F54870DF2815D205F8048012E0F5
:10D4900090F82500012802D005F804800BE02F55F4
:10D4A00009E005F8048006E02F5504E090F8280014
:10D4B00008B105F80480285DB04203D0664880F8C2
:10D4C00010A04771641CE4B200988442FFF47DAF61
:10D4D00005E02F54401CC0B200998842F9D3BDE842
:10D4E000FF5FB7E42DE9F04F0127624840882A2802
:10D4F00000D3042700205A4EDFF87C8107EBC701D8
:10D50000DFF878C1DFF854915D4D002401EB07117D
:10D51000DC3616F800A0BAF1010F14D13CF8102047
:10D5200039F810309A420ED0C7EB071B0BEB8B0B70
:10D53000B3EBCB0F07D9B2EB011F04D258F8202070
:10D54000521C48F82020BAF1020F09D148F82040B7
:10D55000C0EBC00202EB001205EB4202C2F81E4013
:10D5600039F810203CF8103002EB011A9A4503D329
:10D5700003EB0113934201D22CF81020401CC0B2DF
:10D580002028C6D30020364BFC33A3F59E72195CCD
:10D59000012914D0C0EBC00101EB001105EB4101E2
:10D5A00091F82D10192918D00F2916D01D2914D043
:10D5B0003454401CC0B22028E9D3BDE8F08F0221CA
:10D5C000315432F81010491C89B222F81010142975
:10D5D000EFD922F810401C54EBE701213154E8E761
:10D5E0009AB0DFF8A0B04FF001088BF844801A4DD4
:10D5F00000242C76DFF868A0DFF88C900AF1C00ACE
:10D60000BBF81000401C80B2ABF810002821B0FB22
:10D61000F1F201FB120008B9FFF764FFFFF7E8FC25
:10D620001A4908200870FFF7EFFB0D4E4036B6F898
:10D63000500037282CD00B2831D0162838D0322073
:10D64000DEF76FFF287890B3287D1E283AD2401C61
:10D650002875D5E7E2CB02602C04006036B8026082
:10D660003C5B0460D12905605504006036B9026056
:10D67000112A056036BA026008560460B6B8026026
:10D68000511E05608856046036C00260DF030060EA
:10D69000552005F0EFF84B20DEF743FFB0E71120EF
:10D6A00005F0E8F84FF4FA70DEF73BFFA8E70DE06D
:10D6B000824F3C60642005F0DAF8C7F80080A6F8D5
:10D6C00050409DE7FFF78CF92C7099E7687850B1CE
:10D6D000287E68B199F819002D2865D3702125207E
:10D6E000FFF789F964E00C212320FFF784F987E72D
:10D6F000B5F81900ADF80400182271490DF10600C3
:10D7000011F04AFE6E49202220390DF11E0011F061
:10D7100043FE99F819600A2E3FD36A4890F8230017
:10D72000012806D0052804D002280BD0062809D0ED
:10D7300010E0DAF83600CDF83E00BAF83A00ADF85D
:10D74000420007E0DAF82600CDF83E00BAF82A00D9
:10D75000ADF84200687D01280DD1A87D411CCFB2F3
:10D76000AF75C0070FD00522402101A811F026FE99
:10D77000322F00D96C752D2E0AD3402201A9152015
:10D78000FFF7EAFA09E0402101A811F01EFEEFE7D9
:10D79000402201A91420FFF7DFFA85F81880A87C41
:10D7A00000288ED0AC742BE770212420FFF723F9DA
:10D7B0002C7625E72DE9FC5F81460020DDF73EF958
:10D7C0003F4835222021203811F0F8FD052218218C
:10D7D0003B4811F0F3FD3A489621783011F0F5FD01
:10D7E000394D0026A5F81960384806604660866005
:10D7F000EE75012028706E702E75AE70EE702E7171
:10D800006E71AE71EE712E726E72AE72EE722E731A
:10D810006E73AE73EE732E746E74AE74EE748021FC
:10D820002B4811F0D2FD80212A4811F0CEFD0024B2
:10D83000DFF8A880284FDFF8A8A008F58E7BC4EB9E
:10D84000C40000EB041007EB400191F82D001928EB
:10D8500003D00F2801D01D280DD1D1F81E000EF0E5
:10D860001DFC4FF47A7190FBF1F0194941F8240046
:10D87000184840F8246028F814600AF804600BF88F
:10D880000460641CE4B2202CD9D30E4890F8230025
:10D89000032811D0FFF708F8FFF7A2F80A484FF461
:10D8A00080721C30CDE9009000230EA1AFF2CF2092
:10D8B000DEF792FCBDE8FC9FEE75EFE79C8123420A
:10D8C000005C0460B24C04602C04006036BA026054
:10D8D000184D046008560460511E0560FC5A04602F
:10D8E000984D04605350495461736B0070B5044601
:10D8F0000D461646DCF7E2FEC020DCF77CFFDCF7C5
:10D900002DFF2046DCF777FFDCF705FFDCF7D6FEBE
:10D91000C120DCF770FFDCF7FEFE0024761E06E077
:10D920000120DCF789FF05F8010B641CE4B2B44266
:10D93000F6DB0020DCF780FF2870DCF7D5FE012045
:10D9400070BD70B505460C46DCF7B8FEC020DCF7AC
:10D9500052FFDCF7E0FEE8B2DCF74DFFDCF7DBFE60
:10D96000E0B2DCF748FFDCF7D6FEDCF7BDFE0320B3
:10D97000E0F79EF8012070BD10B500227D4B03EB4F
:10D980008204A4781CB1521CD2B2322AF7D3322AB4
:10D9900008D003F8220003EB82004170012181705E
:10D9A0000021C17010BD70B50020724A002402EB46
:10D9B00080018B78012B09D1CB78052B05D202EBA6
:10D9C0008003DB785B1CCB7004E08C70401CC0B221
:10D9D0003228ECD3322809D002EB800512F820005F
:10D9E0006978FFF7AEFF012802D002E0002070BD89
:10D9F000AC70012070BD70B55F4C0025657025705E
:10DA0000C8215C4811F0E1FCA57070BD2DE9F05F04
:10DA10005A4D95F8230004280FD007280DD00C2864
:10DA20000BD0082809D00027DFF85481032806D13D
:10DA3000E979072903D388F80070BDE8F09F022830
:10DA4000FBD00628F9D0DFF830A14FF064099AF82E
:10DA500000000A2809D305D18AF800904FF004008D
:10DA6000E8F7A0F888F80070E7E7FFF79CFF9AF85E
:10DA700001006428E1D03F4E4FF0010BC83620B1C1
:10DA8000012815D01B2835D054E09AF80000401C1E
:10DA90008AF8000037490122C8310020FFF726FF2D
:10DAA000012847D13078E87218B38AF802B041E013
:10DAB0003449497E1E293DD295F82310032939D1D6
:10DAC0002C491822C831FFF711FF012832D1002458
:10DAD00006EB440016F81410407800EB01212046B4
:10DAE000FEF7F7FE284921F81400641CE4B20B2C61
:10DAF000EED31FE0002404F11B003119C0B2012253
:10DB0000FFF7F4FE641CE4B2182CF4D30020194A89
:10DB1000203A16F810104FF47A740B0206EB40010D
:10DB20004978614303EB912122F81010401CC0B2E8
:10DB30000C28EED39AF80200012802D08AF801706E
:10DB40007BE795F82300032806D0012807D0052895
:10DB500005D08AF8019070E78AF801B06DE798F86F
:10DB60000000012802D08AF8019066E71B208AF89D
:10DB7000010062E72E5D04604C040060B24C04605A
:10DB80005304006036C0026036B8026070B50024ED
:10DB90000121FD4AFD4DFE4B0C2811D2DFE800F0BB
:10DBA00006111C27323D48535E69747FC2F89C11F0
:10DBB000C5F88011C3F8B441C3F8B841C2F8984120
:10DBC00070BDC2F89C11C5F88011C3F8B411C3F838
:10DBD000B841C2F8984170BDC2F89C11C5F88011D7
:10DBE000C3F8B441C3F8B811C2F8984170BDC2F887
:10DBF0009C11C5F88011C3F8B411C3F8B811C2F86C
:10DC0000984170BDC2F89C11C5F88011C3F8B441A9
:10DC1000C3F8B841C2F8981170BDC2F89C11C5F89C
:10DC20008011C3F8B411C3F8B841C2F8981170BD9F
:10DC3000C2F89C11C5F88011C3F8B441C3F8B841CB
:10DC4000C2F8984170BDC2F89C11C5F88011C3F8A4
:10DC5000B411C3F8B841C2F8984170BDC2F89C1124
:10DC6000C5F88011C3F8B441C3F8B811C2F898419F
:10DC700070BDC2F89C11C5F88011C3F8B411C3F887
:10DC8000B811C2F8984170BDC2F89C11C5F8801156
:10DC9000C3F8B441C3F8B841C2F8981170BDC2F8D6
:10DCA0009C11C5F88011C3F8B411C3F8B841C2F88B
:10DCB000981170BD70B590B001214FF40570DBF77D
:10DCC00078F92920ADF82C0000248DF82F400BA9FD
:10DCD000B048DAF74AFF1020ADF82C008DF82F403D
:10DCE0000BA9AD48DAF741FF01210846DBF756F9E9
:10DCF000AA4E3046DAF7DCFDA9480090A948019009
:10DD0000029404250395049480210591480006900F
:10DD10008000079020200890000209900A9469462C
:10DD20003046DAF73CFE01213046DAF762FE68033E
:10DD3000DBF7C2F801214802DBF73BF90C94012024
:10DD40008DF834008DF835004FF46020CDF83600A2
:10DD5000CDF83A408DF83E50914C0CA94C3C2046F1
:10DD6000DAF70AFC0523012204212046DAF792FCA7
:10DD7000052302220A212046DAF78CFC0523032220
:10DD80000D212046DAF786FC052304220F212046C8
:10DD9000DAF780FC01212046DAF726FC0121204633
:10DDA000DAF716FC2046DAF736FC2046DAF738FCBC
:10DDB0000028FAD12046DAF73AFC2046DAF73CFC94
:10DDC0000028FAD101212046DAF73DFC10B070BDE1
:10DDD0002DE9F04F89B074480025032490F8230002
:10DDE00018271026DFF8C4A14FF001084FF00209F0
:10DDF0004FF47A7B01287DD005287BD002287AD089
:10DE00000628FCD0042877D00728FCD00C2874D131
:10DE100001210A20DBF7D8F801213C20DBF7C9F803
:10DE2000C820ADF820008DF823608DF8224008A9A5
:10DE30005848DAF79AFEC8215648DAF707FF4FF438
:10DE4000A070ADF820008DF823608DF8224008A95D
:10DE50005748DAF78AFE4FF4A0715548DAF7F6FE14
:10DE6000ADF820908DF823608DF822404A4E08A925
:10DE70003046DAF77AFE02213046DAF7E7FE4C2028
:10DE8000ADF820008DF823708DF8224008A93046A7
:10DE9000DAF76BFEADF820408DF823708DF8224044
:10DEA00008A94348DAF761FEADF818B0ADF8145090
:10DEB000ADF81A50ADF8165005A95046DBF79CFB9B
:10DEC0003C4C05A92046DBF797FB7021ADF8041008
:10DED000ADF80680ADF80C9001A92046DBF73EFCBA
:10DEE00001A92046DBF778FC01A95046DBF736FC98
:10DEF00001A903E028E0A1E013E122E05046DBF7AE
:10DF00006BFC01A95046DBF7B0FB08212046DBF78C
:10DF100057FF08212046DBF759FF08215046DBF761
:10DF20004FFF08215046DBF751FF08215046DBF731
:10DF300037FF01215046DBF730FE01212046DBF799
:10DF40002CFE09B0BDE8F08F01210220DBF73CF880
:10DF500001210820DBF72DF8ADF820408DF8237063
:10DF60008DF82240124F08A93846DAF7FEFD01214C
:10DF70000820DBF71EF8C020ADF820008DF82360E4
:10DF80008DF8224008A917E00080214200002242BB
:10DF9000000021420010014000080140080002403A
:10DFA0004C24014064040060B24C04600004004052
:10DFB000000C0140000C00403846DAF7D6FDC021C5
:10DFC0003846DAF743FE01211020DAF7F2FFADF808
:10DFD00020808DF823608DF82240FF4C08A9204650
:10DFE000DAF7C3FD01212046DAF730FEADF818B0AC
:10DFF000ADF81450ADF81A50ADF8165005A95046BA
:10E00000DBF7FAFA7021ADF80410ADF80680ADF830
:10E010000C9001A95046DBF7A1FB01A95046DBF7A4
:10E02000DBFB08215046DBF7CBFE08215046DBF72F
:10E03000CDFE01215046DBF7B0FD82E70121022031
:10E04000DAF7C2FF012140F24D10DAF7B2FF0C20DF
:10E05000ADF820008DF823608DF8224008A9DF4834
:10E06000DAF783FD0C21DD48DAF7F0FD4FF4F060BC
:10E07000ADF820008DF823608DF82240D84E08A915
:10E080003046DAF772FD4FF4F0613046DAF7DEFD24
:10E090003320ADF820008DF823708DF8224008A9B8
:10E0A000D048DAF762FD0121CF48DAF7EFFDADF88D
:10E0B00018B0ADF81450ADF81A50ADF8165005A9C7
:10E0C0005046DBF799FA7021ADF80410ADF80680E0
:10E0D000ADF80C9001A95046DBF740FB01A9504672
:10E0E000DBF77AFB01A95046DBF7BFFA01A95046DE
:10E0F000DBF7F4FA08215046DBF762FE08215046B0
:10E10000DBF764FE08215046DBF74AFE0821504643
:10E11000DBF74CFE01215046DBF73FFDFFF7CAFD60
:10E120000FE701210A20DAF74FFF01213C20DAF73F
:10E1300040FFC820ADF820008DF823608DF8224004
:10E1400008A9A548DAF711FDC821A348DAF77EFD32
:10E150004FF4A070ADF820008DF823608DF82240B8
:10E1600008A9A048DAF701FD4FF4A0719D48DAF73D
:10E170006DFDADF820408DF823608DF8224008A990
:10E180009A48DAF7F2FC03219848DAF75FFD80201D
:10E19000ADF820008DF823608DF82240944E08A938
:10E1A0003046DAF7E2FC80213046DAF74FFDCC202A
:10E1B000ADF820008DF823708DF8224008A98B4817
:10E1C000DAF7D3FCADF820408DF823708DF82240AB
:10E1D00008A98448DAF7C9FCADF818B0ADF81450B6
:10E1E000ADF81A50ADF8165005A95046DBF704FA01
:10E1F000804C05A92046DBF7FFF97021ADF804102B
:10E20000ADF80680ADF80C9001A92046DBF7A6FA20
:10E2100001A92046DBF7E0FA01A95046DBF79EFA98
:10E2200001A95046DBF7D8FA01A95046DBF71DFAE1
:10E2300001A95046DBF752FA08212046DBF7C0FD62
:10E2400008212046DBF7C2FD08215046DBF7B8FD68
:10E2500008215046DBF7BAFD08215046DBF7A0FD48
:10E2600008215046DBF7A2FD01215046DBF795FC63
:10E2700001212046DBF791FC63E630B500205E4AC1
:10E280005E4B411C02EB410402EB400594F82B402D
:10E2900095F82B50641B1C54C8B20A28F1D330BD2A
:10E2A00010B5002805D04FF47A73984203D318466E
:10E2B00010BD002010BD6422B0FBF2F1C9B2B0FB6A
:10E2C000F2F402FB14004D4C645C6043B0FBF2F0CE
:10E2D000494A02EB4101B1F82B10084480B2984240
:10E2E000E8D9184610BD7FB500200090019002903B
:10E2F00003900024424D0220DAF797FB0028FAD061
:10E300000220DAF7A1FB2988009808440090698868
:10E31000019808440190A988029808440290E9886D
:10E32000039808440390641CE4B20A2CE3D30098D9
:10E330004FF47A7148432821B0FBF1F22E48B0F82F
:10E340004B00B2FBF0F32F4A1380019B4FF47A7419
:10E350006343B3FBF1F3B3FBF0F35380029B6343DE
:10E36000B3FBF1F3B3FBF0F39380039B6343B3FB85
:10E37000F1F1B1FBF0F0D0807FBD2DE9F05F0546F3
:10E380000C46DFF874B09BF82300052810D1DEF7A7
:10E390009DFA1A4E303E56F82510401AB0F5FA6F25
:10E3A00002D22046BDE8F09FDEF790FA46F825003D
:10E3B000DFF84880012108F13A0818F8050050B14B
:10E3C000401CC0B208F805004FF00009142801D91C
:10E3D00008F8059018E025E0001001400018014001
:10E3E00000200140000C014000081A000008014014
:10E3F000001C0140000C0040B24C0460585E0460F8
:10E40000640400600E5D04609BF8230001280DD0B9
:10E4100005280BD002280BD0062809D0032809D0E4
:10E420000020BFE708F805102046BBE70C2002E0FB
:10E43000062000E004204FF47A718C4200D90C468B
:10E44000F74B4719012633F8170040F2DE3CAE4087
:10E45000DFF8D0A3F44A60450DD332F81500B0F5CB
:10E46000757F04D9BAF80800B043AAF8080008F884
:10E470000590084696E70A280CD832F815000A28B5
:10E4800004D2BAF80800B043AAF8080008F80590CA
:10E49000002087E732F81510A0F1050C61453FDD3B
:10E4A000421D91423CD26421B0FBF1F201FB120209
:10E4B0000ABBB0FBF1F0401E3E2101EB400080B2F0
:10E4C000210A04F0CCF9D64830F817106420B1FBCB
:10E4D000F0F0401E3F2101EB400080B2E1B204F0B9
:10E4E000BEF9CF4830F817106420B1FBF0F00BEB09
:10E4F0004000A0F82B4008F80590BAF80800B04397
:10E50000AAF80800C84830F81510C54830F81700B8
:10E51000814202D9641EA0B244E7641CA0B241E764
:10E52000814210D9081A80B2844207D9A4EB500066
:10E53000002801D480B235E7204633E70CB12046ED
:10E5400030E720462EE7401A80B2BBF83F100A1A87
:10E55000A24203DD04EB500080B223E7A14201D9BF
:10E5600020461FE720461DE710B5FFF731FCAD48F8
:10E57000002444708470AD490C80AD490C70048156
:10E580002021A94810F021FF3021AA4810F01DFFDA
:10E59000A84830300460446084600020A64B01220B
:10E5A000C0EB001101EB4101194481F82420401C0B
:10E5B000C0B21828F4D310BD2DE9FC5F0446DFF883
:10E5C0007C9299F82300012801D0052802D1204629
:10E5D000FFF7DCFA99F82310914EDFF8588296483D
:10E5E000924FA51D012925D0052923D0A21DC2EBDC
:10E5F000021202EB420203464FF47A7A02EB030B5B
:10E6000002297DD006297BD004297AD00729FCD0A5
:10E610000C2977D19BF82300002874D036F8150018
:10E620008049C97801296FD080B2FFF739FE002CEC
:10E630006BD069E104F10C0BCBEB0B117E4801EBC5
:10E6400041010844019090F8230000B336F81B0004
:10E650007449C978012925D080B2FFF721FE82468E
:10E6600004F1120BCBEB0B1000EB40017248084495
:10E67000009090F82300F0B136F81B006949C97882
:10E68000012922D080B2FFF70BFE34B32DE036F81B
:10E690001B00B0F5007F02D3B9F83FA0E0E74FF0D0
:10E6A000000ADDE738F81B102046FFF766FE8246B9
:10E6B00028F81BA0D4E736F81B00B0F5007F02D382
:10E6C000B9F83F00E1E70020DFE738F81B10E8B2B7
:10E6D000FFF753FE28F81B00D7E7554909780129B1
:10E6E00001D1B7F800A0A7F800A0019991F828106F
:10E6F00009B94FF0000A009991F8281039B905E0DE
:10E700001AE06DE0D1E0E7E0F0E0F7E00020B9F8D2
:10E710003F10514500D28A460446A14200D20C4621
:10E72000474D1FFA8AF12846DBF760FCA1B2284664
:10E73000BDE8FC5FDBF75CBC9BF8230050B136F80A
:10E7400015003849C97801290ED080B2FFF7A8FD1D
:10E7500094B117E036F81500B0F5007F02D3B9F890
:10E760003F00F5E70020F3E738F815102046FFF7E3
:10E7700004FE28F81500EBE72D490978012900D19E
:10E78000388838809BF8281001B90020B9F83F106C
:10E79000814200D20846C0F57A71C1EB0121B1FB7C
:10E7A000FAF15CB1012C0FD0022C13D0032C7CD1D8
:10E7B000BDE8FC5F81B22248DBF716BCBDE8FC5F18
:10E7C00081B21F48DBF712BCBDE8FC5F81B21C4878
:10E7D000DBF70EBCBDE8FC5F81B21948DBF702BC79
:10E7E00004F10805C5EB051101EB4101084490F85F
:10E7F000230050B136F815000A49C978012921D003
:10E8000080B2FFF74DFD2CB32AE036F81500B0F5C5
:10E81000007F02D3B9F83F00F5E70020F3E70000DE
:10E8200036B90260500400600E5D04607803006039
:10E8300067030060625E0460112A0560B24C0460E8
:10E840000004004038F815102046FFF796FD28F820
:10E850001500D8E7FB490978012900D138883880AC
:10E86000B9F83F10814200D20846C0F57A71C1EB79
:10E870000121B1FBFAF17CB1012C13D0022C19D08B
:10E88000032C1DD0042C21D0052C6FD1BDE8FC5FDA
:10E8900081B2ED48DBF7A8BBBDE8FC5F81B2EB4875
:10E8A000DBF7A4BB81B2E94800E05FE0BDE8FC5FB4
:10E8B000DBF79EBBBDE8FC5F81B2E348DBF796BBAC
:10E8C000BDE8FC5F81B2E048DBF792BBBDE8FC5FCE
:10E8D00081B2DD48DBF786BB36F81500B0F5007F66
:10E8E00002D3B9F83F00A2E60020A0E638F81510E0
:10E8F0002046FFF742FD28F8150098E6D14909782F
:10E90000012900D138883880B9F83F10814200D2FF
:10E910000846C0F57A71C1EB0121B1FBFAF16CB187
:10E92000012C11D0022C15D0032C19D0042C1DD190
:10E93000BDE8FC5F81B2C448DBF754BBBDE8FC5FB7
:10E9400081B2C248DBF752BBBDE8FC5F81B2BF4871
:10E95000DBF74EBBBDE8FC5F81B2BB48DBF746BBD3
:10E96000BDE8FC5F81B2B848DBF742BBBDE8FC9F65
:10E970008AB00020B64A012182F841100025002407
:10E9800001A921F81040401CC0B20C28F8D3002087
:10E990000090B0484471B0480470B0480470B0486A
:10E9A0000470DFF8C092DFF8C0A2DFF8C082322026
:10E9B000DDF7B7FDA6484189491C4181AC490520D6
:10E9C00008701420E7F760FEA24840790128EED1D4
:10E9D000A84890F82300012825D0052823D0022834
:10E9E00071D00628FCD004286ED00728FCD00C2853
:10E9F000DDD100200121C0EB001202EB42039E4A50
:10EA000003EB020C9CF82320002A70D09B4A4FF4A1
:10EA10007A7E32F8102072456AD1079A01FA00F323
:10EA20001A43079239E38C4B1878012805D18B4A99
:10EA30001078411C11700528B9D31C7087480470E8
:10EA40008448C088079000204FF0010BC0EB0011F4
:10EA500001EB41028849561896F8231061B18749A5
:10EA60004FF47A7E31F81010714517D1079A0BFADE
:10EA700000F10A43079241E0804931F81010B1F5E6
:10EA8000007F05D307990BFA00F21143079135E097
:10EA900007990BFA00F2914307912FE069B101AB9E
:10EAA00096F82C6033F8102006EB860CB2EB8C0F36
:10EAB0000BD2521C23F8102009E007990BFA00F240
:10EAC000914307911AE082E0ABE123F810404E43F6
:10EAD00006EB86018900B1FBFEF133F8102091426C
:10EAE00007D907990BFA00F21143079106E095E266
:10EAF000A6E207990BFA00F291430791401CC0B2BD
:10EB00000C28A3D3534E9DF81C100A36307881424E
:10EB100005D00127002531700220FEF72DFF9DF85A
:10EB20001D107078814205D00127002571700320E7
:10EB3000FEF722FF6FB16D1CEDB2C82D09D9002779
:10EB4000002531780220FEF717FF71780320FEF7C9
:10EB500013FF0026494A06F10C000146099032F8DD
:10EB60001000474A32F81110884211D0099922F852
:10EB70001100FFF795FB4349099A21F81200354926
:10EB80000BFA06F00A89104308813E48303084555C
:10EB90003C483030815D142905D984552D48C47016
:10EBA0000220E6F7FFFF761CF6B20C2ED2D30098B7
:10EBB000401CC0B20090274E3078FFF7FDFC307843
:10EBC000052802D2401C3070F1E63470EFE60020D8
:10EBD000DFF8A4C0DFF8A4E00126C0EB001101EBD0
:10EBE0004101614491F823206AB101AB91F82C10E6
:10EBF00033F8102001EB810BB2EB8B0F14D2521CB7
:10EC000023F8102012E03EF81010B1F5007F05D374
:10EC1000079906FA00F21143079151E0079906FAA5
:10EC200000F2914307914BE023F810403EF810208A
:10EC30004FF47A7B5A4527D1079906FA00F211431F
:10EC400007913DE06703006000040040000C0040B5
:10EC50008856046050040060710300607303006014
:10EC60007203006000002442008021420000224222
:10EC7000DF030060B24C0460112A056036B90260FF
:10EC8000B6B90260625E04607AB1514301EB810162
:10EC90008900B1FBFBF133F8102091420BD90799A1
:10ECA00006FA00F2114307910AE0079906FA00F20A
:10ECB0009143079104E0079906FA00F29143079106
:10ECC000401CC0B2062888D34FF0000BFD4A0BF160
:10ECD00006000146089032F81000FB4A32F8111085
:10ECE000884212D0089922F81100FFF7D9FAF749A3
:10ECF000089A21F81200F64906FA0BF00A89104327
:10ED00000881F248303000F80B400BF1010B0BF09A
:10ED1000FF0BBBF1040FD9D3ED4907980A310A68FC
:10ED200090422FD00127002508600878C20702D042
:10ED3000E84A166001E0E74A1460820703D5E54A15
:10ED4000121D166002E0E34A121D1460420702D54C
:10ED5000C9F89C6101E0C9F89C41020702D5C9F8D5
:10ED6000A06101E0C9F8A041C20602D5C9F8A461BA
:10ED700001E0C9F8A441800602D5C9F8A86101E004
:10ED8000C9F8A8417FB36D1CEDB2C82D2ED900275C
:10ED900000250878C10702D0CE490E6001E0CD49B8
:10EDA0000C60810703D5CB49091D0E6002E0C949FB
:10EDB000091D0C60410702D5C9F89C6101E0C9F842
:10EDC0009C41010702D5C9F8A06101E0C9F8A04142
:10EDD000C10602D5C9F8A46101E0C9F8A4418006C2
:10EDE00002D5C9F8A86101E0C9F8A841FFF77BFA8C
:10EDF0000098401CC0B2009000980521B0FBF1F2D1
:10EE000001FB120000287FF4DFAEB14E3078FFF72F
:10EE1000D3FB3078032802D2401C3070C7E5347031
:10EE2000C5E500200121C0EB001202EB4203AA4A13
:10EE300003EB020C9CF8232062B1A24A4FF47A7EC5
:10EE400032F81020724517D1079A01FA00F31A43DD
:10EE500007923EE09B4A32F81020B2F5007F05D3BE
:10EE6000079A01FA00F31A43079232E0079A01FA6F
:10EE700000F39A4307922CE06AB101AE9CF82CC0D3
:10EE800036F810300CEB8C0BB3EB8B0F09D25B1CFC
:10EE900026F8103007E0079A01FA00F39A43079228
:10EEA00017E026F810400CFB02FC0CEB8C029200E1
:10EEB000B2FBFEF236F810309A4205D9079A01FAF1
:10EEC00000F31A43079204E0079A01FA00F39A4309
:10EED0000792401CC0B20828A5D37D4A07980A3281
:10EEE0001368984244D00127002510601078C307AA
:10EEF00002D0C8F8981101E0C8F89841830702D5FC
:10EF0000C8F89C1101E0C8F89C41430702D5CAF833
:10EF1000A01101E0CAF8A041030702D5CAF8981170
:10EF200001E0CAF89841C30602D56C4B196001E0B4
:10EF30006A4B1C60830603D5684B1B1D196002E0F9
:10EF4000664B1B1D1C60644E96F8313133B9430685
:10EF500002D5634B196001E0614B1C6096F85E318D
:10EF600033B9000602D5C8F88C1101E0C8F88C410D
:10EF70007FB36D1CEDB2C82D44D900270025107851
:10EF8000C20702D0C8F8981101E0C8F8984182077A
:10EF900002D5C8F89C1101E0C8F89C41420702D58F
:10EFA000CAF8A01101E0CAF8A041020702D5CAF8C8
:10EFB000981101E0CAF89841C20602D5474A11608B
:10EFC00001E0464A1460820604D5444A121D1160CD
:10EFD00003E017E0414A121D14603F4A92F83131B4
:10EFE00033B9430602D53E4B196001E03C4B1C602F
:10EFF00092F85E2132B9000602D5C8F88C1101E002
:10F00000C8F88C41324E3078FFF7D6FA30780628AF
:10F0100002D2401C3070CAE43470C8E4294A32F885
:10F020001020B2F5007F05D3079A01FA00F31A43C6
:10F03000079232E0079A01FA00F39A4307922CE014
:10F040006AB101AE9CF82CC036F810300CEB8C0B7A
:10F05000B3EB8B0F09D25B1C26F8103007E0079A40
:10F0600001FA00F39A43079217E026F810400CFBD0
:10F0700002FC0CEB8C029200B2FBFEF236F8103070
:10F080009A4205D9079A01FA00F31A43079204E05D
:10F09000079A01FA00F39A430792401CC0B206286F
:10F0A000FFF4A9AC0A4A07980A32136898423ED086
:10F0B0000127002510601078C30713D0C8F89811F5
:10F0C00012E0000036B90260B6B90260625E046008
:10F0D0005004006088012342112A0560800121420A
:10F0E0009C812342C8F89841830702D5C8F89C1137
:10F0F00001E0C8F89C41430702D5CAF8A01101E01D
:10F10000CAF8A041030702D5CAF8981101E0CAF86D
:10F110009841C30602D5C8F88C1101E0C8F88C41AB
:10F12000800602D54F48016001E04E4804606FB38D
:10F130006D1CEDB2C82D2CD9002700251078C20710
:10F1400002D0C8F8981101E0C8F89841820702D5AA
:10F15000C8F89C1101E0C8F89C41420702D5CAF8E2
:10F16000A01101E0CAF8A041020702D5CAF898111F
:10F1700001E0CAF89841C20602D5C8F88C1101E036
:10F18000C8F88C41800602D53648016001E0354858
:10F190000460354E3078FFF70FFA3078052802D238
:10F1A000401C307003E4347001E41CB50446FFF7E2
:10F1B000DBF92D494FF480621031CDE90041002385
:10F1C0002AA1AFF65300DDF707F8274900200A31DE
:10F1D00008601CBD10B504460120F6F7B8F90121FE
:10F1E000FF20FAF7F6FD01210020FAF7F2FD0121D8
:10F1F0002046FAF7EEFD641EE0B2BDE810400121A2
:10F20000FAF7E7BD10B504460120F6F7A0F9012191
:10F21000FF20FAF7DEFD01210846FAF7DAFD0121A9
:10F220000020FAF7D6FD01210020FAF7D2FD0122D5
:10F2300004210020FAF7F8FD01214FF4FA70FAF7E3
:10F240003BFE10F0FF0F0CD00B4A1078FF2808D1BE
:10F250005078012805D19178D278C8B2904200D177
:10F26000217010BD84012142500400604F757470FC
:10F2700075745461736B3100945304602DE9F84345
:10F28000FE481024032590F82300FD4F08287DD068
:10F2900001214FF4F670D9F78CFE4FF40166ADF8FA
:10F2A00000608DF803408DF80250DFF8D88369467E
:10F2B0004046D9F75AFC31464046D9F7C5FC6601AD
:10F2C000ADF800608DF803408DF80250DFF8B88388
:10F2D00069464046D9F749FC31464046D9F7B4FC67
:10F2E0004FF48966ADF800608DF803408DF8025048
:10F2F000DFF8988369464046D9F737FC31464046E7
:10F30000D9F7A2FC42F21F06ADF800608DF8034069
:10F310008DF80250DFF8788369464046D9F725FC1E
:10F3200031464046D9F790FCE601ADF800608DF813
:10F3300003408DF80250DFF85C8369464046D9F7F8
:10F3400014FC31464046D9F77FFC4FF4E046ADF857
:10F3500000608DF803408DF8025069463846D9F7B1
:10F3600004FC31463846D9F76FFC0020CA49002218
:10F370000A54401CC0B21628FAD30021C64C1634D9
:10F38000002001EB410304EB830300E00DE023F8D0
:10F390001020401CC0B20628F7D3491CC9B2082966
:10F3A000EED3BE480270BDE8F88301210802D9F708
:10F3B00000FE4FF4F866ADF800608DF803408DF85C
:10F3C000025069463846D9F7D0FB31463846D9F75E
:10F3D0003BFCE8E72DE9F84301214FF4F670D9F73B
:10F3E000E8FD2020ADF8000048258DF803500324E7
:10F3F0008DF80240DFF88C8269464046D9F7B5FBAC
:10F400008020ADF800008DF803508DF802409E4F2B
:10F4100069463846D9F7A9FB42F20100ADF8000071
:10F420008DF803508DF8024069469D48D9F79DFB41
:10F430004DF22000ADF800008DF803508DF8024029
:10F4400069469348D9F791FB48F6C060ADF80000D3
:10F450008DF803508DF8024069468948D9F785FB3D
:10F46000BD14ADF8005010268DF803608DF80240F1
:10F4700069464046D9F779FB29464046D9F7E4FB6F
:10F480000420ADF800008DF803608DF80240694655
:10F490003846D9F76AFB04213846D9F7D5FB82E70D
:10F4A0002DE9F04788B0DFF8FC810026C8F88861B4
:10F4B000DFF8F4910127C9F8B0710120DEF7F8FAFE
:10F4C000D8F81C018DF81000784C20688DF81100D8
:10F4D00060688DF81200E0688DF81300606A8DF89E
:10F4E0001400DFF8CCA1DAF800018DF815002069CE
:10F4F0008DF81600DAF834018DF8170060698DF880
:10F5000018006C4D28688DF81900D9F814018DF891
:10F510001A00E8698DF81B00686A8DF81C00A86A5B
:10F520008DF81D00C8F88871C9F8B0610120DEF7B8
:10F53000BFFAD8F81C018DF8000020688DF8010092
:10F5400060688DF80200E0688DF80300606A8DF84D
:10F550000400DAF800018DF8050020698DF8060036
:10F56000DAF834018DF8070060698DF80800286822
:10F570008DF80900D9F814018DF80A00E8698DF8B2
:10F580000B00686A8DF80C00A86A8DF80D003B48E6
:10F5900090F823000C2806D000252C460DF1100809
:10F5A000DFF8149120E00325F7E7611BC1EB0110A0
:10F5B00000EB4000484490F8243018F804201DF86F
:10F5C00004C0624502D180F8246004E0012A10D012
:10F5D000022280F8242090F92400984202D0C8B278
:10F5E000E7F71CFB641CE4B20E2CDED308B0BDE8C8
:10F5F000F08780F82470EEE710B500232C49052829
:10F600000ED001222D4C02280DD0032812D0012843
:10F6100017D0C1F88821C1F89421C4F8982110BDF1
:10F62000C1F8883110BDC1F88821C1F89421C4F80F
:10F63000983110BDC1F88821C1F89431C4F89821DF
:10F6400010BDC1F88821C1F89431C4F8983110BDBB
:10F650001FB54FF40040D9F72FFC01214802D9F71C
:10F66000A8FC002000908DF804008DF805004FF4F0
:10F670006021CDF80610CDF80A0021E0B24C0460FC
:10F680000020014000080140000C0140001401402E
:10F6900000180140001C01409E5E04606C04006084
:10F6A0000010014000802142000021421801244244
:10F6B0000000224214012342112A056000802342E7
:10F6C00001208DF80E00FA4C69462046D8F754FF09
:10F6D000052301220B212046D8F7DCFF012120461B
:10F6E000D8F776FF2046D8F796FF2046D8F798FF40
:10F6F0000028FAD12046D8F79AFF2046D8F79CFF79
:10F700000028FAD101212046D8F79DFF1FBD08B57A
:10F7100001218020D9F74DFC4FF40070ADF80000B6
:10F7200028208DF803006946E248D9F71EFA052023
:10F73000DEF7BEF9E0480268E049E14842B1012243
:10F740008A8090F8F62042F0010280F8F62007E067
:10F7500000228A8090F8F62002F0FE0280F8F6205F
:10F760002A224A80427608BDF8B501214FF4247060
:10F77000D9F71FFC0220ADF8000000208DF803002F
:10F78000D04D69462846D9F7F0F92421ADF800108C
:10F7900010268DF8036003248DF802406946284640
:10F7A000D9F7E3F904212846D9F74EFA2021284653
:10F7B000D9F74CFA4FF4F865ADF800508DF80360B6
:10F7C0008DF80240BB4C69462046D9F7CEF9294650
:10F7D0002046D9F73BFAF8BD70B506460C461546EB
:10F7E00002213046D9F743F805232A462146304600
:10F7F000D8F750FF01213046D8F725FF02213046C7
:10F80000D9F72EF80028F9D03046BDE87040D8F777
:10F8100087BF2DE9F0474FF000084FF0010900279E
:10F82000DFF88CA201220B215046FFF7D5FF84B2EE
:10F83000A044B9F1010F3BD0A64200D82646A5420C
:10F8400000D22C4625460A20DEF712F97F1CFFB2B3
:10F850000C2FE7D3A8EB0600401BC0EB80200A2149
:10F86000B0FBF1F0984CB4F84B10B0FBF1F080B263
:10F87000964D81086878FDF72CF880B24FF6FF713D
:10F88000884205D201EA800091496A7821F8120085
:10F890006878401CC3B26B7094F8234000210122A9
:10F8A0008C48042C09D0072C07D00C2C40D09BE0AE
:10F8B000264625464FF00009C5E703F007036B70A5
:10F8C000082B0AD2DFE803F0040A10161C22282EA7
:10F8D00000F5D07081604160016085E000F5D07076
:10F8E0008260416001607FE000F5D070816042601D
:10F8F000016079E000F5D07082604260016073E0E1
:10F9000000F5D0708160416002606DE000F5D0705C
:10F9100082604160026067E000F5D0708160426003
:10F92000026061E000F5D0708260426002605BE0DE
:10F930000B24B3FBF4F604FB16336B700B2B53D282
:10F94000DFE803F0060D141B222930373E454C003A
:10F9500000F5CE70C16081604160016044E000F557
:10F96000CE70C2608160416001603DE000F5CE7004
:10F97000C16082604160016036E000F5CE70C26017
:10F980008260416001602FE000F5CE70C16081604F
:10F990004260016028E000F5CE70C2608160426084
:10F9A000016021E000F5CE70C160826042600160BC
:10F9B0001AE000F5CE70C26082604260016013E020
:10F9C00000F5CE70C1608160416002600CE000F51E
:10F9D000CE70C26081604160026005E000F5CE70CB
:10F9E000C1608260416002603B486978405CBDE86C
:10F9F000F04701E62DE9F04133483849384C90F89A
:10FA000023000D684E68042804D0072802D00C2873
:10FA100023D034E00E22334931480FF0BDFCC4F846
:10FA20000E50C4F81260304E3078012827D12F498B
:10FA30000878421CD5B20D70C00709D005221621E6
:10FA400027480FF0BBFC322D19D90020307016E08A
:10FA5000162123480FF0B9FCF5E72248026822601E
:10FA60004268626002892281807AA072C4F80B50D9
:10FA7000C4F80F600889A4F81300887A6075002123
:10FA8000174E012516360020225C02F00F028A4232
:10FA90002ED8020902EB420206EB820200F00F07A9
:10FAA00032F8113005FA07F73B4322F811302DE008
:10FAB00000240140001C01402481234236BA026028
:10FAC00036C0026000100140B24C04606C0400605B
:10FAD00036B8026000802342D1290560E05B0460F3
:10FAE0009E5E0460005C04604104006042040060AB
:10FAF000020902EB420206EB820200F00F0732F825
:10FB0000113005FA07F7BB4322F81130401CC0B290
:10FB10001628B9D3491CC9B20629B4D3BDE8F0816F
:10FB20002DE9FC4FFE48FF4BDFF8FCE390F8230083
:10FB30000022042803D0072801D00C2861D1FB4EF5
:10FB4000317801297ED1F1884FF4FA74B1FBF4F5D4
:10FB500004FB151414B93479E4433471491C1FFAB9
:10FB600081FBA6F806B0F64CEF4DF149DFF8C493DF
:10FB7000DFF8C4A3DFF8C48324782D785FEA8B779D
:10FB800040D0F04EF24F0BF0030C36780196EE4E5B
:10FB9000BCF1020F36780096EC4E3F7836787DD077
:10FBA000DFF8B0C30121CCF88C11DFF8ACC3CCF87E
:10FBB0008411C8F89011CCF89011CCF88C11DFF8B2
:10FBC0009483C8F8A811C9F8A411CCF88811CCF80E
:10FBD000B411CCF88011C3F8B811CAF8AC11C3F84D
:10FBE000B411C446CCF89811C3F8B011DFF84CC377
:10FBF000CCF8AC111521BBFBF1FC01FB1CB10029B9
:10FC00007DD072E1DFF850C30127CCF88471DFF8B2
:10FC100044C3CCF88C2104284DD007284BD0C449CC
:10FC200096F802B0DFF8148331F81B10C1F3C02737
:10FC3000C8F89071C84FC1F30038C7F89081C1F37C
:10FC4000403800E0CAE1C7F88C81C1F38038CCF8B5
:10FC5000A881C90BC9F8A411B54901EB4B01097B77
:10FC600001F00108C7F88881C1F34008C7F8B481E2
:10FC7000C1F38008C7F88081C1F3C007C3F8B87129
:10FC8000C1F30017CAF8AC71C1F34011C3F8B41145
:10FC9000B5B30021CCF898119CB300E05CE00021E2
:10FCA000C3F8B011AD4934790C60B178052951D24F
:10FCB000491CB17019E19E4996F802B0DFF87C82C8
:10FCC00031F81B1001F00107C8F89071A24FC1F381
:10FCD0004008C7F89081C1F38008C7F88C81C1F350
:10FCE0008038CCF8A881C90BC9F8A411904901EB60
:10FCF0004B01097B01F00108C7F8888102E0D6E0DA
:10FD000024E025E0C1F34008C7F8B481C1F38008BE
:10FD1000C7F88081C1F3C007C3F8B871C1F30017F9
:10FD2000CAF8AC71C1F34011C3F8B41155B1002148
:10FD3000CCF8981144B10021C3F8B0118749347947
:10FD40000C60B2E70121F3E70121F5E70121A1E70A
:10FD50000121A5E7B270C8E07E4D0124C5F88C41B1
:10FD60007F4C2260784C042894F800C0754C2478AD
:10FD700044EA0C0448D0072846D0DFF8B0C19CF80C
:10FD800003C031F81C1001F0010CC8F890C1DFF875
:10FD9000C8C1C1F3400BCCF890B1C1F3800BCCF8D3
:10FDA0008CB1C1F3C00BC5F8A8B1C1F3001BC9F8F1
:10FDB000A4B1C1F34019CCF88891C1F38019CCF8F3
:10FDC000B491C1F3C019CCF88091C1F3002CC3F8F1
:10FDD000B8C1C1F3402CCAF8ACC1C1F38021C3F84B
:10FDE000B411E6B30021C5F89811CFB30021C3F8D0
:10FDF000B011B4B30021C8F8AC114C4CE17805291E
:10FE000053D2491CE17070E0DFF820C19CF803C0B8
:10FE100031F81C10C1F3C00CC8F890C1DFF838C12C
:10FE2000C1F3001BCCF890B1C1F3401BCCF88CB1EE
:10FE3000C1F3801BC5F8A8B1C1F3C01BC9F8A4B1B8
:10FE4000C1F30029CCF88891C1F34029CCF8B491D2
:10FE5000C1F38029CCF88091C1F3C02C02E01EE0F0
:10FE60001FE020E0C3F8B8C1C1F3003CCAF8ACC140
:10FE7000C1F34031C3F8B4115EB10021C5F8981147
:10FE80004FB10021C3F8B0113CB10021C8F8AC114A
:10FE9000B3E70121F2E70121F4E70121F6E70121AF
:10FEA000A1E70121A3E70121A5E7E2701DE0DDF84C
:10FEB00004C02449BCF1010F00D10A70DDF800C074
:10FEC0002149BCF1010F00D10A701D49012C00D15C
:10FED0000A70012D01D18EF800201D49012F00D19B
:10FEE0000A701A49012E00D10A70082876D10F4CE9
:10FEF0004FF4FA71E088B0FBF1F501FB150121B96F
:10FF0000D3F89811C943C3F89811401C80B2E0801F
:10FF10001421B0FBF1F401FB1401D1BB0B4921E02A
:10FF2000B24C046000002442390400606C0400609C
:10FF3000B45E046000802142008023420000214220
:10FF4000380400603304006032040060350400604F
:10FF5000340400600080224200002342AC012142B0
:10FF600084012342097801B30021C3F8A011364966
:10FF70000978E1B10021C3F89C1134490978C1B175
:10FF80000021C3F8A4119EF80010A1B10021C3F80C
:10FF9000A8111521B0FBF1F301FB130000281DD1BE
:10FFA0002A480178012908D008E00121DDE7012174
:10FFB000E1E70121E5E70121E9E702709EF8000091
:10FFC000012801D18EF800201F480178012900D1B5
:10FFD00002701F480178012900D10270BDE8FC8F32
:10FFE000FFF795FBFFF74AF9FFF7F4F9FFF7BCFBC2
:10FFF000FFF72EFBFFF754FA164801270770164843
:020000040803EF
:100000000078FFF7F9FADFF854800A261420DCF7AD
:1000100088FAFFF7FEFB2846B0FBF6F16D1C06FBE5
:100020001100ADB238B9FDF75DFAFCF7E1FFFFF75B
:10003000E1FCFFF735FA052C02D2641CE4B2E5E7D7
:1000400088F80070E2E700003404006038040060C3
:100050003504006055040060D12905606C0400601F
:1000600010B5FF4C01202070DBF7C2FE08B12A2832
:1000700012D1FC48007808B102202070FA49002013
:1000800001F0B5FA20710020A070FF216170F74ADD
:100090002178A2F85210E07010BD70B5F44C94F8BD
:1000A000230001280FD005280DD002280BD00628E8
:1000B00009D0042807D0072805D00C2803D003282E
:1000C00001D008281ED1E649097801291AD1E94D45
:1000D000022801D0062805D12868DCF7CDFA0120D6
:1000E000DAF7ACFCFFF7BCFF94F82300022801D03C
:1000F000062807D10020DAF7A1FC2868BDE8704087
:10010000DCF70CBB70BD2DE9F04F85B005460C4601
:10011000302C03D3012005B0BDE8F08F30270A262C
:100120004FF031084FF041094FF0440A4FF0010BF6
:10013000182C44D21422D0A168460FF02DF90BEBF5
:1001400054000A280CD3B0FBF6F130318DF80710BB
:10015000B0FBF6F106FB110030308DF8080005E029
:100160008DF8077008EB54008DF80800E00723D0E5
:100170008DF809A04FF47A70B5FBF0F130318DF8AD
:100180000310B5FBF0F100FB11516420B1FBF0F15D
:1001900030318DF80410B5FBF0F100FB1150B0FBCD
:1001A000F6F030308DF80500B5FBF6F006FB105088
:1001B00030308DF8060032E08DF80990DAE714222D
:1001C000ADA168460FF0E8F8A4F1180000EBD0717B
:1001D0000BEB61000A280CDB90FBF6F130318DF857
:1001E000071090FBF6F106FB110030308DF8080087
:1001F00005E08DF8077008EB61008DF80800E00756
:100200001ED08DF809A054208DF8030049208DF8E8
:1002100004004D208DF805005F208DF8060004EBEA
:10022000C400994900EBC41001EB80001322694619
:1002300001F0ECF900287FF46EAF89494C706AE751
:100240008DF80990DFE72DE9FF5F0C461546844FD6
:100250003878022803D0012004B0BDE8F09F387937
:1002600008B10020F8E7DFF82492C821D9F800008F
:10027000DDF787F850B1DFF8F881DFF8F8A198F8DA
:100280002300022804D0062802D008E00020E3E77B
:10029000DAF80000DCF7F0F90120DAF7CFFB012DE6
:1002A0000BD0012000EB4400C6B27878B04207D0F2
:1002B00031460098FFF727FF03E06006060EF4E7DB
:1002C000002038B1002498F82310022949D00629CB
:1002D00047D04DE006EBC60000EBC6116A4800EBC4
:1002E00081052846039901F054FC04464FF0000BA9
:1002F000ECB131460098FFF706FF2846039901F05C
:1003000048FC0446B878401CB87058491CB1088CA9
:10031000401C088401E087F802B0B878052806D9A7
:1003200087F802B0012048850520E5F73BFCB4B909
:1003300087F802B04A4B4FF4C87428460C33224663
:10034000534901F00AFA2246514952480FF024F865
:1003500051490398884202D1284601F010FC01243B
:10036000B1E70020DAF76AFBDAF80000DCF7D6F92B
:10037000D9F80000DCF72FFF20466DE72DE9FF4F8D
:1003800083B00446DDF840801F4600260025DFF8D4
:10039000D0B0A9469BF80000022807D0C7F800900B
:1003A0000120C8F80000002007B0B5E6182C01D3E2
:1003B0000020F9E7DDE90401884201D90020F3E7D4
:1003C0009BF8040008B10020EEE73048C82100681F
:1003D000DCF7D7FF38B1264890F82300022804D074
:1003E000062802D008E00020DEE722480068DCF79B
:1003F00043F90120DAF722FB1834E1B2002002941D
:10040000FFF781FE0446C7F80090C8F800904FF44B
:1004100000711F480EF0D9FF4CB100200090144825
:1004200090F82300022879D0062877D0C6E01198EA
:10043000C409B4F5005F31DB0D4890F823000228B1
:1004400001D0062806D10020DAF7F8FA094800683A
:10045000DCF764F90D480068DCF7BDFE0020A3E777
:100460007404006040000060145F04607C5B046002
:10047000B24C046048040060303A2F202020202035
:1004800020202E62696E0000426104604802006014
:1004900002C80460F8D00160708E0100029800EB81
:1004A000C00101EBC010CE4901EB80000190610258
:1004B000019801F06EFB10B10020009069E0C94B7B
:1004C0004FF40072C849019801F047F910B10020BB
:1004D00000905EE07F201199A1F1010E00EBC412A3
:1004E000724553D2DAB1C04901EB80010968E9B322
:1004F000BE4BDFF8FCC20B44634526D300EBC410AF
:10050000401E002801DD921E3A600120C8F800005C
:10051000841E01260125CBF808903AE047E056EA10
:10052000050002D0012D05D00AE0C7F80090C8F8F8
:10053000009005E0C7F800900AF10100C8F800003B
:100540004FF0FF34CBF8089023E0059B994205D289
:1005500025B902F1010A0125CBF80890049B9942C4
:100560000CD25EB93A600126012D00E00EE003D105
:10057000AAEB0201C8F80010CBF80890012E05D1B3
:10058000012D03D1A81E0446CBF80890401E002878
:10059000A4DA641E002C8ADADBF8080000287FF455
:1005A0003EAF01200090019801F0E9FA37E7002002
:1005B000DAF744FA8F480068DCF7B0F88E48006834
:1005C000DCF709FE0098EFE62DE9FF4F81B0884681
:1005D000844F0C3F3878022801D001209BE58648E3
:1005E00064210068DCF7CDFE38B1844890F8230020
:1005F000022804D0062802D008E000208BE57D48C0
:100600000068DCF739F80120DAF718FA01210398BD
:1006100001EB480901280DD009F0FF04002504F181
:100620001806F1B20020FFF76EFDAA4630B10D2882
:100630004ED052E04FEA4860040EEFE7EEF7E4F8E0
:1006400083466A49491E0BEB01006949891E8842AD
:1006500034D26B4850F82400810006EBC60000EB52
:10066000C6125F4800EB8200009001F092FA18B1C8
:1006700064480221418521E05B486E38C0F86EB0C5
:10068000584B04221B1D5849009801F026F990B1DF
:100690005C4903224A850A8E521C0A864886B8782D
:1006A000401CC0B2B870052808D987F802A0052000
:1006B000E5F778FA02E087F802A0012506EBC6000C
:1006C00000EBC611464800EB810001F058FA04E047
:1006D000032038704C4981F8C200012D6AD1DFF83F
:1006E00024B1BBF83400401CABF83400002521468F
:1006F0000198FFF708FD38BBBBF81400401CABF8AD
:10070000140004EBC40000EBC411354800EB810673
:100710003046049901F03DFAB8B1BBF81600401C10
:10072000ABF8160021460198FFF7EDFCB878401CA5
:10073000C0B2B8700421ABF82A1005283AD987F85E
:1007400002A00520E5F72EFA34E0BBF81800401CA3
:10075000ABF8180087F802A003992C484FF4C8742E
:10076000012918D009EBC90101EB091100EB0111B6
:1007700022461D480EF010FE1A4B30461B1D224625
:10078000194901F0AAF82249049888420ED130464E
:1007900001F0F5F90DE008EBC80101EB081100EBE1
:1007A0004111224610480EF0F7FDE5E7304601F012
:1007B00099F90125114890F82300022801D0062854
:1007C00006D10020DAF73AF90A480068DBF7A6FFFD
:1007D00009480068DCF7FFFC28469CE401207047CC
:1007E000426104608004006002C8046080F6B6A51F
:1007F000815E92164804006048020060B24C0460BA
:1008000098D001607C5B046036C0026088D20160D1
:10081000708E010010B5002803D0012020B1012006
:1008200010BDDBF7E5FAF9E7002010BD00207047A6
:1008300070B50D46114604461A460120002A01D023
:100840002CB901E0042070BD2846DBF7A7FB08B1F6
:10085000012070BD002070BD2DE9F04184460E4698
:1008600017461D4600201F24002D07D0BCF1000FA5
:100870000FD0012080B10120BDE8F0810420FBE70A
:100880002A4639463046DBF7BEFB0028F2D0641E0C
:10089000E4B2002CF4D1EDE70020EDE7002801D010
:1008A0000120704739B1012910D0022905D0032950
:1008B00008D004207047002070474FF4007010806B
:1008C00000207047082010800020704700207047EB
:1008D0000020704710F046BE10F06EBC03E011F827
:1008E000013B00F8013B521E531CF8D17047C9B2BE
:1008F00001E000F8011B521E531CFAD1704710B5DD
:100900000023521E541C05D010F8013B11F8014B76
:100910001B1BF6D0184610BD00E0401C02780AB13F
:100920008A42FAD1007870472DE9F04104460F461B
:10093000D4F82A50BD4231D0207904F12E0808B3F2
:10094000607801232A464146FFF786FF10B1012057
:10095000BDE8F08100202071D4F81E00D4F81A10F0
:100960000844A8420ED9E6780AE0D4F81A000544F3
:10097000607801232A464146FFF76EFF761EF6B2E5
:10098000012EF2D857B1607801233A464146FFF76D
:100990004FFF08B10120DBE7C4F82A700020D7E739
:1009A0002DE9F041044600212046FFF7BDFF054632
:1009B000280053D12078032849D16079E8B3002674
:1009C000C4F82A6004F12E004FF40072002107469B
:1009D000FFF78DFF5520123484F81A02AA2084F8FC
:1009E0001B025220207760776120A0774121E177B8
:1009F000722284F8002284F8012284F8021284F81A
:100A0000030254F8040C84F80402010A84F8051265
:100A1000010C84F80612000E84F8070254F8080C42
:100A200084F80802010A84F80912010C84F80A12F9
:100A3000000E84F80B02226800E008E014F8110CA4
:100A400001233946FFF708FF04F80D6C123C002221
:100A500060781146FFF722FF00B10125284677E7AD
:100A6000891ED0F81620921E8A4201D800207047B5
:100A7000D0F82620807801FB002070472DE9F04156
:100A800004460D46022D03D3D4F81600A84201D81F
:100A900001205DE72078012804D0022828D003280F
:100AA0003FD136E005EB5506D4F81E0000EB562189
:100AB0002046FFF739FFA0BBC6F30800204490F89A
:100AC0002E70761CD4F81E0000EB56212046FFF74E
:100AD0002BFF30BBC6F30800204490F82E0047EAF5
:100AE0000020E90701D0000932E7C0F30B002FE72F
:100AF000D4F81E0000EB15212046FFF715FF80B942
:100B0000E8B204EB40002E300178407841EA002042
:100B10001EE7D4F81E0000EBD5112046FFF704FFB6
:100B200010B14FF0FF3013E740F2FF1000EA8500EC
:100B300020442E300178C27841EA02618278407800
:100B4000120442EA0020014321F0704000E72DE941
:100B5000F04704460D461646022D03D3D4F816007E
:100B6000A84202D80220BDE8F087207806F0FF09ED
:100B70004FF00108012807D0022839D0032849D0B6
:100B8000022084F80480EEE705EB5507D4F81E0038
:100B900000EB57212046FFF7C7FE0028F1D1C7F32D
:100BA000080020442E30E90703D0017869F31F11B3
:100BB00000E0314601707F1C84F80480D4F81E00E8
:100BC00000EB57212046FFF7AFFE0028D9D1C7F32D
:100BD000080121442E31EA0702D0C6F3071205E0CE
:100BE0000A78C6F3032302F0F0021A430A70C8E73A
:100BF000D4F81E0000EB15212046FFF795FE0028D3
:100C0000BFD1E9B204EB410181F82E90320A81F89C
:100C10002F20B6E7D4F81E0000EBD5112046FFF7D1
:100C200083FE0028ADD140F2FF1101EA8501214485
:100C30002E314FF07043CA7803EA026232430A70E1
:100C4000130A4B70130C8B70120ECA7099E72DE9C2
:100C5000F04105460F46022F03D3D5F81600B842DF
:100C600001D8022628E000264FF0010820E039468E
:100C70002846FFF703FF0446F4B1012C0AD0601C9C
:100C80000AD0002239462846FFF761FF06463000A9
:100C900012D103E002260FE001260DE0D5F80E0088
:100CA000411C04D0401CC5F80E0085F8058027467D
:100CB000D5F81600B842DAD8304649E62DE9F041B9
:100CC00006460F46002F07D039463046FFF7D6FEBE
:100CD00002280AD201203BE6D6F80A501DB1D6F808
:100CE0001600A84206D8012504E0D6F81610814265
:100CF000F1D83D462C46641CD6F81600A04204D814
:100D00000224022D01D2002022E621463046FFF7C0
:100D1000B5FE38B1411CDED00128DCD0AC42EAD1AE
:100D2000002015E66FF0704221463046FFF70FFFB6
:100D300028B927B1224639463046FFF708FF20B1CF
:100D400001280ED00124204602E6C6F80A40D6F853
:100D50000E00411CF7D0401EC6F80E000120707135
:100D6000F1E74FF0FF34EEE770B504460D46E5803D
:100D7000A168012904D02068D0F816208A4201D841
:100D8000022070BD21B90278032A01D1D0F82210C7
:100D900011B1807806011EE0E1600189A94201D805
:100DA000022070BDD0F8220000EB151020611BE07E
:100DB0002068FFF763FE0146481C08D0022904D3CF
:100DC0002068D0F81600884203D8022070BD0120A8
:100DD00070BDA81B85B2B542EAD2E1602068FFF77A
:100DE0003FFE00EB15102061206805F00F012E2258
:100DF00002EB411108446061002070BD2DE9F04113
:100E000004460E46E088401C87B2002F04D02069BB
:100E100010B1390702D06EE0042099E5401C206132
:100E2000E16831B120688278521E12EA171F06D09D
:100E300061E020680089B8425DD8042088E5FFF7AA
:100E40001DFE0546012D01D8022081E5681C16D043
:100E50002068D0F81610A94247D896B1E168FFF78C
:100E60002DFF054628000ED0012D0ED0681C0ED097
:100E700020680021FFF758FD58B1012068E50120E6
:100E800066E5042064E5072062E5022060E50120B4
:100E90005EE520684FF400722E300021FFF727FD39
:100EA00020682946FFF7DCFD2168C1F82A000026EA
:100EB0004FF001080FE080F8048020680021FFF760
:100EC00033FD08B1012043E5206850F82A1F491C72
:100ED0000160761CF6B220688178B142EBD82168B7
:100EE000D1F82A10891BC0F82A10E560206829462D
:100EF000FFF7B6FD2061E780206807F00F012E2282
:100F000002EB411108446061002021E50246887E21
:100F1000CB7E40EA03201278032A05D10A7D497D61
:100F200042EA012140EA0140704781760A0AC2760E
:100F30000A0C0275090E417570472DE9F04105460E
:100F400000212846FFF710FF0446200000D0FFE4F0
:100F500000264FF4FA77761CB6B2BE4217D829693C
:100F60002868FFF7E1FC04468CB96869017881B113
:100F7000C17A090704D4A9690B22FFF7C0FC30B17C
:100F800000212846FFF73AFF0446002CE3D0204614
:100F9000DEE40424FBE710B50446042015E02068D5
:100FA000FFF7C2FCA0B96269117861B1E52904D0EC
:100FB0002E2902D0D17A09070AD500212046FFF751
:100FC0001DFF10B104E0042002E021690029E6D1F0
:100FD000002801D00021216110BD70B50546002117
:100FE0002846FFF7C1FE0446200011D12969286870
:100FF000FFF79AFC04465CB968690078E52807D0D9
:1010000030B101212846FFF7F9FE0446002CEDD04F
:10101000A4B929692868FFF787FC044620000DD190
:101020006E69202200213046FFF761FCA9690B227E
:101030003046FFF753FC296801200871204670BD37
:1010400010B504462046E188FFF78EFE00280BD13C
:1010500021692068FFF768FC002805D16269E52155
:10106000117022680121117110BD2DE9F05F8B46CE
:10107000DBF8007000E07F1C39782F29FBD05C2959
:10108000F9D0D0F818A00B2220215046FFF72FFCF2
:1010900000252E46A8464FF00809404608F10108F1
:1010A0003C5C202C0BD92F2C09D05C2C07D02E2C8B
:1010B00001D04E4516D3B9F1080F0AD107E007EB6E
:1010C0000800CBF80000202C2BD804202AE02E2C7E
:1010D00002D00620BDE8F09F08264FF00B09A806B5
:1010E000050EDAE7802C01D30620F3E72146F7A0AE
:1010F000FFF712FC08B10620ECE7A4F14100192823
:1011000002D845F0020507E0A4F16100192803D8D0
:1011100045F00105203CE4B23046761C0AF8004058
:10112000BBE7002026B19AF80010E52902D004E0C0
:101130000620CFE705218AF80010B9F1080F01D188
:10114000A9060D0E05F00301012901D140F01000A0
:10115000C5F38101012901D140F008008AF80B0094
:101160000020B7E730B501F109020369002B32D046
:1011700040690024035D202B07D0052B00D1E52317
:1011800002F8013B641C082CF4D3037A202B0BD00B
:101190002E2302F8013B0823C45C202C04D002F863
:1011A000014B5B1C0B2BF7D3C37A0B72037FC47FFD
:1011B000457F43EA0463847F240444EA05242343EF
:1011C0000B60037E447E43EA04238B80837DC07DD5
:1011D00043EA0020C8800020107030BD73B504467B
:1011E000019908782F2801D05C2801D1491C019170
:1011F0000025A56001980078202805D2002120460E
:10120000FFF7B2FD65617CBD01A92046FFF72DFF08
:101210000028F8D12046FFF790FEA169C97A28B1CD
:101220000428F0D14907EED405207CBD4907FCD441
:101230006169C87AC00601D405207CBD2068FFF72B
:1012400065FEA060E0E710B504460A466078012319
:1012500004F12E01FFF7ECFA08B1032010BD94F859
:101260002C0294F82D1240EA0120A0F52A415539AC
:1012700001D0022010BD14F8640FE178627840EAD2
:101280000161A078643C000440EA022001439348D5
:10129000B0EB012F01D1002010BD14F8801FE278BF
:1012A000637841EA0261A278120442EA0322114300
:1012B000B0EB012F01D1002010BD012010BD2DE9A0
:1012C000F0470E46154601680B78303B092B02D8D3
:1012D0004A783A2A05D000230027376023B10B2033
:1012E00041E4891C0160F7E77D48046884B13460FB
:1012F000207820B16078FFF799FAC1070AD0384604
:1013000027706070FFF786FAC1070AD003202AE42D
:101310000C2028E41DB1400701D50A2023E4002059
:1013200021E41DB1400701D50A201CE40026314606
:101330002046FFF788FF0146012912D104F5F67017
:10134000027972B1017AC27A41EA0266817A407A00
:10135000090441EA0020064331462046FFF773FFA7
:101360000146032902D019B10D200CE401200AE442
:1013700094F8390094F83A1040EA0120B0F5007F63
:1013800001D00D20ACE794F8440094F8451040EAF1
:10139000012058B914F8520FE178627840EA0160F0
:1013A000A1780904523C41EA02210843C4F81A001A
:1013B000814694F83E10E170012903D0022901D042
:1013C0000D208DE7484394F83B20A27012B1531EC4
:1013D0001A4201D00D2083E794F83F1094F8403072
:1013E00041EA03232381190701D00D2078E794F8FF
:1013F000411094F8425041EA052161B914F84E1F9A
:10140000E57894F801C041EA0561A5782D044E3CC9
:1014100045EA0C25294394F83C5094F83DC045EA30
:101420000C28B8F1000F07D008EB000505EB131CE2
:10143000614503D20D2053E70D2051E7A1EB0C01CC
:10144000B1FBF2F149B3012540F6F672914200D3A7
:1014500002254FF6F672914200D30325891C44F809
:10146000161F06EB0C02226106EB0802A260163C76
:10147000032D14D033B31044C4F82200022D23D01E
:1014800001F0010001EB410100EB510000F2FF10FF
:10149000B9EB502F26D20D2022E70D2020E70BB10B
:1014A0000D201DE714F85A0FE278637840EA0260D5
:1014B000A278120442EA0322104344F8380C5A3C42
:1014C0008800E3E70D200BE74800DFE7222A2B2CFA
:1014D0003A3B3C3D3E3F5B5D7C7F00000046415413
:1014E0008C0400604FF0FF30C4F80E00C4F80A709E
:1014F000032D5CD1677194F85E0094F85F1040EAA8
:1015000001208219C4F812206078012304F12E0111
:10151000FFF78EF9F0BB94F82C0294F82D1240EAF4
:101520000120A0F52A41553941D114F82E0FE17858
:10153000627840EA0160A1782E3C090441EA022168
:101540000843F749884232D194F8120294F81512F0
:1015500094F8132240EA016094F81412090441EA55
:1015600002210843EF49884221D194F81A0294F8E5
:101570001D1294F81B2240EA016094F81C12090421
:1015800041EA02210843C4F80A0094F8160294F8CC
:10159000191200E00BE040EA016094F8181294F888
:1015A0001722090441EA02210843C4F80E002570FD
:1015B000DD490888401C0880E080C4F82A70277143
:1015C00000208DE610B50168002905D00A781AB10F
:1015D000CA888088824201D0092010BD4878FFF770
:1015E00025F9C00701D0032010BD002010BD002840
:1015F00001D00B207047CC4A121D1068002300B1A7
:10160000037001B10B701160002070472DE9F7479E
:101610008BB00746002F0FD04FF00008C7F80080AE
:1016200002F01F0626F0010204A90CA8FFF747FEEE
:101630000546280003D08EE009200EB050E601A830
:101640000A9004A80C99FFF7C9FD0546099C0DB93D
:1016500004B9062516F01C0F4DD04DB1042D03D151
:1016600004A8FFF7BAFC054646F00806099C08E006
:10167000E07A10F0110F01D0072502E0700700D5C5
:101680000825BDBB300741D5FFF722F9A073010A39
:10169000E173010C2174000E607484F80B8084F8EF
:1016A0001C8084F81D8084F81E8084F81F802146E9
:1016B0000498FFF72BFC814600212046FFF735FCFC
:1016C000049901200871B9F1000F1FD00498D0F8D7
:1016D0002AA049460498FFF7BAFA0546280015D112
:1016E0000498A9F10109C0F80A9051460498FFF73F
:1016F0001BF905460AE04DB9E07AC10601D504257B
:1017000004E0B10702D5C00700D0072545B930076E
:1017100001D546F020060498D0F82A00F8613C6212
:10172000CDB9BE7121460498FFF7F0FB3861207FE8
:10173000E17F627F40EA0160A17F090441EA022162
:101740000843F860C7F80880C7F818800498386024
:101750000498C088B88028466FE72DE9F05F0446FA
:101760000F46164698460020C8F800002046FFF7AE
:1017700029FF002803D1A079010601D50220A9E4A0
:10178000C00708D0E068A168401A864200D9064622
:1017900004F124099CE007209CE4A068C1057FD1E6
:1017A00022689178491E01EA502101F0FF0ABAF13E
:1017B000000F11D158B161691046FFF75FF9022897
:1017C00007D2A07940F08000A071022082E4206955
:1017D000F5E7411C1ED0606161692068FFF740F9A0
:1017E000F0B100EB0A0B750A8DB320680AEB050215
:1017F00081788A4201D9A1EB0A05EBB240785A46BA
:101800003946FFF715F888B1A07940F08000A07143
:1018100001205FE4A07940F08000A071012059E42C
:10182000A07940F08000A071022053E4A079400626
:101830000BD5A069A0EB0B00A84206D207EB402015
:101840004FF400724946FFF749F86D0236E0FFE7B2
:10185000A2695A4522D0A079400610D520680123FC
:1018600049464078FEF7F8FF28B1A07940F08000A3
:10187000A07101202EE4A07920F04000A071206822
:1018800001235A4640784946FEF7D2FF30B1A0798D
:1018900040F08000A07101201CE401E0C4F818B001
:1018A0002089C0F30800C0F50075B54200D935465F
:1018B000011924312A463846FFF710F82F44A06852
:1018C0002844A060D8F800002844C8F80000761B1F
:1018D000002E7FF462AF002007E42DE9F84F0446A4
:1018E0000F46164699460020C9F800002046FFF72B
:1018F00069FEDFF8388020B10121A8F82C10BDE87E
:10190000F88FA079010603D50220A8F82C00F6E78D
:1019100080070DD40320A8F82C000720EFE7000073
:101920005252614172724161880400607C5B0460C4
:10193000E068811900D3002604F124000090C0E083
:10194000A068C10572D122689178491E01EA502130
:1019500001F0FF0ABAF1000F0BD1F0B16169104636
:10196000FFF7ACF9002874D001281FD0411C26D005
:101970006061A07940062FD52068A26901234078D4
:101980000099FEF769FF18B30620A8F82C00A0798B
:1019900040F08000A0710120B1E720690028E1D16A
:1019A00000211046FFF78AF92061DBE70420A8F840
:1019B0002C00A07940F08000A07102209FE7052054
:1019C000A8F82C00A07940F08000A071012096E7D3
:1019D000A07920F04000A07161692068FFF740F80D
:1019E000D8B100EB0A0B750AA5B320680AEB050213
:1019F00081788A4201D9A1EB0A05EBB240785A46B8
:101A00003946FEF729FF90B10820A8F82C00A079EC
:101A100040F08000A071012071E70720A8F82C0099
:101A2000A07940F08000A071022068E72DE0A06955
:101A3000A0EB0B00A8420AD207EB40214FF4007242
:101A40000098FEF74BFFA07920F04000A0716D02D6
:101A50002DE039E0FFE7A069584514D0A068E1689F
:101A6000884210D2206801235A4640780099FEF738
:101A7000DFFE40B10820A8F82C00A07940F08000DB
:101A8000A07101203BE7C4F818B02089C0F308001A
:101A9000C0F50075B54200D93546204424302A46A9
:101AA0003946FEF71BFFA07940F04000A0712F449B
:101AB000A0682844A060D9F800002844C9F80000B4
:101AC000761B002E7FF43CAFA068E168884200D905
:101AD000E060A07940F02000A0710920A8F82C0057
:101AE00000200CE770B504462046FFF76BFD002888
:101AF0000ED1A1798A060BD548060ED52068A269B9
:101B00000123407804F12401FEF7A6FE08B101206C
:101B100070BDA07920F04000A071E1692068FEF757
:101B200003FF0028F4D1256AE87A40F02000E8722B
:101B3000207B2877A089000A6877E068000CA877E6
:101B4000E068000EE87721692846FFF7EEF9FEF716
:101B5000BFFEA875010AE975010C2976000E6876AA
:101B60000020A874E874A07920F02000A0712168FA
:101B7000012008712068BDE87040FEF711BF10B564
:101B800004462046FFF7AEFF002801D10021216066
:101B900010BD2DE9F04104460D462046FFF712FD29
:101BA00080465FEA080001D0BDE8F081A079010617
:101BB00001D50220F8E7E168A94202D2800700D4EB
:101BC0000D46A0680027A760002D62D0226891789A
:101BD0004E0268B1691E401EB1FBF6F1B0FBF6F390
:101BE000994205D3711E8843A0602D1A61690CE0EB
:101BF000216949B900211046FFF760F80146012923
:101C000005D0481C09D02161616179BB41E0A07910
:101C100040F08000A0710220C6E7A07940F080006B
:101C2000A0710120C0E7A079800706D52068FFF7E2
:101C300045F8014629B9354620E02068FEF71EFF29
:101C40000146481C0CD0012904D92068D0F81600A0
:101C500088420CD8A07940F08000A0710220A3E750
:101C6000A07940F08000A07101209DE704E061614F
:101C7000A0683044A060AD1BB542D4D8A068284409
:101C8000A060E80505D02068FEF7EAFEC8B100EBC9
:101C900055272089C0052DD0A269BA422AD0A07943
:101CA00004F12405400616D5206801232946407812
:101CB000FEF7D2FD58B1A07940F08000A07101205C
:101CC00072E7A07940F08000A07102206CE7A07953
:101CD00020F04000A071206801233A464078294650
:101CE000FEF7A6FD28B1A07940F08000A071012088
:101CF0005AE7A761A068E168884204D9E060A0794A
:101D000040F02000A07140464EE7F3B583B0054691
:101D1000002D0CD00022294604A8FFF7D0FA044673
:101D20002E6800272CB12F60204605B0F0BD092099
:101D3000FBE7C5F818D028460499FFF74FFA044688
:101D400094B9696941B1C87AC00604D53046FFF735
:101D5000DDF8A86000E0052434B9F088A8800021EF
:101D60002846FFF701F80446042C00D10524002C76
:101D7000DAD02F60D8E7FEB504460E462046FFF7BE
:101D800021FC00280DD146B1C4F818D02046FFF739
:101D900002F90025042805D006E000212046FEF7C0
:101DA000E3FFFEBD256100200028FAD13146204620
:101DB000FFF7D8F900212046FFF720F80428F0D1DA
:101DC00025610020FEBD33B58BB00D46002204A96D
:101DD0000BA8FFF774FA04467CB901A80A9004A87E
:101DE0000B99FFF7FBF904463CB9099820B1294645
:101DF00004A8FFF7B7F900E0062420460DB030BD77
:101E00002DE9F74F8B461446002221466846FFF71E
:101E100056FA804626685FEA080063D1D6F8169025
:101E2000D6F80E00A9F10201884202D8CBF80000D2
:101E300058E096F800A00025BAF1010F05D0D6F8B9
:101E40001E7000200024C0B124E002242146304648
:101E5000FEF714FE411C03D0012804D030B106E087
:101E60004FF0010835E04FF0020832E06D1CD6F863
:101E70001600641C8442E9D32BE039467F1C3046AF
:101E8000FEF752FD80465FEA080022D106F12E04DB
:101E90004FF40070BAF1020F0CD02178E278637829
:101EA00041EA0261A278120442EA032211430901C5
:101EB00009D009E02178627851EA022100D16D1C35
:101EC000A41C801E02E06D1C241D001FB9F1010935
:101ED000B9D1C6F80E50BAF1030F01D101207071CB
:101EE000CBF800504046BDE8FE8F70B50446002C8C
:101EF00006D02046FFF766FB0546280002D009E021
:101F0000092070BDA079010601D5022502E08007F5
:101F100000D40725ADBBE168A06881422CD9E06000
:101F2000A17941F02001A17138B161692068FEF703
:101F3000A5FD0646701C08D008E021692068FEF760
:101F400086FE05460020206116E00125012E00D105
:101F500002258DB92068D0F81610B1420CD96169FC
:101F60006FF07042FEF7F3FD0546280004D12068AB
:101F70003146FEF76CFE05461DB1A07940F08000A9
:101F8000A071284670BD71B591B001220AA911A8AF
:101F9000FFF795F90446E4BBCDF840D00AA81199A3
:101FA000FFF71CF90446A4BB0F9E56B1F07AC00798
:101FB00000D0072431460A98FEF7A8FF054614B161
:101FC0001DE00624F6E7F07AC00618D5022D01D2EE
:101FD000022414E01C220AA903A8FEF77FFC059541
:101FE000022103A8FEF7C0FE044644B903A8FEF789
:101FF000D2FF044604B90724042C00D1002444B9BC
:102000000AA8FFF71DF804461CB935B129460A98FD
:1020100000E007E0FEF71BFE04461CB90A98FEF735
:10202000BFFC044612B0204670BD2DE9F14F8CB0C4
:10203000FEF74EFC0646012204A90CA8FFF73FF963
:10204000044620007ED101A80A9004A80C99FFF74D
:10205000C5F80446200000D10824042C72D10021C8
:102060000498FEF72BFE80460024B8F1000F00D143
:102070000724B8F1010F00D10224B8F1FF3F00D1CD
:10208000012424B900210498FEF74EFC04464FF0C9
:10209000100A4FF00109D4BB41460498FEF7E0FC5A
:1020A0008346049D2E354FF4007200212846FEF72A
:1020B0001EFC0B2220212846FEF719FC2E272F702C
:1020C00085F80BA0AE75300AE875300C2876300E16
:1020D000687641462846FEF728FF05F120002022B9
:1020E00029460B90FEF7FAFB85F8217006990498B3
:1020F0000078032805D10498D0F82200884200D146
:1021000000210B98FEF711FF0498877817E018E07C
:102110000498C0F82AB00BF1010B049880F80490E1
:1021200000210498FEF700FC0446200009D14FF47A
:10213000007200212846FEF7DAFB7F1EFFB2002F57
:10214000E6D100E01EE01CB904A8FEF746FF0446F5
:1021500024B141460498FEF77AFD13E0099880F80F
:102160000BA08675310AC175310C0176310E4176AE
:102170004146FEF7DAFE049880F804900498FEF7D2
:102180000FFC04460DB02046BDE8F08F37B58AB08D
:102190000C461546012203A90AA8FFF790F800286B
:1021A00016D1CDF824D003A80A99FFF717F8002814
:1021B0000ED1089868B105F02702C17A1440914306
:1021C0000C43C4720399012008710398FEF7E8FBE1
:1021D00014E6062012E613B58AB00C46012203A9C4
:1021E0000AA8FFF76CF8002819D1CDF824D003A86D
:1021F0000A99FEF7F3FF002811D1089888B1A17958
:102200008175E188090AC17521790176A188090AD9
:1022100041760399012008710398FEF7C1FB0CB0C9
:1022200010BD0620FBE773B598B00D46012211A939
:1022300018A8FFF744F80446002C72D111980A90B0
:1022400001A8179011A81899FEF7C8FF0446002CA2
:1022500067D1169888B1169915220B3104A8FEF79C
:102260003DFB1C2211A90AA8FEF738FB29460AA843
:10227000FEF7B4FF044614B102E0042451E0082440
:10228000042C4ED10AA8FEF7A8FE0446CCBB0F9D35
:1022900013220DF1120105F10D00FEF71FFB9DF851
:1022A000100040F02000E8721198012606710C9988
:1022B000139888422BD0E87AC00628D52946119871
:1022C000FEF724FE01461198FEF7CAFB014639B11C
:1022D0001198FEF729FB044611984E3014B116E010
:1022E000022414E041782E2911D11199097803298B
:1022F00008D1119A0C99D2F82220914202D10021E2
:1023000001E00EE00C99FEF710FE1198067144B939
:1023100011A8FEF795FE04461CB91198FEF740FB84
:1023200004461AB0204670BD2DE9F74F88B0154617
:10233000002802D00B200BB026E70998012801D90C
:102340001320F8E7681E054201D01320F3E7FA488E
:10235000046844B1002020700490FEF75BFAC107C6
:1023600003D00320E7E70C20E5E7400701D50A206A
:10237000E1E76A4601210498FEF790FA10B9009847
:10238000802801D20120D6E7099911B14FF0000849
:1023900001E04FF03F08A0EB080100917DB94FF438
:1023A000FA60B1FBF0F20020E44B00E0401C33F88F
:1023B00010509542FAD8E14A163232F810504FEADE
:1023C0005529B9F1000F01D14FF00109B9F1800F82
:1023D00001D94FF08009B1FBF9F0012640F6F67201
:1023E000904200D302264FF6F672904200D30326A5
:1023F000032E17D0012E1ED04000001D00F2FF104A
:10240000470A01254FF0200A08EB050B0BEB0700EC
:102410005044019001984844A0EB0800884210D92C
:102420000E2088E740F2072202EB8000470A2025B1
:102430004FF0000AE8E700EB4000401C4008C01CD9
:10244000DCE702AA03210498FEF728FA20B90298D3
:1024500010B1B0F5004F01D901200290DDE9011063
:102460000144491E401E81430198081A0290032E20
:102470000BD007440098411BC91BA1EB0A01B1FB1B
:10248000F9F10391022E03D007E005448344F1E7FC
:10249000039940F6F672914206D3032E06D10399B2
:1024A0004FF6F672914201D20E2044E7012E08D079
:1024B000022E09D00C200590099868B1F0200690F2
:1024C00047E001200590F7E7B0F5803F01D20420F6
:1024D00000E006200590EFE704F12E004FF40072B3
:1024E00000210790FEF703FA04F5F6700121417010
:1024F00081700022C27005990171FE21417100991D
:1025000043F6C1634144B1FBF3F102913F2343EA37
:10251000910C80F806C0C171037242728272C2725D
:10252000009901730A0A42730A0C8273090EC1737F
:10253000552084F82C02AA2084F82D0201230022C1
:1025400007990498FEF788F908B10120F3E6F8200E
:1025500006902E344FF4007200212046FEF7C7F992
:102560000B2277A12046FEF7B9F90021E172022083
:10257000207384F80D90A573280AE073012020745D
:10258000032E0BD040026074000AA0740098B0F5CE
:10259000803F05D2E074000A20750AE00020F2E7CF
:1025A00004F8200F020A6270020CA270000EE070A4
:1025B000203C069860753F20207600206076FF2141
:1025C000A176E07684F81C804FEA182060774FEA05
:1025D0001840A0774FEA1860E077FEF779F902908B
:1025E00080222921032E22D016346074030AA3749A
:1025F000030CE374000E20752770380A6070A27314
:102600002174163C132251A104F12B00FEF766F948
:10261000552084F8FE01AA2084F8FF0101234246D8
:1026200021460498FEF718F948B3012083E62434C4
:10263000E077030A84F82030030C84F82130000E80
:1026400084F822002770380A6070380CA070380EA9
:10265000E0700220207200206072A072E0720123FC
:10266000237360730623A373E0732277A177243C5E
:1026700013223BA104F14700FEF730F9C8E7032E0F
:1026800006D1012308F1060221460498FEF7E4F87A
:102690005D464FF0000B4FF4007200212046FEF71C
:1026A00026F906980290032E12D0012E0ED06FF05C
:1026B000FF010143029121700298000A60700298A4
:1026C000000CA0700298000EE07018E02949F0E7B5
:1026D00060F0FF00029020700298000A607002987B
:1026E000000CA0700298000EE070FF202071607155
:1026F000A071E07120726072A0720F20E0722A4611
:102700006D1C012321460498FEF7A6F808B10120AC
:1027100011E64FF4007200212046FEF7E8F8012090
:1027200002902CE02A466D1C012321460498FEF7F6
:1027300093F808B30120FEE58C040060621D0408D4
:10274000EBFE904D53444F53352E30004E4F204EEC
:10275000414D4520202020464154202020202000AB
:102760004E4F204E414D45202020204641543332CB
:102770002020200000FFFF000298401C02900298D9
:10278000B842CFD30BF1010BBBF1000F83D0032E66
:1027900000D0D1462A466D1C012321460498FEF73D
:1027A0005BF808B10120C6E5B9F10109F2D1032EA9
:1027B0003AD15220207060706120A0704121E170F8
:1027C000722284F8E42184F8E52184F8E61184F883
:1027D000E7010398401E84F8E801010A84F8E91132
:1027E000010C84F8EA11000E84F8EB01022084F851
:1027F000EC01002084F8ED0184F8EE0184F8EF018B
:10280000552084F8FE01AA2084F8FF01012308F175
:10281000010221460498FEF71FF8012308F1070280
:1028200021460498FEF718F8002211460498FEF796
:1028300035F808B101207EE500207CE5D8F724B802
:1028400010B50C46D8F722F82070012010BD10B545
:102850000C460221D8F76FF82080012010BD10B57A
:10286000C9B2D8F734F8012010BDDBF701B980B246
:10287000DBF71EB9D8F7B6B830B5B74832210170CA
:1028800030214170B54A0A219379B3FBF1F4303419
:102890008470B3FBF1F401FB14333033C3702D2586
:1028A00005715379B3FBF1F430344471B3FBF1F4A7
:1028B00001FB143330338371C571D378B3FBF1F46A
:1028C00030340472B3FBF1F401FB14333033437240
:1028D000202383729378B3FBF1F43034C472B3FBDA
:1028E000F1F401FB1433303303733A244473537807
:1028F000B3FBF1F530358573B3FBF1F501FB15330F
:102900003033C37304741278B2FBF1F33033437481
:10291000B2FBF1F301FB13213031817430BD2DE99D
:10292000F05F4FF496614FF46163DFF834E24A00E0
:102930008C005D00CE000F01DFF828B24FF4164C7A
:102940004FF461484FF496394FF4E13A022819D018
:1029500078B3012874D1844890F8230004286FD0FC
:1029600007286DD00C286BD0082869D07F480078E4
:102970000C2865D2DFE800F0B1B6BBC0C5CACFD421
:10298000DEE3E8D99BF8020001280BD078480078F4
:102990000C2855D2DFE800F00E13181D22272C3129
:1029A0003B4045369EF802004FF0000E8BF802E0E7
:1029B000EEE73CE0BDE8F05F0846DAF747BFBDE868
:1029C000F05F1046DAF742BFBDE8F05F1846DAF76D
:1029D0003DBF2046BDE8F05FDAF738BF2846BDE8C6
:1029E000F05FDAF733BF3046BDE8F05FDAF72EBFAD
:1029F0003846BDE8F05FDAF729BF6046BDE8F05F12
:102A0000DAF724BF4046BDE8F05FDAF71FBF48465B
:102A1000BDE8F05FDAF71ABF5046BDE8F05FDAF7BD
:102A200015BFBDE8F05F4FF46120DAF70FBF9BF8E8
:102A3000000001280DD04F4800780C2800D200E09B
:102A400088E0DFE800F00D12171C21262B303A3FFA
:102A500044359EF800004FF0000E8BF800E0ECE7E4
:102A6000BDE8F05F0846DAF765BEBDE8F05F1046E6
:102A7000DAF760BEBDE8F05F1846DAF75BBE2046C5
:102A8000BDE8F05FDAF756BE2846BDE8F05FDAF73A
:102A900051BE3046BDE8F05FDAF74CBE3846BDE8BF
:102AA000F05FDAF747BE6046BDE8F05FDAF742BE96
:102AB0004046BDE8F05FDAF73DBE4846BDE8F05F4E
:102AC000DAF738BE5046BDE8F05FDAF733BEBDE84E
:102AD000F05F4FF46120DAF72DBEBDE8F05F0846E5
:102AE000DAF73DBFBDE8F05F1046DAF738BFBDE862
:102AF000F05F1846DAF733BF2046BDE8F05FDAF73B
:102B00002EBF2846BDE8F05FDAF729BF3046BDE8A2
:102B1000F05FDAF724BF3846BDE8F05FDAF71FBF91
:102B20006046BDE8F05FDAF71ABF4046BDE8F05FE7
:102B3000DAF715BF4846BDE8F05FDAF710BF504638
:102B4000BDE8F05FDAF70BBFBDE8F05F4FF461203E
:102B5000DAF705BFBDE8F09F02CA0460F81700600D
:102B6000CC030060CF030060B24C046065030060DA
:102B70006603006064030060FD4A107800280DD0F1
:102B8000FC490879401CC0B20871052806D900200C
:102B900010700871F849888E401C8886704710B5FF
:102BA000002464230022F5A1F5A001F09EF808B1ED
:102BB000022010BDD6F7C5F8641CE4B20A2CF0D38D
:102BC00001D0012010BD002010BD70B5ED484FF4BC
:102BD000FA6490F82310072913D0082911D00C2982
:102BE0000FD0E94E4FF4805529463046D6F72EF8DF
:102BF0002046DAF75DFF29463046BDE87040D6F73B
:102C000023B8E24E4FF4007529463046D6F71EF839
:102C10002046DAF74DFF29463046BDE87040D6F72A
:102C200013B808B5D74890F82300072810D0082813
:102C30000ED00C280CD001210802D6F7BAF94FF4B7
:102C40008050ADF800006946CF48D5F78EFF08BD2B
:102C500001211020D6F7ADF94FF40070ADF8000057
:102C60006946CA48D5F781FF08BD70B5C84D40F226
:102C700025512846D7F78AFBC64CB8B12846D7F766
:102C800011FBC2B2B4F8000440F2FF31C0F30E00F1
:102C900088420BD2B4F80004B4F80034C0F30E013B
:102CA000481C60F30E03A4F80034625440F224413F
:102CB0002846D7F76BFB01280AD194F8010440F0AD
:102CC000800084F801042846BDE87040D7F7EABACE
:102CD00070BD70B50C46B0A10CF082FB20B18179BB
:102CE0002C2903D0002070BD002070BD017A3A2944
:102CF00010D1C279303A092A0CD892B2002105E0ED
:102D000043185B7A04F8013B491C89B29142F7D31E
:102D1000104670BD427A6FF02F053A2A03D0837AAD
:102D20003A2B1AD03EE0C279303A092A3AD83029F3
:102D300038D3392936D802EB820205EB420211441E
:102D40008AB2002105E043189B7A04F8013B491C34
:102D500089B29142F7D3104670BDC379303B092B3D
:102D600020D830291ED339291CD8302A1AD3392A21
:102D700018D803EBC306303906EB031301EB8101CE
:102D800002EB830205EB410111448AB2002105E008
:102D90004318DB7A04F8013B491C89B29142F7D30E
:102DA000104670BD002070BD70B500247C4D4FF4FE
:102DB0007A7601F029F9A870401E032808D330461E
:102DC000DAF776FED5F7BDFF641CE4B20A2CF0D327
:102DD000A878032808D1BDE870404FF4FA730022A8
:102DE00066A170A000F081BF70BD4FF4FA7300229D
:102DF00062A170A000F079BF2DE9F0475D4E00257B
:102E00007571674FB878012864D03878022861D08E
:102E100050B1B5714FF4FA73002258A168A000F0C8
:102E200064FFC820DAF744FE78784FF480684FF4E6
:102E30007A79012825D1002400F0E7FF4846DAF727
:102E400037FE0FE0002001F07FFE01464246604859
:102E50000CF0A2FA49A14F480CF0C2FA38B9484622
:102E6000DAF726FE2046641CE4B20528EAD34B4676
:102E700058A242A159A000F038FFC820DAF718FE86
:102E800075713878012822D1002000F087FFC82012
:102E9000DAF70EFE002442494A31A1F1400000F069
:102EA00093FF0FE0002001F04FFE014642464848E4
:102EB0000CF072FA31A137480CF092FA38B9484652
:102EC000DAF7F6FD2046641CE4B20528EAD3BDE833
:102ED000F04769E7BDE8F08710B5264CE079012896
:102EE00005D1FFF789FFF2F78CFB0020E07110BDE0
:102EF00010B58CB001210220D6F750F8394C20468D
:102F0000D5F7D6FC4FF416700490102003900021E2
:102F10000B91354A02920891802206922020099056
:102F20001B48001D01900791059180140A9001A98A
:102F30002046D5F734FD0CB010BD8EB0142009909A
:102F40000C4F0025BD71FD7115490420C871FD703D
:102F5000B1F803004FF6FF72002801D0904203D170
:102F60004FF4FB70A1F80300B1F80500F0B33EE0A8
:102F70005C010060900400607C5B04604F4B0000CB
:102F800041540000B24C0460002001400010014098
:102F9000004C004036D904602B495044000000002A
:102FA00016CE046041542B434950434C4F53453D8A
:102FB0003500000041542B524553544F52450000F8
:102FC00041542B435753544F50534D4152540000DA
:102FD00016CA0460726561647900000041542B5286
:102FE0005354000058040240DED6046001E09042D1
:102FF00003D14BF6C020A1F805008A46B1F80300C2
:103000000A2206A900F054FD00F002FEFFF709FEB7
:10301000FFF76EFFFE4890F8230007281FD008280E
:103020001DD00C281BD04FF48051FA48D5F70CFE68
:103030004FF4FA642046DAF73BFDFFF7C6FD204661
:10304000DAF736FDFFF7ABFD08900898F2494FF02C
:1030500001090D91022808D08AF802905CE04FF433
:103060000071EE48D5F7F0FDE2E704A9DF20FFF795
:10307000E7FB9DF81000442843D018208DF811007C
:10308000FE208DF81200E24A107828B9517819B95B
:10309000917809B9D17899B3FF2808D15178FF29DF
:1030A00005D19178FF2902D1D178FF292CD0D17890
:1030B000102903D210318DF8131001E08DF8131090
:1030C0009178102903D210318DF8141001E08DF899
:1030D00014105178102903D210318DF8151001E029
:1030E0008DF81510102803D210308DF8160001E06D
:1030F0008DF816000DF1110001F0F4F887F8039037
:1031000002E00D9801F0A0F805218AF802100020D5
:1031100000F044FEFFF770FEDFF804B3C1480C90E6
:103120000520DAF7C5FC089802280AD1F8780128AA
:1031300007D10D9801F088F8FD704421DF20FFF7DA
:103140008EFBD5F7FEFD08980228E9D138781428BF
:1031500002D93D70FFF739FD9AF80200022859D0D4
:10316000012857D09AF8010038B98AF86A508AF8CD
:103170006B508AF86C508AF86D50B87950B94FF49A
:103180007A730022AFF20C21A7A000F0AEFD08B1C7
:1031900087F80690B879C8B3002400F035FF8AF8A4
:1031A00002006420DAF784FCD5F7CBFD9AF8020020
:1031B000032804D92046641CA4B2C828EDD3C82C27
:1031C00005D3FFF719FE3878401C3870A8E78AF855
:1031D0000050914840216C380CF0F7F88E482021BF
:1031E0002C380CF0F2F8944880F81890ECF74BFA71
:1031F0004FF4FA730022AFF27C21AFF23C2000F0D2
:1032000074FD6420DAF754FCFFF7F6FDC820DAF706
:103210004FFC85E73D70787938B34FF480642146E0
:1032200086480CF0D2F821467D480CF0CEF80020FC
:1032300001F08AFC0146224679480CF0ADF89BF873
:1032400007003038C6B27D497548FFF742FD044695
:10325000002C73D0B01E022871D8DFF8E0E19EF890
:1032600000000B901C286CD06DE06B4928220C39B3
:103270000D9801F0C5F868B19AF86A0040B99AF85B
:103280006B0028B99AF86C0010B99AF86D00E0B19B
:1032900087F80590002001F0F9F94FF4FA742346FD
:1032A0000022AFF2283166A000F01FFD012000F0DF
:1032B00016FED5F746FD23460022AFF24031AFF2AD
:1032C0001C3000F012FD002403E07D71E2E7D5F729
:1032D00038FD0095BAF8051002230A465CA000F0FC
:1032E00046FE20B92046641CA4B20528EFD3002472
:1032F00040F2D24601E0D5F724FD314602230A46CA
:1033000053A0CDF8009000F032FE20B92046641C96
:10331000A4B20528EFD3002401E0D5F712FD09AAD5
:1033200006A9012000F04FFE00287FF44FAF204691
:10333000641CA4B20528BFF449AFEEE7F1E0F1E068
:10334000FFE7302C03D00B98EE2806D01BE00022BC
:1033500021463A48DDF7C9FFDBE29EF8010010285C
:1033600011D19EF8020070B99EF8030058B99EF87A
:10337000040040B99EF8050028B99EF8060010B96F
:103380009EF8070040B1224E9EF806103079814227
:1033900009D0FF2903D018E0F2F726F9B9E29EF828
:1033A0000700192811D025490520F3F75BF97A8920
:1033B00042B19BF807002A493038C3B2002001F01F
:1033C00058FB7D81FFF788FDA3E29EF806000028E8
:1033D0003FF4FCAE9EF80700032811D006280FD05A
:1033E00010280DD019280BD0012809D0022807D0A9
:1033F000042805D0052803D00F2801D0182894D11F
:10340000102804D19EF80C00201A0D288DD129E037
:10341000B24C0460002001408CCE046000100140DA
:1034200016CA0460D021016041542B4357535441C4
:103430005254534D41525400A4B50360DED204608F
:1034400041542B4349504D4F44453D30000000004E
:103450003235352E3235352E3235352E3235350072
:10346000EAD0046096F82A00072815D096F82800BC
:10347000072815D096F829000728C0D186F824908F
:103480000020DFF8F8E3FA4AFA4B9EF800E0DFF894
:10349000E8C3CDF828E01EE0022086F82400EFE71C
:1034A00086F82450ECE712F800E0714504D14FF0A3
:1034B000020E86F824E00CE013F800E0714502D11A
:1034C00086F8245005E01CF800E0714501D186F82B
:1034D0002490401CC0B2DDF828E07045E3D3E848F2
:1034E000032241780B9841EA0021E548C07A02EBBB
:1034F000400204A8DBF7B2FFE148A41F96F824209D
:10350000A1B204AB801DF1F7BCFA7A89002A08D079
:103510009BF80700DB493038C3B2002001F0A9FA5C
:103520007D81F6E116B1012E7CD0F2E1B878E8BBDE
:1035300087F8029000232246D14901A8CDF80090D7
:1035400005F0FAFB0246501EB0F5FF7F67D8012355
:10355000CB4901A806F014FFCB48007838B300240B
:10356000CA4E02E03220DAF7A3FA307820B92046BA
:10357000641CE4B20A28F5D33178C1B1C2490D7098
:103580000024C34E16E09BF8071040F22D1230398C
:10359000CBB204FB02F106EB41010020B1F8582246
:1035A00001F067FA0120DAF783FA01E037E007E07B
:1035B000641CE4B2B54909788C42E4D3B348057081
:1035C0003A8942B19BF80700B2493038C3B20020B3
:1035D00001F04FFA3D81B048017801B3002418E0B2
:1035E00040F22D1004FB00F1AC4800EB4106B6F8A8
:1035F000580260B10120DAF75BFA9BF80700B6F8D1
:1036000058223038C3B23146002001F032FA641C2F
:10361000E4B2A14800788442E2D39F480570BD70AF
:1036200077E1FFE79649087864287DD19C4880F8C7
:10363000009000209AF86A609AF86BC09AF86C20A3
:103640009AF86DE0C4F3850412E08D4901EB800126
:103650004B78B3420AD18B78634507D1CB7893423C
:1036600004D10979714501D18D490D70401CC0B25A
:10367000A042EAD38A480078002855D00020DCF721
:10368000B9F8884CA577E57784F8205084F8215064
:103690009AF86A0020829AF86B0060829AF86C00AF
:1036A000A0829AF86D00E08214227F490C980BF0FA
:1036B00073FE7E48007840F0020084F83E009BF8DC
:1036C000070043223038C3B22146002001F0D1F96F
:1036D00000264DE0764BC6EBC60000EB030C9CF8D1
:1036E0000610DC290DD21A5CDFF8C8E10EEBD20E11
:1036F00002F007029EF800E009FA02F21EEA020F49
:1037000034D0232932D0DCF80120A280C2F3072C68
:10371000A4F806C0C2F3074CA4F808C0120E6281D8
:10372000A181185CE08100E0F3E063480178A177B3
:103730004178E177817884F82010C07884F82100FE
:103740005E48142200EB06110C980BF025FE57483A
:10375000007840F0020084F83E009BF80700432206
:103760003038C3B24F49002001F083F9761CF6B21D
:10377000424800788642ADD300262EE006EB860054
:103780004F4B00EBC600C1180822A281185CE081F3
:1037900049480278A2774278E277827884F820203C
:1037A000C07884F82100D1F80500A080010AE180EA
:1037B000010C2181000E60813C48007840F002003D
:1037C00084F83E009BF8070043223038C3B23549E5
:1037D000002001F04EF9761CF6B23A480078864295
:1037E000CCD3002690E02B2006FB00F136480144A4
:1037F000887CE0BB0868A080020AE280030C238179
:10380000020E62818A7AA2814A7AE2812A4A92F879
:1038100000C084F81EC092F801C084F81FC092F85E
:1038200002C084F820C0D27884F82120C0F3072297
:1038300042EA00226284097984F82410190241EADC
:103840001060A4F83900142101A80BF0BEFD4D2032
:103850008DF8040053208DF8050054208DF80600E3
:1038600050208DF807003A208DF808002EE049E03E
:103870003A0604603E0404603C050460E80200600F
:10388000DED20460EAD00460570200605C01006090
:10389000AAA5016092CE0460210100604E2F016054
:1038A000F0000060AB210160B47803606203006047
:1038B0007A310460B23A0460B24C04608C1E046039
:1038C000C94304600D030060889B03608DF81750A6
:1038D000142201A90C980BF05FFD0C2084F83F0026
:1038E0006348007840F0020084F83E000120DAF7D7
:1038F000DFF89BF8070043223038C3B25D4900204F
:1039000001F0B7F8761CF6B25B4800788642FFF407
:103910006AAF6420B8FBF0F100FB118098B9D5F7CD
:1039200010FA4FF47A70DAF7C3F800F0F5FCF8B14A
:1039300002208AF802007D707878032803D98AF87B
:1039400002907D717D70404608F101081FFA88F8E9
:10395000B0F5967F7FF63AAC4FF00008D5F7F1F955
:10396000012000F093FE02287FF430AC7D712DE43D
:103970007878401C7870DFE71CB540490023CDE91A
:1039800000014FF47A723EA1AFF65120D8F724FC23
:103990001CBD70B504463D4D012280212846D6F756
:1039A00043FC21463A4C2046D5F73AF801212046FF
:1039B000D5F71FF8374E3046D5F737F80028FAD03C
:1039C0003046D5F741F800212046D5F712F82846B1
:1039D000BDE8704000228021D6F726BC10B50C4609
:1039E000014622462C480BF0D7FC2046FFF7D1FFBA
:1039F00010BD70B58CB02948002505700024022642
:103A000001E0D5F79EF97B220223114624A00096FF
:103A100000F0ADFA20B92046641CE4B20528F0D3CA
:103A20003022DB208DF800008DF8015004208DF845
:103A30000200FA208DF803008DF8045001208DF863
:103A400005008DF806508DF807508DF808508DF858
:103A500009000A20694602E00D54401CC0B29042A1
:103A6000FAD302236946002001F003F80CB070BDC0
:103A700062030060AB2101606C0200609C04006086
:103A8000574946495F7461736B000000004C004069
:103A90005804024000000210DED60460720100608B
:103AA0003137362E3232312E34322E31323500005B
:103AB000F0B503460025084600260A2A01D0067004
:103AC000F0BD002B1DD005DA4FF02D0200F8012BC0
:103AD000C3F1000342F210724FF00A0793FBF2F4B5
:103AE00054EA050C06D004F1300500F8015B04FB34
:103AF0001233012592FBF7F2002AEFDC067008462C
:103B0000F0BD3022027046700846F0BD0FB430B5EB
:103B100085B005460AA800900EE05C2914D025293E
:103B20002CD0521C28460992D6F7B8FB8021284693
:103B3000D6F721FC0028F9D0099A11780029ECD198
:103B400005B030BC5DF814FB521C099210786E2849
:103B50000CD0722802D0521C0992E7E70D212846AA
:103B6000D6F79CFB0998401C0990DFE70A212846FC
:103B7000D6F794FB0998401C0990D7E7521C09928C
:103B80001078642819D0732802D0521C0992CDE70E
:103B9000009810C8009009E02846D6F77FFB8021E6
:103BA0002846D6F7E8FB0028F9D0641C21780029C4
:103BB000F2D10998401C0990B8E7009808C8009015
:103BC0000A2201A91846FFF773FF01AC09E0284655
:103BD000D6F764FB80212846D6F7CDFB0028F9D024
:103BE000641C21780029F2D10998401C09909DE7B6
:103BF00008B534208DF8000000208DF801008DF804
:103C0000020001208DF803006846D4F732FC08BD9D
:103C100010B586B00121C804D5F7D6F901211020CE
:103C2000D5F7C7F94FF48060ADF8140018208DF86F
:103C3000170003208DF81600FC4C05A92046D4F788
:103C400094FFE114ADF8141004218DF8171005A9A4
:103C50002046D4F78AFF4FF4E13001900020ADF800
:103C60000800ADF80A00ADF80C00ADF810000C200B
:103C7000ADF80E00EE4C01A92046D6F733FA01222A
:103C800040F225512046D6F7B4FA012240F22441F1
:103C90002046D6F7AEFAFFF7ABFF01212046D6F754
:103CA0009CFA06B010BD08B510208DF80300032063
:103CB0008DF8020001210802D5F77BF94FF48050FE
:103CC000ADF800006946DB48D4F74FFF08BD10B5DA
:103CD000FFF7E9FFFFF79CFFFFF70AF9BDE8104087
:103CE0004FF48051D348D4F7AFBF2DE9F0410D46D2
:103CF00090461E460246D0A1CD48FFF707FF55EA81
:103D0000080012D0CE4FB7F800046FF30E00A7F8EA
:103D1000000497F8010420F0800087F801040024D3
:103D20003220B6FBF0F086B207E00120BDE8F0815A
:103D30003220D9F7BDFED5F704F897F80104000644
:103D400004D42046641CA4B2B042F1D3B7F80014E6
:103D50000020C1F30E0178547DB1B8F1000F0CD0F2
:103D60002946B7480BF03CFB28B94146B4480BF054
:103D700037FB0028DAD00120D8E73DB12946B0480A
:103D80000BF02EFB0028D1D00120CFE74146AC48F4
:103D90000BF026FB0028C9D00120C7E740F6C4136A
:103DA000002805D0012807D0022809D0002070473C
:103DB000A4A2A7A1A7A098E7A2A2A5A1A8A094E762
:103DC000A0A2A3A1A9A090E700B59FB00B46024610
:103DD000A9A101A80CF0BAFD41F2883300229CA1F0
:103DE00001A8FFF782FF1FB000BD00B59FB00B46D2
:103DF0000246A6A101A80CF0A9FD41F288330022D9
:103E000093A101A8FFF771FFEDE72DE9F041CEB0D6
:103E1000642135A80BF0D9FA0024A24D13AE28195D
:103E200006EB840190F86A000A22FFF741FE641C49
:103E3000E4B2042CF3D300240FAF281907EB84015C
:103E400090F86E000A22FFF733FE641CE4B2042CE3
:103E5000F3D300240DF12C08281908EB840190F805
:103E600072000A22FFF724FE641CE4B2042CF3D390
:103E700012A811A9CDE9081010AACDE906720EA862
:103E80000DA9CDE9041016A815A90CAACDE90010BA
:103E9000CDE90282331D13AA83A135A80CF056FD8B
:103EA00035AA8CA117A80CF051FD4FF47A630022BB
:103EB00067A117A8FFF719FF4EB037E700B59FB00D
:103EC0000B460092024688A101A80CF03FFD4FF47A
:103ED0007A7300225EA101A8FFF707FF83E700B510
:103EE00085B0002801D0012200E0002284A16846AC
:103EF0000CF02CFD4FF4FA73002255A16846FFF731
:103F0000F4FE05B000BDF0B5B9B004460F46154645
:103F10001E46642120A80BF058FA14B1012C0FD1D1
:103F200007E03B467AA27BA120A800950CF00EFD8D
:103F300006E03B467BA277A120A800950CF006FD89
:103F4000052E06D220AB324677A102A80CF0FEFC6B
:103F500004E020AA79A102A80CF0F8FC4FF47A63DF
:103F60007AA23BA102A8FFF7C0FE39B0F0BD2DE94F
:103F7000F041BAB08046409F0E4615461C4664216B
:103F800021A80BF022FACDE90065434665A273A192
:103F900021A802940CF0DAFC052F06D221AB3A4698
:103FA00061A103A80CF0D2FC04E021AA63A103A83C
:103FB0000CF0CCFC4FF47A6364A225A103A8FFF7B0
:103FC00094FE3AB0B2E610B59EB04FF4FA740028F1
:103FD0000DD00B46012266A168460CF0B7FC2346C3
:103FE00000221BA16846FFF780FE1EB010BD0B46E5
:103FF00000225FA168460CF0A9FC2346002214A110
:104000006846FFF772FEF0E710B54FF4FA7300222E
:104010000FA15CA0FFF769FE30B15EA108480BF06C
:10402000DFF910B1022010BDCFE0B9E0001001406F
:10403000004C00400020014025730D0A00000000E4
:1040400036D904606E6F206368616E67650000009A
:104050004F4B000041542B43574D4F44453D3100D9
:1040600041542B43574D4F44453D320041542B435F
:10407000574D4F44453D330041542B43574A41501F
:104080003D222573222C22257322000041542B430C
:10409000574A41505F4445463D222573222C222534
:1040A0007322000016CE04602225732E25732E2560
:1040B000732E2573222C2225732E25732E25732E05
:1040C0002573222C2225732E25732E25732E2573FE
:1040D0002200000041542B4349505354415F444552
:1040E000463D25730000000041542B435753415077
:1040F0003D222573222C222573222C312C2564008D
:1041000041542B4349504D55583D25640000000053
:1041100054435000222573222C222573222C257310
:10412000000000005544500041542B434950535463
:104130004152543D25642C257300000041542B430B
:10414000495053544152543D25730000414C52454F
:10415000415920434F4E4E454354000022257322BF
:104160002C222573222C25642C25642C2564000028
:1041700041542B4349505345525645523D25642CDA
:104180002573000041542B43495053544154555317
:10419000000000005354415455533A320D0A0000B8
:1041A000FBA1FE480BF01CF908B103203BE7FCA182
:1041B000FA480BF015F908B1042034E7FBA1F748E1
:1041C0000BF00EF908B105202DE706202BE710B5FE
:1041D00000244FF4FA730022AFF28C11AFF25C00AE
:1041E000FFF783FD00282DD0F3A1EC480BF0F8F881
:1041F00000B10124F4A1E9480BF0F2F810B144F049
:10420000020401E024F00204F3A1E4480BF0E8F812
:1042100010B144F0040401E024F00404F2A1DF48EA
:104220000BF0DEF810B144F0080401E024F00804BB
:10423000F1A1DA480BF0D4F810B144F0100401E019
:1042400024F010042046EEE62DE9FC410646C82382
:104250000022AFF20421ECA0FFF747FD0025002467
:10426000EDA1CE480BF0BCF818B10B3000226F4620
:1042700002E00020BDE8FC81815C3A2902D0052DD6
:104280000DD00EE0022C06D19DF801109DF80030F3
:1042900001EB031171556D1CEDB2002413E02229CE
:1042A00015D0A1F13003092B04D82146641CE4B2D7
:1042B0007B5408E0A1F16103052B04D8573923464C
:1042C000641CE4B2F954521CD2B2282AD4D3022C72
:1042D00006D19DF801009DF8001000EB011070550B
:1042E0000120C7E710B592B041790279C37884788C
:1042F000CDE90221CDE9004343780278CAA105A89F
:104300000CF024FB4FF47A730022AFF2BC2105A815
:10431000FFF7EBFC12B086E6F8B54FF4FA73002213
:10432000AFF2D421CAA0FFF7E0FC0024CCA19B4847
:104330000BF056F818B10C300021CC4D08E0CCA1A0
:1043400096480BF04DF808B10220F8BD0020F8BDEA
:10435000425C222A0CD023462B44641CE4B29A729D
:10436000491CC9B23C29F3D328B11530002104E01F
:104370000844401CF8E70020F8BD425C2C2A1CD001
:10438000491CC9B20529F8D3002100226C46835C80
:1043900063B12D2B14D0303B092B03D80E46491C9A
:1043A000C9B2A355521CD2B2052AF0D3012909D0B3
:1043B00002290BD0032913D020E00844401CE3E776
:1043C0000021EFE79DF80000287217E09DF800003B
:1043D0009DF8011000EB800001EB400028720DE019
:1043E0009DF80010642041439DF8010000EB80001F
:1043F00001EB40009DF80210084428720120F8BD2E
:104400002DE9FE4380460E4617464FF4FA794B4697
:104410000022AFF2C43198A0FFF767FC002500240A
:1044200098A15E480AF0DCFF10B1C21D00203BE0FD
:104430000020BDE8FE83115C2E2902D0032D27D079
:1044400028E0012C04D0022C06D0032C0ED01BE057
:104450009DF80810715517E09DF808109DF8093077
:1044600001EB810103EB410171550DE09DF808302E
:1044700064214B439DF8091001EB810103EB4101DD
:104480009DF80A30194471556D1CEDB2002409E005
:1044900022290BD0303923460DF1080C641CE4B2FC
:1044A0000CF80310401CC0B2B842C4D3012C04D095
:1044B000022C06D0032C0ED01BE09DF8080070558E
:1044C00017E09DF808009DF8091000EB800001EB53
:1044D000400070550DE09DF80810642041439DF8A0
:1044E000090000EB800001EB40009DF80A10084431
:1044F00070554B460022AFF2A84143A0FFF7F5FBF1
:104500000025002444A125480AF06AFF20B100F1EB
:104510000B0300206E462BE000208AE7195C3A2945
:1045200002D0052D0ED00FE0022C07D19DF801100E
:104530009DF8002001EB021108F805106D1CEDB28A
:10454000002413E0222915D0A1F13002092A04D851
:104550002146641CE4B2725408E0A1F16102052A0C
:1045600004D857392246641CE4B2B154401CC0B28E
:10457000B842D3D3022C07D19DF801009DF800105A
:1045800000EB011008F80500FFF7C6FE012050E718
:104590005354415455533A330D0A000036D9046040
:1045A0005354415455533A340D0A00005354415466
:1045B00055533A350D0A00002B434950535441548A
:1045C00055533A302C0000002B434950535441546A
:1045D00055533A312C0000002B4349505354415459
:1045E00055533A322C0000002B4349505354415448
:1045F00055533A332C0000002B4349505354415437
:1046000055533A342C00000041542B434950535425
:10461000414D41433F0000002B4349505354414D0D
:1046200041433A220000000041542B434950535467
:10463000414D41435F4445463D2225783A25783A2D
:1046400025783A25783A25783A2578220000000026
:1046500041542B43574A41505F4355523F0000009D
:104660002B43574A41505F4355523A0016CE0460DF
:10467000627573790000000041542B434946535240
:104680000000000053544149502C22002DE9FF47FF
:1046900007464FF47A730022AFF24C61FCA0FFF79B
:1046A00024FB00250024A0468DF80E808DF80D8097
:1046B0008DF80C80FAA1FC480AF092FE20B1431D4F
:1046C000002002AA03AE03E0002004B0BDE8F0879A
:1046D000195C2E2907D0032D01D3222934D0022CB6
:1046E00028D90020F1E7012C04D0022C06D0032C9D
:1046F0000ED01BE09DF80C10515517E09DF80C10E2
:104700009DF80D4001EB810104EB410151550DE095
:104710009DF80C4064214C439DF80D1001EB810184
:1047200004EB41019DF80E40214451556D1CEDB242
:10473000002405E03039A446641CE4B206F80C10ED
:10474000401CC0B22828C3D3012C04D0022C06D0B0
:10475000032C0ED01BE09DF80C00505517E09DF87F
:104760000C009DF80D1000EB800001EB400050554F
:104770000DE09DF80C10642041439DF80D0000EB06
:10478000800001EB40009DF80E1008445055DFF802
:104790001C93E7B19DF8080099F86A10884211D17E
:1047A0009DF8090099F86B1088420BD19DF80A001A
:1047B00099F86C10884205D19DF80B0099F86D109E
:1047C000884207D00298C9F86A0002207DE7029863
:1047D000C9F86A00002500248DF80E808DF80D8040
:1047E0008DF80C80B2A1B0480AF0FAFD20B100F1BA
:1047F0000A03002001AA01E0002066E7195C2E29C7
:1048000007D0032D01D3222934D0022C28D900202F
:104810005BE7012C04D0022C06D0032C0ED01BE049
:104820009DF80C10515517E09DF80C109DF80D40A7
:1048300001EB810104EB410151550DE09DF80C4065
:1048400064214C439DF80D1001EB810104EB410103
:104850009DF80E40214451556D1CEDB2002405E039
:104860003039A446641CE4B206F80C10401CC0B2F7
:104870002828C3D3012C04D0022C06D0032C0ED040
:104880001BE09DF80C00505517E09DF80C009DF8BA
:104890000D1000EB800001EB400050550DE09DF83D
:1048A0000C10642041439DF80D0000EB800001EBEB
:1048B00040009DF80E1008445055E7B19DF80400E3
:1048C00099F87210884211D19DF8050099F873107B
:1048D00088420BD19DF8060099F87410884205D1E2
:1048E0009DF8070099F87510884207D00198C9F81B
:1048F00072000220E9E60198C9F872000025002440
:104900008DF80E808DF80D808DF80C806BA16648B7
:104910000AF066FD20B100F10A0300206A4601E0BA
:104920000020D2E6195C2E2907D0032D01D32229BD
:1049300034D0022C28D90020C7E6012C04D0022C48
:1049400006D0032C0ED01BE09DF80C10515517E03B
:104950009DF80C109DF80D4001EB810104EB410125
:1049600051550DE09DF80C4064214C439DF80D100D
:1049700001EB810104EB41019DF80E4021445155AA
:104980006D1CEDB2002405E03039A446641CE4B28D
:1049900006F80C10401CC0B22828C3D3012C04D048
:1049A000022C06D0032C0ED01BE09DF80C005055B5
:1049B00017E09DF80C009DF80D1000EB800001EB56
:1049C000400050550DE09DF80C10642041439DF8C7
:1049D0000D0000EB800001EB40009DF80E10084434
:1049E0005055E7B19DF8000099F86E10884211D13A
:1049F0009DF8010099F86F1088420BD19DF80200D4
:104A000099F87010884205D19DF8030099F871104B
:104A1000884207D00098C9F86E00022055E6009839
:104A2000C9F86E00012050E610B54FF4FA74234621
:104A30000022AFF6E41124A0FFF757F940B1234656
:104A400025A2AFF6F411BDE8104024A0FFF74DB940
:104A5000002010BD10B54FF47A70D9F729F822A1C3
:104A60002248FFF753F8BDE810404FF4FA70D9F729
:104A70001FB870B51546ADF5167D0E461A460024D2
:104A800040F226218D4233D900200DF5167D70BDF0
:104A900041542B4349505354415F4355523F00000A
:104AA0003A69703A2200000036D9046016CE0460DC
:104AB0003A676174657761793A2200003A6E6574ED
:104AC0006D61736B3A22000041542B4349504D4FA6
:104AD00044453D31000000003E00000041542B439E
:104AE000495053454E4400002B2B2B00004C0040F6
:104AF00038B13246AFF6B0112F48FFF707F801245E
:104B000020E0052A05D22B462CA168460BF01EFF9B
:104B100004E02A462EA168460BF018FF68460AF00A
:104B20007BFC81B211B1B1F5077F01D90020ACE760
:104B30006846FEF753FF0220D8F7BAFF29463046F1
:104B4000FEF74CFF2046A0E72DE9F041074600267E
:104B5000234DB5F800046FF30E00A5F8000495F896
:104B6000010420F0800085F8010440F2024128464B
:104B70000AF02BFC002404E00A20D8F799FFD4F7B0
:104B8000E0F895F80104000604D42146641CA4B2A0
:104B90006429F1D3B5F800140020C1F30E01685464
:104BA0000FB10F4E05E00FA10D480AF019FC00B13E
:104BB0000B4E3046BDE8F081004C004041542B4381
:104BC000495053454E443D25642C25640D0A000090
:104BD00041542B43495053454E443D25640D0A0032
:104BE00036D904602B4950440000000008B1BA4B8C
:104BF000036011B1B84808380860002A02D0B648EE
:104C0000001F10607047412801D20120704700202A
:104C10007047B24800787047B149085C401C704743
:104C2000B049084410F8010C70472DE9F0410C46DA
:104C30000746FFF7F5FF7CB3552121804FF0FF3683
:104C40000025666025720421A172C2B229460120A6
:104C5000DEF7C6F8206184F87052D4F87442DCB1F3
:104C60006F202080666025720820A07204F1100079
:104C7000064607F009FF00221146304607F00DFFF7
:104C800000220121304607F008FF002202213046B1
:104C900007F003FF84F870523846BDE8F041DFF7B3
:104CA000C4BE10B50C4603460022FFF7B9FF402BE7
:104CB00008D2C1B20120DDF751FE0146204607F0BF
:104CC000A1FF0246104610BD2DE9F043ADF51B7D56
:104CD0008146DDE9A25498460846FFF7A1FF022766
:104CE000FE1E4F2A2CD008DC1C2A1CD0242A27D0D8
:104CF0004B2A0DD04D2A08D110E0512A48D0552A10
:104D000020D06F2A28D0752A4ED02F7020205AE04C
:104D100002460021484602F0E2FE4DE0C1B2012009
:104D2000DDF71CFE03E0C1B20120DDF766FD0146A0
:104D3000684607F067FF6946484602F08DFF3BE092
:104D4000002136E0C2B200210120DEF749F8014619
:104D5000484603F032F92FE096A807F095FE0022AE
:104D6000114696A807F099FE0022012196A807F0A7
:104D700094FE0022022196A807F08FFE0022032154
:104D800096A807F08AFE96A9484602F037FE13E07F
:104D9000C1B20120DDF7BEFF08B1012100E0002112
:104DA000484602F062FD07E0C1B20120DDF77EFE59
:104DB0000146484603F054F8002806DBB8F1FF3FEF
:104DC00003D02F703220207030460DF51B7DBDE8DA
:104DD000F08370B5ADF51A7D0446D0F86812002551
:104DE0006A46103002F03FF80222002803DA84F805
:104DF0006D22252008E0208982280BD0E068401C25
:104E000008D084F86D22322084F86E0200200DF55F
:104E10001A7D70BD6068FFF703FF014620890926EF
:104E2000512847D008DC0DF10D031C2837D0242869
:104E30000AD04D2808D127E055280CD0672803D088
:104E40006F2801D0752812D084F86D22202084F8B4
:104E50006E022846DBE79DF8020004282ED1CAB274
:104E600094F86C120120029BDEF7A3FC31E09DF860
:104E70000200092822D10298CAB2C3B294F86C1277
:104E80000120DEF72FFB24E09DF80200072815D152
:104E9000CAB294F86C120120DEF7FBFF19E09DF80E
:104EA000020007280AD1CAB294F86C120120DEF77A
:104EB000CAFB0EE09DF80200012804D084F86D22A0
:104EC00084F86E62C5E79DF80820C9B20120DEF7BC
:104ED00087FF0125BDE70000981D0408A0040060BD
:104EE00070C4016070C6016008B1FA4B036011B173
:104EF000F84808380860002A02D0F648001F106001
:104F00007047412801D20120704700207047F248C5
:104F100000787047F149085C401C7047F04908442C
:104F200010F8010C7047F8B500218DF800100C4600
:104F3000C0B26946ECF7C3FE9DF800100220DFF70F
:104F400069FA06469DF80000402813D2E54DE1B20B
:104F50009DF800200220DDF743FFA84207D0E1B210
:104F60009DF800200220DDF73BFF064602E0641CAE
:104F7000102CECD33046F8BD2DE9F0410546C1B206
:104F800000240220DFF746FA0746402D11D2D54E05
:104F9000EAB2E1B20220DDF723FFB04206D0EAB266
:104FA000E1B20220DDF71CFF074602E0641C102C72
:104FB000EED33846BDE8F0812DE9F04100240546E6
:104FC000264640280DD2C74FEAB2E1B20220DDF7F3
:104FD00007FFB84204F1010401D0264601E0102C7D
:104FE000F2D33046E6E70B4610B5002140280CD23C
:104FF0005AB1102A09D8062A07D0521EC0B2D1B21F
:1050000002460220DEF7D5FB0121084610BD10B58F
:10501000002240280CD259B1102909D8062907D0FE
:10502000C2B2491EC9B2AF4B0220DEF7C2FB012259
:10503000104610BD10B50C4603460022FFF76EFF68
:10504000402B08D2C1B20220DDF788FC0146204681
:1050500007F0D8FD0246104610BD2DE9FF4FADF513
:105060001B7D8246DDE9A89800241F462646084697
:10507000FFF754FF05469D984FF0FF3B51285AD04B
:105080000CDC4B281BD004DC1C2823D0242811D195
:105090004FE04D2819D04F280CD128E0682870D057
:1050A00004DC552825D0572804D159E06F2824D096
:1050B00075284CD0022089F800002021A2E02A4661
:1050C0000121504602F00BFD8BE0E9B20220DDF732
:1050D00045FC03E0E9B20220DDF78FFB014668469C
:1050E00007F090FD6946504602F0B6FD79E00121D7
:1050F00032E02846FFF740FF90E096A807F0C4FC96
:105100000022114696A807F0C8FC0022012196A8AB
:1051100007F0C3FC0022022196A807F0BEFC002283
:10512000032196A807F0B9FC96A9504602F066FC48
:1051300057E0002110E0E9B20220DDF7EBFD08B1F5
:10514000012100E00021504602F08FFB49E0E9B266
:105150000220DDF7ABFC0146504602F081FE40E044
:1051600087B1781C13D0102F48D8EAB20021022052
:10517000DDF736FE5B4988422DD1504602F0A9FB8F
:105180002FE047E01021504602F039FE29E0EAB254
:10519000F1B20220DDF724FE5249884204D10AEB25
:1051A000040002F096FB09E0EAB2F1B20220DDF75A
:1051B00017FE01460AEB040002F0FFFE0444B4F5BA
:1051C000167F03DA761C102EE1D30BE0052189F857
:1051D0000010122116E0EAB200210220DDF700FEE5
:1051E0001CE00446002C10DB9D9857280DD07F1C36
:1051F0000BD0022089F80000322103E0022089F858
:1052000000002A2188F800105C460DF51F7D20461D
:10521000BDE8F08FE9B20220DFF7FCF80146504606
:1052200002F0CBFEDDE72DE9F043ADF51B7D044632
:10523000D0F8681200256A46103001F014FE0227EB
:105240004FF02508002804DA84F86D7284F86E8225
:105250000AE0208957280CD0E068401C09D084F867
:105260006D72322084F86E0200200DF51B7DBDE8C2
:10527000F0836068FFF752FE0646208904F26E2331
:105280005A1E09214FF02809512855D00EDC0DF186
:105290000D034B284BD004DC1C2874D0242811D1DA
:1052A00045E04D2855D04F280CD140E0682875D0F6
:1052B00004DC552818D0572804D138E06F2836D0A0
:1052C000752851D084F86D72202084F86E0228462B
:1052D000CBE70000C41D0408A1040060F0C4016015
:1052E000F0C6016000007F439DF8020004280CD046
:1052F0000021684605F0C8FA0500E8D094F86C1261
:105300003046FFF784FE05460AE094F86C223046EA
:105310000299FFF768FE054694F86C02062806D04D
:10532000002DD4D184F86D7284F86E82CFE784F8B2
:105330006D7284F86E92CAE70121684605F0A4FAFE
:105340000500C4D09DF80820F1B20220DEF748FD28
:10535000BDE79DF80200072824D1F2B294F86C1240
:105360000220DEF796FD27E09DF80200092819D1FA
:105370000298F2B2C3B294F86C120220DEF7B2F8CF
:105380001AE000E00AE09DF8020007280AD1F2B214
:1053900094F86C120220DEF756F90DE09DF8020039
:1053A000042804D084F86D7284F86E128FE7F1B28D
:1053B0000220029ADEF7B6FF012588E708B1F74B15
:1053C000036011B1F54808380860002A02D0F3489C
:1053D000001F10607047F249084410F8010C704734
:1053E00010B50C4603460022FFF7F5FF802B08D2CC
:1053F000C1B20020DDF7B2FA0146204607F002FCF8
:105400000246104610BD812801D2012070470020BD
:105410007047E44800787047E349085C401C7047D7
:105420002DE9F041002705463C46802811D2DF4E89
:10543000EAB2E1B20020DDF7D3FCB04206D0EAB216
:10544000E1B20020DDF7CCFC074602E0641C102C22
:10545000EED33846BDE8F0812DE9F0410024054641
:10546000264680280DD2D14FEAB2E1B20020DDF706
:10547000B7FCB84204F1010401D0264601E0102C2B
:10548000F2D33046E6E710B50B46002114468028DB
:105490000AD24CB1102C07D8062C05D0C2B2214636
:1054A0000020DEF786F90121084610BD10B5002264
:1054B00080280BD251B1102908D8062906D0C2B2D3
:1054C000C9B2BA4B0020DEF774F90122104610BDB4
:1054D0002DE9F04FADF51B7D8246DDE9A49800244F
:1054E0001F4626460846FFF776FF05464FF0FF3B6E
:1054F000512A59D00CDC4B2A1BD004DC1C2A23D0A7
:10550000242A11D14EE04D2A19D04F2A0CD128E07F
:10551000682A6FD004DC552A25D0572A04D158E0D8
:105520006F2A23D0752A4BD0022089F80000202151
:105530009FE002460221504602F0D1FA8BE0C1B250
:105540000020DDF70BFA03E0C1B20020DDF755F9CA
:105550000146684607F056FB6946504602F07CFB60
:1055600079E0022131E0FFF75BFF72E096A807F0D7
:105570008BFA0022114696A807F08FFA002201212B
:1055800096A807F08AFA0022022196A807F085FA69
:105590000022032196A807F080FA96A9504602F04F
:1055A0002DFA58E0002110E0C1B20020DDF7B2FB77
:1055B00008B1012100E00021504602F056F94AE00E
:1055C000C1B20020DDF772FA0146504602F048FCF5
:1055D00041E087B1781C13D0102F46D80021EAB2E1
:1055E0000846DDF7FDFB714988422DD1504602F097
:1055F00070F930E045E01021504602F000FC2AE04E
:10560000EAB2F1B20020DDF7EBFB6849884204D131
:105610000AEB040002F05DF909E0EAB2F1B2002001
:10562000DDF7DEFB01460AEB040002F0C6FC044491
:10563000B4F5167F03DA761C102EE1D30CE00521B9
:1056400089F80010122114E00021EAB20846DDF7C3
:10565000C7FB014616E00446002C0DDB7F1C0BD077
:10566000022189F80010322103E0022089F80000AD
:105670002A2188F800105C460DF51B7D2046BDE808
:10568000F08F0021504602F098FCE4E72DE9F0414C
:105690000446ADF51A7D16460F4600254068FFF713
:1056A0009AFE8046FFF7AFFE60B16A4604F1100033
:1056B000D4F8681201F0D7FB0221002806DA39700D
:1056C00025200BE0012038701F2007E02089572893
:1056D00009D0E268521C06D03970322030700020A8
:1056E0000DF51A7DB6E6092251284ED00EDC0DF1DB
:1056F0000D034B2865D004DC1C282CD024280DD1A8
:105700005FE04D281BD04F2808D15AE0552808D01B
:10571000572856D06F2854D0752828D039702020AB
:1057200051E09DF80200042802D0397032704BE03D
:1057300094F86C2240460299FFF7A5FE3FE09DF8E1
:105740000200072825D108F0FF0294F86C1200200F
:10575000DEF79FFB33E09DF80200072819D108F01F
:10576000FF0294F86C120020DDF76DFF27E09DF832
:10577000020009280DD1029808F0FF02C3B294F884
:105780006C120020DDF7AEFE19E09DF8020009283A
:105790000ED084F86D1284F86E2215E0F81D04080E
:1057A00070C70160A204006070C5016000007F4303
:1057B0009DF8082008F0FF010020DEF711FB01250D
:1057C00002E0397028203070284689E72DE9F04141
:1057D0000C460746FFF7FFFD7CB3552121804FF0B3
:1057E000FF360025666025720421A172C2B22946E7
:1057F0002846DDF7F5FA206184F87052D4F8744237
:10580000DCB16F202080666025720820A07204F150
:105810001000064607F038F900221146304607F01E
:105820003CF900220121304607F037F9002202211D
:10583000304607F032F984F870523846BDE8F0413E
:10584000DFF70AB930B503780C780022A34221D1E2
:10585000072B09D9072307E084188D1864786D7821
:10586000AC4217D1521CD2B29A42F5D302890B89AD
:105870009A420FD1A2B1837A8A7A93420AD1072B36
:1058800000D90723002209E084188D18E47AED7A04
:10589000AC4201D0002030BD521CD2B29A42F3D3A8
:1058A000012030BDFA49FB4A09E00B78DB0705D03F
:1058B0004B68834202D10020087070472431914226
:1058C000F3D9704770B50020821EF149F14C0AE00F
:1058D0000B7803F00703012B04D10B6A934201D824
:1058E0001A4608462431A142F2D980254FF4616658
:1058F00080B9E7490AE00B7803F00703032B04D1D2
:105900000B6A934201D81A4608462431A142F2D9C3
:10591000002801D00570066270BD42F2DC31DC481F
:1059200009F053BD10B5DA480022DA4B0CE00178DB
:10593000CC0704D0890701D4016A01B9027001784B
:10594000090600D5027024309842F0D910BD30B558
:10595000CF4BD04C16E01D78ED0712D05D68854224
:105960000FD1187884070AD432B140F004001870BF
:105970004FF0FF30186230BD20F00400187019623B
:1059800030BD2433A342E6D930BD70B513460D4671
:105990000022BF4CBF4913E02678F6070FD0666897
:1059A00086420CD1207880070CD4122204F10C011D
:1059B000184609F0F1FCA0680122286002E02434B6
:1059C0008C42E9D9104670BD2DE9F0410F46804662
:1059D0000026AF4CAF4D10E0207800F00300012806
:1059E0000AD1414604F10C0006F0BCFF20B10FB112
:1059F00060683860012602E02434AC42ECD93046BD
:105A0000BDE8F0812DE9F0470E460546914600219C
:105A10009F4C4FF461679F4820E02278D2071CD04A
:105A20006268AA4219D11222494604F10C0009F019
:105A3000B3FCA66020789849820708D4420702D5B3
:105A40004FF0FF3103E0020701D5276200E0216239
:105A500020F002002070BDE8F08724348442DCD9B5
:105A60000029F8D18A4C4FF0010803E02278D207D0
:105A700008D024348442F9D90029ECD1FFF722FF61
:105A80000400E8D084F80080C4E901561222494697
:105A900004F10C0009F080FC2762DCE72DE9F041FD
:105AA0000F46134605460026794C7A491CE02078BB
:105AB000C00718D06068A84215D12078800710D49C
:105AC0000126122204F10C01184609F065FCA068B9
:105AD00038602078010704D520F0080020706E4857
:105AE000206230468CE724348C42E0D96848032495
:105AF0004FF4616604E0027812F0810F05D0243083
:105B00008842F8D9FFF7DEFE10B1047006624560E6
:105B1000002075E770B50D4613465D4C5D4916E0F3
:105B20002278D20712D0626882420FD1122219461F
:105B300004F10C0009F030FCA560207820F0020090
:105B40002070400701D45448206270BD24348C4238
:105B5000E6D970BD70B50E46014600201546FF29F6
:105B600014D24B4A01EBC10102EB8104217801F010
:105B7000030101290AD1122204F10C01184609F08F
:105B80000BFC60683060A0682860012070BD0020B8
:105B90003F49404A06E00B7803F00303012B00D194
:105BA000401C24319142F6D97047F0B5ADF5177D10
:105BB00006460025364C374F20E0207800F00300E1
:105BC00001281AD170190821626801F088FF054484
:105BD000A18A701902F013F9A27D054412B104F1F3
:105BE000170102E0227B04F10D01684607F04AF933
:105BF0007019694601F098FF05442434BC42DCD991
:105C00000DF5177D2846F0BD2DE9F04FADF5197D56
:105C10008146002701F118000D46B846969006F01F
:105C200033FF00221146969806F037FF002201212B
:105C3000969806F032FF00220221969806F02DFF7A
:105C4000E86AC0F5167B00202863FFF7A0FF5FEA33
:105C5000000A17D0A86A0123082802D1C5F844A079
:105C6000AB63686C00280ADAAA6B511C0144012955
:105C700002DAAB636A6402E04042A9636864A86B1D
:105C800050450BD900200DF5197DBDE8F08F0000BF
:105C900038DD0460F000056080510100696C01444A
:105CA000491E9791514501D9CDF85CA23B4C012684
:105CB00000E02434217801F003010129F9D106E044
:105CC00014F8241B01F00301012900D1761CB04215
:105CD000F6D1989638E0BBF1110F05D201220221CE
:105CE000969806F0DAFE32E009EB070008216268B8
:105CF00001F0F5FE804607EB0802A18A02EB0900DD
:105D000002F07DF8A27D804412B104F1170102E097
:105D1000227B04F10D01684607F0B4F807EB080197
:105D200001EB0900694601F0FFFE4044ABEB000BBC
:105D30000744B046286B761C401C286314F8240FD7
:105D400000F003000128F9D197988642C3D99898AA
:105D5000012804D101220021969806F09EFED0452C
:105D600004D101221146969806F097FE38468AE73C
:105D700030B50A4900240A4B0DE00A7812F0810F71
:105D800008D0520706D40A6A824202D3121A0A6263
:105D900000E00C7024319942EFD930BD38DD046049
:105DA000F00005601E2802D2FE4A42F8201070471B
:105DB000FD49486070470B2803D2FA4A783242F80E
:105DC0002010704730B500210A460C4628281CD206
:105DD000F54B10335D5C854203D1F2480DE00122A2
:105DE00013E0491C1E29F5DB7CB9EF4B00212E3353
:105DF0005C5C844206D1EB48783050F821000028E2
:105E0000EDD102E0491C0B29F2DB104630BD70B524
:105E10000023044618461370282C07D2E24D103593
:105E2000EE5CA64203D101200B60107070BD5B1CBC
:105E30001E2BF5DB0028F9D1DB4B00222E339D5CB5
:105E4000A54202D101200A6070BD521C0B2AF6DB6C
:105E500070BD1D2814D2DFE800F00F0F0F13130FD1
:105E600013130F0F130F1313130F0F0F130F0F1322
:105E70000F13130F130F0F00CA4AA43242F8201059
:105E80007047C21E1B2A13D2DFE802F00E0E120E5C
:105E90000E12120E120E0E0E1212120E12120E12FE
:105EA0000E0E120E12120E00BE4AA43242F820103C
:105EB00070471E2802D2BD4A42F820107047BA49E6
:105EC00088607047B849C86070472DE9F0470446BC
:105ED000DDE9088900781E46C0F3C0001070207804
:105EE0001546C0F38000507020780F46C0F3400084
:105EF0009070607801F01AFB6860607801F031FB07
:105F0000A860A07828732978032021B1E07868730D
:105F10002079A8730520215C401C31702218391AA1
:105F2000C8F80020A9F80010BDE8F0879E48408816
:105F300070479D49488070479B48007870479A4950
:105F400008707047F0B58DB00C004FF0000107915C
:105F5000089109910A91ADF8181002911D46164654
:105F600007468DF8101005918DF80C100B910C91CF
:105F700072D0207800F0F0021211062A22D2DFE857
:105F800002F0034BC0C421E906A905A8CDE9000130
:105F900004AB07AA31462046FFF797FF9DF8100093
:105FA0000C2810D00E2817D00F281ED0102825D06E
:105FB00012282CD0009507AB3A46BDF8181005986A
:105FC00004F072FC01E1009507AB3A46BDF81810E9
:105FD000059804F00DFBF8E0009507AB3A46BDF8D4
:105FE0001810059805F01FFBEFE0009507AB3A4647
:105FF000BDF81810059804F093FBE6E0009507AB98
:106000003A46BDF81810059805F076FCDDE075BB42
:1060100067490A20087057E060788DF81000B21EBA
:1060200093B2A01C9DF810200590ADF81830082AF6
:1060300036D125B1012D1BD0022D19D0C5E0052E7A
:1060400005D10178DF2902D14178FD2905D03A46F2
:10605000194604F041FB23E0C1E0564A01211170CA
:1060600080785549C0EB001080000880ADE02BE03F
:106070000091019101AB6A46BDF8181008F053F881
:1060800010F0FF0F05D002F081FE0146009881421A
:1060900004D12946494807F0A2FE0020E8F79CFCFD
:1060A0009DF81000072807D004280DD0092812D029
:1060B000062817D0E8B188E02B463A46BDF81810FC
:1060C000059808F0C5FE80E02B463A46314620464A
:1060D000E6F7DCFB79E03A46BDF81810059808F0C1
:1060E0008EFE72E03A46BDF81810059808F060FE82
:1060F0006BE02B463A46BDF81810059804F0D6F828
:1061000063E0A0788DF810005FE0C0F3C0010220CA
:1061100001B10420215C401C27188DF81010301AA2
:1061200081B29DF810000597ADF818100C2804D026
:10613000122808D01A2848D105E02A4631462046C0
:10614000E5F74FFE41E03346224638460095E6F734
:106150007CF93AE0A07803268DF81000122805D1CA
:10616000E01C002101F056FB00B10426A01902AA90
:1061700003A901F0A5FA0644A0190CAA029901F09E
:106180004CFE0644A01902AA03A901F099FA06449C
:10619000A0190BAA029901F040FE9DF8101030449E
:1061A00012290DE014010560A404006030020560AE
:1061B00057020060E1030060F40300602ECD076029
:1061C00003D12044002101F03BFB40F2391045434C
:1061D000044840F2722100EB450009F0F6F80DB0DA
:1061E000F0BD0000BCCA076008B1B74B036011B135
:1061F000B54808380860002A02D0B3480C3810604F
:106200007047412801D20120704700207047AF48F5
:1062100000787047AE49085C401C70477047AD4934
:10622000084410F8010C70470020704700207047A8
:1062300000B50022FFF7F3FF402801D2A6490A5C0F
:10624000104600BD00B5FFF7EAFF402802D2A24A7F
:106250000021115400BD2DE9F0410C460746FFF71F
:10626000DEFFB4B3552121804FF0FF360025666074
:1062700025720921A172C2B229460320DCF7B0FDC4
:1062800009F0BBFB206184F87052D4F8744204B367
:106290006F202080666025720820A07204F1100033
:1062A000064606F0F1FB00221146304606F0F5FBEB
:1062B00000220121304606F0F0FB00220221304688
:1062C00006F0EBFB00220321304606F0E6FB84F8E3
:1062D00070523846BDE8F041AAE70020704710B57B
:1062E0000C4603460022FFF79AFF402B08D2C1B2AA
:1062F0000320DCF733FB0146204606F083FC024610
:10630000104610BD2DE9F043ADF51B7D8146DDE95A
:10631000A25498460846FFF782FF0227FE1E4F2A26
:106320002AD008DC1C2A1AD0242A5BD04B2A0BD096
:106330004D2A06D10EE0542A56D0552A1ED06F2A77
:1063400028D02F70202047E002460321484601F064
:10635000C6FB3AE0C1B20320DCF700FB03E0C1B2A8
:106360000320DCF74AFA0146684606F04BFC694612
:10637000484601F071FC28E0032107E0C2B2002189
:106380000320DCF72DFD09F038FB2FE0484601F033
:1063900067FD1AE096A806F077FB0022114696A842
:1063A00006F07BFB0022012196A806F076FB002276
:1063B000022196A806F071FB0022032196A806F0A0
:1063C0006CFB96A9484601F019FB002806DBB8F1E2
:1063D000FF3F03D02F703220207030460DF51B7D1B
:1063E000BDE8F0830021D1E7DEF733FA0146CDE7BF
:1063F000F0B5ADF51B7D0446D0F8681200256A465D
:10640000103000F030FD02262527002804DA84F839
:106410006D6284F86E7207E0E068401C08D084F872
:106420006D62322084F86E0200200DF51B7DF0BDF8
:1064300020894F2840D008DC1C283DD024283BD0A0
:106440004B2839D04D280BD136E004F26E235A1E6A
:10645000512813D054281BD0552805D06F282BD095
:1064600084F86D6220202AE00921684604F00CFAC5
:10647000050026D00298012823D917E0012168469B
:1064800004F002FA05001CD06068FFF7C8FE18E0AF
:106490000921684604F0F8F9050012D00298022894
:1064A00004D2C1B26068DEF7EAF90AE084F86D62EE
:1064B000002584F86E7204E084F86D62282084F868
:1064C0006E022846B1E700001C1E0408DD040060CF
:1064D000B0C40160B0C60160A802056008B1C14B3C
:1064E000036011B1BF4808380860002A02D0BD48D7
:1064F0000C3810607047812801D2012070470020BD
:106500007047B94800787047B849085C401C70472C
:10651000B749084410F8010C704710B50C46034603
:106520000022FFF7F5FF802B08D2C1B20920DCF76B
:1065300015FA0146204606F065FB0246104610BDDE
:106540002DE9F041002605463446802813D2A94F94
:10655000EAB2E1B20920DCF743FCB84208D0EAB263
:10656000E1B20920DCF73CFC09F047FAC6B202E0D0
:10657000641C102CECD33046BDE8F0812DE9F043CB
:10658000ADF51B7D9846DDE9A25481460B460846D1
:10659000FFF7BEFF0227FE1E4F2A2CD008DC1C2A64
:1065A0001CD0242A51D04B2A0DD04D2A08D110E0FE
:1065B000512A4CD0542A5BD0552A1ED06F2A28D09D
:1065C0002F7020204EE01A460521484601F087FA38
:1065D00041E0C1B20920DCF7C1F903E0C1B20920F2
:1065E000DCF70BF90146684606F00CFB69464846A5
:1065F00001F032FB2FE0052107E0C2B200210920A3
:10660000DCF7EEFB09F0F9F934E0484601F028FC2C
:1066100021E096A806F038FA0022114696A806F066
:106620003CFA0022012196A806F037FA0022022146
:1066300096A806F032FA0022032196A806F02DFA59
:1066400096A9484601F0DAF905E00021DDE70021CE
:10665000484601F00AF9002806DBB8F1FF3F03D0F5
:106660002F703220207030460DF51B7DBDE8F08381
:10667000DEF761F90146C8E72DE9F0470446ADF5BC
:106680001A7D15460E4600274068FFF734FF88B193
:106690006A4604F11000D4F8681200F0E4FB4FF0F1
:1066A00002084FF0250A002808DA86F8008085F8ED
:1066B00000A00DE0012030701F2008E0208957283D
:1066C0000BD0E068401C08D086F80080322028708B
:1066D00000200DF51A7DBDE8F0876068FFF718FF10
:1066E0008146208909214F2876D00ADC0DF10D035F
:1066F0001C2847D024286FD04B286DD04D2808D1B6
:1067000034E0512822D054284ED0552805D06F2887
:1067100062D086F80080202061E09DF80200092800
:1067200018D10298012805D020B186F8008085F89C
:1067300000A055E0C0B209F024F9034609F0FF02B9
:1067400094F86C120920DDF734F82BE09DF8020074
:10675000012803D086F80080297041E09DF80820C8
:1067600009F0FF010920DDF73BFB1BE09DF802006B
:1067700007280BD109F0FF0294F86C120920DDF70D
:1067800088FB0FE09DF80200072804D084F86D8292
:1067900084F86E1224E009F0FF0294F86C120920CC
:1067A000DCF751FF01271BE004F26E235A1E09217A
:1067B000684604F069F8070012D00298022805D252
:1067C000C1B26068DEF7CCF80AE005E084F86D82BB
:1067D000002784F86EA203E086F800802820287045
:1067E000384676E7481E0408DE040060F0C5016004
:1067F000F0C7016000007F4308B1F94B036011B19D
:10680000F7482C300860002A02D0F548001F1060BD
:106810007047412801D20120704700207047F1489D
:1068200000787047F049085C401C7047EF49084405
:1068300010F8010C7047F8B500218DF800100C46D7
:10684000C0B26946EBF749FA9DF800100420DDF765
:10685000E1FD09F0D2F8C5B29DF80000402815D23C
:10686000E34EE1B29DF800200420DCF7B9FAB04213
:1068700009D0E1B29DF800200420DCF7B1FA09F05C
:10688000BCF8C5B202E0641C102CEAD32846F8BD5F
:106890002DE9F041C5B2002429460420DDF7BAFDF8
:1068A00009F0ABF8C6B2402D13D2D14FE1B22A465F
:1068B0000420DCF795FAB84208D0E1B22A46042059
:1068C000DCF78EFA09F099F8C6B202E0641C102CCD
:1068D000ECD33046BDE8F08110B50C4603460022EB
:1068E000FFF7A4FF402B08D2C1B20420DCF736F832
:1068F0000146204606F086F90246104610BD2DE9F5
:10690000FF4FADF51B7D0746DDE9A8A90024984699
:1069100026460846FFF78AFF05469D984FF0FF3B45
:10692000512859D010DC2E287ED006DC04287CD0DB
:106930001C2827D0242815D14CE04B2817D04D28EF
:106940001BD04F280ED123E068286FD006DC5428D6
:106950004ED055281ED0572804D14EE06F281DD0A8
:10696000752875D002208AF800002021A6E02A466A
:106970000421384601F0B3F88EE0E9B20420DBF7D9
:10698000EDFF03E0E9B20420DBF737FF0146A5E0A5
:1069900004217EE02846FFF77BFF2CE096A806F056
:1069A00073F80022114696A806F077F8002201211C
:1069B00096A806F072F80122022196A806F06DF85A
:1069C0000122032196A806F068F896A9384601F03E
:1069D00015F861E000215CE0E9B20420DCF79AF9E7
:1069E00008B1012100E00021384600F03EFF53E0ED
:1069F0002846DDF768FF01464BE0B8F1000F16D0DE
:106A0000B8F1FF3F18D0B8F1100F53D8A8F1010426
:106A1000EAB2E1B20420DCF7E3F97549884230D1EB
:106A2000384600F056FF37E057E054E04EE01021C2
:106A3000384601F0E4F92FE0EAB2F1B20420DCF7C5
:106A4000CFF96B49884204D1381900F042FF0BE0BE
:106A50004CE0EAB2F1B20420DCF7C2F908F0CDFF55
:106A6000C1B2381901F0FCF90444B4F5167F03DA19
:106A7000761C102EE0D310E005218AF800101221B8
:106A80001CE0EAB2E1B20420DCF7AAF908F0B5FF95
:106A9000C1B2384601F0E4F90446002C11DB9D98A0
:106AA00057280ED0B8F1FF3F0BD002208AF8000023
:106AB000322103E002208AF800002A2189F8001020
:106AC0005C460DF51F7D2046BDE8F08FE9B204203D
:106AD000DDF7A0FCDAE747A100E047A1684606F031
:106AE00091F86946384601F0B7F8D5E7E9B20420D5
:106AF000DBF7DCFF7FE72DE9F043ADF51B7D0446B6
:106B0000D0F8681200256A46103000F0ACF9022770
:106B10004FF02509002804DA84F86D7284F86E922B
:106B20000AE0208957280CD0E068401C09D084F87E
:106B30006D72322084F86E0200200DF51B7DBDE8D9
:106B4000F0836068FFF772FE0646208904F26E2328
:106B500028215A1E4FF0090C512876D012DC0DF175
:106B60000D032E2867D006DC042864D01C2879D0B9
:106B7000242817D15FE04B285DD04D2875D04F28D1
:106B800010D158E0672856D006DC54286CD0552820
:106B90000FD0572806D14EE0682871D06F284AD010
:106BA00075287AD084F86D72202084F86E02284609
:106BB000C3E79DF80200092820D00021684603F0B1
:106BC00063FE0500F3D094F86C0290B3102830D81F
:106BD000401EC1B2064BF2B20420DCF7EAFDE6E744
:106BE0006C1E0408DF04006030C5016030C701601E
:106BF00000007F436F6E00006F66660094F86C8241
:106C0000B8F1000F1CD0B8F1100F19D8B8F1060F69
:106C100011D00298012813D8C0B2A8F1010808F0D9
:106C2000B0FE0346F2B208F0FF010420DCF7C1FD1C
:106C300051E060E009E084F86D7284F86E12B6E706
:106C400084F86D7284F86E92B1E70121684603F012
:106C50001BFE0500ABD09DF80820F1B20420DDF743
:106C6000BFF8A4E70EE000E037E09DF80200072837
:106C700024D1F2B294F86C120420DDF70AF92AE06C
:106C800018E00AE09DF80200072817D1F2B294F844
:106C90006C120420DCF7D7FC1DE09DF802000928E7
:106CA0000CD10298F2B2C3B294F86C120420DCF753
:106CB00019FC10E09DF80200092804D084F86D72D8
:106CC00084F86EC273E7029808F05BFE0246F1B2E8
:106CD0000420DDF727FB012569E70921684603F059
:106CE000D3FD0500ABD00298022804D2C1B260687F
:106CF000DDF7FFFD5BE70025A2E7000030B40446A6
:106D00000020002911D0002C0FD08B7801F108024F
:106D10000D2B0AD2DFE803F0070B10151A1F252AE6
:106D20002F34393E43002370012030BC7047097A6C
:106D3000204630BC00F099BD8968204630BC01F087
:106D40005EB88968204630BC01F005B989682046E4
:106D500030BC01F032B9D1E90223204630BC01F049
:106D60004AB9204630BC114600F0DEBE204630BC99
:106D7000114600F071BF204630BC114600F03EBE07
:106D80008968204630BC01F06BB8204630BC114603
:106D900001F0CEB9204630BC114601F058B9CA689E
:106DA0000989204630BC00F09ABE2DE9FC411C4602
:106DB00017460D46002670B36CB304F108020D2D82
:106DC00046D2DFE805F045070C1014181C202429D2
:106DD0002D313600384600F076FD207240E039460D
:106DE00000F0A1FF23E0394601F064F81FE03946C6
:106DF00001F0AFFA1BE0394601F0F2FA17E039462C
:106E000000F0D3FE13E0394600F05DFF0FE0394695
:106E100000F088FD0BE01CE0394600F0FEFF06E0C4
:106E2000394601F0ADF902E0394601F036F906467F
:106E30000EE00021ADF80010019101AB6A46394621
:106E400000F013FE0646BDF8000020810198E060C6
:106E500036B92DB1012D03D0062D01D01020A07020
:106E60003046BDE8FC812DE9FC414FF00006144698
:106E7000050037468DF8006001961CD0DCB12878FB
:106E8000000718D4277001AA6946284600F018FCAC
:106E900078B19DF800100646A170A8192346019A02
:106EA000FFF783FFA178102901D0064401E04FF0DD
:106EB000FF36C4F860723046D3E72DE9FC41002765
:106EC00014468DF800703E46FE4D019708B185E8E6
:106ED000830054B3696841B32A68A868135C1B0730
:106EE00023D41044277001AB6A4600F022FCD0B1D5
:106EF000A9680A18AA606968081A68609DF80010F5
:106F0000012902D0019B83420DD8A1702868234635
:106F10001044019AFFF749FFA9680144A960696814
:106F2000081A01266860C4F86072304699E70300C9
:106F30004FF000000BD00D2909D2DFE801F008085E
:106F400007070707070707070707070010467047E7
:106F50007CB54FF0000405008DF80440009410D07B
:106F6000287800070DD46A4601A9284600F0A8FB3E
:106F700038B1044628199DF80410009AFFF7D7FF8E
:106F8000044420467CBDF0B404460020002A52D0C0
:106F9000002C50D0957802F108030D2D4BD2DFE87C
:106FA00005F0070B10151A1F262B30353A3F440009
:106FB0002046F0BC00F091BC127A2046F0BC00F0F4
:106FC0005ABC92682046F0BC00F0FDBE9268204694
:106FD000F0BC00F0CEBF92682046F0BC00F0FDBFD0
:106FE000D2E9020302462046F0BC01F015B8204663
:106FF000F0BC1A4600F0B7BD2046F0BC1A4600F0BF
:1070000046BE2046F0BC1A4600F00BBD92682046F2
:10701000F0BC00F033BF2046F0BC1A4601F096B831
:107020002046F0BC1A4601F020B8D36812892046E9
:10703000F0BC00F043BDF0BC704702461020982A17
:1070400045D019DC352A3AD00ADC022A26D0262A75
:1070500021D101292DD002291DD003291BD119E0EE
:10706000662A2CD0842A16D119B3012923D00229EB
:1070700010D003290FD11CE0D32A23D0D42A03D067
:10708000D62A01D0DA2A06D121B1012902D002295B
:1070900001D101E002207047042070470929FCD289
:1070A000DFE801F0070709060506060B0B00F4E709
:1070B000F0E70C2070470920704701207047002935
:1070C000FCD1F6E70029F4D00129F7D1F1E7052931
:1070D000F4D2DFE801F0060605040300DCE7D9E797
:1070E000EBE7EBE770B50C0003464FF000050FD05F
:1070F00073B161781046FFF7A0FF102805D26178C0
:1071000022461846FFF73FFF05460020C4F86002FC
:10711000284670BD2DE9FC414FF00004060098465A
:1071200015460F4620468DF80040019432D065B3D5
:10713000317809072ED501212970C5F8600201AA0E
:107140006946304600F0BCFA040023D0BC4205D8A2
:107150009DF80010304600F073FB10B1012C18D0E0
:1071600018E09DF8001069704046FFF766FFA870B0
:10717000102807D2264401462B463046019AFFF7D5
:1071800014FE01E0019808B1044403E04FF0FF341D
:1071900000E00024204664E67CB54FF0000416466B
:1071A00005008DF80040019418D02878000715D507
:1071B00001AA6946284600F083FA78B104469DF892
:1071C00000103046FFF739FF0146102804D2281975
:1071D000019AFFF7ACFE00E00198044420467CBD14
:1071E0000346002000290AD0002B08D0087820B1DF
:1071F00048780A4601461846C5E618467EE57047B7
:1072000070B50C4605004FF0010637D084B3A07866
:10721000A870A27804F1080105F108000D2A28D20F
:10722000DFE802F028070A0A0A0D1215180A1B1EC9
:107230002100207A28721DE0A068A8601AE0D4E935
:107240000201C5E9020115E005F069FE12E005F052
:10725000FBFC0FE005F077FC0CE006F090F809E08D
:1072600006F09AF806E020892881E068E86001E0ED
:1072700004E00026D4F86002C5F86002304670BD14
:107280002DE9FC5F002706468DF800700197007815
:10729000934600F007008846062843D1304601AAED
:1072A000694600F00DFA9DF80090044601254FF064
:1072B000FF3A305D00F0070106290FD0C1434907AE
:1072C00017D001E0E00400600007A8EB040106EB22
:1072D00004001AD55A46FFF75FFF18E0301901AADB
:1072E000694600F0EDF99DF800204A450FD16D1C6C
:1072F00009E0301901AA694600F0E2F99DF8002082
:107300004A4504D16D1EEDB201E0FFF721FE0444B1
:1073100015B1002802DD0744444501D9574601E074
:10732000002DC6D13846BDE8FC9FF0B58DB04FF0BA
:10733000000614008C4602963546039679D0102834
:1073400077D20125A07004F108070D2810D2DFE8DC
:1073500000F0910737121920272C32373D5F880043
:1073600000221146604608F04FF910B1012020724A
:1073700080E026727EE000221146604608F044F963
:10738000A06077E0002160460AF048F908F062FB4F
:10739000F6E7002160460AF041F9C4E9020169E01C
:1073A0006146384605F093FD03E06146384605F036
:1073B00029FC05465EE00025384605F065FB59E0EE
:1073C00000221146604608F057F9D9E70BA909A831
:1073D000CDE9000108AB07AA2BA1604608F052F8DE
:1073E000032802D004280AD043E00998C3B20898C1
:1073F000C2B2079881B2384605F0AFFE3AE007986E
:1074000020810898A0720998E0720B98207331E0EF
:107410000AA906A8CDE9000105AB04AA1EA1604691
:1074200008F030F8042805D003280CD0022811D029
:107430001FE021E004982072059860720698A072FF
:107440000A98E07216E00498207205986072069817
:10745000A07204E00498207205986072A672E67229
:1074600008E003AB02AA10A1604608F00BF802285E
:1074700005D00025C4F860620DB02846F0BD029822
:1074800020810398E060F5E72534642F2533642FCD
:107490002533643A253364002533643A2533643A4E
:1074A0002533642E253364002534643A253764007F
:1074B00002460020022A1ADB042A01DA102016E014
:1074C000082A01DA202012E0102A01DA30200EE02A
:1074D000202A01DA40200AE0402A02DA4FF0500068
:1074E00005E002D14FF0600001E04FF0700032295A
:1074F00003DD802902DC40F001007047CE2902DC68
:1075000040F002007047B1F5F07F02DC40F003006C
:107510007047B1F5806F02DC40F00400704740F224
:10752000C4529142FADC40F005007047014601F078
:10753000F00100200911082906D2DFE801F0050456
:1075400006080A0C0E10022070470420704708201D
:10755000704710207047202070474020704741201E
:1075600070470146002001F00F01062905D2DFE82F
:1075700001F0030507090C0F322070478020704787
:10758000CE2070474FF4F07070474FF48060704722
:1075900040F2C450704770B50124002505700AB14F
:1075A0000822027002780E2903D842EA0111017004
:1075B00004E042F0F0020270417002240178042BD2
:1075C00002D8194301701AE041F005010170FD2B4A
:1075D00002D80355641C12E0B3F5803F07D2FE21A8
:1075E0000155641C99B2204400F008FE06E0FF211A
:1075F0000155641C2044194600F022FE0444204634
:1076000070BD0823012203700E2903D843EA01113B
:10761000017003E0F822027041700222017841F00B
:1076200006010170104670470823012203700E29DD
:1076300003D843EA0111017003E0F822027041709F
:107640000222017841F0070101701046704710B521
:10765000034601201A780F24B4EB121F04D109B19C
:1076600058780870022010BD0029FCD012090A7059
:1076700010BD034610B5002000290AD018780F2449
:10768000B4EB101F06D1022904D30AB15878107048
:10769000022010BD0AB100091070012010BD007851
:1076A00000F00700062801D0002070470120704735
:1076B0000078C043400701D0002070470120704788
:1076C0007CB514460546FFF7C2FF2A7802F0070191
:1076D000052903D0002306291FD021E0295CFF29BA
:1076E00005D0FE290DD004B12160401C7CBD461C94
:1076F000A81901A900F0ADFD3044002CF6D0019985
:1077000009E0461CA819694600F07DFD3044002CB4
:10771000ECD0BDF8001021607CBD0CB123607CBDB5
:10772000D243520702D0002CF5D17CBD002CF5D1FC
:107730007CBDF8B51C460E460546FFF79AFF0028AB
:1077400014DD2B78311A03F00702052A03D000213B
:10775000062A27D029E02A5CFF2A08D0FE2A12D068
:107760001ED2E9B104B1226000F10100F8BD052983
:1077700016D3461CA819694600F06BFD3044002C56
:10778000F4D000990FE003290AD3461CA8196946D2
:1077900000F039FD3044002CE8D0BDF8001002E0C4
:1077A0000020F8BD0CB12160F8BDDB435B0703D0BE
:1077B000002CF9D02260F8BD002CF4D1F8BD38B50A
:1077C0000D46002204468DF800206946FFF73FFF72
:1077D0002078000705D59DF80000A84201D10120BE
:1077E00038BD002038BD78B5054600200E468DF81E
:1077F0000000144669462846FFF729FF20602878D4
:10780000000705D59DF80000B04201D1012078BDE8
:10781000002078BD38B50D46002204468DF80020C2
:107820006946FFF714FF207800F00700062805D10D
:107830009DF80000A84201D1012038BD002038BDCC
:1078400038B50D46002204468DF800206946FFF742
:10785000FEFE2078C043400705D19DF80000A842F5
:1078600001D1012038BD002038BD002301B1012322
:10787000002201218FE670B51446012305461A4601
:10788000FFF789FE2C54401C70BD0146002009788A
:10789000002900D00120704778B51546002604461F
:1078A0006A460096FFF79FFF50B10098205C10B128
:1078B0000120287000E02E700098401C009078BDD8
:1078C0004FF0FF30FAE701004FF0000000D0012038
:1078D000704700231A4619465DE6002301225AE646
:1078E00001460020CA0700D080208A0701D540F059
:1078F00040004A0701D540F020000A0701D540F0BA
:107900001000CA0601D540F008008A0601D540F0F3
:1079100004004A0601D540F00200090601D540F0F6
:10792000010070472DE9F041074600250E469046BC
:107930002C46104605F0A8F8BEB1761E0F2E14D8BE
:10794000012509E0785D6D1CFFF7CAFF0246E1B230
:10795000404605F0E1F8641CB442F3D33878F1B244
:1079600000F00702404605F0E1F82846BDE8F08146
:1079700077B581B0164604469DF80810FFF71FFF43
:1079800068B120466A4602A9FFF79AFE05466019CB
:1079900032460099FFF7C6FF284404B070BD4FF08F
:1079A000FF30FAE72DE9F0410646884600250846F3
:1079B00005F09DF880B1404605F09BF8074640462B
:1079C00005F095F8C7F1010100EBC100C0B2C0F1AC
:1079D0000800307001240DE00020307001240BE01D
:1079E0002946404605F08FF8FFF77AFF6D1C3055A9
:1079F000EDB2641CBD42F3D32046B7E770B506462E
:107A00000D46084605F075F8431C00220821304653
:107A1000FFF7C1FD044630192946FFF7C3FF204494
:107A200070BD70B506460C461546104605F061F867
:107A3000431C012221463046FFF7ADFD04463019B4
:107A40002946FFF7AFFF204470BD38B50C46002132
:107A500000911546694600F0FCFB0099890D2180D4
:107A60000099C1F31501296038BD30B414460429CA
:107A700002D030BC00207047214630BC1A46E4E7F3
:107A8000F8B504460020164600901D4620466A467A
:107A9000FFF7A9FE40B100982A4620443146FFF77F
:107AA000D4FF0099084401E04FF0FF300090F8BD8A
:107AB0000B46114663F39F5100F0C2BB2DE9F04124
:107AC0001D461646074604230122FFF764FD0446BF
:107AD00038192A463146FFF7EBFF204446E770B5D8
:107AE0000446401CFFF7E4FF0546034600220C2134
:107AF0002046FFF750FD284470BD2DE9F0414FF0BE
:107B0000000506460F002C460CD0084605F0FBF990
:107B10000546384605F0FDF902E0015D3155641C6B
:107B2000AC42FADB284621E770B506460D004FF05F
:107B3000000015D0084605F0E6F9034600220621AC
:107B40003046FFF728FD0446284605F0DCF92044BE
:107B5000B0F5167F05D230192946FFF7CEFF204435
:107B600070BD002070BD70B505000C4616464FF084
:107B7000000017D0002E15D0104605F0C4F90346BA
:107B8000012221462846FFF706FD0446304605F04F
:107B9000BAF92044B0F5167F05D228193146FFF70F
:107BA000ACFF204470BD002070BD70B513460D467B
:107BB0000A4601460024184605F064F900B12C4637
:107BC000204670BD77B581B005460020009016466E
:107BD00028469DF80810FFF7F2FD70B128466A4666
:107BE00002A9FFF76DFD044629193046009A05F0F9
:107BF00049F920B10098044401E04FF0FF342046D9
:107C0000CBE670B50400049D05F101000BD088425D
:107C100009D82270002103E05A5C6618491C727072
:107C2000A942F9D370BD002070BDF8B506460F46D5
:107C3000084604F0F7FF0546384604F0F9FF04460D
:107C4000384604F0FBFF024623464FF416713046D7
:107C50000095FFF7D6FFF8BD2DE9F04107460E4627
:107C6000084604F0DFFF451C2B460022072138465A
:107C7000FFF791FC04462844B0F5167F05DA381961
:107C80003146FFF7D2FF204470E600206EE62DE972
:107C9000F04107460C461646104604F0C3FF451C4B
:107CA0002B46012221463846FFF775FC044628443E
:107CB000B0F5167F05DA38193146FFF7B6FF2044D4
:107CC00054E6002052E670B50C4616460178421C78
:107CD0000025631E304604F06DFF00B1254628469E
:107CE00070BD77B581B00546002000901646284645
:107CF0009DF80810FFF763FD88B128466A4602A97F
:107D0000FFF7DEFC0446009B2A19295D3046521C11
:107D10005B1E04F04FFF20B10098044401E04FF0D7
:107D2000FF34204639E638B50C464FF00001150007
:107D3000ADF8001008D0012C08D0022C09D0032C7B
:107D40000ED0042C10D01160204638BD0078106091
:107D5000FAE7694600F057FABDF800002860F3E73B
:107D6000114600F060FAEFE7114600F072FAEBE717
:107D700077B581B0164604469DF80810FFF71FFD41
:107D800060B120466A4602A9FFF79AFC05466019D1
:107D900032460099FFF7C7FF2844FEE54FF0FF3059
:107DA000FBE5FF2902D8017001207047B1F5803F43
:107DB00002D289B200F022BAB1F1807F01D200F084
:107DC0002BBA00F03DBA70B514460646FF2A01D81A
:107DD00001230AE0B4F5803F01D2022305E0B4F1AB
:107DE000807F01D2032300E004230122FFF7D3FBAD
:107DF000054670192146FFF7D4FF284470BD70B5C1
:107E00000446401CFFF7CDFF054603460022022131
:107E10002046FFF7C0FB284470BD38B51446002249
:107E200000926A46FFF77FFF002C01D00099216085
:107E300038BD7CB516460446FFF7C1FC60B120464C
:107E40006A4601A9FFF73CFC0546601932460099D5
:107E5000FFF7E3FF28447CBD4FF0FF307CBDA0E777
:107E600070B50446401CFFF7FAFF054603460022A2
:107E700009212046FFF78FFB284470BD70B51446DA
:107E80000646FF2A01D801230AE0B4F5803F01D25B
:107E9000022305E0B4F1807F01D2032300E0042334
:107EA0000122FFF778FB054670192146FFF7D7FF3F
:107EB000284470BD10B50C464AB1012C09D0022CE3
:107EC0000BD0032C0DD0042C0FD0002010602046C6
:107ED00010BD114600F0D1F9F9E7114600F0E0F9C4
:107EE000F5E7114600F0F4F9F1E7114600F00FFA5A
:107EF000EDE777B581B0164604469DF80810FFF708
:107F00005EFC60B120466A4602A9FFF7D9FB054630
:107F1000601932460099FFF7CDFF28443DE54FF048
:107F2000FF303AE501F18002FF2A02D849B200F0A1
:107F3000A1B901F50042B2F5803F02D209B200F0CA
:107F4000AAB9AD4A6FF07F430A449A4201D200F0C9
:107F5000B8B900F0D3B970B50446401CFFF7E2FF92
:107F600005460346002203212046FFF714FB284460
:107F700070BD70B5064602F180001446FF2801D896
:107F800001230FE004F50040B0F5803F01D2022349
:107F900008E099486FF07F422044904201D20323C9
:107FA00000E0042301223046FFF7F5FA0546701978
:107FB0002146FFF7B7FF284470BD70B50A46044656
:107FC000411C104600F0E6F9054603460022042154
:107FD0002046FFF7E0FA284470BD70B51546064606
:107FE00004230122FFF7D7FA04463119284600F08E
:107FF000D1F9204470BD70B515460446821C19465F
:10800000284600F0FAF905460346002205212046DD
:10801000FFF7C1FA284470BD2DE9F04115461E4610
:10802000074608230122FFF7B6FA04463A19284604
:10803000314600F0E2F9204498E40A7802704A7868
:1080400042708A788270C978C1700420704770B518
:108050000446401CFFF7F1FF0546034600220B21B2
:108060002046FFF798FA284470BD70B514460546BF
:1080700004230122FFF78FFA0346E8182146FFF791
:10808000DCFF184470BD02780A7042784A7082782A
:108090008A70C078C870042070470B46042906D047
:1080A00000211170D17051709170184670471146BF
:1080B000E9E738B50D4604466946FFF7C8FA9DF86A
:1080C00000000B2802D04FF0FF3038BD601C29465D
:1080D000FFF7D9FF401C38BD38B5044600201546CF
:1080E000009020466A46FFF77EFB38B1009829468B
:1080F0002044FFF7C8FF0099084401E04FF0FF302B
:10810000009038BD0A8840F26C739A4202D3A2F202
:108110006C7201E0FF2A08D802708A784270CA782F
:1081200082700979C170042070474FF0FF307047AA
:1081300070B50446401CFFF7E5FF054603460022E4
:108140000A212046FFF727FA284470BD70B515466E
:10815000064604230122FFF71EFA04463019294679
:10816000FFF7D0FF204470BD027802F26C720A80E3
:1081700042788A708278CA70C0780871042070478B
:108180000B46042906D00021D17091701171118025
:10819000184670471146E7E738B50D46044669466C
:1081A000FFF755FA9DF800000A2802D04FF0FF3083
:1081B00038BD601C2946FFF7D7FF401C38BD38B5D5
:1081C000044600201546009020466A46FFF70BFB48
:1081D00038B1009829462044FFF7C6FF00990844AB
:1081E00001E04FF0FF30009038BD20230370417054
:1081F0008270032070470000FFFF7F000A0A0270B0
:1082000041700220704729B1027812020A8040783A
:1082100002430A80022070470A0C02700A0A427068
:1082200081700320704749B1027812040A604378D4
:1082300042EA03220A60807802430A600320704702
:108240000A0E02700A0C42700A0A8270C170042081
:10825000704769B1027812060A60437842EA034225
:108260000A60837842EA03220A60C07802430A6007
:108270000420704701700120704751B10278120646
:1082800002D56FF0FF0200E000220A60007802438E
:108290000A60012070470A0A02704170022070478C
:1082A00069B10278120601D5214A00E000220A6075
:1082B000037842EA03220A60407802430A600220FF
:1082C00070470A0C02700A0A4270817003207047DE
:1082D00091B10278120602D54FF07F4200E00022F1
:1082E0000A60037842EA03420A60437842EA0322C2
:1082F0000A60807802430A60032070470A0E027009
:108300000A0C42700A0A8270C1700420704769B179
:10831000027812060A60437842EA03420A608378D0
:1083200042EA03220A60C07802430A6004207047D0
:108330000000FFFFC37863F30702837863F30F2223
:108340004378007863F3174260F31F6204200A60E9
:108350007047042903D00023084613607047114674
:10836000E8E777B581B0164604469DF80810FFF798
:1083700026FA60B120466A4602A9FFF7A1F9054630
:1083800060193146FFF7D6FF284404B070BD4FF0A6
:10839000FF30FAE7020E0A70020C4A70020A8A7075
:1083A000C8700420704710B5047864F3070244785D
:1083B00064F30F22847864F31742C47864F31F6275
:1083C000047964F30703447964F30F238479C07953
:1083D00064F3174360F31F63C1E90023082010BD55
:1083E00010B40C46082905D00021C2E9001120462E
:1083F00010BC704710BC1146D5E71070030A5370CB
:10840000030C9370000ED0701171080A5071080CA3
:108410009071080ED0710820704777B581B016466C
:1084200004469DF80810FFF7CAF958B120466A467D
:1084300002A9FFF745F9054660193146FFF7B3FF7A
:108440002844A2E74FF0FF309FE7000000280CD03F
:1084500000290AD04A68C0F801204988A0F8051010
:1084600006210170002101818172704710B54FF41F
:1084700000642146FE4806F0A8FF2146BDE81040F2
:10848000FC4806F0A2BF30B50022F94D144605EBBA
:1084900002110B784BB1CB683BB1834201DACC605F
:1084A00002E01B1ACB6000D10C70521C802AEED364
:1084B00030BD002320B103680B6080881080062344
:1084C0001846704710B5002148B1812100F8011B02
:1084D000022100F8011B0421FFF790FE0421084649
:1084E00010BD70B514460D46DCF725FD002801DAF5
:1084F000002070BD21462846BDE87040D6F750BB2D
:108500007FB5002406460D46009401940294DA4893
:108510000394FFF7D7FF0204120C07D00196ADF8C1
:108520000250D5496846FFF7DCFF044604B02046F8
:1085300070BD2DE9F04104001D4617460E464FF070
:10854000000017D0812020700420607005F10A001F
:1085500081B2A01CFFF752FE7288201D311D00F071
:1085600024FB0021001D03E07A5C2254401C491CBE
:10857000A942F9D3BDE8F081F0B50025BD4E2A46E9
:108580002C460A2915D306EB021301271F70071981
:10859000241D3F685F60A4B20719A41C3F881F8197
:1085A000A4B20719241D3F680A39DF60A4B289B25A
:1085B00006E006EB021300271F705F601F81DF607B
:1085C000521C802ADDD30A2900D201252846F0BD9D
:1085D000F0B50022A64D144601F11E0605EB02136C
:1085E0001F787FB15F68D0F804C067450AD11F8942
:1085F000B0F802C0674505D105EB021001244181A6
:10860000DE600BE0521C802AE8D33CB9002205EB67
:1086100002131B7823B1521C802AF8D32046F0BDE8
:1086200005EB02124368536040881081518101209C
:10863000D66010700446F1E7F0B585B000250095CE
:10864000019502950395ADF810502E462C4604AACC
:1086500001A9FFF72EFF8648BDF8022000EB0411A8
:108660000B7863B14B68019FBB4208D10B899342E1
:1086700005D100EB041001260570CD6002E0641CFA
:10868000802CEBD305B03046F0BD7FB500241346F7
:108690000A46014600940194029477480394FFF738
:1086A00048FF744D86B205EB0410017811B342689F
:1086B000C16862EA010101910089ADF80200DCF7AE
:1086C00059FC0199884205D1DCF758FCBDF802102D
:1086D00088420FD0DCF738FC0199884205D1DCF7DD
:1086E0004DFCBDF80210884204D03246624968460B
:1086F000FFF7F7FE641C802CD5D37FBD1FB50C4659
:1087000000210091019102910391134601462246F6
:108710005948FFF70EFF84B2DCF72CFC0190DCF720
:108720002DFCADF80200224653496846FFF7D9FEFA
:108730001FBD2DE9FF410024054613460A4600945B
:108740000194029429464C480394FFF7F2FE484EE8
:1087500087B206EB04100178F9B1C168E9B141684C
:1087600001910089ADF80200DCF7EEFB0199884227
:1087700005D1DCF703FCBDF8021088420DD001984A
:108780006968884204D1BDF802006988884204D033
:108790003A4639496846FFF7A4FE641C802CD8D3BA
:1087A000BDE8FF8170B5344C064681202070002062
:1087B0000D4660700621A01CFFF720FD2946201DF4
:1087C000FFF71CFD21463046BDE87040062288E6D2
:1087D00070B5054640F27621274800F0F1F904040F
:1087E000240C04D0224624492846FFF77AFE20466E
:1087F00070BD70B5054640F276211F4800F029FA99
:108800000404240C04D022461B492846FFF769FEC5
:10881000204670BD70B50024164B214603EB0112B3
:10882000157855B155684668B54206D11589468810
:10883000B54202D1D268521C04D0491C8029EDD324
:10884000204670BD0124FBE72DE9F04393B00026DC
:10885000ADF800600F960E96109611960596174685
:108860000D46814606960796089609960A9605E0F3
:10887000F80A0560F802056070CA01600B960C9654
:10888000ADF834603446ADF80460DCF754FB0028E2
:108890000ADBDCF750FBFE48FE4900880D6000282B
:1088A00002DD2878812803D0002013B0BDE8F083D2
:1088B000DFF8E4836978A81C88F801106946FFF79F
:1088C000A2FCBDF80000001F81B2ADF8001098F8BE
:1088D00001000C285CD2DFE800F0060F17C81E5C10
:1088E00069C8707A8CAA0DA9281DFFF78CFCBDF809
:1088F000340088F80000B8E0281DFFF73DFE08B1FD
:10890000002160E010215EE00EA8FFF761FF002863
:1089100034DC202157E005A90A46281D06A9921C2F
:10892000FFF7C7FDBDF80000801FADF800000EA8DE
:10893000FFF770FF05F10A0860B1DCF71BFB0A9036
:10894000DCF71CFBADF82600BDF80020414609A865
:10895000FFF7C7FD06980A90BDF81600ADF826008F
:10896000BDF80020414609A8FFF7E3FE09A94846E3
:10897000FFF76CFDBDF80000B84205D375E028197B
:10898000807A2855641CA4B2BDF800008442F6D356
:108990006DE001A9281DFFF736FCBDF804100EA8F4
:1089A000FFF716FE0028ABD130210CE00EA8FFF730
:1089B00020FF002859DC402105E0281DFFF73CFE80
:1089C00000289DD150210EA8FFF7ECFE4DE00A468D
:1089D000291D0EA8FFF792FEBDF80020291D0EA844
:1089E000FFF753FEBDF80020291D0EA8FFF7A1FEDA
:1089F0003BE0DCF7A9FA0F99884205D1DCF7BEFA13
:108A0000BDF83A10884230D00EA94846FFF71EFD47
:108A1000BDF80000B84205D327E028190079285591
:108A2000641CA4B2BDF800008442F6D31FE00EA976
:108A30004846FFF70BFDBDF80000B84205D314E02F
:108A4000281900792855641CA4B2BDF8000084429E
:108A5000F6D382B229460EA8FFF717FEBDF8002014
:108A600029460EA8FFF765FE01E0ADF80060BDF8ED
:108A700000001AE7F0B587B015460022874E009235
:108A8000019202920392ADF8102081213170018988
:108A90001C46A1F57F42FF3A0AD009B1817A39B16B
:108AA000017829B1062916D04FF0FF3007B0F0BD8C
:108AB0007B49488830B10922727049680591ADF848
:108AC00010000FE0DCF756FA0590DCF757FAADF826
:108AD00010000B2005E004AA05A9401CFFF7E9FCE3
:108AE0000A20707005980190BDF81000ADF80200E2
:108AF000201D81B2B01CFFF781FB801C87B2F019EA
:108B00002246294606F048FC381982B26349684675
:108B1000FFF7E7FCCAE710B5614A604C506051802E
:108B200081202070052060700A21A01CFFF766FBE1
:108B30006421201DFFF762FB2146BDE810400A2298
:108B40005748CEE438B50025ADF80050524C4B786C
:108B5000084663700A2B17D2DFE803F005111316DD
:108B600016191B161D1F062A0ED36946001DFFF796
:108B70004AFBBDF800002070ADF8005004E0102062
:108B800000E02020ADF80000BDF8000038BD302026
:108B9000F8E74020F6E75020F4E76020F2E73E488F
:108BA000007870473C484078704707B5002228B1EC
:108BB00009680160BDF808108180062210460EBDCC
:108BC0002DE9F0470024364E89468046214620464E
:108BD000103606EB0012127802B1491C401C8028A6
:108BE000F7D35FEA08004FF000020DD08122027037
:108BF0000322427001EB8101042202EB410189B2A0
:108C0000801CFFF7FBFA042214440025B2460AEB4D
:108C100005100178B9B104F10A01494501DD0024CC
:108C200014E000F10401028900F10C0718EB0406BE
:108C30004FF0000006D03046FFF7B7FF31183A6812
:108C40000A60001D04446D1C802DE0D32046BDE861
:108C5000F0872DE9F047002588460746114C294644
:108C6000284604EB0012127802B1491C401C8028EF
:108C7000F7D338004FF000021AD081220270072289
:108C8000427001EB8101042202EB410189B20BE049
:108C9000EA01006000020060EC04006070CA01603C
:108CA000E8020560F80A0560B81CFFF7A7FA04227D
:108CB00015440026A14609EB06142078B0B105F151
:108CC0000A00404501DD002513E02289211D7819A5
:108CD000FFF76BFF054461897819FFF78FFA0544A8
:108CE000A08981B27819FFF789FA0544761C802E95
:108CF000E1D32846ABE738B50546049C002054B1C3
:108D0000012C0ED0022C12D0042C0FD12846009436
:108D1000DCF769FA09E000200090284601F063F9C9
:108D200003E028460094DCF737F980B238BD2846C6
:108D30000094DCF7C1F9F8E730B40446029B002048
:108D40002BB1012B08D1204630BCDCF70DBB2046EF
:108D500030BC002301F069B930BC704729B101294A
:108D600001D0022903D1DCF778BC01F0C3B9704708
:108D700029B1012901D0022903D1DCF74ABC01F055
:108D8000A9B97047F849002008707047F648406854
:108D9000704701460120B1F5800F04D2F24A5160BC
:108DA000F24A1160704700207047EF4949688142DC
:108DB00001D10120704700207047DBF7ABB910B537
:108DC000FCF727FB441CFDF79CFB0444FBF721FF49
:108DD0000444FCF79CF80444FDF721FD0444FDF72E
:108DE00016FA044402F029F8044401F0DFFE0444BA
:108DF00002F0D9FE044402F0C7FF204410BD2DE963
:108E0000F041002415460E460746012805D10820EA
:108E10003060D5480124406828607F1E002C6FD147
:108E20007F1EFCF7F6FA874205D2022030603846F2
:108E3000FCF7F2FA4BE03F1AFDF763FB874205D2DD
:108E4000052030603846FDF75FFB40E03F1AFBF736
:108E5000E0FE874205D2002030603846FBF7DCFE9A
:108E600035E03F1AFCF753F8874205D20120306005
:108E70003846FCF74FF82AE03F1AFDF7D0FC87424E
:108E800005D2042030603846FDF7CCFC1FE03F1AC5
:108E9000FDF7BDF9874205D2032030603846FDF763
:108EA000B9F914E03F1A01F0C8FF874205D211203A
:108EB0003060384601F0C4FF09E03F1A01F076FE49
:108EC000874207D206203060384601F072FE012446
:108ED000286015E03F1A02F066FE874205D2802026
:108EE0003060384602F062FEF1E73F1A02F05BFEA6
:108EF000874205D213203060384602F044FFE6E78F
:108F00002046BDE8F08138B5994C6079A179401CC4
:108F1000C2B2E378974801F26C7104F01EF90020A8
:108F2000009023786278A178934804F04EFAA07AF2
:108F300000B10120DBF7A4F9BDE83840DBF7D2B976
:108F400010B50446FFF7DFFF8A490868206088886B
:108F5000A08089480068C4F8060010BD10B5FFF76E
:108F6000D2FFBDE81040DBF7B9B9DBF78CB92DE9CA
:108F7000FF4FADF51D7D00240646DDE9AAA79A94B2
:108F80009F987949994625469B944FF0FF3B4D2881
:108F900050D022DC3E2875D010DC1E2873D006DCB1
:108FA0000B2871D00C2858D01C283AD1F6E02C2878
:108FB00051D0382869D0392833D1FDE0492829D04B
:108FC00006DC3F2872D0402871D0462829D13FE0E6
:108FD0004B282BD04C2824D17CE0782835D00EDCCF
:108FE00062283CD006DC4F2827D060284ED061286C
:108FF00017D138E06B287DD0702812D11FE05F496F
:10900000B0F57A7F77D006DC79281AD08B2828D063
:109010009B2806D1BAE0A0F54070E9386CD0012851
:109020006BD002208AF8000020208EE04A680821D8
:10903000304666E0DAF7BEF805E008218CE00978F2
:109040008AE0DBF7E3F80146A9E0DBF763F8BAE072
:10905000DBF7DEF8F7E74AA1A1E04BA19FE0012191
:10906000D5E00C21D3E096A803F00EFDE8B2FCF7A2
:10907000A9FE0246E9B296A803F00FFD6D1C282D4B
:10908000F4D322E064E083E06AE090E096A803F085
:10909000FBFCE9B2002296A803F0FFFC6D1C332D07
:1090A000F7D3314C4FF4806508340BE089E08CE055
:1090B000A06830B1804720B12178012296A803F042
:1090C000ECFC38342088A842F2D396A93046FEF74B
:1090D00095FC18E0FFF773FE8046B9F1000F14D03D
:1090E000B9F1FF3F13D09BAA9AA94846FFF787FE24
:1090F00038B303E02FE06BE086E087E0DDE99A1209
:109100003046FEF7ECFC044671E041467FE0012565
:1091100014E09BAA9AA92846FFF771FEDDE99A128E
:109120003019FEF7DCFC04442044B0F5167F04DB64
:10913000362038706FF001046DE06D1C4545E8D9AC
:1091400055E002208AF800002A2038705C4662E070
:109150004FF416715BE003213046FEF781FED2E743
:109160004EF6602153E00000F004006088020060C9
:10917000F817006094020060990200607C5B046054
:10918000302E382E30000000312E300000213EE01D
:109190004FF416713046FCF708FDB4E7FDA16846B0
:1091A00003F030FD69463046FEF756FDABE7FD495A
:1091B0003046FEF7BDFFA6E7FB493046FEF747FF06
:1091C000A1E700F07FFF014621E000F07FFFFAE712
:1091D00088463019B8F800106943FEF710FE0444C1
:1091E0002044B0F5167FA3DA6D1C052DF1D9002CB3
:1091F00011DB9F984C280ED0B9F1FF3F0BD0022015
:109200008AF800003220A0E7498800E0C98C304687
:10921000FEF7F5FD77E70DF5217D2046BDE8F08FDF
:1092200070B5ADF51A7D0446D0F8681200256A467F
:109230001030FDF718FE02232526002804DA84F8F2
:109240006D3284F86E620AE020894C280BD0E16808
:10925000491C08D084F86D32322084F86E02002058
:109260000DF51A7D70BD09220DF10D014D2862D05A
:109270000DDC402830D005DC02A9382863D039281D
:1092800014D168E046284ED04B280FD115E0B0F538
:109290007A7F10D004DC78283CD0792806D131E0E0
:1092A000A0F54070E93864D0012862D084F86D32AE
:1092B000202084F86E022846D2E79DF802000C2890
:1092C0004DD1BDF80800082817D10398FFF761FDBC
:1092D00098B10398C0B20DE09DF8020002283ED17B
:1092E0000298401EFD2808D80298C4B2204600F01B
:1092F000CFFE2046DBF7E9FB3FE084F86D3284F8CF
:109300006E62D8E79DF802000728D4D10846DAF744
:1093100082FF32E09DF802000228CCD1029880B290
:10932000DAF794FF29E09DF802000728C3D1084628
:10933000DAF77EFF21E09DF8020007280FD10846EA
:10934000DAF76FFE19E09DF802000A2807D10846F7
:10935000DAF79FFF0BE09DF802000B2804D084F899
:109360006D3284F86E22A6E70846DAF7A9FF0546B3
:10937000A1E79DF8020002289DD101259BE72DE978
:10938000F047044600880027022528269046894693
:10939000122854D2DFE800F009320D212A17435376
:1093A0004B53535353535353533A6068FBF72BFCBF
:1093B00016E06068FCF727F880B34246494620462D
:1093C000FCF764F93AE06068FDF795F830B342467F
:1093D00049462046FDF750F930E06068FCF711FF80
:1093E000E0B184F86D5284F86E6228E06068FDF7A1
:1093F00010FA98B12046FDF77EFB1FE06068FBF78E
:1094000080FD58B12046FBF70EFF17E0606801F0C1
:109410000EFD18B1204601F063FE0FE00FE060681A
:1094200001F0BEFB58B1204601F04AFC06E060683E
:10943000FFF7BBFC18B12046FFF7F2FE074638469F
:10944000BDE8F0870120704758484068704710B564
:10945000564A0C46014652680020914207D1D9F77E
:10946000A9FE01462046BDE8104003F0CBBB10BD6D
:1094700008B14F4B036011B14D485C300860002AC1
:1094800002D04B487030106070472DE9F04104461F
:109490004FF0FF38008800F0AEF805004FF00106ED
:1094A0004FF01F070AD0296941B16068884728B189
:1094B0002146284600F0ACF8804601E02676677623
:1094C00040461EE510B50C46014600202060A06015
:1094D0002061084600F08FF838B1036A2BB104F11F
:1094E000100204F1080120469847206808B100F0F6
:1094F00078F86060A06808B100F073F8E060206957
:1095000008B100F06EF8606110BD10B500F073F89E
:10951000002800D0406A10BD70B515460E460024E4
:1095200000F069F828B142691AB1294630469047DF
:109530000446204670BD2DE9F043ADF5197D0026A7
:1095400090460F4681469696FFF739FC0546012462
:1095500032E097AA96A92046FFF751FC50B396989F
:1095600080B200F048F828B342691AB36946979868
:109570009047F8B16946484603F093FBD0B1012605
:109580000FB196983860B8F1000F17D09799C8F8C6
:10959000001013E04261636E65742050726F647551
:1095A000637400009402006099020060F00400609F
:1095B000A81E0408FFE7641CAC42CAD90DF5197D4A
:1095C0003046BDE8F08370B50D46002480B200F04F
:1095D00012F820B102692846904700B101242046C4
:1095E00070BD002110B904E0001D491C0268521C26
:1095F000FAD108467047024626484FF4806302E0DD
:10960000914204D0383001889942F9D30020704744
:109610002DE9FC4105460C694FF0FF30CCB14A6999
:10962000BAB10A89022332264B2A14D04F2A28D0F5
:10963000AF69002F0BD00B7601F119034E76581E3F
:10964000CDE90003CB68AD6949682046A847BDE86D
:10965000FC810020FBE7CA68521C02D00B764E76D4
:10966000F5E70888082801D04A6803E0094A083A63
:1096700052684A60014602B02046BDE8F041FEF75C
:109680002EBACA68521CE9D109882046BDE8FC41BF
:10969000FEF7E6BBF8040060FF4810B50021017139
:1096A000417181710172417200F1240381621A6873
:1096B00022F02B021A60F94A12788272F84A127864
:1096C00002730122C2728182C17101F03AF9012054
:1096D00010BD70470022FF2911D001230370417093
:1096E00001214318491C5A700729FADB0281827252
:1096F00000214318491CDA720729FADB704702700F
:109700004270EDE7F0B5E74D04460021287889B0B6
:10971000022815D0012813D0032811D004280FD017
:10972000E1480025012602788AB10570002305AAC8
:109730006946DE4804F022FB80B2267009B0F0BD15
:10974000F2F727F921462878E2F737FAF6E7D84FFB
:10975000387858B1F2F71DF90022501E3D700146CD
:1097600001F017FA082002212170E7E7D14F38787D
:1097700050B1F2F70EF93D700022CF49CF4802F008
:109780008BF926701420D9E70846D7E72DE9F04376
:10979000ADF5197D88465521A09D8DF85812FF2101
:1097A0008DF859121F4691464FF6FF7600248DF82A
:1097B0005A0203F01FFC014640468DF85B8203F01D
:1097C00019FC014648468DF85C9203F013FC0146F3
:1097D000280A8DF85D0203F00DFC0146E8B28DF811
:1097E0005E0203F007FCC0438DF85F023DB90EE056
:1097F000385D314603F013FC641C0646A4B2AC424B
:10980000F6D3F0438DF86002000A8DF8610201F092
:1098100083F8012001F079F8B5B1DDE99601CDE9D1
:1098200000012A46394602A805F0B6FD0DEB0500F9
:10983000BDF8601201810A35A9B2684601F085F8C9
:109840000DF5197DBDE8F083082196A8F6E72DE90E
:10985000F843914D00248DF8004028794FF001081D
:1098600005F12C0750B14FF00209012829D005F16C
:109870002406022860D0032829D130E101F077F8CE
:1098800040B101F05EF8E879FF2801D2401CE87190
:10989000BDE8F8835146684601F06BF80028F7D020
:1098A00001F04FF8E879FF2801D2401CE8719DF8DB
:1098B0000000552801D185F8048085F804803870AF
:1098C000E6E701F026F85A2802D9E5F7B0FA5CE19C
:1098D00001F04DF838B101F034F8E879FF28F6D2FC
:1098E000401CE87151E15146684601F042F80028F9
:1098F000CED001F026F8E879FF2801D2401CE871AB
:109900009DF80000FF21FF2806D0552808D0032825
:1099100009D0192807D00CE06C822970797005E015
:1099200085F80480B4E76C822970787085F804901B
:10993000AEE7E5F777FA28E100F0EBFF5A2879D88F
:1099400001F015F8002876D103E0306840F00100FE
:10995000C3E05146684601F00CF8002898D000F0AA
:10996000F0FFE879FF2801D2401CE871688A60B1F5
:1099700001282FD04FF00308022838D003284CD0FC
:10998000042859D0052866D0F4E029789DF8000015
:1099900003F030FB28709DF80000287239785529B3
:1099A0000CD17978FF2909D1072807D900F0C9FF20
:1099B000E879FF2801D2401CE8712C719DF8000065
:1099C000B8703878FF2802D17878192851D0A5F8D6
:1099D00012805DE729789DF8000003F00BFB2870EA
:1099E0009DF80000A871F870A5F8129050E729784A
:1099F0009DF8000003F0FEFA287028499DF8000049
:109A000068720978884202D1E5F707FA01E0E5F7C4
:109A1000C1F89DF800003871D9E729789DF8000059
:109A200003F0E8FA28709DF800000102A98278711D
:109A300004200EE057E05EE029789DF8000003F076
:109A4000D9FA2870A98A9DF800000144A982B8714A
:109A5000052068821CE79DF80000F8710E48062179
:109A60002C30EBF700FDF979BA7901EB0221814244
:109A700002D1F0F783FF0BE729789DF8000003F08F
:109A8000B9FA287055281BD0E5F7CCF9306840F0BA
:109A9000010030601FE7000098070060A10200602D
:109AA00066020060CE070060CC070060F812056017
:109AB000CD070060CF07006099020060940200604B
:109AC000A88AE8B3E98A884254D86C824FF6FF70BE
:109AD000288225E7306840F00200306055E000F051
:109AE00018FF5A2804D9306840F001003060ECE6D5
:109AF00000F03DFF40B100F024FFE879FF28BFF4FB
:109B000024AF401CE87120E75146684600F031FF61
:109B100000289FD000F015FFE879FF2801D2401CF3
:109B2000E871698AA88A81420DD2298A9DF80000CD
:109B300003F075FA28829DF80010688AAA6A00E08E
:109B40001DE0115407E008D1298A9DF8000003F0B8
:109B500066FA2882688A401C7BE7401C81428AD1D1
:109B6000298A9DF8000003F05AFAA0F57041288276
:109B7000B83904D0306840F001003060D9E6A879E7
:109B8000A97A8842A6D0FF28A4D02C7180E62DE9BE
:109B9000FC5FF94E002406F1240BF178307B491C60
:109BA000401CB1FBF0F200FB1211B27A01F0FF0988
:109BB000511CB1FBF0F300FB1311C9B20091B17855
:109BC00001274B1CB3FBF0F500FB1530C0B2019030
:109BD000304696F805C0DBF800300025407A4FF09B
:109BE000040A23F0040EBCF1090F7DD2DFE80CF06B
:109BF000051267B0F0EEEDECEB00B270F2703220BF
:109C0000306277712EF003000124CBF8000000F0E1
:109C100098FEE5E100F07DFEB0F5FA7F09D3E5F7A7
:109C200006F9F57106207071DBF8000020F00300E2
:109C3000BFE0DBF800005F46C10702D0E5F7F2F8AD
:109C4000ACE18107E5D5317A072931D2DFE801F0AF
:109C5000040F302830201C00B179FF2928D07570FE
:109C600020F00600386002207071012423E0009586
:109C70000023B27A717A0220FFF788FDBF4830F8DE
:109C8000521F491C018013E040F0200038600FE0B3
:109C900040F020003860B079FF2809D00820E2E0C9
:109CA000B08A0090B27A717A0420B36AFFF76EFD31
:109CB00070790828ADD0386820F0020071E18DF885
:109CC000045001A8FFF71EFD308301469DF80400F3
:109CD000B8B3AA4AB2F858305B1CA2F85830022830
:109CE0000DD001280BD000E079E10325032810D026
:109CF000042816D0052818D0062816D01DE000919B
:109D00009F4BB27AFF210620FFF740FD86F805A0A1
:109D100013E0E2F7ABF90146308B0090994BB27A31
:109D200007E032F84A0F401C10800091944BB27A41
:109D3000B17B0520FFF72AFD75717078401C7070AB
:109D40004EE1FFE7F07A7070012486F805A047E144
:109D500000F0DFFDB0F5937F09D9884830F84C1F3B
:109D6000491C0180E5F763F8F07A70700DE0DBF8CC
:109D700000005A46C1070BD0804920F0010031F89D
:109D80004E3F5B1C0B80CBF8000086F805A094E0EA
:109D90008107D5D5B179B37A994206D1317A0429B0
:109DA0000AD006290BD0072906D07771106820F059
:109DB0000200CBF8000080E086F805A0F6E740F04E
:109DC00020001060F8E7F2E093E065E04DE0FFE787
:109DD000707896F80BC0604502D2022070716CE07A
:109DE000580703D4914201D1009934E0306A3128F8
:109DF00013D261485B07006A00F1010005D5009BA2
:109E0000994202D075703062E7E73062002318464D
:109E10000095FFF7BBFCF56119E04846894519D16B
:109E200058070CD50199F170002301200095FFF728
:109E3000ADFCB07AB070C6E90757072013E0F270A6
:109E4000002318460095FFF7A1FCC6E90757F571F6
:109E5000052008E00146F170002301200095FFF77E
:109E600095FCF56107207071BAE000F052FD5F28A3
:109E700004D8F07904280ED977711EE0F06908B192
:109E800001992AE0F76100950023B27AB17818466B
:109E9000FFF77CFCF571A3E0B04602EB82014FF4C2
:109EA000FA7000EB410600F034FDB04207D298F89A
:109EB0000710042902D988F80570012490E098F869
:109EC0000A004FF4FF7100EB8000464601EB4007AB
:109ED00000F01FFDB8421CD20099F17000950023DC
:109EE000B27A0120FFF752FCB07AB070F5613562AA
:109EF000B8E799071FD5B179914202D1317A022989
:109F000008D077710124DBF8001021F00201CBF8B2
:109F1000001065E0CBF800E0B070F5710023014659
:109F200018460095FFF732FCB07AF07035620520D4
:109F3000F5617071E7E700F0ECFC5F2803D89BF84F
:109F40000000C0074CD0DBF800005F46410704D595
:109F5000022075707071012420E0B178B27A9142CC
:109F600012D0F571002318460095FFF70FFC05206D
:109F7000F561707112E00000980700607C5B04607E
:109F8000F8120560BCCA0760494691450BD0F170D4
:109F9000002301200095FFF7F9FBF561386820F0F8
:109FA000010038601CE040F004003860D0E7190779
:109FB0000DD5308B0090584B717B0620FFF7E6FBE8
:109FC000DBF8001021F00801CBF8001005E0014695
:109FD000002307200095FFF7D9FB777193E777718E
:109FE0002046BDE8FC9F2DE9F0414C4C1D46134630
:109FF000064622680020069F5FEA027C13D477B9E8
:10A000004878194660F3041222602A46424805F057
:10A01000C3F9A4F1240005837178417328462168AF
:10A0200041F008012160BDE8F0812DE9F0413B4C91
:10A030000026243C0746A06A08B9A162E282374D97
:10A040002868810708D4C00706D1FFF700FC2868FC
:10A05000810701D4C00702D0207918B10BE0207924
:10A060000028F2D12E48A17A0078814203D8FFF768
:10A070008EFD0028FBD12868810607D520F020003E
:10A080002860A68A01203870607A78703046CAE766
:10A09000224924390873704721490978884206D833
:10A0A0001E49243988720A7B904200D90873704790
:10A0B0001A482438807A7047002802D0174924397A
:10A0C000C872704715482438C07A7047134824383E
:10A0D000007B704701220270104A0021243A927AD4
:10A0E000427001810A4681724318491CDA720729BD
:10A0F000FADB7047002100280DD001220270FF22F8
:10A1000042704FF6FF720281002282724318491C8E
:10A11000DA720729FADB7047F8120560BC070060A5
:10A1200066020060002803D001684068081A704782
:10A130000020704700B50246002A05D01046FFF700
:10A14000F1FFD168884201D1012000BD002000BD8F
:10A1500000B502460B46002A08D01046FFF7E2FF82
:10A16000D268101A984201D3012000BD002000BD22
:10A1700000B5002804D0FFF7D5FF08B1002000BDCE
:10A18000012000BD002808D04168C268B1FBF2F38D
:10A1900002FB13118068405C70470020704700B5D7
:10A1A000024600231046FFF7E3FF50B95068D1681C
:10A1B000B0FBF1F301FB130091680B5C5068401C8D
:10A1C0005060184600BD70B503460C461846FFF7B0
:10A1D000A9FF904200D91046824210D902460EE0F3
:10A1E0005968DD68B1FBF5F605FB16119D68695CE1
:10A1F0005D686D1C5D600CB104F8011B401E0028F9
:10A20000EED1104670BD70B503460D460024002BFC
:10A210000AD01846FFF78EFF40B123480068B0F51A
:10A22000967F01D9EBF7EDF9204670BD1868DA6822
:10A23000B0FBF2F102FB110099680D541868401C44
:10A2400018600124F0E7F0B504460D4616460027D5
:10A2500031462046FFF77CFF90B175B910E02068C9
:10A26000E168B0FBF1F201FB1200A26815F8011BD6
:10A2700011542068401C2060761E002EEFD101276B
:10A280003846F0BD002801D00168416070470028C1
:10A2900008D0002906D0002A04D0002303604360C0
:10A2A0008160C26070470000A40300602DE9F041A6
:10A2B00088B000268046059606A814460F460090F2
:10A2C00003960496ADF8186005AB04AA03A94046AE
:10A2D00003F038FABDF81810942917D00025401C57
:10A2E00028D0DDE903012246FBF78CFB217801220F
:10A2F000F8B2012911D006291CD1BDF818109429F3
:10A300001FD08DE8450043462A460FE00D2F01D0AF
:10A31000FF25E4E798F80C50E1E7BDF81810942900
:10A320000BD0CDE900060296627843462146039899
:10A33000E4F7A0FB08B0BDE8F0810090CDE9016230
:10A34000F2E7CDE9000243460292DDE710B586B0A0
:10A350000021019102910391ADF8101004A9144657
:10A36000009103AB02AA01A903F0ECF9002804DD77
:10A37000DDE901012246FBF7CDFB06B010BD000070
:10A380002DE9F04188B00E4607469846154614213F
:10A39000684605F01AF8002005900690079030787E
:10A3A00001282BD105AB3A466946304603F0E2FA64
:10A3B00004469DF816004FF6FF7100281ED1002CB0
:10A3C0001CDDAC421ADCBDF80800D0B1884218D0C0
:10A3D000DBF71BF9BDF80810884203D19DF80A008D
:10A3E00006280ED00F48B8F1010F12D0018F2A466F
:10A3F000491C018778783146E1F762FC08B0BDE876
:10A40000F081281B82B2311943463846FBF79AFD8A
:10A41000F4E7C18E491CC18629463046E1F7F6FBB8
:10A42000ECE700007C5B04602DE9FF418046088872
:10A430000C461E4617464FF0FF35052855D006DC62
:10A44000052810D2DFE800F05F6D438D7F001128F2
:10A4500075D004DC062873D0082804D10BE013283B
:10A460006FD080286ED0012010701F20187004B0AB
:10A470002846BDE8F08196496068884201D060684E
:10A4800002E0FEF783FC6060FEF78FFC0028EED050
:10A490002289A2F58070733807D0CDE90076404656
:10A4A000E3686168FEF763FDA0E000200190029080
:10A4B000039003AA02A901A8FEF7DAFF039800900F
:10A4C000DDE901232146404604F019FD8EE0606875
:10A4D000FAF799FF0028CAD0CDE9007622894046D4
:10A4E000E3686168FAF7F4FF80E06068FCF703F85E
:10A4F0000028BCD0CDE9007622894046E368616837
:10A50000FCF73CF872E06068FAF77DFB0028AED0FB
:10A51000CDE9007622894046E3686168FAF7D4FB0A
:10A5200064E06068FAF7EDFC0028A0D0CDE9007681
:10A5300022894046E3686168FAF78FFD56E01EE025
:10A540002BE046E037E06068FCF763F900288ED026
:10A55000CDE9007622894046E3686168FCF7CFF9CF
:10A5600044E06068FBF74DFE002880D0CDE900761E
:10A5700022894046E3686168FBF7C4FE36E0606804
:10A5800000F055FC0028A6D0CDE90076228940468F
:10A59000E368616800F06AFC28E0606800F000FB96
:10A5A000002898D0CDE9007622894046E3686168AA
:10A5B00000F015FB1AE0606801F0EFFA00288AD07D
:10A5C000CDE9007622894046E368616801F00AFB24
:10A5D0000CE0606801F0DBFB00288AD0CDE9007652
:10A5E00022894046E368616801F03EFC05463EE78B
:10A5F0002DE9F04F93B0804601208DF84000DDF842
:10A6000070A01F200F468DF844001E469346514609
:10A610000BA8FEF7ADFB0022114608A803F09BF93A
:10A6200040F239110AFB01F02A4908AB01EB400462
:10A630000BAA5946204603F00BF90546307810B1B5
:10A64000317B60193FE001AA3946404603F096FA93
:10A650000028317B04EB050002DA0123002234E0FC
:10A66000804601AA03F0E9FA814605EB090020447F
:10A6700011AB10AA01A9FFF7D7FE070009D4E91909
:10A6800001EB0900204403F0FEFA09EB070108443E
:10A690000CE010F1020F14D09DF844000090317BC3
:10A6A00040469DF840300C2202F08EF92B182246CD
:10A6B00008A95846CDF800A0FEF71DFB13B0BDE871
:10A6C000F08F317B40460123042202F017F9EDE7B9
:10A6D000FFFF3F00BCCA07607CB5002200920192D8
:10A6E00001AB6A4603F01FFD0B4D012448B1401C2D
:10A6F00008D0FEF74BFB0099884204DB019A904298
:10A7000001DC2C707CBDB1F5800FFBD203490198B0
:10A710008842F6D27CBD0000CC070060FFFF3F00FE
:10A720002DE9F0438BB01E460B4601218DF8041035
:10A730001F2191468DF80810129F594A194603F0BF
:10A7400078FD8046394606A8FEF712FB0022114626
:10A7500003A803F000F940F239105249784301EBA5
:10A76000400403AB06AA4946204603F071F80546AB
:10A77000B8F1000F04DC60190123317B002205E0F1
:10A78000307830B1317B60190123042202F0B6F831
:10A7900070E04348008805283AD006DC05285FD2DF
:10A7A000DFE800F0222A1C322E00112820D004DC21
:10A7B000062833D0082853D104E013283AD0802843
:10A7C0004ED12FE002AA01A93548FEF7D8FD2EE0B0
:10A7D000317B60190F22FDF708FD4BE002AA01A9A9
:10A7E0002F48FAF753FF22E02D48FAF7F2FA1EE05D
:10A7F0002B4800F075FC1AE02948FAF714FD16E022
:10A800002748FCF778F912E02548FBF7F1FD0EE048
:10A8100002AA01A92248FBF72FFF08E0204800F018
:10A820004FFA04E002AA01A91D4801F02AFA002803
:10A83000CED115E002AA01A9194801F0D1FB28B137
:10A84000317B60190F22FDF7D0FC09E09DF808006C
:10A850000090317B60199DF804300F2202F0B4F8AB
:10A860009DF808000090317B60199DF804300F229C
:10A8700002F0AAF82B18224603A948460097FEF7D3
:10A880003AFA0BB0BDE8F08310B504460120A47875
:10A890008C4204D00221002011700921197010BDD2
:10A8A0006C150560BCCA0760F0B589B01F460E9EE6
:10A8B0001546314604A8FEF75BFA0022114601A8AE
:10A8C00003F049F801AB04AA29460B4802F0C0FF87
:10A8D000044640F23910084A604302EB4000397BDD
:10A8E000092203F015F92318034A01A92846009606
:10A8F000FEF701FA09B0F0BDBCCA076025494FF464
:10A90000007201F50070FFF7C2BC00B10120D7F75B
:10A9100045BF21480088704710B5F0F72CF805288E
:10A9200009D0062809D0072809D002201A490A8828
:10A930008242FCD310BD0620F8E70420F6E703208E
:10A94000F4E7154900200880704770B50C460546AD
:10A95000EFF72CFA401C06D0EFF728FA0246214602
:10A960002846EAF798FD0C490020088070BD0020B9
:10A97000704770B5054600240848FFF7F9FB28B971
:10A980001DB10648FFF70BFC28700124204670BD5E
:10A9900070470000DC170560D0070060DC19056017
:10A9A0002DE9F0418AB00F4680461546114604A8AD
:10A9B000FEF7DEF90022114601A802F0CCFF40F2BA
:10A9C00039103049684301EB400401AB04AA414609
:10A9D000204602F03DFF2C490646A0193A46097868
:10A9E000E3F7ECF83318224601A940460095FEF73C
:10A9F00082F90AB0BDE8F0812DE9F0478AB08946B6
:10AA000082461646114604A8FEF7B2F9002201213B
:10AA100001A802F0A0FF40F23910DFF8688070430F
:10AA200008EB400401AB04AA5146204602F010FF97
:10AA3000074603F094FA050001D103F01FFA2946F6
:10AA4000E0194A46E2F7B9FF07445EB90F483A46B3
:10AA5000016821F00801016041460D4804F09CFCAA
:10AA60000C48077022463B4601A950460096FEF767
:10AA700042F9002803DD28460AB0BDE8F0876FF0F0
:10AA80000100F9E7BCCA076051020060BC07006022
:10AA9000F81205605C0200602DE9F0478AB0894633
:10AAA000824690461D46194604A8FEF761F9002229
:10AAB000114601A802F04FFF40F2391105FB01F0E9
:10AAC000344F01AB07EB400404AA5146204602F084
:10AAD000BFFE0646A0194246494603F005FB064460
:10AAE00035B9394632462C4804F056FC2B480670DE
:10AAF0002246334601A950460095FEF7FCF80AB0FD
:10AB0000BDE8F08770B586B00D460646144611467E
:10AB10006846FEF723F923462A4631466846FFF782
:10AB2000BBFF06B070BDF0B587B00D4606461446B3
:10AB300011466846FEF712F90020ADF808009DF8AE
:10AB400004008DF814009DF803008DF815009DF8A1
:10AB500002008DF816009DF801008DF817009DF891
:10AB600006008DF818009DF805008DF819000021E9
:10AB70006A4605A85718435C491C7B700629F9DB17
:10AB800023462A4631466846FFF786FF07B0F0BDE8
:10AB900082E7B7E7BCCA0760F81205605C02006094
:10ABA000052801D20120704700207047974800789F
:10ABB0007047401C7047401E704710B50C46014658
:10ABC00000204A1E042909D2D1B20620D7F7C6FEBA
:10ABD00001462046BDE8104002F014B810BD2DE932
:10ABE000FF4FADF51B7D491EDDE9A89800240746FF
:10ABF0000D464FF0020A4FF0FF3B4D2A14D006DC01
:10AC0000172A35D01C2A16D04B2A04D107E04F2A28
:10AC10001ED0552A20D089F800A0202148E00A46FD
:10AC20000621FCF75CFF04E0C9B20620D7F796FEC8
:10AC300005E0044634E0C9B20620D7F7DEFD014640
:10AC4000684601F0DFFF69463846FDF705F8F0E792
:10AC50000621FDF705F9ECE7CAB200210620D8F776
:10AC6000BFF804F0CAFE01463846FDF7C8F8E0E731
:10AC7000002610E0E9B2324698A8D8F7E5FBDDE9F6
:10AC80009801CDE99601381996AA0021FDF75EFAE0
:10AC9000761C0444F6B2E8B2D8F771FBB042E9D8AA
:10ACA000002C08DB9E98401C05D089F800A03221BA
:10ACB00088F800105C460DF51F7D2046BDE8F08F3A
:10ACC0002DE9F0410446007C0026ADF51C7D00070F
:10ACD0004FF002071CD46A4604F11000D4F8681241
:10ACE000FCF7C1F8002803DA84F86D72252008E02B
:10ACF000208982280CD0E068401C09D084F86D724D
:10AD0000322084F86E0200200DF51C7DBDE8F08134
:10AD10006568208909216D1E4F280FD00ADC17288D
:10AD200023D00DF10D031C2847D0242806D04D2830
:10AD300004D137E051284BD0552806D084F86D72E5
:10AD4000202084F86E023046DEE79DF802000428D9
:10AD500042D19DF8080004F014FE0346EAB294F8CC
:10AD60006C120620D8F725FD41E0D4F868020521D1
:10AD700090FBF1F000F0FF080027E8B2D8F71CFBC9
:10AD800000260CE0E0199AA91130FDF7EDF9DDE994
:10AD90009A12E8B2D9F785F9761CF6B27F1D4645BE
:10ADA000F0D324E09DF80200072815D1EAB294F808
:10ADB0006C120620D9F76DF819E09DF802000728FB
:10ADC0000AD1EAB294F86C120620D8F73CFC0EE0E7
:10ADD0009DF80200012804D084F86D7284F86E1288
:10ADE000B1E79DF80820E9B20620D8F7F9FF01265F
:10ADF000A9E708B1064B036011B10548083808609F
:10AE0000002A02D00248001F10607047D20700607D
:10AE1000301F040808B1FB4B036011B1F948083832
:10AE20000860002A02D0F7480C38106070470928E3
:10AE300001D20120704700207047F3480078704726
:10AE4000401C7047401E704710B50C46014600205C
:10AE50004A1E082909D2D1B20520D7F77FFD014645
:10AE60002046BDE8104001F0CDBE10BD2DE9FF4FDA
:10AE7000ADF24C7D0446491EDDF854070026DDF88E
:10AE800084B799460D464F2841D010DC262873D050
:10AE900006DC1C282ED020286FD0242817D115E1DD
:10AEA0003628F4D04B2818D04D2810D11BE0672845
:10AEB000F5D006DC51283BD055282AD0582806D199
:10AEC00009E16F287ED07B2839D0AE28E7D0DDF8A5
:10AED0008017022008702021BFE00A461121204679
:10AEE000FCF7FDFD04E0C9B20520D7F737FD05E00A
:10AEF00006469DE0C9B20520D7F77FFC01469CA815
:10AF000001F080FE9CA92046FCF7A6FEF0E7112187
:10AF1000DDE0CAB200210520D7F762FF00F0FF4054
:10AF20000AE0012100E000212046FCF79EFCDFE75B
:10AF3000C9B20520D7F7EEFE0028F4D0F1E7B9F149
:10AF4000000F77D0B9F1FF3F4FF0090A0BD0B9F1EC
:10AF5000070F7DD8A9F1010820460021FCF751FB1D
:10AF60000746002658E00027A0190021FCF749FBFE
:10AF700000EB060800261EE05CE077E0F3B2FAB2D0
:10AF8000E9B20DF59960D8F720F94FF41C720DF570
:10AF90009961684604F000FA8DF80AA0F2B2F9B29D
:10AFA000E8B2D8F709F9049004EB0800694603F009
:10AFB000D5F98044761CF9B2E8B2D8F731F9B0423D
:10AFC000DCDC00E060E004EB08000021FCF72CFB77
:10AFD0007F1C00EB0806072FC6DB29E0F3B208F060
:10AFE000FF02E9B20DF59960D8F7EFF84FF41C7243
:10AFF0000DF59961684604F0CFF98DF80AA0F2B218
:10B0000008F0FF01E8B2D8F7D7F80490E0196946D4
:10B0100003F0A4F90744761C08F0FF01E8B2D8F762
:10B02000FFF8B042DADCE0190021FCF7FDFAC6199E
:10B03000002E16DBB9F1FF3F13D0DDF854077B2853
:10B040000FD0DDF8801702200870322105E0FFE7FD
:10B05000DDF88017022008702A218BF800104FF0CD
:10B06000FF360DF25C7D3046BDE8F08FA421FF2055
:10B0700021706070A070E07020716171A071E0714A
:10B08000207260720A26D5E70DF5E76001F0FCFC3E
:10B09000002211460DF5E76001F0FFFC00220121BE
:10B0A0000DF5E76001F0F9FC002202210DF5E760E3
:10B0B00001F0F3FC002203210DF5E76001F0EDFC47
:10B0C0000DF5E7612046FCF799FC11E700212046C9
:10B0D000FCF7C6FE0CE70A212046FCF790FE07E7C6
:10B0E0002DE9F0470446007C0025010704F110001B
:10B0F000ADF59C6D4FF0020680461AD402AAD4F832
:10B100006812FBF7B0FE002803DA84F86D62252090
:10B1100008E0208982280CD0E068401C09D084F81F
:10B120006D62322084F86E0200200DF59C6DBDE842
:10B13000F0876768208909217F1E4F2826D012DCFE
:10B140000DF11503262821D006DC1C287DD02028EF
:10B150007CD0242815D119E0362828D04B2815D0CA
:10B160004D280ED185E0672810D006DC51286ED01E
:10B1700055280DD0582804D108E06F2806D07B2828
:10B1800016D084F86D62202084F86E022846CCE741
:10B190009DF80A00012877D19DF8100004F0F1FB1A
:10B1A0000346FAB294F86C120520D8F702FB93E03C
:10B1B0004FF000094D464FF0070A41E004EB050847
:10B1C00098F810000E2807D00F280DD0B6FBFAF122
:10B1D0000AFB1160A0BB19E00026F8B24946D8F777
:10B1E0002AFF6D1CADB22BE0B6FBFAF16D1C0AFB19
:10B1F0001160ADB220BB09F1010000F0FF0900268B
:10B200001EE00000541F0408D407006008F110007D
:10B210009CA903F0C4F898F81500912818D0B6FB43
:10B22000FAF2FF219DF87102CDE90001AD1DADB22A
:10B230009DF87032F8B24946D8F718FFF61DF6B2FD
:10B24000D4F86802A842B9DC46E01EE038E027E006
:10B25000B6FBFAF298F816109DF87102CDE90001DC
:10B260009DF87032F8B24946D8F700FFED1DADB237
:10B27000E4E79DF80A00072816D1FAB294F86C1298
:10B280000520D8F706FE27E00EE09DF80A00072803
:10B290000AD1FAB294F86C120520D8F7D4F91BE061
:10B2A0009DF80A00012804D084F86D6284F86E12BB
:10B2B0006CE79DF81020F9B20520D8F791FD0BE05E
:10B2C00006494046FCF768FF04492044891D1030B8
:10B2D000FCF762FF0028EBDD012557E7D607006089
:10B2E0002DE9FF4F91B09A46209F93465FEA0009EF
:10B2F00037D002F034FE060037D039460BA8FDF7F0
:10B3000037FD0022012108A802F025FB40F2391088
:10B31000DFF8D08007FB00F108EB410408AB0BAA73
:10B320004946204602F094FA05461E98ADF804B04E
:10B33000ADF80C001F980490CDF808A0601901AA80
:10B34000314602F0F9FB05441299A8B288421ED298
:10B350000090234608AA4946304602F03AFE3FB123
:10B360000DE0002015B0BDE8F08F02F087FD12E07F
:10B3700041462A461C4804F00FF81C480570224636
:10B380002B4608A948460097FDF7B5FC03E0304678
:10B3900002F081FD00263046E4E72DE9F0478AB04F
:10B3A0008A46DDE9127680461D469146142103A89F
:10B3B00004F00BF800200446089003AA08A94046B0
:10B3C000FAF7E3FA50B10898CDE9005781B2029636
:10B3D0004B46524603A8FFF783FF04460AB02046B7
:10B3E000BDE8F087BCCA0760F81205605C02006027
:10B3F0002DE9FF4FADF52B7D9B4603460020DDF880
:10B40000E4A289460646AA90BC9F9DAAAAA918460E
:10B41000FAF7BBFAE8B302F0A2FD06003ED03946C7
:10B42000A5A8FDF7A5FC00220121A2A802F093FA2D
:10B4300040F23910DFF81C8107FB00F108EB4104F2
:10B44000A2ABA5AA9DA9204602F002FA0546AD9836
:10B450000290BB980490ADF80490ADF80CB0524641
:10B46000CDF86CA205A8B89903F096FFBA988DF8AC
:10B470007002601901AA314602F093FE0544AA98B1
:10B4800085421DD2A8B200902346A2AA9DA93046AB
:10B4900000E003E002F09DFD1FB109E002F0EEFCC8
:10B4A00012E041462A462C4803F076FF2B480570EF
:10B4B00022462B46A2A99DA80097FDF71CFC03E09D
:10B4C000304602F0E8FC00260DF52F7D3046BDE841
:10B4D000F08F2DE9FF4FADF51B7D0E46DDE9A84B42
:10B4E000DDE9AA7A4FF41678414605A8DDF8B09256
:10B4F00003F06BFF0025042E0AD0052E08D0032E82
:10B5000006D00420A070002121706070A76006E0C2
:10B510000920A07017F0FF4000D00120A06005AF07
:10B520003CB178192146FBF75BFE411941450FDA22
:10B530000544CDE90075CDF808B0CDE903A9DDE9F2
:10B540009D2331469B98FFF753FF0DF51F7DBEE706
:10B550000020FAE7BCCA0760F81205605C020060D0
:10B560002DE9F04F16468846834689B01C46198956
:10B57000DE48DA6803F09FF8054603464246DB4999
:10B580005846009603F0FCFA36276FF0010978B3AD
:10B5900001208DF81C001F208DF81D002088ADF8BB
:10B5A0000400606802902089ADF80C00E068049007
:10B5B000CE4805904FF41670069001A8FDF765FF80
:10B5C00000281CDA811C14D0C11C12D09DF81D204B
:10B5D0009DF81C10C54803F0A2F8824608EB05024E
:10B5E0005346C2495846009603F0CAFA00B114E027
:10B5F00016E09DF81D10617409B0BDE8F08F08EBEE
:10B6000005010A18921CB2420ADA01EB0B0302464A
:10B61000B649184603F064F8824605EB0A00EBE7EA
:10B6200067744846E8E72DE9FF4F97B00025834649
:10B630002C46A84611A82499FDF79AFB0022114632
:10B640000EA802F088F9249840F239114843A8491D
:10B650000EAB01EB400011AA0C90199902F0F8F81A
:10B660000D901A98007828B136208DF815006FF0EB
:10B670000108F2E01A98017BDDE90C0286183046D9
:10B6800002F0FDFF0446189801AA411B0BEB0500D0
:10B6900002F066FF00286FDB284487B2BDF8040083
:10B6A000082806D193490298884202D1FDF76EFB23
:10B6B000029001A98D4802F0ECFF03464FF416708A
:10B6C000009030462246894903F05AFA0004000CE3
:10B6D000CAD00444189801AAC11B0BEB070002F062
:10B6E00078FF002848DBBDF80C10384487B20829E1
:10B6F00007D0692905D0502903D0A1F5807073388F
:10B7000070D104980025401C25D07848049A02F096
:10B71000D2FF05464FF4167930462B462246734930
:10B72000CDF8009003F02CFA0004000C9CD02C44BF
:10B73000322202216D4802F0F2FF054630462B46C8
:10B7400022466A49CDF8009003F01AFA0004000C72
:10B750008AD02C445BE08946BDF8040006A9FDF7B9
:10B76000B1FE00204946B9F1080F06D069290AD078
:10B77000B9F1500F09D009E082E00999079808440F
:10B780000B99084402E0079800E009985FEA000A74
:10B790006DD03AE004443AE0DDF82CC0099B0799EB
:10B7A0004A464FF0FF30B9F1080F05D0692A16D08C
:10B7B000B9F1500F17D01BE08D4201D2069915E068
:10B7C000CA18AA4202D9681A089905E002EB0C03CC
:10B7D000AB420DD90A99A81A51F8200008E08D4211
:10B7E000ECD305E043E09D4202D2089951F82500D0
:10B7F000ADF80C00A1B2304601AB4FF41672FFF762
:10B80000AFFE00283CDD04446D1C5545C4D30BEB52
:10B8100007000121FCF714F800283FF45BAF7F1C00
:10B82000BDB2324802F098FF03464FF41670009004
:10B83000304622462D4903F0A3F90004000C87D0BE
:10B84000044418988542FFF41EAF1A988068A042FD
:10B85000FFF60AAFB8F1000F3DD018F1020F11D07A
:10B86000B8F1FF3F1CD018F1030F27D033E0A1B28D
:10B87000304601AB4FF41672FFF772FE002889DCE8
:10B880008046E7E79DF8150001F024F802461A9873
:10B89000017BDDE90C031844012301F02FF819E0C6
:10B8A0009DF8150000901A989DF81430017BDDE991
:10B8B0000C0210440E2201F087F80BE09DF81500F1
:10B8C00002F006F902461A98017BDDE90C031844E0
:10B8D00002F01EF904460D980EA923182498009032
:10B8E0000C9A1998FDF707FA1BB086E6EC1905606B
:10B8F000BCCA0760FFFF3F002DE9F04FADF5277D83
:10B900000646012000248DF89402DDF8C0A21F2015
:10B910008DF898021878994693468846274620B1B4
:10B9200036208DF87202A51E2FE0A8EB040081B22C
:10B93000301901AA02F099FF051E25DD2C443019AB
:10B940000121641CFBF766FFD8B1A8EB040081B2AB
:10B95000301901AA02F0D3FF051E15DD2C44A6AA5A
:10B96000A5A901A8FDF70BFD40B130190121FBF796
:10B9700067FF0028E9D0641C3FB902E00127BD1E23
:10B9800003E04445D1DB00E001275146A0A8FDF7C4
:10B99000EFF9002211469DA801F0DDFF40F23911B8
:10B9A0000AFB01F020499DAB01EB4004A0AA5946D7
:10B9B000204601F04DFF0646002027B3A91C04D005
:10B9C000691C0ED0ED1C13D022E09DF8720200F02D
:10B9D00081FF024699F80C10A019012300F08EFF98
:10B9E00016E099F80C10A01901AA03F088F80FE0EE
:10B9F0009DF8720202F06CF8024699F80C10A0193A
:10BA000002F086F804E099F80C10A01903F06DF824
:10BA1000331822469DA95846CDF800A0FDF76BF9D2
:10BA20000DF5277DBDE8F08FBCCA07602DE9F04712
:10BA30008AB08946824690461D46194604A8FDF7FD
:10BA400097F90022114601A801F085FF40F2391153
:10BA500005FB01F04B4F01AB07EB400404AA514634
:10BA6000204601F0F5FE0646A0194246494603F07D
:10BA7000B1F8064435B939463246434803F08CFCE8
:10BA8000424806702246334601A950460095FDF70C
:10BA900032F90AB0BDE8F08770B586B00D460646AB
:10BAA000144611466846FDF759F923462A463146A1
:10BAB0006846FFF7BBFF06B070BD2DE9F0418EB0C0
:10BAC0000F4680461546114601A8FDF747F929465D
:10BAD00009A8FDF74DF90022114606A801F03BFF29
:10BAE00040F23910274E684306EB400406AB09AA22
:10BAF00001A9204601F0ACFE20443A46414603F03D
:10BB000065F8074635B9024631461F4803F044FC44
:10BB10001E48077022463B4606A901A80095FDF77E
:10BB2000EAF80EB0BDE8F08170B586B0054603A80E
:10BB3000FDF706FAFDF719FA08B1012400E0002428
:10BB4000FDF70CFA064603A9684601F032FC3146BF
:10BB5000684601F08FFC24B16FF03B01684601F0AC
:10BB600089FC68462A46811DFFF7A7FFA3E73EB57B
:10BB700004466846FDF7E4F968462246811DFFF752
:10BB80008BFF3EBDBCCA0760F81205605C02006016
:10BB9000002801D06F49016070470B2801D20120B5
:10BBA0007047002070476C4800787047401C704711
:10BBB000401E704710B500210A2804D2C2B20A20E4
:10BBC000D7F70EF90146084610BD10B50A2807D26E
:10BBD000C2B20B4600210A20D7F7EBFD012010BDB1
:10BBE000002010BD2DE9F043ADF5177D99460646BE
:10BBF0001346DDE99E540020491E471E0A464FF0B9
:10BC000002084B2B09D04D2B0CD04F2B0FD0552BAE
:10BC100012D085F8008020202DE080213046FBF7EF
:10BC20005EFF20E0C9B20A20D6F798FE13E080211B
:10BC30003046FCF715F916E0042A07D20846FFF74C
:10BC4000B9FF01463046FCF7B8F90CE00DD14FF0D2
:10BC50000400D8F73EFF0146684600F0D3FF69466E
:10BC60003046FBF7F9FF002807DBB9F1FF3F04D0AE
:10BC700085F800803220207038460DF5177DBDE82C
:10BC8000F0832DE9F04104464068ADF51A7D401E71
:10BC900015460E4600278046FFF77FFF68B16A46CB
:10BCA00004F11000D4F86812FBF7DDF801004FF042
:10BCB000020006D5307025200BE0012030701F20D7
:10BCC00007E02289572A0AD0E168491C07D0307062
:10BCD0003220287000200DF51A7DBDE8F08109237F
:10BCE0000DF10D014D2A21D0552A04D030702020AD
:10BCF00028703846EFE7B8F1040F0DD29DF8021016
:10BD0000042906D194F86C2240460299FFF75DFFA2
:10BD10000AE030702B70ECE7EBD19DF80220072A87
:10BD2000F7D10420D8F72AFF0127E2E79DF8022087
:10BD3000072A04D084F86D0284F86E32D9E794F8AB
:10BD40006C020B46014608F0FF020020D8F7A1F86C
:10BD5000EAE70000881F0408E207006008B1CD4B45
:10BD6000036011B1CB4824300860002A02D0C948D2
:10BD7000001F106070470146C7480078421C91427E
:10BD800000D2084670477047C3480078704700B536
:10BD9000FFF7F1FFC0490978491C884201D2012010
:10BDA00000BD002000BD10B50123FFF7E4FFBA4934
:10BDB0000978884207D2C2B200210B20D7F710F8C9
:10BDC00003F01BFE0346184610BD70B50D46002655
:10BDD000FFF7D1FFB0490446097888420FD275B108
:10BDE000E0B2D8F7E0FDA84209D3284603F0C9FD28
:10BDF0000346E2B200210B20D7F7DBFC01263046D8
:10BE000070BD70B50D460026FFF7B5FFA249044688
:10BE1000097888420BD255B1E0B2D8F7C4FDA842E8
:10BE200005D36D1EE9B2E0B2D8F7E5FD064630460F
:10BE300070BD2DE9F04116460C4607460025FFF778
:10BE40009AFF9549097888420BD254B1C0B2D8F70D
:10BE5000AAFDA04205D3611E012532463846D8F717
:10BE6000E3FD2846BDE8F0812DE9F04FADF51B7DDF
:10BE70008146DDE9A4861D46924600240846FFF768
:10BE80007AFF02465046BAF14D0F1DD009DC1C283E
:10BE90001FD0242847D04A2861D0BAF14B0F09D1CE
:10BEA0000DE04F2822D0552822D06E2846D0BAF176
:10BEB0006F0F21D0022088F80000202088E0132195
:10BEC0004846FBF70CFE37E0D1B20B20D6F746FD13
:10BED00003E0D1B20B20D6F790FC0146684600F093
:10BEE00091FE69464846FBF7B7FE25E013211BE0AB
:10BEF0001046FFF758FF1BE096A800F0C5FD002292
:10BF0000114696A800F0C9FD0022012196A800F074
:10BF1000C4FD0022022196A800F0BFFD96A9484664
:10BF2000FBF76CFD08E000214846FBF799FF03E0B2
:10BF300001464846FBF763FF044631E07DB1681CCB
:10BF4000104610D0FFF717FF0446C0B2D8F72BFDFC
:10BF5000A84239D329462046FFF753FFBDE7D0B2A8
:10BF6000D8F721FDE4E7FFF706FF8346012711E03C
:10BF700039465846FFF745FF0146684600F042FE45
:10BF800009EB04006946FBF767FE0444B4F5167F2D
:10BF900015DA7F1C0BF0FF00D8F705FDB842E7D299
:10BFA000002C18DBBAF16E0F15D0BAF1570F12D072
:10BFB0006D1C10D0022088F80000322008E0052116
:10BFC00088F80010122003E0022088F800002A20E0
:10BFD00030704FF0FF340DF51B7D2046BDE8F08F2B
:10BFE0002DE9F0430446ADF51B7D15460E464FF096
:10BFF00000084068FFF7BFFE6A4604F11000D4F85D
:10C000006812FAF730FF02274FF02509002803DAFB
:10C01000377085F800900AE020896E280CD05728E8
:10C020000AD0E168491C07D0377032202870002000
:10C030000DF51B7DBDE8F0834F2825D006DC1C28BC
:10C0400022D0242820D04A2806D11DE0552806D029
:10C050006E2819D06F2817D03770202016E004F210
:10C060006E235A1E02216846FEF70EFC5FEA0008A6
:10C070000DD002996068FFF7A8FE5FEA000806D1BC
:10C08000377085F8009002E037702820287040460D
:10C09000CEE70000A01F0408E30700607047704768
:10C0A0002DE9F04708220025431EDCB26308FC4E50
:10C0B000FC4F7688A7F1280C2A2E7CD3032B52D86C
:10C0C0004FF0640903EB031307F5B07606EB430664
:10C0D000338C8B4204D307EBC4004068BDE8F08783
:10C0E00033888B4202D857F83400F7E7082337E04B
:10C0F00036F8138088451ED8A3F1010A36F81AA035
:10C100008A4518D35B1E5A1C36F8135036F8122095
:10C11000AA1A002AE2D0681A00FB09F090FBF2F09C
:10C1200003FB09015CF82400484390FBF9F057F841
:10C1300034100844D2E702B9012502EBD272521042
:10C14000884501D9134400E09B1A002B02DC57F804
:10C150003400C3E7102B03DB07EBC4004068BDE7E6
:10C16000002DC5D0C3E06426CE4AFA3213888B4234
:10C1700002D357F83400B1E7B2F864308B4203D8E9
:10C1800007EBC4004068A9E74FF47A78DFF818930A
:10C1900059E0538E8B422CD2192332F813A08A45D2
:10C1A00022D803F1010A32F81AA08A451CD35D1C7B
:10C1B00032F815A000E049E032F81350AAEB05026E
:10C1C0006AB1481B704390FBF2F003FB06015CF878
:10C1D0002400484390FBF6F057F83410084490FBD5
:10C1E000F8F1A9F8101079E75B1CDBB2322BD4D33D
:10C1F00029E0002332F813A08A4520D803F1010A70
:10C2000032F81AA08A451AD35D1C32F815A032F80C
:10C210001350AAEB05026AB1481B704390FBF2F081
:10C2200003FB06015CF82400484390FBF6F057F846
:10C230003410084490FBF8F1A9F812104EE75B1C8B
:10C24000DBB2192BD6D3002DA3D050E04FF06409F8
:10C25000944E03EB0313503606EB4306338C8B42AC
:10C2600003D307EBC400406838E733888B4202D819
:10C2700057F8340032E7082337E036F81380884552
:10C280001ED8A3F1010A36F81AA08A4518D35B1EFE
:10C290005A1C36F8135036F81220AA1A002AA2D0D7
:10C2A000681A00FB09F090FBF2F003FB09005CF850
:10C2B0002410414391FBF9F057F8341008440DE77E
:10C2C00002B9012502EBD2725210884501D91344FC
:10C2D00000E09B1A002B02DC57F83400FEE6102B1E
:10C2E00003DB07EBC4004068F8E6002DC5D0002052
:10C2F000F4E62DE9F0410B460121143800B2C0EB01
:10C3000000106A4AC0EBC000841801EB410004EB46
:10C3100040020932B2F90000FFF7C1FE984207D18E
:10C32000D2F80200FFF7BAFEBDE8F04103F020BBEF
:10C3300032F9060CFFF7B3FE984207D152F8040C0D
:10C34000FFF7ACFEBDE8F04103F012BBB2F900000C
:10C35000FFF7A5FE984208DD32F9060CFFF79FFEB5
:10C36000984202DA491E09B203E0491C09B20E29BB
:10C37000CBDD0F2922DB0F34B4F9001034F9060CA1
:10C3800081420DDD984205DB54F8040CBDE8F04114
:10C3900003F0EEBAD4F80200BDE8F04103F0E8BAC9
:10C3A000984205DC54F8040CBDE8F04103F0E0BA13
:10C3B000D4F80200BDE8F04103F0DABA01EB410025
:10C3C00004EB40040934B4F90600FFF768FE0146A7
:10C3D000B4F90000FFF763FE081A06B2344F96B1B5
:10C3E000B4F90000FFF75BFE181A03F0C1FA3946F2
:10C3F00003F0D3F90546304603F0BAFA0146284661
:10C4000003F0FDF90546A068FFF748FE0146D4F8A1
:10C410000200FFF743FE081A03F0AAFA014611F0E2
:10C42000FF4F10D0284603F0B8F9394603F0E7F97A
:10C430000546D4F80200FFF731FE03F099FA2946C9
:10C4400003F053F905462846BDE8F0812DE9F05F79
:10C4500000260127174C124840882A2800D30427B9
:10C460004FF0040ADFF850804FF47A7B4FF0000958
:10C47000E6E13046E2F750FE00285AD0E2F7E2FD4E
:10C48000B04279D994F82D00A0F11401042918D8EC
:10C4900094F92300011111D0000908F8060025E0E5
:10C4A00036BA0260F81F04087C5B0460441C056017
:10C4B00000007A44511E0560D129056008F806A0E5
:10C4C00014E094F82810A9B30B2837D0112835D0E0
:10C4D000132837D0102835D00D2837D0122835D062
:10C4E000092837D00A2835D008F806A094F8230088
:10C4F00000F00F0018F8061040EA011084F823003D
:10C50000E2F7A6FDB0426ED984F8249084F8259015
:10C5100084F82A90CD4918F806008A5D904203D02D
:10C5200088553046E2F7C0FC94F92700B0B10128E5
:10C530007ED082E1FFE708F806A0D7E7022008F8DE
:10C540000600D3E7032008F80600CFE7012008F82B
:10C550000600CBE7052008F80600C7E794F82D0091
:10C56000002866D03046E2F7B9FC054694F9280069
:10C5700018B101283AD006E153E114F8230F00F076
:10C58000F0002070A07A233CA0F10C010A2908D801
:10C59000B5EB472F01D9012100E0002184F82610D6
:10C5A00007E0B5EB472F01D3012100E0002184F81B
:10C5B00026101738072807D8B5EB472F01D30120DD
:10C5C00000E0002084F8260094F8260008B15846C0
:10C5D00000E00020FFF762FDC4F81E0094F826007A
:10C5E00010B15D46CFE00BE10025CCE014F8230F3D
:10C5F00000F0F0002070A07A233C1E2839D2DFE83A
:10C6000000F0B40F0F0F0F0F0F0F0F3939616D735B
:10C610007AAB818187679797979797ABB4B4B4B09B
:10C620003046E2F75BFC07EB4701C1EBC71101E0C5
:10C63000DFE0BBE0B0EBC10F08D994F8230000F0B5
:10C64000F00040F0010084F823000CE03046E2F7EF
:10C6500045FC142807D294F8230000F0F00040F0C5
:10C66000020084F82300A9B294F82D00FFF718FD0A
:10C6700005467AE03046E2F731FCB0F57A6F08D92A
:10C6800094F8230000F0F00040F0010084F823004B
:10C6900011E03046E2F722FC07EBC70101EB07117E
:10C6A000B0EB410F07D294F8230000F0F00040F007
:10C6B000020084F82300A9B294F82D00FFF7F0FCE3
:10C6C000054652E0B5FBF7F0E2F714FC05464CE0F6
:10C6D000B5FBF7F0E2F738FC054646E05C48454319
:10C6E000B5FBF7F0850A40E044F620604543B5FB12
:10C6F000F7F0850A39E044F620604543B5FBF7F0D2
:10C70000850A32E052484543B5FBF7F0850A2CE034
:10C71000B5FBF7F0CC2801D2002526E0B5FBF7F0F9
:10C720004B49CC3848434FF44C71B0FBF1F51CE059
:10C73000B5FBF7F13046E2F72CFC6421B0FBF1F1D8
:10C7400094F82D0009B2FFF7D4FD424903F025F813
:10C7500003F053F9054608E03046E2F7DFFC0546F2
:10C7600003E03046E2F77DFD054694F8290080B1EC
:10C7700094F82C0094F82B1000EB01206FF01801B6
:10C78000484305EB80052846FFF788FCC4F81E00E7
:10C7900053E094F82C0094F82B1000EB012000EBF0
:10C7A000C00101EB001005EB8005ECE794F82300D5
:10C7B00000F0F00084F82300E2F74AFCB04210D900
:10C7C0003046E2F78BFBB0FBF7F040F6B831484358
:10C7D00040F2FF31B0FBF1F0FFF760FCC4F81E003F
:10C7E0002BE03046E2F77AFBFFF758FCC4F81E0056
:10C7F00023E094F8230000F0F00084F823001CE00C
:10C800003046E2F782FDC0B984F8249084F8259080
:10C8100084F82A9094F8230000F0F00084F82300B4
:10C820000BE084F8249084F8259084F82A9094F8FA
:10C83000230000F0F00084F82300761CF6B22E34BA
:10C84000402EFFF416AEBDE8F09F0000F129056010
:10C85000A086010000007A442DE9F04100251C4C1F
:10C860000026012730E0E2F7F0FBA84223D9E2F7E7
:10C8700021FCA84205D92734A670E670267104F879
:10C88000276994F8280008B9C4F81E602846E2F722
:10C8900068FD01280BD004F8296F6670A670293C4A
:10C8A000E2F708FCA8420CD884F8277009E0284673
:10C8B000E2F72AFD05E02734A670E670267104F839
:10C8C00027796D1CEDB22D34402DCCD3BDE8F0811D
:10C8D000112A0560014600203339052905D2DFE819
:10C8E00001F0030507090B00012070470220704783
:10C8F00003207047042070474020704710B5002483
:10C9000038B10BB1712300E0702303704170827065
:10C910000324204610BD10B5002429B10AB10178C6
:10C9200011700BB140781870204610BD10B5002270
:10C93000002816D0002914D00B7803708B188418A7
:10C940005B78521C6370072AF8DB0A8902818A7AB5
:10C95000827200228B188418DB7A521CE372072A39
:10C96000F8DB10BD70B5002288422BD004890B89FA
:10C970009C4221D1837A8D7AAB421DD1072B09D9F4
:10C98000072307E085188E18ED7AF67AB54213D1A1
:10C99000521CD2B29A42F5D3A4B903780A789342D2
:10C9A0000AD1072B00D90723002209E084188D182B
:10C9B00064786D78AC4201D0002070BD521CD2B2B8
:10C9C0009A42F3D3012070BD70B50400049E4FF06D
:10C9D00000000DD0502020706170A270E01C19463C
:10C9E000FBF73EFAC51C60193146FBF739FA2844BB
:10C9F00070BDFEB5044600201E4617468DF80000A7
:10CA00000190029000291DD0204601AA6946FAF73C
:10CA100057FE05469DF80000092812D1601902AAA8
:10CA20000199FBF7FAF905440FB1029838706019C3
:10CA300001AA6946FAF744FE05449DF8000009285A
:10CA400001D00020FEBD601902AA0199FBF7E5F9AB
:10CA50002844002EF6D002993170FEBD70B5002436
:10CA6000DDE9045602290CD90AB1047814700BB11F
:10CA700042781A7033462A46801C891EFFF7B9FF98
:10CA80000446204670BD0000002202701146431883
:10CA9000491C5A700F29FADB704770B5CB08012585
:10CAA0000F2B11D206784C1CA64200D204705B42B8
:10CAB00001EBC30300EBD1009D404178EBB20AB11A
:10CAC000194300E09943417070BD30B50446002021
:10CAD000CA080123782909D25542224401EBC50135
:10CAE0008B405278D9B20A4200D0012030BD007884
:10CAF0007047014600200978002903D0491EC1F380
:10CB0000C400401C704702004FF0000003D00F2902
:10CB100001D250184078704703004FF0000004D055
:10CB20000F2902D2581842700120704703004FF0BD
:10CB3000000003D0C2EBC10018700120704700282C
:10CB400000D07820704710B5002258B151B10A7852
:10CB5000027000228B1884185B78521C63700F2AB5
:10CB6000F8D30122104610BD70B5002200B304783E
:10CB70000B789C421CD17F2C1AD8E30804F00704E0
:10CB8000C4F10805FF24EC4006E085188E186D7886
:10CB90007678B5420CD1521C9A42F6DB18441944FF
:10CBA0004078497820402140884201D1012070BD61
:10CBB000002070BDF0B5002510B3002404600171A1
:10CBC00040F251218B421BD84D1C4FF000018AB11D
:10CBD000461D994208D2D0F800C0575C0CF8067088
:10CBE00007687F1C076001E047187C71491CA94257
:10CBF000EFD304E04218491C5471A942FAD301252D
:10CC00002846F0BD70B505460C0003D0084602F07A
:10CC100003FC00E00020034622462846BDE87040A1
:10CC20000021C7E701004FF0000000D008687047FE
:10CC300001004FF0000000D0481D704701004FF088
:10CC4000000000D00879704730B504460D4608460C
:10CC5000FFF7E8FF03462846FFF7EAFF02462846AB
:10CC6000FFF7ECFF01462046BDE83040A2E730B5B3
:10CC7000A8B1A2B1137993B913688B420FD20023E4
:10CC80001C4608E015689D4203D9D5186D79C55436
:10CC900000E0C4545B1C8B42F4D3012030BD002063
:10CCA00030BD70B503460020E1B1BBB10C681A6815
:10CCB000944212D10A791D79AA420ED10120002294
:10CCC00007E08D189E186D797679B54200D0002066
:10CCD000521C944201D90028F3D170BD096804E0C8
:10CCE000012070BD002BFCD019680029F8D070BD60
:10CCF00070B50E0005464FF000041AD00846ADB1DD
:10CD000002F08AFB2968884217D12879A8B9012442
:10CD1000002006E02B18325C5B799A4200D0002498
:10CD2000401C814209D9002CF4D106E002F074FBCA
:10CD300001E015B1006800B90124204670BD70B54E
:10CD4000002388B1046840F251251444AC420BD84A
:10CD5000451D06E00668CC5C74550468641C5B1CC9
:10CD600004609342F6D30123184670BD02004FF0D1
:10CD7000000005D040F25123994201D801201160F2
:10CD8000704701004FF0000001D040F25120704781
:10CD900002004FF0000001D011710120704730B542
:10CDA00002004FF0000013D0107900284FF001006E
:10CDB0000ED11368002140F252248B4208D9551835
:10CDC0006D79203D5F2D00D30020491CA142F4D392
:10CDD00030BDF0B5461871B3022541E002785AB370
:10CDE000802A3CD30323B3EB921F34D17E4B9B5C50
:10CDF000994230D310F8014FC91AB5EB941F2AD1CC
:10CE0000062B2AD2DFE803F02903070C111912F0D0
:10CE10003E0F20D023E0E02A1FD1A2061BD51CE044
:10CE2000F02A1AD104F0300203E0F82A15D104F0F8
:10CE300038020AB111E015E00DE0FE2A0BD0FF2AFE
:10CE400009D0FC2A09D104F03C02F2E710F8012FC6
:10CE5000B5EB921F01D00020F0BD5B1EF6D1401C47
:10CE6000B042BBD30120F0BD10B5017900240629E2
:10CE700006D221B950F8051BFFF7ABFF00B1012422
:10CE8000204610BDF0B50025F8B1002440F2522331
:10CE900004609A4219D881B10023051D0AE006D228
:10CEA0000768CE5C7E550668761C066001E0C618F1
:10CEB00034715B1C9342F2D306E000EB010201F1F6
:10CEC000010114719942F8D301252846F0BD30B50F
:10CED000464B00221C88464B1B781C4440F25223D0
:10CEE0009C4202D20123046009E00021016008464F
:10CEF00030BD8C5C8518521C2C71046892B294422F
:10CF0000F7D8184630BD01004FF0000000D0086887
:10CF1000704701004FF0000000D0081D704710B5A9
:10CF200003460C460846FFF7EEFF02462046FFF791
:10CF3000F0FF0146BDE810401846A3E710B50023F6
:10CF400062B158B114688C4208D3002103E0531831
:10CF50001B794354491C13688B42F8D8184610BDFE
:10CF600070B5002388B1046840F252251444AC42E5
:10CF70000BD8051D06E00668CC5C74550468641C7B
:10CF80005B1C04609342F6D30123184670BD020077
:10CF90004FF0000005D040F25223994201D8012001
:10CFA0001160704701004FF0000001D040F25220A4
:10CFB000704730B50022A0B199B103680C68A34254
:10CFC0000FD140F25224A34207D90AE084188D18E9
:10CFD00024792D79AC4204D1521C9342F6D8012019
:10CFE00030BD002030BD000002220408580200605D
:10CFF00052020060414081EA410080EA810080EAFB
:10D00000C10080EA011080EA411080EA811080EAC4
:10D01000C11101F0FE00C1F3002148407047CAB2BF
:10D020004240080A80EA022080EAC20080EA023018
:10D0300080EA121102F00F00414081EAC01080B274
:10D040007047000081070CD16421B0FBF1F201FBB5
:10D05000120141B94FF4C871B0FBF1F201FB1200AB
:10D0600008B1002070470120704730B58DB00C46E4
:10D0700005463422F949684602F08EF90023022C55
:10D0800005D12846FFF7DEFF08B11D2304E0601E2E
:10D090000B2801D81DF824300DB0184630BD70B5EE
:10D0A000154606460024FFF7E0FF40F26C718E4201
:10D0B00004D318B115B1854200D80124204670BDB3
:10D0C00010B5002128B1C27881780088FFF7E7FF0A
:10D0D0000146084610BD2DE9F04117460E46804630
:10D0E0000025FFF7DCFF58B1012406E02146404649
:10D0F000FFF7BBFF641C0544E4B2B442F6D33D44E1
:10D100002846BDE8F0812DE9F04116460F46054658
:10D110000024FFF7C4FFA0B140F26C7308E018468A
:10D1200004F26D14FFF78EFF00B1641C5B1C9BB210
:10D13000AB42F4D3324639462846FFF7CCFF0444CD
:10D14000641E2046DDE710B5FFF7DDFF0721B0FBC9
:10D15000F1F201FB1200401C10BD70B516460D46E1
:10D16000040008D02580A670E3701A463146284690
:10D17000FFF7E9FF207170BD2DE9FC4789460021CA
:10D18000924604468DF804108DF8001001AF6E46EB
:10D190000125884606E029464846FFF766FF241A1F
:10D1A0006D1CEDB229464846FFF75FFFA042F2D35F
:10D1B00008EB0400C0B207B13D7006B130709DF8B5
:10D1C00000309DF8042049465046FFF7C6FFBDE8F1
:10D1D000FC8710B5002128B1C27881780088FFF75C
:10D1E0007AFF0146084610BD10B5002128B1C2786B
:10D1F00081780088FFF787FF0146084610BD3EB5DD
:10D2000000220C46ADF808208DF804208DF800208F
:10D210006B4601AA02A900F029FA9DF800309DF89A
:10D220000420BDF808102046FFF797FF3EBD0021FF
:10D2300060B10278182A09D242783C2A06D2827854
:10D240003C2A03D2C078642800D2012108467047E6
:10D2500010B50C46FFF734FF28B12046FFF7E7FF73
:10D2600008B1012010BD002010BD02004FF00000E9
:10D270000CD000290AD010880B88C01A06D19078EB
:10D280008B78C01A02D1D078C978401A7047020052
:10D290004FF0000010D000290ED010780B78C01A83
:10D2A0000AD150784B78C01A06D190788B78C01A82
:10D2B00002D1D078C978401A704730B50D4604467F
:10D2C000FFF7D3FF002804D1A91DA01DBDE8304001
:10D2D000DDE730BD30B502004FF000001AD0002964
:10D2E00018D0148840F66B05AC4204D00B88AB42D2
:10D2F00001D0E01A0ED19378FF2B04D08C78FF2C4C
:10D3000001D0181B06D1D278FF2A03D0C978FF2993
:10D3100000D0501A30BD10B502004FF0000020D0F0
:10D3200000291ED01378FF2B04D00C78FF2C01D0DD
:10D33000181B16D15478FF2C04D04B78FF2B01D04A
:10D34000E01A0ED19478FF2C04D08B78FF2B01D0FB
:10D35000E01A06D1D278FF2A03D0C978FF2900D07D
:10D36000501A10BD30B50D460446FFF7B3FF002834
:10D3700004D1A91DA01DBDE83040CCE730BD002878
:10D3800009D0002907D00A8802808A788270CA787A
:10D39000C270097901717047002809D0002907D0AF
:10D3A0000A7802704A7842708A788270C978C170AF
:10D3B000704710B50B460446891D801DFFF7ECFF32
:10D3C0002046BDE810401946D9E710B50028029C58
:10D3D00003D0017042708370C47010BD002913D057
:10D3E000002A11D000280FD0137883715378C371AD
:10D3F00093780372D27842720A8802808A788270A7
:10D40000CA78C2700979017170472DE9F0479046DA
:10D41000DDE90965DDF82C90089F8C4604000FD0EB
:10D42000A4F800C084F80280E3701A4641466046C2
:10D43000FFF789FE2071A771E671257284F80990C3
:10D44000BDE8F08710B5002128B1827841780078D6
:10D4500000F04BF90146084610BD00000423040803
:10D46000002128B101784078C1EB011100EB810166
:10D4700088B270472DE9F0410E460446027AC17920
:10D48000807900F032F93C27B0FBF7F52046FFF732
:10D49000ABFE4FF4B46296FBF2F10844A1EB01112C
:10D4A00001EB410116EB41112DD54942A94204D9A6
:10D4B000C1F5B4612944401E09E0691AB1FBF2F2DA
:10D4C0001044A2EB021202EB420201EB4211C1EB4B
:10D4D00001118D004FF46163B5FBF3F3DBB26FF024
:10D4E000E00603FB06F605EB0615B5FBF7F5A21DF6
:10D4F00004F10701EDB200D0137001B10D702146A7
:10D50000BDE8F0417BE62944D8E70021D0B102888C
:10D51000A2F500636B3B15D18278FF2A12D1C27845
:10D52000FF2A0FD10279FF2A0CD18279FF2A09D173
:10D53000C279FF2A06D1027AFF2A03D1407AFF2856
:10D5400000D10121084670470021B8B10288A2F538
:10D5500000636B3B11D082780C2A0ED8C2781F2A48
:10D560000BD88279FF2A08D0C279FF2A05D0027A27
:10D57000FF2A02D0407AFF2800D1012108467047D7
:10D58000002806D040F66B010180FF218170C17038
:10D5900001717047002804D0FF2101704170817033
:10D5A000C170704700B5020005D0FFF7E9FF901D7C
:10D5B0005DF804EBEEE700BD70B506000D464FF0D8
:10D5C00000000AD0002D08D03046FAF7B1FD04461D
:10D5D0003019A91DFAF73BFD204470BD2DE9F0413B
:10D5E000040017460E464FF000000FD0002F0DD05C
:10D5F0002046FAF706F8054660193946FFF7DCFFC2
:10D60000054460193146FAF70FF8284479E52DE909
:10D61000F0410F460546FAF7BFFD411C4FF0FF36BB
:10D6200008D004462819B91DFAF743FD411C01D062
:10D63000204466E5304664E52DE9F04114460F4686
:10D640000546FAF7E7F84FF0FF3668B1681C214647
:10D65000FFF7DDFF411C07D00C4628193946FAF7C1
:10D66000EFF808B1601C4CE530464AE52DE9F0477B
:10D670001F46012590468946044640F26C76AA462C
:10D6800040F26D134FF4B67C0EE03046FFF7DAFC43
:10D6900008B19C4212D03046A4F26D14FFF7D2FCC0
:10D6A00000B1641E761CB6B26445EED806E0294689
:10D6B0003046FFF7DAFC241A6D1CEDB229463046DD
:10D6C000FFF7D3FCA042F2D90AEB0400C0B2B9F1D3
:10D6D000000F01D0A9F80060B8F1000F01D088F860
:10D6E0000050002F00D03870AAE6C0EB001001EB0C
:10D6F0008000C0EB001002EB800070472DE9F04184
:10D700000400069E984617464FF0000018D01020DF
:10D710002070002060700A46A01C0821FAF7DFF98B
:10D72000851C60193946FAF76AFB054460194146C1
:10D73000FAF796FB054460193146FAF760FB284476
:10D74000BDE8F0812DE9F04786B004460020DDF801
:10D75000389090460E46ADF8000001908DF8080014
:10D76000039004901D46204603AA02A9F9F7A8FFDA
:10D7700007469DF808004FF0FF3A0C284BD1E019FE
:10D7800001AA6946FAF761F90744BDF800000828C4
:10D7900041D10EB101983060E01903AA02A9F9F74E
:10D7A0008FFF3E189DF80800022834D1A01904AA62
:10D7B0000399FAF7B8FA0644B8F1000F02D00499B9
:10D7C000C8F80010A01903AA02A9F9F779FF0644C6
:10D7D0009DF8080009281ED1A01904AA0399FAF798
:10D7E0001CFB06440498042815D205B12860A01932
:10D7F00003AA02A9F9F764FF35189DF8080002286A
:10D8000009D1601904AA0399FAF78DFA04992844FA
:10D81000B1F5803F03D3504606B0BDE8F087B9F1BB
:10D82000000FF9D0A9F80010F6E700280FD0002962
:10D830000DD00A7802704A7842708A788270CA786D
:10D84000C2708A888280CA88C280097A0172704751
:10D850002DE9F0474FF00004984616460F460500A4
:10D86000A14675D0B8F1000F72D098F8000028706A
:10D870000020687098F8020008B1802068702FB10D
:10D88000388918B1687840F0200068703EB130895E
:10D8900028B1B07A18B1687840F00800687098F83C
:10D8A000010018B1687840F00400687098F803101F
:10D8B000687801F00301084368700224BFB1398918
:10D8C000A9B1A81CFAF79AFC801CB97A2954441C07
:10D8D000B87A48B90BE007EB0900C07A285509F17E
:10D8E000010000F0FF09641CB97A4945F3D8BEB1C4
:10D8F0003189A9B1B07A98B12819FAF77FFC0444AC
:10D90000B07A2855B07A641C50B1002005E0311877
:10D91000401CC97A2955C0B2641CB17A8142F6D83C
:10D920002FB1388918B198F808002855641C98F868
:10D93000020068B198F804002855B8F80400641C87
:10D94000802805D3B8F806102819FAF757FC0444C4
:10D950002046BDE8F08700280BD0417001210170FE
:10D96000002181704FF480738380C180C270FF21D9
:10D97000017270472DE9FC5F4FF00004994617468D
:10D98000884605002646A246ADF80040ADF80440A2
:10D990007DD0B9F1000F7AD0297889F80010687825
:10D9A0000224C10989F8021068784FF0FF3BC0F3E8
:10D9B000800189F80110687800F0030189F80310EC
:10D9C0006878800620D5A81C01A9FAF71CFC841CE5
:10D9D000285D641CB8F1000F05D0BDF80420A8F83C
:10D9E000082088F80A00F0B107282ED809E0295D40
:10D9F000641CB8F1000F02D008EB0602D172761C4D
:10DA0000F6B28642F3D30EE0B8F1000F0BD0A8F8BF
:10DA100008A0504688F80AA008EB0601761CF6B26A
:10DA2000C872072EF8D3687800071DD528196946F3
:10DA3000FAF7E9FB0444295D641C1FB1BDF800003E
:10DA40003881B97211B3072902D95846BDE8FC9F45
:10DA5000002006E02A5D641C0FB13B18DA72401CFE
:10DA6000C0B28842F6D311E087B13889A0F57F4172
:10DA7000FF3901D0A7F808A0514687F80AA0002076
:10DA80003A18401CC0B2D1720728F9D300E018E060
:10DA9000BDF8040020B1295D89F80810641C01E07C
:10DAA00089F808A099F8020060B1285D641CA9F803
:10DAB000040080280AD3281909F10601FAF7A3FB0C
:10DAC000044403E04FF48071A9F804102046BDE738
:10DAD000014600203B390A2907D2DFE801F005079B
:10DAE000090B0D0F11131517012070470220704705
:10DAF00003207047042070470520704706207047B8
:10DB00000720704708207047092070474020704761
:10DB1000002320B1602303704170827003231846F4
:10DB2000704710B5002429B10AB1017811700BB10A
:10DB300040781870204610BD70B5040016460D469A
:10DB40004FF0000019D020704FF41671F9F7B0FCB7
:10DB50006070A5700C20E07032880425B2F5806FEB
:10DB600005D2201D00217368F9F7A8FF051D328931
:10DB700060190121FAF782F9284470BD2DE9F043BC
:10DB800085B04FF000050F46064614008DF8005092
:10DB90000195ADF8085003956FF0020904953FD048
:10DBA000072F02D23F2050763EE030460021F9F7A1
:10DBB00006FE4FF03E0890B1701C221D02A9F9F735
:10DBC00044FF451CBDF808002080701901AA694671
:10DBD000F9F776FD05449DF80000012802D084F88D
:10DBE000198021E0701903AA0199FAF716F9054482
:10DBF00003982081BD421BD2701901AA6946F9F72A
:10DC00005FFD05449DF800000228E8D1BD42E6D240
:10DC1000701904AA0199FAF786F805440498E0609F
:10DC2000BD4208D241206076484605B0BDE8F08389
:10DC30004FF0FF30F3E72846F7E770B504001646CB
:10DC40004FF000001ED03020207061700C20A070BA
:10DC50003288E01C00217368F9F730FFC51C328957
:10DC600060190121FAF70AF9F2680544501C04D042
:10DC700060190221FAF7A7F8054460190321F9F7A2
:10DC8000C0FC284470BD02004FF0000003D0032107
:10DC90001046F9F7C9BC70472DE9F04106004FF076
:10DCA00000051746284611D03046FFF7C6FF044648
:10DCB00004E03869405D3055641C6D1C7869A842E9
:10DCC000F7DC30190321F9F7AFFC2044BDE8F081FF
:10DCD0002DE9F041044686B000200F468DF8000083
:10DCE0000190ADF8080003900146049015462046C7
:10DCF000F9F765FD4FF0FF3898B3601C2A1D02A9A3
:10DD0000F9F7A3FE461CBDF808002880A01901AA57
:10DD10006946F9F7D5FC06449DF8000001282BD18F
:10DD2000A01903AA0199FAF778F806440398288104
:10DD3000A01901AA6946F9F7C3FC9DF80010022951
:10DD400010D0C5F80C80A0190321F9F763FD40B18C
:10DD5000761CA0192861B81B401E6861384606B0C1
:10DD6000B4E709E00644A01904AA0199F9F7DBFF1A
:10DD700006440498E860E6E74046F0E72DE9F04104
:10DD80003D4C054686B001200F4620701646984649
:10DD9000194601A8FAF7ECFF0020207041463846EA
:10DDA000FAF7DCFF002211463046FFF7D4FD334678
:10DDB00001AA39462846FFF74BFD0446FAF7FDFF56
:10DDC0000646FAF7E3FF0146281903234FF41672BB
:10DDD0000096FFF793FC06B02044BDE8F08130B513
:10DDE00089B00C460B46054606AA01A9FFF7C6FFF7
:10DDF00003462A4606A901A80094FAF77CFF09B059
:10DE000030BDF0B587B005461C46174610460C9E3F
:10DE1000FEF78CFD314601A8FAF7AAFF0022114651
:10DE20002046FFF798FD234601AA39462846FFF70A
:10DE30000FFD0446FAF7C1FF0646FAF7A7FF0146B1
:10DE4000281903234FF416720096FFF757FC07B00A
:10DE50002044F0BD30B589B014460092054606ABAB
:10DE600001AAFFF7CEFF03462A4606A901A800949F
:10DE7000FAF741FFC3E700000D0200600020984B55
:10DE800002465321414303EBC101401C4A710A7110
:10DE9000FF28F6DB704710B500F010F9FF2807D215
:10DEA0000021532250438E4A02EBC00041710171A0
:10DEB00010BD2DE9F0470025DFF824820746A9466A
:10DEC000532005FB00F608EBC604617901291BD13C
:10DED0006088B84205D9C01B0004000C608002D0E5
:10DEE00012E0A4F80290F8F727F818F836108842E4
:10DEF00008D9F8F71BF8608018F83600401C08F8BD
:10DF0000360001E084F805906D1CFF2DD8D3BDE8E4
:10DF1000F0870020724A014653234B4302EBC303B0
:10DF20001B791BB1491CFF29F6D3704701207047AC
:10DF300010B500206A4B014653224A4303EBC2024C
:10DF400014791CB952790AB9401CC0B2491CFF2986
:10DF5000F2D310BD00B901206249087070472DE965
:10DF6000F04700273D46FFF7D4FF80B3DFF87091FC
:10DF70005C4E4FF00108307800F0A0F8FF2819D16E
:10DF800001250020FF214A465323434302EBC303EC
:10DF90001B79B3B1401CFF28F6D3FF2915D05320BD
:10DFA000414309EBC1043778277100206071F7F70E
:10DFB000BDFF60803078401C10F0FF00307002D050
:10DFC00003E0C1B2E9E786F80080002DD3D03846DF
:10DFD0009DE72DE9F0470024089E1F46904689469C
:10DFE000002894D000F06AF8FF2890D253225043C2
:10DFF0003B4A012102EBC0056971002102F8301093
:10E00000F7F794FF688005E0385D2919641C81F8F2
:10E010002200A4B2B442F7D305F118004146C5F876
:10E020009462FFF702FCA81D4946BDE8F047FEF7E1
:10E030007DBC6CE72DE9F0470024089E1F46904602
:10E0400089462546F8B100F039F8FF281BD2532144
:10E050004843234901EBC005B5F89402308005E040
:10E06000281990F822003855641CA4B23088A042C8
:10E07000F6D805F118014046FFF7D7FBA91D484621
:10E08000FEF754FC0125284641E710B5012400F0B5
:10E0900015F8FF2800D20024204610BD10B500243A
:10E0A00000F00CF8FF2807D2532148430C4901EB3C
:10E0B000C000407900B90124204610BD10B50021F0
:10E0C000074AFF2453234B4302EBC3031B798342CC
:10E0D00001D1CCB202E0491CFF29F3D3204610BD88
:10E0E00054350560E407006070B5040016464FF033
:10E0F000000017D010202070082060700220420518
:10E1000091420FD2002E0DDB96420BDA0A46A01C7C
:10E110000021F9F758FE851C601932460121F9F7F4
:10E1200052FE284470BD2DE9FE43044600201E46E1
:10E1300017468DF8000001900290002922D0204659
:10E1400001AA6946F9F7BCFA05469DF800004FF0B0
:10E15000FF39B0B9601902AA0199F9F7E4FD054445
:10E1600002984FF48008404501D207B13860601929
:10E1700001AA6946F9F7A4FA05449DF800000128B0
:10E1800002D04846BDE8FE83601902AA0199F9F75A
:10E19000CAFD029928444145F4D2002EF2D03160E4
:10E1A000F0E72DE9F04115460F4604004FF0000658
:10E1B0003CD0002020704FF41671F9F779F96070A7
:10E1C000A7700F20E0702A88201D00216B68F9F7E6
:10E1D00075FC061D2A89A0190121F9F74FFEEA688E
:10E1E0000644501C04D0A0190221F9F7ECFD0644A6
:10E1F000A0190321F9F705FA3118002004E02A18C4
:10E200000B18127CE254401CD5F868228242F6DCDE
:10E210005618A0190321F9F707FA95F86C2206445D
:10E2200022B1A0190421F9F7CEFD06443046BDE81D
:10E23000F0812DE9F04786B04FF0000714465FEA01
:10E24000010805468DF800700197ADF80870039736
:10E250003E4604977DD0002C7BD028460021F9F75C
:10E26000AEFA4FF0FF3AB0B3681C221D02A9F9F7CD
:10E27000ECFB471CBDF808002080E81901AA69469C
:10E28000F9F71EFA07449DF8000001282ED1E8197D
:10E2900003AA0199F9F7C1FD074403982081E81901
:10E2A00001AA6946F9F70CFA9DF80010022913D06B
:10E2B000C4F80CA0E81981460321F9F7ABFA50B174
:10E2C0000398A8EB070182B24846F8F7D9FF7F1CF4
:10E2D000C4F8680213E009E00744E81904AA0199A8
:10E2E000F9F721FD07440498E060E3E7504606B0E3
:10E2F000BDE8F087B819A119285C0874761CD4F819
:10E300006802B042F6DC0744E8190321F9F798FAED
:10E3100078B110207F1C84F86C02474519D2E819A7
:10E3200001AA6946F9F7CCF99DF80010042903D039
:10E330000FE06FF00100DAE73844284404AA01999D
:10E34000F9F7F1FC07460498411E0F2903D884F819
:10E350006C023846CBE76FF00400C8E770B50E4694
:10E360000546F9F774FE0446281906F10801F8F786
:10E37000C5FC204470BD2DE9F04117460E46044609
:10E38000F9F73FF9054660193946FFF7E7FF0544FD
:10E3900060193146F9F748F92844BDE8F0812DE9C4
:10E3A000F0410E460446F9F784FE4FF0FF35002891
:10E3B00009DD0746E01906F108024FF40061F8F79D
:10E3C00052FD002801DC2846E7E73844E5E72DE95F
:10E3D000F04114460F460546F9F71CFA4FF0FF3698
:10E3E00068B1681C2146FFF7DAFF002807DD441CEE
:10E3F00028193946F9F724FA08B1601CCDE73046F0
:10E40000CBE770B504000D464FF0000009D0207036
:10E410004FF41671F9F74CF86070A5700E20E0709B
:10E42000042070BD70B505004FF000000BD01346FE
:10E430000A4600212846F9F741FB04462819012124
:10E44000F9F7DFF8204470BD70B5164605004FF0AF
:10E4500000040CD00A460021F9F710FD0446701C98
:10E4600005D0281932460121F9F7ADFC04442046B5
:10E4700070BD02004FF0000003D001211046F9F7F3
:10E48000D3B870472DE9F04186B00F4680461E464E
:10E490000024114601A8FFF7B4FF0346224601A954
:10E4A0004046009700F06CFB002856D0044651E02F
:10E4B0003288002101A87368F9F700FB0346224661
:10E4C00001A94046009700F05BFB002845D00444BA
:10E4D000012101A8F9F795F80346224601A9404613
:10E4E000009700F04DFB002837D02518B46820E0D5
:10E4F0002288002101A8F9F7C1FC03462A4601A998
:10E500004046009700F03CFB002826D06268054496
:10E51000501C0DD0012101A8F9F755FC03462A46ED
:10E5200001A94046009700F02BFB002815D00544B8
:10E530002469002CDCD1012101A8F9F775F8034604
:10E540002A4601A94046009700F01AFB002804D093
:10E55000F6682C18002EABD1204606B0BDE8F0813D
:10E560002DE9F84305004FF000001446ADF8000017
:10E570001FD000291DD0002C1BD06FF002080529E8
:10E5800002D23F20607417E028460021F9F717F9FE
:10E590003E2780B1681C221D6946F9F756FA461CD1
:10E5A000BDF800002080A8190121F9F733F910B156
:10E5B000701CBDE8F88367744046FAE710B5002484
:10E5C00028B121B10121F9F73BF900B1012420461E
:10E5D00010BD2DE9FF474FF000060F460500144619
:10E5E0008DF8006001960296039646D0EFB3E4B32F
:10E5F00028784FF03E0800076FF0020902D482F835
:10E6000011802EE0284601AA6946F9F759F8064616
:10E610009DF8000018BB01994FF03F087018B842F0
:10E620001DD2A81902AAF9F7F8FB06440298208126
:10E630004FF0FF30E060A85D01071ED5C0434007E2
:10E640001BD0A81901AA6946F9F73AF89DF80010FD
:10E65000012912D1019906447018B84206D384F8F2
:10E660001180484604B0BDE8F08706E0A81903AA67
:10E67000F9F759FB06440398E0603046F2E70022C0
:10E6800028B13022027041700E21817003221046A1
:10E69000704770B505004FF000000BD00A884B683A
:10E6A00000212846F9F70AFA044628190121F8F74B
:10E6B000A8FF204470BD70B5164605004FF0000459
:10E6C0000CD00A460221F9F7D9FB0446701C05D08C
:10E6D000281932460321F9F776FB0444204670BD21
:10E6E0002DE9F04106004FF0000090460F46054628
:10E6F00014D030460421F8F784FF04463019B8429C
:10E7000005D1444405E0785D3055641C6D1C4545D9
:10E71000F9D330190421F8F787FF20441EE72DE9CB
:10E72000F041040016460F464FF0000013D020467B
:10E730000521F8F766FF054660193946F9F790FBA1
:10E74000054460193146F9F78BFB05446019052132
:10E75000F8F76AFF284401E702004FF0000003D0F9
:10E7600001211046F8F760BF7047F8B504004FF07C
:10E7700000001D461646ADF800001BD0002919D038
:10E78000002E17D0002D15D020460021F9F717F8DC
:10E790004FF0FF3778B1601C2A466946F9F755F902
:10E7A000451CBDF80000308060190121F9F732F8EE
:10E7B00008B1681CF8BD3846F8BD10B5002428B172
:10E7C00021B10121F9F73CF800B10124204610BD28
:10E7D0002DE9FF474FF000051E469046894604008C
:10E7E0008DF8005001950295039532D0B9F1000FD4
:10E7F0002FD0B8F1000F2CD05EB320784FF0FF3748
:10E80000000709D5204601AA6946F8F759FF0546D1
:10E810009DF80000022801D0384623E7601902AABB
:10E820000199F9F7FAFA05440298A8F800004D4555
:10E830000ED2605D01070BD5C043400708D06019B8
:10E8400001AA6946F8F73CFF9DF80010032902D0A1
:10E850003760284606E70544601903AA0199F9F7CD
:10E8600062FA054403983060F3E72DE9FF4706009C
:10E870004FF000000F4614468DF800000190029002
:10E88000ADF80C004FF03F086FF0020A34D0052FAE
:10E8900032D984B3304601AA6946F8F711FF85B230
:10E8A0009DF800004FF03E0908BBAF421FD9781B0E
:10E8B00087B2042F18D3701902AA03A9F9F7C5F873
:10E8C000284485B2BDF80C00208002986060781B57
:10E8D00010EA1A4004D070190121F8F79BFF30B1FB
:10E8E000284604B0BDE8F08784F86E8201E084F821
:10E8F0006E925046F5E7FFE782F86E82F9E72DE960
:10E90000FE4F05004FF00000894614468DF80000C8
:10E91000019006466FF0020A029076D0B9F1000F1E
:10E9200073D0002C7ED0411EE160102184F86C125F
:10E93000C4F86802284601AA6946F8F7C1FE0746EE
:10E940009DF800004FF03E0890B9E81902AA01991D
:10E95000F9F763FA074402982081E81901AA694689
:10E96000F8F7AEFE07449DF80000012803D010E040
:10E9700084F86E824AE0E81902AA0199F9F7D3F9FE
:10E9800007440298E060E81901AA6946F8F798FE82
:10E9900007449DF800000228EAD1E819401EF8F764
:10E9A0007EFE0028E4D07F1E2289A9EB0701E8192A
:10E9B000F8F766FC7F1CC4F8680204E0B819A119D6
:10E9C000285C0874761CD4F86802B042F6DCC619DC
:10E9D000A81901AA6946F8F773FE06449DF80000DD
:10E9E000022805D0A819401EF8F762FE0028BFD102
:10E9F000A81901AA6946F8F763FE06449DF80000CD
:10EA0000032805D0701EBDE8FE8F0BE05046FAE7E4
:10EA1000A81902AA0199F9F786F90299304484F8F5
:10EA20006C12F0E73F2082F86E02EFE770B5040049
:10EA30000D464FF0000009D020704FF41671F8F722
:10EA400037FD6070A5701020E070042070BD70B5B7
:10EA500005004FF000000BD013460A46002128465F
:10EA6000F9F72CF8044628190121F8F7CAFD2044CB
:10EA700070BD02004FF0000003D001211046F8F7EE
:10EA8000D3BD70472DE9F0414FF000040F4606005A
:10EA9000254627D03A890021F9F7F0F9FA680446AB
:10EAA000501C04D030190121F9F78DF904443019B4
:10EAB0000221F8F7A6FD044404E07819007C3055E3
:10EAC000641C6D1CD7F86802A842F6DC30190221DC
:10EAD000F8F7AAFD97F86C2204441AB13019032103
:10EAE000F9F771F92046BDE8F081002228B1202213
:10EAF000027041701021817003221046704770B57A
:10EB0000040015464FF0000039D05020207061708D
:10EB10001020A070E01C0021F8F773FDC61C95F8CA
:10EB20006D12A019F9F79CF9064495F86E12A01918
:10EB3000F9F796F90644A0190021F8F775FD064487
:10EB4000A0190121F8F75DFD06442A88A0190021CB
:10EB50006B68F8F7B3FF06442A89A0190121F9F779
:10EB60008DF9EA680644501C04D0A0190221F9F777
:10EB70002AF90644A0190121F8F756FD304470BD6A
:10EB800010B51C46029B9B1AA34205D31044224693
:10EB900000F002FC204610BD002010BD70B504003E
:10EBA0001E464FF0000010D0002A0ED0002E0CD0D0
:10EBB000102020706170A01C1146F9F7B9FA851C6D
:10EBC00060193146F9F743FA284470BD13460A46E6
:10EBD0000921E3E713460A460621DFE72DE9FC4158
:10EBE000044600201E4617468DF8000001900029BB
:10EBF0001FD0002F1DD0002E1BD0204601AA694631
:10EC0000F8F75EFD05469DF800004FF0FF380A2832
:10EC10000ED160193946F9F7A7FA0544601901AA1F
:10EC20006946F8F74DFD05449DF800000B2802D019
:10EC30004046BDE8FC8160193146F9F724FA2844C2
:10EC4000F7E7F0B5ADF5177D14460F4606460025EB
:10EC500041E0207810B101280ED03BE0052F06D30B
:10EC6000A28870190021A368F8F728FF31E06FF03F
:10EC700001000DF5177DF0BDA08908B1A07B00E073
:10EC80002079C01D874225D370190121F8F7B9FCFE
:10EC90000544A1897019F9F7B2F80544A089A0F5D7
:10ECA0007F41FF3904D030B1A27B04F10F0104E0B1
:10ECB0000022114601E02279611D6846FEF7E2F864
:10ECC00070196946F8F730FF054470190121F8F70B
:10ECD000ABFC0544A469002CBBD12846C9E72DE94B
:10ECE000F043ADF5197D002514460646A8468DF87B
:10ECF000585297956FF00109989555E077190021C2
:10ED00003846F8F75CFD60B184F80080384604F1BD
:10ED10000803221D0021F8F7B3FE002825DB054477
:10ED200041E038460121F8F74AFDF0B1012020709A
:10ED30006D1C701997AA96A9F8F7C2FC05449DF8B6
:10ED40005802022811D1701998AA9799F8F7EBFF89
:10ED50009899A1810544701997AA96A9F8F7B0FC73
:10ED600005449DF85802062804D048460DF5197D43
:10ED7000BDE8F0836A4630469799F8F716FF0544D8
:10ED80006846FEF7C0F870B1A0896A464FF00701E7
:10ED900028B104F10F00FEF7D1F8A07303E0601D65
:10EDA000FEF7CCF82071A469002CA7D12846DDE736
:10EDB00070B586B0044605AB03AAFFF70FFF002825
:10EDC0001BDD2078A42818D16079B42815D160788B
:10EDD0006438C6B21D488671A1784171E278C2706C
:10EDE000A3798370E5794570247A0470002000953A
:10EDF000CDE901403046CCF783FD06B070BD70B55B
:10EE000086B0044605AB03AAFFF7E8FE0028F4DD50
:10EE10002078A428F1D16079B428EED160786438E4
:10EE2000C6B20A488671A1784171E278C270A379AE
:10EE30008370E5794570247A047000200095CDE94F
:10EE400001403046CCF75CFDD7E70000F8170060C2
:10EE500010B5ADF51A7D1C466A4600F09BF90028F6
:10EE600013DD0098401C0CD00198401C09D0F9F724
:10EE70008DFF0099884208D3F9F788FF01998842ED
:10EE800003D82146684600F003F80DF51A7D10BD41
:10EE900030B5ADF5197D0446002097909890207A02
:10EEA0000D4680B104F10C0098AA97A90446FAF720
:10EEB00042FB002816D0F9F769FF9799009589B2AF
:10EEC0002346989A0CE0A08901AA2169FAF724FB4D
:10EED000002807D0F9F75AFF0095A18901AB2269F4
:10EEE00000F0E4F80DF5197D30BD002110B904E003
:10EEF000001D491C0268521CFAD1084670472DE9D2
:10EF0000FF4F81B0804600240D4627460398FFF747
:10EF1000ECFF81460498FFF7E8FF83460E98FFF761
:10EF2000E4FF824609EB0B015144B9F1030F00D312
:10EF3000C91E6DB1286958B1686948B10090288927
:10EF40000223A0F58070733806D02B762020A8E02D
:10EF5000002005B0BDE8F08FE86840B1421C0AD03F
:10EF6000884274D80026B9F1030F68D86AE0404699
:10EF7000F8F745FF8DE0B9F1030F19D81AE00398AF
:10EF800050F827104F2912D04B2910D04D290ED000
:10EF900008EB0400F8F764FF04440098844206DBA1
:10EFA00005202876122068764FF0FF3402E07F1C9F
:10EFB0004F45E4D3BBF1000F0FD000260BE00498BF
:10EFC00050F8261008EB0400F8F74AFF04440098B4
:10EFD000844207DA761C5E45F1D3BAF1000F63D0A4
:10EFE000002612E005202876122068764FF0FF34C4
:10EFF000F3E70E9850F8261008EB0400F8F730FFFE
:10F0000004440098844203DA761C5645F1D34BE061
:10F0100005202876122044E0039951F827104F2943
:10F020000CD04B290AD04D2908D0761CB04205D10E
:10F0300008EB0400F8F714FF044602E07F1C4F457C
:10F04000EAD33CBBBBF1000F13D000200EE026E05A
:10F05000E968761CB14208D1049951F8201008EBF8
:10F060000400F8F7FDFE044602E0401C5845EFD3CB
:10F0700084B9BAF1000F17D000200DE0E968761CC2
:10F08000B14208D10E9951F8201008EB0400F8F7AE
:10F09000E7FE044608E0401C5045EFD304E02B7621
:10F0A0002A2068764FF0FF34204652E72DE9F047DA
:10F0B000ADF5287D0F46B09D81469A46904629467B
:10F0C000A3A8F9F755FE29469BA8F9F747FE0022A9
:10F0D0001146A0A8FEF73FFC40F2391013496843DF
:10F0E00001EB4004A0ABA3AA9BA92046FEF7B0FB0E
:10F0F00006460820ADF80400CDF80890ADF80C7075
:10F10000514605A8CDF81080FDF79EFDA01901A974
:10F1100000F0B9F833182246A0A99BA80095F9F78A
:10F12000EAFD0DF5287DBDE8F0870000BCCA076048
:10F1300070B505000C464FF000002AD0002C28D0F6
:10F1400010202870072068700226226871058A4204
:10F150000FD2606800280CDB88420ADAA81C002164
:10F16000F8F731FE861CA81901216268F8F72BFE1A
:10F170000644207A30B1A81904F10C020321F8F7F3
:10F1800086FD05E0A289A81902212369F8F796FCFB
:10F19000304470BD2DE9FF47002614460546B046B1
:10F1A0008DF8006001960296ADF80C60002964D0DD
:10F1B000002C62D028460021F8F701FB4FF0FF3AFF
:10F1C000E8B3284601AA6946F8F77AFA0646A8196C
:10F1D00002AA0199F8F7A7FD064402984FF48009A6
:10F1E000484500D22060A81907460121F8F7E7FA40
:10F1F00030B3384601AA6946F8F762FA0644A819FE
:10F2000002AA0199F8F78FFD06440298484500D2FA
:10F210006060AF1902213846F8F7D1FAC8B184F816
:10F220000880384601AA6946F8F74AFA0644A81940
:10F2300004F1100203A9F8F708FC064401E004E019
:10F240001FE0BDF80C00A08117E05046C4F800A0F4
:10F25000DEE738460321F8F7B2FA90B101202072B8
:10F26000384601AA6946F8F72BFA0644A81904F1B2
:10F270000C020199F8F727FD0644304604B0BDE8BA
:10F28000F0875046FAE770B504000D464FF00000D5
:10F2900017D0002D15D01020207001206070298813
:10F2A000A01C6A68F8F71BFC861C2989A019EA686B
:10F2B000F8F715FC0644A01905F11001F8F7CCFC8D
:10F2C000304470BDFEB50446002015468DF80000A0
:10F2D0000190ADF80800471E89B385B3204601AA06
:10F2E0006946F8F7EDF906469DF800000C2826D18E
:10F2F000A0192A1D02A9F8F7A8FB0644BDF80800CA
:10F300002880A01901AA6946F8F7DAF906449DF8A1
:10F3100000000C2813D1A01905F10C0202A9F8F77E
:10F3200094FB0644BDF808002881A01901AA69468B
:10F33000F8F7C6F906449DF80000072801D03846C2
:10F34000FEBDA01905F110020199F8F7BCFC30448C
:10F35000FEBD30B44FF0FF3328B10478102C02D139
:10F360004478012C02D030BC18467047801C30BC59
:10F37000891EA7E70649074A0868504343F2390245
:10F380001044086040087047014908607047000059
:10F39000E80700606D4EC64140EA01039B0703D0B9
:10F3A00009E008C9121F08C0042AFAD203E011F8C4
:10F3B000013B00F8013B521EF9D27047D2B201E086
:10F3C00000F8012B491EFBD270470022F6E710B56A
:10F3D00013460A4604461946FFF7F0FF204610BDC3
:10F3E00030B505462A460B4612F8010B13F8014BBF
:10F3F00008B1A042F8D01CB1002802D06D1CF1E782
:10F40000284630BDCAB2401E10F8011F8A4202D001
:10F410000029F9D100207047421C10F8011B002977
:10F42000FBD1801A704710B5002200E0521C835CAB
:10F430008C5CA34201D1002BF8D1D8B2E1B2401AC2
:10F4400010BDCBB203E00178994203D0401C521E9C
:10F45000F9D20020704730B504460020034600E092
:10F460005B1C934203D2E05CCD5C401BF8D030BD06
:10F47000034611F8012B00F8012B002AF9D1184698
:10F48000704700000FB400B58DB010A909900B9023
:10F4900000914FF0FF300A9000200C900548069034
:10F4A000054807906A4609A80F9900F05DFB0DB06A
:10F4B0005DF814FB85FB0308A3FB03082DE9FF5F40
:10F4C0001D464FF0FF3BD5E9014691465F464FF0A0
:10F4D0000008A9697F1C01988847296A82468847E5
:10F4E0000028F6D1BAF1FF3F0CD024F4C064002EFE
:10F4F00019DD600614D5BAF12B0F09D0BAF12D0F22
:10F500000ED103E0584604B0BDE8F09F44F4806497
:10F51000A9697F1C01988847761E8246002E02DD6D
:10F52000BAF1300F03D0B9F1000F26D032E0A9694B
:10F53000761E44F400747F1C019888478246002E92
:10F5400005DDBAF1780F06D0BAF1580F03D0B9F142
:10F55000000F10D01EE0B9F1000F02D0B9F1100F6A
:10F5600018D1A969761E24F400747F1C019888477D
:10F570008246102002E0082000E00A20814609E0CF
:10F5800008FB0908A969761E44F400747F1C0198E1
:10F5900088478246002E05DD4946504600F0CFFAE6
:10F5A0000028EDDAE96901988847A00502D46FF0D8
:10F5B0000100A8E7E00725D1600613D5600502D554
:10F5C000C8F1000000E0404629680A1D2A60096869
:10F5D000220501D5087015E0220701D5088011E049
:10F5E00008600FE02868011D29600068210502D528
:10F5F00080F8008006E0210702D5A0F8008001E035
:10F60000C0F8008038467EE72DE9F04791460F4666
:10F6100080460446002614F8015B2DB100F082FA02
:10F620000068405DC007F6D12B2D02D02D2D18D0DB
:10F63000641E4A463946204600F0C4FA27B13968AC
:10F64000A14201D1C7F8008071054FF002040BD52B
:10F650004042002803DD01F0A1F90460A007BDE8E5
:10F66000F08746F48066E4E70028F8DA01F096F9BE
:10F6700004606FF00040F2E72DE9F05F93460F461B
:10F6800080460446002601F089F9D0F800908246B1
:10F6900014F8015B2DB100F045FA0068405DC00729
:10F6A000F6D12B2D02D02D2D1AD0641E0021CAF8C0
:10F6B00000105A463946204600F084FA014627B128
:10F6C0003868A04201D1C7F80080DAF800000228AB
:10F6D00009D0CAF80090700505D54842BDE8F09FF2
:10F6E00046F48066E2E70846F8E7F0B480EA0102F3
:10F6F000D40F4200B2EB410F02D202460846114637
:10F700004A0042D0C30DDDB2C1F3C752AD1A202D5D
:10F7100035DAC1F3160141F4000204B15242C5F1D9
:10F72000200602FA06F12A411044B3EBD05F23D041
:10F73000C4B1012DA0EBC35009DCF0BC4FF0004276
:10F7400002EAC352DBB200F5000000F0E2BA40006A
:10F7500000F1807000EBC350A0F1807040EAD170DE
:10F76000490009E0490841EAC071A0EBC35000F527
:10F770000000400800EBC350F0BC00F0C1BA614289
:10F78000012202EB4101001BF6E7F0BC704781F05B
:10F790000041AAE780F00040A7E780EA010210B527
:10F7A00002F00043400022D04A001FD0010E01EBBE
:10F7B0001261C0F35600C2F3560240F4000042F456
:10F7C0000002A0FB022000047F39140400D0401C7A
:10F7D00050EA124001D44000491EC2B20C0604EBAC
:10F7E000D010401C4008802A02D003E0002010BD49
:10F7F00020F00100002900DA0020184310BD30B4C9
:10F8000080EA010202F0004530F0004221F00040A1
:10F8100013D090B1C30DD40DC2F31601C0F316007E
:10F82000E41A41F4000140F400027D34914201D316
:10F83000641C00E04900002C02DA30BC0020704754
:10F840004FF400000023914201D3891A034340087A
:10F850004FEA4101F7D151B1914202D14FF000413D
:10F8600005E002D24FF0010101E06FF0010103EB6E
:10F87000C450284430BC00F043BA420005D0C0F365
:10F88000C7525242914201DC0020704700EBC15048
:10F8900070472DE9F04D81EA030404F0004B21F09C
:10F8A000004514464FF0000A23F0004150EA0502DB
:10F8B00020D054EA01021DD0C5F30A570246C5F311
:10F8C0001303C1F31300C1F30A5640F4801543F447
:10F8D0008013A7EB0608101BD64608F2FD3873EB21
:10F8E000050002D308F1010801E092185B41B8F16C
:10F8F000000F03DA00200146BDE8F08D00204FF430
:10F900008011064684460EE0171B73EB050705D3EE
:10F91000121B63EB050306434CEA010C49084FEA4E
:10F92000300092185B4150EA0107EDD152EA030022
:10F9300012D082EA040083EA0501084305D0101BB7
:10F94000AB4106D20122002306E000224FF0004323
:10F9500002E06FF0010253101AEB06004CEB085165
:10F9600010EB0A0041EB0B01BDE8F04D00F0FFB9D0
:10F97000C10F80EAE0700844CA079623002100F016
:10F98000C8B996230022114600F0C3B90EB5C10FC5
:10F9900080EAE0700844CA07002140F233438DE852
:10F9A0000E000A460B4600F0F1F903B000BD0EB59B
:10F9B00040F2334102910021CDE900110A460B4685
:10F9C00000F0E4F903B000BD00F0004220F0004078
:10F9D000C10DC0F3160040F400007F2901DA0020B9
:10F9E0007047962903DCC1F19601C84001E09639C1
:10F9F0008840002AF4D04042704720F00040C10DFA
:10FA0000C0F3160040F400007F2901DA002070479F
:10FA1000962903DCC1F19601C840704796398840A9
:10FA20007047C1F30A5210B5C1F3130140F2FF331E
:10FA300041F480119A4201DA002010BD40F23343B4
:10FA40009A42A2F2334203DC524200F05AF810BD4F
:10FA5000904010BD01F0004330B421F0004150EA65
:10FA6000010206D00A0DA2F56072C1F31301002A4B
:10FA700002DC30BC00207047440F44EAC104C100DE
:10FA8000E01830BC00EBC25000F03AB9002801DBAE
:10FA9000C0F10040002901DBC1F100418142704703
:10FAA0002DE9F05F0546002092469B4688460646B3
:10FAB000814640241BE0284641464746224600F046
:10FAC00020F853465A46C01A914110D311461846A1
:10FAD000224600F08BFB2D1A67EB01084F462246A9
:10FAE0000120002100F082FB17EB00094E41201E8F
:10FAF000A4F10104DFDC484631462A464346BDE80E
:10FB0000F09F202A04DB203A21FA02F000217047FE
:10FB100021FA02F3D040C2F1200291400843194675
:10FB200070470000004870475424040810B504468C
:10FB3000FFF7F8FF0068005D00F0010010BD3A28F3
:10FB400000D2303820F02002412A01D3A2F1370040
:10FB5000884201D34FF0FF30704700000268114423
:10FB60001378016018467047D16004495161044917
:10FB7000116200211161114600F05ABB5DFB0308C0
:10FB80002DFB0308426842B1016811F8013B23B123
:10FB9000521EC0E90012184670470121C160881E3C
:10FBA000704742685AB1C368016843B983688B42A1
:10FBB00005D0491E521CC0E90012002070474FF0CA
:10FBC000FF3070472DE9F05F824600780027154628
:10FBD0008B460AF10104B946302801D09DB113E0EB
:10FBE00014F8010B0127782803D0582801D045B11B
:10FBF0000AE00DB1102D07D10027102514F8010BD4
:10FC000002E0082500E00A250026B0460EE005FBCC
:10FC1000080005FB06F1012701EB10461FFA80F8EA
:10FC2000B6F5803F00D3B94614F8010B2946FFF71B
:10FC300086FF0028EBDABBF1000F05D00FB1641E80
:10FC400000E05446CBF80040B9F1000F06D000F0B8
:10FC5000A5FE02210160C81EBDE8F09F48EA0640EB
:10FC6000FAE700000FB4002300B589B00CA9009199
:10FC70000B996FF00042CB601E4B06931E4B07930F
:10FC80000423CDE901321D4A089202466B4600204A
:10FC900000F0F8FC09B05DF814FB70B586B00646BC
:10FCA0004FF0FF300091CDE90101002015460C46D0
:10FCB00004903246694604A8FFF7D4FF0246049830
:10FCC000211825B108B1084600E0204628600498B4
:10FCD00000280DD0002A02DD0098884208D0081BB9
:10FCE0000094CDE901043246694604A8FFF7BAFF43
:10FCF00006B070BD85FB0308A3FB03082DFB0308BA
:10FD00000029A8BF7047401C490008BF20F001002F
:10FD1000704710B4B0FA80FC00FA0CF050EA01040D
:10FD200004BF10BC704749B1CCF1200421FA04F49F
:10FD300011FA0CF118BF012121430843A3EB0C0178
:10FD4000CB1D4FEA00614FEA102042BF002010BCDB
:10FD5000704700EBC35010440029A4BF10BC70478B
:10FD6000401C490008BF20F0010010BC704710B5CE
:10FD7000141E73F1000408DA401C41F100019218CE
:10FD80005B411A4301D120F0010010BD2DE9F04D77
:10FD900092469B4611B1B1FA81F202E0B0FA80F2CC
:10FDA0002032904600F022FA04460F4640EA0A004C
:10FDB00041EA0B0153465A46084313D0114653EA11
:10FDC000010019D0C8F140025046FFF79AFE0546DF
:10FDD0000E4650465946424600F008FA084305D000
:10FDE000012004E020463946BDE8F08D002005439F
:10FDF00046EAE0762C4337430A986305E40AA0EB11
:10FE000008000022FD0A44EA47540A3002D50020C7
:10FE10000146E9E7010510196941DDE908450019C6
:10FE20006941BDE8F04DA2E72DE9FE4F804681EA29
:10FE30000300C00F0C46009021F0004123F0004564
:10FE4000B8EB0200A94105D24046214690461C4627
:10FE50000B46024623F00040104347D0270DC7F35E
:10FE60000A00C3F30A510290401A019040286BDA4D
:10FE7000C3F3130040F4801B0098924620B1002386
:10FE8000D2EB030A63EB0B0B01985946C0F1400219
:10FE9000504600F0ABF906460D4650465946019AC9
:10FEA00000F0B3F910EB08006141002487EA115219
:10FEB00084EAE7731A4340D0009A62B3019A012A98
:10FEC0004FEA075215DC001B61EB02014FF00042C4
:10FED00002EA0752CDE90042001C41F5801132468A
:10FEE0002B46FFF753FF03B0BDE8F08F4046214695
:10FEF000F9E7001B61EB0201001C41F580130018BB
:10FF00005B412018A2F5001747EB030140EAD570CA
:10FF1000B6196D4111E06D084FEA360645EAC07525
:10FF20004FEA0752001B61EB0201001C41F58011F2
:10FF300049084FEA30000019514132462B4603B0C0
:10FF4000BDE8F04FFFF713BF0098012240000023E7
:10FF5000D0EB020263EBE073009821464FEAE074B5
:10FF6000B8EB000061EB0401E9E783F000435BE7D5
:10FF700081F0004158E72DE9FE4F81EA030404F0C7
:10FF8000004421F0004100944FF0000B23F00043A7
:10FF900050EA01045ED052EA03045BD0C3F30A5472
:10FFA000C1F30A552C44A4F2F3340194A0FB02548B
:10FFB000C1F3130141F48011C3F3130343F480131D
:10FFC00001FB024400FB034E840A970A44EA815471
:10FFD00047EA8357A4FB076802958D0A05FB07854E
:10FFE0004FEA932C04FB0C542705029D4FEA065858
:10FFF00047EA1637B5EB08056EEB070C870E920E35
:020000040804EE
:1000000047EA811742EA8312A7FB0201B6EB0B0114
:1000100064EB00042B0D43EA0C335E1844EB1C50D8
:10002000DA465146E7FB0201C5F313044FEA0B33EE
:1000300043EA14534FEA0432019C43EA0603A4F155
:100040000C040294009CCDE900B4FFF79FFE03B0BE
:10005000BDE8F08F00200146F9E770B521F00043BC
:1000600003430CD0C1F30A550024D5EB040564EB1F
:100070000403D617AD1AB34102DB0020014670BD60
:10008000201841EB025170BD2DE9F04D00231A46B6
:100090001B1A8A4103DB00200146BDE8F08DC1F345
:1000A0000A52C1F3130141F480154FF0000BD10740
:1000B00002D100186D41521E0027044640F2FF1184
:1000C000384601EB620A3E468046024600204FF465
:1000D0008011FFF716FDC2197141BB1846EB0100F4
:1000E000B4EB030C75EB000C04D3E41A65EB0005CC
:1000F00017460E46241908F101006D418046342848
:10010000E3DDF91946EB0600091BA84103D24FF0C5
:10011000FF32134601E0002213461BEB070046EBBB
:100120000A51BDE8F04DFFF722BE70B5C1F30A5287
:1001300001F000450024C1F3130140F2FF3341F404
:1001400080119A4201DA002070BD40F233439A4296
:10015000A2F2334203DC5242FFF7D3FC00E09040AE
:100160002C43F1D0404270BD30B5041E71F1000443
:1001700004DB4FF00044404264EB0101141E73F1B4
:10018000000405DB1C464FF00043524263EB0403BE
:100190008B4208BF824230BD30B5041E71F10004AD
:1001A00004DB4FF00044404264EB0101141E73F184
:1001B000000405DB1C464FF00043524263EB04038E
:1001C000994208BF904230BD064C074D06E0E068FA
:1001D00040F0010394E8070098471034AC42F6D38E
:1001E000C7F7AAFF84260408A4260408202A04DBF3
:1001F000203A00FA02F1002070479140C2F120033A
:1002000020FA03F3194390407047202A06DBCB17EE
:10021000203A41FA02F043EAE07306E041FA02F3C1
:10022000D040C2F1200291400843194670470000B7
:100230002DE9F34F8BB04FF0000801F10C000C4694
:100240004FF0010B46460DF1080A01906269012149
:1002500001989047051E2DD0252D2CD0216A884766
:10026000C0B16269012101989047216A884700283E
:10027000F7D1411E62690198904700E0761CA169A0
:100280000B988847216A88470028F7D1E1690B98C5
:100290008847DBE7A1690B9888470746A84201D148
:1002A000761CD3E7E1690B9888477F1C02D1B8F12F
:1002B000000F6FD046E1002762693D46394601983C
:1002C00090472A2804D162690121019890470125AD
:1002D000DFF884926269012101989047A0F1300112
:1002E0000A290AD24F45E5DC07EB870100EB4107FD
:1002F000303FDFD445F01005ECE7E90601D46FF09C
:1003000000476C280AD04C2814D0682815D06A28D9
:100310000DD074281CD07A281AD01DE06269012102
:10032000019890476C2802D045F0040514E045F090
:1003300002050DE045F020050AE0626901210198FF
:100340009047682802D045F0080505E045F40065AF
:100350006269012101989047C4E9015765283DD0A1
:1003600019DC58287AD00CDC452837D004DC252845
:1003700026D0412831D131E046282FD047282CD132
:100380002CE05B2877D0612828D063287CD06428B3
:1003900023D15AE0D0E06F2848D008DC66281DD071
:1003A00067281BD0692821D06E2816D127E0702835
:1003B00045D0732868D0752847D078280DD14DE0F6
:1003C000A1690B988847054625283FF469AFE16984
:1003D0000B9888476D1C3FF46AAFB3E023466A462A
:1003E0006FF001000B9900F04DF99EE045F04000E0
:1003F0006060A80723464FF0000236D43EE0E807CD
:100400007FF447AF2068011D21600068290501D5F0
:1004100006701BE7290701D5068017E7A90703D552
:10042000F117C0E9006111E706600FE745F04000F1
:100430006060A80723464FF0080216D41EE040F67D
:100440000E0125EA0100606016E045F040006060A2
:10045000A80723464FF00A0207D40FE045F04000FA
:100460006060A80708D5234610226FF001000B99A1
:10047000AFF3008059E007E0234610226FF001003F
:100480000B99FFF71BF850E04FF000094F464B4621
:10049000632802D05B2806D040E0E80601D40120A2
:1004A000A06001273AE062690121019890475E2827
:1004B00005D14FF0010962694946019890472169C9
:1004C00039B900210A46534643F82120491C08291E
:1004D000FADBB0B3216969B9C11700EBD1625311DE
:1004E0000AEB830122F01F02821A01200B68904060
:1004F00003430B6062690121019890475D28E8D1B0
:10050000B9F1000F09D00020514651F82020D24304
:1005100041F82020401C0828F7DB02AB2246009758
:100520006FF001000B99AFF3008000280CDA401C3B
:1005300008D1BBF1000F05D04FF0FF300DB0BDE882
:10054000F08FFFE74046F9E7E90701D108F101081C
:1005500006444FF0000B79E6CCCCCC0C2DE9FF4FD4
:10056000087883B09946FF2805D0491C2D2804D06F
:100570000024002008E000200BE00124F9E700EB54
:10058000800003EB4000491C0B78FF2BF7D104B12E
:10059000404200230293147819461D462D2C01D0A9
:1005A0002B2C04D1521C2D2C13D000240294AA46CB
:1005B0001478FF2C0FD00A25A3FB057801FB0581D9
:1005C0004FF0000C03FB0C11521CE3194AEB010124
:1005D000EEE70124EAE7814453EA010002D019F56D
:1005E000C87F06DA03980021C0E9001107B0BDE812
:1005F000F08F0025AE4E2F46DFF8B882184600F087
:100600005DF9CDE90001B9F1000002DAC9F1000499
:1006100000E004460023A74A1AEB030B42EB045AFE
:1006200012E0E00707D02A46334638464146FFF736
:10063000A2FC074688462A46334610461946FFF76D
:100640009AFC05460E466410002CEAD1DDE9000153
:10065000B9F1000F5A46534606DAFFF71AF93A463F
:100660004346FFF716F905E0FFF785FC3A46434697
:10067000FFF781FC029A0AB181F00041039AC2E9B6
:100680000001B3E72DE9FF4F1F468DB0D7E90146C2
:100690004FF0FF382E2045464FF000090B90B96906
:1006A0006D1C0E988847396A824688470028F6D123
:1006B000BAF1FF3F0AD024F4D064002E11DDBAF164
:1006C0002B0F08D0BAF12D0F0BD102E0404611B02C
:1006D0008DE744F48064B9696D1C0E9888478246A2
:1006E000761E6946600501D52D2000E02B208DF88F
:1006F000000001F1010B0DF1200809E0B9696D1C42
:100700000E98884782460F9844F40074761E056060
:10071000002E02DDBAF1300FF0D00B998A453ED1A0
:1007200044F0800406E00F99681CA9F1010944F423
:1007300000740860B9696D1C761E0E988847824661
:100740003028F0D02BE00B998A4505D1200603D440
:1007500044F08004761E18E0504600F0ADF908B36E
:100760000DF11301761E44F400748B4508D2AAF1F2
:1007700030000BF8010B200607D5A9F1010003E0BA
:10078000200602D409F101008146A00502D50F9987
:10079000681C0860B9696D1C0E9888478246002E57
:1007A000D1DC53E0002E51DDBAF1650F02D0BAF171
:1007B000450F4BD1A00549D5B9696D1C24F440748F
:1007C000761E0E9888478246002E0CDD2B2804D01A
:1007D000BAF12D0F07D144F48074B9696D1C0E98DD
:1007E00088478246761EE00501D52D2100E02B21A9
:1007F00008F8011BCDF82C8021E00DF12901761EAF
:1008000044F4007488450CD2AAF1300010F0FF00C7
:1008100088F8000002D10B99884509D908F1010830
:1008200006E0E00501D5244801E042F20F70814660
:10083000B9696D1C0E98884782460F980560002E96
:1008400004DD504600F038F90028D6D1F9690E9839
:100850008847FF208BF8000088F8000000200690F1
:1008600007904B466A4608A906A8FFF777FEA00541
:1008700002D46FF001002AE714F0240F0AD0E00739
:1008800014D1DDE906123868031D3B600068C0E939
:1008900000120BE0DDE90601FFF7DCF80146E00796
:1008A00004D13868021D3A600068016028460EE7EE
:1008B000000014400000F03FF1D8FFFF0EB540F2F9
:1008C000334202920022CDE900221346FFF75EFA7E
:1008D00003B000BD70B58C1810F8015B15F007036C
:1008E00001D110F8013B2A1106D110F8012B03E0C9
:1008F00010F8016B01F8016B5B1EF9D12B0705D4D1
:100900000023521E0DD401F8013BFAE710F8013B19
:10091000CB1A921C03E013F8015B01F8015B521E35
:10092000F9D5A142D8D3002070BD00000FB4054B0B
:1009300010B503A9044A029800F0C6F810BC5DF88F
:1009400014FB000017D700089C0000600FB4084B90
:1009500010B504A902AA039800F0B6F8044602A94B
:10096000002000F0E2FA204610BC5DF814FB000005
:100970002B0F0408490050EAC12018BF04204A0D7B
:1009800018BF40F0010040F2FF72B2EB515F08BFA8
:1009900040F00200012808BF05207047004870475A
:1009A000F40700602DE9F0414F1E00EBC70104463B
:1009B000D1E9000115461E4637F006020DD02A4641
:1009C0003346FFF7D8FA7F1E04EBC703D3E90023B1
:1009D000FFF72AFA37F00602F1D1022F25D0042FB3
:1009E00013D0062F18BFBDE8F0812A463346FFF723
:1009F000C2FAD4E90A23FFF717FA2A463346FFF76B
:100A0000BAFAD4E90823FFF70FFA2A463346FFF76C
:100A1000B2FAD4E90623FFF707FA2A463346FFF76E
:100A2000AAFAD4E90423FFF7FFF92A463346FFF771
:100A3000A2FAD4E90223FFF7F7F92A463346FFF773
:100A40009AFAD4E90023BDE8F041FFF7EDB90000C0
:100A50000022134610460149FEF71BBF0000F03F7D
:100A60000122FFF7FABA0022134610461146FEF79C
:100A700010BF40F2013200204FF0E041FFF7EDBA25
:100A8000024A00201107FFF7E8BA000001FDFFFF4E
:100A900002E008C8121F08C1002AFAD170470020DE
:100AA00001E001C1121F002AFBD170470149086013
:100AB00070470000F407006030380A2801D2012096
:100AC00070470020704700002DE9FF4F8DB00F46A2
:100AD0000546002606E025280BD0DDE90F129047D9
:100AE0006D1C761C28780028F5D111B03046BDE881
:100AF000F08F0024A246A1460122EC4900E0044305
:100B000015F8013F203B02FA03F00842F7D128789C
:100B10002A2810D06FF02F022878A0F1300109297F
:100B200014D80AEB8A0102EB410144F0020400EB05
:100B3000010A6D1CF0E701CF5FEA000A03D544F417
:100B40000054CAF1000A44F002046D1C28782E28D3
:100B500017D115F8010F44F004042A280ED06FF0C5
:100B60002F022878A0F1300109290AD809EB890160
:100B700002EB410100EB01096D1CF2E757F8049B01
:100B80006D1C28786C280FD006DC4C2817D06828FC
:100B90000DD06A2814D104E0742810D07A280FD11F
:100BA0000DE044F400140AE044F4801401E044F43D
:100BB00040146978814202D104F580146D1C6D1CCB
:100BC0002A786E2A1FD00CDC632A31D004DC002A7C
:100BD0008BD0582A11D1A3E0642A68D0692A0CD19D
:100BE00065E0732A2ED004DC6F2A73D0702A04D1FA
:100BF0009BE0752A6FD0782A6ED01046DDE90F127F
:100C00009047761C50E1C4F30250022806D0032816
:100C100009D0042801CF09D0066045E101CFF117C2
:100C2000C0E9006140E101CF06803DE106703BE193
:100C300017F8040B8DF8000000208DF80100EB463A
:100C4000012003E057F804BB4FF0FF3061074FF07D
:100C5000000102D40DE008F10101884649450FDA90
:100C60008045F8DB1BF808100029F4D108E008F1F2
:100C7000010188468142FADB1BF808100029F6D1F1
:100C8000DDE90F23AAEB08008146214600F036F982
:100C9000304400EB080604E0DDE90F121BF8010BFD
:100CA0009047B8F10108F7D221464846F7E00A21FB
:100CB000C4F302534FF0000B0891022B04D001CF74
:100CC000C117032B09D00AE0FF1D27F00707F7E83B
:100CD000020108E032E01FE020E000B2C117042B5F
:100CE00001D140B2C117031E71F1000307DA4FF0C2
:100CF000000CD0EB0C006CEB01012D2302E023056E
:100D000004D52B238DF82430012303E0E30701D021
:100D10002023F7E7984658E00A2110E010210EE062
:100D200010204FF0000B08900CE010214FF0000B4A
:100D300044F004044FF00809089103E008214FF043
:100D4000000B0891C4F30253022B04D001CF002101
:100D5000032B06D006E0FF1D27F00707F7E8020186
:100D600003E080B2042B00D1C0B24FF0000823078B
:100D70002BD5702A07D0DDF820C08CF0100C5CEA6F
:100D80000B0C05D00EE040238DF82430012308E041
:100D900050EA010306D030238DF824308DF8252049
:100DA00002239846DDF820C08CF0080C5CEA0B0C9E
:100DB0000BD150EA010301D1630706D530238DF82A
:100DC00024304FF00108A9F10109582A04D038A2B3
:100DD0000B9208AA0A920BE03AA2F9E75B46089A3E
:100DE000FEF75EFE0B9B9B5C0A9A521E0A921370E2
:100DF00050EA0102F2D10A98ADEB000000F1200B9D
:100E0000600702D524F4803401E04FF00109D94590
:100E100002DDA9EB0B0000E0002000EB0B014144D8
:100E20000890AAEB010AE00306D4DDE90F2321466E
:100E3000504600F063F806444FF0000908E009A9A5
:100E400011F80900DDE90F12904709F10109761C3C
:100E5000C145F4DBE0030CD5DDE90F232146504604
:100E600000F04CF8064404E0DDE90F123020904712
:100E7000761C0899481E08900029F5DC08E00A98BD
:100E80000A990078491C0A91DDE90F129047761CF7
:100E9000BBF10001ABF1010BF1DC21465046DDE96D
:100EA0000F2300F019F806446D1C1BE60928010009
:100EB00030313233343536373839616263646566D0
:100EC0000000000030313233343536373839414292
:100ED00043444546000000002DE9F041044600254A
:100EE0001E461746880404D405E039462020B04742
:100EF0006D1C641EF9D52846BDE8F0812DE9F0414E
:100F0000044600251E469046C80301D5302700E060
:100F10002027880404D505E041463846B0476D1CBB
:100F2000641EF9D52846BDE8F0810A68531C0B60A1
:100F3000107070472DE9F04D894BCE0F21F000471E
:100F400084B005460C469F4230D38648874211D371
:100F5000C7F31300284305D004B02846BDE8F04D80
:100F6000FFF77EBD002E1ABF00200146284604B0C0
:100F7000BDE8F08D7C4A2846FFF70EF907D2022023
:100F8000FFF794FD04B0BDE8F04DFFF772BD774A5E
:100F9000774B28462146FFF7E7F807D20220FFF7F4
:100FA00085FD04B0BDE8F04DFFF76ABD7148B84259
:100FB00048D27148874215D27048784400EBC60089
:100FC0002146D0E900232846FEF7CFFFCDE90001F6
:100FD0006B48784400EBC600D0E900ABC6F10100D5
:100FE000861B26E0674A684B28462146FEF7C3FF6A
:100FF000664A7A4402EBC603D3E90023FEF714FFE6
:10100000FFF793F80646FEF7C1FC07468846604A9C
:10101000604BFEF7B0FF2A462346FEF7A9FFCDE955
:1010200000015D4A5D4B38464146FEF7A4FF82460B
:101030008B46DDE9000152465B46FEF796FF05460A
:101040000C4618E05648874214D2564A564B28465A
:101050002146FEF7E9FE554E00223346FFF79CF885
:1010600008D204B0334628462146BDE8F04D0022A0
:10107000FEF7DABE00262A46234610461946FEF73A
:101080007AFF804602464A480F460B4605217844BF
:10109000FFF788FC42463B46FEF76DFF2A46234693
:1010A000FEF766FF07468846E6B302460B46002079
:1010B0004FF08041FEF759FFCDE902013A46434621
:1010C00028462146FEF757FFDDE90223FEF7E1FB44
:1010D00052465B46FEF74CFFDDE90023FEF745FF75
:1010E0000022324BFEF744FF6FF47F729642A2BF9C
:1010F00001EB065104B0BDE8F08D4FF07A5202EBDF
:10110000065211442B4AFEF7A8FF04460D46FFF78E
:1011100031FC042808BFFFF7B3FC204604B0294681
:10112000BDE8F08DFFE700224FF08043FEF71DFF82
:1011300082460E463A46434628462146FEF71BFFA6
:1011400052463346FEF7A5FB2A462346FEF70DFF1F
:1011500004B00022BDE8F04D144BFEF709BF0000BB
:10116000422E86400000F07FEF39FAFE51302DD537
:10117000104987C0422ED63FB2A2F03F8A1300002A
:1011800082130000FE822B654715F73F42130000D3
:101190000000E0FE422EE63F763C7935EF39EA3D2D
:1011A0000000303E9C7500883CE4377E0000F03F34
:1011B000D612000018FCFFFF10B5002821D0114BFB
:1011C0000022001F196803E0814203D80A464968DB
:1011D0000029F9D152B11368841A9C4204D10068E5
:1011E00018441060104602E0506000E0186039B109
:1011F00002680B1A934203D10B681A4402604968D3
:10120000416010BDEC0700602DE9F04DC84A002494
:1012100090B0914205DA21F00043934201D805D104
:1012200020B110B0BDE8F04DFFF71ABCB1F5801F3A
:101230001BDA53EA000209D0002911DA0120FFF776
:1012400035FC10B0BDE8F04DFFF70DBC0220FFF7F4
:101250002DFCFFF7FDFB10B081F00041BDE8F08DE3
:101260006FF035043622FEF7F8FE04EB2152C1F38D
:101270001308B049A2F2FF33414401F4801282F016
:101280007F6103EB225281F04051009241EA080154
:101290000022A94BFEF769FE044608F10200A74EA2
:1012A000C0F313000D467E44032867D2D6E900231D
:1012B0002046FEF759FF1ED10098002802BFD6E94C
:1012C000000110B0BDE8F08DFEF760FB07460C464C
:1012D0009B4A9C4BFEF74FFE06460D469A4A9B4B97
:1012E00038462146FEF747FE10B032462B46BDE891
:1012F000F04DFEF799BD4FF05532954B20462946EB
:10130000FEF739FE0022934BFEF732FE06460F46EB
:1013100022462B4610461946FEF72DFE32463B4626
:10132000FEF729FE064600980F46F0B1FEF72EFBA9
:1013300080468A46824A834BFEF71DFE32463B4674
:10134000FEF716FE22462B46FEF70FFE05460C461C
:101350007D4A7E4B40465146FEF70DFE10B02A46B0
:101360002346BDE8F04DFEF700BE0B4610B03246F6
:1013700020462946BDE8F04DFEF7F7BD00224FF0AC
:1013800080432046FEF750FD02460B462046294684
:10139000FEF77FFA06460F460098FEF7F7FACDE90A
:1013A000040132463B4610463946FEF7E4FD0C90F8
:1013B00069480C9A4044019009910B461046FEF78B
:1013C000DAFD8246024665488B46C8F151080B4655
:1013D00008F5D72803217844FFF7E4FA52465B4624
:1013E000FEF7C9FD0A905E480D9152465B46042106
:1013F0007844FFF7D7FA099B0C9AFEF7BCFD8446A8
:1014000001980D9B40EA080860460A9AFEF70CFD19
:1014100083460891B8F1000F4EDD4FF0FF322046B1
:101420002946FEF71AFE22462B46FEF7A4FD80460B
:1014300000988A4660B3DDE90401414A414BFEF75A
:101440009AFD099100905A4640465146089BFEF786
:10145000EBFC32463B46FEF78EFD099B009AFEF7F9
:10146000E3FC42465346FEF783FD22462B46FEF739
:101470007CFD04460D46DDE90401334A334BFEF79B
:101480007AFD10B022462B46BDE8F04DFEF76DBD4B
:101490005A464046089BFEF7C7FC32463B46FEF7DD
:1014A0006AFD42465346FEF763FD10B022462B46C6
:1014B000BDE8F04DFEF75CBD009840B3DDE90401E6
:1014C0001F4A204BFEF757FD80468A465A46204663
:1014D0002946089BFEF749FD32463B46FEF74BFD89
:1014E00042465346FEF741FD22462B46FEF73DFDA0
:1014F00004460D46DDE90401134A144BFEF73BFD9B
:1015000010B022462B46BDE8F04DFEF72EBD0B462F
:101510005A4620462946FEF728FD32463B46FEF74E
:101520002AFD10B022462B46BDE8F04DFEF720BD47
:101530000000F07F645F09000000F03F1E11000012
:10154000763C7935EF39EA3D0000E0FE422EE63F79
:101550005555D53F0000E03F86EBF9FFB60F000080
:10156000B40F0000F0B50B30154D20F0070100243A
:10157000144A0FE003688B420BD38B4205D95E1AE5
:1015800043184768C3E9006700E04368136002C07E
:1015900004E0021D10680028ECD12046002802D18A
:1015A000286808B10020F0BD064A07481060074AC5
:1015B000121A22F00702C0E9002401202860D7E7B0
:1015C000F0070060EC070060A4CF0760A0D10760BF
:1015D0002DE9F04106460F46FEF756FD041E0D4666
:1015E00018BF0120284320F00040C0F17F6000F1C7
:1015F000E040C00F0ED0301C18BF0120384320F04F
:101600000040C0F17F6000F1E040C00F04BF012046
:10161000FFF74CFA20462946BDE8F08100B583B0BB
:101620000A460021CDE9001101466846FEF735FB68
:10163000DDE9000103B000BD00030306010406025A
:10164000050003051F1C1F1E1F1E1F1F1E1F1E1F20
:10165000FFFFFFFFFFFFADDE1223638253631F1CFA
:101660001F1E1F1E1F1F1E1F1E1F1F1D1F1E1F1E92
:101670001F1F1E1F1E1F4142434445464748494AFB
:101680004B4C4D4E4F505152535455565758595A32
:101690006162636465666768696A6B6C6D6E6F70C2
:1016A0007172737475767778797A30313233343574
:1016B000363738392B2F00000102404080100804D3
:1016C0001005020C10101008083031323334353652
:1016D0003738390000000000000000000000000062
:1016E00000F80000000000330000000008060806B3
:1016F000000000000000004040F840F840043F05B2
:101700003F05047088FC0830001820FF211E00F0FF
:101710009860E0380000310E1F330C00F088700034
:10172000001E2126192720100E00000000000000D6
:10173000000000000000F00C020000000F3040002C
:101740000618E000000060180700004080F08040AC
:101750000002010F0102000000F000000001011F63
:101760000101000000000000008070000000000087
:101770000000000000010101010100000000000064
:1017800000003000000000000080700C00601C03AE
:10179000000000F0080818E0001F2020300F0000B3
:1017A00010F800000000203F20000070080808F03A
:1017B00000302C222130003008888870001820204A
:1017C000311E00008060F000000605243F2404F86C
:1017D0000888880800192120311F00E01888980027
:1017E000000F3120201F00380808E8180000003FD3
:1017F0000000007088088870001E2121211E00F062
:10180000080818E000013222310F000000C000007B
:10181000000000300000000000800000000000E038
:101820000000000000806010080001020C10204041
:10183000404040400004040404040000083040809C
:1018400000002018040201700808887000000037AA
:10185000010000F0108878F0001F2027340F0000EE
:101860008078E00000203F02033E2008F88888705E
:1018700000203F20201F00F010080818001F202023
:1018800020100008F80810E000203F20100F00088A
:10189000F888E81800203F2023300008F888E8186E
:1018A00000203F20030000E010080818000F10205F
:1018B000221E0208F80000F808203F01013F20081E
:1018C00008F808080020203F202000000808F80839
:1018D00008C080807F000008F888601808203F203A
:1018E000073C2008F808000000203F20202030F8A6
:1018F000F800F8F8003F003F003F0008F8E008F863
:1019000008203F21063F00F0080818E0001F2020B3
:10191000300F0008F80808F000203F21010000F017
:10192000080818E0000F342C707F0008F8888870D1
:1019300000203F20033C2070880808180030202138
:10194000221C001808F808180000203F200000089A
:10195000F80000F808001F20201F0008F80080F899
:101960000800033C0F00007884F8C07800003F00B6
:101970003F0000087880780800203C033C200008E5
:10198000F88078080000203F2000001808887808B8
:1019900000203C232030000000FE02020000007FF7
:1019A0004040000038C00000000000011E60000040
:1019B0000202FE00000040407F000000040204001C
:1019C0000000000000000000000000000080808097
:1019D0008080800002040000000000000000000081
:1019E0000080808000003D26223F2008F800800013
:1019F00000001F21201F00000080808000001F21A8
:101A000020210000008088F800001F20203F2000D7
:101A10000080800000001F222223000080F08888C0
:101A20001800203F202000000080808080006B9400
:101A300094936008F800808000203F21003F200040
:101A4000809800000000203F2000000000809800E7
:101A500000C080807F000008F800808080203F2444
:101A60000639200808F800000020203F20200080D0
:101A700080808000003F003F003F00808000808029
:101A800000203F21003F20000080800000001F2038
:101A9000201F0080808080000080FFA0201F0000A9
:101AA0000080808000001F20A0FF80808000808058
:101AB00000203F21000100000080808000002324DE
:101AC0002439000080E080000000001F20200080FA
:101AD0008000808000003F20203F20808000008028
:101AE000800007381C0300804080008000033C0316
:101AF0003E030080800080800020330E3B20008069
:101B000080000080808087780C03000080808080C7
:101B10000000302C2330000000807E020000000016
:101B20003F40001C221CC040400000003F0202F861
:101B3000F0E0C080000F07030100001C221C804061
:101B4000400000001F2020000000FF0000000000F7
:101B5000FF000000C1814001C0804101C080410000
:101B6000C1814001C0804100C1814000C18140016C
:101B7000C0804101C0804100C1814000C18140015D
:101B8000C0804100C1814001C0804101C08041004E
:101B9000C1814001C0804100C1814000C18140013C
:101BA000C0804100C1814001C0804101C08041002E
:101BB000C1814000C1814001C0804101C08041001D
:101BC000C1814001C0804100C1814000C18140010C
:101BD000C0804101C0804100C1814000C1814001FD
:101BE000C0804100C1814001C0804101C0804100EE
:101BF000C1814000C1814001C0804101C0804100DD
:101C0000C1814001C0804100C1814000C1814001CB
:101C1000C0804100C1814001C0804101C0804100BD
:101C2000C1814001C0804100C1814000C1814001AB
:101C3000C0804101C0804100C1814000C18140019C
:101C4000C0804100C1814001C0804101C08041008D
:101C5000C1814000C0C101C30302C2C60607C70557
:101C6000C5C404CC0C0DCD0FCFCE0E0ACACB0BC908
:101C70000908C8D81819D91BDBDA1A1EDEDF1FDDE8
:101C80001D1CDC14D4D515D71716D6D21213D311B8
:101C9000D1D010F03031F133F3F23236F6F737F5B8
:101CA0003534F43CFCFD3DFF3F3EFEFA3A3BFB3948
:101CB000F9F83828E8E929EB2B2AEAEE2E2FEF2D48
:101CC000EDEC2CE42425E527E7E62622E2E323E1F8
:101CD0002120E0A06061A163A3A26266A6A767A518
:101CE0006564A46CACAD6DAF6F6EAEAA6A6BAB6988
:101CF000A9A86878B8B979BB7B7ABABE7E7FBF7D68
:101D0000BDBC7CB47475B577B7B67672B2B373B137
:101D10007170B05090915193535292965657975577
:101D20009594549C5C5D9D5F9F9E5E5A9A9B5B99C7
:101D3000595898884849894B8B8A4A4E8E8F4F8DC7
:101D40004D4C8C4484854587474686824243834177
:101D500081804038293D5366717065554333261C98
:101D60001541000400020001800040002000100026
:101D70000800040002000000008000400020001065
:101D800000080040002000100008000400020000CD
:101D9000FFFFFFFFFFFFFFFF4B0000004D000000B3
:101DA0004F000000550000006F00000024000000FC
:101DB0005100000075000000FFFFFFFFFFFFFFFF65
:101DC000FFFFFFFF4B0000004D0000004F00000030
:101DD000550000006F0000002400000051000000CA
:101DE000750000005700000068000000FFFFFFFFC3
:101DF000FFFFFFFFFFFFFFFF4B0000004D00000053
:101E00004F0000005500000075000000FFFFFFFFBD
:101E1000FFFFFFFF1C000000FFFFFFFF4B00000063
:101E20004D0000004F000000550000006F00000052
:101E30002400000054000000FFFFFFFFFFFFFFFF32
:101E40001C000000FFFFFFFF4B0000004D000000E2
:101E50004F000000550000006F000000240000004B
:101E600054000000FFFFFFFFFFFFFFFF4B000000DB
:101E70004D0000004F000000550000006F00000002
:101E80002400000051000000540000005700000032
:101E900068000000FFFFFFFF1C00000004000000BE
:101EA0002E000000FFFFFFFF4B0000004D00000070
:101EB0004F00000070000000790000007800000072
:101EC000460000002C0000000C0000006200000032
:101ED0008B00000061000000600000004C0000006A
:101EE0003E0000006B0000000B00000049000000F5
:101EF0001E0000009B0000003800000039000000B8
:101F0000FFFFFFFF1C0000003A000000400000003F
:101F10003F000000FFFFFFFFE8030000E9030000AF
:101F2000EA030000FFFFFFFFFFFFFFFFFFFFFFFFD0
:101F30004B0000004D0000004F0000005500000065
:101F400024000000FFFFFFFFFFFFFFFF7B000000FA
:101F5000FFFFFFFF4B0000004D0000004F0000009E
:101F60005500000020000000AE0000003600000018
:101F7000580000006F0000006700000051000000E2
:101F800026000000FFFFFFFF4B0000004D00000097
:101F90004F00000055000000FFFFFFFFFFFFFFFFA5
:101FA0004B0000004D0000004F00000055000000F5
:101FB0006F00000024000000510000004A000000F3
:101FC000FFFFFFFF1C0000006E000000FFFFFFFF8F
:101FD000632E00007F5300001027000050460000D1
:101FE0001027000050460000102700005046000057
:101FF0001027000050460000C063FFFFF0490200B8
:10200000C063FFFFB09B0400C063FFFFC0D40100AA
:10201000C063FFFFC0C80300C063FFFFC0D401005E
:10202000C063FFFFC0C80300C063FFFFC0D401004E
:10203000C063FFFFC0C80300C0F2FCFFE0930400D0
:10204000C0F2FCFFE0930400A4034C03CC02340272
:102050009C011C01C00080005400380028001C00B6
:10206000140010000C0008000400DC03C4039C03EF
:102070005E030A03AA023C02CE016C011A01D600DB
:10208000A400800064004C003E003000A4035C0308
:10209000F8028002FC0180011801C8008C00640075
:1020A0004800340024001C00140010000C00D00371
:1020B000B4038A034A03FC029E023602D20178016D
:1020C0002801EA00B400900072005A004C003C0065
:1020D0006D007A00A400CE00F700200148017001D5
:1020E0009701BE01E5010B02320258027E02A402F2
:1020F000B602CD0119026102AB02F6023D03840370
:10210000CB03130459049F04E8042F057005B80598
:10211000FC0541068406CB060D0750079407D60739
:102120001C085C08A108E40828096709AA09EC0949
:102130002F0A700AB10AF40A320B760BB50BF20BB8
:10214000360C740CB20CF30C360D710DB00DEE0D97
:102150002D0E6D0EA80EE50E900E300D300BD00832
:1021600070067C2DC01E00025001E000A00070002F
:1021700050004000300020001000870F270F880E0D
:10218000940D260CBB0AFF084807B80574046203C7
:102190009402040289013801FA00CB00900E700D00
:1021A000E00B000AF00700066004200330029001F3
:1021B0002001D000900070005000400030005C0F03
:1021C000E80E380E420D030C8C0AF1085907E80599
:1021D000AC04B603E2024102C8016D013201F8000D
:1021E0003E01EC0196023C03E10385042605C5058A
:1021F0006206FD0696073208C6085E09EC097E0AEB
:10220000040B0000000000000000000000000000BF
:1022100000000000000000000000000000000000BE
:1022200000000000000000000000000000000000AE
:10223000000000000000000000000000000000009E
:10224000000000000000000000000000000000008E
:10225000000000000000000000000000000000007E
:10226000000000000000000000000000000000006E
:10227000000000000000000000000000000000005E
:10228000000000000000000000000000000000004E
:10229000000000000000000000000000000000003E
:1022A000000000000000000000000000000000002E
:1022B000000000000000000000000000000000001E
:1022C0000000010101010101010101010101010100
:1022D00001010101010101010101010101010101EE
:1022E00001010202020202020202020202020202D0
:1022F00002020303030303030303040404040505A8
:1023000005050000000000001F0000001C00000088
:102310001F0000001E0000001F0000001E00000043
:102320001F0000001F0000001E0000001F00000032
:102330001E0000001F000000000000000000E03F41
:10234000000000000000E0BF0000E0FE422EE63F7B
:102350000000E0FE422EE6BF763C7935EF39EA3DDB
:10236000763C7935EF39EABD3E5555555555C53F53
:1023700093BDBE166CC166BF2CDE25AF6A56113FF9
:10238000F16BD2C541BDBBBED0A4BE726937663EFB
:1023900004FA97999999D93FAF788E1DC571CC3FB2
:1023A0009FC678D0099AC33F935555555555E53F7B
:1023B000599322942449D23FDE03CB966446C73F0B
:1023C00044523EDF12F1C23F000000000000000056
:1023D0000040404040404040404041414141414038
:1023E00040404040404040404040404040404040ED
:1023F000400502020202020202020202020202027C
:102400000220202020202020202020020202020280
:1024100002029090909090901010101010101010D8
:1024200010101010101010101010101002020202E4
:102430000202888888888888080808080808080828
:102440000808080808080808080808080202020224
:1024500040000000D1230408486F73743A20647967
:102460006E7570646174652E6E6F2D69702E636F6A
:102470006D0D0A557365722D4167656E743A206D56
:1024800079636C69656E742F312E30206D65406EF6
:10249000756C6C2E6E65740D0A0D0A00486F7374AE
:1024A0003A206D656D626572732E333332322E6F52
:1024B00072670D0A417574686F72697A6174696F29
:1024C0006E3A2042617369632025730D0A55736566
:1024D000722D4167656E743A206D79636C69656E23
:1024E000742F312E30206D65406E756C6C2E6E65CC
:1024F000740D0A0D0A000000486F73743A206D6570
:102500006D626572732E64796E646E732E6F72677E
:102510000D0A417574686F72697A6174696F6E3AF9
:102520002042617369632025730D0A557365722D0E
:102530004167656E743A206D79636C69656E742FBE
:10254000312E30206D65406E756C6C2E6E65740D8D
:102550000A0D0A00474554202F6E69632F75706479
:102560006174653F73797374656D3D64796E646EF3
:102570007326686F73746E616D653D2573266D7982
:1025800069703D25752E25752E25752E25752677A6
:10259000696C64636172643D4F4646266D783D4EBA
:1025A0004F434847266261636B6D783D4E4F266FFF
:1025B00066666C696E653D4E4F20485454502F310D
:1025C0002E300D0A00000000474554202F64796E1C
:1025D000646E732F7570646174653F73797374658D
:1025E0006D3D64796E646E7326686F73746E616D91
:1025F000653D2573266D7969703D25752E25752EEF
:1026000025752E25752677696C64636172643D4F6C
:102610004646266D783D4E4F434847266261636BC0
:102620006D783D4E4F266F66666C696E653D4E4F08
:1026300020485454502F312E300D0A004745542065
:102640002F646E733F757365726E616D653D2573A2
:102650002670617373776F72643D257326686F739C
:10266000746E616D653D25732669703D25752E2557
:10267000752E25752E257520485454502F312E3037
:102680000D0A0000A426040800000060F8070000FE
:10269000D408040860280408F8070060A8C90700E7
:1026A0009E0A04081184A24A04680D01020304066C
:1026B0000708090204060810691401581AAA010340
:1026C0006AF8EF029B010A2B019D3A01CC700E546F
:1026D000656D636F436F6E74726F6C733914B009FC
:1026E0002050726F647563741AFF0101FF1152016B
:1026F0000262FF0A24FF64499001A60976AC120326
:10270000CBB80B8900271802030405060708090A3D
:102710000B0C0D0E0F101112131415161718192388
:102720002526271A1B1C1D1E1F2021222414A1F759
:102730000372081E4594030849041EAB8D03084F1D
:1027400008180A6F8F030821920308710C011C1EE0
:10275000134C030819041A07041AA3041AC90441E4
:102760004BED4B081A2B107C2B4A014472031E0FB1
:1027700062030815041A03041ADF044B0563304B87
:10278000E961081A5714B9EB69381A4F3819041A55
:1027900003041E355003085B0439380A144EA86A36
:1027A00002A81A54A819041A07041EE1530308D1F9
:1027B000081E8D560308BD0C419ECD57030859A82D
:1027C0006A05B01D65030809041EF76403081B08A9
:1027D0001A7D041E79660308DD10011472041E1FA1
:1027E00068030825041A13041AD9041AFF04410BBC
:1027F00014F9673872061EADAB0308B3041AA104BE
:102800001ABB041ADF04410B14F3AD3872111E3BDE
:10281000AE030845041A2F041A49041A6D04415ADC
:102820001508011072801EA7BB0308AD041A9B0493
:10283000411AE5085E83BC03089110011072131E53
:1028400089BD030887041A8F0441580A69BE03082A
:10285000E1BF03085D100111026A040A2901180092
:04000005080081313D
:00000001FF
