:020000040800F2
:108000000020002039A50008158200081B82000806
:10801000478200084F8200085782000800000000D5
:108020000000000000000000000000004D8100087A
:1080300065820008000000009181000895D50008C5
:10804000B3A50008B3A50008B3A50008B3A50008B0
:10805000B3A50008B3A50008B3A50008B3A50008A0
:10806000B3A50008B3A50008B3A50008B3A5000890
:10807000B3A50008B3A50008B3A50008B3A5000880
:10808000B3A50008B3A50008B3A50008B3A5000870
:10809000B3A50008B3A50008B3A50008B3A5000860
:1080A000B3A50008B3A50008B3A50008B3A5000850
:1080B000B3A50008A9B00008B3A50008B3A500083F
:1080C000B3A50008B3A50008B3A50008B3A5000830
:1080D000B3A5000819A90208B3A802088DA80208D0
:1080E000B3A50008B3A50008B3A50008B3A5000810
:1080F000B3A50008B3A50008B3A50008B3A5000800
:10810000B3A50008B3A50008B3A50008B3A50008EF
:10811000472C0308B3A500081BB10008B3A500084D
:10812000B3A50008B3A50008B3A50008B3A50008CF
:10813000DFF80CD038F036F8004800475FC202087C
:108140000020002080F3088870470000224B196847
:108150000868B0E8F00F80F30988BFF36F8F4FF025
:10816000000080F311884EF00D0E704700000000F3
:1081700006480068006880F3088862B661B6BFF3FD
:108180004F8FBFF36F8F00DF00BF00BF08ED00E02F
:10819000EFF30980BFF36F8F0F4B1A6820E9F00FE0
:1081A000106008B54FF0BF0080F31188BFF34F8F08
:1081B000BFF36F8F04F01CFA4FF0000080F31188BA
:1081C000BDE8084019680868B0E8F00F80F3098836
:1081D000BFF36F8F704700BF44000060EFF305806E
:1081E00070470000014800687047000030000060E0
:1081F000A0F16101192900D82038704770470000AC
:1082000054656D636F4D696E695F61726D0000A2A8
:108210001800000018A038F077BB1A4F1A4D1B4CFD
:108220004FF4E1380126404605F060FAC7F888614E
:108230002978E8202AF001FB238BE28A297814A010
:1082400038F062FBEFE718A038F05EFBFBE719A0FF
:1082500038F05AFBFBE71AA038F056FBFBE71CA0EE
:1082600038F052BB1CA038F04FBB1DA038F04CBBFF
:108270001DA038F049BB00004E4D49206661756C69
:108280007400000000002242DF0300607C5B046099
:1082900068617264206661756C742025752025758F
:1082A000202575200D0A00004D656D204661756C16
:1082B00074200000427573204661756C74200000C4
:1082C0005573616765204661756C7420000000007D
:1082D000535643200000000044656275672000008B
:1082E00050656E20000000005379735469636B2061
:1082F000000000000CB50022019200925248016873
:1083000041F4803101604FF4A063016801F4003151
:1083100000910199491C0191009911B90199994263
:10832000F3D10168890302D50121009100E0009298
:108330000099012930D145490A6842F010020A60CB
:108340000A6822F003020A600A6842F002020A6028
:108350004168416041684160416841F48061416029
:10836000416821F47C114160416841F4E8114160A9
:10837000016841F08071016001688901FCD54168A4
:1083800021F003014160416841F002014160416810
:10839000C1F381010229FAD10CBDABE710B52A481F
:1083A000016841F0010101604168294A11404160C2
:1083B0000168284A11400160016821F480210160B0
:1083C000416821F4FE0141604FF41F018160FFF715
:1083D000E4FF21494FF00060086010BD10B51A4A53
:1083E000506800F00C011D4B1D4800290ED00429D7
:1083F0000ED008290ED003605168194AC1F3031149
:10840000121D515C0268CA40026010BD0360F3E7B0
:108410000360F1E7516801F47011536803F480338D
:10842000022404EB914133B153689B0307D50D4BF4
:1084300059430160E0E70B4B59430160DCE7074B10
:1084400059430160D8E700000010024000200240BC
:108450000000FFF8FFFFF6FE08ED00E000127A00D2
:108460000000006000093D002A4908432A490860CD
:10847000704770B50F23C27801260178002A1ED0FC
:10848000254A126802F4E062C2F5E062120AC2F103
:108490000404D3404578A54082781A402A4312014B
:1084A00001F1E02181F80024007800F01F018E40E6
:1084B0004009800000F1E020C0F8006170BD01F0CB
:1084C0001F0086404809800000F1E020C0F880616C
:1084D00070BD124A114001430F48001F01607047F0
:1084E0000D4A121D002903D0116801431160704725
:1084F00011688143116070474FF0E021042804D0D7
:10850000086920F0040008617047086940F0040021
:10851000086170470000FA050CED00E080FFFF1FC6
:1085200010B5DD4988420AD144150121204600F0EA
:1085300056FD2046BDE81040002100F050BDD7494F
:1085400088420AD104150121204600F048FD20464A
:10855000BDE81040002100F042BDD14988420AD157
:108560000121CC03204600F03AFD2046BDE8104032
:10857000002100F034BD10BD10B54268C94B1A404F
:108580000C790B6842EA0422134343608268C64BAD
:108590001A40D1F80A30D1F8064023434C7942EA18
:1085A000440213438360C26A22F47002897B491E2D
:1085B000C9B242EA0151C16210BD002101600171DE
:1085C0004171C0F80610C0F80A100121817370478C
:1085D000002904D0816841F0010181607047816801
:1085E00021F0010181607047002904D0816841F4C5
:1085F000807181607047816821F48071816070476B
:10860000C9B2002A03D042680A43426070474268F8
:108610008A4342607047816841F008018160704779
:10862000014600208968090700D50120704781684C
:1086300041F00401816070470146002089684907C4
:1086400000D501207047002904D0816841F4A001C1
:1086500081607047816821F4A00181607047014604
:1086600000208968490200D501207047426822F441
:108670006042491E42EA413141607047002904D0FE
:10868000416841F4006141607047416821F4006134
:108690004160704770B5072609290AD9C568A1F15C
:1086A0000A0404EB4404A640B543A3401D43C5603F
:1086B00007E0056901EB4104A640B543A3401D4313
:1086C00005611F23072A09D2446B521E02EB820266
:1086D00093409C4391400C43446370BD0D2A09D2E2
:1086E000046BD21F02EB820293409C4391400C43E7
:1086F000046370BDC46A0D3A02EB820293409C434E
:1087000091400C43C46270BD002904D0816841F4DB
:10871000801181607047816821F480118160704709
:10872000C06C80B270475C484C30006870470029CC
:1087300004D0416841F4806141607047416821F490
:10874000806141607047002904D0416841F4805144
:1087500041607047416821F48051416070478268F0
:1087600022F4E0420A4382607047002904D0816805
:1087700041F4004181607047816821F400418160CB
:108780007047002904D0816841F40211816070476C
:10879000816821F4021181607047014600208968D8
:1087A000890200D50120704770B5072609290AD92A
:1087B000C568A1F10A0404EB4404A640B543A340F4
:1087C0001D43C56007E0056901EB4104A640B543C0
:1087D000A3401D430561836BC3F30154121B921C1C
:1087E00002EB82021F249440A34391400B43836316
:1087F00070BD826B22F44012491E42EA015181632E
:10880000704708B5009000980844009000980260F6
:1088100008BD08B5009000980844283000900098E2
:10882000006880B208BD4268204B1A400A4342608B
:108830007047416282627047426822F01F020A4319
:108840004260704714490831002804D0086840F499
:10885000000008607047086820F400000860704756
:108860000246002012680A4200D001207047C94326
:108870000160704710B5024600200B0A5468C9B267
:108880000C401168194202D0002C00D0012010BD0C
:10889000090AC943016070470024014000280140D3
:1088A000003C0140FFFEF0FFFDF7F1FFFFFD3FFF41
:1088B00001684FF6FE7211400160002101604160C5
:1088C0008160C1607249724A0839904204D1486897
:1088D00040F00F00486070476D4A1432904204D156
:1088E000486840F0F00048607047694A283290427A
:1088F00004D1486840F4706048607047644A3C3274
:10890000904204D1486840F4704048607047604A23
:108910005032904204D1486840F47020486070475B
:108920005B4A6432904204D1486840F47000486069
:108930007047574A7832904204D1486840F07060DE
:1089400048607047534A111F904204D1086840F0B4
:108950000F00086070474F4A1432904204D10868F3
:1089600040F0F000086070474A4A2832904204D133
:10897000086840F4706008607047464A3C32904294
:1089800004D1086840F4704008607047414A503292
:108990009042FAD1086840F470200860704730B502
:1089A000026847F6F0739A438B680C6A4D6923435B
:1089B0000C692C4323438C692343CC6923434C6AC1
:1089C00023438C6A234313430360CA6842600A68E6
:1089D00082604968C16030BD0021016041608160F2
:1089E000C160016141618161C16101624162816275
:1089F0007047002904D0016841F00101016070470F
:108A000001684FF6FE72114001607047002A03D0E2
:108A100002680A430260704702688A430260704736
:108A200041607047406880B2704702460020D10024
:108A300003D518490839096802E015490839096859
:108A4000114200D001207047C10003D51149091F10
:108A5000086070470E490839486070470246002098
:108A6000D10003D50B490839096802E008490839E3
:108A70000968114200D001207047C10003D50549A3
:108A8000091F0860704702490839486070470000B4
:108A9000080002400804024010B59C49884209D1F0
:108AA0000121042000F09BFA0021BDE810400420C1
:108AB00000F095BA9649884209D10121082000F0BA
:108AC0008EFA0021BDE81040082000F088BA9149D4
:108AD000884209D10121102000F081FA0021BDE86F
:108AE0001040102000F07BBA8B49884209D1012147
:108AF000202000F074FA0021BDE81040202000F092
:108B00006EBA8649884209D10121402000F067FAF7
:108B10000021BDE81040402000F061BA8049884241
:108B200009D10121802000F05AFA0021BDE810404F
:108B3000802000F054BA7B4988420AD18415012173
:108B4000204600F04CFA2046BDE81040002100F01D
:108B500046BA10BD10B50121084600F040FA0021C8
:108B6000BDE81040012000F03ABA2DE9F0410022A2
:108B7000CC7804F00F03E40601D58C7823430C78FD
:108B80004FF00F0714F0FF0F4FF0010C1CD00568D9
:108B90000CFA02F40E882640A64211D1960007FA7C
:108BA00006F825EA080503FA06F848EA0505CE782E
:108BB000282E02D0482E02D002E0446100E0046179
:108BC000521C082AE4D305600A88FF2A1ED945688A
:108BD000002202F108060CFA06F40E882640A6428E
:108BE00010D1960007FA06F825EA080503FA06F8F8
:108BF00048EA0505CE78282E00D14461CE78482E6B
:108C000000D10461521C082AE3D34560BDE8F0811D
:108C10004FF6FF710180022181700421C1707047FD
:108C20000246002092680A4200D001207047806806
:108C300080B2704702460020D2680A4200D001206C
:108C40007047C06880B270470161704741617047EA
:108C5000002A01D00161704741617047C1607047CF
:108C600041F48032826181618261816980697047EB
:108C700010B52D4B1A684FF68074224042EA00105E
:108C80000843186010BD2949C8617047F0B5264CEB
:108C9000002801DAE36900E06368C0F30346420D8F
:108CA000120185B2C0F301579540032F07D0C202CD
:108CB0000CD50322B240934343F0706209E023F0E5
:108CC0007062636823F07063636002E0AB4343F05B
:108CD000706201B12A43002801DAE261F0BD6260EE
:108CE000F0BD10B58A07120F0F23934021F0030443
:108CF0000D4921448C689C438C608B6890400343F1
:108D00008B6010BD0949DC310860704700080140E4
:108D1000000C014000100140001401400018014007
:108D2000001C0140002001400000014000002042E2
:108D30000D49086070470C49486070470A498860CF
:108D4000704709494AF6AA200860704706494CF660
:108D5000CC400860704701460020034AD2680A42AE
:108D600000D001207047000000300040B448016886
:108D700041F0010101604168B24A1140416001685F
:108D8000B14A11400160016821F48021016041680D
:108D900021F4FE0141604FF41F0181607047A84932
:108DA0000A6822F480320A600A6822F480220A608B
:108DB000B0F5803F07D0B0F5802F03D1086840F4AC
:108DC000A02008607047086840F480300860704751
:108DD0000346002059099A4A01290AD002290AD0DB
:108DE000516A03F01F02012393400B4200D001207F
:108DF00070471168F5E7116AF3E718B50020009095
:108E00004FF4A0643120FFF7E3FF0099491C009163
:108E10000099A14201D00028F4D03120FFF7D8FFFB
:108E200008B1012018BD002018BD854A116821F045
:108E3000F80141EAC000106070478449086070473B
:108E40007F4B5A6822F47C120843104358607047E5
:108E50007E49086670477A4A516821F00301014350
:108E6000516070477648406800F00C007047744AC3
:108E7000516821F0F001014351607047704A516818
:108E800021F4E0610143516070476D4A516821F45B
:108E9000605141EAC00050607047694A002903D020
:108EA000517A014351727047517A81435172704730
:108EB0006649D83108607047614A516821F44041E1
:108EC0000143516070475E49002220310A7001F869
:108ED0002029012805D0042802D1052081F820008E
:108EE0007047012081F82000704759490860704799
:108EF00053490A6A02430A62704755494439086077
:108F0000704710B54E4A516801F00C01514B0029D1
:108F100027D0042927D0082927D00360516801F001
:108F2000F00109094C4B5C5C0168E1404160546808
:108F300004F4E064240A1C5D21FA04F4846054689B
:108F400004F46054E40A1B5DD940C160526802F425
:108F50004042920B404B1B1F9A5CB1FBF2F1016146
:108F600010BD0360DAE70360D8E7516801F47011BF
:108F7000536803F48033022404EB914133B1536806
:108F80009B0307D5354B59430160C7E7334B594322
:108F90000160C3E72F4B59430160BFE7284A00290E
:108FA00003D0516901435161704751698143516157
:108FB0007047234A002903D09169014391617047AA
:108FC00091698143916170471D4A002903D0D1699D
:108FD0000143D1617047D1698143D1617047184A1B
:108FE000002903D0D1680143D1607047D168814323
:108FF000D1607047124A002903D011690143116101
:109000007047116981431161704711494039086007
:1090100070470E49C86470470949C87170470848CD
:10902000416A41F080714162704701460020044A64
:1090300092680A4200D00120704701498872704747
:10904000001002400000FFF8FFFFF6FE0000424261
:109050008004424200127A001800006000093D00BE
:10906000434A002903D011880143118070471188B9
:109070008143118070473E48001D018841F0100176
:10908000018070473A48001D018821F010010180DD
:10909000704737481C30008835491831098840EA44
:1090A0000140704700B50246FFF7E5FF3049100C5C
:1090B00018310880081D02805DF804EBE2E700B576
:1090C0000246FFF7D8FF2A49C2F30340083108805F
:1090D000081D02805DF804EBD4E700B50246FFF7F7
:1090E000CAFF2349100C20310880081D02805DF85A
:1090F00004EBC7E71E48103000880007010B1C482E
:1091000014300088084370471948001D01888906FB
:10911000FCD570471648001D018821F00801018028
:1091200001880907FCD5704701460020104A121D2E
:1091300012880A4200D0012070470D49091D0A8893
:1091400082430A8070470A49091D0988C2B211404A
:10915000074A1288024202D009B10120704700205C
:1091600070470349091D0A8882430A80704700003E
:109170000028004010B5A94988420AD18414012171
:109180002046FFF72CFF2046BDE810400021FFF7E6
:1091900026BFA34988420AD1041401212046FFF7C3
:1091A00029FF2046BDE810400021FFF723BF9D495D
:1091B00088420AD1C41301212046FFF71BFF204635
:1091C000BDE810400021FFF715BF10BD30B5028883
:1091D00002F441530A884C88CD8822438C882C4362
:1091E00022430C8922434C8922438C892243CC8917
:1091F00022431A430280828B22F400628283098A0E
:10920000018230BDF0B585B005460C460220002134
:109210000126AA8B4FF240031A40AA8302222A8415
:10922000AF8BA268022A21D0A08800B1022668462E
:10923000FFF767FE0098E188B1F5007F2CD071013F
:10924000B0FBF1F000EB8000A1684000B0FBF1F052
:10925000401D80B20A21B0FBF1F000F00101401A7C
:10926000C0F34F004FF6FF7202EA0121821EFE2A70
:1092700001D302200021E288084302432A84208887
:109280006188A2890843A18811430843384340F408
:109290000060A88305B0F0BD000A00EB8000A16863
:1092A0004000B0FBF1F0401D80B2D3E70021018007
:1092B00041808180C180018141818181C1810721FB
:1092C000018270470021018041808180C18002229B
:1092D000826081817047002904D0018841F04001FB
:1092E00001807047018821F040010180704700290A
:1092F00004D0818B41F4806181837047818B21F49C
:10930000806181837047090901238B4099B2002A4B
:1093100003D082880A438280704782888A43828091
:109320007047002A03D082880A438280704782886F
:109330008A43828070478181704780897047A1F598
:109340007E42FF3A04D0018841F480710180704769
:10935000018821F4807101807047002904D0818840
:1093600041F0040181807047818821F004018180EF
:109370007047028822F40062028002880A43028059
:109380007047018841F4805101807047002904D062
:10939000018841F4005101807047018821F4005197
:1093A00001807047012901D0008B7047808A704787
:1093B000008A7047B1F5804F04D0018821F48041C4
:1093C00001807047018841F4804101807047024666
:1093D000002012890A4200D001207047C943018150
:1093E000704730B50246002001F00F03012505FA51
:1093F00003F4A3B2090905FA01F4A4B2918821404B
:1094000012891A4202D0002900D0012030BD01F09B
:109410000F0201219140C943018170470030014092
:1094200000380040003C004010B5FE4988420AD197
:10943000C41401212046FFF7D2FD2046BDE81040AC
:109440000021FFF7CCBDB0F1804F0CD0F649884227
:1094500013D101210220FFF7CDFD0021BDE810400E
:109460000220FFF7C7BD01210846FFF7C3FD002119
:10947000BDE810400120FFF7BDBDEC49884209D18D
:1094800001210420FFF7B6FD0021BDE810400420B3
:10949000FFF7B0BDE649884209D101210820FFF756
:1094A000A9FD0021BDE810400820FFF7A3BDE14958
:1094B000884209D101211020FFF79CFD0021BDE861
:1094C00010401020FFF796BDDB49884209D10121E9
:1094D0002020FFF78FFD0021BDE810402020FFF77E
:1094E00089BDD64988420AD1441401212046FFF79C
:1094F00076FD2046BDE810400021FFF770BDD04941
:1095000088420AD10121CC042046FFF768FD20469D
:10951000BDE810400021FFF762BDCA4988420AD168
:1095200001210C052046FFF75AFD2046BDE81040FA
:109530000021FFF754BDC44988420AD101214C05DE
:109540002046FFF74CFD2046BDE810400021FFF704
:1095500046BDBE49884209D101214020FFF74AFD9E
:109560000021BDE810404020FFF744BDB8498842C3
:1095700009D101218020FFF73DFD0021BDE8104009
:109580008020FFF737BDB34988420AD184150121F5
:109590002046FFF72FFD2046BDE810400021FFF7D1
:1095A00029BDAD4988420AD101210C042046FFF7AC
:1095B00016FD2046BDE810400021FFF710BDA74969
:1095C00088420AD101214C042046FFF708FD2046BD
:1095D000BDE810400021FFF702BDA14988420AD131
:1095E00001218C042046FFF7FAFC2046BDE810401C
:1095F0000021FFF7F4BC10BD30B50288894C8F4DB7
:10960000A0420DD0A8420BD0B0F1804F08D0864BBD
:10961000984205D0854B984202D0854B984203D1A1
:1096200022F070034A881A43824B984206D0824B3C
:10963000984203D022F44073CA881A4302808A8871
:1096400082850A880285A0420AD0A84208D0824AB0
:10965000904205D0814A904202D0814A904201D185
:10966000097A01860121818230BD30B5028C22F059
:1096700001020284028C8388048B24F0700424F09D
:1096800003050C882C4322F002020D8915434A88F9
:109690002A43644DA8420BD0684DA84208D06E4DB5
:1096A000A84205D06D4DA84202D06D4DA8420FD101
:1096B00022F008054A892A4322F004058A882A43B1
:1096C00023F4807323F400738D891D43CB892B43CE
:1096D00083800483C9888186028430BD70B5028C82
:1096E00022F010020284028C8388048B24F4E0446C
:1096F00024F440760D884FF6FF7404EA05253543BF
:1097000022F020020E8904EA061616434A8804EA6B
:1097100002123243434EB04202D0484EB04217D1FB
:1097200022F080024E8904EA0616164326F040060F
:109730008A8804EA0212324323F4806323F400632C
:109740008E8904EA86061E43CB8904EA83033343E9
:1097500083800583C9880187028470BD70B5028C3F
:1097600022F480720284028C8388848B24F070043B
:1097700024F003040D88254322F400720E894FF66D
:10978000FF7404EA062616434A8804EA022232439A
:10979000244EB04202D0294EB04217D122F40066C6
:1097A0004A8904EA0222324322F480668A8804EA63
:1097B0000222324323F4805323F400538E8904EAB7
:1097C00006161E43CB8904EA031333438380858343
:1097D000C9888187028470BD70B5028C22F48052E2
:1097E0000284058C8288838B23F4E04323F4407643
:1097F0000C884FF6FF7303EA0424344325F4005524
:109800000E8903EA06362E434D8803EA05353543B3
:10981000044EB04202D0094EB04226D122F4804616
:109820008A891FE0002C014000040040000800402D
:10983000000C0040001000400014004000340140C3
:10984000004C01400050014000540140001800400D
:10985000001C004000200040004001400044014046
:109860000048014003EA8212324382808483C9881F
:10987000A0F84010058470BD828B22F44062828380
:10988000828B4FF6FF7303EA01210A4382837047FC
:10989000F0B5048C24F480540484868B048C4FF639
:1098A000FF7505EA013726F4734605EA02223243C2
:1098B00005EA03331343F74A90420ED0F64A90422A
:1098C0000BD0B0F1804F08D0F44A904205D0F44A52
:1098D000904202D0F34A904205D124F4005139431A
:1098E00041F4805104E024F402420A4342F48051DE
:1098F00083830184F0BD828B22F00C028283828BF1
:109900000A4382837047F0B5048C24F48074048485
:10991000858B048C4FF6FF7707EA012625F0F305C7
:1099200007EA031313432B43DA4A90420ED0DA4A74
:1099300090420BD0B0F1804F08D0D84A904205D069
:10994000D74A904202D0D74A904205D124F4007100
:10995000314341F4807104E024F420620A4342F46C
:10996000807183830184F0BD028B22F44062028304
:10997000028B4FF6FF7303EA01210A43028370470B
:10998000F0B5048C24F010040484068B048C4FF68C
:10999000FF7505EA011726F4734605EA03333343DE
:1099A00005EA02221A43BB4B98420ED0BA4B9842AA
:1099B0000BD0B0F1804F08D0B84B984205D0B84BCF
:1099C000984202D0B74B984205D124F02001394388
:1099D00041F0100104E024F0A0030B4343F0100118
:1099E00002830184F0BD028B22F00C020283028B01
:1099F0000A430283704770B5048C24F00104048488
:109A0000058B048C25F0F3054FF6FF7606EA031369
:109A100013432B439F4A90420ED09F4A90420BD053
:109A2000B0F1804F08D09D4A904205D09C4A9042A8
:109A300002D09C4A904205D124F002020A4342F02F
:109A4000010104E024F00A020A4342F00101038309
:109A5000018470BD70B505460C468E48854209D01C
:109A60008D48854206D0B5F1804F03D08B488542A2
:109A700000D08B4820886188A288238958B10428A7
:109A800011D0082817D02846FFF702FFE1882846A2
:109A9000BDE87040F0E62846FFF7ADFFE1882846B4
:109AA000BDE870409FE72846FFF76AFFE188284637
:109AB000BDE8704058E72846FFF725FFE1882846B3
:109AC000BDE8704017E72DE9F04107460C46002538
:109AD00001266188002900D10225A288012A00D12F
:109AE00002262088238988B13846FFF749FFE1889C
:109AF0003846FFF739FF2389324629463846FFF7B3
:109B00007AFFE1883846BDE8F0416CE73846FFF758
:109B100072FFE1883846FFF766FF238932462946FF
:109B20003846FFF72DFFE1883846BDE8F0411BE7D6
:109B300010B50A884B88CC881A438B8823431A4374
:109B40000B891A434B8989891A430A43A0F8442098
:109B500010BD4FF6FF71818000210180C1804180DE
:109B6000017270470021018041808180C1800181A4
:109B700041818181C18170470021018041800122A2
:109B80008280C180018170470021018041808180F5
:109B9000C1800181418181817047002904D0018801
:109BA00041F0010101807047018821F0010101802D
:109BB0007047002905D030F8441F41F4004101806E
:109BC000704730F8441FC1F30E0101807047002A2E
:109BD00003D082890A438281704782898A438281C5
:109BE0007047818270471143A0F848107047002ADF
:109BF00003D082890A438281704782898A438281A5
:109C00007047018921F0070101817047028922F024
:109C100070020A430281704700B503461846FFF7F9
:109C2000F5FF188940F00700188100BD70B50D469A
:109C300004461146602D0CD001222046FFF7DBFEC2
:109C400029462046FFF7E2FF208940F007002081E7
:109C500070BD01222046FFF793FEF1E730B504897D
:109C6000E4B24FF6FF7505EA032313430B43234386
:109C7000038130BD10B504462046FFF7EFFF208971
:109C800020F0070040F0070020F0700040F0700066
:109C9000208110BD002C0140003401400004004030
:109CA00000080040000C004010B504462046FFF7B5
:109CB000D5FF208940F480402081EAE70185828237
:109CC0007047028822F070020A430280704770B524
:109CD0000589048B068C25F007050D434FF6FC41E2
:109CE0000C4040F201110C4326F022064FF6FF71A2
:109CF00001EA03111143314305810483018470BDDE
:109D0000028B22F070020A4302837047028B22F416
:109D1000E0424FF6FF7303EA0121114301837047CC
:109D2000828B22F070020A4382837047828B22F476
:109D3000E0424FF6FF7303EA01211143818370472C
:109D4000002904D0018841F080010180704701881A
:109D500021F0800101807047002904D0818841F002
:109D6000040181807047818821F00401818070475F
:109D7000002904D0818841F00801818070478188E2
:109D800021F0080181807047002904D0818841F0CA
:109D9000010181807047818821F001018180704735
:109DA000028B22F008020A4302837047028B22F4DE
:109DB00000624FF6FF7303EA0121114301837047EC
:109DC000828B22F008020A4382837047828B22F43E
:109DD00000624FF6FF7303EA01211143818370474C
:109DE000028B22F004020A4302837047028B22F4A2
:109DF00080624FF6FF7303EA01211143018370472C
:109E0000828B22F004020A4382837047828B22F401
:109E100080624FF6FF7303EA01211143818370478B
:109E2000028B22F080020A4302837047028BC2F346
:109E30000E024FF6FF7303EA0121114301837047BD
:109E4000828B22F080020A4382837047828BC2F3A6
:109E50000E024FF6FF7303EA01211143818370471D
:109E6000028C22F002020A4302847047028C22F024
:109E700008020A4302847047028C22F020024FF647
:109E8000FF7303EA0111114301847047028C22F031
:109E900080024FF6FF7303EA0111114301847047FA
:109EA000028C22F400724FF6FF7303EA0121114382
:109EB00001847047028C22F400624FF6FF7303EABC
:109EC0000121114301847047028C22F400524FF6A5
:109ED000FF7303EA013111430184704710B5012378
:109EE0008B40048C9C430484038C8A40134303847A
:109EF000CFE610B504238B40048C9C430484038C70
:109F00008A4013430384C4E630B500F118030124EA
:109F10008C40058CA5430584002911D008290FD059
:109F2000091FC1F34E001844016821F4E0410160AB
:109F300001684FF6FF7303EA02221143016030BD4E
:109F400003EB5100016821F07001016001681143C9
:109F5000016030BD002904D0018841F00201018078
:109F60007047018821F0020101807047002904D068
:109F7000018841F0040101807047018821F004014B
:109F800001807047002904D0818841F080018180E0
:109F90007047818821F0800181807047028822F01B
:109FA0000802028002880A4302807047828822F0F9
:109FB0007002828082880A4382807047028922F080
:109FC0000702028102890A4302817047028922F056
:109FD0008002028102890A430281704781847047AE
:109FE00081857047818670470187704781877047F8
:109FF000A0F840107047028822F440720280028864
:10A000000A4302807047808E7047008F7047808FB0
:10A010007047B0F840007047808C7047008D7047E3
:10A0200002460020128A0A4200D001207047C9432C
:10A030000182704702460020138A0B4092890A4031
:10A04000002B02D0002A00D001207047C9430182B2
:10A050007047000010B5E14988420AD101218C0304
:10A060002046FEF7BCFF2046BDE810400021FEF769
:10A07000B6BFDB4988420AD101214C042046FEF7D5
:10A08000B9FF2046BDE810400021FEF7B3BFD54917
:10A0900088420AD101218C042046FEF7ABFF2046FE
:10A0A000BDE810400021FEF7A5BFCF4988420AD184
:10A0B0000121CC042046FEF79DFF2046BDE810405C
:10A0C0000021FEF797BFC94988420AD101210C053A
:10A0D0002046FEF78FFF2046BDE810400021FEF726
:10A0E00089BF10BD30B585B004460D46208A4CF6B8
:10A0F000FF710840E98801432182A0894EF6F311DF
:10A100000840A9882A8911436A8902431143A18121
:10A11000A08A4FF6FF410840A9890143A182684601
:10A12000FEF7EFFEAD48844201D1039800E00298AB
:10A13000A189090408D500EBC00101EB00102968D2
:10A140004900B0FBF1F007E000EBC00101EB0010AB
:10A1500029688900B0FBF1F06422B0FBF2F109013B
:10A160000B096FF018056B4300EB8300A3891D04F6
:10A170004FF0320307D503EBC000B0FBF2F000F064
:10A180000700084306E003EB0010B0FBF2F000F01C
:10A190000F000843208105B030BD4FF41651016017
:10A1A00000218180C18001810C2242818181704720
:10A1B00010B5038A4FF2FF0213400A884C882243ED
:10A1C0008C88C9880C4322431A43028210BD0021A7
:10A1D000018041808180C1807047002904D081893D
:10A1E00041F4005181817047818921F400518181BE
:10A1F000704710B540F66A13C1F3421301F01F0413
:10A200000121A140012B07D0022B07D014303AB115
:10A2100002680A43026010BD0C30F8E71030F6E720
:10A2200002688A43026010BD002A03D0828A0A4372
:10A2300082827047828A8A4382827047028A22F031
:10A240000F020282028A0A4302827047828922F444
:10A250000062828182890A4382817047002904D08A
:10A26000818941F0020181817047818921F00201D9
:10A2700081817047028A22F020020282028A0A4308
:10A2800002827047002904D0018A41F48041018292
:10A290007047018A21F4804101827047C1F30801AF
:10A2A000818070478088C0F308007047818941F041
:10A2B000010181817047028BD2B20283028B42EA94
:10A2C000012101837047028B02F47F420283028BDB
:10A2D0000A4302837047002904D0818A41F020019B
:10A2E00081827047818A21F0200181827047002994
:10A2F00004D0818A41F0100181827047818A21F067
:10A30000100181827047002904D0818A41F0080140
:10A3100081827047818A21F008018182704700297B
:10A3200004D0818941F40041818170478189C1F362
:10A330000E0181817047002904D0818A41F40061B7
:10A3400081827047818A21F4006181827047828A0C
:10A3500022F004028282828A0A43828270470029A4
:10A3600004D0818A41F0020181827047818A21F004
:10A370000201818270470246002012880A4200D002
:10A38000012070478A05C9430180704770B50024D9
:10A3900040F66A12C1F3421301F01F05012606FAC6
:10A3A00005F2012B0CD0022B0DD0838A1340090A31
:10A3B0008E40008830400BB100B10124204670BDB2
:10A3C00083891340F3E7038A1340F0E740F66A12EB
:10A3D0000A0A01219140C9430180704700380140B9
:10A3E0000044004000480040004C00400050004045
:10A3F00010B50120FEF709FEBDE810400020FEF771
:10A4000004BE2049086070471E49091F0860704754
:10A410001C498431086070471B4A118821F460711F
:10A42000014311807047184A118821F07F010143D0
:10A430001180704708B5144A2C3A104400900098D7
:10A44000016008BD08B510492C39084400900098F7
:10A45000008808BD0B489C300068C0B270470A48AD
:10A460000830018841F00101018070470548A030A3
:10A470000068C0B2704704480830018841F002010A
:10A480000180704704860D422C6C004010B50121FC
:10A490000C072046FEF7AEFD2046BDE81040002127
:10A4A000FEF7A8BD2149086270472049086170473E
:10A4B0001F4A116821F0E0010143116070471B49F8
:10A4C000A031086070471A4B1A6822F00302024359
:10A4D0001A601848026842F004020260012905D09F
:10A4E00020BF016821F004010160704730BFF8E728
:10A4F0000F48016841F004010160016841F0020168
:10A5000001600C48016841F00401016030BF7047F0
:10A5100001460020064A52680A4200D001207047D6
:10A5200003490A6842EA80000860704700000E4252
:10A530000070004010ED00E04FF480701D4908608D
:10A540004FF4F0701C4908601C481D4908604FF02A
:10A55000BB301C4908601C481C4908604FF0BB30E8
:10A560001B4908601B481C4908601C481C490860BE
:10A5700018481C4908604FF044301B49086041F2FC
:10A5800001004FF0204108604FF440701749086007
:10A590006FF070401649086016488047164800471B
:10A5A000FEE7FEE7FEE7FEE7FEE7FEE7FEE7FEE783
:10A5B000FEE7FEE71410024018100240BB44BBB493
:10A5C0000014014004140140BB4444B4001801408D
:10A5D00004180140BBBBBB44001C01404444BBBB4E
:10A5E000041C01400020014004200140040000A0A0
:10A5F000040100A09D8300083181000838B54FF4A4
:10A600008074ADF8004048208DF803008B4D6946FA
:10A610002846FEF7AAFA21462846FEF715FB38BD64
:10A6200038B54FF48074ADF8004010208DF8030069
:10A6300003208DF80200814D69462846FEF795FA01
:10A6400021462846FEF700FB38BD7C4A4FF4004106
:10A65000002802D01046FEF7F7BA1046FEF7F6BA09
:10A66000764A4FF48071002802D01046FEF7ECBA0B
:10A670001046FEF7EBBA4FF480717048FEF7D0BA7F
:10A680004FF400416D48FEF7CBBA38B501212420C4
:10A69000FEF78FFC4FF40144ADF8004010208DF818
:10A6A000030003208DF80200644D69462846FEF73A
:10A6B0005CFA21462846FEF7C7FA38BD10B5FFF709
:10A6C000AFFF0120FFF7CCFF0120FFF7BEFF042002
:10A6D00003F0AAF90020FFF7C3FF042003F0A4F958
:10A6E000BDE810400020B0E710B5FFF799FF00204B
:10A6F000FFF7ABFF0020FFF7B3FF042003F094F94E
:10A700000120FFF7A2FF0120FFF7AAFFBDE81040DC
:10A71000042003F089B910B500240120FFF7A0FF41
:10A72000FFF76CFF012003F07FF90120FFF78DFF99
:10A73000012003F079F907E0641CE4B2FA2C03D994
:10A74000FFF7D2FF012010BDFFF795FF0028F3D1DE
:10A75000FFF77BFF002010BD10B50020FFF775FF4D
:10A76000FFF75EFF0020FFF77BFF022003F05CF99C
:10A770000120FFF76AFF022003F056F9BDE8104000
:10A78000002062E710B50020FFF75FFFFFF748FFEA
:10A790000120FFF765FF022003F046F90120FFF7D3
:10A7A00054FF022003F040F9BDE8104000204CE7C0
:10A7B00070B50546FFF734FF0020FFF746FF002481
:10A7C000E809FFF74DFF6806050E022003F02CF99B
:10A7D0000120FFF73AFF022003F026F90020FFF7DF
:10A7E00034FF022003F020F9641CE4B2082CE7D304
:10A7F00070BD70B506460024FFF700FF002500205D
:10A80000FFF723FF022003F00FF90120FFF71DFFE0
:10A810006006040EFFF72FFF08B1641CE4B20120AC
:10A8200003F002F96D1CEDB2082DE8D31EB1FFF75D
:10A8300093FF204670BDFFF7A5FFFAE7000801402F
:10A84000FFF723BF10B50446FFF738FF200AA02109
:10A8500001EB4000C0B2FFF7ABFFFFF75CFFE0B2D7
:10A86000FFF7A6FFFFF757FFFFF728FFA120FFF72D
:10A870009FFFFFF750FF0020FFF7BBFF0446FFF7E5
:10A8800033FF204610BD70B504460D46FFF716FF96
:10A89000200AA02101EB4000C0B2FFF789FFFFF7BB
:10A8A0003AFFE0B2FFF784FFFFF735FF2846FFF7D6
:10A8B0007FFFFFF730FFFFF717FFBDE8704005206F
:10A8C00003F0D2B82DE9F04106460D4617460024A4
:10A8D00009E0E00025FA00F0C1B2301980B2FFF7BC
:10A8E000D2FF641CE4B2BC42F3D3BDE8F0812DE991
:10A8F000F04102460E4600200024971908E00502A8
:10A90000381B401E80B2FFF79DFF2844641CE4B250
:10A91000B442F4D3E9E710B5FF20FFF793FF5528C1
:10A920000AD05521FF20FFF7AEFFFF20FFF78AFF77
:10A93000552803D0012010BD002010BD002010BDFF
:10A9400070B504460E46154608E02046641CA4B2C5
:10A95000FFF778FF06F8010B6D1EADB2002DF4D1A4
:10A9600070BD70B506460D46144606E0297830469F
:10A97000FFF789FF761CB6B26D1C641EA4B2F5D237
:10A9800070BD00000146FE48028822F038020280B5
:10A9900002880A4302800121FEF79DBC2DE9F041A7
:10A9A000074600244FF48055F54E06E0641CA4B21F
:10A9B000AC4202D30020BDE8F08102213046FEF710
:10A9C00006FD0028F2D039463046FEF7B4FC0024DC
:10A9D00005E0641CA4B2AC4201D30020EBE70121E6
:10A9E0003046FEF7F4FC0028F3D03046FEF7A5FC15
:10A9F000C0B2E0E72DE9F04F87B00446012141F2F3
:10AA00003400FEF7D6FAE020ADF818004FF0180831
:10AA10008DF81B8003268DF81A60DA4D06A92846AA
:10AA2000FEF7A3F8E0212846FEF70EF94FF00209E1
:10AA3000ADF818908DF81A604FF0100A8DF81BA031
:10AA400006A9D148FEF791F8D04D95F823000228C9
:10AA500001D006280AD10820ADF818008DF81A6038
:10AA60008DF81BA006A9CA48FEF77FF895F82300C9
:10AA700001274FF0000B092801D00B2818D1012124
:10AA80000802FEF796FA4FF48050ADF818008DF8E2
:10AA90001A608DF81BA006A9BE48FEF766F8ADF84F
:10AAA0000A90ADF80C70ADF81080BB48C0F8B0B19A
:10AAB000ADF804B04FF48270ADF80600ADF808B000
:10AAC000B649B74A14B1012C12D021E0ADF80AB052
:10AAD000ADF80CB03820ADF8100095F8230002282E
:10AAE00001D0062814D1C1F884B1C2F88C710FE0EE
:10AAF000ADF80A90ADF80C70ADF8108095F8230011
:10AB0000022801D0062803D1C1F88471C2F88CB1A3
:10AB10004FF40070ADF80E00ADF812B00720ADF89C
:10AB20001400974D01A92846FEF750FB0121284645
:10AB3000FEF7D1FBFF20FFF731FFFF20FFF72EFFCD
:10AB4000FF20FFF72BFF012C05D01820FFF71AFF7D
:10AB500007B0BDE8F08F3820FFF714FFF8E7014693
:10AB60009048028822F03802028002880A4302805C
:10AB70000121FEF7B0BB2DE9F041074600244FF458
:10AB80008055884E05E0641CA4B2AC4201D300207D
:10AB900011E702213046FEF71AFC0028F3D03946AF
:10ABA0003046FEF7C8FB002405E0641CA4B2AC42AA
:10ABB00001D30020FFE601213046FEF708FC002803
:10ABC000F3D03046FEF7B9FBC0B2F4E670B586B0FC
:10ABD00001213820FEF7EDF90121C803FEF7F4F951
:10ABE0003820ADF8140018268DF8176003248DF86E
:10ABF00016406D4D05A92846FDF7B7FF38212846B8
:10AC0000FEF722F861481022550190F82300012830
:10AC10000AD0052808D0042817D0072815D00C28FA
:10AC200013D0082811D01FE02020ADF814008DF8B3
:10AC300016408DF81720544C05A92046FDF795FFC6
:10AC400020212046FEF702F80EE0ADF814508DF8F2
:10AC500016408DF817204E4C05A92046FDF785FFBC
:10AC600029462046FDF7F2FF0020ADF800004FF422
:10AC70008271ADF80210ADF804000221ADF80610A3
:10AC80000121ADF80810ADF80C60ADF80A50ADF830
:10AC90000E000720ADF81000424C69462046FEF732
:10ACA00095FA01212046FEF716FBFF20FFF763FF10
:10ACB0003820FFF754FF06B070BD01463B480288BC
:10ACC00022F03802028002880A4302800121FEF746
:10ACD00002BB2DE9F041074600244FF48055334E66
:10ACE00005E0641CA4B2AC4201D3002063E602215B
:10ACF0003046FEF76CFB0028F3D039463046FEF7AD
:10AD00001AFB002405E0641CA4B2AC4201D300206D
:10AD100051E601213046FEF75AFB0028F3D03046B9
:10AD2000FEF70BFBC0B246E630B587B00121082024
:10AD3000FEF73FF901218803FEF746F94FF460441E
:10AD4000ADF8184018208DF81B0003208DF81A006C
:10AD5000154D06A92846FDF708FF21462846FDF7B0
:10AD600073FF01A8FEF7A2FA0020ADF804004FF42B
:10AD70008271ADF80610ADF80800ADF80A0017E0D2
:10AD8000003001400008014000100140B24C046056
:10AD90000014014000200140000024420000224233
:10ADA00000802242003C0040000C0140003800407E
:10ADB000ADF80C006915ADF80E103821ADF8101083
:10ADC000ADF812000720ADF81400084C01A9204688
:10ADD000FEF7FCF901212046FEF77DFAFF20FFF780
:10ADE00078FF1020FFF769FF07B030BD0038004042
:10ADF000A648A5494160A64941607047A34801693A
:10AE000041F0800101617047A048C068C10701D0CE
:10AE100001207047410701D502207047C00601D5C7
:10AE2000032070470020704770B50446FFF7ECFF21
:10AE30000546012D05D102F0F7FD641EA4B2002CD9
:10AE4000F4D104B9FF25284670BD70B5054645F616
:10AE5000FF763046FFF7E8FF002812D18B4C2069BF
:10AE600040F0020020616561206940F040002061EF
:10AE70003046FFF7D9FF012803D0216921F00201F4
:10AE8000216170BD70B506460D46FF20FFF7CCFF6F
:10AE900000280ED17D4C206940F0010020613580F2
:10AEA000FF20FFF7C1FF012803D0216921F0010134
:10AEB000216170BD00887047C10703D030F8010CD4
:10AEC000000A70470088C0B270472DE9F04105467E
:10AED0000E461746002407E036F814102846FFF700
:10AEE000D1FFAD1C641CA4B2BC42F5D3BDE8F08117
:10AEF00010B50446002307E02046FFF7DBFF21F8EA
:10AF00001300A41C5B1C9BB29342F5D310BD2DE92A
:10AF1000F05F82460F461546AAF10062B2F5002F97
:10AF200038D272B6FFF764FF4FEAD228C2F349065F
:10AF3000C6F58064A54200D82C46DFF858B139E048
:10AF400032183BF812208A4203D1401C80B2A04242
:10AF5000F6D3A04214D24846FFF777FF002006E060
:10AF6000821937F810102BF81210401C80B2A04242
:10AF7000F6D348464FF480624649FFF7A6FF04E047
:10AF8000224639465046FFF7A0FFA54204D1FFF7FD
:10AF900035FF62B6BDE8F09F08F10108002607EB17
:10AFA00044070AEB440A281B85B24FF48064A5428B
:10AFB00000D82C464FF0006000EBC82942143549F8
:10AFC0004846FFF795FF00204FF6FF71BFE770B5C9
:10AFD00004460D460023304E08E0B44208D2204615
:10AFE000FFF76AFFE854641C5B1C9BB29342F4D3E6
:10AFF00070BD13B5012201A9FFF789FF1CBD2DE922
:10B00000F0470D46904600240746A0F10060B0F5D9
:10B01000002F25D200264FF48069DFF880A015E0CC
:10B020006878000215F8021B08442146641CA4B28B
:10B030002AF811004A46944206D10024174938469E
:10B04000FFF743FF07F50067B61CB6B24645E7D3E6
:10B05000002C05D022463846BDE8F0470F4934E7BA
:10B06000BDE8F08710B501680D4A1140B1F1005FED
:10B0700009D141680B4C21600068FDF763F8206836
:10B08000BDE81040004710BD230167450020024085
:10B09000AB89EFCDF80F006000000880F807006072
:10B0A0000000FE2F2800006010B54F4C0121204603
:10B0B000FEF7B6FF2046BDE810400121FEF7B7BFFE
:10B0C0007FB504460D4601210220FDF77DFFADF856
:10B0D0000840ADF804500024ADF80A40ADF8064031
:10B0E000414D01A92846FEF787FA1D218DF8001071
:10B0F0008DF8014002218DF8021001218DF8031016
:10B100006846FDF7B6F9012211462846FEF75FFDB5
:10B1100001212846FEF741FD7FBD70B5BF20EFF34A
:10B12000118480F31188BFF34F8FBFF36F8F24F02A
:10B13000E5FC2E4D01212846FEF772FF2C4A01281E
:10B1400002D15068401C50602A480168491C0160C7
:10B1500011880020B1F57A7F02D2491C118004E0E9
:10B16000254B1968491C1960108024490A88521C13
:10B170000A800A8842F210739A4200D9088001219D
:10B180002846FEF754FF84F3118870BD7FB504464E
:10B190000D4601211020FDF717FFADF80840ADF86E
:10B1A00004500020ADF80A00ADF806000F4C01A9CC
:10B1B0002046FEF721FA36218DF8001001218DF886
:10B1C000011003228DF802208DF803106846FDF768
:10B1D00050F9012211462046FEF7F9FC01212046D4
:10B1E000FEF7DBFC7FBD00000004004000100040C3
:10B1F0002C00006038020060A4030060D0070060EB
:10B20000F8B501215820FDF7D4FE4020ADF800002C
:10B2100010258DF8035003248DF80240FE4E694638
:10B220003046FDF7A2FC2902ADF800108DF803505E
:10B230008DF802406946F948FDF797FCADF80050DB
:10B2400048208DF803008DF802406946F448FDF768
:10B250008CFC40213046FDF7F9FC0A2002F004FC8A
:10B2600040213046FDF7F0FC0A2002F0FDFB4021B2
:10B270003046FDF7EBFC0A2002F0F6FB4021304699
:10B28000FDF7E2FC0A2002F0EFFB40213046FDF71B
:10B29000DDFC0A2002F0E8FB40213046FDF7D4FC3B
:10B2A0000A2002F0E1FB40213046FDF7CFFC0A20E6
:10B2B00002F0DAFB40213046FDF7C6FC0A2002F01E
:10B2C000D3FBF8BD2DE9F04104460D46D34F4FF4B2
:10B2D000805631463846FDF7B9FC05F01F00204383
:10B2E000FFF7F7FCFF20FFF7F4FC0446280603D520
:10B2F000FF20FFF7EEFC044631463846FDF7A4FC7C
:10B300002046BDE8F0812DE9F04104460D46904607
:10B31000C24F4FF4805631463846FDF797FC05F092
:10B320001F002043FFF7D5FC4046FFF7D2FC314613
:10B330003846BDE8F041FDF787BC2DE9F0410546F0
:10B340000C46B64F4FF4805631463846FDF77EFC2A
:10B350003A20FFF7BEFC05E06D1E0020FFF7B9FCA8
:10B3600004F8010B002DF7D100202070314638463B
:10B37000BDE8F041FDF768BC2DE9F04104460D46FB
:10B38000A64F4FF4805631463846FDF75FFC7A20D1
:10B39000FFF79FFC04E0641E2878FFF79AFC6D1C01
:10B3A000002CF8D131463846BDE8F041FDF74CBCE1
:10B3B00070B505469B4E05F06004307884420BD092
:10B3C00003221F21A020FFF79EFFC5F341121F217A
:10B3D0008020FFF798FF347070BD10B504462046FA
:10B3E000FFF7E6FF2146BDE8104000206AE770B590
:10B3F00005460C462846FFF7DBFF22462946BDE8F6
:10B40000704040207FE770B50D4600240146D420EF
:10B41000FFF7EDFFE9B2D620FFF7E9FFC5F30721FB
:10B42000D720FFF7E4FF40F6FF7501E0641CA4B2EB
:10B43000EA20FFF7D2FFC00701D0AC42F6D370BDBF
:10B4400070B505460024FFF7DBFE4FF4FA7609E0FD
:10B45000FF2200211046FFF756FF641CA4B20A2009
:10B4600002F002FB1D20FFF7B8FFC00701D1B44274
:10B47000EED3B44201D3012070BD6A490020486078
:10B4800000210820FFF7B3FF00210920FFF7AFFFDD
:10B4900000210C20FFF7ABFF00210D20FFF7A7FFD5
:10B4A00010210A20FFF7A3FF1A210B20FFF79FFFAF
:10B4B00011210420FFF79BFF1A210520FFF797FFBA
:10B4C000FF210620FFF793FF1F210720FFF78FFFC3
:10B4D000A1213820FFF78BFF3F212820FFF787FFAE
:10B4E00030212920FFF783FFF9213020FFF77FFF6C
:10B4F000F7213120FFF77BFF0D21C020FFF777FFF9
:10B500000021C120FFF773FF3322C2218020FFF703
:10B51000FAFE1221C620FFF76AFF0C21C720FFF7B1
:10B5200066FF1521C420FFF762FFEE21CA20FFF756
:10B530005EFF0521CB20FFF75AFF2978E420FFF7B3
:10B5400056FF6978E520FFF752FFA978E220FFF760
:10B550004EFFE978E320FFF74AFF2979E020FFF763
:10B5600046FF6979E120FFF742FF4FF480742146DE
:10B570000020FFF748FF21461020FFF744FF1F205F
:10B58000FFF716FFC0221B218020FFF7BCFE04221C
:10B590001F218020FFF7B7FEE420FFF71EFF297868
:10B5A000884201D1002070BD012070BD722014E7D7
:10B5B00070B505460E4611210220FFF718FF1A212B
:10B5C0000320FFF714FF41F611202C18E1B20620EA
:10B5D000FFF70DFFC4F307210720FFF708FF002244
:10B5E00011467A20FFF78FFE31462846FFF7C4FE4A
:10B5F00008221F218020FFF786FE1C20FFF7EDFEAA
:10B60000084C800719D508221F21A020FFF77BFED8
:10B61000A078401CC0B207E000180140000C0140B7
:10B620000010014034000060A070142801D919F006
:10B63000CCFF04F061FF002070BD0020A07001204D
:10B6400070BD2DE9F04107460E463920FFF7C5FED3
:10B65000E8B3334C00202179FFF7C9FEA088C0F37E
:10B6600007210120FFF7C3FE00213A20FFF72AFE41
:10B67000606000213A20FFF725FE616841EA002062
:10B68000606000213A20FFF71DFE054600213A20A8
:10B69000FFF718FE45EA00252D1F00213A20FFF78D
:10B6A00011FE804600213A20FFF70CFE48EA0020F8
:10B6B0007F1EBD420ED96078401CC0B26070142855
:10B6C00001D919F082FF04F017FF002019E6FFE707
:10B6D000002016E600060BD46078401CC0B26070F3
:10B6E000142801D919F071FF04F006FF002008E6C4
:10B6F0000020607031462846FFF71FFE21790C209C
:10B70000FFF775FEA088C0F307210D20FFF76FFE3D
:10B7100040221E218020FFF7F6FD2846F1E50000BB
:10B7200034000060704730B56423B0FBF3F4E4B23A
:10B73000B0FBF3F503FB1500132C01D96430C0B244
:10B7400000EB90030724B3FBF4F504FB1533BC4D69
:10B750001A440D4415F8015C2A4492B2800703D1C3
:10B76000032901D2521E92B2B2FBF4F004FB102066
:10B7700030BD810701D0002070476421B0FBF1F299
:10B7800001FB120109B1012070474FF4C871B0FBF1
:10B79000F1F201FB120008B1002070470120704750
:10B7A0002DE9F04707460C461646DFF89882B7FBAE
:10B7B000F8F3A548002E01D10021018001889942AB
:10B7C00035D0038040F2B2754FF4B7794FF4B67AB2
:10B7D0000CE02846FFF7CDFF20B14B4508D3A3F579
:10B7E000B77301E0A3F26D136D1CADB25345F0D8F1
:10B7F000A5F5FA65A571581CA4F807000025DFF827
:10B80000409209F10C090CE0A079FFF7B2FF08B1F2
:10B81000012D44D019F80500984204D81B1A6D1C5C
:10B82000ADB21C2BF0D26D1C65715B1CE370B7FBD5
:10B83000F8F008FB10704FF46161B0FBF1F2A270F8
:10B84000B0FBF1F201FB12033C22B3FBF2F3637095
:10B85000B0FBF1F301FB1300B0FBF2F102FB1100AE
:10B860002070A079E278617900F5FA60FFF75BFF5C
:10B870002071012E11D1A179744801F5FA6101807E
:10B8800061798170E178C170217901717048A17886
:10B8900001706178417021788170BDE8F0871D2BBF
:10B8A000C1D31D3BBBE710B5FDF7F3FB012269498E
:10B8B000FFF776FF002010BD2DE9F05F8846DDF828
:10B8C00028A09146002400F11E01822902D3012004
:10B8D000BDE8F09F40F2B27500F5FA665E4FDFF802
:10B8E0007CB108E02846FFF744FF08B13C4400E083
:10B8F0005C446D1CADB2B542F4D3A8F1010808F068
:10B90000FF070025DFF83881DFF838B108F10C08AF
:10B910000FE018F8050040F2A321484304EBC014DF
:10B92000B0B2FFF726FF10B1012D00D15C446D1CB1
:10B93000ADB2BD42EDD3A9F1010940F2A32009FB4C
:10B9400000F904EBC910C3EB4311C1EB032100EB79
:10B950000110CAEB0A1100EB81000B994418012178
:10B960004FF0C050FDF730FB0120FEF79BFD0C9916
:10B9700011B92046FDF796FBFDF7C6FB2046A7E769
:10B980003EB500240420FEF75DFD45F25005A842B7
:10B9900047D001214FF0C050FDF716FB0120FEF704
:10B9A00081FDFEF725FD0120FDF78DFA08E0641CFE
:10B9B000E4B20A2002F058F8FA2C01D300203EBD70
:10B9C0004120FDF705FA0028F1D04FF48070FDF713
:10B9D0008FFA0120FDF791FAFDF796FBFDF79AFB30
:10B9E00001210846FDF73CFBFDF78EFBFDF743FB0D
:10B9F00047F6FF70FDF763FBFDF786FB37212A2230
:10BA0000CDE90021002002900F231B2208211020E5
:10BA1000FFF752FFFDF736FB29460420FEF70AFD2B
:10BA200007E0FDF777FB01210846FDF719FBFDF75D
:10BA30006BFBFFF777FEFFF736FF01203EBD0000EE
:10BA400014160408805101003E000060940200605A
:10BA500099020060F81700600085E2018033E1017F
:10BA6000FE4991F82310012913D0052911D004298A
:10BA70000FD007290DD00C290BD0082909D0022995
:10BA800005D0062903D0092901D00B2903D1FEF7DF
:10BA900085BFFFF770B87047F04890F82300012881
:10BAA00014D0052812D0042810D007280ED00C2856
:10BAB0000CD008280AD0022805D0062803D009286F
:10BAC00001D00B2805D13820FEF75CBF3820FFF7E6
:10BAD00046B87047E14890F82300012814D00528A3
:10BAE00012D0042810D007280ED00C280CD008281B
:10BAF0000AD0022805D0062803D0092801D00B2837
:10BB000005D11820FEF73EBF1820FFF728B8704770
:10BB1000D248012190F82300012813D0052811D024
:10BB2000CF4A042811D007280FD00C280DD00828A0
:10BB30000BD002280CD006280AD009280BD00B28DD
:10BB400009D00AE0C748016007E0C2F8A41104E088
:10BB5000C2F88C1101E0C4480160FF2080E770B595
:10BB6000002441F6FF75FF20FFF77AFFFF2806D07B
:10BB7000641CFDF7E6F8AC42F5D3012070BD00204F
:10BB800070BD10B5B548002190F82300012813D0EE
:10BB9000052811D0B24A042811D007280FD00C284C
:10BBA0000DD008280BD002280CD006280AD009286E
:10BBB0000BD00B2809D00AE0AA48016007E0C2F8C0
:10BBC000A41104E0C2F88C1101E0A7480160FFF75E
:10BBD000C6FF18B1FFF79CFF012010BD002010BD6B
:10BBE00070B505464FF6FF7401E0641EA4B2FF2055
:10BBF000FFF736FFA84201D0002CF6D10CB100208F
:10BC000070BDFF2070BD70B504460D46FE20FFF7E5
:10BC1000E7FF30B1012070BDFF20FFF721FF04F8DE
:10BC2000010B6D1EADB2F7D2FF20FFF719FFFF2009
:10BC3000FFF716FF002070BD70B505460C46FFF7F4
:10BC40008EFF08B1012070BD2046FFF709FFFD2CD3
:10BC500018D000244FF40076285DFFF701FF641C24
:10BC6000A4B2B442F8D3FF20FFF7FAFEFF20FFF79B
:10BC7000F7FEFF20FFF7F4FE00F01F00052801D0BB
:10BC8000022070BD002070BD70B505460C461646FA
:10BC9000FFF73EFFFFF775FF08B1FF2070BD45F0CD
:10BCA0004000FFF7DDFE200EFFF7DAFEC4F3074089
:10BCB000FFF7D6FEC4F30720FFF7D2FEE0B2FFF78E
:10BCC000CFFE3046FFF7CCFE0C2D02D1FF20FFF750
:10BCD000C7FE1F24FF20FFF7C3FE0106DED5641E4A
:10BCE000E4B2F7D270BD70B50546012200210A20EA
:10BCF000FFF7CAFF044624B910212846FFF783FF47
:10BD00000446FFF705FF0CB1012070BD002070BD97
:10BD100070B50546012200210920FFF7B5FF044652
:10BD200024B910212846FFF76EFF0446FFF7F0FE06
:10BD30000CB1012070BD002070BD1FB56846FFF733
:10BD4000E7FF10B1002004B010BD9DF800100120E5
:10BD5000B0EB911F09D19DF808209DF8091000EB68
:10BD60000220084480B28002EDE79DF805009DF8AE
:10BD70000A1000F00F0000EBD1109DF8091001F03F
:10BD8000030100EB41019DF808009DF807208009A0
:10BD900000EB82009DF8062002F0030200EB8220F7
:10BDA000401CC91F8840CEE72DE9F8432B4890F886
:10BDB0002300012812D0052810D004280ED007280F
:10BDC0000CD00C280AD0082808D0022809D0062850
:10BDD00007D0092805D00B2803D005E0FEF7F6FEB2
:10BDE00002E00120FEF706FEFFF756FE0024FF20CA
:10BDF000FFF736FE641CA4B20A2CF8D302240021FB
:10BE000095220846FFF740FF0546012D02D0641E2B
:10BE1000A4B2F4D2154F00263E70012D73D18722B3
:10BE20004FF4D5710820FFF72FFF4FF6FE7401285D
:10BE30002FD00F49088C401C088401220021372094
:10BE4000FFF722FF012200212920FFF71DFF012813
:10BE50005DD802203870012200210BE0B24C046052
:10BE60000080224294012242B0012442400000603E
:10BE70007C5B04603720FFF707FF012200212920A7
:10BE8000FFF702FF054628004ED0641EA4B2E2D29E
:10BE90004AE00026E846FF20FFF7E2FD08F806002A
:10BEA000761CB6B2042EF6D39DF80200012843D1C9
:10BEB0009DF80300AA283FD1460701220021372020
:10BEC000FFF7E2FE012231462920FFF7DDFE05469D
:10BED00015B1641EA4B2F0D2ACB1012200213A2007
:10BEE000FFF7D2FE78B90024FF20FFF7B9FD08F86C
:10BEF0000400641CA4B2042CF6D39DF80000400694
:10BF000002D50620387017E00420387014E00120B4
:10BF10003870012200211046FFF7B6FE05462800C2
:10BF200002D0641EA4B2F4D22CB10122510210201E
:10BF3000FFF7AAFE00B13E70FFF7EAFDFFF7CAFD6A
:10BF4000387810B10020BDE8F8830DB12846FAE733
:10BF5000AA20F8E72DE9F041064615463848007852
:10BF6000062800D049024FF40077012D1AD0012293
:10BF70001220FFF789FE39463046FFF744FE04469B
:10BF800006F500766D1E15F0FF0501D0002CF2D0ED
:10BF9000012200210C20FFF777FEFFF7B9FD2046B4
:10BFA000BDE8F08101221120FFF76EFE044620005B
:10BFB000F3D139463046FFF726FE0446EDE770B56B
:10BFC00006460C4615461E480078062800D0640236
:10BFD000012D13D0012809D0012200213720FFF7BD
:10BFE00053FE012229461720FFF74EFE012221466B
:10BFF0001920FFF749FE04466CB11DE001222146DD
:10C000001820FFF741FE0446B4B9FE213046FFF781
:10C0100013FE044610E0FC213046FFF70DFE06F546
:10C0200000766D1E15F0FF0501D00028F3D0FD212C
:10C030000020FFF701FE0446FFF76AFD204670BDB1
:10C040004000006070B50024FE4D04EB840005EB59
:10C05000800000F0EFFE641C142CF6D3FA4800F0C8
:10C06000E9FEF948143000F0E5FEF748283000F00A
:10C07000E1FEF5483C3000F0DDFEF348503000F0C2
:10C08000D9FEF248F04941631431816370BD70B547
:10C09000044601F06AFAED4DA868401CA8602868C3
:10C0A00010B1686938B10CE02C60A868012808D18B
:10C0B000FFF7C8FF05E02868E16AC06A884200D837
:10C0C0002C60686A401C6862E06A01212A6981402C
:10C0D00011432961DB4900EB800001EB8000211D49
:10C0E00000F0B6FE01F04DFA686900280CD028680F
:10C0F000E16AC06A884207D2D5494FF08050086093
:10C10000BFF34F8FBFF36F8F70BD2DE9F0478146AE
:10C11000DDE908570A9C0E4690469A464FEA880188
:10C12000A522206B33F038F9206BA8F1010800EB51
:10C13000880020F0070800202218315C82F83410B3
:10C14000315C11B1401C1028F6D3002684F84360FE
:10C15000142D00D31325E5626564A664201D00F04C
:10C1600074FE04F1180000F070FE2461C5F11400A3
:10C17000A0616462E66484F85060524649464046D5
:10C1800001F0CCF92060002F00D03C60BDE8F087C2
:10C190002DE9FF5F8146DDE90E788A4616469B460B
:10C1A000B00001F022FA054628000AD0542001F020
:10C1B0001CFA04460CB1256304E0284601F060FA3D
:10C1C00000E000248CB10020CDE90240CDE90078E8
:10C1D0005B46324651464846FFF797FF2046FFF739
:10C1E00056FF012004B0BDE8F09F4FF0FF30F9E7A3
:10C1F0009648416B0968002905D0416BC968C96838
:10C200004968816270474FF0FF318162704710B515
:10C210000446206B01F034FA2046BDE8104001F0DE
:10C220002FBA70B5044601F0A0F9884D04B92C6806
:10C23000201D00F031FE58B9E06A824A00EB80010F
:10C2400052F8211021B901218140286988432861D1
:10C25000A06A18B104F1180000F01EFE686A401CC4
:10C2600068622868844208D17748211D3C3000F07C
:10C27000EFFD6868401C686007E0A868401EA86081
:10C280002046FFF7C4FFFFF7B3FF01F07AF96869B2
:10C2900000280AD02868844207D16D494FF08050A9
:10C2A0000860BFF34F8FBFF36F8F70BD2DE9F04172
:10C2B0000026664F386B002808D0B869401CB8616A
:10C2C000F86900B101263046BDE8F081FD686D1CBB
:10C2D000FD6045B9786BB96B7963B863386A401C07
:10C2E0003862FFF785FFB86ADFF8588185420DD3C1
:10C2F000786B006838B1786BC068C4686068854244
:10C300000ED2B86202E04FF0FF30B8623868C06AFF
:10C3100000EB800058F820000128D1D90126CFE792
:10C32000201D00F0B9FDA06A18B104F1180000F05A
:10C33000B3FDE06A01213A6981401143396100EBA4
:10C34000800008EB8000211D00F082FDE06A396862
:10C35000C96A8842CCD30126CAE72DE9F0410024FE
:10C36000002701F002F9394D286B401E2863286B25
:10C37000F0BBA868E0B3DFF8D080012608F12808F8
:10C380001DE0D8F80C00C46804F1180000F084FD2A
:10C39000201D00F081FDE06A2A6906FA00F11143D0
:10C3A0002961284900EB800001EB8000211D00F08D
:10C3B0004FFDE06A2968C96A884200D3EE61D8F867
:10C3C00000000028DDD10CB1FFF712FFAC6944B1C9
:10C3D000FFF76CFF00B1EE61641E002CF8D1002065
:10C3E000A861E86920B1012719493807086000E011
:10C3F00003E0BFF34F8FBFF36F8F01F0C2F83846F1
:10C4000062E72DE9F04104460F46104EF5683068AA
:10C41000001D00F041FD38B9306890F82C10012063
:10C420008840316981433161601C08D13FB1316876
:10C43000BDE8F0410448091D503000F009BD2C440E
:10C44000306807E004180060941900604400006040
:10C4500004ED00E04460AC4206D23168B06B091DC7
:10C46000BDE8F04100F000BD3168706B091D00F0BF
:10C47000FBFCB06A844200D2B46225E7FA48016B43
:10C48000491C0163704770B505460E460023FFF74F
:10C49000F5FFF548C2682C68A119944205D98C4271
:10C4A00008D9914206D9012304E08C4201D8914277
:10C4B00000D9012329601BB1881A0021FFF7A1FFD1
:10C4C000FFF74BFF002807D1E8494FF08050086084
:10C4D000BFF34F8FBFF36F8F70BD10B502460020C2
:10C4E000002A07D0FFF7CAFF00211046FFF789FF97
:10C4F000FFF733FF002807D1DC494FF08050086078
:10C50000BFF34F8FBFF36F8F10BD10B5044601F01E
:10C510002CF80CB9D4480468E46A01F032F82046DB
:10C5200010BDBF22EFF3118182F31188BFF34F8F4B
:10C53000BFF36F8F002801D1CB480068C06A81F338
:10C54000118870472DE9F04104460D460026142D50
:10C5500000D3132501F009F8C34F04B93C68606C9F
:10C56000A84241D0854208D939688C4209D039683F
:10C57000C96AA94205D8012603E039688C4200D176
:10C580000126D4F82C80404500D1E5626564A0699D
:10C59000002802DBC5F11400A061B54D08EB88014D
:10C5A000606905EB8101884215D1201D00F074FC03
:10C5B000012120B93A6901FA08F082433A61E06A40
:10C5C0003A6981401143396100EB800005EB80003E
:10C5D000211D00F03DFC3EB1A4494FF080500860A1
:10C5E000BFF34F8FBFF36F8FBDE8F04100F0C9BFBD
:10C5F0009D4A106B002802D00120D06170470020B6
:10C60000D0611069B0FA80F0C0F11F00984900EBCA
:10C61000800001EB800041684968416000F1080337
:10C62000994201D1496841604068C0681060704714
:10C6300070B5044600F099FF8B4D04B92C68201D9D
:10C6400000F02AFC58B9E06A894A00EB800152F8F0
:10C65000211021B901218140286988432861A06AFD
:10C6600018B104F1180000F017FC211D814800F0FA
:10C67000EFFB00F086FF686928B100F076FFFFF756
:10C68000B7FD00F07EFF2868844209D1686940B197
:10C6900076494FF080500860BFF34F8FBFF36F8F24
:10C6A00070BD7448A9680068884202D100202860E3
:10C6B00070BDBDE870409BE700216E4B42699A4215
:10C6C00006D1806AA3F12802904201D000B901216D
:10C6D0000846704770B50446002C2BD0624D286880
:10C6E000844227D000F041FF2046FFF7E5FFE8B184
:10C6F000201D00F0D1FBE06A01212A69814011432D
:10C7000029615B4900EB800001EB8000211D00F0F6
:10C710009FFBE06A2968C96A884207D353494FF0F2
:10C7200080500860BFF34F8FBFF36F8FBDE870403C
:10C7300000F027BF70BD2DE9F04104460026BF2060
:10C74000EFF3118580F31188BFF34F8FBFF36F8F25
:10C750002046FFF7B1FF40B1434F386B48B1454821
:10C7600004F11801283800F073FB85F31188304676
:10C77000AAE5E06A3968C96A884200D30126201D0B
:10C7800000F08AFBE06A01213A6981401143396176
:10C79000374900EB800001EB8000211D00F058FBC1
:10C7A000E3E770B5334E304D143E1CE0FFF766FEF4
:10C7B000306820B10024FFF7D0FDA4B901E00124C6
:10C7C000F9E700F0D2FEF068C468201D00F064FBB9
:10C7D000A868401EA8606868401E686000F0D1FE2E
:10C7E0002046FFF714FD68680028DFD170BD204E99
:10C7F0004FF080541D4DFFF7D4FF30680128FAD95F
:10C800002C60BFF34F8FBFF36F8FF4E71CB5164852
:10C8100000242C30CDE900402346802216A1184880
:10C82000FFF7B6FC012811D1BF2080F31188BFF3B8
:10C830004F8FBFF36F8F0C484FF0FF3181620121A2
:10C840004161C460BDE81C4000F07BBE1CBDBF2040
:10C8500080F31188BFF34F8FBFF36F8F0249002021
:10C86000486100F081BE00004400006004ED00E07B
:10C8700004180060E419006049444C4500000000C1
:10C88000EFC70008FE48C0687047FD48C0687047A1
:10C89000FB4880687047002801D1F94800683430AF
:10C8A000704710B50C46F6490968183100F0DCFAFB
:10C8B0002046BDE810400121A3E570B5154641F0C2
:10C8C0000043EF490C68A3610968183100F0C0FA11
:10C8D0002846BDE87040012193E52DE9F041C0688C
:10C8E000C46804F11800074600F0D6FAE44D2A6B3C
:10C8F00001265AB13946E34800F0AAFAE06A2968ED
:10C90000C96A884214D90120EE61DDE4201D00F0DF
:10C91000C3FAE06A2A6906FA00F111432961DA498B
:10C9200000EB800001EB8000211D00F091FAE5E7AB
:10C930000020C9E470B541F000410160C46800F016
:10C94000ABFA201D00F0A8FACD4DE06A01262A6955
:10C9500006FA00F111432961CB4900EB800001EB9D
:10C960008000211D00F074FAE06A2968C96A8842D3
:10C9700002D90120EE6170BD002070BDC0490A6A75
:10C980000260C9684160704770B504460D4600F00A
:10C99000ECFDBB49C8682A68531C08D02368096AA3
:10C9A0008B4206D06168814203D801240DE0002447
:10C9B0000BE06168401A904206D2101A28602046A7
:10C9C000FFF7DCFF002400E0012400F0DAFD204640
:10C9D00070BDAB490120C8617047002101E0401CD7
:10C9E000491C0278A52AFAD0880880B2704700282E
:10C9F00001D1A3480068006BEFE7A14800687047C9
:10CA00009F484169002903D0006B18B1002070478E
:10CA1000012070470220704770B50446002839D0C5
:10CA2000974DE06A2968C96A884233D2A069002814
:10CA300004DB2868C06AC0F11400A061E06A924E6D
:10CA400000EB8000616906EB800081421FD1201D50
:10CA500000F022FA012150B9E06A00EB800256F89A
:10CA6000222022B92A6901FA00F082432A6128684B
:10CA7000C06AE0622A6981401143296100EB8000AD
:10CA800006EB8000211DBDE8704000F0E1B9286888
:10CA9000C06AE06270BD70B504460020002C2CD046
:10CAA000A16C491EA164636CE26A9A4225D00029F8
:10CAB00023D1201D00F0F0F9734A7149012350B9C8
:10CAC000E06A00EB800552F8255025B90D6903FA9C
:10CAD00000F085430D61606CE062C0F11400A0615C
:10CAE000E06A0D6983402B430B6100EB800002EB91
:10CAF0008000211D00F0ACF9012070BD604908687C
:10CB000080690A680968D26AC2F114028A617047B2
:10CB10005B490868002803D00868826C521C826454
:10CB20000868704770B506460C4600F01EFD544D6F
:10CB30002868C06C80B92A68012082F850005CB176
:10CB400001212046FFF75DFC50494FF080500860FE
:10CB5000BFF34F8FBFF36F8F00F013FD00F005FDA3
:10CB60002868C46C002034B116B12968C86402E09A
:10CB70002A68611ED164296881F8500000F001FD27
:10CB8000204670BD2DE9F04781460F46164698466F
:10CB900000F0EBFC3A4D286890F85000022817D0BE
:10CBA0002C68E06C20EA0900E0642968012081F823
:10CBB0005000B8F1000F0BD001214046FFF721FCD7
:10CBC00032494FF080500860BFF34F8FBFF36F8F33
:10CBD00000F0D7FC00F0C9FC16B12868C06C3060CA
:10CBE000286890F8500001280DD02868C16CB9431E
:10CBF000C16401242968002081F8500000F0C1FCC4
:10CC00002046BDE8F0870024F4E72DE9F041044612
:10CC10000D4690461F46012600F0A7FC0FB1E06CC0
:10CC2000386094F85000022184F85010B8F1050FD4
:10CC300013D2DFE808F01203070B0D00E16C294363
:10CC4000E1640AE0E16C491CE16406E0E56404E0AB
:10CC5000022801D0E56400E00026012827D1201D2C
:10CC600000F01AF9064DE06A01212A69814011435A
:10CC70002961054900EB800001EB8000211D07E0E0
:10CC800044000060BC1900600418006004ED00E07E
:10CC900000F0DEF8E06A2968C96A884207D961496C
:10CCA0004FF080500860BFF34F8FBFF36F8F00F0DD
:10CCB00068FC30465CE52DE9F0470446089F0126F4
:10CCC000BF20EFF3118580F31188BFF34F8FBFF3BF
:10CCD0006F8F002B01D0E06C186094F85000022395
:10CCE00084F85030052A13D2DFE802F01203070B54
:10CCF0000D00E26C0A43E2640AE0E16C491CE16465
:10CD000006E0E16404E0022801D0E16400E00026CE
:10CD100001282BD1DFF81081D8F830004FF001093D
:10CD200070B104F11801414800F092F8E06AD8F8B7
:10CD30000010C96A884219D9B7B1C7F8009015E048
:10CD4000201D00F0A9F8E06AD8F8102009FA00F1D7
:10CD50001143C8F8101000EB8001354800EB81004A
:10CD6000211D00F075F8E1E7C8F81C9085F31188E3
:10CD7000304646E72DE9F04104468846BF20EFF3F0
:10CD8000118780F31188BFF34F8FBFF36F8F94F833
:10CD90005010022084F85000E06C401CE06401292F
:10CDA00026D1214D286B012678B104F118011F48C6
:10CDB00000F04EF8E06A2968C96A884218D9B8F1CB
:10CDC000000F14D0C8F8006012E0201D00F064F8D5
:10CDD000E06A2A6906FA00F111432961144900EB5F
:10CDE000800001EB8000211D00F032F8E2E7EE61E7
:10CDF00087F31188BCE410B500280BD0044600F07E
:10CE0000B4FB94F85000022807D0002400F0B9FBCE
:10CE1000204610BD04480468F1E7002084F8500063
:10CE20000124F3E704ED00E044000060BC19006059
:10CE30000418006000F1080141604FF0FF32826089
:10CE4000C1600161002101607047002101617047EC
:10CE500042684A6093688B6093685960916008618A
:10CE60000168491C0160704730B50C68621C02D033
:10CE700000F1080202E0026904E01A4653681D68E6
:10CE8000A542FAD953684B6099608A605160086185
:10CE90000168491C016030BD0169D0E901329A6026
:10CEA000D0E901235A604A68824201D182684A600F
:10CEB000002202610868401E0860704770B5044691
:10CEC0000D4600F052FBD4E90F12206801FB02006E
:10CED00060600020A0632068A060E06B226C216885
:10CEE000401E00FB0210E0604FF0FF3084F8440069
:10CEF00084F8450004F110004DB1FFF79BFF04F1E9
:10CF00002400FFF797FF00F03CFB012070BD216972
:10CF10000029F8D0FFF7E1FC0028F4D0FF494FF0DA
:10CF200080500860BFF34F8FBFF36F8FEBE703466E
:10CF30000098002904D00260C36301640121BDE7A9
:10CF40000060F9E7F8B506460D461746002D10D0EB
:10CF500006FB05F0483000F048FB04463CB104F104
:10CF600048023B46294630460094FFF7E0FF204642
:10CF7000F8BD0020EEE72DE9F041044600F0F5FA97
:10CF800094F9455004F1240609E0606A48B130463E
:10CF9000FFF7A3FC08B1FFF71CFD6D1E6DB2002D5D
:10CFA000F3DC4FF0FF3684F8456000F0EAFA00F059
:10CFB000DCFA94F9445004F1100709E0206948B103
:10CFC0003846FFF78AFC08B1FFF703FD6D1E6DB20E
:10CFD000002DF3DC84F84460BDE8F04100F0D1BAE4
:10CFE00010B5044600F0C1FAA06BE16B884201D194
:10CFF000012400E0002400F0C4FA204610BD2DE911
:10D00000F041044617460026A56B226C002A10D07A
:10D01000C7B1E06832F0AEF9E168206C091AE1604E
:10D020002268914202D26168081AE060022F16D08D
:10D0300017E02068A8B96068FFF72DFD06460020BC
:10D0400060600EE0A06832F095F9216CA068084499
:10D05000A0606168884204D32068A06001E005B147
:10D060006D1E6D1CA5633046BDE8F0812DE9FF47BC
:10D0700082B004468A4699460025A8464FF080565D
:10D08000A64F00F072FAA06BE16B884206D3B9F1AB
:10D09000020F03D00498F8B115B325E04A46514673
:10D0A0002046FFF7ACFF616A51B104F12400FFF79D
:10D0B00014FC58B13E60BFF34F8FBFF36F8F05E094
:10D0C00020B13E60BFF34F8FBFF36F8F00F059FA6E
:10D0D000012006B0BDE8F08700F053FA0020F8E721
:10D0E0006846FFF74BFC012500F04BFAFFF7C6F945
:10D0F00000F03BFA94F94400401C01D184F84480CC
:10D1000094F94500401C01D184F8458000F039FABB
:10D1100004A96846FFF738FC30B12046FFF72BFF23
:10D12000FFF71BF90020D4E72046FFF759FF88B12D
:10D1300004F110000499FFF7B4FB2046FFF71BFF32
:10D14000FFF70BF900289CD13E60BFF34F8FBFF370
:10D150006F8F96E72046FFF70EFFFFF7FEF890E788
:10D16000002807D0002141600160C16000231A46F9
:10D1700019467BE7704710B5024600210120FFF7F2
:10D18000E1FE04462046FFF7EBFF204610BD10B538
:10D190000446FFF732FC616888420BD1E068401E0C
:10D1A000E06028B900231A4619462046FFF75EFFC3
:10D1B000012010BD002010BD10B5044600F0D5F9C7
:10D1C000A06B20B1002400F0DCF9204610BD012442
:10D1D000F9E730B40B46026C002A0CD0C168114448
:10D1E000C1604468A14201D30168C160C16830BC1C
:10D1F000184632F0BFB830BC70472DE9FF4F83B0FE
:10D2000004468B469A460026B1464FF08057DFF819
:10D210000C8100F0AAF9A56B95B3E6685946204643
:10D22000FFF7D7FFBAF1000F13D0E660606A50B184
:10D2300004F12400FFF751FB28B1C8F80070BFF3D8
:10D240004F8FBFF36F8F00F09CF9012007B0BDE84E
:10D25000F08F6D1EA563206810B9FFF759FC606060
:10D2600020690028EFD004F11000FFF736FB0028FA
:10D27000E9D0C8F80070BFF34F8FBFF36F8FE2E7BC
:10D28000FFE7059808B126B107E000F07AF9002021
:10D29000DCE701A8FFF772FB012600F072F9FFF747
:10D2A000EDF800F062F994F94400401C01D184F8D3
:10D2B000449094F94500401C01D184F8459000F059
:10D2C00060F905A901A8FFF75FFB58B12046FFF7F9
:10D2D00052FEFFF742F82046FFF76EFF002898D075
:10D2E0000020B3E72046FFF767FF00B3206830B99E
:10D2F00000F03BF96068FFF78FFB00F042F904F1A2
:10D3000024000599FFF7CDFA2046FFF734FEFFF71A
:10D3100024F800287FF47DAF02E0000004ED00E077
:10D32000C8F80070BFF34F8FBFF36F8F71E72046CF
:10D33000FFF721FEFFF711F86BE770B504460D46C5
:10D34000FFF75BFB6368984204D1E068401CE06033
:10D35000012070BD00232A4619462046FFF74DFFE5
:10D360000028F6D0E168491CE16070BD2DE9F0416C
:10D37000174604461A46BF20EFF3118680F3118842
:10D38000BFF34F8FBFF36F8FA06BE36B984205D352
:10D39000022A03D0002086F3118865E694F94550EF
:10D3A0002046FFF72CFE681C04D06D1C84F8455005
:10D3B0000120F0E7606A0028FAD004F12400FFF7AA
:10D3C0008CFA0028F4D0002FF2D001203860EFE76B
:10D3D00070B50D46BF21EFF3118481F31188BFF3BF
:10D3E0004F8FBFF36F8F836BC16B994217D990F941
:10D3F00045205B1C8363511C04D0521C80F84520DF
:10D4000001200DE0416A0029FAD02430FFF765FAC7
:10D410000028F5D0002DF3D001202860F0E700208F
:10D4200084F3118870BD2DE9F04104469046BF2079
:10D43000EFF3118780F31188BFF34F8FBFF36F8F26
:10D44000A66B002E1DD094F944502046FFF7C1FE74
:10D45000761EA663681C04D06D1C84F8445001201D
:10D4600010E020690028FAD004F11000FFF735FA27
:10D470000028F4D0B8F1000FF1D00120C8F8000066
:10D48000EDE7002087F31188EEE570B50446BF2074
:10D49000EFF3118580F31188BFF34F8FBFF36F8FC8
:10D4A000A06B002806D0E6682046FFF792FEE660F3
:10D4B000012000E0002085F3118870BD10B50446FE
:10D4C00000F053F8A46B00F05CF8204610BD10B5D6
:10D4D000044600F04AF8D4E90E10441A00F051F85E
:10D4E000204610BD806B704700F0CAB8806B0028E2
:10D4F00001D00020704701207047816BC06B8142D2
:10D5000001D101207047002070470000BF2080F348
:10D510001188BFF34F8FBFF36F8FFEE720384FF0B6
:10D520008073C36121F0010181612449416140F8A8
:10D53000202970474FF0E020214941610721016116
:10D54000704710B51F48016841F47F010160016810
:10D5500041F07F410160FFF7EDFF1B4900200860AB
:10D56000FAF706FE002010BD7047BF2080F3118837
:10D57000BFF34F8FBFF36F8F13480168491C0160E1
:10D58000704711490868401E0860002801D180F3E7
:10D590001188704710B5BF2080F31188BFF34F8FFB
:10D5A000BFF36F8FFEF782FE20B106494FF0805027
:10D5B0001C390860002080F3118810BD0DD50008CB
:10D5C0003F19010020ED00E0800000603D4820F0A0
:10D5D00007003D49086000234B6008314EF6F872A1
:10D5E0004A600B604260016070472DE9F0410446DB
:10D5F0000026FEF743FF344D083D686818B9FFF771
:10D60000E5FF012068603CB10834600704D004F0F5
:10D610000700C0F108000444601E4EF6F77188420E
:10D6200029D2294A1046016801E00A4601464868A5
:10D63000A04202D208680028F7D12348083081426E
:10D6400019D016680836086810604868001B102852
:10D650000DD90B1958604C605C681B4800E01046FF
:10D6600002685768A742FAD302681A6003604868E4
:10D670002968081A2860FEF770FE3046BDE8F08180
:10D6800010B5002818D008380446FEF7F7FE606889
:10D690000D4900E011460A6853688342FAD30868CE
:10D6A00020600C6008486168083802681144016015
:10D6B000BDE81040FEF751BE10BD034808380068B1
:10D6C00070477047001A00608C000060704770B5AA
:10D6D0000446C24D40212846FCF74DFE0028F9D0F3
:10D6E000A1B22846FCF7DAFD204670BD2DE9F041D5
:10D6F00086B00746012144F23400FBF75AFCB74DCF
:10D700002846FCF7A7FC6815ADF8140003208DF837
:10D71000160018208DF81700DFF8C48205A94046CE
:10D72000FBF723FA2E15ADF8146004248DF817408A
:10D7300005A94046FBF719FAADF8144010248DF8FE
:10D74000174005A9A748FBF710FA2001ADF814000F
:10D750008DF8174005A9A448FBF707FA25208DF896
:10D76000000000248DF8014001208DF802008DF8A2
:10D7700003006846FAF77DFE01979C4BAA1493F8C4
:10D780005110022925D0012928D0ADF80C40ADF860
:10D79000084093F85410012927D0022928D00329E2
:10D7A0002BD0ADF80A40ADF810400C20ADF80E00BB
:10D7B00001A92846FCF796FC012240F22551284693
:10D7C000FCF717FD01212846FCF707FD06B0BDE870
:10D7D000F081ADF80C60ADF80820DAE74FF4C060D6
:10D7E000ADF80C00ADF80820D3E7ADF80A20DAE771
:10D7F0004FF40050ADF80A00D5E74FF44050ADF8B3
:10D800000A00D0E72DE9F04387B080460121880463
:10D81000FBF7DAFB01214820FBF7CBFB744D2846D0
:10D82000FCF718FC2E15ADF8186003278DF81A7058
:10D8300018208DF81B00DFF8BC9106A94846FBF7BD
:10D8400094F9EC14ADF8184004208DF81B0006A9DB
:10D850004846FBF78AF9ADF8184010208DF81B00F8
:10D8600006A96548FBF781F927208DF804000024FC
:10D870008DF805408DF8067001208DF8070001A88D
:10D88000FAF7F7FDCDF80880ADF80C405748AA1418
:10D8900090F85310022925D0012928D0ADF8104066
:10D8A000ADF80C4090F85610012927D0022928D055
:10D8B00003292BD0ADF80E40ADF814400C20ADF884
:10D8C000120002A92846FCF70DFC012240F2255166
:10D8D0002846FCF78EFC01212846FCF77EFC07B0A9
:10D8E000BDE8F083ADF81060ADF80C20DAE74FF436
:10D8F000C061ADF81010ADF80C20D3E7ADF80E20E4
:10D90000DAE74FF40050ADF80E00D5E74FF4405081
:10D91000ADF80E00D0E72DE9F04387B007460121AE
:10D920004804FBF751FB01210420FBF742FB334E77
:10D930003046FCF78FFB0424ADF8184003258DF822
:10D940001A5018208DF81B00DFF8949006A948465D
:10D95000FBF70BF94FF00808ADF818808DF81B4065
:10D9600006A94846FBF701F9204890F82310012941
:10D9700001D0052908D1ADF8188010208DF81B00C2
:10D9800006A91848FBF7F1F826208DF804000024BA
:10D990008DF805408DF8065001208DF8070001A88C
:10D9A000FAF767FD0297ADF80C40ADF80E40ADF800
:10D9B0001040ADF814400C20ADF8120002A930461A
:10D9C000FCF790FB012240F225513046FCF711FC98
:10D9D00001213046FCF701FC81E7000000380140DE
:10D9E000000801400010014000140140B24C0460E6
:10D9F00000480040000C0140001801400044004075
:10DA00004FF0E0210A6922F004020A61234AC008AB
:10DA100010704FF47A7358430123538048610869AA
:10DA200040F00100086170472DE9F04100244FF0FB
:10DA3000E0277E690546194800784543FFF795FDC4
:10DA4000BA69B9699142FCD003D2A2EB0100044447
:10DA500003E0A6EB0100104404440A46AC42F0D3B4
:10DA6000BDE8F041FFF78DBD70B50446FEF7C8FF75
:10DA700001280CD0094D6888844203D3B4FBF0F030
:10DA8000FEF72BFD6888B4FBF0F100FB11444FF466
:10DA90007A706043BDE87040C6E70000A0000060F7
:10DAA00010B504466160FAF79DFB206010BD016867
:10DAB000426811440160704710B50446FAF792FBC2
:10DAC000206010BD10B50446FAF78CFB2168401A9F
:10DAD0006168884201D3012010BD002010BD000004
:10DAE000FE490881704730B5C278FC4D0A44303594
:10DAF000D4B2EC70827802EB1122D2B2AA704378D1
:10DB00006B7000782870B2EB112F05D25B1CDBB272
:10DB10006B700BB9401C2870C8B284420DD2521CE5
:10DB2000D0B2A870002808D16878401CC0B26870D4
:10DB3000002802D12878401C287030BD10B58B1801
:10DB40005B1E0BE04A780C7802EB042292B2104480
:10DB500080B2904201D2401C80B2891C9942F1D31C
:10DB6000994207D109780902084480B2884201D25B
:10DB7000401C80B210BD010241EA102080B2704703
:10DB800010B50A4601460020FFF7D8FFBDE8104057
:10DB9000F1E710B51422D2490020FFF7CFFF10B1F2
:10DBA000BDE81040E7E74FF6FF7010BD10B5CC4957
:10DBB0006FF013030E394A7C097C03EB01211144F9
:10DBC0008CB2204480B2C64908220C31FFF7B6FF60
:10DBD000C34922461431FFF7B1FF10B1BDE8104030
:10DBE000C9E74FF6FF7010BD0620DFE71120DDE723
:10DBF00070B5BA4900224A70BA4B487823F8102011
:10DC0000401CC0B248700A28F7D34A70B64B322481
:10DC100003F2FE35487800EB800606EB40161E4402
:10DC200072762C54401CC0B248700A28F2D34FF4CC
:10DC3000806048814A70AB4B1433487800EB400455
:10DC4000C4EB401403EB4404A280401CC0B24870F3
:10DC50000A28F2D370BD70B5002200230021A14D27
:10DC60004DF204261435040244EA102084B201EB7C
:10DC70004100C0EB411005EB40008088B04200D16C
:10DC80000122844200D10123491CC9B20A29EED3E2
:10DC9000142502B19BB995480068B0F5967F0ED95E
:10DCA0003C21B0FBF1F201FB120040B99049012088
:10DCB000087090490888401C08808F480580002023
:10DCC000894C002604F2FE3300EB800101EB401189
:10DCD00021444A7E32B11A5C12B1521E1A5401E03C
:10DCE0004E761D54401CC0B20A28EDD370BD2DE9FC
:10DCF000F041074688467C4C784D4FF4FA430026A5
:10DD00006889401C80B26881984202D34FF48050E9
:10DD100068816E70687800EB800101EB4010021999
:10DD2000507E28B16889FFF726FF91888842E7D0A6
:10DD30006878401CC0B268700A28EBD300226E706D
:10DD4000687800EB800101EB40110B19597E11B18D
:10DD5000072902D008E01A460BE022B1997E92F81A
:10DD60001AC0614500D91A46401CC0B268700A2822
:10DD7000E6D32AB30220507658482C30017811732C
:10DD80004178517381789173C078D07340F6CA702E
:10DD90005082908201201082D676907603201076F1
:10DDA00096751020D0756889FFF7E5FE9080A2F87F
:10DDB000068038881080788850801046BDE8F08151
:10DDC0000020FBE72DE9F04105460F46454C0026B3
:10DDD000424B4FF4FA484FF4805214345889401C97
:10DDE00080B25881404500D35A815E705889FFF750
:10DDF000C2FE0146587800EB400CCCEB401C04EB13
:10DE00004C0CBCF804C06145E8D0401CC0B258704E
:10DE10000A28EBD300205E705A7802EB4201C1EB76
:10DE2000421104EB4101898899B1521CD1B2597059
:10DE30000A29F1D3A8B159890A0242EA1121818045
:10DE4000C78085B12988018069884180402101729D
:10DE5000B4E7587800EB4001C1EB401004EB400000
:10DE6000E8E70020AAE70660F0E730B51B4A002586
:10DE700055701C4B517833F81140844203D15078CF
:10DE800023F8105030BD491CC9B251700A29F1D392
:10DE900030BD10B5114A00215170124B517833F842
:10DEA00011402CB1491CC9B251700A29F6D310BDDA
:10DEB000517823F8110010BD10B5084C0146606A76
:10DEC0000830FFF710FE04F13001606A0A78027230
:10DED0004A7842728A788272C9780FE0AC0000609A
:10DEE000060A01606C1B0160FA190160A40300605E
:10DEF0003C000060D65B046096030060C17210BDF8
:10DF00002DE9FF5FDFF8FC93D9F82440FE4D002691
:10DF100005F136014FF6FF78039104287AD0039972
:10DF2000C9F81C10C9F820104FF0100A032815D0AA
:10DF3000022821D005F12A0405286CD0F34F7888F7
:10DF4000401C78803846A97B0088401C80B2452957
:10DF500063D03880F888401CF880ACE0607E00F028
:10DF60000F000328F9D1208A0028F6D1082089F86B
:10DF7000000002F074FEEEE3E2492C31C878401C48
:10DF800010F0FF00C8700ED18878401C10F0FF0020
:10DF9000887008D14878401C10F0FF00487002D10A
:10DFA0000878401C0870A9F80460A9F80660607E33
:10DFB000072812D0052810D00028CED0218A59B3C6
:10DFC000A07E411EA176C8D2E07E08282DD0617EB9
:10DFD00002290AD0012908D009E0A07E401CC0B265
:10DFE000A0767828B9D1667665E005281DD004288A
:10DFF00000D9042003218140A176E07E401CE07618
:10E00000C248C18C491CC184607E00F00F00092801
:10E01000A3D203E0BDE125E01AE038E0DFE800F03C
:10E020004BFD0F12FC4BFC4BFC006676802089F800
:10E03000000002F014FE142085F82F00FEE385F89E
:10E040002F60EFE2042089F8000002F008FEF6E3FA
:10E0500000F00F000328C7D1082089F8000002F063
:10E06000FEFD78E3D9F8280080880028BCD0C9F8E4
:10E070002460C9F81C40C9F82040A9F80660A9F836
:10E080000460082089F8000002F031FC81E1697C1D
:10E090002A7C01EB0221B9F804209142A4D8CB4696
:10E0A000A9F80410297D890601D1697D21B1388044
:10E0B000B889401CB881A2E192490E31B1F800E064
:10E0C00049880291BEF1000F01D10299C9B18E4A6F
:10E0D000EB7DD18B128C112B0CD1414501D14245E6
:10E0E0005ED0884B1633B3F800C0614502D15B881F
:10E0F0009A4255D0714502D102998A4201D03880A6
:10E100007DE1FFF746FD404506D03888401C388049
:10E11000F889401CF88172E1E87D06280AD01128B0
:10E120003ED0012814D03888401C3880388A401CE2
:10E13000388264E1B88B401CB883FFF755FD404539
:10E140006CD0788B401C7883388C401C388456E126
:10E15000B88A401CB88295F82200082806D0788A30
:10E16000401C7882388B401C388348E185F8226057
:10E17000A88C4FF6F771884202D30930A88401E0D9
:10E180000830A884688BE883A88B28845D480E300B
:10E19000018869834088A883F88A401CF882E7E3F5
:10E1A000BBF804001C38ABF80400CBF81C40288DE9
:10E1B000AA4650B1FFF71AFD404506D0B88D401C65
:10E1C000B885788E401C788619E15148CBF8280034
:10E1D0004E4F0FE1818800297ED0BAF824208A4270
:10E1E0007AD102880AB94388ABB3424502D1438849
:10E1F000434530D0BAF81A30934204D1BAF81C2003
:10E2000043889A4227D0BAF81E20424503D1BAF873
:10E21000203043451FD002E05CE301E2F3E0DFF889
:10E22000E4C00CF10E0CBCF800309A4205D1BAF8EB
:10E230002030BCF802C063450DD0DFF8C8C00CF137
:10E24000160CBCF800309A4246D1BAF82020BCF82F
:10E2500002309A4240D1DBF82820D28812B1B1F5C1
:10E26000884F7AD0BAF82270C780BAF81A20ADF871
:10E270000420BAF81C30ADF80630DBF812300093F9
:10E280009DF800C09DF80430CCF1FF0C43EA0C036C
:10E290008DF804309DF801C09DF80530CCF1FF0CDD
:10E2A00043EA0C038DF805309DF802C09DF8063056
:10E2B000CCF1FF0C43EA0C038DF806309DF803C047
:10E2C0009DF80730CCF1FF0C43EA0C038DF80730C2
:10E2D000BDF804C00B4B00E089E016331B889C4559
:10E2E00009D1DFF820C0BDF806E00CF1160CBCF82F
:10E2F00002C0E64514D090F804C04FEA0C2C4CEA5A
:10E30000112107E0AC000060F8090160C41D016044
:10E31000801B016089B2A1F5806CBCF1D20C1DD0CC
:10E32000BAF81E10414503D1BAF820C0C44509D03F
:10E33000DFF814E499421BD1BAF820C0BEF80210ED
:10E340008C4515D14CF2BA018F420CD187888F428F
:10E3500009D1FD490380498841800DE0A0F8008083
:10E36000A0F8028008E00280BAF81C10418003E0A7
:10E370000280BAF81C104180CBF8246002208BF890
:10E380000000CBF81C40CBF82040ABF8066002F050
:10E39000AEFAB9F80600002831D000F11C01A9F846
:10E3A00004100A0A2A7469741121E9750830C0F34F
:10E3B000072141EA0020E8842E85D9F828008188C9
:10E3C0006984C188A984E04908390A886A83498830
:10E3D000A9830188E983408828840398C9F81C0030
:10E3E000FFF704FCC04380B2288548B19BE33A3074
:10E3F000CBF82800DBF82800B842FFF4EBAE76E358
:10E40000A5F828808FE3D14CB5F822C0B5F81A8062
:10E41000A98B04F24D13A88C1DE0627ED2B1A288B4
:10E42000904217D1E288944514D12288904511D1A9
:10E43000628891420ED1CBF824408BF8006095F8A9
:10E440002F0041076FD5667620208BF8000002F080
:10E4500006FC4CE325349C42DFD995F82F1001F0DF
:10E460003F01022918D1ABF80C008BF80160B84AC3
:10E470009BF8011032F81130834204D100248BF84C
:10E480000160B24B50E0491CC9B28BF801100A2957
:10E49000EED3788D401C788595F82F004007AED4D8
:10E4A000B88C401CB8841420263568722820ABF83C
:10E4B000040050202872EB78E879E870A978A879F0
:10E4C000A870A9716A78687968706A7128788BF881
:10E4D00001002C792C7028715B1C13F0FF03EB7189
:10E4E000A5F126050ED1491C11F0FF0185F82C106D
:10E4F00008D1521C12F0FF0185F82B1002D1401CEC
:10E5000085F82A00688CABF80C00A98C6984A88473
:10E51000688BE883A88B28848B4808380188698336
:10E520004088A883EFE2A4E09BF8011001EB810092
:10E5300000EB41101844427E12B1072A08D00EE0C9
:10E540009BF8010000EB800101EB4010C4180CE0C7
:10E5500024B1827E94F81AC0624500D90446491C51
:10E56000C8B28BF801000A28DED3B4B3CBF824403C
:10E570000320A0762076A6750420E075E6761A358D
:10E580006889A0802889E080288820806888608049
:10E59000012161766C4816300278227342786273EA
:10E5A0008278A273C078E0732182E87BE072A87B56
:10E5B000A072687B6072287B20720120FFF77CFCD0
:10E5C000287D1A3D00F0F001502929D98BF801600F
:10E5D0006FF0040101EB10131DE0FFE7388D401CC4
:10E5E000388584E22A1892F836108BF80210B9B1F7
:10E5F000012902D0022904D007E0401C8BF8010059
:10E6000009E092F83710042920D092F8371039B178
:10E6100008448BF801009BF80100B0EB830FE1DBAD
:10E6200085F82FA02E35687840F00200687002202F
:10E630002872042068720F20A872CA20E8722C2069
:10E64000A9F80400602005F82E091EE29BF80100DD
:10E6500092F83810284490F8390040EA0120ABF8CD
:10E660000C0040F6CA71884200D908466082A08238
:10E67000D6E795F82E10A846090989008BF80110F5
:10E68000BBF80420511A143989B2ABF80410627E29
:10E6900002F00F02022A03D100F03F02122A17D023
:10E6A00009B9810714D098F82610227A434691427E
:10E6B0007BD193F82710627A9142F9D193F8281010
:10E6C000A27A9142F4D193F82910E27A9142EFD1E3
:10E6D000C00647D5218AE9B304F10C00FFF703FA1D
:10E6E000194B98F82A101A33C6461878814239D146
:10E6F0009EF82B2059788A4234D19EF82CC09A7803
:10E7000094452FD19EF82DC0DB789C452AD12073EB
:10E710006173A273E373E07EA8B9207EA17E401AE4
:10E72000A17DA0EBD10040B20144C9B2A17500287F
:10E7300001DA404240B2E27DA0EB92001044E07565
:10E7400000EBD100207607E0C2000060FA190160FA
:10E750006C1B016006E0FCE001208BF80000207ECD
:10E76000A0762682627E02F00F00092868D2DFE8D8
:10E7700000F067051D8FFEFDFC1CFB009BF80000F0
:10E78000C0075DD00320607640208BF80000268211
:10E79000BBF8040020B142218BF80010FFF78CFB7E
:10E7A000ABF8066002F05BFAD3E066E19BF800008C
:10E7B000C00705D098F82F0000F03F00122808D0BD
:10E7C00020208BF8000002F04AFADBF8240046769D
:10E7D00062E698F82E0000F0F001502925D98BF858
:10E7E00001606FF0040101EB101319E008EB000267
:10E7F00092F836108BF80210B9B1012902D0022923
:10E8000004D007E0401C8BF8010009E092F83710B3
:10E8100004292AD092F8371039B108448BF8010046
:10E820009BF80100B0EB830FE0DB0320607698F8E3
:10E830002600207298F82700607202E01FE1B0E025
:10E840006CE098F82800A07298F82900E072012086
:10E85000FFF732FB42208BF800002682ABF8046001
:10E86000ABF8066002F0FBF973E09BF8010092F848
:10E870003810404490F8390040EA0120ABF80C0011
:10E8800040F6CA71884200D908466082A082CCE76F
:10E8900098F82F00C10721D0D1061FD4208AE8BBE9
:10E8A000BBF80400401C80B2FFF706FB9BF8000099
:10E8B00040F010008BF80000BBF8041019B140F0D4
:10E8C00002008BF8000002F0CAF901202082082023
:10E8D0006076E676112085F82F00D0E080060FD50F
:10E8E00098F8350098F8341040EA0120DBF81C1045
:10E8F0000144CBF81C10BBF80410081AABF8040054
:10E90000BBF8040048B1D10607D49BF8001041F0D1
:10E9100002018BF80010FFF7CFFA00E06DE098F8E5
:10E92000310098F8301000EB012080B2ABF80C00F9
:10E93000A18A814200D308B9ABF80C10BBF80C00D7
:10E9400060829BF80000800757D0ABF8066002F0A9
:10E9500086F999F8000081060BD5A9F8066066765D
:10E96000142085F82F008AE03EE0B9E06EE045E033
:10E97000F1E0C1060AD5A9F8066001202082042032
:10E980006076E676112085F82F0078E0B9F8061059
:10E9900031B1C00700D02682208A90B1A9F80600C4
:10E9A000E676D9F82000C9F81C00B9F8060088B14D
:10E9B000208A78B12830A9F80400182085F82F00A3
:10E9C00060E0608A884201D2A9F80600B9F8060022
:10E9D0002082E5E799F8000080070ED52820A9F8E5
:10E9E000040085F82FA04DE09BF80000C0077ED002
:10E9F00066768BF800A002F032F978E0BBF80400EC
:10EA000008B1FFF759FA98F82F00C00712D09BF809
:10EA10000000C00704D007206076A676268201E0B9
:10EA2000062060760120FFF747FA8BF800A002F07D
:10EA300016F922E09BF80000C00703D0052060769D
:10EA4000268254E0BBF80400B8B950E0BBF80400DB
:10EA500008B1FFF731FA98F82F00C0070AD0072055
:10EA60006076A6760120FFF727FA8BF800A002F067
:10EA7000F6F802E0BBF8040088B388F82FA028203D
:10EA8000A9F80400502085F82E001835207AA874C3
:10EA9000607AE874A07A2875E07A6875207BA8739C
:10EAA000607BE873A07B2874E07B6874062005F81F
:10EAB000010CA0886881E088A881314801886980BC
:10EAC0004088A8802088E88060882881183D607E82
:10EAD000C00612D585F8316085F8306013E006E095
:10EAE0009BF80000C00702D007206076A676A9F840
:10EAF000046089F80060BDE8FF9F0F2085F83000B2
:10EB0000CA2085F831004020A875B9F80400010A30
:10EB10002974687485F8356085F834606E86FFF76F
:10EB200063F8C04368864520A873EE736E752E7532
:10EB30004020A875B9F80800401CA9F80800010A8F
:10EB4000A974E8742E83FFF724F8C04328830D4886
:10EB5000C18B491CC1830B498888401C888089F877
:10EB60000060C8E70346002909DD05488AB20E386F
:10EB7000C280006A834202D0194630F0FBBB704766
:10EB8000BA000060C41D016010B5C04900220A70BF
:10EB9000BF4B087800EB400404EBC0041C44226027
:10EBA000401CC0B208700828F3D310BDF0B5B74AB6
:10EBB0009078401CC4B2947000231370B44D117847
:10EBC00001EB410000EBC1002844068847883E4322
:10EBD00004D0867AA61B782E00DB0360491CC8B2DD
:10EBE00010700828EBD3F0BD2DE9F041A74F4FF08E
:10EBF000000C87F800C0A64E3A7802EB420303EB04
:10EC0000C20333441C8884B15D8875B1B0F80080BC
:10EC1000A0450AD14488AC4207D10868586088886A
:10EC20001881B8789872BDE8F081521CD2B23A705F
:10EC3000082AE1D387F800C03B7803EB430202EBDC
:10EC4000C302324414880CB9548824B15B1CDBB273
:10EC50003B70082BF0D33B78082B1FD187F803C0FB
:10EC600087F801C087F800C0BC783A7802EB42030D
:10EC700003EBC2033344FD789B7AE31AAB4201DD18
:10EC8000FB707A70521CD2B23A70082AEDD37A78AF
:10EC90003A7002EB420303EBC20232440068106098
:10ECA0000868506088881081B8789072BBE72DE9B9
:10ECB000F047784D002029882A2902D22880BDE813
:10ECC000F0872880744C754F224602F11601B4F883
:10ECD0001490B2F826C0881DB7F80080128D7B888A
:10ECE0004FF40076B9F5807F08D0B145E7D1C4452F
:10ECF000E5D19A42E3D1BDE8F04775E7C445DED1DE
:10ED00009A42DCD1FFF770FFA682D4F81600206289
:10ED1000618BA184624B1A68C4F816209B886383B8
:10ED2000C4F8062063812060A180A08BE084E08B82
:10ED300020853888A0837888E0834FF4C160A08163
:10ED40002A202880BBE72DE9F05FDFF84CA1544B67
:10ED50005046BAF81E104FF6FF72008C9C881D6852
:10ED6000914201D1904206D04E4A138899420AD16D
:10ED70005288904207D14C480168CAF80010808838
:10ED8000AAF8040040E0454F484BB7F800901A88B5
:10ED9000B7F802803D4F01EA020609EA02023F1D70
:10EDA000964206D15A8800EA020308EA0202934218
:10EDB00005D03F48018839804088788001E039805B
:10EDC0007880324B4FF0000B83F800B03E88DFF8BC
:10EDD000C0C07F88197801EB410000EBC10060449E
:10EDE0000288964202D14288974204D0491CC9B297
:10EDF00019700829EED31978082912D04168CAF889
:10EE000000100089AAF80400CAF80650AAF80A40BF
:10EE10000820AAF80C001F4801880E310180BDE8C7
:10EE2000F09FFF2206211C4830F0B6FACAF820B045
:10EE3000AAF824B0CAF80650AAF80A40CAF8165030
:10EE4000AAF81A40AAF82660AAF82870AAF81C9016
:10EE5000AAF81E804FF48070AAF81400AAF80E00D9
:10EE60000820AAF8100006208AF8120004208AF868
:10EE700013004FF4C160AAF80C0007480D49363062
:10EE8000086004482A210180C9E70000E40000600E
:10EE9000021E0160B0000060F8090160BA00006065
:10EEA000A4000060C20000602C160408BE000060D0
:10EEB000E0000060C80000602DE9FC4751480546AD
:10EEC000FCF7BEFA064600204E4C4F49133C221870
:10EED000D27C0A54401CC0B20628F8D340F27641D6
:10EEE0001420FCF790FAFEF783FEA07B40B10621C8
:10EEF000284600F05EFA00F078FA3046BDE8FC875C
:10EF0000237CE17B43EA0120020242EA1027A27C33
:10EF1000657C42EA05204FEA002C4CEA1020DFF81D
:10EF2000ECC0ACF80070ACF80200A07F677F40EA4C
:10EF30000720070247EA102794F8200094F81FC022
:10EF400040EA0C204FEA002C4CEA1020DFF8C0C049
:10EF5000ACF80070ACF80200A07E94F819C040EA4A
:10EF60000C274FEA072848EA1729ADF80490277FB5
:10EF7000E47E47EA04284FEA082A4AEA1828ADF84E
:10EF80000680DFF890A0AAF80090AAF80280CCF1E1
:10EF9000FF0C41EA0C018DF80010C0F1FF000343A3
:10EFA0008DF80130C4F1FF0005438DF80250C7F120
:10EFB000FF0002438DF8032043EA0120040244EAE3
:10EFC0001020154C208042EA0520070247EA102055
:10EFD000608002EB05201A0402EB016108440F492E
:10EFE00008600120FEF740FD87E710B50C4940F2AC
:10EFF000EE50FCF726FB80B210BD0A480849008895
:10F00000FCF7D6BAC54C0460A4000060BA000060EA
:10F01000E0000060BE000060C200006044010060CB
:10F02000F8090160B00000603522027001224270D0
:10F030008170C01C70473621017004214170F14974
:10F04000D1F81910C0F80210801D704732210170EC
:10F0500004214170EB49D1F82110C0F80210801D45
:10F060007047372101700321417001228270C17005
:10F0700006210171401D7047FF2100F8011B7047F8
:10F080002DE9F0410446012020706070DD4D1135FE
:10F090002879A0700020E070DB4E3168616020812B
:10F0A00080216181D9490968E16020616061A061C6
:10F0B00004F11C006A682968074630F05BF968684B
:10F0C000C0F11001384430F06EF9402104F12C00F9
:10F0D00030F069F9802104F16C0030F064F9706857
:10F0E000C4F8EC00BDE8F08170B5C94D2C6820462D
:10F0F000FFF7C6FF012104F1F000FFF795FFFFF7CE
:10F10000B0FFFFF7B9FF01462868BDE87040091A53
:10F11000FFF728BD70B5BE4D2C682046FFF7B0FF45
:10F12000032104F1F000FFF77FFFFFF784FFFFF7F3
:10F130008DFFFFF7A1FF01462868BDE87040091A5E
:10F14000FFF710BD10B544180023AE4A2EE0017839
:10F15000332924D006DC01290BD003290ED006293F
:10F1600021D110E0352913D0362913D0FF291AD127
:10F1700020E0D0F80210C2F8251014E0D0F80210F8
:10F18000C2F82D100FE0D0F80210C2F829100AE0E2
:10F19000837808E0D0F80210C2F8191003E0D0F824
:10F1A0000210C2F81D104178801C0844A042CED342
:10F1B000184610BD184610BD70B5954804682078F3
:10F1C00002280FD104229049201D30F032F948B9AD
:10F1D0008C4D04F11C00D5F81520D5F8111030F035
:10F1E00028F908B1002070BD2069C5F821008948C0
:10F1F000018804F1F000BDE87040A3E710B5814933
:10F200000020C91C0A6890808348C27B037C02EB03
:10F210000322CA83427C837C02EB03220A84427E5F
:10F22000837E02EB03224A84C27E037F02EB032229
:10F230008A84427F837F02EB0323CB84C27F90F8D2
:10F24000204002EB04220A854B858A8502218173C6
:10F2500010BD2DE9F04701216A4C4FF4BD77002520
:10F2600020886E4E4FF4D678B8424AD007DC4FF46F
:10F270007A7958B1A0F5807051386FD114E04045CB
:10F280006DD04FF4D972904268D189E00120A0700E
:10F29000A4F80F90FFF728FFB4F80F10E01DFEF759
:10F2A000FFFB40F2511020803078800703D4E01D2E
:10F2B000FEF708FCE8B33078800703D5FFF77CFF42
:10F2C000022843D0B4F80F004EF66021884205D2E0
:10F2D0004FF6FF7101EA4000A4F80F00B4F80F00E8
:10F2E000B0F57A5F3FD2A0780228D3D1A4F80F906E
:10F2F0003570FFF70FFFB4F80F10E01DFEF7D0FBDD
:10F3000027803078800703D4E01DFEF7DBFB00B3D5
:10F310003078800703D5FFF74FFF05281BD0B4F8DE
:10F320000F0042F2107188421AD800F57A7080B24C
:10F3300000E008E0A4F80F00B0F5FA5F13D2A0785F
:10F340000328D6D111E00020BDE8F0870220A0708C
:10F35000CCE70020F8E70320A07006E026E019E0E3
:10F3600025800020F0E7FFF749FF264801F0F4FC74
:10F37000B4F81F00FEF7FFFB8146B4F81D00FEF74E
:10F38000FAFB09EB004132204143E01DFEF788FB08
:10F39000A4F80080E01DFEF795FB0028A9D1D3E773
:10F3A00011B100212280FBE70320CDE72580022058
:10F3B000CAE738B5134CC4F81100C4F8151000257D
:10F3C000A5704FF6FF70ADF80000ADF802004FF4E5
:10F3D00086416846FEF7F6FCC4F8030010B14FF40E
:10F3E00088418180258038BD33E708B5054880789D
:10F3F000002806D1ADF80000ADF8020003490880EE
:10F40000488008BD5A1E016032160408BA00006028
:10F41000C8000060B0000060B24C0460AC00006046
:10F420000B0A0370417000218170C170110A0171D3
:10F4300042717047C14800681C30D0F8051000299F
:10F4400003DDD0F80100FFF78DBB7047BB480068B3
:10F450000021C0F821107047B8480068B8490A7800
:10F4600042F080020A7000210177C0F82110704735
:10F47000B348017821F0800101707047B0480178ED
:10F4800021F0800101707047AD48017821F08001C2
:10F49000017070472DE9FC5F4FF0000AA74805682E
:10F4A0001C35A84B1878800601D5FFF7EDFF1878BA
:10F4B000000601D5FFF7E2FF1878C00601D5FFF777
:10F4C000D7FF1878400601D5FFF7C6FF1878C007A8
:10F4D00001D0FFF7BBFF9B48994F0078800734D5D8
:10F4E0009A48DFF864920168B9F8002098482FF034
:10F4F00041FFDFF85CC24FF001089CF80000EE28E5
:10F5000015D19CF80100102811D19CF8020070B9A7
:10F510009CF8030058B99CF8040040B99CF8050019
:10F5200028B99CF8060010B99CF8070048B1894C2E
:10F530009CF806100026207981420BD0FF2905D0C7
:10F5400010E04FF0010A87F80180DCE09CF807002A
:10F55000192807D04FF0010A7E807D49012017F05D
:10F5600065F8D0E000297DD09CF80700032813D06F
:10F57000062811D010280FD019280DD001280BD043
:10F58000022809D0042807D0052805D00F2803D069
:10F59000182801D0FF2865D1102806D19CF80C004E
:10F5A000B9F80020101A0D285CD194F82A004FF009
:10F5B000020A072813D094F82800072812D094F8DC
:10F5C000290007284ED184F824800020DFF894C158
:10F5D000614B624ADFF888B19CF800C01BE084F8F8
:10F5E00024A0F2E784F82460EFE713F800E0714507
:10F5F00002D184F824A00CE012F800E0714502D199
:10F6000084F8246005E01BF800E0714501D184F81E
:10F610002480401CC0B26045E7D394F823000A2838
:10F6200001D184F824605048007808B1022803D141
:10F630004E480068FCF7FCFF4D480068FCF7F8FFF7
:10F640004C480068FCF7F4FF4B480068FCF7F0FFFB
:10F650004A480068FCF7ECFF94F82300012809D021
:10F66000052800E068E005D0022803D0062801D074
:10F67000032803D142480068FCF7DAFF414880F8CC
:10F680004B604FF0010A7E80DFF8C4B003229BF884
:10F6900001109BF8000041EA00219BF80B0002EBEF
:10F6A00040026846FFF7BCFEB9F800002334801F13
:10F6B00081B262786B460BF1060015F0BDF92A485D
:10F6C00080F800803048067029480068FDF702F88D
:10F6D00028480068FCF7FEFF27480068FCF7FAFF9F
:10F6E00026480068FCF7F6FF2078012807D0052897
:10F6F00005D0022803D0062801D0032803D12048D2
:10F700000068FCF7E7FF0F48007800F0040100F004
:10F710000202114305D1C10703D1410601D40007FC
:10F720000AD5BAF1010F07D1184845F8010F7888BA
:10F730006860BDE8FC5F7DE6BDE8FC9FD00000602E
:10F74000EC000060AC000060B0000060C800006029
:10F750008B1E0160B24C04603A0604603E040460F3
:10F760003C050460E8020060D703006018030060F5
:10F7700060040060100400601C0400600C04006061
:10F780004804006088560460D8030060B71F016019
:10F7900038B54DF204242046FEF77BFB4FF0FF32D4
:10F7A000042168462FF0F8FD21466846FEF70AFB63
:10F7B000002800D0848038BD70B505464321FE483E
:10F7C0002FF0F1FDFC4C15B1012D03D004E06520B4
:10F7D000208001E0672020801D206080F74D287880
:10F7E000A0806878E080A8782081E878608195F82A
:10F7F000230028B1401F032805D84A20A08104E037
:10F800003220A08101E02320A0812879E081E87BDB
:10F810002082287C6082687CA082A87CE082B5F986
:10F8200021002CF02AFC20834FF41F702CF025FCC3
:10F830006083E8792CF021FCA083E1480068C0F3E4
:10F84000072141EA00216184DE49097884F8241007
:10F85000010C090241EA1060A4F83900002084F884
:10F860003B00B5F84910A187D749097884F83E10C4
:10F8700084F83F000A2184F8401084F8410084F89D
:10F880004200D24901220A70487070BD38B5CF4C91
:10F890000025606A002800D08580E068C0F3072159
:10F8A00041EA0022C3B2120241EA032142EA1121D5
:10F8B000ADF80010C0F30741090241EA10600102EF
:10F8C00041EA1020ADF80200208AC0F3072141EA86
:10F8D000002081B26846FEF775FA6062002803D006
:10F8E0004DF204218180A57238BD2DE9F04F89B019
:10F8F0000024B74890F800A0BAF1430F05D8B548E6
:10F9000052460168B4482FF035FDB34F0125AB4E88
:10F910003878DFF8B8824FF00009642803D0062257
:10F9200066287DD052E2012088F80000787850B92E
:10F93000B87840B9F87830B9387920B9BAF1050FFC
:10F9400001D188F80990717C327CB37CF57B14E09E
:10F9500007EB840090F801C0AC450CD190F802C0D0
:10F96000944508D190F803C08C4504D100799842A1
:10F9700001D188F80090641CE4B2B4EB9A0FE7D38D
:10F9800098F8000000287CD00020FFF715FF8A4C73
:10F990000020A077E07784F8200084F8210004F1AB
:10F9A000250014228D4908902FF0E4FC98F80900F6
:10F9B00004F14307411C88F8091000EB400101EBFA
:10F9C00080103844432221462FF0D4FC002571E0FA
:10F9D000DFF80CC2C5EBC50101EB0C029379DC2BFF
:10F9E0000FD21CF80100DFF8FC9100F0070A09EBC8
:10F9F000D009012099F8009000FA0AF019EA000FE6
:10FA000056D0232B54D096F800C096F8019096F863
:10FA100002E00CEB09204FEA0E4B96F803A000E041
:10FA200041E10BEB0A6B8344D2F8010083453FD0E0
:10FA3000A080C0F3072BA4F806B0C0F3074BA4F8CE
:10FA400008B0000E6081A3816548405CE081002021
:10FA50006084A4F83900012084F83F0084F81EC0B7
:10FA600084F81F9084F820E084F821A0507900F0F9
:10FA70000F01491E84F84110000984F842005A48D9
:10FA800000E094E100EB0511142208982FF072FCBD
:10FA900098F809001D280BD2411C88F8091000EBCA
:10FAA000400101EB80103844432243492FF062FCAF
:10FAB0006D1CEDB24D480078854289D30025DFF8F2
:10FAC00030A1DFF830B148E005EB850000EBC5015F
:10FAD00001EB0A09D9F80100A080020AE280020CB9
:10FAE0002281000E60810820A0811AF80100E081C7
:10FAF0003078A0777078E077B07884F82000F078DC
:10FB000084F8210098F809001D280BD2411C88F8C0
:10FB1000091000EB400101EB8010384443222649D4
:10FB20002FF028FCD9F80500A080010AE180010C23
:10FB30002181000E608198F809001D280BD2411C1C
:10FB400088F8091000EB400101EB80103844432293
:10FB500019492FF00FFC6D1CEDB29BF80000854297
:10FB6000B2D30025DFF890A0DFF890B08BE02B2017
:10FB700005FB00A1887CE8B9D1F80500D0B1A080D0
:10FB8000020AE280020C2281000E6081887AA08144
:10FB90004A7AE2813078A0777078E077B07884F89C
:10FBA0002000F07884F821000868C0F3072141EABA
:10FBB000002125E065E00000AB210160B24C04604B
:10FBC000880200606702006062030060F00000606D
:10FBD000B0000060C8000060C8290160B47803600C
:10FBE0007A310460B23A04608C1E0460E80200605E
:10FBF000C94304600D030060889B03606C020060D1
:10FC0000618484F82420010C090241EA1060A4F800
:10FC10003900142103A82FF0C6FB4D208DF80C00ED
:10FC200053208DF80D0054208DF80E0050208DF8D3
:10FC30000F003A208DF810004FF000098DF81F904A
:10FC4000142203A908982FF095FB0C2084F83F009C
:10FC50001AF090F884F84100D8B102281ED084F838
:10FC6000429098F809001D280BD2411C88F8091011
:10FC700000EB400101EB801038444322FE492FF095
:10FC800079FB6D1CEDB29BF800008542FFF46FAF6D
:10FC9000D8E0FA48007884F84200E2E7F8480078B3
:10FCA00084F84200DDE77978F37B99427ED1B97818
:10FCB000337C99427AD1F978737C994276D139793B
:10FCC000B37C994272D1787C317888420BD1B97C6F
:10FCD0007278914207D1F97CB278914203D1397D93
:10FCE000F27891420AD0002861D1B87C00285ED118
:10FCF000F87C00285BD1387D002858D10120FFF71F
:10FD00005BFD4321DC48FEF72DFF86F80E907979E4
:10FD1000F173B8793074FA7972743A7AB27496F8E9
:10FD20002A30012B07D0092B05D096F82830012B5B
:10FD300001D0092B01D1D34B1D707B7A7376BB7A2E
:10FD4000B376FB7AF3763B7B33777B7B7377BB7B36
:10FD5000B377FB7BF3773B7C86F8203039B330B345
:10FD60002AB32F2022F069FD317C302022F065FD7E
:10FD7000717C312022F061FDB17C322022F05DFDEA
:10FD8000717E332022F059FDB17E342022F055FDE2
:10FD9000F17E352022F051FD317F362022F04DFDDD
:10FDA000717F372022F049FDB17F01E00EE049E08C
:10FDB000382022F042FDF17F392022F03EFD317FD4
:10FDC0003A2022F03AFD88F802503BE069284DD0F5
:10FDD0006C2837D0652855D1AB4CA08990B3B4F8C6
:10FDE0003900010241EA1021608C030243EA102627
:10FDF00061F31F46A18F8DF81110080A8DF81200CB
:10FE0000207C8DF80D00A07C8DF80E00207D8DF8F3
:10FE10000F00A07D8DF810008DF80C20ADF8149027
:10FE20008DF8169003AA4FF4F071304625F0D8FDF6
:10FE3000CDE90095029594F82420002303A93046CB
:10FE40000EF002FE98F8090000281BD08F480068C9
:10FE50000168C8F80C10C088010241EA102080B285
:10FE6000C8F8100009B0BDE8F04F0FE50020884940
:10FE70003A1852780A54401CC0B20A28F8D3854870
:10FE80000570DFE709B0BDE8F08F70B5824D2878C6
:10FE9000000712D5814E824C30686061A169401A1A
:10FEA00064280AD3207A30B1052104F12800FEF736
:10FEB00059FE002020723068A0612878800702D5A2
:10FEC000BDE8704011E570BD2DE9F04700246E4893
:10FED0008C2146302FF067FA6F480078000759D51B
:10FEE0006E4E6F4D3068E861296A401A642851D31C
:10FEF000A87A697A88420FD200F10101A97200EB59
:10FF0000400101EB80105C4901F1430108444FF0CE
:10FF10004301FEF727FE3BE03AD85B4F4FF02F003E
:10FF200007F1460738705F4803787B705E480178B8
:10FF3000B9704178F97081783971C0787871DFF8DB
:10FF40006CC1DFF86C914FF0010817E0C4EBC400FE
:10FF50001CF8000009EBD00100F00702097808FA4C
:10FF600002F2114202D04FF0010201E04FF0000214
:10FF700007EB44014A75887504F101049C42E5DBF6
:10FF800041488C214630FEF7EDFDA87A401CA8724E
:10FF900030682862BDE8F0872DE9F04188B0454A15
:10FFA0003F4E307902EBC004A178012903D0411CF7
:10FFB00031716428F5D330790025642804D3357174
:10FFC000002008B0BDE8F081F078401CC0B2F070AD
:10FFD0000A2802D9F5700020F3E7E07812F0C5FE98
:10FFE000002869D0401E00F0FF08E0788DF800007E
:10FFF00010208DF8010001208DF802009A208DF864
:020000040801F1
:1000000003008DF8045007208DF805000E208DF8B0
:1000100006008DF807501E4881798DF808108DF87C
:10002000095041798DF80A108DF80B5001798DF83F
:100030000C108DF80D50C1788DF80E108DF80F5002
:1000400081788DF810108DF8115041788DF81210CC
:100050008DF8135000788DF814001521684615F0BE
:10006000E6F9010A8DF815108DF81600404615F0D6
:1000700052FA4246172120E0AB2101606403006080
:1000800066030060CC070060C8290160D4000060EE
:10009000F8170060E0030060AC0000603000006012
:1000A000F0000060E8020060B24C04607A31046045
:1000B000B23A0460D13B04601EE0684615F0CFF907
:1000C00042460821002019F093FE41464FF4FA7091
:1000D00019F0D6FE071E11D0B91EFA4815F0A7F97F
:1000E00081B2F8483844801E4278007802EB002044
:1000F000884205D0002064E7002062E7002060E726
:1001000042460021012019F073FEA570F570012010
:1001100057E72DE9F04F8BB00746EB4ADFF8ACB359
:100120009BF8070002EBC0042178012904D0411C90
:100130008BF807106428F3D39BF807000026642887
:1001400004D38BF8076000200BB09CE6E079411CDB
:10015000E1710A2801D20020F6E79BF80600401C56
:10016000C0B28BF806000A2803D98BF8066000207D
:10017000EAE7E07812F0F9FD38B1217939B1401E93
:10018000C0B20090DFF83C83FCE00020DCE70020F8
:10019000DAE7E1788DF8041010218DF8051000EBF6
:1001A000400140F22D3202EB81010A0A8DF806204F
:1001B0008DF807108DF808600C218DF809101821B2
:1001C0008DF80A108DF80B602179491E01EBC102F0
:1001D000BF4901EB021202EB001252788DF80C209D
:1001E0008DF80D602279521E02EBC20201EB021261
:1001F00002EB001212788DF80E208DF80F60227934
:10020000521E02EBC20201EB021202EB0012D27884
:100210008DF810208DF811602279521E02EBC20277
:1002200001EB021202EB001292788DF812208DF889
:1002300013602279521E02EBC20201EB021202EBA2
:10024000001252798DF814208DF815602279521E13
:1002500002EBC20201EB021202EB001212798DF8DE
:1002600016208DF817602279521E02EBC20201EBB4
:10027000021202EB0012D2798DF818208DF8196065
:100280002279521E02EBC20201EB021202EB0012B3
:1002900092798DF81A208DF81B602279521E02EB9C
:1002A000C20201EB021202EB0012527A8DF81C20FE
:1002B0008DF81D602279521E02EBC20201EB021280
:1002C00002EB0012127A8DF81E208DF81F60227941
:1002D000521E02EBC20201EB021202EB0012D27AB2
:1002E0008DF820208DF821602279521E02EBC20287
:1002F00001EB021101EB0010807A8DF822001F2122
:1003000001A815F094F8010A8DF823108DF8240047
:1003100037B1212101A8009A0CF08AF9C0B213E785
:10032000009815F0F8F8212101A8009A15F097F827
:1003300008210020009A19F05BFDC820009919F0EF
:100340009FFD051E0FD0A91E5E4815F070F881B202
:1003500008EB0500801E4278007802EB00208842FE
:1003600003D00020F0E60020EEE600210120009AF4
:1003700019F03EFD6420FDF777FB9BF80500401C5B
:100380008BF805009BF805000828FFF402AF4FF03A
:10039000060A4FF01109A2E0E1788DF804108DF8FB
:1003A00005A0083840F28D3101EB4000010A8DF8BC
:1003B00006108DF807008DF808908DF80990062139
:1003C00001A815F034F8010A8DF80A108DF80B0019
:1003D0000FB10020B8E6009815F09DF8082101A89B
:1003E000009A15F03CF808210020009A19F000FD51
:1003F0006420009919F044FD051E0FD0A91E314854
:1004000015F015F881B208EB0500801E42780078DF
:1004100002EB0020884208D0002095E6082101A8C0
:10042000009A0CF005F9C0B28EE64FF4FA70FDF7B1
:100430001BFBE0788DF804008DF805A09BF8050003
:1004400040F28E31083801EB4000010A8DF80610A9
:100450008DF807008DF808608DF80990062101A835
:1004600014F0E5FF010A8DF80A108DF80B000098D2
:1004700015F051F8082101A8009A14F0F0FF0821A6
:100480000020009A19F0B4FC6420009919F0F8FCDF
:10049000051E0FD0A91E0B4814F0C9FF81B208EB4E
:1004A0000500801E4278007802EB0020884211D0BF
:1004B000002049E6082101A8009A0CF0B9F8C0B262
:1004C00042E6000094530460D13B0460F0000060F9
:1004D000083903609BF80500401C8BF805009BF869
:1004E00005001028FFF458AF8BF8056026708BF8D4
:1004F0000660012028E6000038B50024FAF714FC55
:1005000004E0641CE4B23220FDF7AEFAFEF7D4FC3E
:1005100008B1642CF5D3FE4CA07B08B1022834D17D
:10052000022801D10120A073B4F82100010241EAA0
:10053000102080B2FDF7ADFC04F060FCFFF728F955
:10054000607FA17F00EB0120ADF80000E07F94F810
:10055000201000EB0120ADF8020002F0E5F868463B
:1005600002F0D5F894F84800012801D900F04CFDBC
:1005700094F84700022808D1E6A002F072F8E9A03A
:1005800002F06FF8EBA002F06CF8EE48EE4900685C
:10059000886038BD2DE9F05FEB4C012720780028FA
:1005A0000CD127704FF4FA7104F12C00FDF778FAA2
:1005B00042F2107104F13400FDF772FAFEF715FDF6
:1005C000E24D2880E24EDFF88C83DFF88CA34FF0F9
:1005D0003C09D0B30020A080E0490868401C0860B6
:1005E000DF4807704FF40060FDF7C5FADD4CA189C4
:1005F000884214D10120FDF783FC288800280CD004
:10060000FEF7A1FBFEF7F9FC012806D13068401C7B
:10061000306088F80070AAF80090BDE8F09F40F6BE
:100620000600FDF7A8FAA1898842F6D1FEF73FFB44
:1006300028880028F1D0FEF7E0FC0128EDD13068D1
:10064000401C306088F80070E7E7FFE7BE482C30B8
:10065000FDF738FA0028E0D0BB482C30FDF727FA28
:100660000024DFF804B304EB840000EB441000EB3B
:100670000B01BE4801600220FDF742FC288860B1F2
:10068000FEF761FBFEF7B9FC012806D13068401C7B
:10069000306088F80070AAF80090641CE4B20A2C5C
:1006A000E1D30024DFF8C8B204EB4400C0EB4410EF
:1006B0000BEB4001AF4801600520FDF721FC2888C5
:1006C00060B1FEF740FBFEF798FC012806D13068C8
:1006D000401C306088F80070AAF80090641CE4B2F6
:1006E0000A2CE1D398483430FDF7ECF9002894D077
:1006F00095483430FDF7DBF9BDE8F05FFEF756BAF8
:1007000000240025DFF87092012089F83C00FFF7F3
:10071000F3FEDFF86882002688F800601BF05DFDBC
:10072000DFF85CA2974F8AF80060FFF733FF387854
:10073000012803D094480078012807D16D1CEDB240
:100740000A2D03D100253E7014F032FF98F8000006
:1007500040B1641CE4B2642C04D9002488F8006021
:1007600014F033FFF8F7EDFA0520FDF77DF9B9F83D
:100770000000401CA9F80000D5E7F0B587B0834E13
:10078000714D3068E86029690024401A64280FD34D
:100790007F4F387850B17F48B0F85812FEF7E2F931
:1007A0003C707D49087808B1401E087030682861A7
:1007B0007A480078800727D57A4979480860634DE0
:1007C00079492A8809682EF0D5FD7849288808805B
:1007D000684800680188ADF818104188ADF81A1013
:1007E000C18806A8FDF7EEFA054601234FF41672FC
:1007F0006B4901A804F088FD024622B10123684933
:1008000001A829F0ABFDAC8007B0F0BD70B55F4D1D
:100810004D4C28686061A169401A642810D3644E69
:10082000307858B16348B0F85812FEF79BF90020B1
:1008300030706149087808B1401E08702868A061CE
:1008400070BD38B5404C0025A06A002800D08580D6
:100850005A480068C0F3072141EA0022C3B21202DD
:1008600041EA032142EA1121ADF80010C0F307412B
:10087000090241EA1060010241EA1020ADF80200CD
:100880004F480088C0F3072141EA002081B2684642
:10089000FDF798FAA062002807D01D49B1F8491069
:1008A0000A0242EA11218180A57038BD70B53B482B
:1008B000007800071AD5354D234C2868E061216A7D
:1008C000401A642812D3A078617888420CD240F292
:1008D0002D1148433B4901EB4000B0F85812FEF798
:1008E00041F9A078401CA0702868206270BD70B5E6
:1008F000204C20688088A0F55241043902D108B10B
:10090000FFF7E2FA024DB5F8490001025CE0000091
:10091000B24C04607777772E333332322E6F7267A2
:10092000000000007777772E64796E646E732E6313
:100930006F6D00007777772E6E6F2D69702E636F65
:100940006D000000A403006020010060B0000060A2
:1009500028040060320400609603006024040060F4
:1009600033040060F8090160FA190160D0000060EA
:10097000801B0160D400006088560460F2000060B3
:10098000DF030060E7030060ED00006030000060FE
:10099000010300609A2A016003030060AC0000605C
:1009A000E6CC016000020060C8000060EA0100605F
:1009B00002030060F42C01605403006080020060B8
:1009C000840200604E2F016041EA102082B220684C
:1009D00081888A420CD159B1C188FE480088C0F391
:1009E000072242EA002080B2814201D1FFF75EFF78
:1009F000B5F84900010241EA1020216880B28988D7
:100A0000884207D1F448007810B1FFF7FFFE01E0FB
:100A100004F01EFA20688088A0F58A409C3806D031
:100A2000A0F50C40683804D1FFF72FFA01E0FFF77A
:100A3000A4FE2068C088B0F5864F16D00BDCA0F568
:100A40004050753815D0A0F580608B3811D1BDE8C5
:100A5000704001F0F2BDB0F5A04F0AD0B0F5F64FEE
:100A600007D1BDE8704000F099BCBDE87040FEF7CA
:100A7000BBBC70BD2DE9F04F89B004462568D74E48
:100A80003078000715D50021D54801EB810210F818
:100A90002220B2EB156F08D101EB810100EB810040
:100AA000D049C978FEF75EF803E0491CC9B20A29AB
:100AB000EBD330784FF00007810600D5677601064A
:100AC00000D56776C10600D56776400607D50320B6
:100AD0006076E188204613F027FDC349087030781E
:100AE000800771D5DFF804B3C148DFF808A3BBF86D
:100AF0000020DFF804834FF001090B2A35D00D2ABE
:100B000033D00A2A31D00C2A01D0112A5CD10168D5
:100B100004A82EF02FFC8AF800909DF811000BF02D
:100B20002AF900EBC00101EB410202EB0804B4F822
:100B30001510090A401C7AD09DF81000B0EB156F13
:100B400075D1AE4BD88D401CD885E1B39DF81C0003
:100B50009DF819309DF81B5000EB03609DF81A308A
:100B60001B0403EB052318446AE0016804A82EF077
:100B700001FC9DF811000BF0FEF8411C57D000EB72
:100B8000C00000EB400303EB0804B4F81510080A9A
:100B90009DF81020B2EB156F49D1BBF800200D2A4B
:100BA00004D101F07F05042D00D1012088B19DF80A
:100BB0001C209DF819509DF81B6002EB05629DF802
:100BC0001A502D0401E035E031E005EB06255619F9
:100BD0000DE00B2A02D00A2A07D008E09DF81A205F
:100BE0009DF8195002EB052601E09DF819609DF86B
:100BF0001650227D95421AD1002A18D09DF8172050
:100C000001F07F018A4212D1CDE90067029018F805
:100C10000300E178401CC3B26078401EC2B2A078E5
:100C200009F09DF98AF80090A77684F80B9009B036
:100C3000BDE8F08F9DF81B009DF81A3000EB0320F3
:100C4000CDE90171009018F80200E178401CC3B2B0
:100C50006078401EC2B2A07809F081F9E7E72DE97B
:100C6000F8434FF0FF346648DFF898811425B0F858
:100C70002100654E010241EA102081B2D8F800003F
:100C8000828891420AD1FEF705FCD8F800008188DD
:100C900013F04AFC0446200000D43555D8F8000073
:100CA0004E4FC088B0F5A04F1FD158480068010EC4
:100CB000C0F3074242EA01210A0242EA1121ADF8DB
:100CC0000010C0F30721024661F31F22120261F3F4
:100CD0001F2042EA1020ADF8020000F05EFE002C5A
:100CE00003DB3878800700D53555D8F80000C08878
:100CF000B0F5C85F1AD14648D0F80200C0F30741EA
:100D0000020E41EA02210A0242EA1121ADF8001066
:100D1000C0F30721024661F31F22120261F31F2074
:100D200042EA1020ADF8020001F09AFAD8F800006B
:100D30004FF20162C18891420CD1FFF79BFED8F8B7
:100D40000000C18813F0F0FB002803DB3978890725
:100D500000D53554BDE8F8832DE9F04104462D4F08
:100D600034F8210F3880608878802B4EA08830803E
:100D7000E0887080294DA0892880E089213C688026
:100D800001F0D2FC04F1290001F0C1FC1C4CB4F8C4
:100D90002100010241EA102080B2FDF77AF894F8B0
:100DA0004800012801D900F02FF994F847000228E3
:100DB0000BD1AFF2A04001F054FCAFF2984001F02B
:100DC00050FCAFF2904001F04CFC0D480422114958
:100DD0000F3025E08402006002030060AC00006078
:100DE000E2A4016020010060F6020060B000006033
:100DF000C800006009030060287C03607C5B04601D
:100E0000B24C0460D0000060F81D016090010060E9
:100E100006C20160BA000060BE000060E000006031
:100E20002EF007FBB8B33888FCF7A5FE000A10D1F6
:100E30003888FCF7A0FE10F0FF0F0AD17888FCF785
:100E40009AFE000A05D17888FCF795FE10F0FF0F96
:100E500021D03888FCF78FFE000AE0733888FCF751
:100E60008AFE20747888FCF786FE000A6074788811
:100E7000FCF781FEA074E17B2F2021F0DEFC217CB9
:100E8000302021F0DAFC617C312021F0D6FCA17CFD
:100E9000322021F0D2FC0422564957482EF0C9FADC
:100EA000B8B33088FCF767FE000A10D13088FCF731
:100EB00062FE10F0FF0F0AD17088FCF75CFE000A9A
:100EC00005D17088FCF757FE10F0FF0F21D0308855
:100ED000FCF751FE000A60763088FCF74CFEA076E5
:100EE0007088FCF748FE000AE0767088FCF743FE45
:100EF0002077617E332021F0A0FCA17E342021F0F8
:100F00009CFCE17E352021F098FC217F362021F0E9
:100F100094FC394804223949001D2EF08AFAC8B3DE
:100F20002888FCF728FE000A10D12888FCF723FE49
:100F300010F0FF0F0AD16888FCF71DFE000A05D1EA
:100F40006888FCF718FE10F0FF0F23D02888FCF704
:100F500012FE000A60772888FCF70DFEA0776888EB
:100F6000FCF709FE000AE0776888FCF704FE84F8C5
:100F70002000617F372021F060FCA17F382021F024
:100F80005CFCE17F392021F058FC94F820103A20D5
:100F900021F053FCE07B217C627CA37C657EC5F163
:100FA000FF052843A57EC5F1FF052943E57EC5F170
:100FB000FF052A43247FC4F1FF04234341EA0024B0
:100FC000250245EA14240E4D2C8043EA0224260211
:100FD00046EA14246C80090401EB0060094903EB24
:100FE00002221044486203F009FFBDE8F041FEF719
:100FF000CFBB0000BE000060CB4C0460E00000608E
:10100000C20000602001006010B5F14901200870A5
:10101000F0A001F026FBF4A001F023FBBDE8104096
:10102000F5A001F01EBB2DE9F0470C461646984688
:1010300000256060F4496423B1F9002092FBF3F1CC
:1010400049B292FBF3F703FB172252B200290DDAE3
:101050004942CBB25142C9B24FF461625343C1EB32
:10106000011103EB8101401A60600AE0CBB2D1B2FA
:101070004FF461625343C1EB011103EB810108445A
:101080006060DFF888A39AF8000070B1E048E14999
:10109000B0F807000988884207D3DF4909888842E9
:1010A00003D8606800F5616060606068DB4AB0FB8F
:1010B000F2F102FB1101A160B0FBF2F7E7604FF41F
:1010C0006162B1FBF2F0E075B1FBF2F002FB1011CE
:1010D000A4F819103C22B1FBF2F02076B1FBF2F03B
:1010E00002FB101984F81B9038462EF04EFCCC4AB7
:1010F000CC4B2EF0BCFB2EF082FC80B22082B8F1EB
:10110000000F19D000F2B27189B240F2B552B7FBAC
:10111000F2F28A0714D06FF4B67202FB0072A2EBEF
:10112000900212B2A4F81520491E890702D0521C61
:10113000A4F81520BC4A2DE000F26C7189B2E4E7F6
:101140006FF4B67101FB0071A1EB9001491C09B26B
:10115000A4F81510B8F1000F02D1491CA4F815101D
:10116000B14A0C3208E0133463882380535DC91AF6
:101170006180133C6D1CEDB2B4F915100029F2DC4E
:101180000CE0133463882380535DC91A6180133CDB
:101190006D1CEDB2B4F915100029F2DCA574B8F19C
:1011A000000F15D000F2B270208286F80090207EE9
:1011B0007070E07DB070E07CF070A07C7071207C7D
:1011C000A0F5FA60B0719AF800007072BDE8F0877F
:1011D00000F26C702082E8E72DE9F0418D4D00208F
:1011E00028808D4C2080924B904A93F86210491EC3
:1011F00005E0165C2F883E442E80401CC0B2814220
:10120000F7DC002093F86410491E05E0165C27887F
:101210003E442680401CC0B28142F7DC13F8630FC5
:1012200029880844288098782188084420807848B4
:10123000807900F5FA60FAF79CFA002805D0288832
:10124000401C28802088401C2080BDE8F081FEB52D
:1012500004460F4615461E460DF0C0FAE11B01EB91
:10126000C10100EB81006A4C6A4AB4F80710128889
:1012700091420AD3684A1288914206D8A91BC1EB51
:101280004112C2EB012100EB01100123604A6949C0
:10129000FFF7C9FE002220786178CDE901020091B4
:1012A000A378E2786179A079FAF706FBFEBD10B564
:1012B0006049086046490C398860002A0DD1006AEF
:1012C0000FF028FA0023524A5A49FFF7ACFE5A4958
:1012D000012008703E490420087010BD00B58DB093
:1012E0003021DB208DF8040000228DF80520042039
:1012F0008DF80600FA208DF807008DF808200120EF
:101300008DF809008DF80A208DF80B208DF80C203F
:101310008DF80D000A2001AB02E01A54401CC0B247
:101320008842FAD301A8FDF71DFC0DB000BD38B509
:10133000274C0C3C6068002801D000228280080EF7
:10134000C1F3074242EA0020020242EA1020ADF84F
:101350000000C1F307200A4660F31F22120260F367
:101360001F2142EA1120ADF802004FF4F641684611
:10137000FCF728FD60600120207038BD70472F48C1
:1013800090F8F010012902D011480078704790F8C9
:10139000EF0008B1002070470420704770B5284C5A
:1013A0002078000708D50A4D0C3D287820B1002090
:1013B000FFF794FF002028702078800707D5214888
:1013C0000022018820480068BDE870406FE770BDCA
:1013D0006C01006074696D652E77696E646F777358
:1013E0002E636F6D0000000074696D652E6E697369
:1013F000742E676F760000006E74702E736A7475B9
:101400002E6564752E636E009203006061030060B8
:10141000F8170060700200607202006080510100E5
:101420007B14AE47E1D376403A1604082016040830
:10143000B24C04602EBD0160E003006036C0026063
:10144000AC000060B0000060C800006010B5002073
:101450006A4A012302EBC001CC7804B18B70401CB6
:10146000C0B26428F6D3664C94F84D00012802D12E
:10147000022002F01AFF94F82A00092803D094F8F9
:101480002800092804D1BDE81040002002F00DBF5B
:1014900010BD10B501468A1E042A1DD2022906D0AD
:1014A000032909D004290CD005290FD011E0AFF28F
:1014B000B80001F007F90CE0AFF2D40001F002F936
:1014C00007E0AFF2F00001F0FDF802E04D4801F056
:1014D000F9F84D490068086010BD2DE9FE4F484AF3
:1014E000DFF8289192F84800022803D299F8F0001A
:1014F000012810D1464E3068401C3060454FDFF85F
:1015000018810025397841B14449884203D93D709A
:1015100088F800503560BDE8FE8FFFF730FF4FF0D0
:10152000010A04280FD098F8000003285ED2306822
:101530001421B0FBF1F301FB13000028EBD199F863
:10154000F000C0B34CE089F8F1A099F8F00078B948
:10155000334801784278CDE9011500928378C2784A
:1015600041798079FAF7A8F9FAF79DF9FFF76EFF4C
:101570000DF034F92B4C2060010EAE2021F05DF906
:101580002068C0F30741AD2021F057F92088C0F34F
:101590000721AC2021F051F92178AB2021F04DF941
:1015A00020682AF069FDC9F8CA0088F8005087F859
:1015B00000A03560AFE7FFE792F84800FFF769FF4A
:1015C0001148C178027841EA0261427880781204B9
:1015D00042EA002001431448B0F90000FFF7A7FEDB
:1015E00098F80000401C88F8000094E7032004F0FD
:1015F000A9FA88F8005087F800A08CE7D13B046076
:10160000B24C04604ABD01609E03006036C00260B7
:1016100000040060E2030060E30300600046050090
:10162000F81700608C020060920300600021EB4814
:10163000017001224270817001717047E7480121F9
:101640008170002101707047E4498878012801D138
:1016500001224A7070472DE9F04100210020E04A44
:1016600002F5B07605E0535C3354401C80B2491C4F
:1016700089B2302802D2535C002BF4D12F2802D932
:101680000020BDE8F0813A213154401C80B2002195
:10169000D34A203205E0535C3354401C80B2491CCD
:1016A00089B2302802D2535C002BF4D130280AD002
:1016B0004FF0000C06F800C000200022002100239B
:1016C000C84DC94F28E00020DBE7000220445B1C26
:1016D0009BB2521CD2B2032A1ED10022840C15F8F0
:1016E00004804C1CA4B207F80180C0F3053115F842
:1016F0000180611C89B207F80480C0F3851415F8D5
:1017000004804C1CA4B207F8018000F03F00611C6B
:10171000285C89B238550020402B02D2F456002CA8
:10172000D3D13D23022A02D0012A16D027E000029D
:10173000820CAC5C4A1C92B27C54C0F305316C5CE8
:10174000511C89B2BC54C0F385102A5C481C80B27D
:101750007A54411C89B23B5411E00204900C2C5C79
:10176000481C80B27C54C2F305316A5C411C89B2CA
:101770003A54481C80B27B54411C89B23B5407F850
:1017800001C001207DE7F0B587B098490888ADF821
:1017900018004988ADF81A10904CC7B20A34277067
:1017A000020A6270CBB2A370090AE1708B4D8C4EB5
:1017B000E8786036002804D0012821D002283DD0E6
:1017C00053E0FFF748FFC0B1E178A2786078CDE937
:1017D0000121834A009040322378854902F120009C
:1017E0002FF0A2F880B2E88030447F4A81492FF080
:1017F0009BF8E9880844E88037E0002007B0F0BD96
:10180000FFF729FFC0B1E178A2786078CDE9012126
:10181000734A009040322378774902F120002FF07C
:1018200083F880B2E88030446F4A74492FF07CF826
:10183000E9880844E88018E00020DFE7CDE901727C
:10184000CDE903316648664A40300090A0F120039C
:101850006B4920302FF068F880B2E8803044694945
:101860002FF062F8E9880844E880E078A178CDE9B3
:1018700000105D486378227863A140302FF054F85F
:1018800028810120BAE738B5544C624D2078296888
:1018900001280ED04FF4FA72022826D003282BD04C
:1018A000042821D16069081A90421DD9BDE838404A
:1018B000C4E659480068020EC0F3074343EA022217
:1018C000130243EA1222ADF80020C0F307220346B8
:1018D00062F31F231B0262F31F2043EA1020ADF8BE
:1018E000020002202070616138BD6069081A9042D0
:1018F000FAD9BDE83840A1E6FFF745FF012128B13C
:101900000420207028686061217138BDA17038BD45
:10191000F0B4049F314E7478012C39D10024DFF8E3
:10192000C0C00CF1400C155D2DB10CF80450641CC6
:10193000A4B2202CF7D30125202C23D00022DFF8DD
:10194000A0C09C5C2CB10CF80240521C92B2202A20
:10195000F7D3202A18D00022214C2034BB5C23B1BD
:10196000A354521C92B2202AF8D3202A0ED03161FF
:10197000F070357000217170B170032808D9B5700E
:10198000F0BC7047B570FBE7B570F9E7B570F7E7E5
:10199000F0BC78E711480078704770B51F4D0F4CC8
:1019A000287800070BD52078042808D1207930B199
:1019B000002020710A48E1886030FDF7D3F82878CC
:1019C000410601D503212170800704D52078042821
:1019D00001D10520207070BD704770477401006010
:1019E00068BD016052160408F8BE0160BA000060CC
:1019F000A82504087C24040834250408D8240408F5
:101A00001C2604083824040825752E25752E2575F6
:101A10002E2575003000006090010060AC00006071
:101A200010B5202139482DF0BEFC38482021203047
:101A30002DF0B9FC3548202140302DF0B4FCBDE834
:101A40001040FFF7F3BD08B501460020002906D07D
:101A5000012908D002290AD003290CD00EE02CA0BD
:101A600000F030FE0AE02EA000F02CFE06E030A0D0
:101A700000F028FE02E032A000F024FE002811D081
:101A8000006800909DF803009DF800109DF802206A
:101A900000EB01609DF80110090401EB02210844EC
:101AA0002B49486008BD10B5FFF7C0FD284C2078D1
:101AB000FFF7C9FF0120607010BD38B5244C2078B5
:101AC000032821D0617801291ED120B1012805D039
:101AD000022806D007E01F49616004E01E496160EA
:101AE00001E01E4961600949084B403100911C49E1
:101AF0002033064A085C6168FFF70AFFFFF7A4FD80
:101B0000012801D10020607038BD704748BF0160D6
:101B10007777772E333332322E6F726700000000F2
:101B20007777772E64796E646E732E636F6D000025
:101B30007777772E6E6F2D69702E636F6D000000C2
:101B40006E65776669726D776172652E636F6D0081
:101B50008C0100600FB0B87675F80DCC6EE01708F8
:101B60009316040822490020087022490860704733
:101B700078B50078C1B21E4890F90000C0F10202A9
:101B8000D20091401B4E34680C43346002282DD1A2
:101B90000020194A6D4600EB4001490024FA01F388
:101BA000C3F3050111542954192902DC41311154A0
:101BB00017E0A1F11A03192B02D84731115410E094
:101BC000A1F13403092B02D8091F115409E03E2961
:101BD00002D03F2903D004E02B21115401E02F2132
:101BE0001154401C0428D6D30020306078BD00007A
:101BF0009C01006098010060A40100600021FE4883
:101C00000170C0F8021070472DE9F0470546FB4C03
:101C1000FFF7A8FF642104F5FD702DF0C4FB2846F2
:101C20002DF0E8FB0246294604F5FD702DF0A2FBDD
:101C3000002504F5FD702DF0DDFBC7B20326B7FBD0
:101C4000F6F006FB107048B104F5FD702DF0D2FBE4
:101C5000C01CB0FBF6F000EB4000C7B200264FF00E
:101C60000D084FF00A09DFF898A326E0E24864382F
:101C70003044FFF77DFF9AF80000401C40B28AF81C
:101C80000000032817D1642D04D104F8018B04F857
:101C9000019B00250020DA490831C0F103028A5C6B
:101CA00004F8012B401CC0B20428F6D32D1DEDB260
:101CB00000208AF80000761CF6B2BE42D6D3CF4888
:101CC000284410F8011C412907D110F8021C4129B1
:101CD00003D13D21801E4170017084F8008084F89A
:101CE0000190AD1CECB2C749C988C8290AD14FF48C
:101CF000E130FBF7FBFCC44A01211160BF49C3A0DE
:101D00002EF002FE2046BDE8F0872DE9F05F064682
:101D100088463078B178303800EBC00202EB001012
:101D200001EB800170786FF02F02303800EB8000FB
:101D300002EB4000084485B24FF4E130FBF7D6FCDB
:101D4000B14901200860AC4F334641463A78B2A011
:101D50002EF0DAFDB8F1000F4CD038784C210D266A
:101D60000A23A64A4FF04F084FF020094FF0540CB9
:101D70004FF0490B4FF0030A022819D04FF0410AE7
:101D80004FF0070E032837D00E2853D00F2863D00A
:101D90000D2878D0011F032970D2394601F16A0558
:101DA0009C3104286BD005286AD0062869D0C5E08C
:101DB000DC2D67D14520107048205070917082F85A
:101DC0000380052182F80490984C501D04E000F82F
:101DD000015B641C491C89B22578002DF7D1481C91
:101DE00080B25654411C89B213548448FCF7BAFEA1
:101DF00087F800A0BDE8F09FFA2DDAD182F800A0A4
:101E00005520507082F802C04820D07082F80490AB
:101E1000517182F806804720D07182F808B04E20B8
:101E2000507296720C21D3727448FCF79BFE0E2000
:101E30003870DFE7B5F5A77FDCD17248C18A491C4D
:101E4000C1827A486630FFF7DFFE01466B48FCF737
:101E500089FE0F203870CDE7B5F5A77FCAD1694854
:101E6000018B491C01837148A230FFF7CDFE01466A
:101E70006248FCF777FE3E70BCE704E08AE033E09E
:101E800048E055E080E0FA2DB4D0EB2D7CD14D2018
:101E9000107082F801A082F802B0D17082F804902C
:101EA000462151715221917182F8078010723A20B7
:101EB00050723C2090720B21BC1D50480B3004E046
:101EC00000F8012B641C491C89B22278002AF7D142
:101ED0003E22027046708370C91C89B24748FCF7E5
:101EE00041FE0420387085E797F8384024B1424C11
:101EF00038340520387021E097F86A401CB12C4630
:101F0000062038701AE097F89C40ECB30C4687F82E
:101F100000E013E097F86A0018B12C4606203870EC
:101F20000CE097F89C0080B30C4687F800E005E0D1
:101F300097F89C0048B30C4687F800E052201070D8
:101F4000432050705020907082F803C082F80490B3
:101F500082F805C082F806803A20D0713C201072C9
:101F600009212648093004E000F8012B641C491CB3
:101F700089B22278002AF7D13E220270467083701F
:101F8000C91C89B21D4801E00AE029E0BDE8F05F04
:101F9000FCF7E8BD072823D008285DD00B28A2D184
:101FA0002249491F81F8340151201070552050708A
:101FB00082F802B082F803C01671537106210F48EF
:101FC000FCF7D0FD0C2038704FF4E130FBF78EFBAE
:101FD0000D4901200860BDE8F05F15A02EF094BC0B
:101FE0004420107082F801A082F802C082F803A099
:101FF00016715371062129E006C20160A8BF016075
:102000009C0100607C5B046088012242656E636F06
:1020100064653A25730A00007263762025752C20CA
:1020200025752C2025730D0A00000000ADF102601B
:1020300073656E6420534D54505F53544154455F53
:10204000515549545F53454E540D0A00EB48FCF777
:1020500089FD08203870CDE6B5F5B17FA0D1092003
:102060003870C7E610B50C46FF2C04D8014622464E
:10207000E2482DF07FF92146BDE81040DF48FCF72B
:1020800071BD2DE9F05F0020DC4C462121707221EA
:1020900061706F22A2706D21E1704FF03A0B84F8ED
:1020A00004B04FF0200884F805804FF0220C84F82B
:1020B00006C0072104F25E26B31DE41D04E004F807
:1020C000015B5B1C491C89B21D78002DF7D104F817
:1020D00001CB04F8018B4FF03C0904F8019BC91CAB
:1020E00089B2B31D04E004F8015B5B1C491C89B292
:1020F0001D78002DF7D14FF03E0A84F800A00D277F
:1021000067704FF00A0E84F802E05423E3702271E6
:10211000641D04F801BB04F8018BC91D8BB20022B9
:102120004AB1012A0ED096F89C1071B3B4490D46FD
:1021300001280ED012E096F8381031B3B049643956
:102140000D46F5E796F86A10F9B1AD4932390D46FA
:10215000EEE72C2004F8010B5B1C9BB284F800C056
:10216000601C5B1C9BB204E000F8014B491C5B1C2B
:102170009BB20C78002CF7D100F801CB00F8018B52
:1021800000F8019BDB1C99B205E00DE000F8013B73
:102190006D1C491C89B22B78002BF7D100F801ABDC
:1021A0000446491C8BB20120521CD2B2032AB7D379
:1021B0002770754684F801E09B1C5320A0707520A1
:1021C000E070622020716A2060716520A071632038
:1021D000E07174202072093404F801BB04F8018B0B
:1021E00009331FFA83F8142286A18A482DF0C2F819
:1021F00088484FF0090908E05A2912D004F8011B59
:10220000401C08F101081FFA88F801780029F3D171
:102210008048142280A132302DF0ACF87D48323055
:102220000CE004F8019B401CEBE75A2914D004F899
:10223000011B401C08F101081FFA88F801780029E9
:10224000F3D12770657008F102081FFA88F16B4816
:10225000FCF788FC3570CDE504F8019B401CE9E7EC
:1022600070B5724D6B4C287804F19604000706D5C2
:102270002078092803D114216DA0FFF702FF2878E8
:10228000800711D56348C821C8382DF08CF86B48F9
:10229000694E01685F483288C8382DF06BF85D4898
:1022A0003188C838FFF731FD2878C00710D0207872
:1022B0000A280DD151480D2202700A2141702E23A7
:1022C0008370C27001710521FCF74CFC0B2020705B
:1022D0002878400601D50220207070BD1CB5584CEE
:1022E0006068002802D0407E002819D1C0208DF8F7
:1022F0000000A8208DF8010000208DF802002620A3
:102300008DF803004AF6C000ADF804004FF41850F1
:10231000ADF8060045F6043101A8FBF7E8FC606063
:102320001CBD7CB5474C601D00F09BF9601D2DF075
:1023300061F8024644A1601D2DF07BF8002630B103
:10234000601D00F0BFF90068C4F8010006E0C0207D
:102350006070A820A070E670072020713D4DE888CD
:1023600064283ED12889401C2881EE804FF4E1305A
:10237000FBF7BCF938490120086020790090E37828
:10238000A278617835A02EF0BFFA2E491C4832227F
:102390002F3196382CF0EEFF2A4919483222BC31F1
:1023A00064382CF0E7FF274915483222F8313238DB
:1023B0002CF0E0FFA078617840EA0120010241EAB8
:1023C0001020ADF804002079E17840EA01200102F4
:1023D00041EA1020ADF806004FF4C85101A8FBF700
:1023E00086FCE888C82808D122A0FFF70DFC688188
:1023F0000FA0FFF709FCA881EE807CBDA8BF01609B
:10240000A2C20160656D61696C20746573740D0A08
:102410000000000070C10160746869732069732056
:102420006120746573742121210D0A00AC000060E5
:102430007465737400000000B0000060C8000060A4
:102440009C010060A8F102606C6F63616C686F733F
:10245000740000007C5B0460880122427365727620
:102460006572203A25752025752025752025750A69
:10247000000000007465737440746573742E636F9C
:102480006D00000010F8011B02E0401C491EC9B29B
:102490000029FAD101780029F4D1401C7047704717
:1024A0002DE9F047A94D00262E70A94A4FF00108EA
:1024B000287800EBC00101EB401084182078012837
:1024C00001D0022837D1022820D00220207084F8C1
:1024D0000180A6709F4FD7F80090C9F80060C9F836
:1024E0000460C9F808602878FBF745FBA9F80000EC
:1024F00089F802804FF48070A9F8040039680C3123
:10250000241D641C0A46491C6E7022E06078401E3F
:1025100010F0FF0060700ED1A078401CC0B2A07017
:102520000A2802D0A0786070D4E70420207000212F
:10253000601DFFF7B4FF2878401CC0B228700A283D
:10254000B6D3BDE8F08701F8010B6878401C6870CD
:10255000641C20782E2801D00028F4D168781070EF
:1025600020780028CDD128690860287D0871386856
:10257000BDE8F047091A491DC9B2FCF7F3BA2DE9C5
:10258000F041744F3C682088FBF7F5FA6F4EC0B2FB
:10259000307100EBC0016E4A01EB40118D180A2822
:1025A0003DD2287802283AD103202870E07800F044
:1025B0000F00287130B1042028700021681DBDE88B
:1025C000F0416CE7A088FBF7D6FAB070E088FBF723
:1025D000D2FAF07038680C30FFF754FF001D4FF44A
:1025E000807719E00178890901D0841C02E0FFF7A7
:1025F00049FF04462088B84206D16088B84203D11A
:102600002089B0F5806F0CD02089FBF7B4FA204404
:102610000A30F178491EF170F1780029E2D1BDE865
:10262000F0816089A5F82500A089A5F8270005F1AB
:102630002501681DBDE8F04131E710B54648006846
:10264000C088B0F5545F0BD1444C2078000701D509
:10265000FFF726FF2078800702D5BDE810408EE7FF
:1026600010BD70B50146394D0020E871A871687140
:10267000374B687900EBC00202EB4012D418227885
:1026800062B1E278AE7AB21AAE79B24201DDAA71D5
:10269000E871401CC0B268710A28EAD368790A2838
:1026A00006D1E879687100EBC00202EB4010C41853
:1026B000601D2CF0CBFE01202070A87AE070401C39
:1026C000A87270BD2DE9F0410746204D0020287208
:1026D0001F4E287A00EBC00101EB401084192078CE
:1026E000032804D1611D38462CF08BFE38B1287ABE
:1026F000401CC0B228720A28EBD300208FE704F1F7
:1027000025008CE71148C0680028FFD1704710B53C
:102710000E4CE168002901D000228A804FF4545108
:10272000FBF750FBE06010BD10B5084900234B7269
:10273000074A487A00EBC00404EB40141355401CD0
:10274000C0B248720A28F4D310BD0000A80100608E
:10275000D4C20160C8000060D4000060AC0000601A
:1027600010B5044617F006FBF14902280ED091F887
:102770002300032820D004281ED007281CD00C28B2
:102780001AD0082818D0EB48046010BD91F8230037
:10279000E94903280AD0042808D0072806D00C28C5
:1027A00004D00A2805D0C1F8AC4110BDC1F8AC4135
:1027B00010BDE248046010BDE148046010BD38B5AA
:1027C00002460846062A15D0052A1DD0DD4C42B324
:1027D000092A36D0DC4C012A43D0032A52D0DB4CE4
:1027E000022A60D0042A71D00A2A7FD00B2A6CD02A
:1027F000002038BD042801D3002038BDD44900EBA7
:1028000040100844153038BD082801D3002038BDD9
:10281000C0EBC000CF4900EB400001EB4000153099
:1028200038BD69460FF051FA9DF80000802801D3A9
:10283000002038BDC0EBC00101EB40102044153032
:1028400038BD69460FF04FFA9DF80000802801D38B
:10285000002038BDC0EBC00101EB40102044153012
:1028600038BD69460FF04DFA9DF80000402801D3AD
:10287000002038BDC0EBC00101EB001004EB4000AC
:10288000153038BD69460FF04AFA9DF8000040281F
:1028900001D3002038BDC0EBC00101EB001004EBF8
:1028A0004000153038BD69460FF047FA9DF800002A
:1028B000402801D3002038BDC0EB001000EB4000E1
:1028C0002044153038BD01E010E024E069460FF0E7
:1028D00042FA9DF80000402801D30020F2E7C0EB47
:1028E000001000EB400020441530EBE748B1012810
:1028F00009D0022809D0032809D0042809D096A0BD
:10290000E0E798A0DEE79BA0DCE79DA0DAE7A1A0C6
:10291000D8E7A4A0D6E708B18FA0D3E7A7A0D1E756
:1029200038B502460846052A15D0062A1FD0854C20
:1029300032B3092A33D0844C012A3FD0032A4DD028
:10294000824C022A5AD0042A67D00B2A76D00A2A4F
:1029500079D00020B6E7082801D30020B2E7C0EB09
:10296000C0007C4900EB400001EB4000AAE70428CE
:1029700001D30020A6E7764900EB40100844A1E708
:1029800069460FF0A2F99DF80000802801D30020CD
:1029900098E7C0EBC00101EB4010204492E7694684
:1029A0000FF0A1F99DF80000802801D3002089E7ED
:1029B000C0EBC00101EB4010204483E769460FF0F3
:1029C000A0F99DF80000402801D300207AE7C0EB71
:1029D000C00101EB001004EB400073E769460FF003
:1029E0009EF99DF80000402801D300206AE7C0EB63
:1029F000C00101EB001004EB400063E769460FF0F3
:102A00009CF99DF80000402801D300205AE7C0EB54
:102A1000001000EB4000204454E769460FF09BF99A
:102A20009DF80000402801D300204BE7C0EB0010C8
:102A300000EB4000204445E700E004E008B146A078
:102A400040E761A03EE748B1012809D0022809D03B
:102A5000032809D0042809D03FA033E741A031E77B
:102A600044A02FE746A02DE74AA02BE74DA029E779
:102A700008B50A46002809D0012855D0022854D0AC
:102A8000042853D0032852D0002008BD69461046C0
:102A90000FF01BF99DF80000802801D3002008BD2D
:102AA000C0EBC00101EB40112648014491F826001B
:102AB00040B391F8231039B3012827D0022827D03A
:102AC0000B2827D00C2827D00D2827D00E2827D058
:102AD000102827D011287FD012287ED013287DD02F
:102AE00004287CD005287BD008287AD0092879D002
:102AF000072878D0172877D0182876D0162875D0D0
:102B00005F2008BD5F2008BD5F2008BD3E2008BDD6
:102B1000402008BD052008BD062008BD032008BDD3
:102B2000022008BD492008BD77E0A6E0C8E0CDE05E
:102B3000B24C0460880122420000234280012142FD
:102B4000A08122427AD00260511E0560112A0560E0
:102B5000C83F0360B8370360726573657276656459
:102B60000000000070616E656C206E756D626572AC
:102B70000000000064656164206D6173746572001B
:102B80006C63642074696D65206F66662064656C93
:102B90006179000064697361626C652069636F6EBE
:102BA000000000006C636420646973706C617920BC
:102BB000636F6E66696775726500000046414E205E
:102BC0004D4F44450000000046414E204D4F4445C6
:102BD000205459504500000009E00AE00BE00CE0E9
:102BE0000DE00EE00FE010E011E012E013E04820ED
:102BF00008BD472008BD462008BD352008BD362049
:102C000008BD2F2008BD302008BD242008BD1D2090
:102C100008BD602008BD622008BD694610460FF05F
:102C200070F89DF80000402801D3002008BDC0EBDB
:102C3000C00101EB0011F74800EB410090F82810AB
:102C400089B190F82D0003280FD007280DD0042853
:102C50000DD008280BD00D280BD013280BD00B2833
:102C600009D05F2008BD5F2008BD3E2008BD402080
:102C700008BD022008BD052008BD694610460FF0BA
:102C80005CF89DF80000C0EB001000EB4001E2484A
:102C9000084490F9280058B101280BD002280BD025
:102CA000052809D0042807D0062807D05F2008BDD2
:102CB0005F2008BD052008BD622008BD022008BDB8
:102CC000402A01D3002008BD5F2008BD402A01D35F
:102CD000002008BD5F2008BD38B502460846CE4C2E
:102CE000022A0BD0042A16D0052A21D0062A2CD07D
:102CF000CA4C72B3092A44D00020E3E569460FF0BC
:102D00001CF89DF80000C0EB001000EB40002044D0
:102D100090F82600D6E569460FF01DF89DF80000F2
:102D2000C0EB001000EB4000204490F82600C9E5FD
:102D3000082801D30020C5E5C0EBC000B84900EB6E
:102D4000400001EB4000C07FBCE5042802D3002016
:102D5000B8E505E0B34900EB40100844C07FB1E599
:102D600069460EF0B2FF9DF80000802801D30020D4
:102D7000A8E5C0EBC00101EB4010204490F8220010
:102D8000A0E569460EF0AFFF9DF80000802801D352
:102D9000002097E5C0EBC00101EB4010204490F803
:102DA00022008FE52DE9F84F0C4615469E4FDFF8BF
:102DB0006CB2DFF860A2DFF87492DFF87482964E8E
:102DC0000B287CD2DFE800F0066B8059FCFBFA7B15
:102DD0007B26F900694628460EF077FF9DF8000033
:102DE000C0EBC00101EB4010584490F8261019B117
:102DF00090F82310012902D00020BDE8F88FD0F808
:102E00001E0029F039F92CF0A1FDBDE8F84F8949E1
:102E10002CF0E3BC694628460EF065FF9DF80000E3
:102E2000C0EBC00101EB4010584490F8261011B1DE
:102E300090F823200AB10020DFE7A1F10C020A2A52
:102E40000FD91739072906D801EBC10202EB01118E
:102E5000795C012905D090F8240001280AD00020CF
:102E6000CBE790F82400012802D04FF07E50C4E751
:102E70000020C2E74FF07E50BFE7694628460EF0BB
:102E80004EFF9DF80000C0EBC00101EB00110AEB02
:102E9000410191F82D20E2B391F8280028B369464A
:102EA00028460EF02EFF9DF80000C0EBC00101EB9C
:102EB00000110AEB410191F82D205AB300E059E1CD
:102EC00091F82800012839D0694628460EF035FFD0
:102ED000594801785948007808449DF80010884204
:102EE0004ED80F2C3CD0484687E7A2F10C000A28A8
:102EF00011D9173A072A06D802EBC20000EB0210DC
:102F0000385C012807D091F8260001280CD0002059
:102F100073E70CE01DE091F82600012802D04FF085
:102F20007E506AE7002068E74FF07E5065E744492D
:102F300031F81000BDE8F84F2CF011BDD1F81E009B
:102F400029F09AF82CF002FDBDE8F84F39492CF031
:102F500044BC3B4931F81000BDE8F84F2CF0FFBCF1
:102F6000C1EB011000EB40003044D0F81E0029F006
:102F700083F82CF0EBFCBDE8F84F2E492CF02DBC6B
:102F800008EB811050F8242048468242ACD0C1EBB7
:102F9000011000EB4000304490F82310D9B10CF040
:102FA00073F89DF80050A84210D808EB851021490D
:102FB00050F824002CF0DFFB03E0BDE0AFE09EE022
:102FC00047E02CF008FD1F4921F8150008EB85109B
:102FD00050F8240011E712F0FF4F01D0012100E06A
:102FE000002190F92800A0F10C020A2A0DD9173807
:102FF000072806D800EBC00202EB0010385C01285D
:1030000003D0012922D00020F7E601291CD04FF07F
:103010007E50F2E6511E0560112A05607AD00260EA
:10302000B8370360C83F0360E2CB026000007F4313
:10303000B468036000007A449D0200609E02006054
:1030400036B8026036B902600020D6E64FF07E50F6
:10305000D3E6694628460EF07EFEFE480178FE481B
:10306000007801449DF80000814212D80F2C01D055
:103070004846C2E6C0EB001000EB40003044D0F8F8
:103080001E0008B1012000E00020BDE8F84F2CF040
:1030900066BC08EB801151F82410494501D148461F
:1030A000ABE6C0EB001000EB4000304490F823206A
:1030B0000AB10846A1E611F0FF4F01D0012100E05E
:1030C000002190F92800A0F10C020A2A0DD9173826
:1030D000072806D800EBC00202EB0010385C01287C
:1030E00003D0012908D0002087E6012902D04FF043
:1030F0007E5082E6002080E64FF07E507DE6C5EBF4
:10310000C500D64900EB400001EB4000807F08B1CC
:10311000012000E00020BDE8F84F2CF020BCD04991
:1031200005EB45100844807F08B1012000E0002035
:10313000BDE8F84F2CF013BC3DB1CA49012D07D0B2
:10314000022D0ED0032D11D10EE0C74800780DE0FE
:1031500091F85900010602D500F07F0006E000203A
:1031600004E091F84F0001E091F85A00BDE8F84FF3
:103170002CF0F5BB002040E6BC487047BC4B00EB90
:10318000C00003EBC00000EBC100805C704730B5AD
:10319000ADF5197D01EBC104B64901EB041101EB5A
:1031A000021101EB43056D788DF8005011F81310F2
:1031B0008DF8011000218DF802108DF80310AC4934
:1031C00001EBC40101EBC201C95CCDF80710092174
:1031D0008DF8061040F2622269462CF0CBF80DF50E
:1031E000197D30BD10B5034600200022A04C03EB32
:1031F000C30304EBC30303EBC1018B5CFF2B01D0C2
:10320000401CC0B2521CD2B2082AF6D310BD2DE920
:10321000F043994B01241C70984B1C741C760023BE
:10322000DFF84CC200EBC006924F0CEBC60000EB7F
:10323000C10007EB0616FF2506EB01114AB901EBA9
:103240004306767816B911F8136036B124EA0306FE
:10325000C654C65CFF2E02D00BE0C554F9E701EB63
:103260004306767816B911F81360BEB124EA030656
:10327000C6545B1CDBB2082BE0D30023C25CFF2AE0
:1032800046D001EB430811F8134098F80120C2EB37
:10329000021204EB82045A1CD2B237E00BB1C554BF
:1032A000E7E7CE780EB98E780EB10470E1E70570CD
:1032B000DFE710F802C0BCF1FF0F25D001EB420799
:1032C00011F812607D78C5EB051506EB8506B44252
:1032D0001AD9254634463C26B4FBF6F988F8019005
:1032E000B4FBF6F906FB194901F81390B5FBF6F9A2
:1032F00087F80190B5FBF6F706FB175501F8125059
:10330000C55C00F803C08554521CD2B2082AD0D341
:103310005B1CDBB2082BB1D3BDE8F08330B50025D0
:103320000024012221462846FFF771FF641CE4B205
:10333000092CF6D36D1CEDB2082DF1D330BD002061
:103340007047F0B500220021C0EBC00303EB001072
:103350004B4B012703EB40060020755C07FA00F495
:10336000254201D0521C92B2401C80B20828F5D3ED
:10337000491C89B22E29EFD3D0B2F0BDC0EBC001F9
:1033800001EB00103E4901EB40002E212CF00BB860
:1033900070B5421C93B23B4E3B4DB279920708D0B8
:1033A0001C226A700022AC5C9C4205D21B1B9BB2A3
:1033B00006E01D226A70F5E7521C8A70CB700C2261
:1033C000521C92B20C2AEED3B6F807200723824291
:1033D00009D9101A90FBF3F203FB12003279101A8C
:1033E000C01D80B207E0801A90FBF3F203FB1200CD
:1033F0003279104480B2B0FBF3F203FB1200401CA0
:103400000871B07900F5FA60088070BD2DE9FC47BD
:103410008246914600260025C1EBC10000EB011059
:1034200017494FF0010801EB40070024785D08FAC6
:1034300004F108420AD0B14506D104EBC500401E94
:1034400080B26946FFF7A4FF761CB6B2641CA4B232
:10345000082C1BE09D0200609E020060B8370360EC
:10346000C83F0360B24C046067020060B478036038
:10347000883D036008390360D6030060A4B503608B
:103480004C400360F8170060AABB0260CED36D1CED
:10349000ADB22E2DC9D30098CAF800009DF80400E3
:1034A0008AF80400BDE8FC872DE9F8431C46FD4975
:1034B00001250D70FC4F002601281ED0DFF8EC839B
:1034C00002287DD0042816D1694610460EF043FC30
:1034D0009DF8001040290ED23D70C1EB011000EBA9
:1034E0004000404480F823605F2C70D080F8285062
:1034F00001220EF03EFCBDE8F883694610460EF04E
:1035000000FC9DF800004028F5D2E9495F2C07D166
:10351000C0EBC00202EB001201EB420282F82D6008
:103520003E2C08D1C0EBC00303EB001301EB4303B7
:10353000032283F82D20402C08D1C0EBC00303EBFD
:10354000001301EB4303042283F82D20032C0ED13A
:10355000C0EBC00202EB00120D2301EB420223324A
:103560009372137803F00F0343F010031370052CCC
:1035700010D1C0EBC00202EB001201EB420202F1DB
:1035800023024FF013039372137803F00F0343F0F9
:10359000300313700ED0032C0CD0C0EBC00202EB32
:1035A000001201EB420212F8233F03F00F0343F035
:1035B000400313707D70C0EBC00202EB001001E00D
:1035C00008E004E001EB40000EF07EFC93E780F899
:1035D00028608DE7694610460EF0AFFB9DF800109D
:1035E000402988D23D70C1EB011000EB40004044FF
:1035F00080F823505F2C05D080F8285001220EF06F
:10360000B8FB78E780F82860F8E72DE9F843014631
:1036100010461C46A34A01251570A34EA44FDFF89F
:103620008C92DFF890820A291CD2DFE801F0610554
:103630004A1C3387971B1B7469460EF062FB9DF88A
:10364000000040280ED27570C0EBC00101EB0010E5
:1036500007EB40002168C0F815106168C0F8191028
:103660000EF032FC47E769460EF059FB9DF800006A
:103670004028F7D27570C0EBC00101EB001007EBDA
:1036800040002168C0F815106168C0F819100EF0EC
:103690001BFC30E769460EF05EFB9DF800104029E8
:1036A000E0D23570C1EB011000EB400048442268C5
:1036B000C0F815206268C0F8192001220EF059FBED
:1036C00019E769460EF039FB9DF800104029C9D270
:1036D0003570C1EB011000EB400048442268C0F88F
:1036E00015206268C0F8192001220EF042FB02E7A3
:1036F00069460EF0EAFA9DF800008028B2D2B57053
:10370000C0EBC00101EB40104044216840F8151F98
:1037100061684160EFE669460EF0E5FA9DF8000049
:1037200080289FD2B570C0EBC00101EB401040442F
:10373000216840F8151F61684160DCE6082891D2D5
:103740003571C0EBC0005C4900EB400001EB40006C
:10375000216840F8151F61684160CCE6042898D2C2
:103760007571564900EB40100844216840F8151F58
:1037700061684160BFE62DE9F84F0E4615461C46CC
:10378000484901270F70DFF82091DFF834A1DFF8F6
:1037900034B1DFF834810B2844D2DFE800F006AA08
:1037A000FDE2FCFBFA434344F900694628460EF06B
:1037B0008CFA9DF80000802834D2C0EBC0013D4D4A
:1037C00001EB4010284490F82310012917D190F8FC
:1037D000261011B9032180F826103C4920462BF011
:1037E000CAFF2CF0DFF828F047FC01469DF80000E6
:1037F000C0EBC00202EB40102844C0F81E1089F84C
:103800000270324920462BF0B6FF2CF0CBF828F09E
:1038100033FC9DF80010C1EBC10202EB41112944B9
:10382000C1F81E0011E4694628460EF05CFA9DF8C6
:1038300000008028F6D2C0EBC0011E4D01EB401005
:10384000284490F8231061BB90F8261009B980F83D
:1038500026701E4920462BF08EFF2CF0A3F828F08E
:103860000BFC02469DF80000C0EBC00101EB4010CC
:103870004119C1F81E2091F82600A0F10C020A2A75
:1038800028D91738072807D800EBC00202EB00122E
:103890000F48805C01281DD014F0FF4F23D0012079
:1038A00022E023E0D6030060A4B50360112A05607E
:1038B000511E05607AD00260B8370360C83F0360CC
:1038C0009D0200609E020060B468036000007A44BC
:1038D000E2CB026014F0FF4F03D0002081F82400F7
:1038E00004E00120FAE7002081F8240089F8027042
:1038F00004E4694628460EF004FA9DF800004028CA
:10390000F6D289F80170C0EBC001F94D01EB00104F
:1039100005EB400090F82810012917D190F82D10E0
:1039200011B9032180F82D10F24920462BF023FF16
:103930002CF038F828F0A0FB9DF80010C1EBC10274
:1039400002EB011105EB4101C1F81E009DF80000DA
:10395000C0EBC00101EB001005EB40000EF0B4FA23
:1039600009E4694628460EF0DAF99DF8000040287F
:10397000F6D289F80170C0EBC001DD4D01EB0010FB
:1039800005EB400090F8281049B190F82D1004E0A4
:10399000DEE1CDE1B8E15EE035E171B33EE090F803
:1039A0002D1009B980F82D70D24920462BF0E3FE86
:1039B0002BF0F8FF28F060FB02469DF80000C0EBFA
:1039C000C00101EB001005EB4001C1F81E2091F889
:1039D0002D00A0F10C020A2A10D91738072807D8A1
:1039E00000EBC00202EB0012C348805C012805D046
:1039F00014F0FF4F0BD001200AE00CE014F0FF4F51
:103A000003D0002081F826001AE00120FAE7002008
:103A100081F8260014E0032180F82D10B5492046D6
:103A20002BF0A9FE2BF0BEFF28F026FB9DF800101E
:103A3000C1EBC10202EB011105EB4101C1F81E000F
:103A40009DF80000C0EBC00101EB001005EB400049
:103A50000EF03AFAE6E6694628460EF07CF99DF843
:103A60000050402DF6D2012089F80000A34FBC423F
:103A700004D108EB851040F8267095E0C5EB0510E1
:103A8000DFF87C9200EB400000EB090191F928007F
:103A9000A0F10C020A2A16D91738072807D800EB1C
:103AA000C00202EB00129448805C01280BD09AF807
:103AB00000009BF800201044A8425CD914F0FF4F8E
:103AC00041D0012040E09AF800009BF8002010440B
:103AD000A8421CD914F0FF4F15D000202BF03FFF57
:103AE00008EB851141F82600284622F092FE60B1CD
:103AF00000209DF80010C1EB011101EB4101494488
:103B000081F8250050E00120E8E70120F1E704F00A
:103B1000FF40002807D04FF0000081F8250005D1B4
:103B20004FF0010004E04FF00100F6E74FF0000015
:103B30002BF015FF014608EB8510C1630F2E33D023
:103B400040F8267030E000202BF009FF08EB8511CB
:103B500041F82600284622F05CFE08B1012000E072
:103B600000209DF80010C1EB011101EB4101494417
:103B700081F8250018E014F0FF4F01D0012000E08B
:103B8000002081F825000F2E03D008EB851040F8A7
:103B9000267014F0FF4F01D0012000E000202BF030
:103BA000DEFE08EB8511C8639DF80000544CC0EBA5
:103BB000001101EB41012144002281F8232003F090
:103BC000A6F902F04BFD9AF800009BF8001008449B
:103BD0009DF80010884207D8C1EB011000EB4000AF
:103BE0002044012280F82220C1EB011000EB4000AC
:103BF000204490F8282012B9012280F828200022C1
:103C00000EF0B7F80EE6694628460EF096F89DF8D5
:103C100000004028F6D289F80070C0EB0011384D42
:103C200001EB4101294491F828200AB981F8287054
:103C300081F823709BF800109AF80020114481420B
:103C400016D908EB801141F8264021F05AF929498C
:103C50002BF091FD2BF0A6FE28F00EFA01469DF800
:103C60000000C0EB001000EB40002844C0F81E101C
:103C70009AF800009BF8001001449DF80000814272
:103C800028D8C0EB001101EB4101294481F82270D2
:103C900008EB8010C4630F2E02D0184940F826109C
:103CA000144920462BF067FD2BF07CFE044628F0DB
:103CB000E3F99DF80010C1EB011101EB410129442A
:103CC000C1F81E00204628F0D7F90E499DF80020C3
:103CD00021F8120002F0C2FC9DF800100022C1EB96
:103CE000011000EB400028440EF043F89AE5000074
:103CF000511E056000007A44E2CB026000007F4361
:103D0000112A056036B9026089F80470FB49204623
:103D10002BF031FD2BF046FE28F0AEF90146C5EB45
:103D2000C500F74A00EB400002EB4000817779E5DF
:103D300089F80570F14920462BF01DFD2BF032FE6D
:103D400028F09AF9EF4A05EB45111144887769E5A7
:103D5000ED4E012D0DD0022D17D0032DC6D12046DA
:103D60002BF039FE86F85A0081B2E0201EF065FD86
:103D700058E520462BF02FFEC1B286F85910C72017
:103D80001EF05BFD02F06AFC4CE520462BF023FEA2
:103D900086F84F0081B2D6201EF04FFDDB4900208F
:103DA00008703FE52DE9F84F04468A461646D84884
:103DB00001250570DFF85C93DFF85C8377B2042C93
:103DC00011D188F80050694650460DF0C4FF9DF8A7
:103DD0000010C1EB011000EB4000484480F8227055
:103DE00001220DF0C6FF022C11D188F8005069465F
:103DF00050460DF0A2FF9DF80010C1EB011000EB42
:103E00004000484480F8227001220DF0B2FFC34FF9
:103E1000092C0ED188F80250694650460DF063FF18
:103E20009DF80000C0EBC00101EB4010384480F861
:103E30002260002C0ED188F80250694650460DF0E1
:103E400044FF9DF80000C0EBC00101EB4010384476
:103E500080F82260E6E42DE9F843014610461E464C
:103E6000AB4A01241470AC4DAD4FDFF8A892DFF8D7
:103E7000AC820A2922D2DFE801F077055B223F9B62
:103E8000AA21218969460DF03CFF9DF80000802899
:103E900014D26C70C0EBC00101EB001007EB4000C6
:103EA000152231462BF066FA9DF80000C0EBC001E8
:103EB00001EB001007EB40000EF006F817E469462E
:103EC0000DF02DFF9DF800008028F7D26C70C0EB3C
:103ED000C00101EB001007EB4000152231462BF02A
:103EE00049FA9DF80000C0EBC00101EB001007EBA0
:103EF00040000DF0E9FF0DE469460DF02CFF9DF840
:103F000000004028F7D22C70C0EB001000EB4000FE
:103F10004844132231462BF02DFA9DF8001001225F
:103F2000C1EB011000EB400048440DF022FF04E417
:103F300069460DF002FF9DF800004028F7D22C7072
:103F4000C0EB001000EB40004844132231462BF038
:103F500011FA9DF800100122C1EB011000EB4000A6
:103F600048440DF006FF05E469460DF0AEFE9DF8ED
:103F700000008028F7D2AC70C0EBC00101EB40100C
:103F80004044152231462BF0F5F997E769460DF0CC
:103F9000AAFE9DF80000802890D2AC70C0EBC00152
:103FA00001EB40104044152231462BF0E3F985E740
:103FB000082883D22C71C0EBC000514900EB4000AF
:103FC00001EB4000152231462BF0D4F976E70428A6
:103FD000DBD26C714B4900EB40100844152231468E
:103FE0002BF0C8F96AE74A4B01221A704A4B1A763D
:103FF000014614224B482BF0BDB970B500224B4D41
:1040000000EBC000484E05EBC005002306EB001096
:10401000FF2405EBC10500EB011000EB42014B70E2
:1040200000F81230AC54521CD2B2082AF5D370BD3D
:10403000F0B5DDE90556364F01243C70364F3C742F
:10404000394C00EBC00004EB001404EB011404EB4A
:1040500042077B7004F81250344B03EBC00000EBB6
:10406000C1008654F0BD77B5294901250D702A4954
:104070004D742F49BDF80430897901F5FA629342F5
:1040800029D12C4B890709D01C21597000229DF899
:104090000640641E0B2C0BD8002107E01D2159702F
:1040A000F4E75E5C324492B2491CC9B28C42F8DC3F
:1040B0009DF80710114489B2C0EBC00202EB001258
:1040C0001D4800EB420000EBD10001F0070102782F
:1040D0008D402A4302707EBD10B5184840F2E53489
:1040E00000880146FF2866D02FDC022849D027DC53
:1040F000002860D0012834D135E0000000007A4467
:10410000B8370360C83F0360B24C04606D020060C2
:10411000D6030060112A0560A4B503607AD002605E
:10412000511E0560B478036008390360883D036060
:10413000F8170060AABB02604C400360BE0100603B
:1041400003282BD094280CD135E0A0F54070E53839
:1041500017D00A2807D0D12820D0A0F57C401A38E3
:1041600029D0084610BD1422F5A1F9482BF002F918
:10417000F7481422F7A114302BF0FCF840F2EF308E
:1041800010BD1422F5A1F2482BF0F4F8F0481422E7
:10419000F5A114302BF0EEF8204610BD1422F5A145
:1041A000EB482BF0E7F8EA481422F7A114302BF083
:1041B000E1F8204610BD1422F6A1E5482BF0DAF80C
:1041C000E3481422F7A114302BF0D4F8942010BD4A
:1041D000DF487047DE481430704710B5F54B0122B8
:1041E0005A7601461422DA482BF0C4F8BDE8104094
:1041F0000BF033BA10B5EF4B01225A760146D44882
:10420000142214302BF0B6F8BDE810400BF025BA9C
:1042100010B50446E1B2AF20F6F735FB210AE120E4
:10422000F6F731FB002C0CD0FF2C0AD0A4F57F4010
:10423000FF3806D0012C04D0022C02D0C448801EC6
:10424000048010BDDC4948727047DB48407A002882
:1042500000D001207047D94902680A6002790A71CA
:10426000D54AC378D370837853710379137100787A
:104270003C38C0B2907100F5FA600880D049012046
:1042800008707047CF4902680A60CB4902788A708B
:1042900042784A7080780870C949012008707047D8
:1042A000C948B0F90000704770470EB5C3490A68A5
:1042B000019209798DF80810C24909680091022815
:1042C0000DD1C24A01211170C14A00211170C14AA9
:1042D000052111700246694601A827F0CBFB0EBDEF
:1042E00070B503460C461046BB4A01211170B14A15
:1042F0005176BA49BA4E042B09780FD0022B66D1F9
:104300000C4446F824002BF066FBB64921F8140053
:10431000E0B2BDE87040002102F0F6B98C4256D2FE
:1043200046F82400C4EB041101EB4102AE495518D4
:1043300095F82310A1BB95F92810A1F10C020A2AC7
:104340000FD91739072907D801EBC10202EB011178
:10435000A64A515C012904D010F0FF4F15D001206E
:1043600014E010F0FF4F0CD000202BF0F8FA46F8C4
:104370002400204622F04DFA28B1002085F82500BF
:1043800012E00120F1E70120F8E700202BF0E7FA26
:1043900046F82400204622F03CFA10B1012001E04A
:1043A0000FE0002085F8250095F8250028B14FF48E
:1043B0007A7120460AF080FD03E0002120460AF0D1
:1043C0007BFD2046BDE87040002102F09DB970BD24
:1043D000824A834B0428127803D0881853F82000AF
:1043E00070479142FCD253F82100704730B500214C
:1043F000002200207E4B1B7813E0C0EBC0047D4DF3
:1044000004EB001405EB440494F82840012C0FD071
:10441000794CA05404F500742254521CD2B2401CB2
:10442000C0B29842E9D3754801707548027030BD3A
:10443000714C403C605404F500742154491CC9B2CD
:10444000EDE730B50021002200206E4B1C7813E010
:10445000C0EB0013644D03EB43032B4493F823306C
:10446000012B10D0644B8033985403F500731A5419
:10447000521CD2B2401CC0B2A042E9D362480170C3
:104480006248027030BD5C4B4033585403F50073F2
:104490001954491CC9B2EDE770B500210022002073
:1044A0005B4DC0EBC00303EB40132B4493F8264055
:1044B0005CB193F82360012E07D14F4EC036705483
:1044C00006F500763154491CC9B24CB193F823303B
:1044D00033B9504B985403F500731A54521CD2B29E
:1044E000401CC0B28028DCD34B4801704B4802709E
:1044F00070BDF0B5024600203D4B424C3D4F1B784D
:10450000394E2478424D062A18D2DFE802F003B073
:10451000C4899DDA00220FE0C2EBC20404EB02144E
:1045200007EB440494F82840012C03D18A4206D0BA
:10453000401CC0B2521CD2B29A42EDD3D5E0D6E0B4
:104540004E4554495820436F6E74726F6C7300006F
:10455000C00100604E434342000000004A657443BE
:104560006F6E74726F6C73004A65742050726F6462
:10457000756374004E6577726F6E20536F6C75743F
:10458000696F6E73000000004E6577726F4E6F6446
:104590006500000054656D636F436F6E74726F6CDD
:1045A0007300000054656D636F2050726F64756313
:1045B00074000000A4B50360F81700609402006066
:1045C000E003006099020060920300600103006054
:1045D0000A03006003030060D60300609D020060D0
:1045E00034AF036036B90260112A0560E2CB026085
:1045F000E9020060511E0560B0C40160A0040060C3
:10460000DD040060EA020060A1040060DF040060D5
:104610007AD00260F0C50160A2040060DE04006090
:1046200000220EE0C2EBC20404EB021407EB4404C8
:1046300094F828401CB98A4259D0401CC0B2521C80
:10464000D2B29A42EED350E000220DE0C2EB021348
:1046500003EB4303334493F823301BB98A4246D01B
:10466000401CC0B2521CD2B2A242EFD33DE00022A5
:104670000EE0C2EB021303EB4303334493F8233001
:10468000012B03D18A4232D0401CC0B2521CD2B29C
:10469000A242EED329E00022C2EBC20303EB421395
:1046A0002B4493F826403CB193F82330012B03D1DF
:1046B0008A421CD0401CC0B2521CD2B2802AEBD31A
:1046C00013E00022C2EBC20303EB42132B4493F826
:1046D000264034B193F823301BB98A4207D0401CDE
:1046E000C0B2521CD2B2402AECD34FF0FF30F0BD22
:1046F000F0B50022FC4BFE4CFA4F1B78FB4E2478A1
:10470000FC4D06287ED2DFE800F0033F53182C69E9
:1047100000200FE0C0EBC00404EB001407EB4404DE
:1047200094F82840012C03D18A426DD0521CD2B299
:10473000401CC0B29842EDD364E000200EE0C0EB14
:10474000C00404EB001407EB440494F828401CB99F
:104750008A4259D0521CD2B2401CC0B29842EED309
:1047600050E000200DE0C0EB001303EB43033344A3
:1047700093F823301BB98A4246D0521CD2B2401C57
:10478000C0B2A042EFD33DE000200EE0C0EB00132A
:1047900003EB4303334493F82330012B03D18A42C4
:1047A00032D0521CD2B2401CC0B2A042EED329E09B
:1047B0000020C0EBC00303EB40132B4493F82640CA
:1047C0003CB193F82330012B03D18A421CD0521CF8
:1047D000D2B2401CC0B28028EBD313E00020C0EB63
:1047E000C00303EB40132B4493F8264034B193F8F5
:1047F00023301BB98A4207D0521CD2B2401CC0B22F
:104800008028ECD34FF0FF30F0BDBB49085C402856
:104810000FD2C0EBC00101EB0010B24901EB400028
:1048200090F82D00401E0A2801D800207047012072
:1048300070470020704710B5002240281DD2401E4E
:10484000A84BC0EBC00404EB001003EB400049B1DF
:1048500090F82D104B1E0A2B0FD80B3180F82D101D
:10486000012010BD90F82D10A1F10C030A2B04D8E3
:104870000B3980F82D10012010BD104610BD9E4947
:104880008031085C40280ED2C0EB0010974900EB45
:104890004000084490F92800401E0A2801D8002052
:1048A00070470120704700207047002240281CD22A
:1048B000401E8E4BC0EB001000EB4000184449B185
:1048C00090F928104B1E0A2B0FD80B3180F82810B6
:1048D0000120704790F92810A1F10C030A2B04D88D
:1048E0000B3980F828100120704710467047834923
:1048F000085C80280ED2C0EBC00101EB40107D495E
:10490000084490F82600401E0A2801D8002070476D
:10491000012070470020704710B5002280281CD26B
:10492000401E744BC0EBC00404EB4010184449B166
:1049300090F826104B1E0A2B0FD80B3180F826104A
:10494000012010BD90F82610A1F10C030A2B04D809
:104950000B3980F82610012010BD104610BD2DE93E
:10496000F04100250024C0EBC00101EB00106449B8
:1049700001EBC007C4EBC40000EB0410384406464A
:10498000401C2AF037FD38B1701C2AF033FD142882
:1049900002D86D1CEDB200E00824641CE4B2082CBF
:1049A000E8D35448C0F82A532846BDE8F08110B532
:1049B000C0EBC00202EB0012514800EBC200C1EB99
:1049C000C10202EB01114418601C2AF013FD0028FB
:1049D00005D0601C2AF00EFD142800D8601C10BD04
:1049E000704746498031085CC0EBC00101EB001202
:1049F0003C4901EB4201434AD1F81E1052F82030E5
:104A0000994203D042F820100120704700207047DF
:104A100010B5014600203C4A515CC1EBC10202EBDB
:104A20004113344A1A44394BD2F81E2053F821401E
:104A3000A24202D043F82120012010BD10B5044647
:104A4000A1B2A3201DF0F9FEC4F30721A4201DF09C
:104A5000F4FEC4F30741A5201DF0EFFE210EBDE8D2
:104A60001040A6201DF0E9BE294A1078002804D085
:104A70002849088810B1401E088070470020107037
:104A8000704701469D201DF0D8BE00B585B00428B2
:104A900002D021A005B000BD142168462AF083FC95
:104AA0001F48427800786946012A03D0022A0BD0B9
:104AB0001CA0EFE71DA21288ADF800200A22891C75
:104AC0001EF0E4FF6846E5E719A21288ADF8002061
:104AD00052228DF802200A22C91C1EF0D7FF684618
:104AE000D8E70000511E0560E9020060112A056048
:104AF000EA0200607AD00260B0C40160F0C50160D3
:104B000054AC036070C8016070C7016070C9016077
:104B1000E1030060F40300606572726F72000000D0
:104B200034C102606E756C6C00000000494E0000DC
:104B3000564152002DE9F047042802D00020BDE87C
:104B4000F0879B4E0878994BDFF868C2B6F80141B0
:104B500096F8035101276FF02F08492804D191F8E6
:104B60000190B9F14E0F02D0562825D04FE086F8BB
:104B7000FF708878303809280CD8C978A1F130093D
:104B8000B9F1090F06D800EB800008EB400008449B
:104B9000C2B202E0092800D8C2B20AB186F8FE20EB
:104BA0008348D0F8FD0043F85B0F9C809D718CF822
:104BB00019700AF052FD2AE04878412827D18878F8
:104BC000522824D1022086F8FF00C87830380928FE
:104BD0000CD80979A1F13009B9F1090F06D800EB19
:104BE000800008EB40000844C2B202E0092800D867
:104BF000C2B20AB186F8FE206D48D0F8FD0043F835
:104C00005B0F9C809D718CF819700AF026FD0120C5
:104C100095E7F0B5ADF25C6D05460E460024CDF883
:104C20004C46CDF85046CDF85446CDF858464FF492
:104C30001871FBA82AF0B7FB4FF4F07183A82AF093
:104C4000B2FB4FF48270ADF84C060127CDF84E76DA
:104C500037208DF804008DF8054073208DF806008C
:104C60008DF807508DF8086030208DF809008DF818
:104C70000A40514907200870701B401C00EB40009F
:104C80004FF6FF7101EA00124C4802804C490DF1C9
:104C90000B002AF06FFBFBAA01A9062022F033FBD0
:104CA000FBA983A822F018F883A9CDF85216CDF8F5
:104CB000560644480770444804704449052008706B
:104CC0007EA800F09AFC02220DF24C617EA825F02D
:104CD00081FE0DF25C6DF0BD30B5ADF25C6D054648
:104CE0000024CDF84C46CDF85046CDF85446CDF8CA
:104CF00058464FF41871FBA82AF055FB4FF4F07199
:104D000083A82AF050FB00944FF48270ADF84C0653
:104D10000120CDF84E0607208DF804008DF80540DF
:104D20005E218DF806108DF807408DF808400A21A5
:104D30008DF809108DF80A401F4908701F4804803B
:104D4000FBAA01A9062022F0DEFAFBA983A821F024
:104D5000C3FF83A9CDF85216CDF856061C4800783B
:104D600018B1601E0DF25C6D30BD1A49022008704A
:104D70001949032008702B20454318482844184D32
:104D8000417A297000687EAA694620F0ECFD154C36
:104D900050B12878401EFE2806D200220DF24C6148
:104DA0007EA825F017FE20702078DBE7B24C046067
:104DB00036C00260A4B50360520200605802006071
:104DC000AACC0260010300600A03006003030060D4
:104DD0005702006056020060CE070060889B0360A7
:104DE000A60700604C030060FB4908807047FA4941
:104DF000103108607047F8494860704738B50020A6
:104E0000FFF7F9FF0020FFF7F2FFF44C2088FFF7CF
:104E1000EBFF2088010241EA102080B2F9F739F84F
:104E20004FF0FF32042168462AF0B6FA34F84909F7
:104E3000010241EA102081B26846F8F7C3FF00285A
:104E400005D0B4F849100A0242EA1121818038BD28
:104E5000F0B587B0E24EE04D3078000721D5E14F44
:104E60003868A860E968401A32281AD3DE4CDF4956
:104E700020780A7890420FD20A280DD240F22D11E4
:104E80004843DB4901EB4000B0F85812F9F76AFEDD
:104E90002078401C207002E00020207008703868E4
:104EA000E860307880071AD5D248A861D24CD3493F
:104EB000228809682AF05EFA208868800120009024
:104EC00000234FF41672CB4902A823F023FF0246B9
:104ED000002A04D00123C74902A825F03FFA07B0F1
:104EE000F0BDBD4840687047BB484068401C00D0DA
:104EF00001207047B848103000687047B649143137
:104F000008607047BE49020E0A70020C4A70020A1D
:104F10008A70C870B0480088020A0A7148717047E8
:104F2000AD48143000687047AB48008870470023D4
:104F3000002805D050F8013F0B60808810800623C0
:104F4000184670472DE9F047ADF5247D0446AC9E28
:104F500091461D464FF0000ACDF878A24FF41E7816
:104F6000414668462AF01FFAA64F9B49387848B94F
:104F7000012E07D14868002804DA00200DF5247DB1
:104F8000BDE8F08781208DF800000220ADF8800296
:104F90002089A0F57F42FF3A09D008B1A07A30B14C
:104FA000207820B106280CD04FF0FF30E6E78A4881
:104FB000143000689F9008889E900B208DF80100A7
:104FC00007E09EAA9FA92046FFF7B1FF0A208DF8AF
:104FD00001009F98A190BDF87802ADF88202CDF84B
:104FE00088A2CDF88CA2281D81B2EA460DF10200FC
:104FF00023F0F2F8841C0AEB04002A4649462AF002
:10500000B9F92C44012E08D1387860B1224669469E
:105010007D482AF0AFF97D480480414668462AF071
:10502000C2F92046AAE721466846F9F79BFDF4E756
:1050300038B50D461346764801240470754A0020A1
:105040001070754A05201070801FFFF75BFF00216C
:105050002A4608460094FFF775FF38BD2DE9F04752
:10506000ADF5267D044691461F464FF00008CDF869
:1050700080824FF41E76314602A82AF094F98120EE
:105080008DF808000220ADF888022089524DA0F565
:105090007F41FF390BD008B1A07A40B1207830B100
:1050A00006280ED04FF0FF300DF5267D68E74A4800
:1050B00014300068A1902888A0900B208DF809007A
:1050C00007E0A0AAA1A92046FFF731FF0A208DF82A
:1050D0000900A198A390BDF88002ADF88A02CDF82E
:1050E0009082CDF89482381D81B20DF1080A0DF13D
:1050F0000A0023F071F8841C0AEB04003A46494682
:105100002AF038F93C444248007898B3E86908B17D
:10511000A0F8048040490520087039484178027899
:1051200041EA02210A0242EA1121ADF80410C178D5
:10513000827841EA02210A0242EA1121ADF8061002
:105140004179007901EB0020C0F3072141EA0020FA
:1051500081B201A8F8F736FEE86110B144F29C5123
:105160008180224602A92D482AF004F92B48A0F894
:10517000584204E0FFE721462948F9F7F3FC31469D
:1051800002A82AF010F920468EE72DE9F047ADF588
:10519000267D044691461F464FF00008CDF88082D8
:1051A0004FF41E76314602A82AF0FDF881208DF8D2
:1051B00008000220ADF888022089074DA0F57F4144
:1051C000FF3930D008B1A07A60B3207850B30628F8
:1051D00032D04FF0FF3067E7E8010060FB4C04601D
:1051E000AC000060300000605D0100605C010060A8
:1051F000AAA50160E6CC0160B0000060C8000060B4
:10520000320300609204006092CE04609804006053
:10521000010300600A030060030300609A2A016032
:1052200070CA0160FFE7FE480068A1902888A0903E
:105230000B208DF8090007E0A0AAA1A92046FFF7DE
:1052400076FE0A208DF80900A198A390BDF880028F
:10525000ADF88A02CDF89082CDF89482381D81B2E3
:105260000DF1080A0DF10A0022F0B6FF841C0AEBCA
:1052700004003A4649462AF07DF83C44E948007863
:10528000B8B3286A08B1A0F80480E749052008707F
:10529000E6484178027841EA02210A0242EA1121F5
:1052A000ADF80410C178827841EA02210A0242EA8C
:1052B0001121ADF806104179007901EB0020C0F30F
:1052C000072141EA002081B201A8F8F77BFD28629E
:1052D00030B1D749B1F849100A0242EA1121818060
:1052E000224602A9D3482AF045F8D248A0F85842ED
:1052F00004E0FFE72146D048F9F734FC314602A824
:105300002AF051F82046CFE62DE9F04790B08046CC
:105310000D46174600260F960B960C960D960E9688
:105320000796089609960A96039604960596069699
:10533000002402960196DFF804A3B94A9AF8000007
:10534000143A002806D1012B04D15168002901DA52
:1053500010B015E651889561012B04D118B90029C8
:1053600001DC0020F4E72978812900D090B195F87C
:1053700001900FA9A81C22F034FF0C96ADF82E6006
:105380000896ADF81E600496ADF80E609AF800001D
:1053900010B108E00020DBE7A9480068C188ADF83B
:1053A0002E1000680C90BDF83C00001F81B20F91D8
:1053B000A448B9F10C0F0FD2DFE809F0060F22F470
:1053C00031748DF49CAABDE001A9281D22F009FFCB
:1053D0009D49BDF804000870E4E0007840B1281D44
:1053E00023F0B8F830B100210BA823F0C9F905E08B
:1053F0000F96D7E010210BA823F0C2F90F96D1E049
:10540000007850B10BA823F0D1F9002803DC20214B
:105410000BA823F0B5F90F96C4E00F96C2E0007810
:1054200088B307A98A1C08A9281D23F030F8BDF805
:105430003C00801F0F900BA823F0DAF905F10A0950
:1054400060B1FFF76DFD0490FFF76EFDADF80E0043
:10545000BDF83C20494603A823F031F80898049091
:10546000BDF81E00ADF80E00BDF83C20494603A86B
:1054700023F04DF903A9404622F0D6FFBDF83C00C9
:10548000B84208D30CE0FFE70F968BE02819807A2A
:105490002855641CA4B2BDF83C008442F6D381E0D8
:1054A0000F967FE0007870B102A9281D22F099FEC6
:1054B000BDF808100BA823F079F830B100210BA833
:1054C00023F05EF905E00F966CE030210BA823F085
:1054D00057F90F9666E0007850B10BA823F077F9E2
:1054E000002803DC40210BA823F04AF90F9659E06D
:1054F0000F9657E0281D23F08DF820B100210BA84E
:1055000023F03EF94EE050210BA823F039F949E091
:105510000A46291D0BA823F0DFF8BDF83C20291D01
:105520000BA823F0A0F8BDF83C20291D0BA823F000
:10553000EEF80F9636E0FFF7DDFC0C99884207D1B4
:10554000FFF7F2FCBDF82E10884201D10F9629E03A
:105550000BA9404622F068FFBDF83C00B84205D3D5
:105560000AE0281900792855641CA4B2BDF83C0053
:10557000001D8442F5D315E00F9613E00BA94046B9
:1055800022F052FFBDF83C00B84205D309E02819CB
:1055900000792855641CA4B2BDF83C008442F6D3BF
:1055A00000E00F96BDF83C00D2E62148B0F842007A
:1055B000704730B500281CD006240470184B143BEB
:1055C0001969C0F801101988A0F80510184AB2F836
:1055D00042100181B2F84210A1F57F45FF3D09D08C
:1055E00041B18472D2F80F10C0F80B109988A0F85E
:1055F0000F1030BD0021817230BD002100282AD05B
:1056000006220270064A143A5369C0F80130128823
:10561000A0F805204FF6FF7202810022827215E089
:10562000FC01006002030060540300604E03006050
:10563000B24C0460F42C016070CA016092040060F6
:10564000D400006063030060EC0400604318DA7269
:10565000491C0729E3DB70472DE9FF5FDDE90EA652
:10566000DDE91075894693469846002D53DB05EB1E
:105670000510FF4900EB400001EB40046621204685
:1056800029F091FE022084F863000120E07184F883
:10569000655084F858B009F0A1F826F0EDFCC4F884
:1056A0000E003A20A07484F85790F2480188A4F8BC
:1056B0005510491C018084F80B80009829F09AFE4F
:1056C000A07404F11300009929F0C0FEBAF1000F94
:1056D00002D0FF2084F8590066B104F1590100207E
:1056E00004E03A5C01F8012B401C00B2B04201DA40
:1056F0000528F6DB002084F86300DF490878401CA9
:10570000C0B20870102801D910200870DB49088841
:10571000401C088001E04FF0FF356D1C04B028B23A
:10572000BDE8F09F2DE9F0470646DDF820901746CA
:105730009846CF4C0025E079012807D0A07A70B3B5
:105740000020A0726D1C28B2BDE8F08794F85800C4
:10575000B8421AD1B8F1000F08D0B4F85500B6F924
:105760000010884211D16D1C28B2EDE7207A60B993
:10577000304629F03FFE94F91210884205D1314697
:1057800004F1130029F03DFE30B166346D1C2DB2DA
:10579000102DD0DB0020D7E76D1C28B2D4E7FFE73F
:1057A000A9F800500020CFE72DE9F04F85B00EADED
:1057B0008046E0CD894692469B464FF0FF340494E4
:1057C00004A800900023524649464046FFF7AAFF2E
:1057D000002803DD204605B0BDE8F08FBDF910407C
:1057E000002C0DDB8DE8E0005B4652464946404602
:1057F0000394FFF731FFA248017841F001010170E5
:10580000BDF81000401C00B2E5E72DE9F04FB7B03D
:10581000002400250026A14600209A4A4FF00108E6
:10582000C0EBC00101EB001102EB410191F9231023
:10583000CB0707D009F1010909F0FF0908FA00F1C7
:105840000D4306E0890704D5761CF6B208FA00F18C
:105850000C43401CC0B22028E2D3C82105A829F07F
:10586000A2FD2C274FF0200BB9F1000F7ED04F2066
:105870008DF8140070208DF8150065208DF8160045
:105880006E228DF817208DF818B063208DF819005E
:1058900069208DF81A0072218DF81B1063218DF894
:1058A0001C1075214FF00A0A8DF81D108DF81E008E
:1058B00074208DF81F008DF820B06F208DF8210026
:1058C0008DF822208DF823B049208DF824004E2039
:1058D0004FF0120C8DF82500002008FA00F1294243
:1058E0002DD0092810D2411CB1FBFAF20AFB12128A
:1058F00005AB30320CF10101C9B203F80C204A1C8F
:1059000002F0FF0C5F541AE0431CB3FBFAF905AA3E
:1059100009F130090CF10101C9B202F80C90B3FB96
:10592000FAFC0AFB1C33303301F1010C0CF0FF09C7
:10593000535409F1010101F0FF0C02F80970401CF9
:10594000C0B22028C9D3BCF13A0F01D94FF03A0CAC
:1059500005A9002001F80C004C4A4D4B4A4992F928
:10596000002093F90030CDE9003200E00DE0CDE9F0
:10597000021048480023FF21027805A8FFF714FF12
:10598000C0B210B1444880F80080C82105A829F0B1
:105990000AFD002E6AD053208DF8140068208DF87F
:1059A00015006F218DF8161072208DF817007420E5
:1059B0008DF818008DF819B063228DF81A2069222D
:1059C0008DF81B2072238DF81C3063230A258DF877
:1059D0001D3075238DF81E308DF81F208DF82000A6
:1059E0008DF821B08DF822106E208DF823008DF8EF
:1059F00024B049208DF825004E2113208DF8261063
:105A0000002108FA01F2224225D009290DD24A1CB0
:105A1000B2FBF5F305FB1323303305AE421CD2B2C3
:105A20003354501CC0B2B75415E04A1CB2FBF5FC0D
:105A3000134605AE0CF1300C421CD2B206F800C081
:105A4000B3FBF5F005FB10303030531CDBB2B05423
:105A5000581CC0B2F754491CC9B22029D1D33A28E6
:105A600000D93A2005AA0021115417E02EE00000C9
:105A7000A2C3026074020060640200607C020060E5
:105A8000A0020060511E0560CB020060CA020060E7
:105A9000C9020060A1020060C8020060DB4ADC4B62
:105AA000D94892F9002093F90030CDE90032CDE9D0
:105AB0000201D8480023FF21027805A8FFF774FEF1
:105AC000C0B2002802D0D44880F8008037B083E606
:105AD000F0B5B7B004460E4615461F46C82105A8C6
:105AE00029F061FC3CB33B463246CCA105A80095A9
:105AF0002AF01AFF05A829F07DFC00213A2801D9D7
:105B00008DF84E10C14AC24BBF4892F9002093F95C
:105B10000030CDE90032CDE90201BE480023FF216B
:105B2000027805A8FFF740FE002802DDBA490120EF
:105B3000087037B0F0BD3B463246C1A105A82AF037
:105B4000F3FED7E710B5B6B00446C82104A829F083
:105B50002AFC012C2ED0022C31D0032C34D0042C62
:105B600037D0052C3AD0072C22D1C1A104A82AF0A5
:105B7000DBFE04A829F03EFC00213A2801D98DF86B
:105B80004A10A24AA24BA04892F9002093F9003093
:105B9000CDE90032CDE902019E480023FF210278C1
:105BA00004A8FFF701FE002802DD9B4901200870D0
:105BB00036B010BDB4A104A82AF0B6FED9E7BBA147
:105BC00004A82AF0B1FED4E7BEA104A82AF0ACFED6
:105BD000CFE7C2A104A82AF0A7FECAE7C64903205E
:105BE0000870C64981F8C200C5A104A82AF09CFE2D
:105BF000BFE730B589B004460D46142104A829F04A
:105C0000D2FB24B1012C08D0022C0CD010E02A4683
:105C1000C0A104A82AF088FE0AE02A46C4A104A86C
:105C20002AF082FE04E02A46C8A104A82AF07CFEDD
:105C300004A829F0DFFB0021744A754B724892F9E1
:105C4000002093F90030CDE90032CDE9020171481E
:105C50000023FF21027804A8FFF7A6FD002802DD3B
:105C60006D490120087009B030BD2DE9F041804632
:105C70000E461746BD4C0025E079B0B194F85800A7
:105C8000B84212D194F85700B0420ED1207A60B9D0
:105C9000404629F0AFFB94F91210884205D14146E5
:105CA00004F1130029F0ADFB30B166346D1C2DB248
:105CB000102DE1DBBDE8F0810120433404F83B0CFA
:105CC0000020E07620776077A077E07714F83A1C20
:105CD00029B9A74B19784A1E1A7000D21870A54826
:105CE000017841F002010170E4E770472DE9F84FB7
:105CF00000259E4A00920026464ADFF874824FF043
:105D0000010992F800C00027009AD379002B65D0D2
:105D100092F86330EBBB022382F863300346002421
:105D20000DE093F807A0BAF1000F05D092F865A036
:105D300093F865B0DA4504D0641C24B266338C4213
:105D4000EFDB8C4202DB82F8637047E09C7A24B37D
:105D5000137A4BB9537A3BB998F800305C1E88F837
:105D6000004001D288F80070D77182F86370177212
:105D7000577282F80A9082F8647092F8583063453E
:105D800006D102F85E7F57709770D77017715E3A30
:105D900000E023E045F0020520E05B7AE3B1537AAE
:105DA000D3B9137A3BB998F800305C1E88F80040EC
:105DB00001D288F8007082F8099082F8647092F835
:105DC0005830634506D102F85E7F57709770D770E0
:105DD00017715E3A45F0010582F86370761C36B2A1
:105DE00066320092102E8FDB002D0AD0614991F9A6
:105DF000000040F001000870AA0702D540F0020040
:105E00000870BDE8F88F7047CB020060CA020060DE
:105E1000C9020060A1020060C80200604944203A43
:105E2000257520534E3A20256C75206861732063D8
:105E30006F6E6C69667420534E3A20256C750000B5
:105E40004944203A257520534E3A20256C75206828
:105E5000617320636F6E6C69667420776974682063
:105E6000543320636F6E74726F6C6C657200000047
:105E700043414E204E4F5420434F4E4E45435420F5
:105E8000534E5450000000004C6F737420636F6DCC
:105E90006D756E696361746F6E20776974682074C4
:105EA0006F7020626F6172640000000052454144CF
:105EB00020414F20466565646261636B204641491D
:105EC0004C0000005570646174652074696D652034
:105ED000736572766572206661696C004C6F7365DC
:105EE00020636F6D6D756E69636174696F6E207785
:105EF00069746820706963007404006036C00260D1
:105F0000534420434152442049532041424E4F5272
:105F10004D414C00505247202564206572726F72CB
:105F2000203A2064656164206379636C6531000008
:105F3000505247202564206572726F72203A2064A7
:105F4000656164206379636C6532000050524720BC
:105F50002564206572726F72203A2074616B6573DC
:105F6000206C6F6E672074696D650000A2C30260CB
:105F700064020060A00200602DE9F047FF49C0EB19
:105F8000C00301EB83040A22A275E17C01296ED0D3
:105F9000FB4900EB400001EB8005E11C204604F0CA
:105FA00075FC04F10E01C81E04F070FC0026B0461A
:105FB000E07D4FF6FF7101EA0020217E084487B2A0
:105FC000D4F8030026F058F8DFF8B893C9F81400A5
:105FD000D4F80E0026F050F8C9F81800D9F81410BB
:105FE000A1EB000C002127B164200CFB00F090FB1A
:105FF000F7F1DFF89493494500DD4946207D00B96B
:106000004942286800EB0C02A07D400842436868C2
:106010000244002804DBB2F5000F06DBDB4A04E093
:1060200012F5000F01DCD94A52426A60637E83B1E7
:10603000207D10B103FB02F601E003FB1266607DD8
:1060400018B13C2096FBF0F603E04FF4616096FB3C
:10605000F0F6E27EA2B128684FF0640800FB08F079
:1060600090FBF7F04042277D17B1424302E021E068
:1060700052424243A07DC0EB0010800092FBF0F83A
:10608000642098FBF0F00844A17E0844484500DDF8
:106090004846002800DA002033B13044484500DD8E
:1060A0004846002800DA0020C5F800C025F0E4FFCB
:1060B000C4F80700BDE8F0872DE9F843B44C00268A
:1060C000DFF8D082DFF8D092002798F80400401E55
:1060D00045B2002D00DA0625E07FE8BB94F82800E1
:1060E00090B1694604F1270004F0D0FB0098002825
:1060F00002D04FF0010001E04FF0000084F82100D1
:1061000004D04FF0080501E084F8217094F82500D0
:1061100090B1694604F1240004F0B8FB009800280F
:1061200002D04FF0010001E04FF0000084F82000A1
:1061300004D04FF0070501E084F82070974806EB83
:10614000C60200EB021000EB051000F10E004FF04C
:10615000070198F8023000E018E098F801C009EB58
:10616000C20202EBC502555CFF2D06D04578AB425A
:1061700008D802D10578AC4504D2801E491E49B228
:106180000029F0DA505CFF2807D0A0772A34761C6B
:1061900076B2082E99DBBDE8F883A777F6E7F0B56D
:1061A0007F4800217B4A01247E4DB2F8073043F33B
:1061B000C70203F0070304FA03F673B20026C77F91
:1061C0005FB9C1EBC10707EB011705EB4707BF5CE0
:1061D0001F4201D0847700E08677491C49B2213004
:1061E0000429ECDBF0BD01228240087810430870DE
:1061F000704701228240D0430A7802400A707047FB
:106200000123C20800F007008340D8B2895C014234
:1062100001D001207047002070472DE9F04F8BB06E
:10622000614A584DA87902EBC004617819B9411C44
:10623000A9716428F6D3A8790027642804D3AF7124
:1062400000200BB0BDE8F08F6879411C697103280C
:1062500002D36F710020F4E7E0780CF086FD58B1AE
:10626000401EC0B20090A079DFF840914FF0060ABE
:106270004FF0010B10B14CE00020E2E7E0788DF820
:1062800004008DF805A002208DF8060035208DF859
:1062900007008DF808708DF80970062101A80FF02D
:1062A000C6F8010A8DF80A108DF80B0000980FF05F
:1062B00032F9082101A8009A0FF0D1F80821002036
:1062C000009A13F095FDC820009913F0D9FDDFF86E
:1062D000E080061E51D0B11E34480FF0A8F881B2FC
:1062E00009EB0600801E4278007802EB002088420D
:1062F0007DD19DF8040008F800702E4A642122F830
:1063000010106F7100210120009A13F071FD84F8C4
:1063100006B0E0788DF804008DF805A08DF806B081
:1063200011208DF807008DF80870607920B30420E3
:106330008DF80900062101A80FF079F8010A8DF8FF
:106340000A108DF80B0000980FF0E5F8082101A85D
:10635000009A0FF084F808210020009A13F048FDFD
:10636000C820009913F08CFD061E57D0B11E0F48AF
:106370000FF05DF881B21FE04BE041E0CEE5026036
:106380007ECF016010020060A0860100FFFF7F0049
:10639000B8370360F8170060883D03600839036070
:1063A000C83F03604C400360D13B046094530460D9
:1063B000D23A04607438046009EB0600801E42780B
:1063C000007802EB0020884226D16F710021012065
:1063D000009A13F00DFD6079FE4E70B3E0783146FF
:1063E000401EC0B2FFF70CFFD0B13BE0FFE79DF8C5
:1063F000040018F80010491C08F80010002020E7DD
:106400009DF8040018F80010491C08F8001000203E
:1064100017E78DF809708DE7002012E7002010E7DC
:10642000E078401E06EBE00100F00700FFF7DBFE1E
:10643000287800F0BF00287014E0FFE7E078E54915
:10644000401EC0B2FFF7DCFE01280BD1E078401EF1
:1064500006EBE00100F00700FFF7CBFE287800F024
:10646000BF00287067700120EBE62DE9F84F002788
:106470000026DFF864A3DFF86493B346C6EBC600DA
:10648000D74B00EB4610195C00293ED000EB030807
:1064900098F80120002A38D0491ECCB21856FF289F
:1064A00033D098F8020089F800000021521E072A14
:1064B00008D8C2EBC201CB4A01EB410102EB41011A
:1064C0008F7F0121020641D4002976D00AEBC60550
:1064D0006F7127B140F0400088F8020003E000F03F
:1064E000BF0088F80200BB492046FFF789FE0090F4
:1064F000B84920462031FFF783FE0099B94205D103
:1065000020B199F80800012816D056E0611CE97006
:1065100098F8011029710121697070BB0AF83610D2
:1065200085F807B0A970AB48203000EBD40104F027
:106530000700FFF758FE40E0601CE8706F71012013
:106540006870FE2C39D189F808B036E0FF2834D0C5
:10655000A04920462031FFF753FE05469D492046BD
:10656000FFF74EFE99F80010C1F38011884205D163
:1065700025B199F80800012815D01EE03DB99548CD
:10658000203000EBD40104F00700FFF72CFE0AEBEB
:10659000C600641CC47099F80010C1F380114171E9
:1065A0000221417009E00AEBC600C470417102216A
:1065B0004170FE2C01D189F808B0761CF6B2FF2E8E
:1065C000FFF45CAFBDE8F88F10B50020864B0021CA
:1065D000C0EBC00202EB001203EB420282F829106A
:1065E000401CC0B21028F3D30020804CC0EBC00187
:1065F00001EB810214F81210002914D001290ED1E8
:1066000004EB42014979102909D2C1EBC10202EB26
:10661000011103EB410111F8292F521C0A70401C93
:10662000C0B2F028E2D310BD10B56C4A518964297C
:1066300011D300235381D1794C1CD471B1FBF0F4F8
:1066400000FB1410002808D1D37102F037FFBDE819
:10665000104003F028B9491C518110BD5F4900204A
:106660000861704770B504460846C4EB0411604ADF
:1066700001EB410111445F4D91F92810092938D2ED
:10668000DFE801F03705101B10101B1026005A49D7
:1066900029F0A3F829F09FF981B22046BDE87040A7
:1066A00008F00ABC554929F098F829F094F981B20C
:1066B0002046BDE8704008F0FFBB514929F08DF835
:1066C00029F089F981B22046BDE8704008F0F4BB9A
:1066D000032129F0C0F8294629F07FF8494928F01C
:1066E000F2FF29F078F981B22046BDE8704008F049
:1066F000E3BB294629F071F829F06DF981B22046F3
:10670000BDE8704008F0D8BB2DE9F04705460A46C1
:106710003D4B3E491878097844183E483C4900EB07
:106720008516AC4201D8F161C4E4C5EB051000EB5D
:1067300040042F48384F0444DFF8E09094F82200DA
:10674000DFF8B0A04FF47A7840B1FFF787FF94F8F4
:10675000230000286FD0002A6ED0EAE0F16194F89F
:106760002300C0B108F090FCA8427AD928461EF058
:10677000C8FB514628F0FFFF29F014F925F07CFCF6
:10678000C4F81E0025F078FC29F0E0F80146284600
:10679000BDE8F04766E7284620F03BF84FF47A71F1
:1067A000484325F069FCC4F81E0094F92800A0F1C4
:1067B0000C010A2937D91738072806D800EBC00181
:1067C00001EB0010385C01282DD0284620F021F87C
:1067D00030B326E03ECF0160D13B04601002006080
:1067E00004410360B837036038F3026018F60260B2
:1067F000112A056000007A44000020410000C842D0
:106800000000A041000048439D0200609E0200601D
:1068100000007F43B4680360E2CB026036B90260D7
:106820000DE001200CE028461FF0F3FF28B1002006
:1068300084F8250006E01BE071E00120F8E7002065
:1068400084F8250094F8250028B141462846BDE883
:10685000F04708F031BB2846BDE8F047002108F0BA
:106860002BBBD4F81E0025F007FC29F8150021E405
:106870002AB994F8250001280FD00020F06118787B
:1068800085420ED228461FF0C4FF4FF47A71484368
:1068900025F0F2FBC4F81E000FE04FF07E50F061CF
:1068A000EDE728461EF02DFB514628F064FF29F045
:1068B00079F825F0E1FBC4F81E0094F92800A0F156
:1068C0000C010A290FD91738072806D800EBC00198
:1068D00001EB0010385C012805D028461FF099FF15
:1068E00058B101200AE028461FF093FF18B100209C
:1068F00084F8250004E00120FAE7002084F8250050
:1069000094F8250028B141462846BDE8F04708F034
:10691000D3BA2846BDE8F047002108F0CDBAD4F834
:106920001E0025F0A9FB29F011F8514628F055FF6B
:10693000F06108F0A9FBA84214D928461EF0E1FA3C
:10694000514628F018FF29F02DF825F095FBC4F8E2
:106950001E0025F091FB28F0F9FF01462846BDE80E
:10696000F0477FE6D4F81E0025F086FB29F81500D5
:10697000DAE608B5F5F786FF0090F84D4FF0010B09
:1069800085F845B0F648002686704670C6700671D8
:10699000FFF71AFE0024E0B20021FFF7B5FEFFF773
:1069A0005DFE641CA4B2402CF5D3EE49C6201BF05A
:1069B00035FFEC4C2078401CC1B22170C6201BF082
:1069C0003CFF2078DFF8A0A305280FD9002000EBBA
:1069D000800101EB4011514481F82060401C80B2DD
:1069E0001028F4D30021C6201BF027FFDF4880F8D1
:1069F00000B0DF4905200870FCF790FCDFF87493C5
:106A00004FF4FA716846F5F73EFD25F00DFD99F853
:106A10002300082802D10220FFF706FED6480921EC
:106A20000170CE48418A491C418208F00BFCD348D2
:106A300000683C2807D9CB48017821B106700021B5
:106A4000C6201BF0FAFE04F0E7FE01282AD100243C
:106A500004EB840000EB441000EB0A05E88BD8B18E
:106A600095F82000012802D085F8226016E0DFF8B2
:106A7000108398F8007004EB4400C249C0EBC410C6
:106A800001EB001120B201F06EFC98F80000C01B71
:106A9000401C85F8220001E085F82260641CA4B245
:106AA000102CD5D325F0C6FE0022B748077838E071
:106AB000B64802EB420100EB8101B54B887803EB4D
:106AC000D00300F007001B780BFA00F0034201D05E
:106AD000002300E00123002091F807C05CB2AD4D17
:106AE0000AE0CB780344C3EB031303EB43032B44CB
:106AF00083F82740401C80B28445F2D8002091F8EA
:106B000008C00AE00B790344C3EB031303EB430310
:106B10002B4483F82740401C80B28445F2D8521C95
:106B200092B2BA42C4D38E4D6878401CC0B268702D
:106B3000142814D30024984FC4EBC40007EB800042
:106B4000807810B120B2FFF717FA641CA4B2102CA1
:106B5000F2D36E70002008F0EBFA08F022FBE87820
:106B6000052802D2401CE87004E0EE70FFF7A4FA9A
:106B7000FFF715FBFFF779FC99F8290007280BD1DF
:106B8000A8781E2802D2401CA87005E0A889401CE5
:106B9000A881AE700EF060FB8048017801B10670EC
:106BA0007F48804A0168116006607F494FF080503D
:106BB0000860BFF34F8FBFF36F8F21E72DE9F047D8
:106BC0000646C6EB061000EB4001724800220C1886
:106BD000774994F92400754BDFF8D891764F4FF040
:106BE0007E5A01EB86154FF47A7800280AD00228E5
:106BF0007DD001287CD17148A8613046BDE8F047BE
:106C0000012181E5FFF72AFD94F82300F8B1AA617C
:106C100084F82520387886426BD230461FF0F9FD83
:106C20004FF47A71484325F027FAC4F81E00304625
:106C30001FF0EFFD00EB4001C1EBC0104FF6FF71FC
:106C400001EAC0013046BDE8F04708F035B994F9D3
:106C50002800A0F10C010A2913D91738072806D8F3
:106C600000EBC00101EB0010185C012809D0AA61FB
:106C70003878864224D230461FF0CBFDE0B10120A7
:106C80001BE0C5F818A03878864209D230461FF0BC
:106C9000C0FD18B1002084F825001CE00120FAE7AF
:106CA00030461EF02EF910F0FF4F03D0002084F87C
:106CB000250010E00120FAE7002084F825000AE012
:106CC00030461EF01EF910F0FF4F01D0012000E009
:106CD000002084F82500387886420ED230461FF016
:106CE00098FD4FF47A71484325F0C6F902E067E059
:106CF0000CE11DE0C4F81E000BE030461EF001F967
:106D0000494628F038FD28F04DFE25F0B5F9C4F8C5
:106D10001E0094F8250028B141463046BDE8F047F2
:106D200008F0CAB83046BDE8F047002108F0C4B802
:106D300030461EF0E6F8494628F01DFD28F032FEE8
:106D400025F09AF9C4F81E0025F096F928F0FEFD0A
:106D500001463046BDE8F04784E4000088560460F0
:106D600010020060D20300602ACE0260540200606C
:106D700055020060B24C0460DF030060A4030060B1
:106D800030000060C62F0260E8020060380704602F
:106D9000B23A0460112A0560CEE502602C02006060
:106DA000380200603402006004ED00E0E2CB0260D3
:106DB000B468036000007A449D02006000007F43D5
:106DC000FFF74CFC94F8230050B194F928000928EF
:106DD0007DD2DFE800F07C7276797676797676007F
:106DE00094F92800A0F10C010A2914D917380728B2
:106DF00006D800EBC00101EB0010185C01280AD096
:106E0000C5F818A03878864223D230461FF001FD1D
:106E1000D8B101201AE0AA613878864209D23046FA
:106E20001FF0F7FC18B1002084F825001CE00120B9
:106E3000FAE730461EF065F810F0FF4F03D000204F
:106E400084F8250010E00120FAE7002084F82500EE
:106E50000AE030461EF055F810F0FF4F01D0012037
:106E600000E0002084F82500387886420AD23046B7
:106E70001FF0CFFC4FF47A71484325F0FDF8C4F8B9
:106E80001E000BE030461EF03CF8494628F073FC2B
:106E900028F088FD25F0F0F8C4F81E0094F82500CD
:106EA00028B141463046BDE8F04708F005B8304605
:106EB000BDE8F047002107F0FFBF7248A8610FE06E
:106EC00005E07148A8610BE07048A86108E0D4F8BB
:106ED0001E0025F0D1F890FBF8F028F037FDA861EE
:106EE00030461EF00EF8494628F045FC28F05AFDC1
:106EF00025F0C2F8C4F81E0025F0BEF828F026FDE3
:106F000001463046BDE8F047FFF7ACBB0CE470B576
:106F100004465F485F49007809780144A14205D8DA
:106F20005E495D4801EB8411C8616BE0C4EB04115C
:106F300001EB41025A495B4E551895F82310D1B127
:106F400084423FD220461FF064FC4FF47A714843DC
:106F500025F092F8C5F81E0020461FF05AFC00EB01
:106F60004001C1EBC0104FF6FF7101EAC00120469D
:106F700007F0A2FF46E084420AD220461FF049FCF7
:106F80004FF47A71484325F077F8C5F81E000BE0FE
:106F900020461DF0B6FF314628F0EDFB28F002FD3B
:106FA00025F06AF8C5F81E0095F8250028B14FF4C1
:106FB0007A71204607F080FF24E00021204607F088
:106FC0007BFF1FE008F060F8A04214D920461DF0B6
:106FD00098FF314628F0CFFB28F0E4FC25F04CF870
:106FE000C5F81E0025F048F828F0B0FC0146204600
:106FF000FFF738FB06E0D5F81E0025F03DF82A49DA
:1070000021F81400BDE8704008F029BF30B5002019
:10701000264B224C204D04EB80114A6AAA4205D02F
:107020001A5C12B1521E1A5400E04D62401CC0B2EC
:107030004028F0D330BD70B51D4890F85910002994
:107040001ED01C4AC1EB01111069431C1361B0EB47
:10705000810F15D90020106100240F4D0F4E002123
:1070600006EB841040F82150491CC9B21029F9D30D
:1070700000212046FFF748FB641CE4B2402CEED30D
:1070800070BD0000000020410000C8420000A04187
:107090009D0200609E02006000007F43B4680360B0
:1070A000112A056000007A4436B902603ED00160C2
:1070B000B24C04601002006010B50146F7A028F041
:1070C0008FF9F749002210B14A80012010BD48888D
:1070D000401C80B24880B0F5FA6F02D94A80012086
:1070E00010BD002010BD3CB5002301930090C3B239
:1070F0008DF80730C0F307248DF80640C0F307452C
:107100008DF80550000E8DF80400012A0AD0022ADD
:107110000DD0032A10D0042A03D1C8708D704C7092
:107120000B703CBD08704D708C70CB703CBD88708E
:10713000CD700C704B703CBD48700D70CC708B7076
:107140003CBD38B500230093CBB2C1F30724C1F393
:107150000745090E042A06D0032A0DD0022A14D0AE
:10716000012A1BD022E08DF800308DF801408DF807
:1071700002508DF8031019E08DF800508DF80110C1
:107180008DF802308DF8034010E08DF800408DF846
:1071900001308DF802108DF8035007E08DF80010D3
:1071A0008DF801508DF802408DF803309DF80010E5
:1071B0004FF6FF7202EA01219DF8012011439DF86C
:1071C000022042EA01219DF8032042EA01210160E8
:1071D00038BD4178007841EA002070470178427854
:1071E00041EA02218278C078120442EA0060084332
:1071F0007047AC490868001F086000687047024685
:10720000B2F901301278832A0AD0842A08D0852A5C
:1072100008D0862A03D1C8564FF47A714843704784
:10722000C8587047C85E4FF47A71484370472DE9DB
:10723000F04103469C4E002737609C4D2A68147825
:10724000A4F18200042808D8D21C2A6003B11F6070
:107250002868BDE8F041C01ED1E794480068401C92
:107260009C2C06D09E2C0DD09D2C2FD00020BDE84C
:10727000F0818D49286003F009FB2868801C286094
:107280003068F4E792780C2A0FD0894A01211170F6
:1072900088490F7000231A468349286004F087F953
:1072A0002868401D28603068E1E70446601D2860BA
:1072B000084600F018F84FF47A7190FBF1F00023C3
:1072C0001A467949204604F072F9ECE7521D2A600B
:1072D00003B11F60286850F8040CC8E7714A1168B0
:1072E00001C1116070472DE9F14F9EB0DFF8BC91EC
:1072F000D9F80000007882381C2805D800201E9993
:10730000FFF795FFFFF7EAFF6B4E4FF000086B4F5A
:107310006B4C6C4D01E2D9F8001011F8010BC9F863
:10732000001056286FD046DC3A286DD025DC2C287A
:10733000F0D014DC062868D008DC02286FD00328BF
:107340006ED004286DD0052808D1F9E3072869D04C
:10735000082868D0102867D02928DBD026E13138EA
:107360000928FBD2DFE810F04907D802C70344061A
:1073700038062C03D004FC0412033B381928EDD244
:10738000DFE810F0EA0683039E035003CB01C30538
:10739000C3050B07140114010107070714011401A9
:1073A0001401140160064F06D802EE021401CB014D
:1073B00029071E06430679286FD015DCA0F1570077
:1073C0002028CBD2DFE800F0F4F3F2F2F2F2F2F28E
:1073D000F2F1F0F2F2F291EFC6F585F23F54EDECE6
:1073E000F2F2EBEAE9E8E7E6C6286DD01DDCC12839
:1073F0006BD00BDC7A2869D07B2868D0A42867D0B2
:10740000A528ABD101E3FCE3FCE3FCE3C2287CD07C
:10741000C3287BD0C4287AD0C5289FD1F4E3F4E3F5
:10742000F4E3F4E3F4E3F4E38BE3C738092895D2FB
:10743000DFE810F068066F0676067D0684068B0688
:10744000BC00C8032404FFF7D4FE2060FFF7D1FE80
:107450002860206824F010FE2060286824F00CFECC
:1074600028602168084424F007FEFFF737FF51E742
:10747000FFF7BFFE2060FFF7BCFE2860206824F005
:10748000FBFD2060286824F0F7FD28602168401A81
:1074900024F0F2FDFFF722FF3CE780E101FFFE0050
:1074A0002C020060A8020060B8020060A402006024
:1074B0000B0300600C030060A04C0460CEE502608A
:1074C000BC020060C0020060FDE3FDE34AE1AAE007
:1074D0008EE2FFF78EFE206024F0CEFD2060404259
:1074E00024F0CAFDFFF7FAFE14E7FFF782FE2860DA
:1074F000FFF77FFE206024F0BFFD2060286824F0A5
:10750000BBFD28604FF47A7202E0FAE3FAE3FAE393
:1075100090FBF2F00FFA80FC20680346BCF1010FEB
:1075200013DD0021ACF1010C0DE090FBF2F902FB40
:10753000190909FB03F999FBF2F990FBF2F000FB42
:107540000390491C09B26145EFDB24F095FDFFF77C
:10755000C5FEDFE6FFF74DFE2860FFF74AFE20601C
:1075600024F08AFD2060286824F086FD28602168C8
:107570004FF47A7291FBF2F302FB1313434393FB34
:10758000F2F391FBF2F101FB003024F075FDFFF7FF
:10759000A5FEBFE620E1A9E0C6E089E0A4E18BE119
:1075A0002AE159E105E05EE06EE13DE1FEE3FEE344
:1075B000FEE3FFF71EFE2860FFF71BFE206024F0AD
:1075C0005BFD2060286824F057FD8146286018B3D1
:1075D000484628F0BBF9D4F800B082469BFBF9F08E
:1075E00009FB10B028F0B2F9514628F0F6F8FE4930
:1075F00028F0C1F882469BFBF9F04FF47A714843BA
:1076000028F0A4F9514628F05EF828F0CBF924F0D0
:1076100033FDFFF763FE7DE64FF47A7024F02CFD16
:10762000FFF75CFE76E6FFF7E4FD2860FFF7E1FD7B
:10763000206024F021FD2060286824F01DFD2860D2
:1076400050B1216891FBF0F024F016FD4FF47A71EF
:107650004843FFF743FE5DE64FF47A7024F00CFDDB
:10766000FFF73CFE56E6FFF7C4FD2860FFF7C1FDBB
:10767000206024F001FD2060286824F0FDFC2860D3
:1076800078B1216891FBF0F200FB12104FF47A718F
:1076900090FBF1F02060484324F0EEFCFFF71EFE63
:1076A00038E64FF47A7024F0E7FCFFF717FE31E676
:1076B000FFF79FFD2860FFF79CFD206024F0DCFCB5
:1076C0002060286824F0D8FC4FF47A7190FBF1F028
:1076D0002860226892FBF1F1216048404FF47A71F2
:1076E000484324F0C9FCFFF7F9FD16E0FFF781FDE0
:1076F0002060FFF77EFD2860206824F0BDFC20603C
:10770000286824F0B9FC28602168014306D04FF4B2
:107710007A7024F0B1FCFFF7E1FD10E2002024F0C4
:10772000ABFCFFF7DBFD0AE2FFF763FD2060FFF72C
:1077300060FD2860206824F09FFC2060286824F009
:107740009BFC2860216839B130B14FF47A7024F085
:1077500093FCFFF7C3FDF2E1002024F08DFCFFF75E
:10776000BDFDECE1FFF745FD2060FFF742FD28601D
:10777000206824F081FC4FF47A7990FBF9F02060C6
:10778000286824F079FC90FBF9F12960206808430F
:107790004946484324F070FCFFF7A0FDCFE1FFF716
:1077A00028FD2060FFF725FD2860206824F064FC98
:1077B0004FF47A7990FBF9F02060286824F05CFCA3
:1077C00090FBF9F12960206808404946484324F0BD
:1077D00053FCFFF783FDB2E1FFF70BFD206024F0BF
:1077E0004BFC206030B10020206024F045FCFFF706
:1077F00075FDA4E10120F7E7FFF7FBFC2860FFF728
:10780000F8FC206024F038FC2060286824F034FC68
:1078100028602168814201DD012000E0002024F081
:107820002BFCFFF75BFD8AE1FFF7E3FC2860FFF725
:10783000E0FC206024F020FC2060286824F01CFC80
:1078400028602168814201DB012000E0002024F053
:1078500013FCFFF743FD72E1FFF7CBFC2860FFF755
:10786000C8FC206024F008FC2060286824F004FC98
:1078700028602168814201DA012000E0002024F024
:10788000FBFBFFF72BFD5AE1FFF7B3FC2860FFF786
:10789000B0FC206024F0F0FB2060286824F0ECFBB2
:1078A00028602168814201DC012000E0002024F0F2
:1078B000E3FBFFF713FD42E1FFF79BFC2860FFF7B6
:1078C00098FC206024F0D8FB2060286824F0D4FBCA
:1078D00028602168814201D1012000E0002024F0CD
:1078E000CBFBFFF7FBFC2AE1FFF783FC2860FFF7E7
:1078F00080FC206024F0C0FB2060286824F0BCFBE2
:1079000028602168814201D0012000E0002024F09D
:10791000B3FBFFF7E3FC12E1FFF76BFC206024F000
:10792000ABFB2060002800DA404224F0A5FBFFF703
:10793000D5FC04E1FFF75DFC206028F015F800227B
:107940002A4B27F094FF29F04DFC28F071F82649C6
:1079500027F011FF28F026F82060FFF7BFFCEEE0CB
:10796000FFF747FC206027F0FFFF00221F4B27F0A6
:107970007EFF29F0CDFA28F05BF81B4927F0FBFECB
:1079800028F010F82060FFF7A9FCD8E0FFF731FCE1
:1079900024F072FB206027F0E7FF0022134B27F052
:1079A00066FF29F003FE28F043F80F4927F0E3FEB5
:1079B00027F0F8FF206024F05FFBFFF78FFCBEE0AC
:1079C000FFF717FC27F0D0FF0022084B27F04FFFEE
:1079D00028F02EF8044927F0CEFE27F0E3FF2060C0
:1079E000FFF77CFCABE0000000007A4400408F40D1
:1079F00011F8030CC0EBC00101EB0011FE4800EBD5
:107A000041001D90FFF7F5FB99E011F8030CC0EB66
:107A1000C00101EB0011F84800EB41001D90FFF799
:107A2000E8FB8CE0F548027842B1FFF7E2FB24F076
:107A300023FB03460020FFF751FC1FE00968806824
:107A40000B1A002B05DDFFF7D4FB0020FFF746FCE7
:107A500014E0EB491844884208D1FFF7CAFB24F030
:107A60000BFB03460020FFF739FC07E0FFF7C1FBE3
:107A700024F002FB03460120FFF730FCD9F8000098
:107A800040F8043BC9F80000D1E3B1F9000024F04C
:107A9000F4FADC4909680844DB49086010F8011C65
:107AA00029B1006824F0E8FAFFF718FC02E0002092
:107AB000FFF714FCD9F80000801CC9F80000B6E3F9
:107AC000B1F9000024F0D9FACE4909680844CE493A
:107AD000086010F8011C19B10020FFF7FFFB04E05B
:107AE000006824F0C9FAFFF7F9FBD9F80000801C00
:107AF000C9F800009BE311F801ABC9F80010DFF8EA
:107B00000CB3CBF800804FF000090EE0FFF771FBDB
:107B1000206024F0B1FA2060DBF800100844CBF8B4
:107B2000000009F101090FFA89F9D145EEDBDBF814
:107B3000000090FBFAF024F09FFAFFF7CFFB76E30A
:107B4000A8E211F801ABC9F80010DFF8C0B2CBF819
:107B500000804FF0000926E0FFF74BFB206024F087
:107B60008BFA2060DBF800100144CBF80010B9F16B
:107B7000000F04D14FF47A7190FBF1F13171B9F13A
:107B8000010F04D14FF47A7190FBF1F1B170B9F1AA
:107B9000020F04D14FF47A7190FBF1F0308009F1BB
:107BA00001090FFA89F9D145D6DBAAF1020A86F854
:107BB00003A012F0C8FED6F80E0024F05DFAFFF71D
:107BC0008DFB34E311F8012BC9F80010D01E1728E3
:107BD00090D200230DF1380A4FF47A790AE0FFF7CA
:107BE00008FB90FBF9F02060D11A491E2AF8110019
:107BF0005B1C1BB29342F2DB854800788DF86E0067
:107C000008E0DDE07DE14CE26EE22EE234E23AE2B1
:107C10001EE223E2BDF838008DF86F00BDF83A008F
:107C20008DF86C00010A032303EB41118DF86D10F0
:107C3000802101EBD0208DF87000921ED3B200207D
:107C40000DF1040C0CE0811C3AF811104FEA112BD5
:107C50000CF810B00CEB400B8BF80110401C00B27C
:107C60009042F0DB01205A000346009001A91BA8B6
:107C700003F060F94846FFF731FBD8E211F8012B19
:107C8000C9F80010D01E17289BD200230DF1380927
:107C90004FF47A7A0AE0FFF7ACFA90FBFAF0206032
:107CA000D11A491E29F811005B1C1BB29342F2DB6A
:107CB000574800788DF86E00BDF838008DF86F00D9
:107CC000BDF83A0001E016E2F2E18DF86C00010A1D
:107CD000182303EB41118DF86D10802101EBD020AA
:107CE0008DF87000921ED0B2012142000B46009127
:107CF00009F104011BA803F01DF95046FFF7EEFA45
:107D000095E2DCE1E2E1E8E111F801ABC9F800102D
:107D1000FFF76FFA24F0B0F9DFF8F0B0CBF800000D
:107D20004FF00009AAF1010A11E0FFF762FA2060A2
:107D300024F0A2F9206037490860DBF8001088427F
:107D400001DDCBF8000009F101090FFA89F9D145ED
:107D5000EBDBDBF8000024F08FF9FFF7BFFA66E2F7
:107D600011F801ABC9F80010FFF743FA24F084F9C9
:107D7000DFF898B0CBF800004FF00009AAF1010A33
:107D800011E0FFF736FA206024F076F920602149EF
:107D90000860DBF80010884201DACBF8000009F136
:107DA00001090FFA89F9D145EBDB02E036E27CE00C
:107DB00048E0DBF8000024F05FF9FFF78FFA36E2C5
:107DC000FFF717FA24F058F94FF47A7A90FBFAF09B
:107DD0000FFA80F9FFF70DFA24F04EF990FBFAF054
:107DE00001B24FF47A60814500DD8146B9F1000FA0
:107DF00001DA4FF000090FE0511E05602C0200600F
:107E0000EB32A4F8AC020060C4020060B80200606B
:107E100067020060B40200604846491EC1EBC10120
:107E200007EB8101CA7C2AB90876C21700EB1262FF
:107E3000120ACA754FF47A71484324F01DF9FFF70E
:107E40004DFAF4E1FFF7D5F924F016F90A2190FB79
:107E5000F1F0DFF8D494C9F80000FFF7CAF924F074
:107E60000BF94FF47A7190FBF1F001B2D9F80000F0
:107E7000002801DAC9F80080D9F80000C82802DD1E
:107E8000C820C9F80000D9F80000491EC1EBC101A3
:107E900007EB8101CA7C02B9C87600EB8000400084
:107EA00024F0EAF8FFF71AFAC1E1FFF7A2F924F08B
:107EB000E3F84FF47A7A90FBFAF00FFA80F9FFF7C3
:107EC00098F924F0D9F890FBFAF001B2B9F1FF0F5C
:107ED00001DD4FF0FF09B9F1000F01DA4FF00009A1
:107EE0004846491EC1EBC10107EB8101CA7C02B9BA
:107EF00048764FF47A71484324F0BEF8FFF7EEF964
:107F000095E10120FFF7EAF991E1FFF772F92060AE
:107F100024F0B2F82060FFF76CF9286024F0ACF888
:107F2000286021684FF47A7C91FBFCF1491E0AB26B
:107F3000FE490979491E002900DA0621D9F80030E6
:107F400013F8013C402B0DD0012303EB420212B287
:107F5000604503DB092A01D2002906DC0020FFF777
:107F6000BDF964E1520012B2F2E790FBFCF35B1E34
:107F700090FBFCF0DFF8B89303EBC303401E09EB62
:107F8000031300EBC00003EB011309EB001003EB3C
:107F9000420300EB01105B7810F812004FF4616AA5
:107FA000E14903FB0AF3C0EB001003EB800008601B
:107FB0004FF47A71484324F05FF8FFF78FF936E108
:107FC000DA484FF47A71C0784843D749086024F002
:107FD00053F8FFF783F92AE1D4484FF47A71007916
:107FE0004843D149086024F047F8FFF777F91EE1CC
:107FF000CE484FF47A71B0F807004843CA49086088
:1080000024F03AF8FFF76AF911E1C8484FF47A71A1
:1080100040794843C449086024F02EF8FFF75EF920
:1080200005E1C448417829B1002024F025F8FFF784
:1080300055F9FCE001214170012024F01DF8FFF703
:108040004DF9F4E0012024F017F8FFF747F9EEE0CE
:10805000002024F011F8FFF741F9E8E04FF47A70BE
:1080600024F00AF8FFF73AF9E1E04FF4FA6024F05F
:1080700003F8FFF733F9DAE040F6B83023F0FCFFFD
:10808000FFF72CF9D3E04FF47A6023F0F5FFFFF708
:1080900025F9CCE041F2883023F0EEFFFFF71EF91E
:1080A000C5E041F2707023F0E7FFFFF717F9BEE07B
:1080B0004FF47A7023F0E0FFFFF710F9B7E04FF4C8
:1080C000FA6023F0D9FFFFF709F9B0E040F6B830C5
:1080D00023F0D2FFFFF702F9A9E04FF47A6023F012
:1080E000CBFFFFF7FBF8A2E041F2883023F0C4FF9A
:1080F000FFF7F4F89BE041F2707023F0BDFFFFF74B
:10810000EDF894E041F6583023F0B6FFFFF7E6F8BB
:108110008DE04FF4FA5023F0AFFFFFF7DFF886E071
:1081200042F2283023F0A8FFFFF7D8F87FE042F2B0
:10813000107023F0A1FFFFF7D1F878E042F6F820A5
:1081400023F09AFFFFF7CAF871E042F6E06023F0EF
:1081500093FFFFF7C3F86AE0744977488A7842438F
:10816000487800EB4003C3EBC01002EBC002087874
:108170006D4900EB800002EB4000086023F07CFFBB
:10818000FFF7ACF853E0012023F076FFFFF7A6F8E5
:108190004DE00020FFF7A2F849E00020674A00EB1D
:1081A000001101EB410102EB4101CB79012B01D11F
:1081B000497A39B1401CC0B21028F0D30020FFF733
:1081C0008DF834E0012023F057FFFFF787F81FB048
:1081D0000120BDE8F08FFFF70CF84FF47A7290FBA6
:1081E000F2F0FFF706F890FBF2F0FFF702F890FBD1
:1081F000F2F05348FFF772F819E0087882380A283D
:1082000006D8B1F901004FF47A714843FFF766F8D8
:10821000D9F80000C01CC9F8000008E0491EC9F8E0
:10822000001000201E99FFF702F8FFF757F8DFF85B
:108230001491D9F8000090F90000FEF73DFF0028E6
:108240003FF469A8494608680278FF2A01D1401C1A
:108250000860FEF7CEFF1FB0BDE8F04F23F00CBF63
:1082600010B5B0F90130007883280BD0842809D0EC
:108270004FF47A74852807D0862802D191FBF4F058
:10828000D05410BDD15010BD91FBF4F0D05210BDB0
:108290002D4A11680B1D1360086070472A49086851
:1082A000001F086000687047F0B5059DB0F90170C7
:1082B000EE1936F904CCBCF1000F0BD0002A07DD13
:1082C000944505DB002B03DD36F902CC9C4509DA29
:1082D0000120F0BD002B03DD36F902CC9C4501DA0C
:1082E0000120F0BD0078882806D0892804D08A288B
:1082F00004D08B2805D103E0042402E0022400E02E
:10830000012436F8026C521E5643F218521E624384
:108310003A4412B288281BD0892819D04FF47A73B6
:108320008A2817D08B2811E0B8020060F817006087
:10833000083903602C020060A0860100A2C302601D
:1083400018FCFFFFA4020060A802006009D105E04C
:10835000A95006E091FBF3F0A85202E091FBF3F084
:10836000A8540020F0BD2DE9F04F95B080460F468F
:10837000FA484FF0000A564680F800A0DFF8E09374
:108380003846C9F80070F84AF649116000880D9027
:10839000BDF9340023F071FE0D9070B3D9F80010D0
:1083A0000844401DC9F8000000880D90BDF9340054
:1083B00023F063FE0D90D9F800108A1C0692014448
:1083C000891CC9F80010642801DD05200D9008887B
:1083D0000D90BDF9340023F050FE01460D90D9F800
:1083E0000000801CC9F800004418E0490860E04D16
:1083F000A5F804A04FF0010B3CE0FFE7002015B00A
:10840000E7E60698FEF76FFF0246DA480260D9F801
:108410000000D94B0146401C18609AB10978024609
:10842000C9F8000041B1297809B1C0F800A001687D
:10843000AA681144016018E002F801BC1868C0F88D
:1084400000A012E009780246C9F8000029B102F83C
:1084500001AC1868C0F800A007E0297809B1C0F89D
:1084600000A00168AA6811440160D9F80000001D4D
:10847000C9F80000D9F80000A04205D2A888411C24
:10848000A980B0F5FA6FBCD3A98808F10100149057
:10849000B1F5FA6F06D31498C1B20020FDF7A9FB1D
:1084A0000020ACE73C46C9F8007020880D90BDF96B
:1084B000340023F0E2FD01460D901390A41CD9F87E
:1084C0000000801CC9F8000042185178927801EB36
:1084D000022CBCF5FA6F01D9002090E700EB0220D6
:1084E0000844C9F800000020A880A448006805904E
:1084F00008F101000FFA80FAAAE3A04A1268059B6E
:10850000D21A642A01D9002079E74FF00009CDF88A
:108510002C9016B1012821D006E0012802D04FF09E
:10852000FF306CE7C91C2960286810F8011B28601F
:108530002329E1D014DCA1F108011A29DCD2DFE8FB
:1085400001F032320EF20EF1F00EEFEEEDECEBFA3E
:108550000EF80E0EF30E3232E80E0EE7002677E329
:10856000402972D00ADCA1F125010A29C4D2DFE832
:1085700001F01A1ABFBF1AD4F31A1A1A842908D0A4
:1085800008DC412979D0432978D05929B4D08329EE
:10859000B2D1C9E0852905D0862903D0872901D029
:1085A0008A29A9D1C0E010F8011C2B4609290DD059
:1085B00008290BD001250278A2F1820CBCF10A0F28
:1085C00006D801278046C01C186016E00025F2E797
:1085D0009C2A02D09E2A07D00FE09C27B0F80120E9
:1085E000C01C1292186008E0401C9E27026810927E
:1085F00002798DF84420401D18601C2903D02D29D4
:1086000001D0252902D14FF47A7009901D2903D099
:108610002E2901D0262901D1CDF82490092908D08E
:10862000292913D02C292AD0082943D0012F4FD033
:1086300053E00698FEF757FE0990012F4DD10146F1
:108640004046069AFFF70CFE47E078E001200890CC
:108650000698FEF748FE07900698FEF744FE09903C
:1086600007994FF47A7291FBF2F306990091014653
:108670004046089AFFF718FE2FE0D3E061E1069824
:10868000FEF731FE08900698FEF72DFE079006983B
:10869000FEF729FE0990079A4FF47A7192FBF1F3E5
:1086A000089A92FBF1F20699009101464046FFF7C5
:1086B000FBFD12E00698FEF716FE4FF47A7190FB70
:1086C000F1F0401E45B20698FEF70DFE099004E059
:1086D0004046069A0999FFF7C3FD9C2F02D09E2FB2
:1086E00006D106E000232A4609A912A802F0EBF9F8
:1086F000AEE2234880F800B0224880F800900023C2
:108700002A4609A910A8CDF8009002F013FC9FE2B8
:10871000F7E07DE20DE00EE055E078E02CE2FFE1CD
:108720006CE2E3E1A3E17CE110F8011B084428605E
:108730008EE2012063E6FFF7B1FD286088E206982B
:10874000FEF7D1FD0FFA80F9B9F1010F1EDB2868A1
:10875000417849451ADB1EE045E00000C802006090
:10876000A4020060B4B20360A8020060AC02006022
:108770002C020060B0020060C402006030000060A3
:108780000B0300600C030060401C2860286801781F
:108790000129ADD0F8E70278142A04D100EB41009A
:1087A000801CFFF775FD2868A9F1010900EB49005D
:1087B00040880C90BDF9300023F05FFC0C90204401
:1087C000801E286044E200F1020900880C90BDF987
:1087D000300023F052FC0C902044801E2860484654
:1087E000FFF756FD34E2FA49097869B100880C9028
:1087F000BDF9300023F041FC0C902044801E28601D
:10880000F34880F8009023E2801C286020E2008872
:108810000C90BDF9300023F030FC0C902044801EF9
:10882000286015E21E226D2126F0F9FDB0F1000846
:1088300002D06D200C9009E01E226E21286826F0DF
:10884000EEFDB0F1000801D06E200C90FF2088F8FA
:1088500000000698FEF747FD08900698FEF743FDD6
:1088600007900698FEF73FFD0990DA48016811F875
:10887000015B01602A46D84826F07CFDD64800F806
:108880000590D44800684119D2480160BDF93050C4
:108890006D2D18D1DDE90710884214DAD049CF4890
:1088A000002391F90020CF4991F90010CDE9020988
:1088B000CDE90012CC4851460278C748FCF774FF56
:1088C000C34880F800B06E2D18D1DDE90701814260
:1088D00014DDBF4880F800B0C148C049002390F9BA
:1088E0000020C04890F90000CDE90002CDE902194E
:1088F000BD4851460278B848FCF756FF88F800504A
:10890000A6E10178FF2904D0DFF8D092DFF8D0C2C9
:108910000FE0B44940220A70401C286098E19CF99D
:10892000001010F8013B4A1C8CF8002009F80130B7
:108930002860286801780029F1D12868401C286047
:1089400086E1A349002008700698FEF7CCFCA749F1
:10895000086028680068099023F08EFB0990296858
:10896000091D11F8019B2960A048006898B34A4688
:10897000994826F0FFFC9849002001F80900286872
:10898000484428609A490A780AB1099A0260006846
:10899000002805DD8968401A23F06EFB296808600D
:1089A00000283ADC8E4A00208C4992F900308D4A2A
:1089B00092F90020CDE90210CDE9002303468A4850
:1089C000514602788448FCF7EFFEC0B228B38048D5
:1089D00080F800B021E0FFE701EB09000068002803
:1089E00012DC4A467C4826F0C5FC7B49002001F891
:1089F00009007D48514602787748FDF736F97D48F1
:108A0000017841F001010170286848442860099804
:108A100023F032FB0990296808602868001D28604F
:108A200016E18046C01C28600698FEF75CFC814673
:108A30000698FEF758FC0F900698FEF754FC0F9826
:108A4000484508DB49464046069AFFF709FC286876
:108A5000801C2860FCE0286800880B90BDF92C0081
:108A600023F00BFB0B902044801E2860F0E0008870
:108A70000B90BDF92C0023F000FB0B9004EB0008D9
:108A800008F1020808F1030028600698FEF72BFCA5
:108A90000698FEF728FC0F900698FEF724FC0E902F
:108AA000D5F80090C5F8008000200699FEF7BFFBBE
:108AB0000E99014409914046069AFFF7D1FBC5F88B
:108AC000009009990F98814204DC09F10209C5F868
:108AD0000090BDE0B9F800000B90BDF92C0023F028
:108AE000CCFA0B902044801E2860B1E00126069845
:108AF000FEF7F9FB3D49086018B12868801C286022
:108B0000A6E02868B0F9000023F0B7FA2044801EE0
:108B100028600078012801D0FE2800D1002697E0C7
:108B20000698FEF7E0FB3149086088B1286810F824
:108B3000011B286039B1B0F9000023F09EFA2044EF
:108B4000801E28600FE000F801BC801C28600AE04D
:108B5000286800F8019B2860B0F9000023F08DFA26
:108B60002044801E2860012628680078012801D052
:108B7000FE286DD100266BE00698FEF7B4FB1B497A
:108B8000086090B1286800F801BB2860B0F90000C7
:108B900023F073FA2044801E28600126286800789C
:108BA000012829D0FE2853D126E0286810F8011B9F
:108BB000286021B100F8019C801C2860EDE7B0F925
:108BC000000023F05AFA2044801E2860E5E70000E8
:108BD000C8020060A402006004B30360CB0200601E
:108BE000CA020060C9020060A1020060B002006019
:108BF0002C020060A0020060002629E0401C2860D2
:108C0000B0F9000023F039FA2044801E28601FE0EC
:108C1000011F0A910178A12936D00698FEF763FB5F
:108C200005462A4800680068099023F025FA28497B
:108C3000896808440990A84236D924480168C1F8D7
:108C4000009013992144A1F801900168091D016069
:108C50001E4D29680878FE280AD0DFF874C0BCF8D9
:108C60000420531CACF80430B2F5FA6FFFF445ACA5
:108C700017488088B0F5FA6FFFF413AC1498C1B2AE
:108C80000120FCF7B6FF0CE41049401C08600068A6
:108C900023F0F2F94FF47A7100FB01F50B480B4910
:108CA0000068001D0860BCE7099823F0E5F9099009
:108CB0000649096808600A98001B00B223F0DDF934
:108CC00013992144A1F80100012006E4A4020060E8
:108CD0002C0200602DE9F04107460C465D344FF44C
:108CE0006160A17841436078C0EB001001EB800027
:108CF00021780E1860795D3C00EB80027320784388
:108D0000FD4901EBC00504F10901284626F032FBBC
:108D1000463514F85D0FA8706078E870A078287167
:108D20002F706079687005F059FDB0FBF6F0401CBB
:108D30007043686100202883BDE8F08170B5064665
:108D40000C46732394F8611094F86200091A01EB41
:108D5000810200EB80000119012000EB460058431E
:108D6000E54B093103EB8005284626F003FB05F8A7
:108D7000466F14F8610F6178401A687000202883EC
:108D800070BD2DE9F04F85B0054688464FF461600F
:108D900098F85F10414398F85E00C0EB001001EBBB
:108DA000800098F85D100844D8F864100844C8F8AA
:108DB00064004FF00009D04805EBC502A0F516513C
:108DC00002EB051201EB42177321694300EBC1046A
:108DD0006AE009EB890026180396B4F85E0018B91A
:108DE00005F0FCFCC4F85A0014F8461F208B07EB72
:108DF000001001703178417171788171B178C17161
:108E0000F17801723179417205F0E8FC8DF80400C7
:108E1000824605F0E3FCC0F307208DF805000490BE
:108E200005F0DCFCC0F3074B8DF806B005F0D6FC6E
:108E3000000E8DF8070000EB0B210498020402EBF2
:108E40000A600144208B463C07EB0010C0F801107B
:108E500040F60D21C18100231A4602A9304602F0D6
:108E6000A6FB01281ED1029823F006F9B4F85E1083
:108E700007EB011C8DF80400C0F307238DF80530C3
:108E8000C0F307428DF80620060E8DF807601B041C
:108E900006EB022203EB00601044CCF80A00491CE8
:108EA000A4F85E1009F1010994F84700484590DCE8
:108EB000B4F85E6094F847003044192809D805B02A
:108EC000BDE8F08F07EB06101022002126F052FAC1
:108ED000761C192EF6DB894C4FF4C871012254F828
:108EE0003500C3B24B43C0F30B20294617F05AFBA1
:108EF000012847D182480078022843D105F1B30008
:108F00006946064619F08AFC9DF8000054F83510B1
:108F100000F00F02C1F303418A4206D000F0F000D6
:108F200001430091304619F088FC34F83500C0F355
:108F30000721542000EB4500074619F07EFC552020
:108F400000EB450014F83510814619F076FC54F812
:108F500035006C49884203D2401C44F8350011E0CA
:108F60003846002119F069FC4846002119F065FCDB
:108F70009DF8000000F0F001304619F05EFC002082
:108F800044F8350041462846FFF7A4FE97E75E49BE
:108F90000878192807D8401C0870C1075B4803D01F
:108FA000002180F8DC147047012180F8DC14704740
:108FB0002DE9F34F8BB08046FFF7E9FF504800786A
:108FC000022803D152484188491C4180012505EB04
:108FD00048097320484909FB00F001EB8004B4F80C
:108FE0005E0018B905F0FAFBC4F85A00002701200A
:108FF00000EB4800474900EBC00202EB001040F6CE
:109000000D2A01EB0016D2E107EB8700251800239B
:10901000012204A9284602F0CAFA01287ED103954C
:1090200005F0DCFB3C4951F82810FA31884276D330
:1090300094F84700401EB84204D105F0CFFB3649F2
:1090400041F82800B4F85E0094F8461006EB0010D2
:1090500001702978417169788171A978C171E978C5
:10906000017229794172049823F006F888B35E34BE
:109070000BFA07FBA08840EA0B00A08005F0AEFBCE
:109080008DF80800834605F0A9FBC0F307258DF88D
:10909000095005F0A3FBC0F307408DF80A000A90C1
:1090A00005F09CFB010E8DF80B100A982A0401EBC9
:1090B0000B6102EB0020014434F85E0906EB00105E
:1090C000C0F801104FF08071C0F80A10A0F80EA08F
:1090D0003EE0FFE705F082FB8DF80800834605F0CF
:1090E0007DFBC0F307258DF8095005F077FBC0F331
:1090F00007408DF80A0013E008F8016098D001607D
:1091000074040060FFFF0F009F0200607AE00260BD
:109110003C02006088D201603423026046E11DE019
:10912000099005F05BFB010E8DF80B1009982A04DD
:1091300001EB0B6102EB00200144B4F85E0006EB8A
:109140000010C0F801100021C0F80A10A0F80EA00D
:10915000B4F85E00401CA4F85E0027E14FF0010B5C
:10916000B4F862000BFA07FB1BEA000F7ED00498EC
:1091700022F082FF50B1B4F86210012041EA0B01E5
:10918000A4F86210FC490A78F2B30FE14634A08BD0
:1091900020EA0B00A083218B207806EB01110870D8
:1091A00005F01CFB8DF80800834605F017FBC0F3A3
:1091B00007258DF8095005F011FBC0F307408DF825
:1091C0000A00089005F00AFB010E8DF80B100898B4
:1091D0002A0402EB002001EB0B61228B014406EB19
:1091E0000210C0F80110A0F80EA003990B7843718B
:1091F0004B7883718B78C371CB7803720979417294
:109200000021C0F80A1000E003E0521C2283463C13
:10921000CCE0087014F8461F208B06EB001001709C
:109220002978417169788171A978C171E9780172F1
:109230002979417205F0D2FA8DF80800834605F0CD
:10924000CDFAC0F307258DF8095005F0C7FAC0F331
:1092500007408DF80A00079005F0C0FA010E8DF85E
:109260000B1001EB0B612A04079800E011E002EB00
:1092700000200A18218B06EB0110C0F801204FF0E6
:109280008072C0F80A20A0F80EA0491C2183463C39
:109290008CE0049822F0F0FEF0B34634A08B40EA54
:1092A0000B00A083208B217806EB00100170297839
:1092B000417169788171A978C171E9780172297960
:1092C000417205F08BFA8DF80800834605F086FAA6
:1092D000C0F307258DF8095005F080FAC0F3074068
:1092E0008DF80A00069005F079FA010E8DF80B1042
:1092F00006982A0401EB0B6102EB00200A18218B6F
:1093000006EB0110C0F801204FF08072C0F80A206F
:10931000A0F80EA0491C00E002E02183463C45E095
:10932000B4F86210012021EA0B01A4F862109249FE
:109330000A78DABB087014F8461F208B06EB001081
:1093400001702978417169788171A978C171E978D2
:109350000172297941720021C0F80A1005F03EFA25
:109360008DF80800834605F039FAC0F307258DF81B
:10937000095005F033FAC0F307408DF80A00059054
:1093800005F02CFA010E8DF80B1005982A0401EB5C
:109390000B6102EB00200A18208B06EB0011C1F8CC
:1093A0000120A1F80EA0401C2083463C7F1C94F8AD
:1093B00047004FF0010BB8423FF726AEB4F85E50BD
:1093C00094F847002844192804D86B484088B0F521
:1093D000967F6CD368480027478006E006EB0510AF
:1093E0001022002125F0C6FF6D1C192DF6DB634D00
:1093F00055F82900C0F30721020E01EB0241C3B268
:109400008EB24FF4C870434300224146304617F0F5
:10941000C9F8012847D15A480078022843D108F1F9
:10942000B30001A9824619F0F9F99DF8040055F836
:109430003830F02100F0F00201EA13418A4206D0F0
:1094400000F00F0001430191504619F0F6F935F88C
:109450002900C0F307216C2000EB4806304619F0C4
:10946000ECF96D2000EB480B15F82910584619F05F
:10947000E4F955F829004349884203D2401C45F8D5
:10948000290010E03046002119F0D7F95846002194
:1094900019F0D3F99DF8040000F00F01504619F0BF
:1094A000CCF945F8297040460C99FFF747FC36493E
:1094B00094F85E0001F808000DB001E570B5334C7A
:1094C000002594F86300B0B194F8620040B105F053
:1094D00085F9616E884203D3E8B22146FFF751FC5B
:1094E00094F8610094F86210401A002803DDE8B295
:1094F0002146FFF75DFD6D1C68340C2DE1DB70BD6E
:109500002DE9FE4F04464FF0010822791B48012740
:10951000E178012A13D007EB410350F823506D1C6A
:10952000DFF85CA09AF80030022B00D00125D4F8B7
:109530001200F8B10026022B05D0667408E050F83E
:1095400031506D1CECE7A84201D2667400E06774EC
:1095500004F11A030293A84226D2401EC3B24FF46C
:10956000C8767343C0F30B2016F05BFE01280FD0C2
:109570004FF0000843E000003C02006098D001601A
:1095800074040060FFFF0F0028230260E8E7026018
:109590004FF4C8763146029825F005FF3246FE4961
:1095A000029825F0E7FE2AE0DFF8F0B3012A0BF578
:1095B000165928D04FF4C871029825F0F4FEE078CF
:1095C000732107EB4000414309EB8101B1F85E10C4
:1095D0000A0100EBC00101EB00100BEB0011029837
:1095E00025F0C8FE9AF80000022808D0E078732120
:1095F00007EB4000484309EB8000A0F85E60D4F818
:10960000120010B336E04FF4C871029825F0CBFE7B
:10961000E0787321414309EBC101B1F85E100A0102
:1096200000EBC00101EB00100BEB4011029825F09C
:10963000A1FE9AF800000228E1D0E07873214843A7
:1096400009EBC000A0F85E60D9E7D4F8160088B92D
:10965000217904F11600031F01290ED0CDE9000580
:10966000E078D4F80D2007EB4000D4F80910C0B220
:1096700016F072FE4046BDE8FE8FCDE90005E078A9
:10968000D4F80D204006D4F80910000E16F064FE40
:10969000F0E730B500EB800202EBC002C0480021C9
:1096A00000EBC20080F8611080F8621001EB8102CB
:1096B0008318DA7A82B190F86120521C80F8612018
:1096C0005A7AB84D1C7B2D78AC420AD04CB190F838
:1096D0006220521C80F86220491CC9B20E29E5D3D1
:1096E00030BD9B7A022B17D0012B2AD0032BF3D14C
:1096F000C2EBC20303EB4213AB4A1A4423324418B1
:10970000D37884F84F301278012AE5D190F862209E
:10971000521C80F86220DFE7C2EBC20303EB0213A6
:10972000A24A02EB430228324418537984F84F309E
:109730001278012AD0D190F86220521C80F8622061
:10974000CAE7C2EB021202EB4203994A1A442332DF
:109750004418537984F84F301278012ABCD190F81C
:109760006220521C80F86220B6E72DE9F041002506
:10977000DFF840828A4E2846FFF78BFF05EB850015
:1097800000EBC50706EBC70494F85D0028B994F810
:109790005E0010B994F85F0098B194F8610080B150
:1097A00094F8620018B121462846FFF793FA94F81E
:1097B000610094F86210884203D021462846FFF7E2
:1097C000BDFA05F00BF86066214608EBC700682279
:1097D00025F0D0FD6D1CEDB20B2DCCD3764877A1D2
:1097E0000A6802604A684260097A017200206D4985
:1097F00000240327DFF8B0810B784FF0190C012506
:1098000000EB8001314401F2814100F180020A70D5
:109810004F708B70CB700C71311881F8C7C4C2EBDC
:10982000C20101EB421141441E3181F808C04D7163
:109830000C60401CC0B20828E2D306F2BC46882067
:1098400006F8130C06F8127C06F8113C06F8103CDA
:1098500006F80F4CF5745B48C57004704470142012
:109860007076B476F47681203077092070770820FE
:10987000B077F47704F0B2FF30624F490B200D4609
:10988000FFF728FA29460B20FFF758FA0020F3F7D4
:1098900072FC4D4DE8600020F3F76DFC28614B48E9
:1098A0000470BDE8F0812DE9F05F4749487814283D
:1098B00003D2401C4870BDE8F09F4348002242702C
:1098C000374890F8DB040028F5D00024324EDFF84A
:1098D000D8B0DFF8FC80783E3E4F06F10C054FF41F
:1098E0007A7A4FF0140957F8241055F82420881A72
:1098F000504512D2914210D94FF47A714843B0FBCF
:10990000F9F022F0B9FB802101EB4401C1EBC10267
:1099100002EB41115944C1F81E0058F8241056F8C2
:1099200024000A1A524512D2814210D94FF47A709B
:109930004243B2FBF9F022F09FFB812101EB44018D
:10994000C1EBC10202EB41115944C1F81E0056F8A7
:10995000241058F82400814201D046F8240055F81C
:10996000241057F82400814201D045F82400641CDB
:10997000E4B2032CB7D3DFF86080134F174ED8F84A
:1099800000107A68881A504530D291422ED94FF48F
:109990007A71484324E00000F8D0016088D2016069
:1099A000E8E70260670200607AD00260511E05603D
:1099B000112A0560C8EC026060EC02604E45545705
:1099C0004F524B0055E502603C0200609F02006070
:1099D000741E0460801E0460240400607AE002604B
:1099E000B0FBF9F022F048FBC6F88804DFF8D0B2EB
:1099F000B868DBF80020111A51450AD2824208D912
:109A00004FF47A704143B1FBF9F022F035FBC6F810
:109A1000AF047968D8F80000814200D0786055F82A
:109A20002410DBF8000081423FF445AFB86042E704
:109A30002DE9FF5F044604EB8400A24900EBC4005B
:109A400001EBC008CDF808809F4901EBC0060196E4
:109A5000002504F0C3FE70662046FFF71AFE06F1EB
:109A6000090708F1090081465F22394625F0E1FC2B
:109A700000285CD006F15D0108F15D00032225F0AD
:109A8000D8FC18B396F8620000B1012598F861205F
:109A900098F8621096F86130521A1B1A9A4202D056
:109AA00045F0020543E000EB800001EB8101093045
:109AB0000931304408EB0103014602EB82021846EB
:109AC00025F0B7FC00B345F0020530E098F86200DD
:109AD00096F86210884208D100EB80023946484669
:109AE00025F0A7FC10B1012500E0012598F86120C0
:109AF00098F8621096F8613096F86200521A1B1AB4
:109B00009A4202D045F0020511E000EB800001EB23
:109B1000810109300931304408EB0103014602EBB1
:109B20008202184625F085FC08B145F00205DFF8F1
:109B30009CB104F1B300664FE907039055D057F884
:109B40003400012201060B0DC0F30B20214616F054
:109B500029FD012849D19BF80000022841D169461E
:109B6000039818F05BFE9DF8000057F8341000F0E1
:109B70000F02C1F303418A4206D000F0F000014316
:109B80000091039818F059FE37F83400C0F307210C
:109B9000542000EB4409484618F04FFE552000EBD6
:109BA000440A17F83410504618F047FE57F83400AE
:109BB0004849884203D2401C47F8340011E0484627
:109BC000002118F03AFE5046002118F036FE9DF8AC
:109BD000000000F0F001039818F02FFE002047F875
:109BE000340031462046FFF775F8A8075FD50120FD
:109BF00000EB440557F82500C0F30721020E01EBE6
:109C000002411FFA81FC0006030D00222146604636
:109C100016F0C8FC01284AD19BF80000022842D166
:109C20006946039818F0FAFD9DF8000057F83430A3
:109C3000F02100F0F00201EA13418A4206D000F060
:109C40000F0001430091039818F0F7FD37F8250045
:109C5000C0F307216C2000EB4409484618F0EDFDE5
:109C60006D2000EB440A17F82510504618F0E5FD6A
:109C700057F825001749884203D2401C47F82500B1
:109C800011E04846002118F0D8FD5046002118F098
:109C9000D4FD9DF8000000F00F01039818F0CDFDF1
:109CA000002047F8250031462046FFF747F804B06A
:109CB00031464046BDE8F05F682225F05BBB0000FE
:109CC00028040060C8EC0260E8E7026074040060E9
:109CD00098D00160FFFF0F0010B50446204625F024
:109CE00089FB401E01B204E0625C202A03D1491EB8
:109CF00009B20029F8DA214400204870204610BD3E
:109D000070B50646304605F00AF8012810D0FE4D21
:109D1000002405222946304625F08BFB20B1641C27
:109D200024B21B35202CF4DB202C03DA204670BD36
:109D3000F64DEDE74FF0FF3070BD70B5064630468A
:109D400004F0EDFF012812D0F14C0025607B28B112
:109D500004222146304625F06CFB20B16D1C2DB24B
:109D60001C34802DF2DB802D03DA284670BDE94CCF
:109D7000EBE74FF0FF3070BD70B5002A10D0E24A1B
:109D8000002384789578AC420CD1C578D678B5425A
:109D900008D105781678B54204D10B70012070BD4A
:109DA000DA4AEDE75B1C9BB21B32202BEAD3002082
:109DB00070BD70B5002A14D0D54A002384789578F8
:109DC000AC4210D1C578D678B5420CD145785678DA
:109DD000B54208D105781678B54204D10B70012040
:109DE00070BDCC4AE9E75B1C9BB21C32802BE6D3EA
:109DF000002070BDF0B589B0DDE90E7C109DC64C29
:109E000024788DF80A408DF80B0001F01F0001F056
:109E1000E0040021BCF1020F05D0002682B380329D
:109E20008DF80C2033E00126022815D01B2813D012
:109E3000B0B11C2814D0012816D01D2814D0042835
:109E400016D01E2814D0052816D0152814D00328A3
:109E500017D0142815D044E01C348DF8094040E098
:109E60001D348DF809403CE01E348DF8094038E07F
:109E70001F348DF8094034E016348DF8094030E085
:109E800003E015348DF809402BE08DF80C10012803
:109E900006D0022808D004280AD003280CD020E0DD
:109EA00018348DF809401CE019348DF8094018E089
:109EB0001A348DF8094014E0BCF1010F28D0E01CE1
:109EC0008DF809006DB105F1200000F01F02224459
:109ED0008DF809209DF80C2000F0600002438DF8F9
:109EE0000C208DF808308DF81110324601A902A817
:109EF000FFF75FFF002809D07EB19DF80400844978
:109F0000C0EBC00001EB8000C0F8057009B0F0BDE7
:109F100004F11B008DF80900D4E77E4C9DB12A4660
:109F200039466846FDF70DF97C49009825F023FC79
:109F300025F038FD9DF80410C1EBC10104EB81014F
:109F4000C1F80500E2E74FF47A7047439DF804003A
:109F5000C0EBC00004EB8000C0F80570D6E7F0B598
:109F600089B00F46DDE90E61109C154600228DF880
:109F70000C208DF80A008DF80B70681CC0B28DF8AB
:109F800009005B1E8DF808308DF8112002292ED0B3
:109F900005F01F0205F0E000012A2CD0022A2ED085
:109FA000042A30D0012933D0C11C8DF8091054B1D6
:109FB00004F1200202F01F0108448DF8090002F0AC
:109FC00060008DF80C0000252A4601A902A8FFF7C1
:109FD000D3FE00289AD005B39DF804004A4900EB4F
:109FE000C00000EB40000844C0F805608EE7012582
:109FF0008DF80900E8E718308DF80900E3E719301B
:10A000008DF80900DFE71A308DF809000124DAE73E
:10A0100000F11B018DF80910C9E73C4DA4B122469F
:10A0200031466846FDF78DF83C49009825F0A3FBC2
:10A0300025F0B8FC9DF8041001EBC10101EB4101D2
:10A040002944C1F8050061E74FF47A7046439DF852
:10A05000040000EBC00000EB40002844C0F805609D
:10A0600054E72DE9F04704460E46204604F057FE1B
:10A07000012812D0264D002E71DA204604F04FFE42
:10A08000DFF89C80274F4FF0FF39012807D0387840
:10A0900080280AD34846BDE8F0871E4DEBE798F8C4
:10A0A0000000802801D34846F5E72046FFF745FE2B
:10A0B000002807DBC0EBC00105EB81014A7B521C85
:10A0C0004A73E8E70026687B30B1761C36B21C354F
:10A0D000802EF8DB4846DEE7204604F020FE03220F
:10A0E00001234FF0020C4FF00409012838D06078AA
:10A0F000217900F01F0001F06001014494F8038011
:10A10000C6EBC60A02480FE0C8780360287C0360EB
:10A11000887F0360888D03606702006000007A44D6
:10A120006B0200606A02006000EB8A0080F8148015
:10A1300094F801A094F800800AF0E00A08EBCA083D
:10A14000A0F817801C2960D01D2961D01E2963D07A
:10A150001F2964D0162965D0152967D068E075E0FD
:10A160006078217900F01F0001F060010144E77878
:10A17000C6EBC60AFE4800EB8A00077527795FEA3E
:10A18000076A0DD594F801A00AF0E00A4FEACA0A5E
:10A190000AEBC72794F800A05744A0F8177008E00E
:10A1A00094F801A027780AF0E00A07EBCA07A0F8A4
:10A1B0001770032911D01B2912D0182914D019297E
:10A1C00015D01A2916D0A1F12107032F15D820394F
:10A1D00002EB0121A0F8151011E0A0F815200EE007
:10A1E0008321A0F815100AE0A0F8153007E0A0F8C8
:10A1F00015C004E0A0F8159001E0A0F8152098F82B
:10A200000000401C88F8000015E0A0F815C00FE021
:10A210000021A0F815100BE0A0F8153008E0A0F818
:10A22000159005E00521A0F8151001E0A0F8152013
:10A230003878401C387020682860207928714FF0E9
:10A240005530C5F805006B73304624E7C6EBC600F1
:10A2500005EB8000417B491C417330461BE72DE92B
:10A26000F04705460E46284604F059FD012812D055
:10A27000C04C002E6FDA284604F051FDBE4FDFF8C7
:10A28000FC824FF0FF39012807D098F80000202801
:10A2900008D34846FFE6BA4CEBE73878202801D3CC
:10A2A0004846F8E62846FFF72BFD0028F2DA00269C
:10A2B000A07B30B1761C36B21B34202EF8DB48462A
:10A2C000E9E6284604F02BFD4FF00109012854D19E
:10A2D0006878297900F01F0001F06001014406EB65
:10A2E000C60000EB4003A648AA78184482702A7979
:10A2F00013060AD56B7803F0E003DB0003EBC22200
:10A300002B781A44A0F8172007E06B782A7803F01E
:10A31000E00302EBC302A0F81720EA78AAB10275A5
:10A320000322032914D01B2916D0182918D0192963
:10A3300019D01A291BD0A1F12103032B1BD82039D6
:10A3400002EB0121A0F8151017E0FF220275E7E7E4
:10A35000A0F8152011E02AE08321A0F815100CE0E8
:10A36000A0F8159009E00221A0F8151005E00421DD
:10A37000A0F8151001E0A0F81520286820602879C1
:10A3800020714FF05530C4F80500284604F0C7FC92
:10A39000012808D098F80000401C88F8000084F8D4
:10A3A0000E90304677E63878401C3870F7E706EBB9
:10A3B000C60000EB40002044817B491C817330467D
:10A3C00069E670472DE9F047002400256D4F4FF0F6
:10A3D0003C08DFF8B4A128E07F2C24D26448C5EB08
:10A3E000C50100EB810904EB840007EB8006142211
:10A3F0004946304624F0BEFFD9F8050006F08AF938
:10A40000C6F80500D9F8100025F0A9FA25F0CAFA17
:10A4100006F080F930615D4830F81400B0FBF8F0C8
:10A42000F073641CE4B26D1CEDB29AF80000854232
:10A43000D2D30025DFF858A12CE07F2C28D2554834
:10A44000C5EBC50100EB810904EB840007EB800636
:10A4500014224946304624F08DFFD9F8050025F036
:10A4600075FA25F09FFA06F055F9C6F80500D9F8F7
:10A47000100025F074FA25F095FA06F04BF93061DA
:10A48000454830F81400B0FBF8F0F073641CE4B2F7
:10A490006D1CEDB29AF800008542CED30025DFF89E
:10A4A000D8A02EE01F2C2AD205EBC50000EB4001FE
:10A4B0003348142201EB000904EB840007EB80060B
:10A4C0004946304624F056FFD9F8050025F03EFAFB
:10A4D00025F068FA06F01EF9C6F80500D9F8100054
:10A4E00025F03DFA25F05EFA06F014F930612B48AC
:10A4F00030F81400B0FBF8F0F073641CE4B26D1C8B
:10A50000EDB29AF800008542CCD30025DFF86CA0AC
:10A5100049E01F2C2AD205EBC50000EB400115488D
:10A52000142201EB000904EB840007EB8006494686
:10A53000304624F01FFFD9F8050025F007FA25F072
:10A5400031FA06F0E7F8C6F80500D9F8100025F052
:10A5500006FA25F027FA06F0DDF83061104830F8E9
:10A560001400B0FBF8F0F073641CE4B26D1C19E049
:10A57000888D0360C878036069020060680200602B
:10A58000287C0360642302606B020060B4B1036046
:10A590006A020060887F0360B4B0036074B0036037
:10A5A00034B00360EDB29AF800008542B1D3C4F133
:10A5B000800000EB8000810004EB840007EB80004A
:10A5C000BDE8F04724F0EFBE2DE9F047FE4DDFF87F
:10A5D000FC83002798F8000080284FD20026A94667
:10A5E00048E0A87818B1E87808F044FD04461C2C2F
:10A5F0003DD0152C3BD0142C39D0162C37D02B2C19
:10A6000035D02C2C33D05F2C31D0482C2FD02E2C91
:10A610002DD0C6EBC60009EB8001ED4A087D02EBA8
:10A62000D00200F0070312780120984002422AD19C
:10A630004CB3EF7398F80000C8B1EF72801B401E56
:10A64000C0EBC000820005F11C01284624F092FEF8
:10A6500098F800001C21401EC0EBC00009EB8000F0
:10A6600024F0A1FE98F80000401E88F80000761C37
:10A67000F6B21C3598F800008642B2D3D54D0024BE
:10A68000A846D54E64E0D54A32F81600401C22F8A0
:10A69000160091F90F007F2803D0002801DD401E2D
:10A6A000C87395F90F000028E1DC98F80000002835
:10A6B000DDD0EF72801B401EC0EBC000820005F1B0
:10A6C0001C01284624F056FE98F800001C21401E6C
:10A6D000C0EBC00009EB800024F065FE98F8000094
:10A6E000401E88F80000C2E7C4EBC40008EB8002FB
:10A6F00092F90F007F2803D0002801DD401ED0739F
:10A70000B74A32F81400401C22F81400E87A0128F5
:10A710001BD195F90F00002817DCB1B1EF72081BAF
:10A72000401EC0EBC000820005F11C01284624F049
:10A7300021FE30781C21401EC0EBC00008EB8000D9
:10A7400024F031FE3078401E3070641CE4B21C35B9
:10A7500031788C42C8D3A34D0024A946DFF8888203
:10A760004FF0553640E004EBC40000EB400000EB36
:10A77000090191F90F007F2803D0002801DD401E58
:10A78000C8739A4931F81400401C21F81400E87A83
:10A79000012826D195F90F00002822DCEF72101B4A
:10A7A000401E00EBC00000EB400205F11B012846F3
:10A7B00024F0E0FD98F800001B21401E00EBC000D3
:10A7C00000EB4000484424F0EEFD98F80000401EE5
:10A7D00000EBC00101EB41014944C1F8056088F874
:10A7E0000000641CE4B21B3598F800209442BAD3F0
:10A7F0007F4D0024A946DFF8FC8140E004EBC40053
:10A8000000EB400000EB090191F90F007F2803D015
:10A81000002801DD401EC873774931F81400401C40
:10A8200021F81400E87A012826D195F90F000028B4
:10A8300022DCEF72101B401E00EBC00000EB400258
:10A8400005F11B01284624F095FD98F800001B2116
:10A85000401E00EBC00000EB4000484424F0A3FD84
:10A8600098F80000401E00EBC00101EB4101494493
:10A87000C1F8056088F80000641CE4B21B3598F844
:10A8800000209442BAD3BDE8F0479BE5F8B50546F1
:10A890000C4669784A1E0B2A73D85848032903D0FE
:10A8A0002B780E5CB34206D303296AD1085C2B785F
:10A8B0000C30834265D2524B4FF47A700A2A2DD263
:10A8C000DFE802F0053669C0CAD7E1FBFBEE297864
:10A8D0004C4AC1EB011101EB41011144009191F887
:10A8E00023200ABB91F92820F2B1A2F10C060A2E0E
:10A8F0000DD9173A072A06D802EBC20606EB021258
:10A900009A5C012A03D091F8251049B907E091F823
:10A91000251001B1002021F0AFFB2060CDE0002028
:10A9200021F0AAFB2060C8E0D1F81E002060C4E03E
:10A930002978C1EBC10202EB0111334A02EB41015C
:10A94000009191F8282012BB91F82D20FAB1A2F1C4
:10A950000C060A2E0DD9173A072A06D802EBC206B2
:10A9600006EB02129A5C012A03D091F8261051B925
:10A9700008E091F8261001B1002021F07DFB206055
:10A980009BE09CE0002021F077FB206095E0D1F86F
:10A990001E00206091E02978C1EBC10202EB411159
:10A9A0001A4A1144009191F8232062B991F82620A7
:10A9B0004AB1A2F10C060A2E33D9173A072A2CD82D
:10A9C00002EBC20624E039E0888D03606B02006070
:10A9D000B23A0460887F03606A020060B4B1036029
:10A9E000B4B00360287C03606902006074B0036047
:10A9F000C87803606802006034B0036095160408EC
:10AA0000E2CB0260112A0560511E05607AD0026017
:10AA100006EB02129A5C012A03D091F8241049B97E
:10AA200007E091F8241001B1002021F025FB2060FF
:10AA300043E0002021F020FB20603EE0D1F81E0022
:10AA400020603AE02878F849C0EBC00001EB8000B4
:10AA5000D0F80700206030E02978F44AC1EBC1014A
:10AA600001EB410102EB4101897F01B90020206027
:10AA700023E02978EE4A01EB41111144897F01B9A5
:10AA80000020206019E0297801EB810202EB4111DE
:10AA9000E84A114491F8201001B9002020600CE030
:10AAA000297801EB810202EBC101E34A02EBC1010B
:10AAB00091F8631001B9002020602878F8BD0020CB
:10AAC0002060401EF8BD2DE9F84F04460D46617820
:10AAD00000260A46491E0B2967D8D84F2078D25D38
:10AAE00090426FD20A29FCD2DFE801F005F3F2F1BF
:10AAF000F0EFEE6C6CEDC0EB0011D14F01EB4101BA
:10AB000039440091CF4E0A22325491F9220000B903
:10AB10001BB1012856D1012BFCD191F82300DFF89D
:10AB200028B3DFF82893DFF828A3E8B304F0ACFAE1
:10AB30002678B04208DD286824F008FFC54924F0D3
:10AB40004CFE0BEB8611486204F09EFA0146207819
:10AB500081422DDCC0490978884229D2C0EB00111E
:10AB600001EB41013944D1F81E10BC4B2A8823F86F
:10AB70001020286888421BD0D9F80000F1F758FD52
:10AB8000DAF80000F1F754FD21780022C1EB011042
:10AB900000EB4000384407F0ECF8DAF80000F1F779
:10ABA00099FDD9F8000001E00DE0BDE1F1F792FD5B
:10ABB00020780021FBF7A8FD286821F05DFA0099B4
:10ABC000C1F81E00ADE104F05FFA2678A44AB04255
:10ABD00048DDC6EB061000EB4000384490F9280031
:10ABE000A0F10C010A290DD91738072806D800EB67
:10ABF000C00101EB0010105C012803D02868D8B117
:10AC000001201AE0286898B1002024F0A8FE0BEB80
:10AC10008611486220781BF0FCFD58B10020217895
:10AC2000C1EB011101EB4101394481F8250062E0DB
:10AC30000120EAE70120F2E7002024F090FE0BEB70
:10AC40008611486220781BF0E4FD08B1012000E085
:10AC500000202178C1EB011101EB4101394481F859
:10AC6000250048E0C6EB061000EB4000C11991F941
:10AC7000258091F92800A0F10C030A2B0DD9173873
:10AC8000072806D800EBC00303EB0010105C012876
:10AC900003D02868F0B101201DE0286830B1002001
:10ACA00081F82500286818B1002003E00120F7E7AB
:10ACB0004FF47A702178C1EB011101EB4101394465
:10ACC000C1F81E0017E01DE10BE1FEE0ECE0DCE066
:10ACD00092E051E0002081F82500286810B14FF47F
:10ACE0007A7000E000202178C1EB011101EB4101F5
:10ACF0003944C1F81E002078C0EB001101EB41017E
:10AD0000394491F8251021B14FF47A7104F0D4F848
:10AD100002E0002104F0D0F804F0B6F901462078F2
:10AD200081423FF745AF4C4909788842BFF440AFB4
:10AD3000C0EB001000EB4000384490F9250040457E
:10AD40003FF436AFD9F80000F1F772FCDAF80000F2
:10AD5000F1F76EFC21780022C1EB011000EB4000FE
:10AD6000384407F006F8DAF80000F1F7B3FCD9F838
:10AD70000000F1F7AFFC1BE7C0EBC001394F01EB5E
:10AD8000001007EB4000009090F9271001B91BB1AB
:10AD9000012947D1012B45D190F8281031B92968F4
:10ADA00009B1012100E0002180F82610286821F077
:10ADB00063F9286821F060F90099C1F81E00207835
:10ADC000C0EBC00101EB001007EB400191F82D0032
:10ADD000192803D00F2801D01D2823D1D1F81E0037
:10ADE00021F04AF9F0B920781F4941F82060217814
:10ADF0001E4A0120505494E0C0EBC00101EB40100A
:10AE00001B490844009090F8221001B91BB1012998
:10AE100008D1012B06D190F8231021B9296849B334
:10AE2000012129E03FE029E0CEE50260B837036068
:10AE3000C83F03602ACE0260E8E702609516040866
:10AE4000112A05603ED00160B468036018030060F9
:10AE50006004006000007A44EA02006036B90260D3
:10AE6000E2CB0260511E0560184D0460385C04603E
:10AE70007AD00260FFE7002180F82410286821F0D2
:10AE8000FBF80099C1F81E004BE0FA49C0EBC00086
:10AE900001EB80000090C07C00B91BB1012840D1BB
:10AEA000012B3ED128683CE0C0EBC000F24900EB2A
:10AEB000400001EB40000090C07F00B91BB10128A9
:10AEC0002FD1012B2DD128682BE0EC4900EB40104D
:10AED00008440090C07F00B90BB110B30BB32868D1
:10AEE0001FE000EB800101EB4010E54908440090B1
:10AEF00090F8210000B91BB1012812D1012B10D10B
:10AF000028680EE000EB800101EBC000DD4901EB99
:10AF1000C0000090296809B1012100E0002180F8FB
:10AF200063102078BDE8F88F667026702E604FF0B1
:10AF3000FF30F7E72DE9FF4F87B00746DDF8508077
:10AF40000D46994600263868049038798DF814002B
:10AF500004A803F018FF9DF81200741EF0B1CA494E
:10AF60000978884205D19DF813208A427DD0002AB5
:10AF7000FCD04FF00009884278D104A8FEF7DDFE2E
:10AF8000B0F1000A0CDA214604A8FFF76AF8B0F124
:10AF9000000A05DA20460BB0BDE8F08F2046FAE73C
:10AFA00004A803F0BCFE01280DD0B849CAEBCA00C2
:10AFB00001EB800460781C2878D01D2877D0B44E2F
:10AFC000012875D0F7E0B348CAEBCA0100EB810451
:10AFD0006178207901F01F0200F06003D7184FEA72
:10AFE000511B010601D500F01F060998032FC0B2BE
:10AFF000069007D01A2F05D01B2F03D0A7F12100F0
:10B00000032814D80998B8B1D4F8050003998842E8
:10B010000DD0069800904FEA0B2000EBC621207857
:10B020002B46084482B2217D102008F0D9FB182F4E
:10B030003FD0192F3DD051E0D4F805102868814247
:10B04000F5D0A7F1210103291CD824F07FFC9249F7
:10B0500024F0C3FBA7F12001CAB203A9FCF743F80F
:10B06000042000904FEA0B2001E095E259E100EB4B
:10B07000C621207803AB084482B2217D102008F05D
:10B08000AFFBD4E74FF47A7190FBF1F0039001200D
:10B0900000904FEA0B2000EBC621207803AB084458
:10B0A00082B2217D062008F09BFBC0E74CE064E003
:10B0B0007CE0099818B3D4F80500039988420DD0B4
:10B0C000069800904FEA0B2000EBC62120782B4613
:10B0D000084482B2217D0F2008F082FB09980128E4
:10B0E00029D0B8F1000F29D0B8F1020F29D07F2064
:10B0F000E0736A4820F81A90C4F8109005E1D4F87B
:10B10000051028688142E9D024F020FC624924F02F
:10B1100064FB24F047FC0390012000904FEA0B20D1
:10B1200000EBC621207803AB084482B2217D0520C4
:10B1300008F056FBD2E73C20E073DAE71420E07316
:10B14000D7E73C20E073D4E7D4F8051028688142A3
:10B1500012D024F0FBFB504924F03FFBCDE900095D
:10B160009DF813309DF812209DF81010022000F079
:10B17000D6FF2868C4F8050071E0D4F805102868E7
:10B1800081426CD024F0E2FB434924F026FBCDE958
:10B1900000099DF813309DF812209DF81010002032
:10B1A00000F0BDFF2868C4F8050058E09DF81010B5
:10B1B0003278914204D21E2802D0012830D034E0E7
:10B1C000D4F8052029688A4249D01E2816D008469E
:10B1D00024F0BCFB304924F000FBCDE900099DF8C8
:10B1E000100031789DF81330411A9DF8122001208B
:10B1F00000F095FF2868C4F8050030E0084624F008
:10B20000A5FB254924F0E9FACDE900099DF81330A2
:10B210009DF812209DF81010012000F080FFE9E752
:10B220009DF810103278914201D31F2817D1D4F81D
:10B2300005102868814212D024F088FB164924F0BA
:10B24000CCFACDE900099DF813309DF812209DF845
:10B250001010042000F063FF2868C4F8050060782F
:10B2600016282ED1D4F805102868814229D0B8B10B
:10B27000012016E0CEE50260B8370360C83F0360E6
:10B280002ACE0260E8E7026067020060887F036000
:10B290009D020060888D036000007A44B4B10360B1
:10B2A000002024F05CFBCDE900099DF813309DF8E7
:10B2B00012209DF81010052000F031FF2868C4F816
:10B2C00005006078152818D1D4F805102868814247
:10B2D00013D008B1012000E0002024F040FBCDE9AC
:10B2E00000099DF813309DF812209DF810100320DE
:10B2F00000F015FF2868C4F805009DF813109DF8AC
:10B300001200002203F0A8FC2061B8F1000F05D064
:10B310007F20E073FE4820F81A9046E10A20E0738F
:10B32000F8E704A8FEF7ECFCB0F1000A08DA2146C1
:10B3300004A8FEF794FFB0F1000A01DA20462AE6DD
:10B3400004A803F0ECFC012809D00AEBCA00F1497B
:10B3500000EB400044189DF81300E8B387E00AEBC7
:10B36000CA00ED4900EB400044186178207901F0F3
:10B370001F0200F06003D7184FEA511B032F09D0BA
:10B380001A2F07D01B2F05D0182F03D0A7F12101AA
:10B39000032943D8010601D500F01F06D4F8051093
:10B3A000286881423AD0A7F1210103291CD824F052
:10B3B000CDFADA4924F011FA203FFAB203A9FBF7DB
:10B3C00092FE022003A9CDE900104FEA0B2021785C
:10B3D00000EBC620084400E045E083B2E278A078A4
:10B3E000102109F07FF916E04FF47A7190FBF1F02B
:10B3F0000390182F20D0012003A9CDE900104FEAB7
:10B400000B20217800EBC620084483B2E278A078B4
:10B41000062109F067F92868C4F80500B8F1000FA3
:10B420001BD0B8F1020F1BD07F20E073BC4820F87E
:10B430001A90C4F81090B8E0012003A9CDE90010DB
:10B440004FEA0B20217800EBC620084483B2E27853
:10B45000A078052109F046F9DDE71E20E073E5E755
:10B460003C20E073E2E79DF812008DF81300D4F859
:10B4700005100391607803280CD002280AD0012817
:10B4800008D01C282AD01D286FD01E283ED01F2887
:10B4900054D06AE02868884267D09DF813109DF860
:10B4A0001200022203F0D8FB064630005DD09DF862
:10B4B0001010607802AA00F01AFE0746286824F0EF
:10B4C00045FA24F088FA03469DF8082039B2304640
:10B4D00001F01DF82868C4F8050046E02868884295
:10B4E00043D024F033FA8D4924F077F90221CDE9D5
:10B4F00000019DF813309DF812209DF810100220D5
:10B5000000F00DFE2868C4F805002EE02868884287
:10B510002BD024F01BFA814924F05FF90221CDE9F8
:10B5200000019DF813309DF812209DF810100120A5
:10B5300000F0F5FD2868C4F8050016E02868884288
:10B5400013D024F003FA754924F047F90221CDE91C
:10B5500000019DF813309DF812209DF81010042072
:10B5600000F0DDFD2868C4F805009DF813109DF873
:10B570001200022203F070FB20616420F0F7ADFF9F
:10B58000B8F1000F05D07F20E073664820F81A90CC
:10B590000BE01E20E073F8E7B9F1010F05D14B462F
:10B5A00029463846099AFFF78EFA0120F3E42DE97F
:10B5B000FE4F81460C4617461D464FF00008CDF859
:10B5C0000080D9F80000019099F804008DF8080077
:10B5D00001A803F0D8FB9DF806004FF0FF36E8B154
:10B5E00051490978884205D19DF807208A4272D0D6
:10B5F000002A70D04FF0553A4FF07F0988425BD156
:10B6000001A8FEF79AFB051E0ADA314601A8FEF7EB
:10B6100028FD051E04DA3046BDE8FE8F3046FBE704
:10B62000802D1ADA01A803F07AFB012816D03F48D2
:10B63000C5EBC50100EB81060022F178B07803F07C
:10B640000BFB3061D6F80500504531D0206067B360
:10B6500086F80F902E4820F81580ADE03448C5EBF1
:10B66000C50100EB8106C6F81080D6F805004FF042
:10B67000140B50450CD020F0FFFC20602FB186F851
:10B680000F902C4820F8158096E086F80FB0F8E768
:10B6900047B186F80F90274820F81580C4F800803D
:10B6A0000020B9E786F80FB0F5E70A20F073D1E77C
:10B6B000C4F800800020AFE7012D0DD001A8FEF7EF
:10B6C0001FFB051E0ADA314601A8FEF7C8FD051E5C
:10B6D00004DA3046A0E769E030469DE7202D6BDABA
:10B6E00001A803F01CFB4FF01E0B012832D005EB24
:10B6F000C50000EB4001074802220E18F178B0782F
:10B7000003F0AAFA3061CFB386F80F90054913E031
:10B71000B4B00360C8780360287C036000007A44FA
:10B7200074B0036034B0036067020060887F036018
:10B73000888D0360B4B1036021F81580D6F8050048
:10B7400050452FD048B320604FB386F80F9021F8B2
:10B75000158031E005EBC50000EB40012B480844A3
:10B76000C0F81080D0F80510294A51450AD0216050
:10B770002FB180F80F9022F815801DE00AE080F8C4
:10B780000FB0F8E780F80FB022F81580C4F80080F9
:10B79000002041E786F80FB0B8E700203CE786F8C4
:10B7A0000FB0D4E7C4F80080002035E7694648466A
:10B7B000FFF76CF80098206001202DE73EB50024CB
:10B7C000144DC4EBC40000EB800015F810100029E4
:10B7D0001AD005EB4000C17A8DF80410817A8DF8FB
:10B7E0000510017A8DF80610407A8DF807000020C8
:10B7F0008DF8080001231A46694601A8FFF7D7FE15
:10B80000641CE4B2F02CDCD33EBD0000287C036055
:10B8100074B0036018F60260FE490879002807D06A
:10B820004879421E4A7101D30020704700200871F8
:10B830000120704770B5CCB00446F74800798DF808
:10B840000400A07801AE5E2802D0C2280DD032E0FC
:10B8500003208DF80500B4F80500000A8DF80800F3
:10B8600060798DF80900062525E02088C01F022890
:10B8700016DD10208DF80500B4F80500000A8DF8DB
:10B88000080060798DF809002078C01F8DF80A0043
:10B890002288E249D21FF01D23F06CFD25880AE0C2
:10B8A00006208DF80500DD4801788DF808104078F5
:10B8B0008DF80900062520798DF80600E0788DF8CE
:10B8C0000700E9B201A809F0B2FD010A715571192A
:10B8D000487001A904200AF0A9FE4CB070BD2DE902
:10B8E000F05F05460E464FF000080027DFF830A352
:10B8F000DFF830B307EB870000EB471000EB0B09D4
:10B90000B9F9230020F0B9FB00283BDD002433E027
:10B9100007EB4700C0EBC7100AEB0010015D9E2942
:10B9200028D120448178427901F01F0102F06002A1
:10B930001144042C1ED910F8012C9D2A1AD010F89D
:10B94000022C9D2A16D010F8032C9D2A12D010F834
:10B95000042C9D2A0ED0032906D0A1F11802072A33
:10B9600002D92139032905D8C178A94202D1C6706C
:10B970004FF00108641CA4B2B9F9230020F07DFB4C
:10B98000A042C5DC7F1CFFB2102FB3D30022A64C0F
:10B99000002002EB820101EBC20104EBC10300EBCA
:10B9A00080011944CF7AAF4206D1CE720F7BAF42ED
:10B9B00000D10E734FF00108401C80B20E28EED368
:10B9C000521CD2B20C2AE3D30020984AC0EBC0012B
:10B9D00001EB810102EB41010B7AAB4206D10E7201
:10B9E0004B7AAB4200D14E724FF00108401CC0B2FE
:10B9F000F028EBD3B8F1000F06D08D490120C873B1
:10BA0000BDE8F05F03F029BEBDE8F09F2DE9F05FCF
:10BA100005460E464FF000080027DFF804A2DFF8C5
:10BA200004B207EB870000EB471000EB0B09B9F9F4
:10BA3000230020F022FB00283BDD002433E007EB4D
:10BA40004700C0EBC7100AEB0010015D9E2928D10A
:10BA500020448178427901F01F0102F06002114414
:10BA6000042C1ED910F8012C9D2A1AD010F8022C93
:10BA70009D2A16D010F8032C9D2A12D010F8042C01
:10BA80009D2A0ED0032906D0A1F11802072A02D957
:10BA90002139032905D8C178A94202D1C6704FF0D7
:10BAA0000108641CA4B2B9F9230020F0E6FAA04210
:10BAB000C5DC7F1CFFB2102FB3D300225A4C0020EC
:10BAC00002EB820101EBC20104EBC10300EB800138
:10BAD0001944CF7AAF4206D1CE720F7BAF4200D16C
:10BAE0000E734FF00108401C80B20E28EED3521C9A
:10BAF000D2B20C2AE3D300204C4AC0EBC00101EBC8
:10BB0000810102EB41010B7AAB4206D10E724B7AF6
:10BB1000AB4200D14E724FF00108401CC0B2F02879
:10BB2000EBD3B8F1000F06D041490120C873BDE83E
:10BB3000F05F03F092BD67E73E4B0022354918786D
:10BB4000002808D00878401CC0B20870032801D92A
:10BB50001A700A7070470A70704730B50022354B72
:10BB60002C4C02280DD0032814D0042817D001280B
:10BB70000FD11A7029480C38427A642A14D2162040
:10BB800015E02D4D2888401C28801A70042008706C
:10BB9000A08930BD1A7005200870A08930BD1A70C8
:10BBA00006200870A08930BD00780A30C0B2032298
:10BBB0000A7030BDF0B40A461F4C483CB4F840103F
:10BBC000491CA4F84010072A05D234F8420F401C43
:10BBD0002080F0BC7047817A0E4D122906D0E97999
:10BBE00031B134F8440F401C2080F2E70A21E9719A
:10BBF000111DA981114B41791970114903780B70FE
:10BC00000C234B700F4B1B881E0A8E70CB700623C3
:10BC10000B7119E050020060B24C04602AAF026060
:10BC2000C62F02602ACE0260E8E7026018F60260C2
:10BC3000A4B50360CE070060C45B0460A607006083
:10BC4000F812056094030060F74BDE7B4E711E7C9A
:10BC50008E715E7CCE719B7C0B72BA234B72C023BB
:10BC60008B72F249096829610121A971F04B197899
:10BC70000029AED134F8461F491C218002211970D9
:10BC8000F0BCD21FC11DEB4823F074BB2DE9F0417D
:10BC90001446E94B81221A700A225A70A51E2A0AFC
:10BCA0009A70DD700A781A7108225A718A789A712E
:10BCB000CA78DA7101221A725872A4F10C020C319E
:10BCC00003F10A0023F056FBDC4E3078092811D22C
:10BCD00040F22D114843DA4FA21E07EB4000D6492F
:10BCE00023F048FB307840F22D11484307EB400029
:10BCF000A0F8585230780A2803D2401C3070BDE8B2
:10BD0000F08100203070FAE730B54FF0FF350028A1
:10BD100004D00021CC4ACB4B12780CE0284630BD31
:10BD2000C1EBC10403EB8404647E844201D148B2B8
:10BD300030BD491CC9B29142F2D3284630BD30B55E
:10BD40004FF0FF35002804D00021C14ABF4B1478C2
:10BD50000DE0284630BD01EBC10202EB42021A445D
:10BD6000527E824201D148B230BD491CC9B2A142C3
:10BD7000F1D3284630BD30B54FF0FF35002804D050
:10BD80000021B54AB34B14780DE0284630BD01EBD5
:10BD9000C10202EB42021A44527E824201D148B2F1
:10BDA00030BD491CC9B2A142F1D3284630BD2DE9AE
:10BDB000FF5F04468A46012700264FF0020B4FF032
:10BDC000AC0804F10B05002A43D0012A3FD194F8B6
:10BDD00001A05046FFF7B3FF8146B9F1FF3F6ED097
:10BDE0009E480770E07A44286AD0912869D0617B28
:10BDF0005E292CD1217CB0EB410F0FD1607DA17C5D
:10BE0000227D00EB0160E17C090401EB0221084482
:10BE100023F0A5FD924923F0E0FC0390904903989C
:10BE200023F0A9FC23F0BEFDCDE901B6009009EB9B
:10BE3000C900864900EB40000A5C0844521C417866
:10BE4000D3B2491ECAB2C1788078FEF788F8BDE83F
:10BE5000FF9FDFF8109299F80600012802D002280F
:10BE600032D098E07448812101700A2141700AF1B2
:10BE70000605290A8170C570077146715246214630
:10BE8000801D23F077FA6D4C2078092811D240F2FA
:10BE90002D1148436A4F2A4607EB4000664923F0BC
:10BEA00069FA207840F22D11484307EB4000A0F8D2
:10BEB000585220780A2805D2401C20706BE07AE0A6
:10BEC0006CE073E0267066E0674960780978884224
:10BED00061D166480770A078122805D0E07A44281E
:10BEE00030D0912836D039E02079614B998D491CAA
:10BEF00099852044017B5E294DD1817ADA8D521CCF
:10BF0000DA85C27BB1EB420F45D1198E491C1986E7
:10BF100010F8121F8278847901EB02210279120451
:10BF200002EB04628D1853492B22534C09784A4383
:10BF30002244C2F80550847B94721931807B23F827
:10BF4000110028E084F80B8003AA0A2128461CF07F
:10BF5000F6F903E0207B23F002FD039040490398AB
:10BF600023F009FC23F01EFDCDE901B60090434803
:10BF70000078C0EBC001334800EB8100B0F8172017
:10BF8000417D02F47F4301EBD301D3B2C9B2007DFE
:10BF90000022FDF72FFF89F8066058E784F80B8030
:10BFA00003AA0A2128461CF0CAF937E7207B23F0B0
:10BFB000D6FC039032E7324800785045EDD1E07A64
:10BFC0004428EAD184F80B8003AA0A2128461CF0F1
:10BFD000B6F92C480770039823F0FDFC2A49087035
:10BFE00035E730B5ADF5197D04460D46D4F80600A9
:10BFF00097AA98A91BF052FB9DF86012062903D05E
:10C0000000200DF5197D30BDD4F8061001AA0844B2
:10C0100097991BF0B8FD9DF80A006328F1D19DF8AF
:10C020000C102970EDE70000B24C04603000006095
:10C03000CE07006003130560C6AC02605C010060BF
:10C04000AAA50160887F03606A020060C878036067
:10C0500068020060287C03606902006005030060DC
:10C0600000007A44500200604C0300604D03006001
:10C070007C5B046047030060889B036046030060AC
:10C0800008030060060300600703006010B500218C
:10C09000FD4BFC4A1B780CE02B2404FB0124246894
:10C0A000844204D12B2000FB0120007910BD491CE3
:10C0B000C9B29942F0D3002010BD10B50020F34A58
:10C0C000F14BF049B2F807201B780CE02B2404FB5D
:10C0D00000142468A24204D12B2200FB0210007934
:10C0E00010BD401CC0B29842F0D3002010BD0346E2
:10C0F00001280DD0022B06D0032B0DD141F69C70E8
:10C1000000EB410008E041F63C5000EB410003E049
:10C1100041F6BC3000EB41000221117070472DE95F
:10C12000FF4FADF51D7D8246AA9FAB9C9346994675
:10C1300022464946584602F08FFD05464FF0FF362D
:10C140007DB100200DF1140814B1022C28D008E0B4
:10C15000CF4991F82A20092A08D091F828100929F6
:10C1600004D030460DF5217DBDE8F08FC949CA796C
:10C170000AB13046F6E702228A71C74A04211170DB
:10C18000C64981F80090CDE90080CDE902765523BB
:10C190000494514628469E9A1FF089F90120E1E750
:10C1A000BF4A012111708146BE4880F80090BE4907
:10C1B000584602F01BFDBD4905200870CDE9027606
:10C1C0005523CDE900890494514628469E9A1FF0D4
:10C1D0006EF9C7E7F0B5ADF53F7D07460E4615464B
:10C1E0003421B2A823F0DFF83421A5A823F0DBF82E
:10C1F0000024A4944FF418710CA823F0D4F80894E8
:10C2000009940A940B94142101A823F0CCF8A848AF
:10C21000C58086804FF48270ADF820000120CDF8F3
:10C2200022000720ADF818005E208DF81A00ADF846
:10C230001B60ADF81D50974804810CAA06A9062082
:10C240001BF061F80CA9A5A81AF046FDA5A9CDF828
:10C250002610CDF82A0001AAA4A9384619F083FBBC
:10C2600038B1022208A901A81EF0B4FB0DF53F7DEC
:10C27000F0BD6FF00600F9E72DE9F04F87B00446F6
:10C28000109D8A4693461F46FF262A463946584641
:10C2900002F0E2FC80465FEA08004FF0FF3105D073
:10C2A0004FF00209002225B1022D19D0084607B02F
:10C2B0005AE77848C3790BB10846F8E780F806904A
:10C2C00075490320087075480770CDE9002555238E
:10C2D0005246214640461FF04EF876490870E6E780
:10C2E0006F49012008706F48174602706E49584622
:10C2F00002F07CFC6D4905200870032C10D0022C44
:10C300000ED0012C0CD01C2C1BD01D2C23D01E2C8D
:10C310002BD01F2C33D0162C3BD0152C43D04BE008
:10C320000AF0FF0101AA2046FFF7E1FE014602AB39
:10C33000CDF800909DF804204046FFF74BFFC6B2B1
:10C340003AE0CDE9007555235246022140461FF0E0
:10C3500012F8064630E0CDE900755523524600211B
:10C3600040461FF008F8064626E0CDE90075552343
:10C370005246012140461EF0FEFF06461CE0CDE974
:10C38000007555235246042140461EF0F4FF064630
:10C3900012E0CDE9007555235246052140461EF0B6
:10C3A000EAFF064608E0CDE9007555235246032111
:10C3B00040461EF0E0FF0646304678E72DE9F84398
:10C3C00005460E461446002000210091002E0AD09A
:10C3D000002C08D028466A461BF0B8FC4FF0FF3806
:10C3E000002802DA4046BDE8F8830746009820801E
:10C3F000E8196A4601211BF0A9FC002801DA404631
:10C40000F1E707440098C4F80200E81902211BF084
:10C41000EFF940B17F1CE81944F8060FF01B401EED
:10C4200060603046DFE74046DDE72DE9F04186B049
:10C430001646DDF830801F4602AAFFF7BFFF01A9AC
:10C4400002A8FFF7CEFDC5B2DDF81200114C08B905
:10C450000120E070DDF81200B0F5FA7F54DADDF863
:10C460001220DDF80E10144822F084FFBDF81200EF
:10C470006081632D22D0424639463046FFF797FC53
:10C4800006B03CE4889B03606C0200601EAF026053
:10C49000B24C046050020060CE070060A607006046
:10C4A000010300600A0300603203006003030060C0
:10C4B00056B002604C030060C6AC0260B0F81510C4
:10C4C000008801EB0045FE4C6946284602F0EAFB75
:10C4D000401CD5D09DF800002B214843F949227B10
:10C4E00008444272617B8172217A627AE37A01EBBD
:10C4F0000221A27A120402EB03621144C0F8051073
:10C50000A17B01710560BBE700206081B8E72DE9E0
:10C51000FF41ADF55A7D0646884614463421C0A831
:10C5200022F041FF3421B3A822F03DFF0025B2954F
:10C530004FF418711AA822F036FF16951795189522
:10C540001995142104A822F02EFF0CB1802C05D9D6
:10C550006FF003000DF55E7DBDE8F0813421CDA8BC
:10C5600022F021FF4FF48270ADF858000127CDF87A
:10C570005A70D5480721817001EB4401ADF80810CD
:10C58000C2218DF80A10ADF80B80ADF80D404FF6C2
:10C59000FF7101EA4401018102980990BDF80C0085
:10C5A000ADF828009DF80E008DF82A0064002246A0
:10C5B000DDA9CDA822F0DEFE9DF837038DF804003A
:10C5C0009DF836038DF805009DF835038DF80600BB
:10C5D0009DF834038DF807000198CD902246CDA92F
:10C5E0000DF12B0022F0C6FE1AAA09A906201AF0A6
:10C5F0008AFE1AA9B3A81AF06FFBB3A9CDF85E1092
:10C60000CDF86200B1480770B1480570B149052006
:10C61000087004AAB2A9304619F0A5F928B102227F
:10C6200016A904A81EF0D6F994E76FF0010091E76F
:10C630002DE9F043ADF2DC6D04460F460026CDF83F
:10C64000C466CDF8C866CDF8CC66CDF8D0664FF498
:10C6500018710DF2644022F0A6FE4FF4167183A803
:10C6600022F0A1FE00259420ADF8C4064FF0010889
:10C67000CDF8C6862078C2214FF00709102802D0D5
:10C6800003281FD020E0BF1EADF8D4768DF8D61653
:10C69000A0788DF8D706E0788DF8D806ADF8D98661
:10C6A000DDF8D4060190BDF8D806ADF808009DF875
:10C6B000DA068DF80A00A279E11D0DF10B0022F0D7
:10C6C00059FE3AE0082F02D0062819D035E0ADF81F
:10C6D000D4965E208DF8D606A0788DF8D706E0783F
:10C6E0008DF8D806ADF8D986DDF8D4060190BDF8EE
:10C6F000D806ADF808009DF8DA068DF80A001CE0AF
:10C70000082F1AD10920ADF8D4068DF8D616A078D6
:10C710008DF8D706E0788DF8D806ADF8D986DDF823
:10C72000D4060190BDF8D806ADF808009DF8DA06E9
:10C730008DF80A00A088ADF80B00634F87F80290CF
:10C74000BDF8D40638810DF2644201A906201AF022
:10C75000DAFD0DF2644183A81AF0BEFA83A9CDF880
:10C76000CA16CDF8CE068DF8F88120788DF8F9013B
:10C77000ADF800628DF802627EA84119CE726D1C80
:10C78000072DFADBF87928B14FF0FF300DF2DC6DA0
:10C79000BDE8F0830220B8714F49032008704F496B
:10C7A0002078087000220DF2C4617EA81EF012F9F4
:10C7B000ECE770B5054616460020002D23D03288E0
:10C7C000284600211BF0EDFA0446D6F8022028196D
:10C7D00001211BF0E6FA01460C44281902211AF047
:10C7E000FEFE0444002105E0D6F80600405C285512
:10C7F000641C491CD6F80A008842F5DC281902217D
:10C800001AF000FF204470BD10B50A460021002830
:10C8100009D0102101700421417040F25621801C82
:10C82000FFF7C7FF811C084610BD70B515460022F2
:10C83000541E002803D006781EB1204670BD204645
:10C8400070BD86782E70C578122D01D0204670BD3F
:10C85000042905D9091F001D1A46FFF7AFFD02463E
:10C86000104670BD2DE9FF4FADF20C5D0E469946A6
:10C870004FF418742146ABA822F095FD214613A869
:10C8800022F091FD4FF00008CDF83C80CDF84080BB
:10C89000CDF84480CDF84880CDF82C80CDF830809C
:10C8A000CDF83480CDF838800024002008900C4D5D
:10C8B000B9F1A00F34D2044A0BAB521C314611E03F
:10C8C000CFAC0260889B03605002006001030060EF
:10C8D0000A03006003030060CE070060A607006043
:10C8E0007EB30260DDF80C05FFF79FFFDDF8320034
:10C8F00004AA05A91AF0D2FE9DF81410062906D143
:10C90000DDF832102A46084404991BF03CF9BDF8C2
:10C910002C00ADF83C00DDF82E00CDF83E000FE015
:10C92000DDF80C05C179007A01EB002240F25220BB
:10C93000824277D8DDF80C15281DC91D22F01AFD9A
:10C94000F8488579DFF8E0B3DFF8E0A32846162D34
:10C9500021D0172D1FD05F2D1DD0C32D1BD0F14925
:10C960000A794B7902EB0322ADF824208DF82600DA
:10C97000CA798DF827200A7A8DF828204A7A897A90
:10C9800001F0010302EB0322ADF8292074284AD0FC
:10C99000102848D049E01A218AF802100146DBF835
:10C9A0000000E04E8170F179C170317A017106F1B9
:10C9B0000902116840F8051F53684360926882605D
:10C9C00008461FF059FB0146DBF8000040F8051F40
:10C9D00080681FF051FB0146DBF800000930416020
:10C9E00000681FF049FB0146DBF800000A3040F800
:10C9F000011C717DC171B17EF27E737F01EB02215A
:10CA0000327F120402EB03621144C160B17DF27DFA
:10CA1000737E01EB0221327E120402EB03621144A9
:10CA2000816005E0FEE34808079007208AF80200CD
:10CA3000BF4E0127642D6ED9AAF80880B9F1A00F66
:10CA400005D30E22BB48DDF80C1522F093FCBA4842
:10CA50007A2D13D0792D02D0C62D00D00770A5F104
:10CA60006500DFF8D8B2182803DA0BEB050101F8EE
:10CA7000657C8A2D05D0742D06D007E00221017057
:10CA800011E28BF8177001E08BF80670862D01D14A
:10CA90008BF81670BF2D01D18BF813708D2D01D13D
:10CAA0008BF81870792D77D00CDC122824D2DFE8AF
:10CAB00000F0332440B24D5B662323BECC23FEF549
:10CAC000F4758AA18F2D68D00ADCA5F186000928AB
:10CAD000ECD2DFE800F0E911E8E7E611D684E500E2
:10CAE000A5F1BF000A28E1D2DFE800F0BD06060587
:10CAF00006F1F0DF06EF924CA5E19DF828004028F2
:10CB0000FAD89DF82700C0EBC00101EB00118D4859
:10CB100000EB410497E1C3E39DF828004028EBD8DF
:10CB20009DF827008849C0EB001000EB4000441836
:10CB300089E19DF828008028DED89DF82700C0EB09
:10CB4000C00101EB4010814944187CE19DF82800A8
:10CB50000828D1D89DF827007D49C0EBC00000EB24
:10CB6000400001EB40046EE19DF82800042805D840
:10CB70009DF82700774900EB4010441863E19DF8C9
:10CB80002800102807D89DF8270000EB800101EB52
:10CB9000401171480C1856E13AE04EE19DF828002A
:10CBA00010280FD89DF8270000EB4001C1EBC01002
:10CBB0006A4901EB0011079800EBC00202EB00107C
:10CBC00001EB00143FE19DF82800082806D89DF8E5
:10CBD000270000EBC001624800EB011433E19DF82F
:10CBE0002800082805D89DF8270000EBC00006EBB8
:10CBF000C00428E19DF82800042808D89DF82700E3
:10CC0000C0EBC00101EB0011564800EB41041AE1F2
:10CC1000524C0A3C17E19DF82800102806D89DF8D0
:10CC200027005149C0EBC00001EB80040BE19DF8E7
:10CC300028000C2808D89DF8270000EB800101EBA4
:10CC4000C0014A4800EBC104FDE09DF8280010280F
:10CC500008D89DF82700C0EBC00101EB0011444843
:10CC600000EB4104EFE09DF82800F02808D89DF87B
:10CC700027004049C0EBC00000EB800001EB4004FE
:10CC8000E1E09DF82800802806D89DF82700C0EB39
:10CC9000C001394800EB8104D5E02FE018E006E040
:10CCA000BFE07DE07AE039E01FE0344CCBE09DF856
:10CCB0002800102808D89DF8270000EB001000EB92
:10CCC00040012F4800EB4104BDE072E024E021E088
:10CCD0009DF82800082807D89DF8270000EBC00120
:10CCE00001EB001127480C18ADE09DF82700C0EBC0
:10CCF0000010C0EBC00124480C18A4E09DF82800E7
:10CD0000082806D89DF8270000EB40011F4800EBDB
:10CD1000011498E01E4C96E01E4C94E08BF81970BC
:10CD20001D4C90E07EB302609002006050020060F3
:10CD3000883D0360642D0260D6030060A4B50360E3
:10CD40002AAF0260511E0560112A05607AD0026088
:10CD5000B8370360C83F03602ACE0260C62F026066
:10CD6000083903604C400360CEE50260E8E70260EA
:10CD700038F3026018F60260888D036036C00260E6
:10CD8000A2C30260E2CB0260441C0560AACC026030
:10CD90000EBD0260AABC026046BC0260F74C52E0C5
:10CDA0009DF82700C0EBC00101EB4011F4480C18BE
:10CDB00049E000269AF802008119F24808440079F7
:10CDC000012816D1F04840F82680F10716D000213E
:10CDD00006F16B0015F031FDEB4810F8261006F156
:10CDE0006C0015F02AFDB32000EB5600002115F071
:10CDF00024FD761CF6B2182EDCD324E0002106F1C7
:10CE0000540015F01AFDE04810F8261006F1550000
:10CE100015F013FDB32000EB5600002115F00DFDB9
:10CE2000E7E78BF819709DF82700C0EBC00101EB14
:10CE30000011D64800EBC10405E08BF80470D44C17
:10CE4000D4496420C880002C2DD001200890C22D28
:10CE50001BD09DF828009DF82710BDF82920411A05
:10CE60009AF80200491C02FB0102BDF824108A4214
:10CE700019D1652D06D00A1AC2490144091D204660
:10CE800022F078FA672D0FD010E0BDF824109AF840
:10CE900002000A1ABB490144091D204622F06AFA21
:10CEA00009A8FEF7C7FCC8E0F7F7F6FA692D01D12B
:10CEB000F9F702F9752D14D100209DF82720B64905
:10CEC000521C01EBC0031B79934206D101F830706C
:10CED00001EBC00080F8078003E0401CC0B264286A
:10CEE000EFD36A2D01D1F9F7E7F8662D39D19DF816
:10CEF00027009DF82810884208D1C0EBC00101EB43
:10CF00000011A64800EB410004F0DEFF9DF8276009
:10CF100021E0C6EBC60000EB0611A04800EB410083
:10CF200090F82710012914D190F82D10192903D059
:10CF30000F2901D01D290CD1D0F81E001FF09CF83C
:10CF400038B9974840F82680964840F82680964899
:10CF50008755761CF6B29DF82800B042D9D2F7F773
:10CF600045FA652D38D191480068EFF761FB904E86
:10CF70003068EFF75DFBBDF824109AF802000A1A3A
:10CF800080490144091D204622F0F4F99DF827400C
:10CF900015E000212046F9F7B7FBF9F75FFB85485C
:10CFA0000078844209D2C4EB041000EB40018248AF
:10CFB00001220844214604F0DCFE641CE4B29DF822
:10CFC0002800A042E5D23068EFF784FB774800687C
:10CFD000EFF780FBF7F735FA892D01D104F0CCFD8E
:10CFE0008A2D17D19DF82700744AC0EBC00101EBD0
:10CFF00040146349135C214449788B4208D0115492
:10D00000654901F8307001EBC00181F807808F702D
:10D0100005F056F8742D11D06E2D6DD0684E792D17
:10D020006BD0C62D6AD0712D69D0BF2D68D08C2DE4
:10D0300067D0C42D01D0C52D73D0F1E38AF80470F8
:10D0400005208AF805009DF8270000EB4001C1EBA0
:10D05000C0115C4800EB01100178407801EB002022
:10D0600000B21FF00AF881B29DF82700564E00EB7F
:10D07000800202EB40103044C183E1B3B0F91E00DE
:10D080001EF0FBFF4FF4C87190FBF1F0401C4843C9
:10D0900000B21EF0F2FF01469DF8270000EB80026F
:10D0A00002EB40103044A0F82310BDF824009AF899
:10D0B0000210411A079800EBC00202EB001001EBCE
:10D0C0000010B0F5FA6F08DD9DF8270000EB800135
:10D0D00001EB40103044A0F823803C4FA7F80080BB
:10D0E000002442F2D87804EB840000EB4410304472
:10D0F000B0F9230006E015E017E01BE037E06BE035
:10D100007AE0A6E01EF0B9FF3988084480B2388082
:10D11000404501D3A7F80080641CE4B2102CE2D390
:10D12000B7E3A4E0A0F82380BFE79DF82700FCF751
:10D130007FFCAEE323480A3800681EF09DFF012300
:10D14000234A2449F3F76FFF86F8EF8020480178DF
:10D150004278CDE9011800928378C27841798079CC
:10D16000EEF7AAFBEEF79FFBF4F770F991E38BF86B
:10D170001870134808F056FA8BE3000042BA0260B8
:10D18000044103607EB3026098D0016054AC036038
:10D19000A8F102607C5B0460D13B0460511E056015
:10D1A000184D046088550460385C04601803006002
:10D1B00060040060EA020060112A0560B66703603F
:10D1C00036C00260C62F02602ACE02607A0200607A
:10D1D000F81700602EBD01609DF828109DF827000B
:10D1E000091A00EB001000EB4002FF48491C00EB5D
:10D1F0004200F8F77BFD4CE39DF82740FB4F21E010
:10D20000F02C1DD2C4EBC40000EB800007EB400003
:10D21000C17A8DF80810817A8DF80910017A8DF89D
:10D220000A1000E064E3407A8DF80B0096F83200B3
:10D230008DF80C0001231A4601A902A8FEF7B7F9E0
:10D24000641CE4B29DF82800A042D9D8F9F7BCF9D3
:10D250001FE39DF827000097C0EBC001E4480123BD
:10D2600000EB8100411D0022FDF764FE11E3E1485F
:10D2700000781128BFD10020DF4AE04BE04CE149A3
:10D28000E14E42F8208043F8208024F8108021F8F5
:10D29000108026F81080401CC0B20328F1D3F8E2B9
:10D2A000DA48807916282CD017282AD05F2D28D06C
:10D2B0009DF826105E293AD09DF828009DF8272079
:10D2C000801ABDF82920401C5043AAF80800BAF87B
:10D2D0000820B2F5FA7F37D8CD48130A43700270A0
:10D2E00081709DF82720C2709DF828200271BDF83A
:10D2F00029204271120A8271102921D074291FD06D
:10D3000022E0DBF80000C24982788A70C278CA70D5
:10D3100002790A71D0F80520C1F80520D0F809205B
:10D32000C1F80920D0F80D00C1F80D000CE0BDF8DF
:10D3300029004FF6FF7202EA4000AAF80800C6E78B
:10D34000079942EA41018171152D6ED00DDC132D34
:10D3500034D2DFE805F03334414FD75C6B7633339A
:10D36000FBF933F8F7F68AA3AF002A2D76D010DC4C
:10D37000252D74D006DC162D72D0222D71D0242DCF
:10D380001CD184E1262D6DD0282D6CD0292DF7D10C
:10D390009EE0602D68D006DC2B2D7BD05B2D7AD0F3
:10D3A0005E2DEDD106E0612D76D0622D75D0632D16
:10D3B000E6D161E109A8FEF73DFA964C3CE29DF802
:10D3C00028004028FAD89DF827009349C0EB0010A8
:10D3D00000EB400044182FE29DF82800402808D8B0
:10D3E0009DF82700C0EBC00101EB00118B4800EB5A
:10D3F000410421E29DF82800802807D89DF82700E5
:10D40000C0EBC00101EB40108549441814E29DF8BF
:10D410002800082808D89DF827008249C0EBC000E2
:10D4200000EB400001EB400406E25CE09DF82800C0
:10D43000042805D89DF827007B4900EB40104418CC
:10D44000FAE19DF82800102807D89DF8270000EB86
:10D45000800101EB401175480C18EDE1E1E118E1A4
:10D46000AAE037E117E19BE096E19DF8280010283B
:10D470000FD89DF8270000EB4001C1EBC0106C49AC
:10D4800001EB0011079800EBC00202EB001001EB6A
:10D490000014D1E1CFE175E031E1F4E09DF828001E
:10D4A000082806D89DF8270000EBC001614800EB72
:10D4B0000114C1E19DF82800042808D89DF8270030
:10D4C000C0EBC00101EB00115B4800EB4104B3E18C
:10D4D0009DF82800082805D89DF8270000EBC0001B
:10D4E00006EBC004A8E101F079F91EF0C5FD504932
:10D4F0000A3908605148007808715148007848712D
:10D500000C4699E19DF82800102819D89DF82700AD
:10D51000DFF83081C0EBC00008EB80040026C6EBCA
:10D52000C60008EB8007F91C3846FDF7AFF907F194
:10D530000E01C81EFDF7AAF9761CF6B2102EEED326
:10D540007AE1D0E0B9E0AAE00EE0FFE79DF828001C
:10D550000C2808D89DF8270000EB800101EBC001E2
:10D56000394800EBC10467E19DF82800102808D86D
:10D570009DF82700C0EBC00101EB0011334800EB20
:10D58000410459E19DF82800F02808D89DF82700AB
:10D590001649C0EBC00000EB800001EB40044BE1FA
:10D5A0009DF82800802806D89DF82700284900EB20
:10D5B000800001EB80043FE1DBF80000FBF7A0FFF7
:10D5C00006904FF4C870AAF80800DBF80040104835
:10D5D000123421798175A188090AC1756168090C25
:10D5E00001766168090E35E0A2C3026018F6026098
:10D5F000888D0360AABC0260801E0460741E0460F3
:10D6000020030060260300602C0300607EB30260EC
:10D61000642D02602AAF0260112A0560511E056068
:10D620007AD00260B8370360C83F03602ACE026038
:10D63000C62F0260083903604C400360920300600B
:10D6400061030060CEE50260E8E7026038F3026043
:10D65000642302604176217881742188090AC174AB
:10D660002168090C01752168090E417514F8011C27
:10D67000123C41741A34DFE000F0D0FEFE4880F81E
:10D6800014900446D8E000F0C9FEFC4CD4E0FC4CF9
:10D69000D2E0FC4CD0E004F036FCFB4CCCE09DF832
:10D6A0002800102808D89DF8270000EB001000EB98
:10D6B0004001F64800EB4104BEE09DF82800082830
:10D6C00007D89DF8270000EBC00101EB0011F048DE
:10D6D0000C18B1E09DF82700C0EB0010C0EBC001B2
:10D6E000EC480C18A8E09DF82800082806D89DF8FA
:10D6F000270000EB4001E84800EB01149CE000200B
:10D700000021E84AE54CDFF898E392F800B023E006
:10D71000C1EBC10213199E79DC2E0DD2A35CDFF898
:10D7200088C30CEBD30C03F007039CF800C007FA86
:10D7300003F31CEA030F0DD0232E0BD0A35C00EBE8
:10D7400040020EEB42029370C2F8038082F801801F
:10D75000401CC0B2491CC9B25945D9D30021D44A92
:10D76000D24E147812E02B2201FB02639A7C5AB944
:10D7700000EB40020EEB4202577082F802801B68F9
:10D78000C2F80330401CC0B2491CC9B2A142EAD35E
:10D790008EF80000C24C4FE00024C64EC64F56F82B
:10D7A00024001EF069FC07EB8401C1F80200641C30
:10D7B000E4B2182CF3D36FF0AA001EF05EFC3880A0
:10D7C000552087F892000024DFF8F082DFF8F0B2ED
:10D7D00058F824001EF050FC07EB84069336F060E6
:10D7E0005BF824001EF048FC3060B64830F91400A5
:10D7F0001EF043FC07EB440626F8AB0FB24830F9A5
:10D8000014001EF03AFCF080B04830F914001EF00D
:10D8100034FCB081641CE4B2032CD9D3A64C0BE0D9
:10D8200037E09DF82700C0EBC00101EB0011A848CC
:10D8300000EBC10400E0A74C2CB3B9F1A00F0ED24D
:10D840009AF80200BAF8082040F2522183188B425D
:10D850004ED2A1490844214621F08CFD13E00E224E
:10D860009D48DDF80C1521F085FD9AF80200BAF804
:10D870000820811840F25220814239D29648214630
:10D880000E3021F077FDABAA9349062019F03BFD3D
:10D8900008907A2D01D0C82D01D101200890B9F14E
:10D8A000A00F33D20898002822D04FF416718A486E
:10D8B00021F079FDABA9884819F00EFA8649CDF818
:10D8C0004210CDF846000FA9DDF80C05FEF79CFFCD
:10D8D0007A2D05D14A460FA9DDF814051DF04EF842
:10D8E000162D09D04A460FA9DDF814051DF046F89B
:10D8F0000DF21C5DBDE8F08F06980128F8D14A466C
:10D900000FA9DDF814051DF039F8F1E7A9F1A00021
:10D91000044607F000FE9AF808000E30C1B26E48C7
:10D9200007F085FD6C4ABAF80810030A0A4493739D
:10D93000D0731031E2B289B2674807F090FDD7E7A3
:10D9400070B500235C1E002804D00578102D03D08C
:10D95000204670BD204670BD4578042D01D020467C
:10D9600070BD022904D9891E801CFEF727FD0346DD
:10D97000184670BD70B504460E4615460020002CB2
:10D980000FD020704FF4167119F080FD6070A670F2
:10D990001220E0704FF41571201D2A46FEF709FF92
:10D9A000001D70BD2DE9F0410446069E90461F46BD
:10D9B0000020002C3CD05020207061701220A070FC
:10D9C000E01C002119F00BFE0546ED1C60194146D4
:10D9D0001AF034FA0544601939461AF02FFA054452
:10D9E0006019002119F00EFE0544328860190121EA
:10D9F0001AF0D7F90544D6F80220601902211AF06E
:10DA0000D0F905446019032119F0E9FD054400200F
:10DA100005E0D6F80610095C61556D1C401CD6F86F
:10DA20000A108142F5DC6019032119F0EBFD28444E
:10DA3000BDE8F0812DE9FE4304460A9E0F4691465B
:10DA4000984600250020029001900090002F7BD086
:10DA5000002E79D02046002119F0CAFEF0B3601CD8
:10DA600001AA02A919F01AFE451C9DF80800092810
:10DA700035D00020BDE8FE831FC0026036C00260C2
:10DA800046BC026042BA026004410360A2C3026065
:10DA9000E2CB0260441C0560AACC02607A310460CB
:10DAA0009EBE0260E8020060B23A0460889B036098
:10DAB0006C02006098D001600EBD0260801E0460A0
:10DAC000741E046020030060260300602C030060C5
:10DAD00054AC0360A8F10260642D026029E0601973
:10DAE0006A4601991AF087F90544B9F1000F02D08E
:10DAF000009889F80000601901AA02A919F0CEFD6A
:10DB000005449DF80800092801D00020B2E76019FB
:10DB10006A4601991AF06FF90544B8F1000F02D076
:10DB2000009888F800006019002119F077FE60B1B4
:10DB30006D1C60196A4601211AF008F94FF0FF3890
:10DB4000002804DA404695E71DE0002092E70544EE
:10DB50000098308060196A4602211AF0F7F8002810
:10DB600001DA404686E705440098C6F802006019CD
:10DB7000032119F03DFE40B16D1C601946F8060FF7
:10DB8000781B401E7060284674E7404672E770B507
:10DB9000044616460020002C28D0302020706170EA
:10DBA0001220A0703288E01C00211AF0FAF8C51C7F
:10DBB000D6F80220601901211AF0F3F801460D444D
:10DBC0006019022119F00BFD0544002005E0D6F88C
:10DBD0000610095C61556D1C401CD6F80A10814284
:10DBE000F5DC6019022119F00DFD284470BD00001C
:10DBF000F0B5FE48002140262D23102208240427DA
:10DC00002E25172913D2DFE801F00C131A27313B18
:10DC100045BB5C6675BB7C909A86A6B3BBBBBBBBA1
:10DC20004F00DFF8CCC3C0F800C003714671A7E015
:10DC3000DFF8C0C3C0F800C005714671A0E0DFF88E
:10DC4000B8C3C0F800C04FF0270C80F804C04FF0F4
:10DC5000800C80F805C093E0DFF8A0C3C0F800C0D6
:10DC60004FF01C0C80F804C0427189E0DFF890C3CB
:10DC7000C0F800C04FF02A0C80F804C044717FE067
:10DC8000DFF880C3C0F800C04FF0210C80F804C05A
:10DC9000477175E0DFF870C3C0F800C04FF0250C85
:10DCA00080F804C042716BE0DFF860C3C0F800C0C8
:10DCB0004FF0690C80F804C04FF0050C80F805C0E7
:10DCC0005EE0DFF84CC3C0F800C003714FF0020CF7
:10DCD00080F805C054E0DFF838C30CF15A0CC0F8E6
:10DCE00000C04FF0680C80F804C04FF00C0C80F8B6
:10DCF00005C045E0DFF81CC3C0F800C005714271E3
:10DD00003EE0DFF814C3C0F800C04FF0660C80F8A6
:10DD100004C0427134E0DFF804C3C0F800C04FF023
:10DD20001E0C80F804C042712AE0DFF8F4C2C0F88B
:10DD300000C04FF0190C80F804C0447120E0DFF8F7
:10DD4000E0C20CF1C80CC0F800C04FF0300C80F8F5
:10DD500004C0447114E0DFF8CCC2C0F800C04FF03A
:10DD6000900C80F804C04FF0090C80F805C007E063
:10DD7000DFF890C20CF1840CC0F800C00571477147
:10DD8000491C09B208301429FFF63BAFF0BD2DE95C
:10DD9000FC47A54801250570A4484FF00008C0F8CD
:10DDA0000080A348C0F800804FF43861914821F00A
:10DDB000FAFA9048009000260527009CC4F81E80BF
:10DDC000761CB2B29BA1204622F0AEFD04F8227F61
:10DDD00084F80180257184F80580A571E57184F8C7
:10DDE000098084F80A80223CB2B204F1150093A1A4
:10DDF00022F09AFDB6B22E340094402EDDD34FF4BB
:10DE000034617B4821F0CFFA794800900024DFF894
:10DE1000349204270098C0F81E8080F8288080F88B
:10DE2000238099F8231001290CD005290AD0022952
:10DE300018D0062916D0042923D0072921D00C296F
:10DE40002FD03CE00C2C04D280F8285080F823809E
:10DE500035E0A4F10C010C2931D280F8287080F84B
:10DE600023502CE0062C04D280F8285080F8238020
:10DE700025E0A11F042922D280F8287080F82350C1
:10DE80001DE0082C04D280F8285080F8238016E08A
:10DE9000A4F10801062912D280F8287080F82350D6
:10DEA0000DE0052C04D880F8285080F8238006E087
:10DEB000A11F052903D280F8287080F82350641C24
:10DEC000A2B2064660A122F02FFDA2B206F1150013
:10DED0005DA122F029FD86F82280A4B206F12D0072
:10DEE0000090402C96D34FF4E071444821F05BFA47
:10DEF00042480090002000994D75401C80B21C31B2
:10DF000000911028F7D34FF414713F4821F04BFAD9
:10DF10003D4800900021009880F8205080F8218032
:10DF2000A0F81E80491C89B2253000901029F2D338
:10DF3000474EA6F816804FF4FA41464821F033FACE
:10DF40000021444B4FF4FA64002001EB4102C2EB84
:10DF5000C11203EB021202F80080401C80B2A04202
:10DF6000F9D3491C89B21029EED34FF49C512248B1
:10DF700021F019FA20480090002102220098C0F8F0
:10DF80001E8080F8228080F8235080F8252080F8B9
:10DF90002680491C89B2273000908029EED34FF4A7
:10DFA00038711C4821F0FFF944F2A0112A4821F0F1
:10DFB000FAF9A6F81280A6F81480164800900020FE
:10DFC000009981F82980401C80B22E3100911028E0
:10DFD000F6D3C021214821F0E6F911484FF4C07171
:10DFE000C83021F0E0F940F20D2139E0B6BB026003
:10DFF000112A0560511E05607AD00260CEE50260EC
:10E00000B8370360C83F03602ACE0260441C056035
:10E010008EE7026038F30260A2C3026002CA0260A7
:10E02000E2CB0260083903602C0200603402006019
:10E0300038020060494E202564000000494E2564E6
:10E0400000000000B24C04604F55542564000000ED
:10E0500064020060C62F026018F602607ECF016085
:10E06000FE4821F0A0F94FF42061FD4821F09BF912
:10E070004FF458742146FB4821F095F9F948009077
:10E0800086F8058000204FF05535009AC2F80550FB
:10E0900082F80B80401C80B21B3200922028F4D3FF
:10E0A0002146F14821F07FF9EF48009086F804807E
:10E0B00000200099C1F8055081F80B80401C80B207
:10E0C0001B3100912028F4D30024E84FC4EBC40096
:10E0D00007EB80091C21484621F065F9C9F8055075
:10E0E00089F80B80641CA4B2802CEFD386F80680DC
:10E0F000DF4880F800800024DFF87893C4EBC40088
:10E1000009EB80071C21384621F04DF9C7F805506E
:10E1100087F80B80641CA4B2802CEFD386F80780AC
:10E12000D54880F800804FF4A871D44821F03BF91D
:10E13000D24800900020009981F81E8081F81F804D
:10E14000401C80B22A3100910828F4D34FF4906427
:10E150002146CB4821F027F9FF222146C94821F06A
:10E160001BF98421C84821F01EF90020009981F88C
:10E170001E8081F81F80401C80B22131009104284C
:10E18000F4D3C148B821843021F00DF942F2B261D4
:10E19000BE4821F008F9FE21BD4821F004F9BC4831
:10E1A0004FF48051FE3021F0FEF80021B84CB94BFD
:10E1B000FE34B94F0A25002004EB811242F82030CA
:10E1C000401C80B21028F9D37D54491C89B24029E3
:10E1D000F1D35A21B14821F0E6F8C821B04821F026
:10E1E000E2F8AE484FF49C6421465A3021F0DBF847
:10E1F0002146AC4821F0D7F842F62031AA4821F058
:10E20000D2F84FF4C8742146A84821F0CCF84FF456
:10E210001651A74821F0C7F8A0485A3000900020B6
:10E220000F22009981F85E20401C80B26831009175
:10E230000C28F6D39F48F0624FF4EE7121F0B3F84A
:10E2400086F8018086F80080A6F810804FF4CC6133
:10E25000994821F0A8F8984800900022009880F88A
:10E26000078080F80A80A0F85580521C92B2663070
:10E270000090102AF2D34FF4F071904821F093F8F7
:10E280008F481F2101701C22427081701E22C270B3
:10E29000017142718171C171027241728272C172E7
:10E2A00001A90D2014F0BAFA0DF105010C2014F0AB
:10E2B000B5FA9DF804009DF8051000EB0120814996
:10E2C00008804FF47A752A4680217F4821F064F84F
:10E2D0007D482A468021803021F05EF880217B48ED
:10E2E00021F061F879488021803021F05CF8FFF757
:10E2F0007FFC40F28111764821F055F85A481421EC
:10E30000143821F050F86021724821F04CF8724D19
:10E3100045F2FF5028806021A81C21F044F85520C8
:10E3200085F8920005F11E00C0F87580C0F879806C
:10E33000C0F87D808030C0F80180C0F80580C0F84A
:10E340000980C0F80D80A0F81180C0F81380A0F8F3
:10E350001780C0F81980A0F81D80A0F5817080F8A2
:10E3600000800A220021A0F27E4021F003F841F251
:10E37000CC015A4821F017F886F808804FF416753A
:10E380002946574821F00FF85648A0F80080564813
:10E39000C0F80080C0F80480C0F8088029465348BF
:10E3A00021F001F8A6F818802021514820F0FBFF49
:10E3B0002021504820F0F7FF414864219C3020F094
:10E3C000F2FF4FF4B4714C4820F0EDFF20214B4890
:10E3D00020F0E9FF20214A4820F0E5FF20214948AC
:10E3E00020F0E1FF20481421143820F0DCFF214602
:10E3F000454820F0D8FF7C21444820F0D4FFBDE8F8
:10E40000FC8710B51721424820F0CDFF4048BDE8F9
:10E4100010404FF4C871173020F0C5BF2DE9F84FF8
:10E420003C4D3B4EE87BB070287CF070687C3071CE
:10E43000A87C7071BA20B071C020F0712878307259
:10E4400068787072A878B072E878F07228793073C2
:10E45000314806F11704007860E00000441C0560B4
:10E4600064230260287C0360C8780360887F0360AF
:10E4700046030060888D0360F2020060B8370360D5
:10E4800008390360883D0360C83F036004410360AE
:10E49000B667036000007F433ED001608EE70260F4
:10E4A000E2CB0260C8EC026008F80160F8D00160BD
:10E4B00088D20160C6C10260A2C3026002CA0260C3
:10E4C000AABB02609203006036B8026036B90260EF
:10E4D0009EBE026098D001600EBD0260889B036002
:10E4E000C6AC02605A0200601EAF0260D4B5026082
:10E4F000D1290560F129056042BA026048BF016078
:10E5000088BF016068BF0160A8F1026016CE046098
:10E510001FC00260B24C04606103006084F8CE004A
:10E52000F748007884F8ED00F64F786A3080000CE8
:10E53000A6F81500B5F82100A6F80F00E879F074E8
:10E5400069460D2014F06AF90DF101010C2014F058
:10E5500065F99DF800109DF8010001EB0020EA49E3
:10E560000880A4F8AF00B5F82100A4F8C300B86A89
:10E570001DF082FDC4F8CA00E448007884F8AB00BE
:10E58000E348008800B21DF078FDA4F8AC0020221A
:10E59000E04904F18A0020F0EDFE2022DE4904F17A
:10E5A0004A0020F0E7FE2022DC4904F16A0020F056
:10E5B000E1FE04F1B500A0F6BF010A6802604A68F6
:10E5C00042600989018140F23F60A6F81100D449F8
:10E5D0000988A4F8BF10E08228786978EA7800EB0F
:10E5E0000120A978090401EB02610844C4F8B100D4
:10E5F00095F84F0084F8EE00E87C2073287D607366
:10E60000687DA073A87DE073E87D2074287E607427
:10E61000287984F8C500F878B073E97B2170297CEB
:10E620006170697CA170A97CE170697E2171A97E0D
:10E630006171E97EA171297FE171697F2172A97FF2
:10E640006172E97FA17295F82010E172B5490978ED
:10E65000012942D0022945D095F82310E1741934DC
:10E6600015F8441FA1756978E175A9782176E978D4
:10E67000443D84F89110AC4A5188217092886270B0
:10E68000193C2A2901D3012A31D094F8F61001F05F
:10E69000FE0184F8F61095F8481084F8AE1095F84D
:10E6A000501084F8F0104FF00108012926D0002105
:10E6B00084F8EF10B5F8421084F83210090A84F893
:10E6C000081195F823104FF02309491E4FF04A0A0C
:10E6D000032916D884F8339015E095F8231080317B
:10E6E000E174BCE795F823104031E174B7E794F882
:10E6F000F61041F0010184F8F610CCE784F8EF80C1
:10E70000D8E784F833A00A3515F8031C04F8151F60
:10E710002978A1716978E170A97F6174E97FA1749A
:10E7200095F82010E17495F8471084F8E21095F8F8
:10E73000481084F8E31095F8491084F8E41095F82F
:10E740004A1084F8E51095F84B1084F8E61095F817
:10E750004C1084F8E710697F617574490978E17598
:10E7600073490978217673490978617684F8340011
:10E77000786A1DF081FCC4F8B10084F8338014225B
:10E780006D496E4820F0F6FD6D48007884F8AD00C4
:10E79000153C687E0A3D28B1401F072805D886F839
:10E7A0000DA004E03220707301E086F80D906348FC
:10E7B0001E2264499B3020F0DDFD35F8570F24F808
:10E7C000F30FB878A070E87A6074287BA074687B37
:10E7D000E074A87B2075BDE8F88F704710B55A48E3
:10E7E000494C007800281FD058484649B0F8070027
:10E7F0008A8990420ED3C98988420BD8EAF749FC2E
:10E80000B4F90010494201EBC10100EB8100A0F511
:10E81000616010BDEAF73DFCB4F90010494201EB1C
:10E82000C10100EB810010BDEAF733FCB4F9001020
:10E83000494201EBC10100EB810010BDFFF7A7BA0F
:10E8400070B58EB081218DF804100B218DF8051064
:10E8500000238DF806301C218DF8071001228DF859
:10E86000082028218DF80910FF218DF80A108DF855
:10E870000B108DF80C303649B1F842100C0A8DF8A7
:10E880000D408DF80E108DF80F202B214843314993
:10E890000844417A8DF81010FE218DF811101021D6
:10E8A0008DF812108DF81330D0F816100591817E76
:10E8B0008DF8181022218DF819108DF81A20E021FA
:10E8C0008DF81B1091218DF81C1003211A248DF84E
:10E8D0001D10C17E212909D00021C1F11A02024474
:10E8E0009279212A04D0222A36D03FE00121F4E790
:10E8F000C1F10A010844C08AADF81E001C2435E0AD
:10E900006203006064020060920300608C0100609A
:10E910009401006048BF016068BF016088BF01606A
:10E9200094030060DE03006036BA02606403006096
:10E930006503006066030060B47803606AC002602B
:10E94000740400604ABD016061030060F817006054
:10E95000B24C0460889B0360C1F10A010844C18A7B
:10E96000ADF81E10007E8DF820001D24F74D40F2FA
:10E970002D11F74E28782246484306EB400001A9A6
:10E9800020F0F8FC287840F22D11414306EB4101BC
:10E99000A1F85842401C2870EE480068C088010267
:10E9A00041EA1020EC4908700EB070BD2DE9F0412D
:10E9B0008046EA4890F82A10092903D090F82800E8
:10E9C00009283FD1E64D287A00283BD0E5490020B0
:10E9D0000870DE4F3870E44EB8F1000F01D000240B
:10E9E0001CE0002409E02B2000FB0460807C10B9AF
:10E9F0002046FFF725FF641CE4B2287A8442F2D354
:10EA00000FE02B2000FB0460817C29B900684045A1
:10EA100002D12046FFF714FF641CE4B2287A844236
:10EA2000EFD3387800280DD0CA4800680168E96142
:10EA3000C088010241EA102080B22862BDE8F0419E
:10EA4000F1F7FFBEBDE8F0812DE9FF5F8446DDE907
:10EA50000F69DDF838800C461546BCF1000F7DD0FB
:10EA60002DB9012E7ED1B9F1010F00D02579DFF843
:10EA7000F0A29AF80820642A74D89AF803000027B4
:10EA8000854206D2012E04D1B44880F84D70B748B3
:10EA9000077000200523DFF8D0B210E02B2101FB26
:10EAA00000B1D1F800E0E64507D1897CB14204D13C
:10EAB0002B2101FB00B1CB7403E0401CC0B290429B
:10EAC000ECD390424ED12B2000FB02B0C0F800C026
:10EAD000867408218172D4F80110C160B4F8051061
:10EAE0000182C374B8F1140F04D216304246039960
:10EAF00020F040FC9AF808102B2000FB01B080F8B1
:10EB00002A809B4B012E0AD0DA8F521CDA879AF8A2
:10EB10000320027145728772012E0ED01AE0057132
:10EB2000A27A012A03D0062A04D04572F4E7E27AD9
:10EB30004272F1E7A27B4272EEE7A27A52B9B9F1D2
:10EB4000010F07D1FF2D05D122794272227902717E
:10EB5000012282724775491CC8B200E002E08AF8BF
:10EB600008009887BDE8FF9F30B57F4900227C4BA5
:10EB700005241B7A08E04D7A854202D18D7C05B9C7
:10EB8000CC74521CD2B22B319A42F4D330BD70B542
:10EB9000734E7089411C71813C2826D300207081FE
:10EBA000714C00251EE0E17C491E49B2E174002948
:10EBB00015DAA0B1421B521E2B20424304F12B0157
:10EBC000204620F0D7FB307A2B21401E484366496F
:10EBD00008442B2120F0E7FB307A401E30726D1C78
:10EBE000EDB22B34307A8542DDD370BD30B50022D2
:10EBF0005B4C5D4B247A10E02B2505FB02352D790B
:10EC0000854208D12B2000FB0230C2680A60008ACE
:10EC10008880012030BD521CD2B2A242ECD3002029
:10EC200030BD30B500224E4C4F4B247A10E02B25DE
:10EC300005FB02352D68854208D12B2000FB0230F0
:10EC4000C2680A60008A8880012030BD521CD2B29E
:10EC5000A242ECD3002030BD70B5414B002909D150
:10EC600012B1022A02D005E0002070BDDA7890428D
:10EC700000D0014600223C4C1D7A0FE02B2303FB01
:10EC800002431E79864207D15B7A8B4204D12B2046
:10EC900000FB0240006870BD521CD2B2AA42EDD304
:10ECA000002070BD30B500222D4B2F4C1B7A0AE09E
:10ECB0002B2505FB02452D68854202D10A700120F3
:10ECC00030BD521CD2B29A42F2D34FF0FF3030BD69
:10ECD000F0B5234C4FF0FF36002909D113B1022BB8
:10ECE00002D005E03046F0BDE378984200D00146FE
:10ECF00000231D4D277A0EE02B2404FB035494F8C7
:10ED000004C0844505D1647A8C4202D1137058B294
:10ED1000F0BD5B1CDBB2BB42EED33046F0BD4178A8
:10ED2000027901F01F0102F060021144032905D0AD
:10ED3000A1F1180003281FD80120704708498078E6
:10ED4000C978884216D00020704700002101006079
:10ED50004E2F0160D40000600C020060B24C0460D1
:10ED60006402006022010060889B0360F50200607D
:10ED70007C5B04600120E7E72139032901D80120E9
:10ED8000E2E70020E0E770B503461846FFF7C7FF4B
:10ED90004FF0FF3501280FD01879010625D5400620
:10EDA0009978400A00EB0120D978084430B12A490B
:10EDB00000222A4C247A0FE0284670BD002070BD46
:10EDC0000E68864205D108799870487AD87000207C
:10EDD00070BD521CD2B22B31A242F1D32049012086
:10EDE00008702049002008709870284670BD1E48A1
:10EDF0008188491C8180A7E71C488188491C818043
:10EE0000A2E71B488188491C81809DE710B5134A01
:10EE100018480023517A90F84F00491C164CC9B28B
:10EE2000002808D0FF2806D05172884202D25372BF
:10EE3000C4F8983110BDFF2808D00028FAD15172CB
:10EE40000529F7D95372C4F8983110BD53720120C7
:10EE5000C4F8980110BD0000889B03606402006044
:10EE60000B0300600C0300602003006026030060B9
:10EE70002C030060B24C046000002442FE4991F86B
:10EE80002310012905D0052903D0022901D0062924
:10EE90000BD1FA4B195C01F00F011954F84A125CBE
:10EEA00022B1521E41EA0211195470471954704799
:10EEB000F44931F810007047F34A22F810107047F7
:10EEC000F14931F81000704710B50346EA4841F2A5
:10EED000883240F6B83490F8231003FB02F003FBAD
:10EEE00004F2940AE44A800A0129D2790ED0052955
:10EEF0000CD002290ED006290CD0032905D1072AEF
:10EF000003D242F26C004343980A10BD162AFCD289
:10EF1000204610BD042AFCD2204610BD0246D64829
:10EF200042F2107390F8231002FB03F042F22833F0
:10EF30005A43D14B800A920ADB7901290BD005296B
:10EF400009D002290BD0062909D0032902D1072BA9
:10EF500000D210467047162BFCD210467047062B85
:10EF6000FCD21046704730B5C54A105C40F6B83246
:10EF70004A43940AC04A0228D37992F8232009D040
:10EF8000012825D0032828D0042801D0002800D14A
:10EF9000204630BD41F2883501FB05F0800A012A88
:10EFA0000ED0052A0CD0022A0ED0062A0CD0032A35
:10EFB000EFD1072BEDD242F26C004143880A30BDFD
:10EFC000162BFCD2204630BD042BFCD2204630BD8F
:10EFD00044F620604143880A30BD42F2107401FBC0
:10EFE00004F042F228346143800A890A012A0BD0D6
:10EFF000052A09D0022A0BD0062A09D0032AEBD110
:10F00000072BE9D2084630BD162BFCD2084630BD8E
:10F01000062BFCD2084630BD9C48007870479C48BF
:10F0200000787047944890F82300012818D00528EC
:10F0300016D0022816D0062814D0032814D00A2887
:10F0400014D0A8B1042815D0072813D00C2813D049
:10F05000092813D00B2813D00E2813D00020704796
:10F0600020207047102070470B2070470620704703
:10F0700018207047082070470B2070470D207047FC
:10F0800011207047152070477B4890F82300012815
:10F0900018D0052816D0022816D0062814D0032828
:10F0A00014D00A2814D0A8B1042815D0072813D0EA
:10F0B0000C2813D0092813D00B2813D00E2813D0F6
:10F0C00000207047182070470A20704708207047BA
:10F0D000032070470A2070470E2070470B207047AE
:10F0E00009207047092070470B20704701207047A6
:10F0F00070B50446674E684D56F8240055F8241044
:10F1000008444FF47A7148431CF0B6FFC4EBC401C5
:10F11000624A01EB041102EB4101C1F81E0056F8EE
:10F12000240055F8241008444FF47A71484370BD08
:10F13000F0B500265A494FF461620968B1FBF2F359
:10F1400002FB1311002901D0012829D10020534BC3
:10F15000504C514D534A203620E0C0EBC00101EB2A
:10F16000001103EB410191F82D10192903D00F294B
:10F1700001D01D2910D154F8201055F820703944C1
:10F1800052F82070B94207D042F82010464F0121B2
:10F190007970464F02213970401CC0B2B042DCD3B6
:10F1A000F0BD2DE9F04300270020DFF8F8C03C490E
:10F1B0000CF1800C0CF180068046DFF8DC9006F143
:10F1C000800520370A6832E0C0EBC001334B01EB09
:10F1D000001103EB410191F82D101D2925D15CF898
:10F1E000203059F820108B4219D8CB1AC3EB0313E7
:10F1F00056F820409B00141BB3FBF4F32C4C44F84E
:10F20000203035F810305C1C25F81040052B0CD34D
:10F2100046F820204CF8201025F8108005E025F84D
:10F22000108046F820204CF82010401CC0B2B84294
:10F23000CAD3BDE8F0831E4951F820004FF47A711B
:10F2400048437047F0B500250020144E194A124C6F
:10F25000194B20353FE0C0EBC00101EB001106EB7C
:10F26000410191F82D10192903D00F2901D01D2932
:10F270002FD152F8207021E0B24C0460E05B0460B2
:10F28000D129056036B8026036B90260E902006033
:10F29000EA020060184D046008560460511E0560C3
:10F2A000A403006064B30360A4B50360D6030060E8
:10F2B0008855046024B50360585C046054F820103D
:10F2C0008F4204D201271F5442F8201001E0002190
:10F2D0001954401CC0B2A842BDD3F0BD704730B530
:10F2E0000021334A314D14780CE001EB410205EB6B
:10F2F00082025379527A1A44824201D9834203D955
:10F30000491CC9B2A142F0D3A14202D14FF0FF3053
:10F3100030BD2848C1EBC101405C274900F007021D
:10F3200001EBD001012009789040014201D0012079
:10F3300030BD002030BDF0B50246FFF7A5FE4FF00E
:10F34000FF36904201D93046F0BD00211848174DD4
:10F35000047813E001EB410005EB80000379077AA4
:10F360001F44974201D993420AD9C378C0791844FF
:10F37000904201D9934203D9491CC9B2A142E9D3B1
:10F38000A14201D13046F0BD0A48C1EBC101405C49
:10F39000094900F0070201EBD001012009789040F3
:10F3A000014201D00120F0BD0020F0BD380704600B
:10F3B000E80200607A310460B23A046070B500215E
:10F3C00000200022F84EF94D0024182A67D2DFE809
:10F3D00002F00C10151A1F242866662D326637417C
:10F3E000453C4A4F535866665D6200214FF43460D5
:10F3F00055E0084481B24FF4386050E0084481B2CF
:10F400004FF49C504BE0084481B24FF4E07046E06A
:10F41000084481B24FF4A87041E0084481B28420CE
:10F420003DE0084481B24FF4147038E0084481B2E2
:10F430004FF49C6033E0084481B24FF438702EE002
:10F44000084481B24FF4CC6029E0084481B24FF403
:10F45000F07024E0084481B2C82020E0084481B262
:10F460004FF4C0701BE0084481B24FF4906016E086
:10F47000084481B2B82012E0084481B240F2F26040
:10F480000DE0084481B244F2A01008E0084481B2C3
:10F4900040F20D2003E0084481B240F6E2604305EB
:10F4A00006D0012303EBD0204FF6FF7303EAC02000
:10F4B00006EB820319805880AC54521CD2B2182A31
:10F4C00083D30020BA4900EB800202EB40120A44C9
:10F4D000A2F82340401CC0B21028F4D370BD70B510
:10F4E000B24C607E01282DD172B6EBF781FCB14D94
:10F4F0002846EBF7AAFC4FF40A72AF492846EBF70F
:10F500007EFDB822AD49AE48EBF779FDEA14AD496E
:10F51000AD48EBF774FDAA481422AC492838EBF744
:10F520006EFDA7481422AA491438EBF768FDA448D9
:10F530006422A849B830EBF762FD00206076EBF753
:10F540005DFC62B670BD10B59848007E012843D1BD
:10F5500072B6EBF74DFCA04C2046EBF776FC9E48CC
:10F5600014229E49A030EBF74AFD9B4820229C497B
:10F57000C030EBF744FD984820229A49E030EBF781
:10F580003EFD202298499948EBF739FD97484FF402
:10F59000207297492030EBF732FD3022954996488A
:10F5A000EBF72DFD1E2295499548EBF728FD944871
:10F5B0004FF4107293492030EBF721FD7D4864220F
:10F5C00091499038EBF71BFD7C2290492046EBF7E0
:10F5D00016FDEBF713FC62B610BD2DE9F0470024D1
:10F5E0008B4FDFF8CC818B4E4FF4FA6907EBC425C3
:10F5F0002846EBF72AFC04EB840000EB441000EBF8
:10F60000080ABAF923001CF038FD00281ADDBAF9FF
:10F6100023001CF032FD484514DCBAF923001CF02D
:10F620002CFD81B206EBC420EBF72CFC04EB44006C
:10F630007949C0EBC41001EB001128464A46EBF7AC
:10F64000DEFC04E006EBC4200021EBF71BFC641C8D
:10F65000E4B2102CCAD3BDE8F0872DE9F04FFFB01B
:10F660000024DFF84891DFF8448109F11A098DF888
:10F6700000404D4800EB8400418801910788182C18
:10F6800014D2DFE804F00C141C242C343BFDFD4B99
:10F6900053FDFD636A5B727A8189FDFD43EC43484B
:10F6A0004FF434625D491A301FF064FEE8E03F48D1
:10F6B0004FF438625A491A301FF05CFEE0E03B48D4
:10F6C0004FF49C5257491A301FF054FED8E0374887
:10F6D0004FF4E07254491A301FF04CFED0E033482A
:10F6E0004FF4A87251491A301FF044FEC8E02F4869
:10F6F00084224F491A301FF03DFEC1E02B484FF4E1
:10F7000014722B491A301FF035FEB9E0274840F239
:10F710000D2248491A301FF02DFEB1E023484FF466
:10F720009C6245491A301FF025FEA9E01F484FF49E
:10F73000387242491A301FF01DFEA1E01B484FF4F9
:10F74000F0723F491A301FF015FE99E01748C822A1
:10F750003C491A301FF00EFE92E014484FF4C0727C
:10F7600039491A301FF006FE8AE010484FF49062C3
:10F7700036491A301FF0FEFD82E00C48B8223449A9
:10F780001A301FF0F7FD7BE0084840F2F262314981
:10F790001A301FF0EFFD73E0044844F2A0122E4926
:10F7A0001A301FF0E7FD6BE0DE030460A4B50360D0
:10F7B0002ACE02600088070854AC03607CAE036068
:10F7C000588B070834AF0360288A0708C00100601F
:10F7D000D401006046BC026000800708B478036072
:10F7E00048BF016068BF016088BF016010810708E1
:10F7F0008C1E046070BD0260008407084ABD016071
:10F8000010850708883D0360A8F1026016CE0460E9
:10F8100000000608D0070608C62F0260112A0560FE
:10F82000511E05607AD00260CEE50260B8370360F1
:10F83000C83F0360441C0560E8E7026038F30260DB
:10F8400002CA0260E2CB0260AACC026008390360FF
:10F850004C4003607A31046018F60260FFE700252F
:10F86000F84EC5EBC50000EB45108119C5EB05103E
:10F8700048440F221FF07EFD6D1CADB2FE2DF0D36B
:10F8800018F80400012826D172B6EBF7B1FA0F2C54
:10F8900005D00025DFF8B0A34FF4006B11E0FFF7AF
:10F8A0009CFE12E007EBC52000EB0A063046EBF7A2
:10F8B000CCFA09EBC52130465A46EBF7A0FB6D1C8C
:10F8C000EDB20198B5EBD02FECD3EBF797FA62B617
:10F8D000002008F80400641CA4B2182CFFF4C7AE82
:10F8E000FFF731FE7FB0BDE8F04FF8E52DE9F047B6
:10F8F0001422D649D648EBF76AFBD4480178FF2991
:10F9000006D14078FF2803D11421D0481FF04BFDC9
:10F910000024CF4D20352022CE492846EBF757FB57
:10F92000641CA4B2202CF6D3CA480178FF2906D162
:10F930004078FF2803D12021C6481FF034FD002461
:10F94000C34D40352022C4492846EBF740FB641CD8
:10F95000A4B2202CF6D3C0480178FF2906D1407804
:10F96000FF2803D12021BC481FF01DFD0024B84D05
:10F9700070352022B9492846EBF729FB641CA4B254
:10F98000202CF6D3B5480178FF2906D14078FF280E
:10F9900003D12021B1481FF006FDAD484FF420727D
:10F9A000AF499030EBF713FB3022AE49AE48EBF78E
:10F9B0000EFB1E22AD49AE48EBF709FBAC484FF4F5
:10F9C0001072AC492030EBF702FB4FF40A72AA49DF
:10F9D000AA48EBF7FCFAB822A949AA48EBF7F7FACC
:10F9E000A8486422A849B830EBF7F1FAA34864228A
:10F9F000A6499038EBF7EBFA95487C22A449A03849
:10FA0000EBF7E5FAA2480178FF2906D14078FF28F4
:10FA100003D17C219E481FF0C6FC4FF480729D49A3
:10FA20009D48EBF7D4FA00219A489C4C002250F8EC
:10FA30002130A34201D140F82120491C89B2DFF8CE
:10FA40006092984E984D4FF4C0684029EFD34246DB
:10FA500031464846EBF7BBFAD6E9000120F004F83E
:10FA60002BD1D6E902011FF0FFFF26D13068A84252
:10FA700023D0B168A94220D02746B8421DD0B94250
:10FA80001BD072B6EBF7B4F94846EBF7DEF900236A
:10FA9000002106EB831040F82170491C89B210291F
:10FAA000F9D35B1C9BB2182BF2D342467D494846E2
:10FAB000EBF7A5FAEBF7A2F962B60021002006EBFE
:10FAC000811252F82030A34201D142F82050401C4C
:10FAD00080B21028F5D3491C89B21829EED36948A1
:10FAE000142272492838EBF772FABDE8F0476548EE
:10FAF00014226F491438EBF76ABA2DE9F0476D49C3
:10FB0000002008800024DFF8B091DFF8B0816C4F4E
:10FB10004FF4FA6609EBC420EBF7CCF9B04200D9F8
:10FB2000002000B21CF0A9FA04EB840101EB44119F
:10FB300001EB0805A5F82300B5F923001CF09DFA98
:10FB4000002812DDB5F923001CF097FA32469042E6
:10FB50000BDC04EB4400C0EBC41007EB0011594868
:10FB600000EBC420EBF733FA08E004EB4400C0EBF1
:10FB7000C41007EB001031461FF015FC641CE4B202
:10FB8000102CC7D367E52DE9F04FFFB00020ADF88A
:10FB900001000025DFF830B1DFF8AC804B4F8DF865
:10FBA00000500BEB85004188019106880024DFF8A6
:10FBB00020914FF4006A0BE006EBC4204044484516
:10FBC0000AD807EBC4215246EBF701FA641CE4B2F1
:10FBD0000198B4EBD02FEFD33878FF281AD178787A
:10FBE000FF2817D1B878FF2814D1F878FF2811D151
:10FBF0003879FF280ED17879FF280BD1B879FF2802
:10FC000008D1F879FF2805D1387AFF2802D1787A0F
:10FC1000FF2815D0182D13D2DFE805F00C5E656CB7
:10FC2000737A80E4E48E95E4E4A3A99CB0B7BDC4E4
:10FC3000E4E487CB4FF43462244926481FF09AFB52
:10FC4000D0E000000441036000800608B47803603F
:10FC5000A080070848BF016068BF016088BF0160DD
:10FC60008C1E046070BD0260008407084ABD0160FC
:10FC700010850708883D036054AC036000880708BE
:10FC80007CAE0360588B070846BC0260A8F1026096
:10FC900016CE046034AF0360288A070800FF7F4750
:10FCA00000900708B468036000007F43C001006053
:10FCB000D40100607A020060D00706082ACE0260F4
:10FCC000C62F026000000608DE030460BEB50360B4
:10FCD00000F80708112A05604FF4386269496A483C
:10FCE0001FF048FB7EE04FF49C52664967481FF0C6
:10FCF00041FB77E04FF4E072624965481FF03AFB40
:10FD000070E04FF4A8725F4962481FF033FB69E06E
:10FD100084225C4960481FF02DFB63E04FF41472AD
:10FD200058495E481FF026FB5CE040F20D22554921
:10FD30005B481FF01FFB55E04FF49C625149594846
:10FD40001FF018FB4EE04FF438724E4956481FF032
:10FD500011FB47E04FF4F0724A4954481FF00AFB88
:10FD600040E0C822474952481FF004FB3AE04FF4F4
:10FD7000C07244494F481FF0FDFA33E04FF49062DF
:10FD800040494D481FF0F6FA2CE0B8223D494B4857
:10FD90001FF0F0FA26E040F2F2623A4948481FF0BC
:10FDA000E9FA1FE044F2A012364946481FF0E2FA91
:10FDB00018E00024DFF81091DFF810A1C4EB041064
:10FDC000C119C4EBC40000EB441000EB09060F227C
:10FDD00030461FF0CFFA70780AF80400641CE4B2D1
:10FDE000FE2CEBD36D1CEDB2182DFFF4D8AE002025
:10FDF000254B0122C0EBC00101EB001103EB4101D7
:10FE000091F82D400CB981F82820401CC0B2402840
:10FE1000F0D300202E4BC0EB001101EB410119443F
:10FE200091F828400CB981F82320401CC0B240282A
:10FE3000F1D30020154BC0EBC00101EB4011194478
:10FE400091F826400CB981F82320401CC0B28028CC
:10FE5000F1D3FFF752FE7FB0BDE8F04F46E510B595
:10FE600072B6EAF7C5FF1B4C2046EAF7EEFF4FF4E7
:10FE7000C06219492046EBF7C2F8EAF7BFFF62B645
:10FE800010BD0000BEB50360511E05607AD002604F
:10FE9000CEE50260B8370360C83F03602ACE026037
:10FEA000441C0560E8E7026038F3026002CA0260A1
:10FEB000E2CB0260AACC0260083903604C400360C8
:10FEC0007A31046018F6026004410360B66703608B
:10FED000112A056000900708B468036030B5FD4A38
:10FEE0000024C2F8A0410123C2F898310021050680
:10FEF00002D5C2F8A43101E0C2F8A441C2F8A84179
:10FF0000C2F8A8314006000E491C49B20829EEDBB0
:10FF1000C2F8A031C2F8A43130BD30B5ED4A00239B
:10FF2000C2F8A031C2F8983100210124050602D59B
:10FF3000C2F8A44101E0C2F8A431C2F8A831C2F865
:10FF4000A8414006000E491C49B20829EEDBC2F860
:10FF5000A041C2F8A44130BD3830C0B2DDE710B5D1
:10FF600004460020FFF7F8FF4034E0B2BDE810403F
:10FF7000D3E710B504460020FFF7EEFF04F00F00B2
:10FF80002409E030C0B2FFF7C8FFF034E0B2BDE8AA
:10FF90001040C2E72DE9F04107460C461E46203AC4
:10FFA000D5B20720FFF7B9FF641C04EB44004FEA09
:10FFB000400808F0FF00FFF7DCFF7806000EFFF7AF
:10FFC000CEFF0024C44905EB450001EB8005012E5E
:10FFD00023D0285DC043C0B2FFF780FF641CE4B2A9
:10FFE000062CF4D308F0FF00FFF7C3FF012000EB5D
:10FFF0004700C0B2FFF7B3FF0024012E11D028192B
:020000040802F0
:100000008079C043C0B2FFF769FF641CE4B2062CDC
:10001000F3D3BDE8F04106207FE7285DFFF75EFFE0
:10002000DCE728198079FFF759FFEEE7F8B50121E1
:100030004FF4D070E8F7BDFF4FF4E960ADF8000071
:1000400003248DF8024010258DF803506946A3481B
:10005000E8F78BFD4020ADF800008DF802408DF8E8
:1000600003509F4E69463046E8F77FFD40213046F9
:10007000E8F7EAFDEE01ADF800608DF802408DF87A
:100080000350984C69462046E8F76FFD31462046FC
:10009000E8F7DAFDF8BD30B50720FFF73EFF002492
:1000A00042F6A0050020FFF719FF641CA4B2AC4281
:1000B000F8D3BDE8304006202FE710B58A4890F805
:1000C0002300012801D0052801D1FFF7AFFF874C9D
:1000D000002020604FF47A7012F0B5FB0120206000
:1000E000642012F0B0FB0120FFF736FF1120FFF76C
:1000F00014FFAE20FFF711FF0820FFF70EFF0020CE
:10010000FFF72AFF0520FFF708FF0C20FFF705FF88
:100110000020FFF72EFF0020FFF721FFBDE8104071
:10012000B9E72DE9FF4F87B00646DDF850B00F461E
:1001300091460BF07F05152D00D9152548461FF077
:1001400059F9152802D848461FF054F948461FF0BF
:1001500051F9152802D94FF00E0A04E048461FF065
:1001600049F900F0FF0A00240DF104080FE05FEAEE
:100170000B6006D519F80400E8F73AF808F804000F
:1001800003E019F8040008F80400641CE4B25445C4
:10019000EDD3554523D948461FF02CF9C4B208E0E9
:1001A0003819C1B2F0B220220A9BFFF7F3FE641C9B
:1001B000E4B2AC42F4D3002409E03819C1B218F813
:1001C0000420F0B20A9BFFF7E5FE641CE4B2484647
:1001D0001FF010F9A042F0D80BB0BDE8F08F05B9C0
:1001E0005546002409E03819C1B218F80420F0B2CD
:1001F0000A9BFFF7CFFE641CE4B2AC42F3D3EBE7FB
:100200002DE9FC43DDF8248044B24DB24FF47A70FE
:10021000824201D3042608E0642A01D3032604E0C5
:100220000A2A01D3022600E0012664270A21E946B2
:10023000012E5DDDCBB3761C76B24FF02E0C09F8A3
:1002400003C0B2FBF0FC8DF804C0B2FBF0FC00FB75
:100250001C20012B2AD0022B14D0032B62D1B0FB1F
:10026000F7F28DF80220B0FBF7F207FB1200B0FBAB
:10027000F1F28DF80120B0FBF1F201FB12008DF8D4
:1002800000004FE0B0FBF7F28DF80320B0FBF7F26F
:1002900007FB1200B0FBF1F28DF80120B0FBF1F288
:1002A00001FB12008DF800003CE021E0B0FBF7F20A
:1002B0008DF80320B0FBF7F207FB1200B0FBF1F260
:1002C0008DF80220B0FBF1F201FB12008DF8000066
:1002D00028E0000000802242AF160408001401400C
:1002E00000200140001C0140B24C0460AC8123425C
:1002F000B2FBF0F38DF80330B2FBF0F300FB1320F8
:10030000B0FBF7F28DF80220B0FBF7F207FB12000A
:10031000B0FBF1F28DF80120B0FBF1F201FB12000D
:100320008DF80000701E47B216E019F907002E285C
:1003300019D0174943460A5CE9B2E0B2FFF72AFE3A
:100340006D1C6DB2152D05DB0025641C64B2052CF7
:1003500000DB00247F1E7FB2002FE6DA042E14DAC1
:100360000427AD1B0FE0E9B2E0B243462E22FFF7AF
:1003700011FEE5E7E819C1B2E0B243462022FFF7DB
:1003800009FE7F1E7FB2B742F4DABDE8FC830000AD
:10039000A516040870B500240020FFF7EAFD6006EA
:1003A000000EFFF7DCFD00250020FFF797FD6D1C18
:1003B000EDB2062DF8D30020FFF7DBFD012000EBA6
:1003C0004400C0B2FFF7CBFD00250020FFF786FDFB
:1003D0006D1CEDB2062DF8D3641CE4B2052CDBD302
:1003E00070BD10B5FFF7D6FFBDE81040FFF753BE54
:1003F00010B5FFF7F6FF314900200870304908605A
:1004000030490860BDE8104014222FA133481EF087
:10041000B1BF70B58AB0324DA87C697CCDE90010BF
:100420002B7CEA7B2FA104A820F07EFA002415265D
:10043000CDE90064012304AA214620460294FFF777
:1004400070FEB5F82100009006233F2229A104A8E0
:1004500020F06AFACDE90064012304AA00211846BD
:100460000294FFF75EFE284829A103782748027806
:1004700004A820F059FACDE90064012304AA002160
:1004800002200294FFF74DFE0D4802682448824284
:1004900008D20C4803682348834203D222A104A84F
:1004A00020F042FACDE90064012304AA00210320D0
:1004B0000294FFF736FE0AB070BD0000D002006063
:1004C0002404006028040060323031322D30392D90
:1004D00031392031373A31363A31300002CA0460BE
:1004E000B24C046049503A25752E25752E25752E7F
:1004F0002575000053573A2025752E257520506F1D
:1005000072743A2025750000F3020060E802006072
:1005100044423A202575204F4E3A202575000000B0
:100520003F420F009F86010052583A256C752054B7
:10053000583A256C750000007047454800218180BD
:10054000C180444A012111604FF4966101817047D6
:100550004FF0320ADFF800910026DFF8F48001271F
:10056000002400255046EBF7B8FF98F80000022859
:1005700003D2401C88F8000003E088F8006088F887
:10058000017098F8010028B188F80160D9F82401B9
:1005900018B103E088F80260E2E70424D9F82801E2
:1005A00000B90324D9F8200100B90124D9F8300199
:1005B00000B902245CB1B8F80400C82802D2401C7B
:1005C000A8F80400B8F80410012905D00DE0A8F837
:1005D000046088F80260C3E7A8F806704FF49660DC
:1005E000A8F808001B48076025460F2904D9042CE9
:1005F00001D0032C00D125461E290CD1012C07D097
:10060000062C05D0022C03D0072C01D0082C02D1D7
:1006100004F18000C5B2322902D1052C00D1852514
:1006200088F802509CE71CB5094900230C31CDE93C
:100630000001642209A1AFF2E700EBF7A9FD002257
:1006400001210320ECF77EFC014908611CBD00007C
:10065000D402006098012442000023426B65795F58
:100660007461736B00000000F0B4FE48182500238D
:1006700090F82300FC4901281DD005281BD00A262C
:1006800002281CD006281AD00B22082403281AD0CE
:100690000A281BD0F8B1042820D007281ED00C2827
:1006A00020D00924092820D00B2822D00E2824D0BD
:1006B000082826D027E0202048708D7023E01020E5
:1006C00048708E701FE04A708C701CE006204870E5
:1006D0000320887017E04D708E7014E04C700E206F
:1006E000887010E04A708A700DE00D2048708C70A0
:1006F00009E0112048708C7005E0152048708A7060
:1007000001E04B708B70CB70F0BC40F6E831D748FD
:100710001EF049BE010EC0F30742C0F3072301EBF0
:1007200002211A0402EB0060084470472DE9FF5FC4
:1007300081468A464FF4B471CD481EF034FECC4C4D
:10074000C84F97F82300401E032802D823202070AA
:1007500001E04A2020703879A070C648D0F8B10076
:100760001BF08AFCC4F80B0000216170C4F8031070
:100770000120E071607297F82300012812D005284B
:1007800010D0022813D0062811D00B2208230328EA
:1007900012D0042813D0072811D00C2813D0082811
:1007A00014D017E0202020721820A07212E0102030
:1007B00020720A20A0720DE02272A3720AE0237256
:1007C0000E20A07206E02272A27203E0E171617253
:1007D0002172A1720027A64C1E34B84646E0A64AF4
:1007E000C8EBC80101EB020B9BF806002B2805D0D3
:1007F0002C2803D05F2801D02E2833D17F1CFFB2D4
:100800000C2F37D22070505CA070DBF80100C4F8C8
:100810000B009BF8050000F00E0060700E98012898
:1008200010D1505C954900F0070201EBD001012086
:1008300009789040014205D0FDF7D0FFFFF76AFF2D
:10084000C4F80300029949EA0A00084301D1039859
:1008500090B184F8079084F808A002986072039819
:10086000A0721E3408F1010808F0FF087E480078E5
:100870008045B4D3BDE8FF9F9BF806002B2806D027
:100880002E2807D02C2808D05F2809D00AE016258A
:10089000002607E00C25002604E008250E2601E0CE
:1008A00014250226781EC0EB0011714800EB4101AF
:1008B000087A401CE0716A1E10442072887A401C3D
:1008C0006072711E0844A072CBE72DE9F34F85B02A
:1008D0000E46002E64D00598644900EB400001EB01
:1008E00080040490E07A00285AD181460598DFF808
:1008F00090B1DFF884814FF0030AC0EBC005152EDC
:1009000051D0142E7ED01C2E7DD0162E7CD0482E99
:100910007BD05F2E7AD02B2E79D02E2E78D02C2E15
:1009200077D084F8079084F8089084F809904E4FA7
:10093000DFF838A1B878E070E2791044207194F8BB
:1009400008C06044C3B2BB7079786171607A0144B9
:10095000C9B279709A1AA2EB0C02081A4FF0010979
:10096000521C401CD2B2C0B2CDF80090FFF7DEFEA0
:10097000DDE904100AF82100667018F80500A0707F
:1009800084F80B90B9784020402900D9B870797864
:10099000402900D97870F878802801D98020F87033
:1009A00007B0BDE8F08F002707F16C008DF8080054
:1009B000000A0AEB40108DF809009BF800008DF842
:1009C0000A0018F805008DF80B008DF80C90002334
:1009D0001A4601A902A8FAF7EAFD7F1CFFB2082F08
:1009E000E2D3002707F164008DF80800000A0AEB43
:1009F00040108DF809009BF800008DF80A0018F8E7
:100A0000050007E01AE06EE0CEE0F2E031E171E1CE
:100A100095E1B9E18DF80B008DF80C9000231A4692
:100A200001A902A8FAF7C3FD7F1CFFB2082FD9D392
:100A300084F8079008202072607278E700277620FB
:100A400000EB47008DF80800000A0AEB40108DF813
:100A500009009BF800008DF80A0018F805008DF8D1
:100A60000B000FE0B24C0460E8020060380704603D
:100A700042BA026036C002607A310460B23A046061
:100A8000670200608DF80C9000231A4601A902A8A5
:100A9000FAF78DFD7F1CFFB2082FD0D3002707F196
:100AA00064008DF80800000A0AEB40108DF8090078
:100AB0009BF800008DF80A0018F805008DF80B006F
:100AC0008DF80C9000231A4601A902A8FAF76FFDD1
:100AD0007F1CFFB20D2FE2D30D20E07184F8089047
:100AE0000820607223E7002707F164008DF80800F2
:100AF000000A0AEB40108DF809009BF800008DF801
:100B00000A0018F805008DF80B008DF80C900023F2
:100B10001A4601A902A8FAF74AFD7F1CFFB2082F66
:100B2000E2D3002707F16C008DF80800000A0AEBF9
:100B300040108DF809009BF800008DF80A0018F8A5
:100B400005008DF80B008DF80C9000231A4601A9C2
:100B500002A8FAF72CFD7F1CFFB2042FE2D3002776
:100B600007F1BE008DF80800000A0AEB40108DF86E
:100B700009009BF800008DF80A0018F805008DF8B0
:100B80000B008DF80C9000231A4601A902A8FAF771
:100B90000EFD7F1CFFB20A2FE2D30820E071042073
:100BA00020720A206072C2E6002707F164008DF807
:100BB0000800000A0AEB40108DF809009BF80000BD
:100BC0008DF80A0018F805008DF80B008DF80C90D0
:100BD00000231A4601A902A8FAF7E9FC7F1CFFB21C
:100BE000202FE2D384F8079084F8089020206072C8
:100BF0009DE6002707F16F008DF80800000A0AEB58
:100C000040108DF809009BF800008DF80A0018F8D4
:100C100005008DF80B008DF80C9000231A4601A9F1
:100C200002A8FAF7C4FC7F1CFFB2072FE2D300270B
:100C300007F165008DF80800000A0AEB40108DF8F6
:100C400009009BF800008DF80A0018F805008DF8DF
:100C50000B008DF80C9000231A4601A902A8FAF7A0
:100C6000A6FC7F1CFFB2072FE2D30720E071607261
:100C70005DE6002707F164008DF80800000A0AEB22
:100C800040108DF809009BF800008DF80A0018F854
:100C900005008DF80B008DF80C9000231A4601A971
:100CA00002A8FAF784FC7F1CFFB2022FE2D30027D0
:100CB00007F168008DF80800000A0AEB40108DF873
:100CC00009009BF800008DF80A0018F805008DF85F
:100CD0000B008DF80C9000231A4601A902A8FAF720
:100CE00066FC7F1CFFB2142FE2D30220E0711420B7
:100CF00060721CE6002707F164008DF80800000A06
:100D00000AEB40108DF809009BF800008DF80A00EE
:100D100018F805008DF80B008DF80C9000231A468A
:100D200001A902A8FAF743FC7F1CFFB2162FE2D3F9
:100D300084F8079084F8089016206072F7E5002781
:100D400007F164008DF80800000A0AEB40108DF8E6
:100D500009009BF800008DF80A0018F805008DF8CE
:100D60000B008DF80C9000231A4601A902A8FAF78F
:100D70001EFC7F1CFFB20C2FE2D384F8079084F88E
:100D800008900C206072D2E5F8490888401C088061
:100D9000002707F16C008DF80800000A0AEB4010EC
:100DA0008DF809009BF800008DF80A0018F805007E
:100DB0008DF80B008DF80C9000231A4601A902A8AB
:100DC000FAF7F5FB7F1CFFB2062FE2D3002707F1ED
:100DD00064008DF80800000A0AEB40108DF8090045
:100DE0009BF800008DF80A0018F805008DF80B003C
:100DF0008DF80C9000231A4601A902A8FAF7D7FB38
:100E00007F1CFFB2082FE2D3002707F174008DF892
:100E10000800000A0AEB40108DF809009BF800005A
:100E20008DF80A0018F805008DF80B008DF80C906D
:100E300000231A4601A902A8FAF7B9FB7F1CFFB2EA
:100E4000082FE2D30620E0710820207260726EE560
:100E50002DE9F04F8FB0894616461C460EA901F0C9
:100E6000FAFB01287ED19DF83800C14FC0EBC002CB
:100E7000D11989791C290FD015290DD014290BD02F
:100E8000162909D02B2907D02C2905D05F2903D09A
:100E9000482901D02E2965D1DFF8D8B2DFF8D882F1
:100EA0004FF0000CA9F16C03A9F164051C291CD0BA
:100EB0004FF47A7E06FB0EFA15297DD014297CD0DA
:100EC00016297BD0A9F5005A40F2BF52AAF54D6A07
:100ED0002B2974D02E2973D00AF5B8622C2970D032
:100EE00048296FD05F296ED02CE24FF01C0A082DE4
:100EF0001ED2ECB200EB400108EB8101C97821441D
:100F000040292FD8012E75D0C1EB011505EB450501
:100F10005D4485F825C0C1EB011101EB4101594445
:100F2000012501F8245FBD5C4D7181F806A0CC71EC
:100F3000B408042B21D2DBB200EB400108EB8101A5
:100F40000979194440290DD88C4D25F81140C1EB81
:100F5000011101EB410104EB840559446D0041F896
:100F60001E5F00E096E001254D718D728D71BD5CB4
:100F7000CD7281F80CA080334B73A9F1BE09B9F191
:100F80000A0FB1D209F0FF0100EB400008EB80002E
:100F90004079084440287DD8794B23F810404FF41D
:100FA0007A735C43C0EBC00303EB0013754800EB9E
:100FB0004300C0F81E4007E028E081E0E4E014E1CF
:100FC0007CE1E6E130E3FCE3EEB1012380F826307A
:100FD000223080F805C080F800C080F807C080F893
:100FE00009C080F80AC0BA5C827080F803A0017260
:100FF000A8E1FFE7C1EB011E0EEB4E0EDE4401251A
:101000008EF8255087E780F826C0E1E71524082DE3
:1010100026D2EDB200EB400108EB810109792944A9
:10102000402937D8DFF8549129F81160C1EB01113C
:1010300001EB410106EB860959444FEA490941F8A1
:101040001E9F4FF0010981F8059081F80A9081F800
:10105000069017F8029081F80B900C7380354D7351
:10106000082BC5D2D9B200EB400008EB80004079D4
:10107000084440280ED8424B23F81060C0EBC00350
:1010800003EB00133F4800EB4300C0F81EA0A6B1DD
:10109000012300E09DE080F82630223080F805C072
:1010A00080F800C080F807C080F809C080F80AC046
:1010B000BA5C8270C470017244E180F826C0ECE72B
:1010C00014230D2D1CD2ECB200EB400108EB810182
:1010D000C978214440297CD8C1EB011101EB4101C1
:1010E000594481F823C0012581F82850B6B381F80E
:1010F000255041F81E6F8D71BD5CCD720B734C7322
:10110000A9F17609B9F1100FD6D209EBD971C1F363
:10111000470100EB400008EB80004079084440287C
:1011200057D8C0EBC00404EB0014164800EB440091
:10113000C0F81EA0B6B1012480F82640223080F805
:1011400005C080F800C080F807C080F809C080F8AA
:101150000AC0BA5C8270C3700172F3E0FFE781F8E5
:1011600025C0C6E780F826C0E8E70000C45B04603D
:101170007A310460112A05603807046036B90260CC
:1011800036B80260511E0560202D95D2E9B200EB01
:10119000400008EB800040790844402819D8FE4BF5
:1011A00023F81060C0EBC00303EB0013FB4800EB17
:1011B0004300C0F81E60AEB1012380F82630223013
:1011C00080F805C080F800C080F807C080F809C02A
:1011D00000E094E080F80AC0BA5C82701622C27007
:1011E0000172D1E380F826C0E9E74FF02B09162DF4
:1011F0003ED2EDB200EB400008EB8000407943198D
:10120000402B7CD8002001AA04EB400191F804C0D7
:1012100002F810C002EB400CC9788CF80110401C99
:10122000C0B21728F0D3C3EBC300DC4C00EB0310B3
:1012300004EB40002E2201A91EF09CF89DF8380016
:10124000C0EBC00100EB400008EB80007A5C407905
:101250002844C0EBC00101EB001104EB410101F88F
:10126000242F81F801908D71CB4921F810608BE318
:101270009245B6D21721BAFBF1F1CEB200EB400095
:1012800008EB800040793044C0B2402837D8C0EB2A
:10129000C00101EB0011C1482E2200EB410521469F
:1012A00028461EF067F89DF83800C0EBC000385C97
:1012B00005F8240F85F80190AE7165E34FF02E0913
:1012C0000C2D40D2EDB200EB400008EB80004079DD
:1012D0004319402B13D8002001AA04EB400191F8D8
:1012E00004C002F810C002EB400CC9788CF8011061
:1012F000401CC0B21728F0D3C3EBC30000E0AFE03E
:10130000A64C00EB031004EB40002E2201A91EF0B6
:1013100031F89DF83800C0EBC00100EB400008EB4D
:1013200080007A5C40792844C0EBC00101EB0011D9
:1013300004EB410101F8242F81F801908D71964949
:1013400021F8106020E3924591D21721BAFBF1F108
:10135000CEB200EB400008EB800040793044C0B2D0
:1013600040287DD8C0EBC00101EB00118B482E2234
:1013700000EB4105214628461DF0FCFF9DF8380092
:10138000C0EBC000385C05F8240F85F80190AE7101
:10139000FAE2062B38D2DEB200EB400008EB800008
:1013A000C07800EB060CBCF1400F59D8002001AA10
:1013B00004EB40010B7902F8103002EB4003C978CE
:1013C0005970401CC0B21728F2D3CCEB0C1000EBC4
:1013D000400058442D2201A91DF0CCFF9DF8380093
:1013E000C0EBC00100EB400008EB8000795CC078E6
:1013F0003044C0EB001000EB4000584400F8291FB7
:101400002C21417086702DE08A2A2BD21721B2FB45
:10141000F1F1CEB200EB400008EB8000C078304420
:1014200040281DD8C0EB001000EB400058442D228E
:1014300021461DF09FFF9DF83800C0EBC00100EB76
:10144000400008EB8000795CC0783044C0EB0010AD
:1014500000EB4000584400F8291F2C21417000E0A7
:101460008CE08670082D39D2EDB29DF8380000EB83
:10147000400008EB800000794219402A7ED8002005
:1014800001AB04EB40010E7903F8106003EB40065A
:10149000C9787170401CC0B21728F2D3C2EB021099
:1014A00000EB400058442D2201A91DF063FF9DF878
:1014B0003800C0EBC00100EB400008EB8000795C15
:1014C00000792844C0EB001000EB4000584400F8BD
:1014D000291F2C2141708035857032E0A9F51C5000
:1014E0009A3840F2355188422BD21721B0FBF1F0E7
:1014F000C5B29DF8380000EB400008EB8000007991
:10150000284440283AD8C0EB001000EB4000584473
:101510002D2221461DF02EFF9DF83800C0EBC001A2
:1015200000EB400008EB8000795C00792844C0EBB8
:10153000001000EB4000584400F8291F2C21417096
:101540008570A9F17409B9F1080F43D209F0FF05BC
:101550009DF8380000EB400008EB8000407943190B
:10156000402B0BD8002001AA04EB40010E7902F8B1
:10157000106002EB4006C978717000E0BCE0401CCE
:10158000C0B21728F0D3C3EBC300044C00EB031028
:1015900004EB40002E2203E036B80260511E0560C5
:1015A00001A91DF0E7FE9DF83800C0EBC00100EB7B
:1015B000400008EB8000795C40792844C0EBC00211
:1015C00002EB001004EB400000F8241F2C214170B6
:1015D0008571D9E140F277608245FAD21720BAFBD3
:1015E000F0F0C6B29DF8380000EB400008EB800038
:1015F00040793044C0B240287ED8C0EBC00101EB36
:101600000011FE482E2200EB4105214628461DF020
:10161000B1FE9DF83800C0EBC000385C05F8240F1F
:101620002C206870AE71AFE1A9F16F01482607293F
:1016300037D2CDB200EB400008EB8000C07800EB61
:10164000050CBCF1400F57D8002001AA04EB400163
:101650000B7902F8103002EB4003C9785970401C36
:10166000C0B21728F2D3CCEB0C1000EB400058446A
:101670002D2201A91DF07EFE9DF83800C0EBC001AF
:1016800000EB400008EB8000795CC0782844C0EB98
:10169000001000EB4000584400F8291F4670857088
:1016A0002CE0A12A2AD21721B2FBF1F1CDB200EB36
:1016B000400008EB8000C078284440281CD8C0EBCC
:1016C000001000EB400058442D2221461DF052FE30
:1016D0009DF83800C0EBC00100EB400008EB800033
:1016E000795CC0782844C0EB001000EB40005844FF
:1016F00000F8291F467000E08FE08570A9F16509A8
:10170000B9F1070F3DD209F0FF059DF8380000EB55
:10171000400008EB800040794319402B7DD8002021
:1017200001AA04EB400191F804C002F810C002EBDA
:10173000400CC9788CF80110401CC0B21728F0D3B7
:10174000C3EBC300AD4C00EB031004EB40002E22B2
:1017500001A91DF00FFE9DF83800C0EBC00100EBA1
:10176000400008EB8000795C40792844C0EBC0025F
:1017700002EB001004EB400000F8241F4670857156
:1017800002E1BAF5CC6F27D21720BAFBF0F000F0D7
:10179000FF099DF8380000EB400008EB800040791D
:1017A0004844C0B2402838D8C0EBC00101EB00115A
:1017B00092482E2200EB4105214628461DF0DAFD15
:1017C00000E00AE09DF83800C0EBC000385C05F886
:1017D000240F6E7085F80690D6E05F26022D39D270
:1017E000EDB200EB400008EB8000C07800EB050C88
:1017F000BCF1400F11D8002001AA04EB40010B7985
:1018000002F8103002EB4003C9785970401CC0B296
:101810001728F2D3CCEB0C1000E0A7E000EB40005F
:1018200058442D2201A91DF0A5FD9DF83800C0EBFC
:10183000C00100EB400008EB8000795CC0782844D0
:10184000C0EB001000EB4000584400F8291F467020
:1018500085702AE02E2A28D21721B2FBF1F1CDB2F1
:1018600000EB400008EB8000C078284440287DD879
:10187000C0EB001000EB400058442D2221461DF023
:1018800079FD9DF83800C0EBC00100EB400008EB8B
:101890008000795CC0782844C0EB001000EB400069
:1018A000584400F8291F46708570A9F16809B9F1FC
:1018B000140F3DD209F0FF059DF8380000EB400001
:1018C00008EB800040794319402B63D8002001AA1F
:1018D00004EB400191F804C002F810C002EB400C88
:1018E000C9788CF80110401CC0B21728F0D3C3EBA4
:1018F000C300424C00EB031004EB40002E2201A970
:101900001DF038FD9DF83800C0EBC00100EB400031
:1019100008EB8000795C40792844C0EBC00202EB00
:10192000001004EB400000F8241F467085712BE086
:1019300040F28B70824527D21720BAFBF0F000F0FE
:10194000FF099DF8380000EB400008EB800040796B
:101950004844C0B240281DD8C0EBC00101EB0011C3
:1019600026482E2200EB4105214600E012E02846E1
:101970001DF000FD9DF83800C0EBC000385C05F894
:10198000240F6E7085F80690F2F730FDF2F759FDDE
:10199000F2F782FD0FB0BDE8F08F2DE9F04F06465B
:1019A0000020DFF85C9099F80030002BF3D0002382
:1019B0003370DFF85080144FD8E0C3EBC30404EB5E
:1019C000080C9CF806401C2C09D0142C07D0152CB0
:1019D00005D02C2C03D05F2C01D0482C7ED10229BD
:1019E00073D103EB430407EB8404E579F5B303F10A
:1019F000010BD34548D2E478944207E0511E0560BC
:101A0000E80200607A310460380704605DD82C4435
:101A100094425AD93370C3EBC301414489791C29DC
:101A200007D103EB430007EB8000C078101A643045
:101A300080B2142907D103EB430007EB8000C07884
:101A4000101A643080B22C2907D103EB430007EB56
:101A50008000C078101A6C3080B25F2909D103EB86
:101A6000430007EB8000C078101A00E02DE06430DE
:101A700080B248298FD103EB430007EB8000C07888
:101A8000101A6F3080B286E733709CF806501C2D18
:101A900003D1E078101A643080B2142D03D1E078BD
:101AA000101A643080B22C2D03D1E078101A6C30FB
:101AB00080B25F2D03D1E078101A643080B2482DD7
:101AC00003D1E078101A6F3080B203294CD103EBB8
:101AD000430407EB8404257A05B100E044E099F85B
:101AE00000B003F1010ADA4529D2247994423BD8A7
:101AF0002C44944238D93370C3EBC30141448979F3
:101B00001C2907D103EB430007EB80000079101A72
:101B10006C3080B2152907D103EB430007EB80003E
:101B20000079101A643080B22C29ACD103EB430049
:101B300007EB80000079101A643080B22BE7337015
:101B40009CF806501C2D03D12079101A6C3080B2FD
:101B5000152D03D12079101A643080B22C2D03D1B9
:101B60002079101A643080B25B1CDBB299F800A0B7
:101B70005345FFF422AF0EE72DE9F84FF84C002053
:101B8000F84D0127F84E95F800C02AE0C0EBC002DE
:101B900091198B792B2B03D02C2B01D02E2B1ED1FE
:101BA000B35CDFF8C88303F0070B08EBD30907FA2F
:101BB0000BF899F800A02AEA080A89F800A0DFF8D3
:101BC000B09309EBD30393F8009029EA080983F84E
:101BD00000900023B354C1F801304B718B71401C4D
:101BE000C0B26045D2D30021002015E0C0EBC00395
:101BF000F25C7AB1C1EBC10233443244D3F80080C5
:101C0000C2F80080B3F80480A2F804809B79937135
:101C1000491CC9B2401CC0B26045E7D3D548017029
:101C20004FF0000820782B2803D02C2801D02E2834
:101C30000FD1002000F07DFE8146D4F80B00FEF7A6
:101C400069FD0146207800906278A0784B4600F04C
:101C50002EFD08F1010808F0FF081E34B8F10B0F43
:101C6000E0D300F099FAC4480770C4488774FEF7BF
:101C7000FBFC002408E0C4EBC4003044817920461A
:101C8000FEF723FE641CE4B228788442F3D3BDE857
:101C9000F88F10B50C4601460120F2F72AFC40B23D
:101CA000411C02D02070012010BD002010BD10B5D5
:101CB0000C4601460420F2F71CFC40B2411C02D045
:101CC0002070012010BD002010BD10B50C4601464B
:101CD0000220F2F70DFD40B2411C02D0207001201D
:101CE00010BD002010BD10B50C4601460520F2F7CE
:101CF000FFFC40B2411C02D02070012010BD00202A
:101D000010BD10B50C4601460020F2F7F1FC40B2C0
:101D1000411C02D02070012010BD002010BD10B564
:101D20000C4601460320F2F7E3FC40B2411C02D00E
:101D30002070012010BD002010BD10B50C460146DA
:101D40000120F2F7D5FC40B2411C02D020700120E6
:101D500010BD002010BD10B50C4601460420F2F75E
:101D6000C7FC40B2411C02D02070012010BD0020F1
:101D700010BD2DE9FE4304460D4694F82A002C2898
:101D800001D05F2801D1012A14D0142803D01C28C7
:101D900001D02C2824D194F82B00DFF8E481724F75
:101DA00000064FF001065ED494F8250068B34FF4A6
:101DB0007A702BE094F82B104FF02E020B0611D402
:101DC00001F07F00C0EBC00101EB001042F2107186
:101DD0000092421894F829102346102001F000FDCB
:101DE000BDE8FE832C28FBD101F07F00C0EBC001D1
:101DF00001EB001042F29A710092421894F82910F7
:101E00002346102001F0ECFCEAE7002028F815003A
:101E10002A46022102A8FFF7C0FD0246002ADFD0B1
:101E200094F82B000006DBD438F81500B0F5007FDD
:101E30000BD301969DF808000096C0EBC00001ABE3
:101E4000395C062001F0CCFCCAE70028C8D101901B
:101E50009DF808000096C0EBC00001AB395C06207D
:101E600001F0BEFCBCE72A46032102A8FFF795FD5E
:101E700004462000B4D09DF80810DFF8089101EB6B
:101E8000410009EB800040781C2809D1C1EBC1005A
:101E90000096395C08EB45032246062001F0A0FCC1
:101EA0009DF8081001EB410009EB800040782C28D8
:101EB00096D1C1EBC1000096395C08EB4503224680
:101EC000062001F08DFC8BE708B590F825102C2931
:101ED00005D02B2903D05F2901D02E2912D12F2123
:101EE000009190F82A10034601F07F01C1EBC10276
:101EF00002EB011142F6D0420A4490F8241010205F
:101F000001F06EFC08BD2DE9FC5F00271E4C002689
:101F1000DFF878804FF47A79CBE0DFF84CA0C6EB9D
:101F2000C60505EB0A008079092803D0072801D0EF
:101F30005D287DD17F1CFFB2FE2F7AD21AF80500F2
:101F400020701AF80500124900F0070201EBD001D9
:101F500001200978904001421CD001201BE00000C4
:101F600060BA0260E80200607A310460723A04608C
:101F7000923A0460F0020060D6030060A4B50360EA
:101F800036B902603807046004410360B80200609B
:101F9000B23A04600020E07359208DF800004FF041
:101FA000230B8DF801B0764800788DF802001AF8FE
:101FB00005008DF8030000208DF8040000230122A5
:101FC00070496846F9F7F3FA012805D1D8F80000FE
:101FD00090FBF9F0A4F81F005E208DF800008DF84A
:101FE00001B0DFF89CB19BF800008DF80200664854
:101FF000405D8DF803004FF0000A8DF804A0002327
:10200000012260496846F9F7D2FA012805D1D8F8CB
:10201000000090FBF9F0A4F821000C208DF80000DE
:1020200063208DF80100564800788DF8020001E029
:102030003DE043E0DFF850B11BF805008DF80300E8
:102040008DF804A0002301224E496846F9F7AFFA43
:10205000012805D1D8F8000090FBF9F0A4F823007E
:1020600005208DF8000063208DF8010044480078B9
:102070008DF802001BF805008DF803008DF804A010
:10208000002301223F496846F9F791FA012805D15A
:10209000D8F8000090FBF9F0A4F825003B480F2287
:1020A00000EB061104F110001DF064F92734761CD2
:1020B000F6B2374800788642FFF42FAFBDE8FC9FA8
:1020C0007FB533490978884258D2C0EBC00101EB93
:1020D0004010304944182A4800788DF80A00641CE2
:1020E00014F8010C8DF80B0000208DF80C00E08B2B
:1020F0004FF47A714843019059208DF80800232647
:102100008DF8096002250123002201A902A800958B
:10211000F8F710FF208C4FF47A71484301905E204D
:102120008DF808008DF809600123002201A902A89A
:102130000095F8F7FFFE608C4FF47A7148430190E8
:102140000C208DF8080063268DF809600123002219
:1021500001A902A80095F8F7EDFEA08C4FF47A7162
:102160004843019005208DF808008DF8096001238F
:10217000002201A902A80095F8F7DCFE7FBD00004F
:1021800067020060B80200607A3104608C1E04604F
:10219000E802006004410360F8B50021002200233A
:1021A0000020FF4CFD4E277828E0C0EBC004A519A5
:1021B0006D7905F00F05012D04D0022D0BD0032DF4
:1021C00012D019E0355D0C46DFF8D8C3491CC9B2FE
:1021D0000CF8045010E0355D1446DFF8CCC3521CF7
:1021E000D2B20CF8045007E0355D1C46DFF8BCC3E2
:1021F0005B1CDBB20CF80450401CC0B2B842D4D314
:10220000EB480170EB4CEC480270EC480370881806
:102210001844207000200346024601460090FEF755
:1022200085FABDE8F840FFF76EBE2DE9F84F0022B1
:1022300000230024DFF86893002789F8007000204D
:10224000DFF87CB3D54E4FF0010A0BF1200EC0EB46
:10225000C005A919497901F00F01012903D002290C
:1022600001D003293ED1715D09B3FF293AD0F8B1FD
:10227000451EC5EBC505755DA94233D00BEBD10CEE
:1022800001F007059CF800800AFA05F548EA050800
:102290008CF800800EEBD10191F800C02CEA050CFF
:1022A00081F800C099F80010491C89F8001019E065
:1022B00031780BEBD10C01F007059CF800800AFA8D
:1022C00005F548EA05088CF800800EEBD10191F87D
:1022D00000C02CEA050C81F800C099F80010491CD8
:1022E00089F80010401CC0B2FE28B0D3002099F835
:1022F00000C028E0C0EBC0018D196D7905F00F0515
:10230000012D04D0022D0BD0032D12D019E0755CE5
:102310001146DFF89082521CD2B208F8015010E04A
:10232000755C1946DFF880825B1CDBB208F801504F
:1023300007E0755C2146DFF87482641CE4B208F89B
:102340000150401CC0B26045D4D399480270994DE9
:102350009948037099480470D018204428700024CC
:1023600008E0C4EBC400304481792046FEF7ADFAA2
:10237000641CE4B228788442F3D300231A46194639
:1023800018460097FEF7D2F9BDE8F84FFFF7BBBD3E
:1023900070B504460D460721204603F048F8217821
:1023A000FF2922D1617819291FD1E179B1EB102FD2
:1023B0001BD1217AC0B2884217D17948A178483020
:1023C0000170E178A279237941EA02626179090416
:1023D00041EA03210A43C0F801207A480088854277
:1023E00001D1012070BD032070BD022070BD2DE918
:1023F000FC41074688461446022C02D90020BDE85D
:10240000FC8124B1022C05D0012C06D007E06E48D7
:10241000056804E06D48056801E06D4805686D4E8B
:102420003089401C308132212846EAF786FF98B374
:10243000204603F070F8FF208DF8000019208DF879
:1024400001008DF802708DF803800421684602F0C7
:10245000EEFF010A8DF804108DF8050022460621D2
:10246000684602F0FCFF22460921002007F0C0FC6C
:102470007089401C7081012C11D03220214607F058
:10248000FFFC10F0FF010CD0B089401CB081524815
:10249000FFF77EFF064605E0FFE7FF20AFE750208D
:1024A000ECE7002622460021012007F0A1FC284687
:1024B000EAF76DFE3046A2E710B504460A21204631
:1024C00002F0B5FFA17AB1EB102F05D1E17AC0B2CD
:1024D000884201D1042010BD002010BD2DE9FE432B
:1024E0000746884614461D460026284603F013F882
:1024F0008DF8007006208DF8010000208DF8020094
:102500000A208DF8030055208DF804008DF8058011
:102510008DF80640200A8DF80700200C8DF8080081
:10252000200E8DF809000A21684602F080FF010A9A
:102530008DF80A108DF80B002A460C21684602F02F
:102540008EFF2A460C21002007F052FC29464FF44A
:10255000FA7007F095FC10F0FF0F04D00C211E4814
:10256000FFF7AAFF06462A460021012007F040FC9B
:102570003046BDE8FE8370B50120114C012504F101
:10258000200304EBD00100F007060A7805FA06F1F3
:102590000A4225D103EBD00212781FE07A310460A1
:1025A000F00200603E0404603C0504603A060460EA
:1025B000ED020060E8020060EE020060EF020060E1
:1025C000723A046098030060B4030060B8030060CE
:1025D000BC0300607C5B0460945304600A4204D036
:1025E000401CC0B2FF28CCD3FF2070BDF0B5002145
:1025F0000020FF4AFD4B012403F6381716780FE040
:10260000C0EBC0029A5C07EBD20502F007022D78FE
:1026100004FA02F2154201D0491CC9B2401CC0B2F2
:10262000B042EDD3F348C170F0BD10B5EF49C0EB37
:10263000C000085C01F6381101EBD00100F007037F
:102640000A780120984002430A70FFF7CFFFBDE8E7
:102650001040FFF758BC30B50022E54BE34C1B7827
:1026600009E0C2EBC205655D854202D10A70012016
:1026700030BD521CD2B29A42F3D3002030BD70B5A7
:10268000049DDC4E747F132C10D2641CE4B274776A
:1026900004EB840606EBC404D74E3055A01940F86D
:1026A000011F4260037245720021418170BD2DE916
:1026B000FF5F04460E980D46914600210191002CC3
:1026C0000CD0DFF830B309EB0312521CD2B2DFF8A2
:1026D0001C834FF0010A9BF800701BE0002004B03F
:1026E000BDE8F09FC1EBC10318F80360A6420FD10B
:1026F0004344D3F80160AE420AD15E7906F00F067A
:10270000761E4E4504D05A7100B198718BF804A022
:10271000491CC9B2B942E5D34FF0FF0CB7490126B5
:102720000B7904F007018E40B549A34201EBD401B7
:102730001BD108783043087000222B4621461046F2
:10274000F3F7C6F9AD484B4681790091017842789C
:1027500001EB02218278C078120402EB0060014490
:102760002A462046FFF78BFFC0E0A54B203B03EB3A
:10277000D40393F800E0CDF80CE01EEA060F48D031
:10278000002343E0C3EBC30C18F80CC0A4453BD1B5
:10279000C3EBC30B0BEB0807D7F801C0AC452CD03B
:1027A000964B93F8273013B10B7833430B7015B168
:1027B000BCF1000F22D0002D1FD0BCF1000F1CD0A7
:1027C0002B46624621460120F3F782F98C4918F81E
:1027D0000B00203101EBD00100F0070009780AFA64
:1027E00000FA11EA0A0F08D009200090D7F801106A
:1027F0004B462A462046FFF742FF77E0C7F80150D4
:102800007A71E0B3B87171E05B1CDBB2BB42B9D343
:102810006CE04FF0000911E0C9EBC90BC344DBF8D1
:1028200001B0AB4506D12DB1C9EBC90C08F80C407D
:10283000CC4605E009F1010909F0FF09B945EBD3E0
:10284000BCF1FF0F37D0CCEBCC07DFF8B49118F810
:1028500007C0A9F1200909EBDC09CDF8089099F827
:1028600000B00CF0070E0AFA0EF9CE462BEA090B5F
:10287000DDF8089089F800B0DFF8849100E035E0D9
:1028800009EBDC0C9CF800B02BEA0E0B8CF800B0C6
:1028900093F800C04CEA060C83F800C00B78B343F1
:1028A0000B7008F8074007EB0801C1F801504A71A6
:1028B000C8B1887117E0DDF80CC04CEA060C83F84B
:1028C00000C00B78B3430B70C7EBC701494B08F846
:1028D00001404144C1F801504A7100B188717F1C28
:1028E0001F7001200190434880F804A04449002053
:1028F00040310855A1F25E214FF4167021F8140002
:1029000001F23E2000EBD400007830420FD169463E
:102910002046FFF7A0FE012809D19DF80000C0EB7A
:10292000C00141448979DC2901D2FFF77EFE01987C
:10293000D5E63449344A00280978127807D00128AE
:102940001BD002281BD0032800D1084670472B4813
:1029500090F82A30072B09D090F82810072907D0C3
:1029600090F82900072805D00620704708467047D0
:10297000104670472548007870471046704706207B
:10298000704710B5002000211A4A1C4B22321C1837
:1029900094F82840072C02D15054491CC9B2401C5D
:1029A000C0B20328F3D31348817210BD38B5044672
:1029B0001248204490F82810072908D0072180F8F1
:1029C000281004F11D000FF038FFFFF7DAFF64B99B
:1029D000694609200FF022FF0B489DF8002001787E
:1029E0008A4202D009200FF028FF11E07A310460FA
:1029F000E8020060F0020060C9430460B24C046069
:102A0000923A04606603006064030060650300603E
:102A1000012C0CD1694652200FF000FFF9489DF8B7
:102A2000002001788A4202D052200FF006FF022CCB
:102A30000CD1694653200FF0F1FEF3489DF80020B9
:102A400001788A4202D053200FF0F7FE38BD2DE9FD
:102A5000F74F82B004460D46AC4269D8214628465D
:102A6000049AFFF7C4FC002862D00122611902EB2E
:102A70005108DDF810904908DFF890B309F1010919
:102A80000191012815D0E2490126A1F1200202EBB3
:102A9000D40A04F00702964001EBD407022828D09C
:102AA000032855D0049A05B029462046BDE8F04FCA
:102AB000CDE70498FFF77AFF09F0FF00FFF739FF31
:102AC000034600200090DBF801109BF80000049AF8
:102AD000FFF7EDFDAC422BD02046049A0199FFF799
:102AE000B6FF049A05B008F0FF002946BDE8F04F94
:102AF000ADE70498FFF75AFFAC421CD13878304359
:102B000038709AF80000304212D0C24890F827007E
:102B100000280DD1BD4AC049483A127806E0C0EB02
:102B2000C003CB5CA34203D0401CC0B29042F6D39A
:102B300005B0BDE8F08F2046049A0199FFF787FFA2
:102B4000049A05B008F0FF002946BDE8F04F7EE783
:102B50000498FFF72BFFAC421AD138783043387015
:102B60009AF800003042E3D0AA4890F827000028E5
:102B7000DED1A64AA849483A127806E0C0EBC00365
:102B8000CB5CA342D4D0401CC0B29042F6D3CFE776
:102B900009F0FF00FFF7CDFE034600200090DBF8B0
:102BA00001109BF80000049AFFF781FD2046049A6B
:102BB0000199FFF74CFF049A05B008F0FF00294681
:102BC000BDE8F04F43E730B40022944C924B247898
:102BD00011E0C2EBC2055D5D8D420AD1C2EBC201BC
:102BE000194449790A0902D030BC0809704730BC41
:102BF0009FE6521CD2B2A242EBD330BC99E6884A7F
:102C00001154884A0121115470470246FE210120C7
:102C10001DE710B57E48202120381CF0C4FB202180
:102C20007B481CF0C0FB7A48202120301CF0BBFB05
:102C300040F2F96178481CF0B6FB7448002448382B
:102C4000C4700470FE2178481CF0ADFBFE2177486B
:102C50001CF0A9FB7648047076480470FE21764883
:102C60001CF0A1FB6D480470744804707448047033
:102C700010BD66490020483948774FF48271714889
:102C80001CF091BB2DE9F8436048002548380570D9
:102C9000012141720584FDF7E7FCFFF7BAFF00242C
:102CA000694E1E2706F58078A6F57F69355528F808
:102CB000147009EB041010211CF075FB641CE4B2C5
:102CC000FF2CF3D3614805704FF4606421466048DF
:102CD0001CF069FB5F48057021465F481CF063FBF0
:102CE000FFF711F9FFF7C5FF00231A4619461846EA
:102CF0000095FDF71BFD41F2CC0158481CF053FB39
:102D000057480570BDE8F8834349C0EBC000085C34
:102D100001F6381101EBD00100F007030A78012019
:102D2000984082430A7061E470B505460C46394804
:102D3000047139480470214606200FF07EFD3448A6
:102D400005F00706203800EBD50101250B7805FAC0
:102D500006F293430B7000EBD40004F007030178F4
:102D600005FA03F21143017070BD10B500212B4B21
:102D7000294A1B780DE0C1EBC104145D844206D1E1
:102D8000C1EBC1001044407900F00F0010BD491C98
:102D9000C9B29942EFD300201E490A1892F82820A0
:102DA000072A05D0401CC0B20328F6D3002010BD6E
:102DB000401CC0B210BD10B5A0F51C52103A40F234
:102DC000BF541723A2420BD2B2FBF3F003FB102037
:102DD00008B1002010BDB2FBF3F00870012010BD57
:102DE000A0F53050D038A0423CD2B0FBF3F203FB48
:102DF00012020AB1002010BDB0FBF3F008700220EF
:102E000010BD0000650300606603006038030060C9
:102E1000923A0460B24C04607A310460E8020060C7
:102E2000CC030060CF0300603C0504603A060460F8
:102E3000EE020060EF0200603E040460EC020060FD
:102E4000ED020060C94304607C2E04606B020060E8
:102E5000888D03606A020060887F0360889B03603E
:102E60006C020060002010BDF0B501231080CB295A
:102E700026D0A0F16404C4EBC40542F6D04705EBAC
:102E8000041542F210765F2977D02546C5EBC50CB4
:102E90000CEB0515BC466544ADB22B296ED02E292E
:102EA0006DD0A0F16C052C296AD064266C271C29F2
:102EB00067D0142975D0152974D0162973D0D7E09E
:102EC000B4286CD032DC1C2869D016DC102866D0FF
:102ED0000CDC082863D004DC032861D004285FD10F
:102EE0005DE00B285CD00C285AD158E0132857D04D
:102EF000142854D0182853D151E03C284FD00CDC72
:102F000028284CD004DC202849D0242848D146E089
:102F10002C2844D0382843D141E03F2840D04028D5
:102F20003ED043283CD055283AD138E0D92836D075
:102F300018DCC82833D00CDCBE2830D004DCB7281D
:102F40002DD0BA282CD12AE0C22828D0C52827D1D4
:102F500025E0CB2823D0CE2821D0D2281FD0D628B8
:102F60001ED11CE0ED281AD011DCE22817D009DCB4
:102F7000DC2814D0DF287BD111E015E024E028E024
:102F80002CE04AE0E6280AD0EA2871D107E0F028D0
:102F900005D0F32803D0F62801D0FA2868D182237F
:102FA00066E04BE056E05FE06838142806D2C0EBDC
:102FB000C00101EB0010384410809723022C57D237
:102FC000A8191080972353E0162C51D2158097230F
:102FD0004EE00C2C4CD21580972349E0A0F17401EF
:102FE000082906D2C1EBC10303EB0111394411805A
:102FF0009723062D06D2C5EBC50101EB051131441F
:1030000011809723082C33D25E38C0EBC00101EB4E
:1030100000103044108097232AE0082C02D216803A
:10302000082325E0042D02D21780042320E0BE38B7
:103030000A281DD2BE2010800A2319E00D2C02D2CE
:1030400016800D2314E07638102811D276201080D7
:1030500090230DE0082C02D21680082308E0082DEA
:1030600006D21780082303E0202C01D216802023EB
:103070001846F0BD10B50021F74BF64A1B780BE05F
:10308000C1EBC104145D844204D1C1EBC100104402
:10309000807910BD491CC9B29942F1D3002010BDFE
:1030A0002DE9F04F8BB081460E46EC48407A01285E
:1030B0007ED00025C9EBC900E649099008440A9072
:1030C000E7490998AB4601EB800456B3217D8DF8A2
:1030D0001810B4F8150000F07F028DF81920050AC9
:1030E000B4F81700020A8DF81A208DF81B00084664
:1030F000FFF73BFE07469DF818103846FFF763FDC3
:103100008046002F54D07F1EFFB2D648384490F836
:10311000280007284CD1FFB1012F21D0022F23D046
:1031200025E00A98CB498079DC2841D80998085CC9
:103130008DF8180003218DF819108DF81AB00721A9
:103140008DF81B10FFF711FE07469DF81810384642
:10315000FFF739FD8046D4E7C3480068059006E0D4
:10316000C2480068059002E0C1480068059032211D
:103170000598EAF7E2F800281AD000208DF81C0024
:103180004FF0010BE6B1207DFFF774FF0146B4F864
:10319000170004AAFFF768FE05B1822000F07F0146
:1031A0008DF81D10BDF810100A0A8DF81A2000E0E5
:1031B00013E38DF81B10000605D54FF0010A04E05B
:1031C0008DF81DB001E04FF0000A062106A802F0BC
:1031D0002EF9010A8DF81E108DF81F004146384661
:1031E000FFF70DFD384602F096F93A46082106A889
:1031F00002F035F99DF81900052101284ED002286A
:103200004CD09DF81D0001EB400000F0FF083A464D
:103210004146002006F0ECFD012F45D0EEB39DF8AD
:10322000180004A9FFF717FA0A2101284ED09DF8CB
:103230001D0000EB800001EB4000C0B2394606F0F3
:103240001FFE00287AD0A8F10200C1B2894802F01E
:10325000EEF8884A02EB080111F8023CB3EB102F9C
:103260006DD111F8011CC0B290468842F8D1EEB37E
:103270009DF8180004A9FFF7EEF99DF81000C0EBC7
:10328000C0017448084480792B287DD02C287BD03D
:103290005F2879D02E2877D089E00EE09DF81D00B8
:1032A000C01D01EBD008B2E79DF81D00322100EBF4
:1032B000800001EB4000C0B2C0E79DF81D0000EBAC
:1032C0008001282000EB4100C0B2B7E79DF8100054
:1032D000C0EBC0025F48104480795D280BD00928FC
:1032E00009D09DF81D0000EB800000E00CE001EB30
:1032F0004000C0B2A2E79DF81D0000EB800128202D
:1033000000EB4100C0B299E798F80400DC2845D2F0
:103310000A99504C88712B2805D02C2803D05F289F
:1033200001D02E2807D100231A4619461846CDF899
:1033300000B0FDF7FBF900204F4909E0F9E1F0E1A9
:1033400000EB400201EB8202D27A1AB1401CC0B2FB
:103350004845F5D9099849499DF81820205C02F0A4
:10336000070201EBD0010BFA02F20978114210D1E9
:1033700004A9FFF770F901280BD19DF81000C0EBEC
:10338000C0012144897900E009E0DC2901D2FFF77E
:103390004CF90A9881794846FDF797FA99E100239C
:1033A0001A4619461846CDF800B0FDF7BFF9BAF134
:1033B000000F01D000262AE1002685E009EB060077
:1033C000C0EBC001264800EB8100089080F80BB0EC
:1033D000207DFFF74FFE014608980173B4F81500F1
:1033E00000F07F0101291DD002291BD0B4F817106D
:1033F000FF2954D998F8043098F803C0C0F3C012DC
:10340000CDE9012503EB0C230A0A009362F35F1058
:10341000C0B2CBB2CA0A94F814C001466046F6F7AF
:10342000E9FC4FE0B4F81710FF2929D9C0F3C01206
:1034300098F80330CDE901250A0A009362F35F1082
:10344000C0B2CBB2CA0A94F814C001466046F6F77F
:10345000D1FC37E07A310460E8020060F0020060DD
:10346000888D0360B24C0460B4030060BC0300604C
:10347000B80300609453046038070460B23A0460F3
:10348000C0F3C01298F80330CDE901250093CBB208
:1034900000F01F01207D0022F6F7ACFC12E008EBE3
:1034A0004602C0F3C01392F804C0D27831440CEB4A
:1034B00002228DE82C00CBB200F01F01207D0022FB
:1034C000F6F798FC761CF6B29DF81D00B0423FF668
:1034D00075AFA2E0207DFFF7CDFDCB2830D0207D59
:1034E000FFF7C8FD2C284ED02B284CD05F284AD09F
:1034F0002E2848D0B4F81700FF285FD908EB8601C2
:1035000094F815E08B7991F803C0CEF3C01203EB69
:103510000C6391F804C049794FEA0C4C0CEB012183
:1035200019448DE8260000EB4601CBB2010A61F395
:103530005F1EC20A0EF0FF01207DF6F75BFC5BE028
:1035400098F8041098F8033098F805C001EB0321AF
:103550004FF47A73594398F80630607D03EB0C23DF
:103560004FF47A7C03FB0CF3C0F3C01201EB134160
:103570008DE82600B4F81710CBB2CA0AC1B2207D7C
:10358000F6F738FC38E098F8222098F82330607D70
:1035900002EB036298F8243098F821C0C0F3C01100
:1035A000CDE901151B0403EB0C231A440092C1B2B0
:1035B000E37D207D0022F6F71DFC1DE008EB86016F
:1035C00094F815E08B7991F803C0CEF3C01203EBA9
:1035D0000C6391F804C049794FEA0C4C0CEB0121C3
:1035E00019448DE8260000EB4600C3B20EF01F011F
:1035F000207D0022F6F7FEFB09EB0600C0EBC001C0
:10360000FC4800EB810080F80BB0761CF6B29DF808
:103610001D00B6EB500FFFF45DAFBAF1000F0CD0F8
:10362000207DFFF727FD2C2826D02B2824D05F28CB
:1036300022D02E2820D000253EE0002510E008EB07
:103640004500ED4B0179C07801EB002082B2B4F85F
:103650001700284481B2207DFDF7FAFB6D1CEDB206
:103660009DF81D00A842EAD8E4499DF81D208878FD
:10367000401E104488702CE0B4F81710207DDE4BFB
:103680000022FDF7E5FB24E008EB8500DA4B8179A9
:10369000C27801EB026102794079120402EB00204A
:1036A000084482B2B4F8170000EB450081B2207DD7
:1036B000FDF7CEFB6D1CEDB29DF81D00B5EB500F74
:1036C000E2D3CE499DF81D20887800EB5200401EC1
:1036D00088709DF81800CA4A00211154A2F25E2297
:1036E0004FF4167122F8101002F23E2101EBD001C6
:1036F00000F0070209780BFA02FB11EA0B0F3DD12B
:1037000004A9FEF7A8FF012838D19DF81000BD4993
:10371000C0EBC00211448979DC292FD2FEF785FF66
:103720002CE0B649363131F81700401C21F817005B
:1037300024E0B2483C3030F81710491C20F817102C
:103740009DF81800AE4A115C491C1154012E15D188
:10375000BAF1000F1ED0207DFFF78CFC2C2821D061
:103760002B281FD05F281DD02E281BD0A3489DF8E2
:103770001D10827802EB5101491E81709DF81800DE
:103780009F49095C0A291DD304A9FEF764FF01289B
:103790000DD017E099489DF81D208178491E1144ED
:1037A0008170EBE79548817816318170E6E79DF8E6
:1037B00010009449C0EBC00211448979DC2901D280
:1037C000FFF7A2FA38460FF098F83A460021012098
:1037D00006F00EFB0598E9F7DAFC0BB0BDE8F08FB8
:1037E0002DE9F0438DB00446149D0F4691461E46C8
:1037F0003846FFF73FFC4FF0010850B1804807F012
:103800000701203800EBD70008FA01F100780842E0
:1038100043D000207C4A00EBC00101EB410102EBE8
:10382000810191F8691019B1401CC0B21428F2D37B
:10383000142832D0322D30D200EBC00000EB400013
:1038400002F8204002EB80046770A4F8029084F82C
:103850006850012D02D0002069460EE03088A0801B
:1038600016E036F81020120A01F8102001EB400390
:1038700016F810205A70401CC0B2B0EB550FF0D3B0
:10388000680884F86800201D2A4669461BF072FD0E
:1038900084F86980002084F86A000DB0BDE8F083E8
:1038A0002DE9F04F9DB00546002D02D15748D0F8C4
:1038B0000080012D02D0022D04D006E05448D0F83B
:1038C000008002E05348D0F800800020DFF83891F3
:1038D000002700EBC00101EB410109EB810191F8E8
:1038E0006920012A12D191F86A20032A0BD200EB39
:1038F000C00202EB420209EB820292F86A20521CDB
:1039000081F86A2006E001F8697F4F70401CC0B260
:103910001428DED314287FD200EBC00000EB400651
:1039200009EB86046078FFF7A5FB4FF0010A58B158
:1039300033496078203901EBD00100F007000978A5
:103940000AFA00F0014267D032214046E9F7F5FC5F
:10395000002861D061788DF810102846FFF733F900
:1039600001462846FFF74BF9284601F0D4FD608850
:10397000010A8DF812108DF8130094F86820012ABE
:103980007AD919F826008DF811008DF814708DF889
:10399000152004AB0F2804D050008DF8160000202D
:1039A0004EE00021D01DC0088DF8160000201EE05A
:1039B00004EB400CBCF804C0BCF1000F02D04FF087
:1039C000010C01E04FF0000C00F0070B0CFA0BFCAF
:1039D0004CEA010C0CF0FF01401C5FEA407C1CD05B
:1039E000824203D103EBD00C8CF80710C0B28242A4
:1039F000DED827E0888D036094530460F0020060F5
:103A0000D23A04607A31046014150460B403006093
:103A1000BC030060B8030060F8E003EBD00C8CF846
:103A200006100021E2E704EB400103EB400C89881B
:103A30004FEA112B8CF807B08CF80810401CC0B26C
:103A40008242F0D89DF81600C01DC1B204A801F052
:103A5000EEFC9DF816300DF11701020A5A549DF83C
:103A6000162006A950549DF816102A46093104A8BC
:103A700001F0F5FC1AE0FFE719F826008DF81100B7
:103A8000052853D0A088010A8DF814108DF8150070
:103A9000062104A801F0CBFC010A8DF816108DF860
:103AA00017002A46082104A801F0D9FC2A4608215B
:103AB000002006F09DF92946642006F0E1F9DFF8C0
:103AC0002CB410F0FF0F73D084F8697094F868007C
:103AD0000321012837D0A088CDE901A700909DF8E7
:103AE00012009DF81330C20801EB4010C1B29DF8DE
:103AF0001000F6F77FF99DF810000BF80070FC4AF3
:103B00004FF4167122F8101002F23E2101EBD001A1
:103B100000F0070209780AFA02FA11EA0A0F54D1F2
:103B200003A9FEF798FD012835D04EE0A08828B102
:103B3000FF208DF814008DF81570A9E78DF814702A
:103B40008DF81570A4E719F82600052812D006286C
:103B5000D1D1A088CDE901A700909DF812009DF871
:103B60001330C20801EB4010C1B29DF81000F6F707
:103B700041F9C0E7A088CDE901A700909DF81200A7
:103B80009DF81330C2080AEB4010C1B29DF8100036
:103B9000F6F730F9AFE79DF80C00D649C0EBC0024C
:103BA00011448979DC2910D2FEF73FFD0DE0FFE7D3
:103BB000D14931F81500401C21F815009DF810007E
:103BC0001BF80010491C0BF800109DF810001BF8A2
:103BD00000100A290FD303A9FEF73DFD01280AD1E1
:103BE0009DF80C00C349C0EBC00211448979DC295F
:103BF00001D2FFF789F828460EF07FFE2A46002101
:103C0000012006F0F5F84046E9F7C1FA1DB0E5E5F8
:103C10002DE9FE438146B74DC9EBC90041198979A9
:103C2000DC297CD8285C8DF8040003218DF8051070
:103C300002218DF80610CA218DF807104FF00008F8
:103C40008DF8088009218DF80910FFF78EF80446D9
:103C50009DF804102046FEF7B6FF0646002C5ED005
:103C6000641EE4B2A548204490F82800072856D1E5
:103C7000062101A801F0DBFB010A8DF80A108DF87E
:103C80000B0031462046FEF7BAFF204601F043FC08
:103C90002246082101A801F0E2FB2246172100205C
:103CA00006F0A6F82146642006F0EAF88F4F061EBB
:103CB0004ED01521924801F0BAFB91494A7DB2EBF2
:103CC000102F3DD18A7DC0B2904239D10879CA788F
:103CD00000EB02228B48562A00EB091020D010215D
:103CE0001BF061FB8848012100F809109DF80400D1
:103CF00007F800807E4B4FF4167223F8102003F271
:103D00003E2202EBD00200F00703127899400A42EB
:103D100029D16946FEF79FFC012806D023E042E046
:103D20001022491D1BF026FBDCE79DF80000C0EBCC
:103D3000C00129448979DC2915D2FEF776FC12E00E
:103D40006D48801F30F81410491C20F814100AE048
:103D5000694830F81410491C20F814109DF804002C
:103D6000395C491C39549DF80400395C0A290ED38A
:103D70006946FEF770FC012809D19DF80000C0EBF0
:103D8000C00129448979DC2901D2FEF7BDFF314603
:103D90005B481BF008FB20460EF0AFFD22460021D9
:103DA000012006F025F8BDE8FE8370B5574801787C
:103DB000002931D0504C491E3C3C207B884202DA1D
:103DC000401C207301E000202073207B494BC0EB96
:103DD000C00103F638155A5C05EBD20502F0070660
:103DE0002D780122B24015420AD04749095C21B121
:103DF000BDE870400021FFF753B9BDE8704007E708
:103E000019448979DC2901D9FEF70FFC207BBDE834
:103E100070400021FFF744B970BD37493C39487AFA
:103E2000012808D1088C401C80B208840A2802D9D5
:103E300000204872088470472DE9F0410020334982
:103E40002B4D2C4C0B7865E0C0EBC001625C35F962
:103E500012104E1E25F81260002959DAC0EBC00678
:103E6000224AA15D603A02EBD10701F0070897F8FA
:103E700000C0012202FA08F22CEA020C87F800C006
:103E80001A4F403F07EBD1010F7897430F7014E0B2
:103E9000411C0F46C1EBC102C0EBC00114F802C0C7
:103EA00004F801C010192144D0F80120C1F8012004
:103EB00042794A7180798871F8B29842E8D3002734
:103EC000401CC0EBC00027542044C0F8017047716B
:103ED000877109493C39087808B1401E0870FEF71F
:103EE0005BF9A05D25F81070BDE8F081D23A04605E
:103EF000743804607A3104602C030060B24C0460B2
:103F0000945304608C1E04607C2E0460E802006000
:103F1000401CC0B2984297D3E6E71CB500208DF84C
:103F2000000003218DF801108DF8020015218DF895
:103F300003108DF8040001208DF805000621684665
:103F400001F075FA010A8DF806108DF807000120BE
:103F500001F0E1FA01220821684601F080FA01220D
:103F60000721002005F044FF0121052005F088FF0E
:103F7000002813D00521FE4801F059FAFC494A797E
:103F8000B2EB102F0BD18A79C0B2904207D10879D9
:103F9000C97800EB0120F749A1F857001CBDF6488D
:103FA0004188491C41801CBD0EB5FF208DF80000E2
:103FB00003208DF8010004208DF8020000208DF808
:103FC0000300EC4909798DF804108DF805002320D1
:103FD0008DF806000721684601F029FA010A8DF8DC
:103FE00007108DF80800012001F095FA012209213F
:103FF000684601F034FA0EBD1CB500248DF800406F
:1040000006208DF801008DF8024022208DF8030073
:104010008DF8044001208DF805000621684601F066
:1040200006FA010A8DF806108DF80700012001F04C
:1040300072FA01220821684601F011FACE4836389A
:10404000C4721CBD08B50024CB4E0F20363E7073E1
:104050000025B573F573FEF794FC4FF0010886F860
:1040600009803584DFF814A38AF83E80FF21C44814
:104070001BF099F935733574FFF7BEFFC0484FF454
:10408000FF61FF301BF08FF9DFF8F8B206F122096B
:10409000BD49022008700020F2F7BFF8EBF77CFF63
:1040A000ECF737F8FFF7B9FE707B64280FD3B27ACC
:1040B0005AB1B17B19F80100521E914202DA491C33
:1040C000B17300E0B573FEF7A0FD757384E0307C3A
:1040D00001280DD1F07A0A2809D2401CF072C007DD
:1040E00002D0FFF71AFF03E0FFF75EFF00E0357430
:1040F000FFF7A2FE6420E8F7F0F9707B401C7073B4
:10410000BAF80400401CAAF80400322C02D2641C45
:10411000E4B200E0002454B1B17A39B3F07B19F86D
:104120000070491E884205DA401CF07303E0FFF777
:104130003CFE51E0F573012F03D14FF4C870E8F74E
:10414000CCF93846FFF7ACFB9048017829B1B0783C
:1041500088420CD2401CB0700AE0FFF726FE41F204
:104160008830E8F7BAF9707B3230707334E0B5709C
:10417000B0786946C0EBC0000BEB8000007DFEF715
:104180006AFAB0787E4AC0EBC0010BEB8103203A9B
:10419000197D02EBD10201F0070C177808FA0CF236
:1041A0009446174210D19DF80020794FC2EBC2020D
:1041B0003A449279DC2A07D207F6F80202EBD102E0
:1041C000127812EA0C0F04D1A1B12146FEF768FF64
:1041D00002E0DD72FFF7E9FD307901287FF458AF86
:1041E000FDF7DAFF6B4880F800806B4880F812809A
:1041F00035714DE7FFF7D9FDEEE75F4A0023363A08
:10420000507C002809D0917E481CC0B290760529C8
:1042100002D2401C907600E05374907C002807D0B6
:10422000117D481CC0B21075052902D2401C1075C2
:104230007047937470471CB54E4CB4F84900F0F7C2
:10424000D3FD4FF0000884F84D804C4C4FF0010A2C
:1042500084F83FA0EDF7FAF80127DFF81C91A9F1E7
:104260003609A9F81E804FF0020B4FF4FA70E8F7F8
:1042700034F94248C188491CC18043490320087071
:1042800099F80500401CC0B289F80500B42804D391
:10429000384880F84DA089F80580B9F81E004028FC
:1042A00002D94020A9F81E00B9F81E00B0FBF7F1B2
:1042B00007FB110008B10026C1E0322F01D27806B9
:1042C000070E99F81B0001282ED199F81C00411CFB
:1042D00089F81C10022823D2052089F8130089F8D8
:1042E00011A089F81A8099F80800411C89F8081073
:1042F000C0070DD04FF0FF342046F0F703FE2046F4
:10430000F0F7FCFD0222D01E014616F030FC0BE057
:10431000224C2068F0F7F6FD2068F0F7EFFDF1E79A
:1043200089F81C8089F81B80A9F81E80F6E02B21F3
:1043300006FB01F01A494418A07C01287DD1A07A1F
:1043400001287AD189F8168089F811A089F81A8095
:10435000094920680C31FAF764FC052089F813003C
:10436000CDE9008B55230122206880211AE000004E
:1043700094530460B24C04602603006088560460C5
:10438000D23A0460888D0360DF0300606B02006036
:104390007A310460D6030060A4B503604401006074
:1043A000889B036016F0E7FF89F8180089F81780EA
:1043B000607D401C6075002504E0E4F7C2FC6420C9
:1043C000E8F78BF899F8160020B928466D1CEDB275
:1043D0001E28F2D399F8160001281ED184F80AB0DD
:1043E0000020FD49DFF8F4C30B780FE000EBC001BB
:1043F00001EB4101614425680A69AA4204D199F898
:1044000017200AB18A70CA70401CC0B29842EDD31E
:1044100099F8170008B120716072607D0A2803D9ED
:1044200084F80AB084F815804FF47A70E8F755F8EC
:10443000B9F81E00401CA9F81E00761CF6B2E84828
:1044400000788642FFF473AFE3480178F1B30026A9
:1044500060E006EBC600E14900EB40004418A27E94
:10446000052A03D984F81A8084F80B8089F815800E
:1044700084F81980CDF800B0095C6078E37800F02A
:10448000E00201EBC201A27800F01F00F7F7F4FE92
:1044900005466420E8F721F8002D2DDB6576002520
:1044A00004E0E4F74EFC3220E8F717F899F815001D
:1044B00020B928466D1CEDB21E28F2D399F81500DC
:1044C000012804D0A07E401CA07618E026E084F8E5
:1044D0001A8084F80BA0E178A078022301AAFAF7E9
:1044E000F7FB401C0BD09DF8042005212B204243F4
:1044F000BC481044C17402E0A07E401CA0764FF47A
:10450000FA70E7F7EAFFB9F81E00401CA9F81E0090
:10451000761CF6B2B048007886429AD3B9F81E00ED
:10452000401CA9F81E00A0E62DE9F04781460E4682
:104530000024AD4F4FF0FF3804EB840000EB441033
:10454000C5190422494628461AF073FF58B9E8886D
:10455000B04208D1687E20B1072802D060B2BDE821
:10456000F0874046FBE70422494628461AF061FFDF
:1045700020B9A888B04201D160B2F0E7641CE4B26F
:104580000A2CD9D34046EAE700EB800202EB401048
:10459000954A10440222427640F6CA7242828282D2
:1045A0000A8802804988418070472DE9F04F8BB01E
:1045B00000EBC00000EB40018C480D1895F802A0FC
:1045C0002E7D687D00F07F04B5F81790DFF820821B
:1045D00098F8100098F80F1040EA0120010241EA13
:1045E0001020ADF8280098F811004AEA00200102D6
:1045F00041EA1020ADF82A007E4FB8F82100E9F713
:10460000BAFA01460AA8FFF78FFFB871401C0BD118
:10461000B8F82100E9F7AFFA01460AA8E9F767FB05
:1046200097F90600401CE8D097F906006E4A00EBA7
:10463000800101EB40111144EB464DF82010487EFB
:1046400058B9B8F82100E9F796FA01460AA8E9F73F
:104650004EFB97F906104BF8210097F906105BF80E
:104660002100C8B3F87901237F2802D2401CF871D9
:1046700000E0FB71604A01EB810102F821A002EB2E
:104680008101F879487000228A70CA700A71062781
:104690004F7106B9FF268E71CC71032C05D0012C09
:1046A00003D0022C01D0042C11D14FEA19260E722E
:1046B00081F809908A72B5F81520120A042C00D1ED
:1046C00001224E4D0C2442B10222CA722C704C4978
:1046D0000B700BB0BDE8F08F02E0CB722C70F6E7E8
:1046E0000020F6E7F0B58DB0DDE912650024454FF6
:1046F00004EB440C07EB8C0C9CF80AC0BCF1000FD7
:1047000003D0641CE4B2142CF2D34FF0FF3C142C01
:1047100004D0022D04D960460DB0F0BD6046FBE721
:1047200004EB440407F8240007EB84046170A270D2
:10473000A4F803306572012D02D0002168460FE015
:104740003088A4F8050012E016F8112000F81120B6
:1047500036F8112000EB4103120A5A70491CC9B205
:10476000A942F1D36A00601D69461AF003FE657222
:104770000120A0720020E072CEE72DE9F04F8BB04F
:104780000025DFF86C801B4FDFF878A0E946AB46C8
:1047900005EB45060AEB8604A07A012879D1E07A78
:1047A000032831D2401CE07298F8100098F80F10DE
:1047B00040EA0120010241EA1020ADF828001AF871
:1047C000260098F8111040EA0120010241EA102069
:1047D000ADF82A0022E0000068020060C87803609B
:1047E0006C020060889B0360FA190160287C0360FA
:1047F000B24C0460F0020060E2A40160230100609A
:104800005E010060841D046005EB45000AEB80003A
:1048100080F80AB084F80BB000205AE7B8F82100FD
:10482000E9F7A9F901460AA8FFF77EFEB871401C16
:104830000BD1B8F82100E9F79EF901460AA8E9F77B
:1048400056FA97F90600401CE8D097F90600F84A96
:1048500000EB800101EB4011114449F82010487E23
:1048600058B9B8F82100E9F786F901460AA8E9F72E
:104870003EFA97F9061049F8210097F906203946C3
:1048800059F8220080B3C8797F2803D2401CC87130
:1048900002E06EE00120C8711AF82630E54E02EB06
:1048A000820006F8203006EB8000CA79427080F85A
:1048B00002B080F803B080F804B006224271A278FA
:1048C0000AB9FF22A270A27882716278C271B4F82C
:1048D00003301E0A06724372637A012B15D1062A31
:1048E00003D0052A07D00DE02FE0B4F80520160A02
:1048F0008672C27206E0B4F805204AB1FF228272C5
:1049000080F80BB0CC4A0C261670022B05D019E0AB
:1049100080F80AB080F80BB0F4E70B22427180F8FF
:104920000AB00222C27204220273B4F80520427354
:10493000120A8273B4F80720C273120A0274BE48C6
:1049400011220270BD4A0120107081F819B00026B2
:104950000F4602E03220E9F787F8787E20B930462A
:10496000761CF6B21428F5D3787E012801D184F89C
:104970000AB06D1CEDB2142DFFF40AAFF879A8E669
:10498000AF484FF0010A80F840A0AE4FFF21B97147
:10499000AA494FF0000881F80080DFF8ACB2DFF8D8
:1049A000AC92A7480189491C018199F8000080B3A5
:1049B000FFF7E3FE002632E006EBC60000EB400006
:1049C00000EB0B04A07E0A2803D984F81A8084F82F
:1049D0000B8087F819803046FFF7E7FDC0B260769C
:1049E000C0B1002502E03220E9F73EF8787E20B918
:1049F00028466D1CEDB21428F5D3787E012803D02B
:104A0000A07E401CA07608E084F81A8084F80BA0F1
:104A100003E00CE0A07E401CA076761CF6B299F86C
:104A200000008642C8D33220E7F757FDB9E741F2CC
:104A30008830E7F752FDB4E72DE9FF4F81B0044617
:104A4000884616464FF0000960784FF4FA73032841
:104A500010D004280ED001280CD002280AD0062835
:104A60001AD0102818D0052816D00F2814D0FF28E7
:104A70002FD044E00521012809D0022807D062790F
:104A800001EB42050A2101EB45018FB237E0627963
:104A9000D21D01EBD205F5E70825062802D1617980
:104AA0003F2903D0E178102902D004E01F4626E018
:104AB00062797F2A0AD0A27801EB022142F21072B9
:104AC000914201D34FF00109642718E04FF47A773F
:104AD00015E0617A642910D2627B217B02F0010229
:104AE00001EB0221E27AA57A521B521C4A43103292
:104AF00095B205F132018FB201E010256427192823
:104B00000AD02178FF2911D00020FEF75CF8014679
:104B10003046FEF774F820E04D4806784D4801789D
:104B20003046FEF76CF809251F4616E026B1012E27
:104B300008D0022E0CD010E0474801783046FEF72E
:104B40005EF80AE0454801783046FEF758F804E080
:104B5000434801783046FEF752F8304600F0DBFC5F
:104B60006078DFF800A1FF280AEB080B5FD042460F
:104B7000214650461AF0FEFB08F0FF01504600F0B7
:104B800056FC010A0AF808108BF8010008F1020827
:104B90001FFA88F13246504600F061FC3246294641
:104BA000002005F025F960784FF00008192867D03B
:104BB0004FF6FF7000EA4700314605F061F9DFF873
:104BC000A8B0071E74D0B81EC1B2284800F02FFC50
:104BD000014626483844801E4278007802EB0020C7
:104BE00088427DD104980168CAF800108088AAF82C
:104BF00004006078FF2874D0BA1E1C490AF1060030
:104C00001AF0B8FB2A1D174919481AF0B3FB1949C5
:104C1000281D824608802A1D124917481AF0AAFB4F
:104C20001648A0F800A0A07802287DD0D1E028E0A6
:104C3000FA190160E2A40160230100605E010060D6
:104C400088560460F0020060287C036069020060FE
:104C50005F03006060030060640300606503006040
:104C60006603006020130460D23A04609453046029
:104C7000B71F0160EE000060EAD004609A04006093
:104C800017E0A8F102022146FE481AF073FBA8F1D2
:104C90000200C1B2FB4800F0CAFB010A0BF8021C7B
:104CA0000BF8010C32464146F64800F0D8FB75E798
:104CB000D3E03146384605F0E3F8074605285BD9CE
:104CC000049950460A68CAF800208988AAF8041096
:104CD0003A46ED49801D1AF04DFBBA1DE94901E045
:104CE000B3E04AE0E9481AF045FBE949B81D04463B
:104CF0000880BA1DE349E7481AF03CFBE648048007
:104D0000F9B2E148FDF744FB012801D0032833D173
:104D1000E248CDF80080E24CD0F80110007823780A
:104D20003246FDF7C4FC00E03FE0DE48304490F836
:104D30002810072906D0072180F8281006F11D0049
:104D40000DF07BFD16B1022E07D00CE0D64821787D
:104D5000017009200DF071FD05E0D4482178017043
:104D600053200DF06AFDCD4C483C2079012803D139
:104D7000FDF712FA84F8048092E03A46C2490AF13B
:104D800006001AF0F7FAAA1DBE49C0481AF0F2FA56
:104D9000BF49A81D82460880AA1DBA49BD481AF01D
:104DA000E9FABD48A0F800A03DE7E078CB2810D193
:104DB000607910280DD120786946FDF74CFC40B190
:104DC000BB489DF80010102200EB0110E11D1AF005
:104DD000D1FAB9F1010F09D1E078A178E31D00EB18
:104DE000012081B220780022FCF732F8012E05D193
:104DF000B04880F80080B048A0F8008020780BF818
:104E000000802178AD4A4FF4167022F81100207806
:104E100002F23E2101EBD00100F0070209780120E7
:104E20009040014226D120786946FDF714FC012804
:104E300020D19DF80000A249C0EBC002114489793D
:104E4000DC2917D2FDF7F1FB14E09448123830F852
:104E50001610491C20F816100CE090490C3931F856
:104E60001600401C21F8160020781BF80010491C81
:104E70000BF8001020781BF800000A2810D32078C7
:104E80006946FDF7E8FB01280AD19DF800008C492E
:104E9000C0EBC00211448979DC2901D2FDF734FF4F
:104EA000394679481AF07FFA30460DF026FD05B0F4
:104EB0003246BDE8F04F0021012004F099BF2DE9F2
:104EC000F04106460D461446022C7DD87078032822
:104ED00013D0062819D0102817D0192874D10C2700
:104EE0004FF032083178FF291BD00020FDF76BFE10
:104EF00001462046FDF783FE2AE07079052101EB8B
:104F00004000C7B24FEA4708ECE70827062802D15D
:104F100070793F2802D04FF06408E3E74FF47A78C5
:104F2000E0E724B1012C08D0022C0CD010E05E4840
:104F300001782046FDF763FE0AE0624801782046CA
:104F4000FDF75DFE04E0594801782046FDF757FE65
:104F5000204600F0E0FA2A4631464A481AF00AFA9A
:104F6000E9B2484800F063FA4649020A4A55294422
:104F70004870AD1CA9B22246424800F070FA2246A1
:104F80003946002004F034FF2146404604F078FF03
:104F9000051E22D0A81EC1B23B4800F048FA0146C7
:104FA00039482844801E4278007802EB002088426D
:104FB0000BD13C4E2636307800F0ADFA32782946D7
:104FC000314800F04CFA0FE01CE03449123931F856
:104FD0001400401C21F8140006E030480C3830F86A
:104FE0001410491C20F81410294627481AF0DBF940
:104FF00020460DF082FC2246BDE8F0410021012050
:1050000004F0F6BEBDE8F0812DE9FC4706464FF4FA
:1050100007612D481AF0C7F9F0212C481AF0C3F99E
:105020001E4800242638847044700470A0F12205C4
:10503000AC726C70EC70EC72AC7000211C4A00F128
:105040000E0700F1140C00F11A08183ADFF88090EE
:10505000204802F10C0342F8214043F8214027F890
:1050600011402CF8114028F8114009F8014044542F
:10507000491CC9B20329EED3EC620021164B1E2253
:105080002CE000002013046094530460B71F0160FB
:10509000EE000060EAD004609A040060380300600B
:1050A00060030060B24C046064030060660300604B
:1050B0008C1E0460120200601C02006074380460E0
:1050C0007A3104606503006014150460841D046077
:1050D000CF030060CC0300607C2E046003F5807079
:1050E0004FF4167700F6F80C5C5420F811202CF8D9
:1050F0001170491CC9B2FF29F6D3FDF7BAFD45F876
:105100004F4FAC80AC718349FF2008708249087012
:105110008248047082480023CDE900604FF40062A9
:1051200080A18348E7F734F8BDE8FC87FEB50C465C
:10513000154600218DF8001003268DF80160A0F5BA
:1051400098507338020A8DF802208DF803008DF80C
:1051500004108DF805400621684600F068F9010A40
:105160008DF806108DF80700012000F0D4F9012217
:105170000821684600F073F9052000EB4401012284
:10518000002004F035FE0121642004F079FEE8B12E
:1051900006EB4400C1B2674800F049F9654901EBEC
:1051A0004402D378B3EB102F10D11279C0B29042E1
:1051B0000CD1002005E00A18D27805F8012B401C1C
:1051C000C0B2B0EB440FF6D30120FEBD0020FEBDFF
:1051D0001CB5044600208DF8000006218DF8011052
:1051E0008DF8020015208DF80300200A8DF80400C8
:1051F0008DF80540684600F01AF9010A8DF806108E
:105200008DF80700012000F086F901220821684688
:1052100000F025F901220821002004F0E9FD012118
:10522000052004F02DFE00280FD00621414800F093
:10523000FEF840498A79B2EB102F07D1C979C0B284
:10524000884203D13C48A0F857401CBD34480E307A
:105250004188491C41801CBD70B5314C374E143417
:10526000A4F13C056088E96A401A142802D8308805
:10527000142803D9FEF7C0FE002030806088E86261
:1052800070BD70B500202F492D4A00240B78A2F57F
:105290008075C3EB03114E000BE032F8101019B10A
:1052A000491E22F8101002E02C5422F81060401C15
:1052B000C0B29842F1D370BD70B50024184D224E93
:1052C000283D22E004EB840000EBC4003044B0F839
:1052D0000B20531CA0F80B30B2F5967F13D901EBCD
:1052E000810202EBC10131440D221AF043F8687FBC
:1052F00000EB800101EBC00030440D211AF053F89F
:10530000687F401E6877641CA4B2697F8C42D9D341
:1053100070BD00005F030060600300606203006016
:10532000180300605363616E5461736B00000000EA
:105330004540020894530460B24C04601C020060B3
:105340007C2F0460E8020060C9430460F8B5FE48A1
:1053500090F82300022801D006282ED10121C02078
:10536000E3F727FE4FF46040ADF8000010258DF8FC
:10537000035003248DF80240F44E69463046E3F7AB
:10538000F4FB4021ADF800108DF803508DF8024079
:10539000EF4C69462046E3F7E8FBE9023046E3F7C5
:1053A00053FC40212046E3F751FC61143046E3F7FB
:1053B0004BFCA9023046E3F749FCF8BD022818D897
:1053C000E149E44B002291F8231098B1012824D040
:1053D00002280ED11A871A71DF48032921D0042927
:1053E0001FD007291DD00C291BD00A291CD0C0F8BA
:1053F000AC217047A3F842201A7403290AD004296B
:1054000008D0072906D00C2904D0082902D0D34897
:1054100002607047D24802607047A3F844205A7473
:105420007047C0F8AC217047CE4802607047F0B5B5
:10543000FF23FF240022CC4E06F5807708E01546B6
:10544000521C455DD2B25D40EDB2735D63407C5D40
:10545000491EC9B2F3D244EA032080B2F0BD70B550
:105460000C46BC4E40F22775022A18D818D10146C6
:105470002246BE4819F07EFF348601222946BC48E8
:10548000E4F7B7FE0024358E04E0641CA4B20220C9
:10549000E7F723F8308E002801D0AC42F5D370BD79
:1054A000AAB1012AFBD101462246B24819F062FF97
:1054B000F48501222946B048E4F79BFE0024F08DD4
:1054C0004FF6FF7100EB800001EA40051DE0014648
:1054D0002246AA4819F04EFFB48501222946A84861
:1054E000E4F787FE0024B58D04E0641CA4B202201A
:1054F000E6F7F3FFB08D0028D1D0AC42F5D370BDF4
:10550000641CA4B20220E6F7E8FFF08D0028F6D074
:10551000AC42F5D370BD70B50446022C19D82046B4
:105520000DF0EBF90121974B874A012C12D03CB3C7
:10553000022C0ED192F82300874A032832D0042887
:1055400030D007282ED00C282CD00A282DD0C2F815
:10555000AC1170BD92F829000024022801D17D4DC4
:10556000AC7592F82320052A01D0062AF1D107282C
:1055700003D010B1C3F88C4170BDC3F88C1170BD5D
:1055800092F8230003280AD0042808D0072806D060
:105590000C2804D0082802D0C3F8881170BD7048C8
:1055A000016070BDC2F8AC1170BD6E48016070BD85
:1055B000012080F3138874480168744A01F4E061A3
:1055C00011430160BFF34F8FFEE7624C4C342088DB
:1055D000A188084481B2DB200DF02FF92088A18832
:1055E0000844C0F30721DC200DF027F9D4E90001BD
:1055F0000844C0F30741DD200DF01FF903CC084437
:10560000010EDE200DF019F955212720E5F73BF9B1
:105610005F490888401C0880C1B21820E5F733F9BB
:10562000FFF7C6FF2DE9F05F0446474F38787978D9
:10563000FA7800EB0120B978090401EB0261084413
:1056400016F01AFDD4F8B11088427BD104F1340170
:1056500014220D464F4819F0ECFE002648B184F89C
:105660004760142229464B4819F084FE4948EEF75A
:10567000BAFC97F8500094F8F010DFF81CA101254F
:1056800088420ED045480670454806704548066079
:105690008AF8EF5094F8F01087F85010CB200DF0F6
:1056A000CCF8B4F9AF0016F0E8FCDFF8A890B9F92F
:1056B0003A10884219D0B4F9AF0016F0DEFC00238E
:1056C0001A46B9F93A10EBF7C2FDB4F9AF0016F07B
:1056D000D4FCA9F83A00C0F307210C200DF0ADF876
:1056E00099F83A100D200DF0A8F894F8CE2099F80A
:1056F00009309A420AD000210846EBF7A8FD94F839
:10570000CE1089F8091019200DF097F897F8480085
:1057100094F8AE10DFF88080884208F1CF0807D1F6
:1057200005286AD11E2241461F4819F082FE50B159
:1057300094F8AE1087F8481005295ED807200DF0C0
:105740007CF833E0B7E358E0B24C04600018014045
:10575000001C0140580300600000234288012242DF
:10576000A0812242800121422F1B0408B848046016
:1057700000480040C446046000440040D044046037
:1057800000380140000022420CED00E00400FA0560
:10579000DE5B0460B478036036C00260E203006040
:1057A000E3030060000400604ABD016097F8480010
:1057B000022822D3052807D11E224146F84819F0B5
:1057C000D9FDF748ECF74DFF97F84800EBF761FE7D
:1057D000F4480670F4480670F4480660F448C1784E
:1057E000027841EA026142788078120442EA00209D
:1057F0000143B9F93A00EBF79AFD97F8471094F88E
:10580000AA00DFF8B083814212D087F84700012850
:1058100009D198F80000ECF716F9E7480670E74858
:105820000670EBF703FF97F847100A200DF005F814
:1058300094F8AB1098F80000814204D088F800106A
:1058400004200CF0FAFFB4F9AC0016F016FCDFF8F7
:105850007083B8F8001088420FD0B4F9AC0016F08D
:105860000CFC81B2A8F800101B200CF0E6FFB8F881
:105870000000010A1C200CF0E0FF202204F18A0144
:10588000D04819F077FD202204F14A01CE4819F0E2
:1058900071FD202204F16A01CC4819F06BFDDFF89C
:1058A0003083E068C8F87500208AA8F8790097F876
:1058B000281094F82600DFF81CB3814219D087F82D
:1058C0002800022800D010B90020FFF777FD97F8D4
:1058D0002800012801D0092804D18BF800500020AD
:1058E00014F0FAFFFDF74DF897F828101D200CF082
:1058F000A4FF97F8291094F82700814223D087F855
:105900002900022800D010B90120FFF757FD97F8B1
:105910002900072803D1FDF734F8AF480670FDF7DA
:1059200030F897F82300052801D0062806D197F80B
:105930002910AA48072912D0C0F88C6197F82910BD
:105940001E200CF07AFF97F82A1094F82800814264
:105950001DD087F82A00022804D018B105E0C0F84D
:105960008C51EBE70220FFF729FD97F82A00012868
:1059700001D0092804D18BF80050022014F0ACFFAC
:10598000FCF7FFFF97F82A101F200CF056FF97F83E
:10599000510094F8F710884206D087F85110BF20C4
:1059A0000CF04BFF89F8035097F8530094F8F91066
:1059B000884207D087F85310C0200CF03EFF032028
:1059C00089F8030097F8540094F8FA10884206D03A
:1059D00087F85410C4200CF030FF89F8035097F872
:1059E000560094F8FC10884207D087F85610C5205E
:1059F0000CF023FF032089F8030097F8440094F883
:105A00002F10884204D087F844109A200CF015FF1C
:105A100097F8450094F83010884204D087F8451074
:105A20009A200CF00AFF387994F8C510DFF8B0B16D
:105A300088420ED0481EFE280BD2397106200CF089
:105A4000FCFE38798BF800008AF8F200002013F091
:105A500011FE94F8F2109BF8000081420DD061B164
:105A6000FF290AD08BF800108AF8F210397106204D
:105A70000CF0E3FE002013F0FDFDDFF868B194F8B0
:105A800049109BF80000814211D0481EFE280ED21A
:105A90008BF800109C200CF0D0FE9AF849009BF87F
:105AA0000010F5F71CFF9BF800008AF8490094F8F5
:105AB000320094F8081100EB0120B7F84210884238
:105AC0000BD0A7F8420094F83210E7200CF0B5FE96
:105AD00094F80811E6200CF0B0FED4F8C60016F0D9
:105AE000CBFADFF804A1DAF8001088420CD0D4F821
:105AF000C60048B116F0C0FACAF8000013F037F932
:105B0000DAF80000EEF79AFF97F8270094F82A10C9
:105B1000884204D087F8271020200CF08EFE94F8DD
:105B20002C1099F80C00814211D089F80C1097F8CC
:105B30002800022806D028B1072803D0012801D068
:105B4000092802D109200CF078FE89F8035094F856
:105B50002E1099F80E00814212D089F80E1097F895
:105B60002A00022806D0012804D0092802D008B152
:105B7000072802D153200CF060FE032089F80300AF
:105B800094F82B00582803D11848057084F82B602E
:105B900094F82B006F282BD096282BD02EE00000F5
:105BA0004ABD0160E2030060E3030060000400609E
:105BB0009E0300608C010060E4030060E503006068
:105BC0009401006048BF016068BF016088BF016048
:105BD000504C0460CD070060FB02006000002242D0
:105BE000A10200606702006088020060E6030060B6
:105BF000FFF7EBFC84F82B60FDF744F894F82B00DA
:105C00004D2805D184F82B60FC480570FC480670CF
:105C100097F84F0094F8EE10884204D087F84F10A0
:105C2000D6200CF00AFE94F82B00632818D184F8D3
:105C30002B6084F8F160F3480670F3480670F3486F
:105C40000660F348C178027841EA026142788078C0
:105C5000120442EA00200143B9F93A00EBF767FB6E
:105C6000EC4804222146064619F0E3FBDFF8A4A322
:105C700004F1080BAAF10F0A0AF119090AF11D0A29
:105C800038B1207878BB607868BBA07858BBE078E2
:105C900048BB0422211D484619F0CBFB38B12079BE
:105CA00008BB6079F8B9A079E8B9E079D8B90422DD
:105CB0005946504619F0BDFB38B1207A98B9607A40
:105CC00088B9A07A78B9E07A68B9B4F9C30016F057
:105CD000D4F90146B7F82100814200D018B9B87B49
:105CE000A17C88427ED004222146304619F0A1FBD7
:105CF000C94E48B3207828B9607818B9A07808B997
:105D0000E07808B32068C8F87100F97B2F200CF008
:105D100094FD397C30200CF090FD797C31200CF022
:105D20008CFDB97C32200CF088FD357097F82A0084
:105D3000012807D0092805D097F82800012801D0AC
:105D4000092801D1B54805700422211D484619F0E3
:105D500070FBD8B1207928B9607918B9A07908B951
:105D6000E07998B16068C8F87B00797E33200CF048
:105D700064FDB97E34200CF060FDF97E35200CF016
:105D80005CFD397F36200CF058FD357004225946F1
:105D9000504619F04EFBE0B1207A28B9607A18B964
:105DA000A07A08B9E07AA0B1A068C8F87F00797F2E
:105DB00037200CF042FDB97F38200CF03EFDF97F12
:105DC00039200CF03AFD97F820103A200CF035FD00
:105DD0003570B4F9C30016F050F90146B7F8210048
:105DE000814200E01FE011D080B1B4F9C30016F089
:105DF00044F981B2A7F821103D200CF01EFDB7F840
:105E00002100010A3C200CF018FD3570B87BA17C04
:105E1000884206D0012903D8B9732E200CF00DFD5D
:105E200035707F480570B7F85710B4F8F300814219
:105E300001D0FFF7CDF97B4894F8F5100278914234
:105E400003D001709D200CF0F8FC97F8620094F8E4
:105E50000411884206D087F86210E2200CF0EDFCB5
:105E6000EBF7BAF997F8630094F80511884206D069
:105E700087F86310E3200CF0E0FCEBF7ADF997F83E
:105E8000640094F80611884206D087F86410E42074
:105E90000CF0D3FCEBF7A0F997F8650094F8071124
:105EA000884208D087F86510E5200CF0C6FCBDE8F4
:105EB000F05FEBF791B9BDE8F09F2DE9F041A0F557
:105EC0001853483B1144C72B1BD8642093FBF0F2B6
:105ED00000FB1232002A3AD193FBF0F0C4B204EB7B
:105EE000C400514A00EB041002EBC000C91DC822D7
:105EF00019F040FA012C2AD1BDE8F0414A48FFF7D9
:105F000091BBA0F51C52103A4FF4B8670124474DDD
:105F1000474E1723BA421CD2B2FBF3F003FB10200A
:105F2000002814D1B2FBF3F0C7B2C7EB0710414A07
:105F300000EB40001044C91D2D2219F01BFA00216E
:105F40003846F0F7E1FBF0F789FB2C703470BDE8C0
:105F5000F081A0F53052D03ABA4216D2B2FBF3F03B
:105F600003FB10200028F2D1B2FBF3F0C0B2C0EB6B
:105F7000C00202EB0010304AC91D02EB40002E2285
:105F800019F0F8F96C703470E1E7A0F54852903AD6
:105F9000B2F5206F16D21420B2FBF0F300FB1323EE
:105FA000002BD4D1B2FBF0F0C0B2C0EBC00202EBC8
:105FB0004010224AC91D1044272219F0DBF9AC70A9
:105FC0003470C4E7A0F57052903AB2F5987F39D298
:105FD0001320B2FBF0F300FB132363B9B2FBF0F024
:105FE000C0B200EB800202EB4010154AC91D1044FC
:105FF000252219F0BFF9AC713470A8E741040060A4
:1060000042040060E2030060E303006000040060FB
:106010009E030060C14C0460E7030060CC07006091
:10602000F20000606602006036C00260A4B5036042
:10603000D6030060112A0560511E05607AD0026007
:106040002ACE0260A0F57752A72A16D81520B2FBF7
:10605000F0F300FB13236BB9B2FBF0F0C0B2C0EB5E
:10606000C000C91D00EB4000FE4A02EB40002A229E
:1060700019F080F92C71347069E7A0F57852683A0C
:10608000432A13D81120B2FBF0F300FB132353B9BA
:10609000B2FBF0F0C0B2F44A00EB40101044C91D4E
:1060A000212219F067F96C71347050E7A0F5FA42BB
:1060B0002C3AB2F5107F14D24820B2FBF0F300FB6B
:1060C00013235BB9B2FBF0F0C0B2E84A00EBC000AA
:1060D00002EB0010C91D902219F04CF92C74347099
:1060E00035E7A0F5FE426C3A5B2A15D892FBF3F037
:1060F00003FB102068B992FBF3F0C0B2C0EBC00202
:1061000002EB0010DA4AC91D02EB40002E2219F002
:1061100031F96C7434701AE7A0F5FE42C83ADF2AF0
:1061200014D80E20B2FBF0F300FB13235BB9B2FBD3
:10613000F0F0C0B2CF4AC0EBC00002EB8000C91D36
:106140001C2219F017F9EC70347000E7A0F501403B
:10615000B138B0F5907F8FD2242290FBF2F302FB8E
:1061600013035BB990FBF2F0C0B2C34A00EBC0006E
:1061700002EBC000C91D482219F0FCF82C763470DF
:10618000E5E67CB5BD4B0125BD4E5418B0F5FA6F60
:1061900030D0A0F5E061D3391ED0A0F5E061D1394F
:1061A00031D0A0F5E061D53930D0A0F5E061D43927
:1061B00033D0891F1F2937D8C80626D103F10A001A
:1061C0004021054619F0EFF8E11D02B02846BDE870
:1061D0007040402219F0CEB86079012815D10CF03A
:1061E000F2FD7C21A54819F0DEF83576F9F735FA8D
:1061F000FFF7EBF9607918703576F9F72EFA0CF0A5
:10620000E2FDFFF7D5F9607958707CBD607921799E
:1062100000EB0120A3F805007CBD6079217900EB3B
:106220000120A3F803007CBDA0F2FA710F290FD85A
:106230000807F8D1914820214A30054619F0B3F8F3
:10624000E11D02B02846BDE87040202219F092B846
:10625000A0F500610A3924D0A0F500611639E2D119
:10626000A0F61600062190FBF1F201FB12000028B7
:10627000D9D1207A8DF80000A07A8DF80100207B1A
:106280008DF80200A07B8DF80300207C8DF80400BF
:10629000A07C8DF8050068460EF012F8794805706C
:1062A0007CBDA0F60A000C2190FBF1F201FB12006C
:1062B0000028F5D1207A03F86A0FA07A5870207B65
:1062C0009870A07BD870207C1871A07C5871207DBC
:1062D0009871A07DD871207E1872A07E5872207FA0
:1062E0009872A07FD8727CBD70B5A0F51853483B5A
:1062F0006425C72B0FD893FBF5F0C1B201EBC100A9
:1063000000EB0110604901EBC00293FBF5F005FBC7
:106310001030C1B200E1A0F51C53103B4FF4B86639
:106320001724B3420DD2B3FBF4F0C0B2C0EB00109F
:10633000564900EB40004218B3FBF4F004FB103167
:10634000EAE0A0F53053D03BB3420ED2B3FBF4F0F9
:10635000C1B2C1EBC10000EB01104D4901EB40029D
:10636000B3FBF4F004FB1031D6E0A0F54853903BAA
:10637000B3F5206F0ED21420B3FBF0F1C9B2C1EB1C
:10638000C10202EB4111434A0A44B3FBF0F100FBA6
:106390001131C1E0A0F57053903BB3F5987F0ED258
:1063A0001320B3FBF0F1C9B201EB810202EB411201
:1063B00039490A44B3FBF0F100FB1131ACE0A0F520
:1063C0007853AC3BB3F57A5F12D293FBF5F0C0B2D1
:1063D0000A21B0FBF1F101EB4100C0EBC1102F49E4
:1063E00001EB001293FBF5F005FB1030C1B293E016
:1063F000A0F57753A72B0FD81520B3FBF0F1C9B246
:10640000C1EBC101174A01EB410102EB4102B3FBB1
:10641000F0F100FB11317FE0A0F5FA432C3BB3F51E
:10642000107F0DD24820B3FBF0F1C9B20F4A01EB47
:10643000C10102EB0112B3FBF0F100FB11316BE083
:10644000A0F57853683B432B2AD81120B3FBF0F119
:10645000C9B2054A01EB41110A44B3FBF0F100FB5C
:10646000113159E0B8370360C83F03600839036051
:106470004C400360CEE50260883D036016CE0460A8
:10648000A4B503609304006036C00260112A056061
:10649000511E05607AD002602ACE0260C62F0260CB
:1064A000A0F5FE436C3B5B2B0FD893FBF4F0C1B21D
:1064B000C1EBC10000EB0110FE4901EB400293FB70
:1064C000F4F004FB1030C1B226E0A0F5FE43C83B57
:1064D000DF2B0DD80E20B3FBF0F1C9B2F64AC1EBA9
:1064E000C10102EB8102B3FBF0F100FB113113E0BB
:1064F000A0F50140B138B0F5907F0DD2242190FB7A
:10650000F1F2D2B202EBC203EC4A02EBC30290FBFF
:10651000F1F301FB1300C1B232F8110070BDE8497C
:10652000B0F5FA6F27D0A0F5E062D13A21D0A0F5FE
:10653000E062D23A21D0A0F5E062D43A1FD0A0F5B3
:10654000E062D53A1ED0B0F5FB6F20D0A0F5E06236
:10655000D63A1AD0111F1F291BD8D9480A30CA179A
:1065600001EBD26222F01F02891AC9B230F8110081
:106570007047487870470878704788787047B1F856
:1065800003007047B1F805007047C8797047087A72
:106590007047A0F2FA710F290BD8C9484A30CA17C0
:1065A00001EB127222F00F02891AC9B230F8110001
:1065B0007047A0F60A0103290AD8C1486A30CA17F1
:1065C00001EB927222F00302891AC9B2405C704753
:1065D000A0F60E0103290AD8B9486E30CA1701EB9C
:1065E000927222F00302891AC9B2405C7047A0F689
:1065F000120103290AD8B2487230CA1701EB92720D
:1066000022F00302891AC9B2405C7047A0F6160056
:10661000052809D8AA4A7632062190FBF1F301FB3E
:106620001300C0B2105C7047002070472DE9F34F93
:10663000E1B08A46A3484FF0010980F806906198BE
:1066400000270DF1140C002837D06198022834D0AF
:106650006198042831D00624002061460F54401C64
:1066600080B20628FAD30AEB040B9BF801000490D1
:106670009BF803009BF8021000EB012085B29BF809
:10668000050050900498DFF84082032817D0049842
:10669000012814D004988D4A8D4B8E4E06287CD04C
:1066A00004980528FBD00498102802F08B850498E4
:1066B000192803F0BC8003F0D2B80024D3E71AF8FD
:1066C000040066460CF804009BF801103019609035
:1066D00041700498032803D00498012805D009E0EC
:1066E000509860994000887004E05098C01DC1081F
:1066F0006098817060988178C01C18F054FE012069
:106700000390A5F59850A63863280BD85098609A46
:10671000C1B2D21C2846FEF709FD012801D0002095
:106720000390F5E30498012802D04FF0000BF0E34A
:1067300000224CE0AB18082B1FD200200021DFF80C
:1067400098B101EBC30CCCEB0C1C0CEB4C0CDC44F7
:106750009CF825C0BCF1000F06D009FA01FC4CEAF8
:10676000000C0CF0FF0003E009FA01FC20EA0C0029
:10677000491CC9B20829E4D324E0403B082B21D8A6
:1067800000200021DFF854E101EBC30CCCEBCC0B73
:106790000BEB0C1C0EEB4C0C00E0F4E39CF826C059
:1067A000BCF1000F06D009FA01FC4CEA000C0CF019
:1067B000FF0003E009FA01FC20EA0C00491CC9B201
:1067C0000829E1D3A1183144C870521C92B25099E3
:1067D0008A42AFD3A5E705EB0B00032807D804EBEB
:1067E0004B013144CF7018F80000087105E2A0F5A4
:1067F0009851EC3974D0042873D0052872D0082839
:1068000071D0062870D007286FD00E286ED00928C6
:106810006DD01A286CD01C286BD016286AD0172887
:1068200069D0182868D0192867D01B2866D00C2892
:1068300072D0122871D0132870D00D286FD0102874
:106840006ED022286DD023286CD020286BD024282D
:106850006AD02A2869D01D2868D0A0F57D41E83982
:1068600065D0A0F57D41E93970D0A0F57D41EA39C8
:106870006DD0A0F57D41F2396AD0282869D0292849
:1068800068D02B2867D05E2875D05F2874D02E285A
:1068900073D02F2872D0302871D0622870D027286A
:1068A0006FD0A0F1640105296CD804EB4B01314491
:1068B000CF7024E04C400360CEE50260883D036069
:1068C00016CE046058030060B24C0460EAD0046045
:1068D000B71F0160A4B50360112A0560511E056051
:1068E00012E02CE038E03EE04DE054E067E06EE07E
:1068F00075E07EE086E08EE096E09EE0A6E0404413
:1069000010F8510C087171E704EB4B003044C7706C
:10691000FA490978017169E7A0E0A8E0B0E0B8E0C1
:10692000BFE0C6E0CDE0D5E0DEE0E5E0ECE004EB82
:106930004B003044C770F2490978017156E704EB07
:106940004B003044C770062101714FE7E4E0EDE0F1
:10695000F7E0FEE005E10CE104EB4B003044C770CA
:106960003F21017142E704EB4B003044C77098F8B7
:10697000071001713AE704E10FE11BE123E12CE18B
:1069800034E13BE142E104EB4B003044C77098F83E
:10699000041001712AE704EB4B003044C77098F8EB
:1069A00023100A2905D0491E032905D82321017186
:1069B0001CE72321017119E74A21017116E704EB55
:1069C0004B003044C77098F80A1001710EE704EBD1
:1069D0004B003044C77098F80B10017106E7C848A7
:1069E0006838418F04EB4B0030440A0AC2700171D1
:1069F000FCE604EB4B003044C770C1496839497A62
:106A00000171F3E604EB4B003044C770BC492239F6
:106A100009780171EAE604EB4B003044C770B849CD
:106A2000223949780171E1E604EB4B003044C7702C
:106A3000B349223989780171D8E604EB4B00304420
:106A4000C770AF492239C9780171CFE604EB4B001A
:106A50003044C77098F848100171C7E604EB4B004A
:106A60003044C770A6496839097B0171BEE604EB62
:106A70004B003044C770A2496839497B0171B5E6C3
:106A800004EB4B003044C7709D496839897B017124
:106A9000ACE604EB4B003044C77098F82710017146
:106AA000ABE004EB4B003044C77098F80C10017158
:106AB000A3E004EB4B003044C77098F82310017139
:106AC0009BE0904804EB4B0131440088020ACA70F5
:106AD000087192E08B4804EB4B0131440068020ED0
:106AE000CA70000C087188E004EB4B003044C7709A
:106AF00085490978017180E004EB4B003044C77090
:106B000082490978017178E004EB4B003044C7708A
:106B10007F490978017170E0794804EB4B013144F9
:106B2000B0F80100020ACA70087166E0744804EB0C
:106B30004B013144D0F80100020ECA70000C0871FC
:106B40005BE004EB4B003044C77072490978017177
:106B500053E004EB4B003044C77098F844100171C7
:106B60004BE004EB4B003044C77098F845100171BE
:106B700043E004EB4B003044C77098F847100171B4
:106B80003BE05F481C3801888088084404EB4B01D7
:106B90003144030ACB7008712FE059486838D0E9B6
:106BA0001310014404EB4B0030440A0EC270090C70
:106BB000017122E0B8F8420004EB4B013144020AB3
:106BC000CA70087119E04E4804EB4B016838314433
:106BD000808F020ACA7008710FE004EB4B0030444A
:106BE000C77047496839C97A017106E004EB4B0068
:106BF0003044C77098F84F10017113E204EB4B005A
:106C00003044C77098F8501001710BE26A280CD01C
:106C1000A0F16B01032910D804EB4B013144CF7074
:106C2000404410F85C0C0871FCE104EB4B0030446C
:106C3000C77098F80E100171F4E1A0F16F010329FB
:106C400008D804EB4B013144CF70404410F8560C87
:106C50000871E7E1A0F17301032908D804EB4B01A7
:106C60003144CF70404410F8560C0871DAE17828AE
:106C700022D0262829D01E2830D0A0F580712B39AB
:106C800012D0491E64294DD82348C1EBC101405C94
:106C9000224900F0070201EBD00109FA02F209785B
:106CA000114223D0012222E004EB4B003044C77094
:106CB0001B4909780171B5E1B8F8210004EB4B01DB
:106CC0003144020ACA700871ACE1B8F8490004EB1B
:106CD0004B013144020ACA700871A3E104EB4B0076
:106CE0003044C77098F8591001719BE1002204EB01
:106CF0004B013144CA70087194E100003F03006009
:106D0000C00300608802006067020060A1020060AA
:106D100066020060DE0300607A310460B23A04600B
:106D2000E8020060362810D037281AD0382820D042
:106D3000A0F13B01022924D804EB4B013144CF7070
:106D4000404410F8130C08716CE104EB4B00304424
:106D5000C770FC49898809B1022100E00021017156
:106D600060E104EB4B003044C770F649897801714B
:106D700058E104EB4B003044C770F24909780171C7
:106D800050E13E2811D03F2817D0A0F14601092933
:106D90001CD8453808EB400004EB4B01B0F82B0041
:106DA0003144030ACB7008713CE104EB4B003044E2
:106DB000C77098F84110017134E1E34804EB4B01CE
:106DC00031440088030ACB7008712BE1A0F1D20195
:106DD0000F2909D8DD4830F8110004EB4B0131448C
:106DE000030ACB7008711DE1532824D054282BD0FE
:106DF00050284BD0512852D05A2858D05B285FD009
:106E0000A0F50071CA390FD0491E0A2960D888B28E
:106E1000CF4A04EB4B01314412F81030CB7002EB37
:106E2000400040780871FDE004EB4B003044C7702F
:106E300056210171F6E0B8F84B0004EB4B013144E8
:106E4000020ACA700871EDE0C24890F82D000928C6
:106E50000AD00A2808D0C04804EB4B01314400880E
:106E6000020ACA700871DDE0BB48BC4942F21072E8
:106E70000088498D4843B0FBF2F10B0A04EB4B014B
:106E80003144CB70B0FBF2F00871CBE0B34804EBB7
:106E90004B013144008C020ACA700871C2E004EB55
:106EA0004B003044C770AD49C97B0171BAE0AC48B2
:106EB00004EB4B0131440088030ACB700871B1E048
:106EC00004EB4B003044C77098F84E100171A9E0F4
:106ED000962828D097282ED0982834D099283AD0B0
:106EE0009A2840D09B2846D0A0F58071293911D02E
:106EF000522849D0A0F5FA6164294DD880B2FFF735
:106F00000EFB04EB4B013144030ACB70087189E09E
:106F1000F3E3F3E3B8F8570004EB4B013144030A01
:106F2000CB7008717EE004EB4B003044C77098F8DA
:106F30005110017176E004EB4B003044C77098F8B3
:106F4000521001716EE004EB4B003044C77098F8AA
:106F50005310017166E004EB4B003044C77098F8A1
:106F6000541001715EE004EB4B003044C77098F898
:106F70005510017156E004EB4B003044C77098F88F
:106F8000561001714EE0F2E304EB4B003044C77041
:106F900074490978017145E0A0F5D851BC397F29C1
:106FA0007FD801EBD171C1F34701C0071DD0C1EB00
:106FB000011000EB40016C4808445D9090F82300FC
:106FC00088B35D98D0F81E0015F056F8010A04EB5E
:106FD0004B0030445C90C1705D98D0F81E0015F0F5
:106FE0004BF801465C9801711CE0C1EB011000EB0D
:106FF00040015D4808445F9090F82300A0B15F987D
:10700000D0F81E0015F038F8010E04EB4B003044A8
:107010005E90C1705F98D0F81E0015F02DF8010C3D
:107020005E98017133E205E004EB4B003044C77019
:1070300007712CE25D9890F92800A0F10C010A2953
:1070400015D91738072807D800EBC00101EB00114C
:107050004648405C01280AD05D9890F82500012838
:1070600018D004EB4B003044C77007710FE25D98F5
:1070700090F82500012807D004EB4B003044C7707E
:1070800080F8049003E20CE004EB4B003044C7703E
:107090000771FCE104EB4B003044C77080F80490AA
:1070A000F5E1A0F5E0513C393F290ED8C9B204EB17
:1070B0004B003044C770C1EB011101EB41022A497A
:1070C000114491F824100171F4E3A0F5E0517C39EA
:1070D0003F290ED8C9B204EB4B003044C770C1EB56
:1070E000011101EB41022049114491F8281001716E
:1070F000E0E3A0F5E051BC393F290ED8C9B204EB5A
:107100004B003044C770C1EB011101EB410216493D
:10711000114491F822100171CCE3A0F5E051FC3943
:107120003F2925D8C8B204EB4B013144CF70C0EBE6
:10713000001000EB40020C48104490F82300087146
:10714000B8E3000036BA0260EE0300600E5D046032
:10715000B4780360511E056036B8026058030060C1
:10716000BE01006053040060112A0560E2CB02609A
:10717000A0F5E8513C397F2903D9A0F291227F2A5A
:107180006FD87F2902D841F63C5101E040F29121AD
:10719000411A01EBD170C0F34700C9071ED0C0EB04
:1071A000C00101EB0011FB4800EB4100599090F841
:1071B000280090B35998D0F81E0014F05DFF010A22
:1071C00004EB4B0030445890C1705998D0F81E0021
:1071D00014F052FF0146589801716BE3C0EBC001F7
:1071E00001EB0011EB4800EB41005B9090F82800A8
:1071F000A0B15B98D0F81E0014F03EFF010E04EB26
:107200004B0030445A90C1705B98D0F81E0014F0C7
:1072100033FF010C5A9801714CE305E004EB4B007D
:107220003044C770077145E3599890F82D00A0F1DC
:107230000C010A2916D91738072807D800EBC00116
:1072400001EB0011D448405C01280BD0599890F80C
:107250002600012818D004EB4B003044C77007719A
:1072600028E318E0599890F82600012806D004EB8E
:107270004B003044C77080F804901BE304EB4B00D4
:107280003044C770077115E304EB4B003044C770FE
:1072900080F804900EE3A0F5E851BC393F290FD8DF
:1072A000C8B204EB4B013144CF70C0EBC00202EB1B
:1072B0000012B84800EB420090F822000871F9E291
:1072C000A0F5E851FC393F2910D8C8B2C0EBC00185
:1072D00001EB0011AF4800EB410004EB4B013144DE
:1072E00010F82B3FCB7040780871E3E2A0F5F05125
:1072F0007C393F2910D8C8B2C0EBC00101EB0011A6
:10730000A44800EB410004EB4B01314410F8282F56
:10731000CA7040790871CDE2A0F5F051BC393F291F
:107320000FD8C8B204EB4B013144CF70C0EBC002A0
:1073300002EB0012974800EB420090F8270008711A
:10734000B8E2A0F5F0513C393F290FD8C8B204EBA0
:107350004B013144CF70C0EBC00202EB00128D48EC
:1073600000EB420090F829000871A3E2A0F5F0516B
:10737000FC393F2935D801EBD171C1F347010291A6
:10738000C00716D00298F7F7B3FE4FF47A7190FB5E
:10739000F1F0010A04EB4B0030445690C1700298A2
:1073A000F7F7A6FE4FF47A7190FBF1F15698017150
:1073B00080E20298F7F79CFE4FF47A7190FBF1F0AF
:1073C000010E04EB4B0030445790C1700298F7F760
:1073D0008FFE4FF47A7190FBF1F0010C5798017118
:1073E00068E2A0F5F8513C391F290BD804EB4B019A
:1073F0003144CF70694A1044A0F5005090F8C400A1
:10740000087157E2A0F5F8515C393F290BD804EB1D
:107410004B013144CF70624A1044A0F5005090F8FF
:10742000A400087146E2A0F5F8519C39FF2903D960
:10743000A0F29112FF2A79D8FF2902D841F69C7157
:1074400001E040F29111411A01EBD170C0F3470005
:10745000C9071DD0C0EBC00101EB401151480844E1
:10746000539090F8230088B35398D0F81E0014F07E
:1074700003FE010A04EB4B0030445290C170539854
:10748000D0F81E0014F0F8FD01465298017111E287
:10749000C0EBC00101EB401142480844559090F800
:1074A0002300A0B15598D0F81E0014F0E5FD010EA0
:1074B00004EB4B0030445490C1705598D0F81E0036
:1074C00014F0DAFD010C54980171F3E105E004EBCE
:1074D0004B003044C7700771ECE1539890F82600D8
:1074E000A0F10C010A2915D91738072807D800EB95
:1074F000C00101EB00112848405C01280AD05398D4
:1075000090F82400012818D004EB4B003044C770D9
:107510000771CFE1539890F82400012807D004EBBD
:107520004B003044C77080F80490C3E10CE004EBDA
:107530004B003044C7700771BCE104EB4B00304492
:10754000C77080F80490B5E1A0F500519C397F29FF
:107550000DD804EB4B003044C770C1EBC10202EB05
:1075600041121049114491F822100171A2E1A0F5D5
:10757000045154397F2917D804EB4B003044C770AD
:10758000C1EBC10202EB41120649114491F82610E9
:1075900001718FE1511E0560E2CB0260984D0460DD
:1075A000D12905607AD00260A0F50451D4397F2931
:1075B0000DD804EB4B003044C770C1EBC10202EBA5
:1075C0004112F849114491F82310017172E1A0F5BC
:1075D00004511C3907290DD804EB4B003044C77007
:1075E000C1EBC10101EB4102EF4901EB4201C97F4F
:1075F00001715FE1A0F50451243907290DD804EB8E
:107600004B003044C770C1EBC10101EB4102E649B8
:1076100001EB4201897F01714CE1A0F504512C3945
:1076200007290ED804EB4B003044C770C1EBC101F1
:1076300001EB4102DC4901EB420191F82410017198
:1076400038E1A0F50451343907290ED804EB4B007A
:107650003044C770C1EBC10101EB4102D24901EBDB
:10766000420191F82010017124E1A0F504513C3948
:1076700007290ED804EB4B003044C770C1EBC101A1
:1076800001EB4102C84901EB420191F82710017159
:1076900010E1A0F50451443907290ED804EB4B0042
:1076A0003044C770C1EBC10101EB4102BE4901EB9F
:1076B000420191F821100171FCE0A0F504514C3910
:1076C00003290AD804EB4B003044C77001EB411288
:1076D000B6491144C97F0171ECE0A0F5045150395D
:1076E00003290CD804EB4B003044C77001EB411266
:1076F000AE491144897F0171DCE0E3E0DEE0A0F5F2
:10770000FE426C3A5B2A16D82E2092FBF0F1C9B2E9
:1077100092FBF0F300FB1320C2B204EB4B003044A9
:10772000C770C1EBC10303EB0111A14B03EB410196
:10773000895C0171BEE0A0F1C801082920D2CF28E0
:107740000BD0CA2814D004EB4B013144CF70994AB6
:10775000104410F8C80C0871ACE0964804EB4B01DB
:107760003144B0F80700020ACA700871A2E09CE137
:1077700004EB4B003044C7708E498978017199E061
:10778000A0F5B85170390B2909D88B4830F8310071
:1077900004EB4B013144030ACB7008718AE0A0F579
:1077A000B8517C390B290BD8834809EB410130F8DB
:1077B000210004EB4B013144020ACA70087179E0E0
:1077C000A0F5B85188390B290ED87B4B09EB410045
:1077D00053F82000020C04EB4B003044C27053F805
:1077E0003110090C017165E0A0F5D85158393129E3
:1077F00009D8724830F8110004EB4B013144030AF8
:10780000CB70087156E0A0F51851483945F688420A
:10781000914209D880B2FEF767FD04EB4B01314479
:10782000C870000A087145E0A0F51C4040383B28AC
:107830003AD8C11700EB9172C2F38F0122F0030214
:10784000801A80B230B101280FD0022818D0032846
:1078500020D02FE05A4800EB410004EB4B01008898
:107860003144030ACB70087124E0554800EB410015
:1078700004EB4B01C08B3144030ACB70087119E053
:1078800004EB4B003044C7704D4A114491F83C1052
:1078900001710FE004EB4B003044C770484B1944B2
:1078A00091F84B10017105E004EB4B003044C770B8
:1078B00080F804900BF1010B1FFA8BFB5098834565
:1078C000FEF489AF619850B36198022827D061987F
:1078D000042824D06198052863D09AF801009AF80A
:1078E000001040EA012037490885010A8DF814107C
:1078F0008DF815008DF816708DF817700498012812
:107900007DD05099032000EB4100010A8DF818103A
:107910008DF819000398012872D001F0A0BF0498D7
:10792000012813D05098032101EB4000C1B205A8F3
:10793000FDF77DFD5099020A06EB4101CA700871FE
:107940006198042814D06198C8B1E6E760988078FF
:10795000C01CC1B205A8FDF76AFD6099020A8B78C8
:107960000DF117015A5460998A7806A95054E7E737
:107970005098F11C4200144817F0FCFCCDE798F831
:107980002600FDF7C8FD049801281FD05098052156
:1079900001EB400081B298F8262005A8FDF75FFDB5
:1079A000BBE71CE07AD00260B8370360C83F0360D1
:1079B0004C400360F817006098D001607C5B046065
:1079C00088560460580300602AAF0260609898F8F7
:1079D0002620817805A8491DFDF741FD9DE79AF80D
:1079E00001009AF8001040EA0120FE490885010ACA
:1079F0008DF814108DF815008DF8167001E027E051
:107A000032E08DF817705098032101EB4000010A15
:107A10008DF818108DF81900049801280CD0509892
:107A200005A904EB40021446D21CEF4817F0A2FC53
:107A3000EE48E41C048070E7509805A9021914462A
:107A4000D21CE94817F096FCE848E41C048064E77F
:107A500060988078C01C000A8DF8180060988078C3
:107A6000C01C8DF8190055E76198012886D104984B
:107A700001280CD0509805A904EB40021446D21CF2
:107A8000DB4817F077FCDB48E41C048045E750989E
:107A900005A90219D21CD64817F06CFC6098E41CAA
:107AA00080780119D348018037E76198E8B161987F
:107AB00002281AD06198042817D09AF800008DF88F
:107AC00014009AF801008DF815008DF816708DF8E5
:107AD00017708DF8187006208DF81900619801282C
:107AE00010D06198052821D033E0619888BB98F8C0
:107AF0002600FDF710FD98F8262008215046FDF7D6
:107B0000AEFC26E0002021181AF801200CF8012014
:107B1000401C80B20628F6D3059818600698586075
:107B200007989860B3490C20088012E000202118C3
:107B30001AF801300CF80130401C80B20628F6D348
:107B4000059810600698506007989060A7490C202F
:107B500008800498052842D0A5F5D851BC394FF4C7
:107B60001072B1F5B36F2FD24FF4C070814201D2C1
:107B700086F80090A5F5E8533C3BB3F5187F01D299
:107B800086F80190A5F5F8539C3B834201D286F814
:107B90000290A5F504501C382F2804D9A5F5FA4009
:107BA0002C38904201D286F80490A5F504504C3848
:107BB000072804D9A5F5FE406C385B2801D886F863
:107BC00005908D4880F80090032D73D8854C207E59
:107BD00000F0010129436ED0022D6DD09DE63F2DAE
:107BE0006BD8EDB2C5EB051000EB400183480C18D3
:107BF00094F823000028F1D1F7F746FAA8423CDDBB
:107C000094F92800A0F10C010A290FD91738072888
:107C100007D800EBC00101EB00117948405C012856
:107C200004D09BF80400B8B1012016E09BF80400D2
:107C300070B1002017F093FE724901EB8511886244
:107C400028460EF0E6FD28B1002084F825003AE031
:107C50000120EFE70120F8E7002017F080FE6949D6
:107C600001EB8511886228460EF0D3FD08B1012092
:107C700000E0002084F8250025E094F92800A0F118
:107C80000C010A290FD91738072807D800EBC001C3
:107C900001EB00115A48405C012804D09BF8040015
:107CA00070B101200DE09BF8040038B1002084F889
:107CB000250008E07EE051E065E01CE00120F6E7E9
:107CC000002084F8250094F8250028B14FF47A713B
:107CD0002846F7F7F1F803E000212846F7F7ECF81B
:107CE00028460EF096FD4FF47A714843C4F81E0002
:107CF00086F8009011E6403D3F2DFBD8E8B2C0EB7E
:107D0000C00101EB0011404800EB410090F8281041
:107D100009BB90F82D10A1F10C020A2A0FD91739CE
:107D2000072907D801EBC10202EB01123449895C33
:107D3000012904D09BF8041051B1012109E09BF8FE
:107D4000041019B1002180F8261004E00121FAE79F
:107D5000002180F8261086F80190DEE59BF80510DA
:107D600088F800109BF8040088F8010000200AF051
:107D700064FD98F8011001200AF05FFD207E40F0BC
:107D800001002076C9E58007B4D49BF8051088F877
:107D900002109BF8040088F8030002200AF04DFD51
:107DA00098F8031003200AF048FD207E40F00200FE
:107DB0002076B2E5062D5FD0082D7BD00C2D70D03B
:107DC000122D6FD0132D6ED01A2D6DD01C2D6CD0AE
:107DD0001B2D6BD0102D6AD00D2D69D0222D68D0AF
:107DE000242D13E058030060EAD004609A04006078
:107DF000B71F0160EE000060D6030060112A056025
:107E0000E2CB0260B4680360511E056068D02A2D81
:107E100067D01D2D73D0A5F57D40E83824D0A5F599
:107E20007D40E9386CD0A5F57D40EA3869D0232D36
:107E300068D0202D67D0282D73D02B2D72D05D2DCA
:107E400071D0602D70D0612D6FD0A5F13B0002285C
:107E50006CD8C4B208EB04059BF8050095F828100F
:107E600081427CD0DCB3A9E1F9489BF80510017090
:107E7000D1200AF0E2FC50E59BF8051088F80410C8
:107E800006200AF0DAFCF34998F804000873F24976
:107E90000870F24981F8F200002011F0EBFB3CE59C
:107EA00008E00FE01EE02FE041E064E077E08CE0C6
:107EB000A0E0A7E09BF8051088F8071008200AF05A
:107EC000BCFC2AE5E24C9BF80500683C20739BF85B
:107ED000051009200AF0B1FC84F803901DE564E167
:107EE0009DE0B0E0DA4C9BF80500683C60739BF8BD
:107EF000051052200AF0A1FC0220E0700DE5B7E069
:107F0000C0E0D7E0EEE00AE1D14C9BF80500683C08
:107F1000A0739BF8051053200AF08FFC0320E0703B
:107F2000FBE41BE122E12FE133E138E1B2E1C84C8F
:107F30009BF805009BF80410683C00EB0120B4F9A5
:107F40003A10884297D000231A46E9F780F99BF847
:107F500005009BF8041000EB0120608700E071E150
:107F60009BF804100C200AF068FC9BF805100D200B
:107F70000AF063FCD1E4B64C9BF80520683C637AB8
:107F80009A428CD000210846E9F761F99BF8050078
:107F900060729BF8051019200AF04FFCBDE49BF8B5
:107FA000050005288DD888F84800E9F772FA9BF893
:107FB000051007200AF041FC98F8480002288DD3EC
:107FC000A7480770A7480770A7E49BF805007F281B
:107FD00004D08E2804D08F2802D09EE4FDF7E8FA62
:107FE0008E288BD19A483946683807769E200AF049
:107FF00024FC92E49BF8051088F8271020200AF052
:108000001CFC8AE49BF805009BF8041000EB01209F
:10801000C1B288F823100E200AF00FFC7DE49BF813
:1080200005100029A6D0FF29A4D08F4C21709C20D8
:108030000AF003FC894D217849352878F3F74FFC85
:108040002078287069E49BF80510002992D0FF2958
:1080500090D0814C217088F8041006200AF0EDFBC6
:108060007E48217880F8F210002011F003FB54E4E0
:108070009BF80510012991D97C4801709D200AF0D8
:10808000DCFB4AE4724A521C1068010C09049BF89C
:1080900005009BF8043000EB0320084310609BF8B8
:1080A0000510D2200AF0C9FB9BF80410D3200AF077
:1080B000C4FB32E46649491C088880B29BF805205D
:1080C0009BF8043002EB032240EA024008609BF870
:1080D0000510D4200AF0B1FB9BF80410D5200AF05B
:1080E000ACFB1AE4624C21689BF805009BF8042065
:1080F00000EB0220B0EB114F90D06FF30F0108435B
:1081000020609BF80510A3200AF097FB9BF8041051
:10811000A4200AF092FB206810F029FE15E4544CCC
:108120009BF805009BF80410226800EB0123B3EBD9
:10813000124F87D0000400EB016091B20844206028
:108140009BF80510A5200AF078FB9BF80410A620E8
:108150000AF073FB206810F00AFE0FE49BF805108C
:1081600088F844109A200AF068FB07E49BF8051091
:1081700088F84710022903D13E4807703E4807702F
:108180000A200AF05AFB0BE43148683880F8009066
:1081900006E42F489BF805106838C1711EE42C488E
:1081A0009BF805106838017218E4D8B1022819D07C
:1081B000072817D0012815D0092813D0012C06D183
:1081C00080B102280ED007280CD008280AD0022C33
:1081D00038D138B1022805D0072803D0012801D0B2
:1081E00009282FD185F82800022802D12046FDF762
:1081F000E5F895F82800012801D0092805D11F4885
:1082000080F80090204612F067FB95F828000728B8
:1082100005D1FAF7B6FB012C01D11948077098F87F
:108220002300052801D0062806D198F82910154802
:10823000072909D0C0F88C7195F8281004F11D00A9
:108240000AF0FBFA1CB121E4C0F88C91F4E71BE0C2
:10825000C00300601FC00260A102006036C002605F
:10826000E2030060E30300606702006066020060F2
:1082700088020060E4030060E5030060CD07006051
:10828000FB02006000002242FF4898F8281080F8A6
:10829000261009E43E2D24D0A5F14600519009286E
:1082A00027D89BF805009BF80410453D00EB012002
:1082B00008EB4501A1F82B0051983E2202EB40004B
:1082C0009BF8041080B20AF0B8FA51983F2202EBF2
:1082D00040009BF8051080B20AF0AFFA05F0BBFF32
:1082E0007CE49BF8051088F8411022200AF0A5FADA
:1082F00074E4532D22D0502D33D0512D3DD05A2D22
:1083000040D05B2D4AD02E2D52D02F2D63D0302D52
:1083100079D0622D73D0272D72D06A2D71D0A5F13E
:108320006B0003286ED808EB05009BF8051000F8D9
:108330005C1C3C3DA8B20AF080FA4FE49BF80500B3
:108340009BF8041000EB012081B2A8F84B10B0207C
:108350000AF073FAB8F84B00010AB1200AF06DFA7E
:108360003CE4CA48C17B012993D19BF805109BF8D6
:10837000042001EB0221018430E4C4489BF805107D
:10838000C1732BE49BF805009BF8041000EB01205F
:10839000BF4980B20880EBF73BFF1FE49BF8050064
:1083A00088F84E009BF80510B2200AF046FA15E452
:1083B0009BF805009BF8041000EB0120A8F8420090
:1083C0009BF80510E7200AF038FA9BF80410E62025
:1083D0000AF033FA8EE49BF805009BF8041000EBDA
:1083E0000120AA4988879BF8051016200AF025FA73
:1083F0009BF8041015200AF020FA7BE403E00CE05F
:1084000017E020E02EE0A1489BF80510C1729BF810
:10841000051017200AF011FA6CE49BF8050088F8A3
:108420004F009BF80510D6200AF007FA994807700C
:108430009CE39BF8050088F850009BF80510CB20C2
:108440000AF0FBF992E39BF80500012888D89BF815
:10845000041000EB0120C1B288F80E102E200AF0A3
:10846000ECF983E3A5F16F0003280AD808EB0500B7
:108470009BF8051000F8561C3C3DA8B20AF0DDF947
:1084800074E3A5F1730003280AD808EB05009BF8F4
:10849000051000F8561C3C3DA8B20AF0CEF965E381
:1084A000782D26D0262D37D01E2D48D0962D52D08F
:1084B000982D5DD0992D68D09B2D76D0A5F5807034
:1084C00029380CD0212D7DD0A5F5FA6064286BD811
:1084D000524621462846619BFDF753FE46E39BF832
:1084E00005009BF8041000EB012080B2FCF770FE41
:1084F0003CE39BF805009BF8041000EB0120A8F872
:1085000021009BF805103D200AF097F99BF8041014
:108510003C200AF092F929E39BF805009BF804102F
:1085200000EB0120A8F849009BF80510C8200AF0CC
:1085300084F99BF80410C9200AF07FF916E39BF830
:10854000050088F859009BF80510C7200AF075F956
:10855000EEF784F80AE39BF8050088F851009BF8D1
:108560000510BF200AF069F9484880F80390FDE241
:108570009BF8050088F853009BF80510C0200AF00E
:108580005CF942480321C170F0E29BF8050088F8CD
:1085900054009BF80510C4200AF04FF93B4880F8BE
:1085A0000390E3E201E00DE01CE09BF8050088F891
:1085B00056009BF80510C5200AF03FF93348032107
:1085C000C170D3E29BF805006F2802D0972802D033
:1085D000CCE2FCF7FAFF304880F800902B480521E8
:1085E000C187C3E2A5F5D8505838312809D89BF87F
:1085F00005109BF8042001EB0221284A22F81010F4
:10860000B4E2A5F5B854703C0B2C20D8244951F89D
:10861000340000F4702041F834009BF805209BF8EA
:10862000043002EB0322024341F83420542000EBD3
:1086300044009BF8051080B20AF0FFF8552000EBCB
:1086400044009BF8041080B20AF0F7F88EE2A5F51A
:10865000B8547C3C0B2C31D8114A09EB440052F839
:10866000201001F4702142F820109BF805309BF88F
:10867000045003EB05230B4342F820306C209BF899
:10868000051000EB44000DE036C0026058030060A6
:10869000BE0100606D0200603C0000607C5B046015
:1086A00098D0016080B20AF0C8F86D2000EB440059
:1086B0009BF8041080B20AF0C0F857E2A5F5B85054
:1086C00088380B2828D8FE4931F8302092B241F87A
:1086D00030209BF8053042EA034241F8302009EB94
:1086E000400031F8202092B241F820209BF804305D
:1086F00042EA034241F820209BF805009BF8041051
:1087000000F00F0001F0F001A5F5B0550144D53D92
:10871000A8B20AF092F829E2A5F1C800072864D8A7
:108720009BF805009BF8041000EB0121E548421975
:1087300002F8C81CC82D0AD0C92D15D0CA2D20D0CA
:10874000CB2D2BD0CD2D36D0CE2D41D00EE2DD4914
:1087500042780978CDE9011700928378C27841798F
:108760008079E3F7A9F801E2D64A01785278CDE999
:10877000011700928378C27841798079E3F79CF8F9
:10878000F4E101784278CDE90117CE490092C27830
:108790008B7841798079E3F78FF8E7E101784278C7
:1087A000CDE90117C74900928378CA784179807969
:1087B000E3F782F8DAE101784278CDE90117009217
:1087C000C0498378C27849798079E3F775F8CDE1BB
:1087D00001784278CDE9011700928378C278417917
:1087E000B8488079E3F768F8C0E17F297CD801EBCD
:1087F000D170C0F34708C8EB081000EB4001B24845
:108800000C18D4F81E0013F037FCE90726D06FF3DC
:108810000F009BF804209BF8051000EB0220084491
:10882000029094F92300002823D021D0F6F72CFCE5
:10883000404512DDA54800EB8815A548696A8142CC
:108840006FD19BF805009BF8041000EB012017F096
:1088500086F8A04916F0C1FFE86101E180B29BF8FB
:1088600005109BF8042001EB022100EB014002906F
:1088700058E1F6F709FC404574DD94F92800A0F1B1
:108880000C010A291BD91738072807D800EBC001AB
:1088900001EB00119048405C012810D08B4800EBA0
:1088A000881A8B48DAF82410814243D19BF80510CE
:1088B0009BF8040011EB002036D0012035E08348FE
:1088C00000EB881A8248DAF8241081420FD19BF815
:1088D00005109BF8040011EB002006D0002017F0D3
:1088E0003EF8CAF81C000EE044E10120F7E79BF8CF
:1088F00005109BF8040011EB002010D0002017F0A9
:108900002EF8CAF82800754894F82510817640465C
:108910000DF07FFF30B1002084F8250026E0012013
:10892000EDE791E00120F7E7002017F018F8CAF80A
:108930001C000DE09BF805109BF8040011EB0020D3
:1089400001D0012000E0002017F009F8CAF8280043
:10895000624894F82510817640460DF05AFF10B118
:10896000012001E00CE0002084F825005B4894F928
:108970002510827E91422FD080F81990C7762BE087
:1089800094F9255094F92800A0F10C010A2913D973
:108990001738072807D800EBC00101EB00114E483B
:1089A000405C012808D09BF805009BF8041010EBF0
:1089B00001200ED001200DE09BF805009BF804106B
:1089C00010EB012003D0002084F8250004E00120F2
:1089D000FAE7002084F8250094F8250028B14FF428
:1089E0007A714046F6F768FA03E000214046F6F750
:1089F00063FAF6F749FB40451DDC94F92500A842CF
:108A000019D037480078804515D2364D2868E3F7ED
:108A10000FFEDFF8D4A0DAF80000E3F709FE2046E5
:108A200000224146F9F7A5F9DAF80000E3F752FE13
:108A30002868E3F74FFE40460DF0EBFE4FF47A71E5
:108A40004843C4F81E006DE09BF805009BF8041035
:108A500000EB012016F083FF1E4916F0BEFEA8624F
:108A6000F6F712FB40454DDCD4F81EA09BF805003C
:108A70009BF8041000EB01201C4921F818009BF81A
:108A800005009BF8041000EB012016F068FF054676
:108A9000504616F05BFF294616F0E6FF32D010482C
:108AA000007880452ED20F4D2868E3F7C1FDDFF82E
:108AB00038A0DAF80000E3F7BBFD2046002217E0FB
:108AC00098D00160F8170060112A0560B46803604F
:108AD00000007F4300007A44E2CB0260580300604C
:108AE000EA020060180300606004006036B90260AA
:108AF0004146F9F73EF9DAF80000E3F7EBFD2868A4
:108B0000E3F7E8FD40460CF0FCF9FA4916F033FEB5
:108B100016F048FFC4F81E0016F018FF0146404644
:108B2000EDF7A0FDEDF79AFDF6F7AEFA404518DC3B
:108B300094F92800401E0A2809D89BF805009BF8E4
:108B4000041000EB0120012811D084F82570029850
:108B500013F092FAC4F81E00204600224146F9F7AD
:108B600008F986F80090E44880F800900CE284F858
:108B70002590ECE7A5F5E0507C383F2813D8C1B22A
:108B8000C1EB011000EB4003DC489BF805201844C2
:108B900080F8282086F80090D74A82F800900122B9
:108BA000F9F7E7F8F0E1A5F5E050BC383F2817D811
:108BB000C1B2C1EB011000EB4002D048104490F864
:108BC0002420012A03D19BF8052080F8222086F872
:108BD0000090C94A82F800900122F9F7CAF8D3E15F
:108BE000A5F5E050FC383F2813D8C1B2C1EB011005
:108BF00000EB4003C1489BF80520184480F823206F
:108C000086F80090BC4A82F800900122F9F7B1F88A
:108C1000BAE1A5F5E8503C387F287DD800EBD0704C
:108C2000C0F34708C8EBC80000EB0811B44800EBDC
:108C30004104D4F81E0013F01FFAE9070ED0020C0D
:108C400012049BF804109BF8050002EB0122851822
:108C500094F9282062B1012A2FD037E080B29BF826
:108C600005109BF8042001EB022100EB014544E0D4
:108C700094F82D20A2F10C030A2B11D9173A072AD8
:108C800007D802EBC20303EB02139E4AD25C012A0F
:108C900006D000EB012001280CD084F8267015E0E6
:108CA00000EB0120012802D084F826900EE084F821
:108CB00026700BE084F8269008E000EB01204FF4CA
:108CC0007A71484313F0D8F9C4F81E0094F82700CD
:108CD000012812D194F82D00192803D00F2801D0B3
:108CE0001D280AD1D4F81E0013F0C6F928B9864809
:108CF00040F82870854800F80890284613F0BCF921
:108D0000C4F81E0086F801907B4880F80090204649
:108D1000F9F7DAF838E1FFE7A5F5E850BC383F2865
:108D200013D8C0B2C0EBC00202EB001274489BF82B
:108D3000051000EB420080F8221086F801906E4981
:108D400081F80090F9F7C0F81EE1A5F5E850FC386D
:108D50003F2817D8C0B2C0EBC00202EB001268482F
:108D60009BF8041000EB420080F82B109BF80510D4
:108D700080F82C1086F801905F4981F80090F9F78F
:108D8000A3F801E1A5F5F0503C383F2813D8C0B254
:108D9000C0EBC00202EB001259489BF8051000EB33
:108DA000420080F8291086F80190534981F800901C
:108DB000F9F78AF8E8E0A5F5F0507C383F2817D895
:108DC000C0B2C0EBC00202EB00124D489BF8041089
:108DD00000EB420080F828109BF8051080F82D1059
:108DE00086F80190444981F80090F9F76DF8CBE0DE
:108DF000A5F5F050BC383F2813D8C0B2C0EBC00274
:108E000002EB00123E489BF8051000EB420080F890
:108E1000271086F80190384981F80090F9F754F846
:108E2000B2E0A5F5F8503C381F280BD8C0B2364A3E
:108E30009BF805108032115486F801902E4880F876
:108E40000090A1E0A5F5F8505C383F2805D8C0B2E5
:108E50002F4A9BF80510115496E0A5F5F8509C3860
:108E6000FF2866D800EBD070C0F34700C0EBC0010C
:108E700001EB401127480C18D4F81E0013F0FCF841
:108E8000E9070CD06FF30F009BF804309BF8052026
:108E900000EB0320104494F8231051B120E080B27D
:108EA0009BF805109BF8042001EB022100EB014028
:108EB00016E094F82610A1F10C050A2D2CD91739CB
:108EC000072907D801EBC10505EB01150D49495DDF
:108ED000012921D002EB0321012927D084F8247035
:108EE00013F0CAF8C4F81E0086F80290024880F811
:108EF000009049E000007A44D6030060112A056022
:108F0000511E0560E2CB0260184D0460385C0460BD
:108F1000D12905607AD0026002EB0321012902D039
:108F200084F82490DCE784F82470D9E784F824904E
:108F3000D6E7A5F500509C387F2810D8C0B2C0EB0A
:108F4000C00202EB4012FF489BF80510104480F865
:108F5000221086F80290FC4880F8009014E0A5F5F5
:108F60000450D4387F2810D8C0B2C0EBC00202EB46
:108F70004012F4489BF80510104480F8231086F83E
:108F80000290F14880F800901BE1A5F50450543898
:108F90007F2810D8C0B2C0EBC00202EB4012E948F3
:108FA0009BF80510104480F8261086F80290E648D9
:108FB00080F8009005E1A5F504501C38072810D86A
:108FC000C0B2C0EBC00000EB4002E0489BF80510C7
:108FD00000EB4200C17786F80490DB4880F80090EF
:108FE000EFE0A5F504502438072814D8C0B29BF848
:108FF000051009B1012100E00021C0EBC00000EB29
:109000004002D24800EB4200817786F80490CE48B7
:1090100080F80090D5E0A5F504502C38072811D829
:10902000C0B2C0EBC00000EB4002C8489BF805107E
:1090300000EB420080F8241086F80490C24880F8C3
:109040000090BEE0A5F504503438072811D8C0B20E
:10905000C0EBC00000EB4002BC489BF8051000EBE1
:10906000420080F8201086F80490B74880F80090FD
:10907000F5E3A5F504503C38072811D8C0B2C0EB81
:10908000C00000EB4002B1489BF8051000EB420025
:1090900080F8271086F80490AB4880F80090DEE353
:1090A000A5F504504438072811D8C0B2C0EBC00061
:1090B00000EB4002A5489BF8051000EB420080F849
:1090C000211086F80490A04880F80090C7E3A5F529
:1090D000FA402C3890422DD2482290FBF2F1CBB2CC
:1090E00090FBF2F102FB1101CC1701EB5471C1F3BB
:1090F000C70190FBF2F402FB1400C21700EB52729E
:1091000022F00702801AC0B203EBC304904B9BF815
:10911000042003EB041303EB011101EB40035A702D
:109120009BF8052001F8102086F81090864880F8FA
:10913000009094E3A5F504504C3803280DD8C0B234
:1091400000EB401283489BF805101044C17786F865
:1091500005907D4880F8009081E3A5F504505038D3
:10916000032811D8C0B29BF8051009B1012100E015
:10917000002100EB401277481044817786F8059073
:10918000714880F800906AE3A5F5FE456C3D5B2DC3
:1091900017D82E2195FBF1F0C0B295FBF1F201FB3F
:1091A0001251C9B2C0EBC00303EB00106A4B9BF82D
:1091B000052003EB4000425486F81190624880F885
:1091C00000904CE36198D0B36198022838D0619840
:1091D000042835D06198052850D09AF800008DF801
:1091E00014009AF801008DF815008DF816708DF8AE
:1091F00017708DF8187006208DF819000020E646CB
:1092000021181AF801200EF80120401C80B206280F
:10921000F6D30598186006985860079898604F49EB
:109220000C200880642D4FD0A5F2CB200A287DD8D1
:109230009BF8060014287AD800204949A1E0FFE7EE
:10924000DAF800000190BAF80400ADF80800062131
:1092500001A8FCF7ECF8020A8DF80A208DF80B0043
:1092600061980028DED198F82600FCF754F998F8A8
:109270002620082101A8FCF7F2F8D3E79AF80000AD
:109280008DF814009AF801008DF815008DF816700D
:109290008DF817708DF8187006208DF819000020D1
:1092A000E64621181AF801300EF80130401C80B251
:1092B0000628F6D3059810600698506007989060CD
:1092C00028490C200880ADE7274C207878B39BF81C
:1092D00006000C2817D19BF8080088F813009BF8AB
:1092E0000A0088F814009BF80C0088F815009BF819
:1092F0000E0088F816009BF8100088F817009BF8FD
:10930000120088F8180098F81310282009F095FA30
:1093100098F81410292009F090FA98F815102A20CE
:1093200009F08BFA98F816102B2001E033E072E078
:1093300009F083FA98F817102C2009F07EFA98F8B3
:10934000181013E07AD00260D6030060B8370360CB
:1093500008390360C83F03604C400360EE000060C2
:10936000B47803609A040060580300602D2009F06F
:1093700064FA277073E222185244D2790A54401CCE
:10938000C0B29BF806208242F5D8FE4880F80090D3
:1093900086F8189063E2B5F58C7F0CD0C82D66D0A6
:1093A000A5F5FA60642878D8524621462846619B84
:1093B000FCF7E7FE53E29BF8060020282BD19BF830
:1093C0000A00DC2827D39BF80E009BF810109BF8AE
:1093D000142000EB01209BF81210090401EB02613C
:1093E00044189BF80C00401CC0B2F9F7A2FA009791
:1093F00003469BF80C209BF808002146F9F757F923
:10940000E14CE24D012807D09BF8080002A9F9F7CA
:1094100022F9012816D022E2DD4EDE499BF80A200F
:109420003078401EC0EBC00319448A710BF115015E
:1094300004EB0010102215F09DFF3078284400F84E
:10944000019C0CE29DF80800D249C0EBC00319440E
:109450009BF80A208A710BF1150104EB0010102211
:1094600015F088FF9DF8080005F80090F7E19BF8DB
:109470000500082836D19BF8060008280ED09BF876
:10948000080050F080008BF808002CD09BF80C00EE
:1094900040F080008BF80C002BE03CE09BF80700CC
:1094A00050F080008BF8070006D09BF8090040F0D0
:1094B00080008BF8090005E09BF8090000F07F00B0
:1094C0008BF809009BF80D009BF80E108DE88300C7
:1094D0009BF80C309BF80B209BF809109BF80800B8
:1094E000E2F7EAF9BBE19BF80C0000F07F008BF893
:1094F0000C009BF816009BF81410CDE901070091B1
:109500009BF812309BF810209BF80C109BF80A0077
:10951000E2F7D2F9A3E1A5F51850483845F688419D
:10952000884205D8524621462846FCF7C6FC96E1FB
:10953000A5F59850EC3808D0A0F5FA607F287DD8C2
:109540009BF80510022932D059E09BF80500072846
:1095500029D19BF80A009BF80C109BF8102000EB17
:1095600001209BF80E108C4C090401EB02610844A9
:10957000C4F801009BF8120060719BF81410A171EF
:10958000F9F7F3FB0346012B01D95B1EDBB2D4F8DC
:109590000120A1796079F8F7A1FF042804D0032005
:1095A0002070F9F766FB5AE102202070F9E700EB22
:1095B000D070C0F347049BF80A009BF809109BF891
:1095C000072000EB01209BF80810090401EB026161
:1095D0004518284612F050FD0146C4EB041000EB7C
:1095E00040026E481044C0F81E1090F8232062B16B
:1095F000084616F0ABF901462046EDF733F886F839
:109600000090604880F8009029E190F92810A1F1BD
:109610000C020A2A19D91739072907D801EBC10208
:1096200002EB01125E49895C01290ED0012D14D094
:1096300080F8257090F8250090B100E015E04FF417
:109640007A712046F5F738FCD9E7012D02D080F871
:109650002590EFE780F82570ECE780F82590E9E7A2
:1096600000212046F5F728FCC9E7A5F5E8503C386D
:109670007F2851D89BF8051002293CD100EBD0700F
:10968000C0F347029BF80A009BF809109BF80730CB
:1096900000EB01219BF80800000400EB0360084484
:1096A000C2EBC20101EB02133E4901EB430494F803
:1096B0002810E1B994F82D100C2909D3C2EBC2038C
:1096C00003EB4213384A1A4492F82620162A18D976
:1096D0001739072907D801EBC10202EB0112304903
:1096E000895C01290DD0012813D084F8267012F06E
:1096F000C3FCC4F81E0086F80190224880F8009050
:10970000ADE0012802D084F82690F0E784F82670B6
:10971000EDE784F82690EAE7A5F5F8509C38FF2895
:109720005DD89BF80510022948D100EBD070C0F33A
:1097300047019BF80A009BF809209BF8073000EBD3
:1097400002209BF80820120402EB03621044C1EBD4
:10975000C10202EB41121449541894F8231049BB7A
:1097600094F82610A1F10C020A2A2DD917390729DD
:1097700007D801EBC10202EB01120949895C0129FA
:1097800022D013E0D60300608C1E04607C2E04609F
:10979000F00200607A3104603F030060112A056026
:1097A000E2CB0260511E05607AD00260012813D01E
:1097B00084F8247012F060FCC4F81E0086F8029051
:1097C000FE4880F800904AE0012802D084F82490F6
:1097D000F0E784F82470EDE784F82490EAE7462D5A
:1097E0003DD19BF80600142839D101254FF03D09E1
:1097F0004FF03C0B04EB450000EB0A06B0797179A1
:1098000000EB012008EB4501A1F82B0071790BEB6F
:10981000450009F012F8B17909EB450009F00DF89F
:109820006D1CEDB20A2DE5D904F015FD17E0619825
:10983000D0B16198022817D0002001A90AEB0002DC
:1098400092790A54401CC0B20428F7D3042101A81D
:10985000FBF7EDFD010A8DF808108DF80900D848D6
:10986000877163B0BDE8F08F1AF804008DF800002E
:109870009BF801008DF8010098F804008DF80200B3
:1098800098F800008DF8030098F801008DF80400A6
:1098900098F802008DF8050098F803008DF806008E
:1098A00007216846FBF7C3FD020A8DF807208DF8F3
:1098B000080061980028D2D19BF801001928CED168
:1098C00098F804009BF802108842C8D89BF803104F
:1098D0008842C4D398F82600FBF71DFE98F826208E
:1098E00009216846FBF7BBFDB9E7B5488079002838
:1098F00002D1B449FCF79ABE7047B148FF2181708C
:109900004170704770B50446AE4E7178122905D08B
:10991000AB4DEA8C921EFF2902D010E0012070BDF1
:10992000B07854280BD1F078452808D130794D28EB
:1099300005D17079432802D1B0794F280DD019296B
:109940001CD0032945D0062943D0102941D0012934
:109950003FD005293DD0002070BDD1B29948FBF71A
:1099600066FDE98C3144891E4A78097842EA012172
:10997000814201D1012070BD002070BD04219148B9
:10998000FBF755FD7179327901EB0221814201D05B
:10999000002070BDB178F278914201D3134600E007
:1099A0000B4600D211469C4201D38C4201D90020C3
:1099B00070BD15F0CDFC142190FBF1F201FB1200FB
:1099C000C1B2002001E0401CC0B28842FBD301209C
:1099D00070BDD1B27B48FBF72AFDE98C3144891E6A
:1099E0004A78097842EA0121814201D1012070BD03
:1099F000002070BD08B519200090DFF8CCA101202F
:109A00008AF846000024DFF8BCB1DFF8C0816C4D55
:109A10004FF00009ABF2EE470098E2F75EFD6C48AC
:109A2000B0F86010A1F5A850B33803D169480068B8
:109A3000E2F7FEFD68490A200870BAF81400401CDD
:109A4000AAF8140097F82800022807D097F82900F0
:109A5000022803D097F82A0002287DD197F82660C3
:109A6000022E09D14FF4FA725C49564815F082FC77
:109A70002879A874E88BE8844EB94FF4FA725849F3
:109A8000504815F077FC287CA874688CE884012E77
:109A900009D14FF4FA7253494A4815F06BFC687CBF
:109AA000A874A88CE884A87C02280ED0641CE4B2B8
:109AB000642C03D900243046FBF780FC85F8129013
:109AC00097F82A00022837D03FE09BF803009BF864
:109AD000021000EB0120C0B2FFF714FFE0B19BF8C9
:109AE00000003979884201D0FF281DD197F826005F
:109AF000FBF711FD9BF80100FF2808D197F826001D
:109B00000022A030C3B211462E48F2F7ABFEFFF799
:109B1000F4FEFFF7EAFE07E097F82600324A32F833
:109B20001010491C22F8101097F82600FBF746FC8D
:109B300085F812900024C3E7287D30B1401EC0B2E2
:109B4000287510B90220FBF739FC97F82800022885
:109B50000AD1E87C00B100E006E0401EC0B2E87423
:109B600010B90020FBF72AFC287F401CC0B22877E0
:109B70000A287FF651AF85F81C9097F8280007282F
:109B800000D080B90021E86DE3F7D7FB012807D1A9
:109B900098F8000008B1022802D10020FBF70EFC63
:109BA000E86DE3F7F4FA97F82900072800D048BBDE
:109BB0000021686EE3F7C1FB012817E0D6030060BF
:109BC00058030060A051046088560460D703006009
:109BD0007C5B04601C040060DF030060AC4A04602E
:109BE000B84D0460AC4F04602603006007D198F8BC
:109BF000000008B1022802D10120FBF7DFFB686EEC
:109C0000E3F7C5FA97F82A00072802D000287FF466
:109C100003AF0021286EE3F790FB012807D198F8E5
:109C2000000008B1022802D10220FBF7C7FB286E12
:109C3000E3F7ADFAF0E61CB50446FBF787FBFE49F7
:109C40000023CDE900414FF48062FCA1AFF25B201C
:109C5000E2F79EFA1CBD70B5F74C0120543C2085FC
:109C6000FA4E96F82800022800D010B90020FBF721
:109C7000A5FB96F82900022800D010B90120FBF7B7
:109C80009DFB96F82A00022800D010B90220FBF7AD
:109C900095FB0025A4F8425025746584A4F844502F
:109CA0006574A584E584A57425872571E583E2495B
:109CB000FA201A310880488088800020E3F75BFA98
:109CC000E0650020E3F757FA60660020E3F753FAF7
:109CD00020660020E3F74FFAA065A57196F82800EA
:109CE00002280CD001280AD0092808D096F82A00AA
:109CF000022816D0012814D0092812D020E096F8A6
:109D0000230003280AD0042808D0072806D00C28EE
:109D100004D0082802D0CE48056011E0CD48056087
:109D20000EE096F82300CC4903280ED004280CD06E
:109D300007280AD00C2808D00A2809D0C1F8AC514D
:109D40000320E0752075E07470BDC1F8AC51F7E7F1
:109D5000C2480560F4E7B84A543A51784140C048D7
:109D60009378405C58405070BE48405C907070479B
:109D700001207047B54991F82A00092809D0012827
:109D800007D091F82800092805D0012803D0FF202A
:109D90007047022070470020704770B505460229C1
:109DA00025D80BD1B04C4FF040012046E0F7EAFA3D
:109DB00029462046BDE87040E0F770BA61B101293C
:109DC00015D1AA4C40212046E0F7DCFA294620466E
:109DD000BDE87040E0F762BAA54C40212046E0F7AC
:109DE000D1FA29462046BDE87040E0F757BA70BD69
:109DF0002DE9F041044615468F4E543EA6F840101A
:109E0000022D3BD8DFF8448200278DB9A6F84270B6
:109E100008F5837015F0C7FA98F8230003280AD0D4
:109E2000042808D0072806D0082804D088480460F1
:109E3000022D03D015E087480460F9E73787B6F8AC
:109E400040108C4815F0AFFA98F823008249032897
:109E500011D004280FD007280DD00C280BD0C1F842
:109E6000AC41012D0AD14036B7803188BDE8F041C0
:109E7000814815F098BAC1F8AC41F2E7BDE8F0812D
:109E80002DE9F04180460C46022C01D90020F5E76F
:109E90000025694F543F32E06CB9B7F84260B7F81B
:109EA0004000864207D37549324601F2DC5015F076
:109EB00061FA3046E2E7022C0CD13E8FB7F8400041
:109EC000864207D36B49324601F6E80015F052FA94
:109ED0003046D3E7012C0DD1B7F84460B7F8400005
:109EE000864207D36449324601F57A7015F042FA8A
:109EF0003046C3E70220E2F7F0FA6D1CADB24545EB
:109F0000CAD35F4830F81410491C20F81410002000
:109F1000B4E72DE9F041DFF8548140F22551404685
:109F2000E0F734FA444C01260025543C012830D097
:109F300040F2277739464046E0F728FA01289DD1BC
:109F400050484168491C4160A6754F480670A28E72
:109F5000501CA0864D48815C4046E0F79FF9A18ED9
:109F6000E08D81428AD340214046E0F704FA002880
:109F7000F9D040214046E0F705FA00223946404634
:109F8000E0F737F9A586E585BDE8F0410120FBF74C
:109F900015BA3F484168491C41603E480670B4F814
:109FA0004400B0F5F97F0AD84046E0F77BF9B4F8F1
:109FB00044104A1CA4F844202F4A505401E0A4F84D
:109FC000445035A12C4815F0F9F9204F90B1DFF835
:109FD000CC8098F8000068B9A4F8445097F829009C
:109FE000072805D0072187F829101E2008F025FC36
:109FF00088F8006097F82900072801D0002805D1CB
:10A00000B4F84400012801D97420A07236E72DE984
:10A01000F05F0E480026012490F82600FA251C4F18
:10A020004FF010094FF00C0A4FF0080BDFF8548086
:10A0300040F22551002833E0AC0300606D61696E89
:10A0400073657261696C7461736B0000B24C04607B
:10A0500088012242A0812242000023428001214245
:10A060002F1B04082F1C0408004800400044004037
:10A0700000380140AC4A0460AC4F0460B84D046045
:10A080002C030060801E046037040060C446046036
:10A09000741E0460360400607A69000000030060EA
:10A0A0003FD001287DD002287CD1FB48E0F76EF933
:10A0B000012878D0DFF8E09340F227773946484608
:10A0C000E0F764F901286DD1D8F80800401CC8F801
:10A0D0000800F24D6C71F2480470EA8E501CE8865C
:10A0E000F048815C4846E0F7D9F810F018FCE98E9A
:10A0F000288E814256D340214846E0F73CF900289B
:10A10000F9D040214846E0F73DF90022394648465B
:10A11000E0F76FF8EE862E86BDE8F05F0220FBF7D1
:10A120004DB940F22551E048E0F730F9012832D02E
:10A13000DFF8749340F2277739464846E0F726F96E
:10A1400001286BD1D54D6C75D8480470D8F8000043
:10A15000401CC8F800006A8E501C6886D448815C98
:10A160004846E0F79BF810F0DAFB698EA88D814233
:10A1700054D340214846E0F7FEF80028F9D00022E9
:10A1800039464846E0F735F86E86AE85BDE8F05FA3
:10A190000020FBF713B9C74804703868401C3860CA
:10A1A00002E090E03AE010E1DFF8F08208F16E089A
:10A1B000B8F8000008B9A8F80050B84FB8F8000087
:10A1C000BD4CB7F84210884212D92021B648E0F7BA
:10A1D000D9F840F22551B448E0F7F8F8B248E0F772
:10A1E00061F8B7F842104A1CA7F84220605402E018
:10A1F0000020FBF7E3F8B7F84200012810D003284D
:10A2000014D004281CD0072828D00E2840D0798CE0
:10A21000884203D302203874A7F84260BDE8F09F5B
:10A220007D84A8F80050F87DF874F7E76078192865
:10A2300001D106217984FF28F0D1A7F82290EDE71B
:10A24000E078A17800EB01200A28E7D160780628A1
:10A25000E4D1A7F822A0F87DF874DFE7607803283E
:10A2600009D0062807D0012805D0052803D01028DA
:10A2700004D07D84D2E7A7F822B0CFE76179092026
:10A2800000EB410078848D4880790830F874C5E788
:10A290006078FF28C2D1607A642802D2A7F82290A1
:10A2A000BCE7617B207B01F0010100EB0121E07A3A
:10A2B000A27A801A401C484310307884A8F8000025
:10A2C0006420F874AAE7DFF8F8910D464846E0F7F5
:10A2D0005DF8012832D040F2277739464846E0F74A
:10A2E00055F801289AD1D8F80400401CC8F8040099
:10A2F0006A4DAC7573480470AA8E501CA8867248CB
:10A30000815C4846DFF7CAFFA98EE88D814285D37C
:10A3100040214846E0F72FF80028F9D04021484670
:10A32000E0F730F8002239464846DFF762FFAE8694
:10A33000EE85BDE8F05F0120FBF740B87868401C6F
:10A34000786062480470554C614EB4F84400B0F532
:10A35000F97F11D820214846E0F714F829464846ED
:10A36000E0F734F84846DFF79DFFB4F844104A1C84
:10A37000A4F84420705402E00120FBF71FF8B4F861
:10A380004400012809D004280AD0072814D0A18C41
:10A39000884285D30220607440E7A4F824B03DE7EA
:10A3A000F078B17800EB01200A288BD1707806286C
:10A3B00088D1A4F824A031E770781028ECD1717905
:10A3C000092000EB4100A08428E7B868401CB86071
:10A3D00040480470DFF8C48008F16E08B8F8040043
:10A3E00008B9A8F804502D4FB8F804003A4C398F3A
:10A3F000884207D92848DFF755FF398F4A1C3A872A
:10A40000605402E00220FAF7D9FF20212648DFF746
:10A41000B9FF40F225512448DFF7D8FF388F0128D3
:10A420000ED0032812D004281AD0072826D00E28D0
:10A430005FD0F98B8842AFD1022038713E87EDE6BC
:10A44000FD83F87D3875A8F80450E7E66078192890
:10A4500001D10621F983FF289ED10E20F883DDE685
:10A46000E078A17800EB01200A2895D160780628D1
:10A4700092D1A7F81EA0F87D3875CFE66078032842
:10A480002CD006282AD0012828D0052826D010282C
:10A4900027D0FD83C2E6000000480040580300605A
:10A4A00039040060B8480460003801403504006099
:10A4B000D044046034040060B84D0460A0510460CE
:10A4C0000044004037040060C44604603604006065
:10A4D000AC4F046038040060AC4A0460A7F81EB0BA
:10A4E0009CE6A0790930F883FB48807908303875FC
:10A4F00094E66078FF28A2D1607A642802D2A7F897
:10A500001E908BE6617B207B01F0010100EB0121B5
:10A51000E07AA27A801A401C48431030F883A8F8E9
:10A5200004006420387579E62DE9F0470026DFF84D
:10A53000AC83EB4F0125EB4C40F2255A40F22779D2
:10A5400002280CD0002852D110F0E9F95146DFF86A
:10A5500098A35046DFF71AFF01284AD057E010F0C1
:10A56000DEF95146DFF884A35046DFF70FFF0128DC
:10A570000DD1DF4805705046DFF794FEC1B2DD48CB
:10A580000FF02FFED8F80800401CC8F80800C84695
:10A59000D14641464846DFF7F9FE012827D110F0A1
:10A5A000BEF9E28E501CE086D348815C4846DFF756
:10A5B00075FEE08E218E884213D340214846DFF796
:10A5C000DAFE0028F9D040214846DFF7DBFE002202
:10A5D00041464846DFF70DFEE68626860220FAF75A
:10A5E000EDFE6571C5480570B868401CB860BDE8EF
:10A5F000F087C3480570D8F80000401CC8F8000078
:10A600005046DFF74FFEC1B2BA480FF0EAFDC84628
:10A61000D14641464846DFF7B9FE0128E7D110F0A0
:10A620007EF9628E501C6086B648815C4846DFF732
:10A6300035FE608EA18D884213D340214846DFF756
:10A640009AFE0028F9D040214846DFF79BFE002201
:10A6500041464846DFF7CDFD6686A6850020FAF71D
:10A66000ADFE6575A84805703868401C3860BEE7C7
:10A670002DE9F05FA54F994DDFF8649297F824001B
:10A680000126984C4FF0000840F225514FF0020B84
:10A6900040F2277A002807D002283DD19348DFF7FF
:10A6A00075FE01287ED0BDE08F48DFF76FFE0128E0
:10A6B00033D08D4D51462846DFF768FE01282BD157
:10A6C000628E501C60868F48815C2846DFF7E6FD6D
:10A6D00010F025F9608EA18D884215D340212846BF
:10A6E000DFF749FE0028F9D040212846DFF74AFE6F
:10A6F000002251462846DFF77CFDA4F83280A4F8FA
:10A700002C800020FAF75AFE66757F480670D9F84B
:10A710000000401CC9F8000080E5794806702868F0
:10A72000401C2860B4F84200794DB0F5F97F09D893
:10A730006D48DFF7B7FDB4F842104A1CA4F8422078
:10A74000685402E00020FAF739FE97F84E0000281E
:10A75000E2D1B4F84200062805D12978FF2902D1B8
:10A760006978192907D00828D6D169780329D3D167
:10A77000E9790029D0D0801EC1B26548FAF757FEAA
:10A78000B4F842102944891E4A78097802EB012165
:10A790008142C1D187F828B0F8F7F3F8BDE8F05F3F
:10A7A000002000E001E0FAF709BE51480670A868F1
:10A7B000401CA860208F574DB0F5FA7F07D24B4858
:10A7C000DFF770FD218F4A1C2287685402E00220C7
:10A7D000FAF7F4FD97F84E0020BB208F062805D12C
:10A7E0002978FF2902D16978192906D0082819D1BA
:10A7F0006978032916D1E979A1B1801EC1B2454813
:10A80000FAF715FE218F2944891E4A78097802EB50
:10A810000121814206D187F82AB0F8F7B2F8022068
:10A82000FAF7CCFD314D51462846DFF7AFFD012840
:10A830008ED1E28E501CE0862F48815C2846DFF7DF
:10A840002DFD10F06CF8E08E218E884215D340214A
:10A850002846DFF790FD0028F9D040212846DFF791
:10A8600091FD002251462846DFF7C3FCA4F836804C
:10A87000A4F830800220FAF7A1FD66711F48067027
:10A88000D9F80800401CC9F80800C7E41F49022293
:10A8900091F82A00022806D0012808D0092806D0FD
:10A8A00081F82420E4E681F82620FFF7B0BB0220DF
:10A8B0003AE6164991F82900072809D040B108283E
:10A8C00006D0022806D1012081F82600FFF79FBBA1
:10A8D000FFF71FBB70470000A0510460741E0460A6
:10A8E000801E0460580300600038014000480040AA
:10A8F00038040060DC190560B84804603904006061
:10A9000034040060D044046035040060B24C04603C
:10A91000B84D0460AC4A04604149002291F8280017
:10A92000022806D0012808D0092806D081F8242062
:10A930009EE681F82620FFF76ABB0020F4E539483F
:10A94000807BC7E7C6E770B5354890F8230001283B
:10A9500001D005285ED1324C324D123C2088B0F532
:10A96000165F01D105206873012007F0C6FF687BE0
:10A9700005284FD1A07801284CD1E1780A2903D2CB
:10A980000122201DFAF76BFD2079522842D10122C5
:10A990000D210020FFF72CFA01216420FFF770FA47
:10A9A00010F0FF0F36D02049C87A0D2832D1087B2D
:10A9B0000A282FD1087877282CD148786E2829D1F9
:10A9C00088781A4A30385043CA7840F63543303ACE
:10A9D0005A4300EB4212087940F271233038584351
:10A9E00002EB00124879303800EB4003C3EBC01093
:10A9F00002EBC002C879303800EBC00303EB001053
:10AA000002EB8002087A303800EB800002EB400055
:10AA1000C4F80E0070BD024890F823005AE7000009
:10AA2000B24C0460580300609453046040420F002D
:10AA300070B5FE4C0025A078012805D1A570608B6B
:10AA4000052801D205206083A078022806D10120C4
:10AA5000F4F76EFBA570F4F700FE6583608B0028A9
:10AA600008D0401E80B26083002803D1BDE870404A
:10AA7000F4F7F3BD70BD2DE9F04F8DB06621EC48C1
:10AA800014F091FC0024DFF8A8A320460AEB04018F
:10AA900007F0C4FE641CE4B2042CF6D300240DF1CC
:10AAA000040909EB040104F1A30007F0B7FE641CDC
:10AAB000E4B2042CF5D39DF804009DF805109DF830
:10AAC000072000EB01209DF80610090401EB02614C
:10AAD0000844D8490860421C02D0B0F5800F0ED35C
:10AAE0009AF800009AF801209AF8033000EB02204F
:10AAF0009AF80220120402EB0362104408600AF183
:10AB00000701082007F08AFE002409EB040104F184
:10AB1000A70007F083FE641CE4B2042CF5D30AF10D
:10AB20000401062007F07AFE9AF804000126FF28A7
:10AB300000D028B931468AF80460062007F07DFE6F
:10AB4000BD499AF804000870B9492020273107F060
:10AB500065FE9AF827000025012801D98AF82750B8
:10AB6000B649212007F05AFEB4480178012904D9DA
:10AB700005700021212007F060FEAD492E200E3126
:10AB800007F04CFE9AF80E00022805D38AF80E5002
:10AB900000212E2007F051FEA44926200A3107F09B
:10ABA0003DFEA3490E20233107F038FE9AF823001A
:10ABB0000E2801D98AF82360A14864210180C821A8
:10ABC00041804FF4967181804FF4C871C1804FF479
:10ABD000FA7101814FF4167141814FF42F71818117
:10ABE0004FF44871C1814FF4617101824FF47A7161
:10ABF00041828F490F200A3107F010FE9AF80A00AF
:10AC000006274FF00508312811D39AF823000128B0
:10AC100004D0022805D0042806D008E08AF8238052
:10AC200005E08AF8237002E007208AF823009AF8EA
:10AC300023008449844A012875D0052873D0042351
:10AC4000022874D0062872D0032873D00A2868D04E
:10AC5000002867D004287DD007287BD00C287AD024
:10AC6000092879D00B2878D00E2877D015700D7070
:10AC70009AF80E0018B1012801D08AF80E5000246D
:10AC80000AEB040B0BF10F0104F12F0007F0C6FDD6
:10AC90000BF1190104F1330007F0C0FD0BF11D01A8
:10ACA00004F1370007F0BAFD641CE4B2042CE7D3CA
:10ACB00000240AEB0401133104F1280007F0AEFD73
:10ACC000641CE4B2062CF4D39AF8130010B30024E9
:10ACD0009AF81810282007F0B0FD9AF817102920CC
:10ACE00007F0ABFD9AF816102A2007F0A6FD9AF897
:10ACF00015102B2007F0A1FD9AF814102C2007F056
:10AD00009CFD9AF813102D2007F097FD641CE4B207
:10AD1000062CDDD39AF80F0080B358E003E006E07C
:10AD200008E023E026E00C2008701070A0E70F7008
:10AD300013709DE70B7002201070444890F8D730D4
:10AD40006BB10323137090F8040158B11078401CC4
:10AD500010708DE713E016E019E01CE01FE081F8A9
:10AD60000080F0E70878401C087081E70E70022030
:10AD700010707DE70A200870157079E713E008204D
:10AD80000870177074E70F7082F8008070E781F820
:10AD9000008013706CE781F80080137068E707206B
:10ADA0000870137064E79AF8100080B99AF81100DF
:10ADB00068B99AF8120050B9C0208AF80F00A8208C
:10ADC0008AF810008AF8115003208AF812009AF8C5
:10ADD0002A00012807D0092805D09AF82800012860
:10ADE00001D0092801D11A48067001A93D2007F0B9
:10ADF00015FD09F101013C2007F010FD9DF804004C
:10AE00009DF8051000EB012080B2AAF821004FF652
:10AE1000FF7B584500D008BB4FF4FB71AAF8211006
:10AE20003D2007F00AFDBAF8210013E0D4030060CA
:10AE3000B24C046088020060A1020060530400600C
:10AE4000EE5604609D0200609E020060112A0560BB
:10AE5000CC070060010A3C2007F0EFFC01A9C820E4
:10AE600007F0DCFC09F10101C92007F0D7FC8AF8E2
:10AE70005250FE49BF2007F0D1FCFC49C020891C7C
:10AE800007F0CCFC9AF85100022805D98AF85150F5
:10AE90000021BF2007F0D1FC9AF85300022805D901
:10AEA0008AF853500021C02007F0C7FC8AF855509B
:10AEB000EE49C420C91C07F0B1FCEC49C520491D6E
:10AEC00007F0ACFC9AF85400022805D98AF85450CF
:10AED0000021C42007F0B1FC9AF85600022805D9D9
:10AEE0008AF856500021C52007F0A7FC9DF8040001
:10AEF0009DF8051000EB012080B2AAF849005845E2
:10AF000002D008B1FF280CD14BF6C021AAF8491095
:10AF1000C82007F092FCBAF84900010AC92007F0DE
:10AF20008CFCD249C720083107F078FC9AF8590008
:10AF3000FF2801D18AF85950CC491D20293907F042
:10AF40006DFC9AF8280068B102280BD0072809D0B8
:10AF5000012807D0092805D08AF8285000211D2093
:10AF600007F06BFCC1491E20283907F057FC9AF8FE
:10AF7000290058B1022809D0072807D0082805D091
:10AF80008AF8295000211E2007F057FCB7491F20DE
:10AF9000273907F043FC9AF82A0068B102280BD041
:10AFA000072809D0012807D0092805D08AF82A5097
:10AFB00000211F2007F041FCAC492220103907F086
:10AFC0002DFC9AF84100FF2801D18AF841809AF8B7
:10AFD000230020B19AF82810FF2938D03AE08AF8E7
:10AFE00029509AF8280048B1022807D0012805D036
:10AFF0008AF8285000211F2007F01FFC9AF82A0029
:10B0000068B102280BD0072809D0012807D00928E9
:10B0100005D08AF82A5000211F2007F00EFC944822
:10B020000770944805709449532007F0F7FB924845
:10B030000178FF2904D139460770532007F0FDFB42
:10B04000002007F05AFC022007F057FC1FE0022105
:10B050008AF828109AF82910FF2901D18AF8295076
:10B060009AF82A10FF2902D107218AF82A109AF8A3
:10B070002910072901D1814A1570052801D0062819
:10B0800005D17F4807292CD059B3C0F88C51002036
:10B09000AAF82B0000240DF1040A3E200AEB440517
:10B0A00000EB44082946404607F0B8FB3F2000EB80
:10B0B0004409691C484607F0B1FB68781AF8141077
:10B0C0006A4A00EB012081B2513A601C02EB400554
:10B0D0008246A5F82B10A1F57F40FF3804D019B1A6
:10B0E00013E0C0F88C61D2E7DFF898B13BF81400A8
:10B0F000010A404607F0A1FB1BF81410484607F070
:10B100009CFB3BF81400A5F82B000AF0FF04092C67
:10B11000C1D903F0A0F855499A200D3907F07EFBFC
:10B1200052499B200C3907F079FB504C0025513CCB
:10B1300084F8465004F147010A2007F06FFB94F8A9
:10B140004700FF2805D184F8476001210A2007F055
:10B1500074FB4D49042007F061FB4B48017803293B
:10B1600004D903210170042007F067FB01A91B200B
:10B1700007F054FB0DF104090DF105011C2007F047
:10B180004DFB9DF804009DF8051000EB01203F49A0
:10B1900080B208804FF6FF7B584509D10A2008800D
:10B1A0000A211B2007F049FB00211C2007F045FB6A
:10B1B0003149532007F032FB2F480178FF2904D191
:10B1C00039460770532007F038FB2949092007F05A
:10B1D00025FB27480178FF2904D13946077009204B
:10B1E00007F02BFB2349522007F018FB2148017878
:10B1F000FF2904D139460770522007F01EFB0120B9
:10B2000007F07BFB022007F078FB002007F075FBBE
:10B210001648513890F823000A2807D1012007F07A
:10B220006CFB12490820513981F82900002409EBF0
:10B230000401884604F1B3001831074607F0EEFA1E
:10B2400098F81800FF2805D10021384607F0F5FAD4
:10B2500088F81850641CE4B20C2CE8D30024DFF802
:10B2600030A0542000EB440701A913E0034D046013
:10B27000640300606503006066030060FB02006019
:10B2800000002242EE5604608C01006094010060D0
:10B2900098D00160384607F0C1FA552000EB440809
:10B2A00009F10101404607F0B9FA9DF805009DF843
:10B2B000041000EB012058450AD14AF834503846B2
:10B2C000002107F0BAFA4046002107F0B6FA01E083
:10B2D0004AF8340009EB04015AF83400097E01F001
:10B2E0000F0100EB01404AF83400641CE4B20C2C5E
:10B2F000B7D300243746CB466C2000EB440801A9A5
:10B30000404607F08BFA6D2000EB44090BF1010178
:10B31000484607F083FA9DF805009DF8041007EBF6
:10B32000440600EB01204AF82600A0F57F41FF39D2
:10B3300008D14AF82650404607F07FFA48460021D7
:10B3400007F07BFA0BEB04015AF82600097E090985
:10B3500000EB01404AF82600641CE4B20C2CCBD36D
:10B3600001A90D2007F05AFA0BF101010C2007F09A
:10B3700055FA9DF805009DF804104FF6FF7600EB96
:10B380000120B0420DD1FF4C4FF4487121800D20B7
:10B3900007F053FAB4F90000C0F30F210C2007F0B6
:10B3A0004CFAF949192007F039FAF74801780129D0
:10B3B00004D905700021192007F03FFAF34907204E
:10B3C00007F02CFADFF8C483A8F1480898F8480081
:10B3D000FF2805D188F848700121072007F02DFAD1
:10B3E00098F84800052802D9022088F84800E84962
:10B3F0009C2007F013FAE649087808B1FF2809D124
:10B4000098F8120008B1087000E00F7009789C20CD
:10B4100007F013FA01A9E72007F000FA0BF1010188
:10B42000E62007F0FBF99DF804009DF8051000EBFD
:10B43000012080B2A8F8420058B93146A8F842600D
:10B44000E72007F0FAF9B8F84200010AE62007F011
:10B45000F4F901A9162007F0E1F90BF1010115201B
:10B4600007F0DCF99DF804009DF80510C94C00EBCD
:10B47000012080B2208008B1B04209D1394627802E
:10B48000162007F0DAF92088010A152007F0D5F90F
:10B49000C149172007F0C2F9BF480178FF2904D13C
:10B4A00029460570172007F0C8F9B849D620C91DEC
:10B4B00007F0B4F9B549CB20083107F0AFF998F897
:10B4C0005000FF2805D1294688F85050CB2007F0BE
:10B4D000B4F900240BEB040104F1AB0007F09EF972
:10B4E000641CE4B2042CF5D39DF804009DF805100B
:10B4F0009DF8072000EB01209DF80610090401EBE0
:10B5000002610844A549086001A9AF2007F086F947
:10B510000BF10101E12007F081F99DF804009DF88D
:10B52000051000EB01209E49088001A9B02007F01A
:10B5300075F90BF10101B12007F070F99DF80400D5
:10B540009DF8051000EB012080B2A8F84B00B04236
:10B5500000D060B940F2FF31A8F84B10B02007F0DE
:10B560006CF9B8F84B00010AB12007F066F901A99F
:10B57000CC2007F053F90BF10101CD2007F04EF973
:10B580009DF804009DF80510864C00EB012080B268
:10B590002080B0420AD142F210712180CC2007F005
:10B5A0004CF92088010ACD2007F047F97749B220ED
:10B5B000891D07F033F998F84E00FF2805D1294678
:10B5C00088F84E50B22007F038F977499D2007F0EF
:10B5D00025F9754A1078FF2801D0012804D8FE21EA
:10B5E00011709D2007F029F97049D12007F016F954
:10B5F0006E4C20785538102836D801A9D22007F093
:10B600000DF90BF10101D32007F008F90BF102014C
:10B61000D42007F003F90BF10301D52007F0FEF861
:10B620009DF804009DF805109DF8072000EB01200F
:10B630009DF80610090401EB02610844C4F80100FA
:10B64000B04211D1C4F801500021D22007F0F5F822
:10B650000021D32007F0F1F80021D42007F0EDF805
:10B660000021D52007F0E9F801A9122007F0D6F84B
:10B670000BF10101132007F0D1F89DF804009DF8AB
:10B68000051000EBC00202EB001001EB8001A1F5F8
:10B69000C050A23807D03F21122007F0CEF8062173
:10B6A000132007F0CAF83949E2201A3107F0B6F83A
:10B6B00098F86200FF2800D010B9032088F86200D3
:10B6C0003249E3201B3107F0A9F898F86300FF28FE
:10B6D00000D010B90E2088F863002C49E4201C31FA
:10B6E00007F09CF898F86400FF2802D098F86200F0
:10B6F00010B90B2088F864002449E5201D3107F0BB
:10B700008DF898F86500FF2800D010B9072088F858
:10B710006500E5F761FD01A9182007F07FF82449CD
:10B720009DF80400A1F8620001A9E82007F076F86E
:10B730000DB0BDE8F08F2DE9F0414FF4FB713D20D5
:10B7400007F07BF801213C2007F077F80121062063
:10B7500007F073F80121202007F06FF80021BF20C7
:10B7600007F06BF80021C02007F067F80021C42023
:10B7700007F063F80021C52007F05FF800219A2048
:10B7800018E000009203006061030060FA4C04605E
:10B790006702006094030060630300608C02006035
:10B7A000BE0100608203006066020060C0030060AA
:10B7B0007C5B046007F041F800219B2007F03DF816
:10B7C0000024542555266C274FF06D08002104F104
:10B7D000B30007F032F805EB4400002107F02DF824
:10B7E00006EB4400002107F028F807EB4400002195
:10B7F00007F023F808EB4400002107F01EF8641C52
:10B80000E4B20C2CE2D30021222007F016F8FE212E
:10B810009D2007F012F80021C72007F00EF8F3F77B
:10B820000DF872B6DFF7E4FA0024FE4D05EBC420F4
:10B83000DFF70BFB641CE4B2402CF7D3DFF7DEFA32
:10B8400062B60020F84A01211154401CC0B21A28E7
:10B85000FAD3F64802228270C174BDE8F08110B5B7
:10B86000F34908200AF095FAF24900200AF091FA0B
:10B87000F1480AF08BFAF1490C200AF081FAF049FC
:10B880000E200AF07DFAEF490F200AF079FABDE8A0
:10B890001040ED4910200AF073BA10B5EB4801468C
:10B8A000027848788978002A01D100B9D9B1FF2AF5
:10B8B00003D1FF2801D1FF2915D0E448E8F793FB15
:10B8C0000DF04EFAFFF7CBFFE14800680DF04FFA9C
:10B8D0000AF011F84FF0FF30E9F710FBDD4800786F
:10B8E000012824D025E0DC4C94F82300012806D060
:10B8F000052804D0022806D0062804D006E0D7A0E8
:10B90000E8F771FB02E0D7A0E8F76DFB94F823009D
:10B91000032801D0072802D1D4A0E8F764FB94F8EB
:10B9200023000828CCD1D3A0E8F75DFBC8E70CF0D2
:10B930008BFDD24908200870D14904200870D149F4
:10B9400005200870D04903200870E8F74FFDE8F79C
:10B9500078FDBDE81040E8F79FBDB4490120888319
:10B96000704786B0DFF824A34FF001088AF84380BF
:10B9700000200DF07FFEDFF81893002489F80040C6
:10B98000B54DC44E95F82A00012808D0092806D0E4
:10B9900095F82800012808D0092806D00AE00220DE
:10B9A0000EF09AFF86F8008004E000200EF094FF6D
:10B9B00086F800809D4EB48395F82A00092803D0AC
:10B9C00095F82800092802D1B34880F80080B34FC9
:10B9D0003C70B348047074733484DFF8C8B2AB4968
:10B9E000C889401CC8810720F0729B4D95F828003B
:10B9F00009280CD001280AD095F82A00092806D079
:10BA0000012804D041F28830E2F72EF8E7E705205C
:10BA1000E0F763FDB08B42F6E061B0FBF1F201FBB1
:10BA2000120141B195F82A10092916D095F828106D
:10BA3000092912D0C1E095F82300401F03280AD835
:10BA400095F82A00092803D095F82800092802D182
:10BA5000914880F80080B483AFE0C821B0FBF1F2D8
:10BA600001FB120000287CD13878012818D099F801
:10BA70000000C0EBC0018C4800EB8100817E491CB6
:10BA8000C9B281760A2901D98476C472874899F8A7
:10BA900000100078814225D2491C89F8001023E06B
:10BAA00099F80000DFF800A2C0EBC0000AEB8000AC
:10BAB0000023C17880786A46F3F70AF9401C07D062
:10BAC0009DF8000005222B21484379490844C2749F
:10BAD00099F80000C0EBC0000AEB8000847680F883
:10BAE0000B80D3E789F8004099F80010814239D1E2
:10BAF00070799BF8001088422AD22B22DFF8B0A17F
:10BB000000FB02F151448A7CB2B9D1F805209AB900
:10BB10004A7D521C4A753C70E9F7DEF86549707938
:10BB2000087002E0C820E1F79FFF387820B9284666
:10BB30006D1CEDB21428F5D370792B2100FB01A008
:10BB4000417D052904D90168C0F805104475847247
:10BB50007079401CC0B270719BF8001088422CD9DB
:10BB600074712AE0F8B195F82A00092803D095F8F5
:10BB70002800092821D13C704B4DC1EBC10005EBD9
:10BB8000800000944C4A037DB0F81710407D127875
:10BB9000F0F772FB002807DB99F80010C1EBC10138
:10BBA00005EB8101487608E099F80000C0EBC00081
:10BBB00005EB8000817E491C8176B08B401CB083F0
:10BBC000707B00287FF422AF304900234FF41672B7
:10BBD0007A3101A800940DF09DF80246002A3FF446
:10BBE00015AF2A4900237A3101A80EF0B7FBF6E61B
:10BBF0002DE9F04F89B00D4E0025308BB0F5616F07
:10BC00000FD2401C3083DFF8B4B02D481F4C317880
:10BC10009BF8002003780DF10C095A344FF0010A0B
:10BC200050E0B5E000000608A4B50360D40300604E
:10BC3000B5A6030889A2030885A80308CDA50308B3
:10BC400003B60308FDA60308D5B80308B47803605B
:10BC50008802006063030060B24C046054332D42DC
:10BC60004200000054332D4C4200000054332D5448
:10BC70004200000054332D4E42000000D407006003
:10BC8000D2070060E2070060E307006088560460A6
:10BC900046030060CC070060CD0700604D030060E4
:10BCA000570200606C020060887F03606A020060D7
:10BCB000889B03604703006067020060E802006041
:10BCC000F30200604FF015084FF6FF77914202D162
:10BCD000717899421FD0FAA103A814F025FE022022
:10BCE000207029466570C4F802904A4684F806A080
:10BCF00084F8078021816781CDE9008101230297C3
:10BD0000F4F70FFA9BF800003070F148007870707B
:10BD1000012009B00DE5EF49326D706A4B6D90421C
:10BD200002D1B06A984218D07262B362EAA103A845
:10BD300014F0FAFD0320207029466570C4F80290C3
:10BD400084F806A084F8078021816781CDE900810D
:10BD500001234A460297F4F7E4F906F07BFDE24A34
:10BD6000E2A103A814F0E0FD0420207029466570CC
:10BD7000C4F802904A4684F806A084F8078021811E
:10BD80006781CDE9008101230297F4F7CAF904E045
:10BD9000F4F793F9F4F73DFB35830020B9E7CD4C78
:10BDA0000020207060706062A0622083A073E07346
:10BDB000E062CF4D012685F83D606083A070CD4FD5
:10BDC000FA20E0F78AFB288808B9DCF7BAFF688810
:10BDD000401C6880E672A07980070DD1E5F77DFBF5
:10BDE00001F002FE97F82300012801D0052801D1B7
:10BDF000FFF7FEFEDFF757FDA079401CA071DFE7DB
:10BE00002DE9F041BC48BD4D0068010C29876887C9
:10BE1000BB490968081AB0F5616F04D3E88C401C6F
:10BE2000E884E4F769FBAB4C0026B64F616B206DEC
:10BE30004FF03C08814202D06063A67511E0217A80
:10BE4000491CC9B221720A290BD348B1688C401C25
:10BE50006884E4F751FBA7F80080A07D401CA07522
:10BE60002672216B606D814202D02063A67511E0BD
:10BE7000617A491CC9B2617264290BD348B1A88C9C
:10BE8000401CA884E4F738FBA7F80080A07D401C84
:10BE9000A07566723888A5F85600411E39800BD20D
:10BEA000B5F85400401CA5F85400E4F725FBA7F8AA
:10BEB0000080A07D401CA075A07D05280BD3A67531
:10BEC00035F85E0F401C2880206D002803D0BDE8A7
:10BED000F041F9F77ABBC0E40EB57E4D00242C7515
:10BEE000AC74EC742C746C74DFF804924FF001089D
:10BEF00089F84A80EC702C71EC83834800680CF060
:10BF000036FF80494FF416700880DFF800A2794FA1
:10BF10004FF00A0B4FF47A70E0F7DFFAB9F81C0023
:10BF2000401CA9F81C000E20E872EBF76FF8784E61
:10BF30003078012804D0022807D003280AD00DE069
:10BF4000002006F0DAFC347008E0012006F0D5FC91
:10BF5000347003E0022006F0D0FC3470674A286D8C
:10BF60001082696D51826B4A904201D8914201D989
:10BF70002C656C65F2F74AFFEFF7DEFDFFF740FF37
:10BF8000B7F84900E1F767FE634E307958B9B078E9
:10BF9000022808D1707830B959480068B0F5616F4F
:10BFA00001D9F9F712FBF9F787F9E6F7BAF9F8F7CB
:10BFB00024F9E8F759FDEBF73EF85849087808B13D
:10BFC000401E0870F2F7E3FD97F8230001280DD01A
:10BFD00005280BD0022809D0062807D0042805D050
:10BFE000072803D0032801D0082829D1E98BB1F50F
:10BFF000966F25D24A4A1278012A21D1491C89B26A
:10C00000E983B1FBFBF20BFB1211C9B9022801D085
:10C01000062806D1DAF80000E0F70AFB0120DEF777
:10C02000E9FC04F00BF897F82300022801D0062859
:10C0300006D10020DEF7DEFCDAF80000E0F74AFB6C
:10C04000EEF7C2FAE87C012801D1F9F7B1FA287BB2
:10C0500001280DD130787178CDE901040091B378D1
:10C06000F2787179B079DFF727FCDFF71CFC2C73CD
:10C07000F9F707F997F8470002286BD1E879401CD7
:10C08000E871E5F71AFD287CC0B9E5F783FC0528BF
:10C0900009D0687C05284DD2E879B0FBFBF10BFB99
:10C0A000110060B149E085F810801E4831680160D8
:10C0B00071684160318901816C743EE03DE033E09C
:10C0C00044423A202575204F4E3A20257500000045
:10C0D000F3020060D403006052583A256C75205476
:10C0E000583A256C7500000002CA046025730000F0
:10C0F00088560460B24C0460280100607C5B0460D8
:10C10000A403006096030060880200604804006099
:10C110005B0300603F420F00F817006057020060A9
:10C12000740400602CB80260E5F7BDFC687C401C1C
:10C13000687402E06C7485F81080FE48E979008824
:10C14000C0EB0010B1EB800F04D9E5F7ACFCEC714B
:10C150002C746C74E87801280CD12879401CC0B28A
:10C160002871052806D9F4480068E0F7B3FA0220E0
:10C17000E8702C71687D3C2802D2401C687502E092
:10C180006C75E9F742FBA87C012802D1FFF7D3FACE
:10C19000AC74002009EB000191F83C20012A0DD17C
:10C1A00009EB40031A88DE8BB24203D0DA8381F8B0
:10C1B0004B4003E011F84B2F521C0A7099F84B10BA
:10C1C000142903D989F84B4085F81380401CC0B26C
:10C1D0000F28DFD3FEF72CFC9CE610B545F2555036
:10C1E000DCF7A6FD0520DCF7A6FD4FF47A60DCF74E
:10C1F000A5FDDCF7A6FDBDE81040DCF7A7BD38B50E
:10C2000001210D20DCF7D5FE0121CC48DCF73EFDF5
:10C210004FF4C044ADF8004010208DF80300032017
:10C220008DF80200C64D69462846DCF79EFC214683
:10C230002846DCF70BFD38BD08B501218020DCF76E
:10C24000B8FE8020ADF8000003208DF80200102019
:10C250008DF803006946BB48DCF787FC08BD2DE973
:10C26000FE4FB94800240460B8490803DCF731F9EF
:10C27000FFF7C5FF4FF4A060DCF7F6F8012120209E
:10C28000DCF797FE4820E1F7BBFB06F0C5FA00207B
:10C29000AF4921F81040401C80B23228F9D301F098
:10C2A00085FD4FF4E130E1F721FA2720DEF7CAFAE5
:10C2B000A84DA94E552836D00021DB2006F0BDFA46
:10C2C0000021DC2006F0B9FA0021DD2006F0B5FAE5
:10C2D0000021DE2006F0B1FA2C6000212720DEF7D5
:10C2E000D2FA9E49262006F099FA9B490E20233166
:10C2F00006F094FA96F82300994FDFF8688201253A
:10C3000004283ED007283CD00C283AD0082838D042
:10C31000C8F88851FFF790FF96F82300022835D01F
:10C32000062833D036E002A9DB2006F077FA02AF08
:10C33000791CDC2006F072FAB91CDD2006F06EFADA
:10C34000F91CDE2006F06AFA83490F200A3106F054
:10C3500065FA9DF808009DF809109DF80B2000EB88
:10C3600001209DF80A10090401EB026108442860CD
:10C37000B17A422902D20A302860AEE7C01C286098
:10C38000ABE7C7F8A05102F067FFC5E7C8F88451D2
:10C39000C7F88C4174A014F0B7FADFF7F1FA5A210C
:10C3A000744813F000F8F2F749FAFEF764FB96F8C8
:10C3B00023004FF6FF774FF01508012801D9052813
:10C3C00017D1F3F77AFEF4F713F8F4F7B6F8CDE9DE
:10C3D00000840021012368A208460297F3F7A1FE1A
:10C3E000CDE90084012369A2002118460297F3F7E2
:10C3F00098FE96F82310DFF8A4A14FF4FA790129EA
:10C4000008D0052906D002290CD006290AD0032914
:10C4100010D021E0CAF89C41484606F014FACAF848
:10C420009C5119E0CAF89C41484606F00CFACAF83B
:10C430009C5111E0F079072807D3CAF89C4148467F
:10C4400006F001FACAF89C5106E0CAF89C51484629
:10C4500006F0F9F9CAF89C41F4F706F9F6F7D9FBAA
:10C46000F2F7ACFFF3F78FFBF5F7DFFE40F2CF21D9
:10C470006420DEF78BFEDFF828A18AF8005003F075
:10C48000DDFD9AF80000022806D096F82300012866
:10C4900012D9052810D018E096F82300012801D9F8
:10C4A000052812D1CDE9008401233EA200210320FA
:10C4B0000297F3F736FE08E0CDE9008401233DA2A0
:10C4C000002103200297F3F72CFEEFF777F9EDF741
:10C4D0004CF9F1F796FFF1F7A1FFFDF7BCFB3A48E5
:10C4E000047001F076FA0A2007F034FA1B480221A2
:10C4F0003230CDE900104FF4807A0023524633A148
:10C50000AFF26570DFF744FEFFF7C7F90C20FDF7C7
:10C5100092FB96F82300012801D9052808D1CDE91E
:10C52000008401232CA2002104200297F3F7F9FDD7
:10C530005CE000009401006018030060000430001B
:10C5400000080140001C0140A403006000800008B6
:10C550007C5B0460A8030060B24C0460DE030060F2
:10C5600000802242000022426D696E692061707075
:10C570000D0A00008856046073746570313A204CCF
:10C5800043442026204B45592000000073746570F9
:10C59000323A204532204F4B2000000000802342D9
:10C5A0007404006073746570343A20534420455815
:10C5B0004953540073746570343A20534420494EF3
:10C5C0004558495354000000F3020060436F6D6DFD
:10C5D0006F6E5F7461736B0073746570353A2049D8
:10C5E0004E495449414C204F4B000000F3F711FFD6
:10C5F00036480023CDE9005040F6B83234A1374820
:10C60000DFF7C6FD96F8231001290CD005290AD0C2
:10C61000022908D0062906D0042908D0072906D007
:10C620000C2904D00EE0072001F0B2F80AE02748F8
:10C6300003210C30CDE9001000234A4628A12D48E3
:10C64000DFF7A6FD2C4C0023CDE900544FF4007217
:10C650002AA13148DFF79CFDCDE900540023524662
:10C660002EA13548DFF794FD0320F8F7CDFC1748DD
:10C670000B210838CDE900104FF400640023224656
:10C680002EA1AFF62150DFF783FD10480821001DD1
:10C69000CDE90010002322462DA13248DFF778FDB6
:10C6A0000A480D210830CDE9001000234FF47A72BA
:10C6B0002DA1AFF2DB70DFF76BFD052002F063FD0B
:10C6C000BDE8FE4FE0F7A2B8704700001404006018
:10C6D00054435049505F7461736B000001070108B7
:10C6E000726566726573685F6C65645F7461736BB5
:10C6F00000000000BDFF0208480300605363616E44
:10C700005F6E6574776F726B5F6261636E65745F95
:10C710005461736B00000000374202085363616E7E
:10C720005F6E6574776F726B5F6D6F646275735F58
:10C730005461736B00000000814902084D617374FD
:10C7400065725F4E6F64655F7461736B000000001B
:10C750004241435F436F6E74726F6C5F7461736BC1
:10C7600000000000736901086D6F6E69746F725F7D
:10C770007461736B0000000010B50E21864B9A7B2C
:10C78000824202D94FF4AF6010BD491EC9B25C5C51
:10C79000224482421CD9101A642250435A5C90FBF6
:10C7A000F2F0042909D3091F01EBC10202EB0111C8
:10C7B00000EB8100C0F30E0010BD01EBC10202EBE3
:10C7C000011100EB8100C0F5C87040F4004010BDBD
:10C7D0000029DAD148F2E83010BD70B504461E4693
:10C7E000002C1AD0012C1BD06C4E022C2DD0032C07
:10C7F00001D0052C13D1084613F0A8F8314612F0E9
:10C80000ECFF674912F0B7FF13F0CCF818282DDCC5
:10C81000052C27D0032C27D032E08819803870BD32
:10C820000846FFF7A9FF010402D5C0F30E004042FD
:10C830005C49497A31B100EBC000052190FBF1F071
:10C8400000F5A0703044803870BD084613F07EF8C3
:10C85000314612F0C2FF544912F08DFFBDE870401E
:10C8600013F0A0B801250BE0002509E01A2807DB2A
:10C87000052C02D0032C02D002E0002500E00125A7
:10C88000284670BD10B58021484812F08CFD4748FD
:10C890004021803012F087FD44484021C03012F022
:10C8A00082FDBDE810402021414812F07CBD2DE9F9
:10C8B000F047C0EBC00202EB00133E4A02EB430418
:10C8C00094F82D200F2A41D0192A3FD01D2A3DD09F
:10C8D000394A527E282A39D84FF6FF79B1F5806F50
:10C8E00002D34846BDE8F087DFF8C4C02F4FACF153
:10C8F00080051CF800304FF0000805F140060AB230
:10C900009BB335F910A08A4501D225F8102036F9DD
:10C9100010A08A4501D926F8102057F8202011448C
:10C9200047F820105B1CDAB20CF800200A2A24D346
:10C930000CF8008035F91020891A36F91020891A70
:10C9400047F82010CA1701EB5271C910174D803DEE
:10C9500055F82030CA1A642A02DA12F1640F0EDC8C
:10C9600003EB620145F8201012E0FFE725F81020E4
:10C9700026F8102047F82080CFE74846B2E794F920
:10C98000222053431944521C91FBF2F145F8201028
:10C9900055F82000A6E700002F1D040800C07F44C2
:10C9A00000004842B24C04600000C842DC590460F8
:10C9B000DC5A0460511E056036C0026010B580204C
:10C9C00005F046FFFC4890F82300BDE8104005F054
:10C9D0003FBF2DE9F05F82468946F74E96F8230067
:10C9E000022801D0062806D1F44805210068E0F7A6
:10C9F000A4FC00287ED0504605F02AFFFF2005F059
:10CA000027FF09F10200C7B20024ED4D05E0FF2029
:10CA1000DDF7C4FF2855641CE4B2BC42F7D3BAF179
:10CA2000250F05D0281910F8021C552914D017E03D
:10CA3000A01EC1B2E248F8F7FAFC291911F8022C3D
:10CA4000B2EB102F06D111F8011CC0B2884201D1FF
:10CA5000002206E0012204E010F8010CAA2804D00C
:10CA600001222878552802D010E00022F9E76878E2
:10CA700055280BD1A878552808D1E878552805D134
:10CA80002879552802D1FFF799FF0122CC4CCD4BD4
:10CA9000FC3C4FF001089AB12088401C208083F8AC
:10CAA0000280D878401CD87096F82300022801D064
:10CAB00006281FD1C1480068BDE8F05FE0F767BBFA
:10CAC0006088401C608000229A70DA70BE4FBAF114
:10CAD000230F14D0BAF1240F02D0BAF1250FE3D1FD
:10CAE00096F82300DFF8E4924FF6FF7ADFF8E0B221
:10CAF000012800E01CE161D005285FD09DE096F898
:10CB00002300B449032801D000202BE000202C5C36
:10CB100021F810408C787C760C79BC7697F8F6403A
:10CB200004F0FE0487F8F640401CC0B20428EED39F
:10CB300083F80180DA75B7E7062809D205EB400CC7
:10CB400015F810A09CF801C00CEB0A2C21F810C0BD
:10CB500091F802C087F819C091F800C087F81AC090
:10CB6000401CC0B2B0EB590FE6D348882A2802D344
:10CB7000888801280CD097F8F60000F0FE0087F8AE
:10CB8000F600787E58B1BD7E4DB183F8018009E092
:10CB900097F8F60040F0010087F8F600F1E7162557
:10CBA000A4F850500C890CB9498901B15A70092870
:10CBB00001D3DA7578E783F8178075E70021002044
:10CBC0002A5C022A00D90121401CC0B21828F7D3E0
:10CBD00099BB814880F800800024C4EB041101EB6C
:10CBE00041014944285D91F92420904207D0022850
:10CBF00005D8285D81F824002046E9F7DFFF641C92
:10CC0000E4B2182CE9D3002405EB4400417E007EF9
:10CC100001EB002081B22046FFF749FE80B250456B
:10CC200007D0B6F84B10C0EB8020B0FBF1F02BF82A
:10CC30001400641CE4B2202CE6D396F823000228EA
:10CC400001D0062845D1002100202A5C022A00D903
:10CC50000121401CC0B20A28F7D3D1BB5E4880F83E
:10CC600000800024C4EB041000EB40004844295D20
:10CC700090F9242091420ED002290CD896F8231066
:10CC8000062902D1F179642935D0295D80F8241074
:10CC90002046E9F793FF641CE4B20A2CE2D3002497
:10CCA00005EB4400417E007E01EB002081B220466E
:10CCB000FFF7FDFD80B2504507D0B6F84B10C0EB32
:10CCC0008020B0FBF1F02BF81400641CE4B2102CAF
:10CCD000E6D3787E1E28FFF42EAF0024DFF8FC8018
:10CCE00096F82300012809D0052807D0022807D08C
:10CCF000062805D005E080F82480C9E71A2700E05F
:10CD00000A2705EB840111F8580F4A7840EA0220FF
:10CD10008A78C978120442EA016108430FF0ACF93D
:10CD2000391948F82100641CE4B2062CD8D3BBE6BC
:10CD3000BDE8F09F2DE9F04781460D4616461E4F8F
:10CD4000DFF8788097F82300022801D0062806D162
:10CD50000521D8F80000E0F7F0FA002840D0484656
:10CD600005F076FD002404E0285D05F071FD641CEB
:10CD7000E4B2B442F8D3B9F1150F11D0552005F043
:10CD800067FDAA2005F064FD97F82300022801D072
:10CD9000062825D1D8F80000BDE8F047E0F7F7B93C
:10CDA00031462846F8F743FB0446200A05F050FDBB
:10CDB000E0B205F04DFDE7E7B24C046048020060C8
:10CDC000785C04602C04006036C00260112A0560A3
:10CDD00036B8026036BA0260550400600856046036
:10CDE000BDE8F0872DE9F041FE4CFF4DE078A880CA
:10CDF000A17800291AD01E2818D90120E8F7A2FE30
:10CE0000FA48002690F82300052801D006280BD107
:10CE1000F74F3E60642005F018FD01203860207057
:10CE20002675E888401CE880E670A670BDE8F081B1
:10CE30002DE9F84F00200023EA49193191F800E06C
:10CE400049780091E74AE949157B91F82340567BE0
:10CE5000177A92F809C092F8078092F8069092F833
:10CE60000AA092F80BB00021012C08D0052C06D0A6
:10CE7000022C55D0062C53D0032C7CD098E0DB4CF0
:10CE8000E479152C11D30DB10220117316B140F0C5
:10CE90000100517317B140F008001172BCF1000F8E
:10CEA00014D040F00400517210E00FB10220117252
:10CEB000BCF1000F02D040F00100517215B140F0FA
:10CEC0000800117316B140F004005173B8F1000F5F
:10CED00002D040F02000D171B9F1000F02D040F033
:10CEE00010009171C14C94F82940072C0BD0BAF175
:10CEF000000F01D002239172BBF1000F58D043F014
:10CF00000103D17254E0BAF1000F02D040F080006A
:10CF10009172BBF1000F4BD040F04000D17247E05E
:10CF20000DB10220117316B140F001005173B8F138
:10CF3000000F02D040F00800D171B9F1000F02D00B
:10CF400040F00400917117B140F020001172BCF163
:10CF5000000F02D040F010005172BBF1000F02D060
:10CF600040F04000D172BAF1000F21D040F08000B3
:10CF700091721DE0FFE70DB11020117316B140F062
:10CF800020005173B8F1000F02D040F00400D171BD
:10CF9000B9F1000F02D040F00800917117B140F0D4
:10CFA00001001172BCF1000F02D040F0020051727A
:10CFB0008C49193108700124704500D094744B706D
:10CFC0000098834200D09474BDE8F88F2DE9FF5F8C
:10CFD000884840882A2802D34FF0040B01E04FF024
:10CFE000010B824890F8230001280CD005280AD0B4
:10CFF00002280FD006280DD0042812D0072810D000
:10D000000C2822D026E020200190182000904FF01C
:10D010000C091FE0102001900A2000904FF0060933
:10D0200018E0082001900E2000904FF00609724889
:10D0300090F8311109B94FF0070990F85E0148B92D
:10D0400009F1010909F0FF0904E00B2001900090AB
:10D050004FF006090024644D4FF0050864354FF089
:10D06000010A00278FE1285D02905F49634840393B
:10D0700030F8140031F81410884203D9411AC9B2AB
:10D08000039102E0091AC9B20391C4EBC40101EB98
:10D0900004125B4901EB420696F82D10B9B196F8DF
:10D0A0002720B2B196F82800B0B356F81E0F0EF044
:10D0B000E3FF4FF47A7190FBF1F0F17B0A2973D80A
:10D0C000002872D00A2871D205F804A037E12F5544
:10D0D00035E196F92820012A01D08AB32FE10A29E7
:10D0E00032D8CBEB8B1101EBCB11B0EB810F01D917
:10D0F0002F5524E1A7210BFB01F1B0EB810F02D9E1
:10D1000005F804A01BE18D210BFB01F1B0EB810FB1
:10D1100003D90220285512E186E073210BFB01F1AF
:10D12000B0EB810F02D90320285508E1CBEBCB01EE
:10D1300001EB0B11B0EB011F03D904202855FEE0D1
:10D140003EE005F80480FAE019290CD00F290AD036
:10D150001D2908D00BEBCB0101EB0B11B0EB410FFC
:10D160000CD22F55EBE02048DC30015D012901D0C5
:10D170002F55E4E005F804800755E0E0B0EBC10F5F
:10D1800002D205F804A0DAE0B0EB011F02D20220BF
:10D190002855D4E0CBEB0B1202EB8202B0EBC20FAE
:10D1A00005D203202855CAE073E05EE05FE0B0EBF3
:10D1B000411F02D204202855C1E005F80480BEE0DA
:10D1C000A1F10C000A2823D91739072907D801EB48
:10D1D000C10000EB01110B48405C012818D096F803
:10D1E000260011E02C0400607C5B0460B24C0460FB
:10D1F0009C81234236BA0260112A056036B802606B
:10D20000511E0560E2CB026001280AD02F5596E03E
:10D2100096F82600012802D005F804808FE02F55EB
:10D220008DE005F804808AE0A1F10C000A2810D9ED
:10D230001739072907D801EBC10000EB0111FC48A1
:10D24000405C012805D096F8260001280AD02F5509
:10D2500075E096F82600012802D005F804806EE0FB
:10D260002F556CE005F8048069E02F5567E014281D
:10D2700002D20220285562E01E2802D2032028553F
:10D280005DE0282802D20420285558E005F80480E3
:10D2900055E00B2901D0112918D120B1012804D85B
:10D2A00005F804A012E02F5510E0022802D802224F
:10D2B0002A550BE0032802D803222A5506E0042849
:10D2C00002D804222A5501E005F804800D2919D15D
:10D2D000042801D82F5515E0072802D805F804A026
:10D2E00010E00A2802D802222A550BE00E2802D8A4
:10D2F00003222A5506E0122802D804222A5501E00A
:10D3000005F80480132901D0102918D120B1022872
:10D3100004D805F804A012E02F5510E0042802D824
:10D32000022028550BE0062802D80320285506E0E5
:10D33000082802D80420285501E005F80480285D5B
:10D34000029988420BD00BEBCB0101EB0B12039936
:10D35000B1EB420F03D9B74981F811A00F71B6495B
:10D3600031F81420B54921F8142000F00F00285599
:10D37000B349095D21B1491E40EA0110285500E07A
:10D380002855641CE4B201988442FFF46CAEAD48A9
:10D39000AA4D0078C435012801D000208AE000247D
:10D3A000DFF8A4B27EE02E5DC4EB041000EB400178
:10D3B000A648084490F92410012903D091B302290A
:10D3C00062D066E090F9281049B14C450BD2D0F8F4
:10D3D0001E000EF051FE20B105F8048059E02F55D3
:10D3E00057E02F5555E090F82320012A14D0A1F1E1
:10D3F0000C020A2A3AD91739072907D801EBC102CA
:10D4000002EB01128A49895C01292FD090F825008E
:10D41000012834D02F553CE03BF81400322802D2CA
:10D420002F5536E02EE0A0F13201962902D205F800
:10D4300004A02EE0A0F1C801C82902D2022028557C
:10D4400027E0A0F5C871C82902D20320285520E0A2
:10D45000A0F51671C82902D20420285519E0A0F5BC
:10D460004870DF2815D205F8048012E090F82500F6
:10D47000012802D005F804800BE02F5509E005F8DB
:10D48000048006E02F5504E090F8280008B105F864
:10D490000480285DB04203D0664880F810A0477130
:10D4A000641CE4B200988442FFF47DAF05E02F5481
:10D4B000401CC0B200998842F9D3BDE8FF5FB7E4D1
:10D4C0002DE9F04F0127624840882A2800D304271D
:10D4D00000205A4EDFF87C8107EBC701DFF878C1E6
:10D4E000DFF854915D4D002401EB0711DC3616F88E
:10D4F00000A0BAF1010F14D13CF8102039F8103017
:10D500009A420ED0C7EB071B0BEB8B0BB3EBCB0F89
:10D5100007D9B2EB011F04D258F82020521C48F85A
:10D520002020BAF1020F09D148F82040C0EBC00218
:10D5300002EB001205EB4202C2F81E4039F810203F
:10D540003CF8103002EB011A9A4503D303EB0113A8
:10D55000934201D22CF81020401CC0B22028C6D320
:10D560000020364BFC33A3F59E72195C012914D0C0
:10D57000C0EBC00101EB001105EB410191F82D104A
:10D58000192918D00F2916D01D2914D03454401C45
:10D59000C0B22028E9D3BDE8F08F0221315432F81F
:10D5A0001010491C89B222F810101429EFD922F862
:10D5B00010401C54EBE701213154E8E79AB0DFF842
:10D5C000A0B04FF001088BF844801A4D00242C764F
:10D5D000DFF868A0DFF88C900AF1C00ABBF81000F1
:10D5E000401C80B2ABF810002821B0FBF1F201FB27
:10D5F000120008B9FFF764FFFFF7E8FC1A4908209A
:10D600000870FFF7EFFB0D4E4036B6F85000372894
:10D610002CD00B2831D0162838D03220DEF75DFF11
:10D62000287890B3287D1E283AD2401C2875D5E76B
:10D63000E2CB02602C04006036B802603C5B046000
:10D64000D12905605504006036B90260112A0560D1
:10D6500036BA026008560460B6B80260511E056012
:10D660008856046036C00260DF030060552005F074
:10D67000EFF84B20DEF731FFB0E7112005F0E8F8B6
:10D680004FF4FA70DEF729FFA8E70DE0824F3C6007
:10D69000642005F0DAF8C7F80080A6F850409DE74E
:10D6A000FFF78CF92C7099E7687850B1287E68B143
:10D6B00099F819002D2865D370212520FFF789F9E5
:10D6C00064E00C212320FFF784F987E7B5F81900FF
:10D6D000ADF80400182271490DF1060011F04AFE60
:10D6E0006E49202220390DF11E0011F043FE99F8F9
:10D6F00019600A2E3FD36A4890F82300012806D00B
:10D70000052804D002280BD0062809D010E0DAF84A
:10D710003600CDF83E00BAF83A00ADF8420007E016
:10D72000DAF82600CDF83E00BAF82A00ADF842003B
:10D73000687D01280DD1A87D411CCFB2AF75C0070F
:10D740000FD00522402101A811F026FE322F00D96A
:10D750006C752D2E0AD3402201A91520FFF7EAFA95
:10D7600009E0402101A811F01EFEEFE7402201A9C7
:10D770001420FFF7DFFA85F81880A87C00288ED0E7
:10D78000AC742BE770212420FFF723F92C7625E7D2
:10D790002DE9FC5F81460020DDF72CF93F4835225A
:10D7A0002021203811F0F8FD052218213B4811F006
:10D7B000F3FD3A489621783011F0F5FD394D0026F9
:10D7C000A5F819603848066046608660EE7501204D
:10D7D00028706E702E75AE70EE702E716E71AE7117
:10D7E000EE712E726E72AE72EE722E736E73AE7337
:10D7F000EE732E746E74AE74EE7480212B4811F0AB
:10D80000D2FD80212A4811F0CEFD0024DFF8A88047
:10D81000284FDFF8A8A008F58E7BC4EBC40000EB0E
:10D82000041007EB400191F82D00192803D00F28B0
:10D8300001D01D280DD1D1F81E000EF01DFC4FF4B3
:10D840007A7190FBF1F0194941F82400184840F82A
:10D85000246028F814600AF804600BF80460641C63
:10D86000E4B2202CD9D30E4890F82300032811D01D
:10D87000FFF708F8FFF7A2F80A484FF480721C304F
:10D88000CDE9009000230EA1AFF2CF20DEF780FC9F
:10D89000BDE8FC9FEE75EFE79C812342005C0460CD
:10D8A000B24C04602C04006036BA0260184D04606B
:10D8B00008560460511E0560FC5A0460984D0460CF
:10D8C0005350495461736B0070B504460D461646BB
:10D8D000DCF7F4FEC020DCF76BFFDCF71CFF204612
:10D8E000DCF766FFDCF717FFDCF7E8FEC120DCF7AA
:10D8F0005FFFDCF710FF0024761E06E00120DCF756
:10D9000078FF05F8010B641CE4B2B442F6DB00209A
:10D91000DCF76FFF2870DCF7E7FE012070BD70B503
:10D9200005460C46DCF7CAFEC020DCF741FFDCF7F9
:10D93000F2FEE8B2DCF73CFFDCF7EDFEE0B2DCF72C
:10D9400037FFDCF7E8FEDCF7CFFE0320E0F78CF8CA
:10D95000012070BD10B500227D4B03EB8204A4783A
:10D960001CB1521CD2B2322AF7D3322A08D003F8A3
:10D97000220003EB82004170012181700021C170FF
:10D9800010BD70B50020724A002402EB80018B7834
:10D99000012B09D1CB78052B05D202EB8003DB7874
:10D9A0005B1CCB7004E08C70401CC0B23228ECD3FE
:10D9B000322809D002EB800512F820006978FFF7C1
:10D9C000AEFF012802D002E0002070BDAC70012043
:10D9D00070BD70B55F4C002565702570C8215C482E
:10D9E00011F0E1FCA57070BD2DE9F05F5A4D95F87E
:10D9F000230004280FD007280DD00C280BD00828AE
:10DA000009D00027DFF85481032806D1E9790729D6
:10DA100003D388F80070BDE8F09F0228FBD00628E9
:10DA2000F9D0DFF830A14FF064099AF800000A2815
:10DA300009D305D18AF800904FF00400E8F782F886
:10DA400088F80070E7E7FFF79CFF9AF80100642868
:10DA5000E1D03F4E4FF0010BC83620B1012815D060
:10DA60001B2835D054E09AF80000401C8AF80000CA
:10DA700037490122C8310020FFF726FF012847D18E
:10DA80003078E87218B38AF802B041E03449497E30
:10DA90001E293DD295F82310032939D12C4918228B
:10DAA000C831FFF711FF012832D1002406EB4400F2
:10DAB00016F81410407800EB01212046FEF7F7FE1F
:10DAC000284921F81400641CE4B20B2CEED31FE0AB
:10DAD000002404F11B003119C0B20122FFF7F4FE4B
:10DAE000641CE4B2182CF4D30020194A203A16F82A
:10DAF00010104FF47A740B0206EB40014978614331
:10DB000003EB912122F81010401CC0B20C28EED378
:10DB10009AF80200012802D08AF801707BE795F894
:10DB20002300032806D0012807D0052805D08AF84D
:10DB3000019070E78AF801B06DE798F800000128BD
:10DB400002D08AF8019066E71B208AF8010062E79C
:10DB50002E5D04604C040060B24C0460530400600D
:10DB600036C0026036B8026070B500240121FD4A5B
:10DB7000FD4DFE4B0C2811D2DFE800F006111C27EA
:10DB8000323D48535E69747FC2F89C11C5F880111C
:10DB9000C3F8B441C3F8B841C2F8984170BDC2F8A7
:10DBA0009C11C5F88011C3F8B411C3F8B841C2F88C
:10DBB000984170BDC2F89C11C5F88011C3F8B441FA
:10DBC000C3F8B811C2F8984170BDC2F89C11C5F8ED
:10DBD0008011C3F8B411C3F8B811C2F8984170BDF0
:10DBE000C2F89C11C5F88011C3F8B441C3F8B8411C
:10DBF000C2F8981170BDC2F89C11C5F88011C3F825
:10DC0000B411C3F8B841C2F8981170BDC2F89C11A4
:10DC1000C5F88011C3F8B441C3F8B841C2F89841BF
:10DC200070BDC2F89C11C5F88011C3F8B411C3F8D7
:10DC3000B841C2F8984170BDC2F89C11C5F8801176
:10DC4000C3F8B441C3F8B811C2F8984170BDC2F826
:10DC50009C11C5F88011C3F8B411C3F8B811C2F80B
:10DC6000984170BDC2F89C11C5F88011C3F8B44149
:10DC7000C3F8B841C2F8981170BDC2F89C11C5F83C
:10DC80008011C3F8B411C3F8B841C2F8981170BD3F
:10DC900070B590B001214FF40570DBF78AF92920A7
:10DCA000ADF82C0000248DF82F400BA9B048DAF70E
:10DCB0005CFF1020ADF82C008DF82F400BA9AD486B
:10DCC000DAF753FF01210846DBF768F9AA4E304620
:10DCD000DAF7EEFDA9480090A948019002940425C6
:10DCE00003950494802105914800069080000790D8
:10DCF00020200890000209900A9469463046DAF71D
:10DD00004EFE01213046DAF774FE6803DBF7D4F8E3
:10DD100001214802DBF74DF90C9401208DF8340005
:10DD20008DF835004FF46020CDF83600CDF83A403C
:10DD30008DF83E50914C0CA94C3C2046DAF71CFC67
:10DD40000523012204212046DAF7A4FC0523022240
:10DD50000A212046DAF79EFC052303220D212046E6
:10DD6000DAF798FC052304220F212046DAF792FC0B
:10DD700001212046DAF738FC01212046DAF728FC99
:10DD80002046DAF748FC2046DAF74AFC0028FAD1A8
:10DD90002046DAF74CFC2046DAF74EFC0028FAD190
:10DDA00001212046DAF74FFC10B070BD2DE9F04F8D
:10DDB00089B074480025032490F823001827102602
:10DDC000DFF8C4A14FF001084FF002094FF47A7B4D
:10DDD00001287DD005287BD002287AD00628FCD0E7
:10DDE000042877D00728FCD00C2874D101210A2000
:10DDF000DBF7EAF801213C20DBF7DBF8C820ADF8BF
:10DE000020008DF823608DF8224008A95848DAF7E1
:10DE1000ACFEC8215648DAF719FF4FF4A070ADF8F0
:10DE200020008DF823608DF8224008A95748DAF7C2
:10DE30009CFE4FF4A0715548DAF708FFADF820902A
:10DE40008DF823608DF822404A4E08A93046DAF753
:10DE50008CFE02213046DAF7F9FE4C20ADF82000A6
:10DE60008DF823708DF8224008A93046DAF77DFE40
:10DE7000ADF820408DF823708DF8224008A9434862
:10DE8000DAF773FEADF818B0ADF81450ADF81A50CB
:10DE9000ADF8165005A95046DBF7AEFB3C4C05A982
:10DEA0002046DBF7A9FB7021ADF80410ADF8068021
:10DEB000ADF80C9001A92046DBF750FC01A92046E3
:10DEC000DBF78AFC01A95046DBF748FC01A903E017
:10DED00028E0A1E013E122E05046DBF77DFC01A938
:10DEE0005046DBF7C2FB08212046DBF769FF08211B
:10DEF0002046DBF76BFF08215046DBF761FF082166
:10DF00005046DBF763FF08215046DBF749FF01214C
:10DF10005046DBF742FE01212046DBF73EFE09B00A
:10DF2000BDE8F08F01210220DBF74EF80121082027
:10DF3000DBF73FF8ADF820408DF823708DF82240D4
:10DF4000124F08A93846DAF710FE01210820DBF746
:10DF500030F8C020ADF820008DF823608DF8224005
:10DF600008A917E00080214200002242000021425F
:10DF70000010014000080140080002404C2401400C
:10DF800064040060B24C046000040040000C0140D6
:10DF9000000C00403846DAF7E8FDC0213846DAF7D1
:10DFA00055FE01211020DBF704F8ADF820808DF834
:10DFB00023608DF82240FF4C08A92046DAF7D5FDF2
:10DFC00001212046DAF742FEADF818B0ADF8145042
:10DFD000ADF81A50ADF8165005A95046DBF70CFB0A
:10DFE0007021ADF80410ADF80680ADF80C9001A9D1
:10DFF0005046DBF7B3FB01A95046DBF7EDFB0821E8
:10E000005046DBF7DDFE08215046DBF7DFFE01213D
:10E010005046DBF7C2FD82E701210220DAF7D4FF88
:10E02000012140F24D10DAF7C4FF0C20ADF82000BA
:10E030008DF823608DF8224008A9DF48DAF795FDB6
:10E040000C21DD48DAF702FE4FF4F060ADF8200055
:10E050008DF823608DF82240D84E08A93046DAF7B3
:10E0600084FD4FF4F0613046DAF7F0FD3320ADF86F
:10E0700020008DF823708DF8224008A9D048DAF7E7
:10E0800074FD0121CF48DAF701FEADF818B0ADF804
:10E090001450ADF81A50ADF8165005A95046DBF7EC
:10E0A000ABFA7021ADF80410ADF80680ADF80C9015
:10E0B00001A95046DBF752FB01A95046DBF78CFB68
:10E0C00001A95046DBF7D1FA01A95046DBF706FB60
:10E0D00008215046DBF774FE08215046DBF776FE38
:10E0E00008215046DBF75CFE08215046DBF75EFE58
:10E0F00001215046DBF751FDFFF7CAFD0FE7012173
:10E100000A20DAF761FF01213C20DAF752FFC8202C
:10E11000ADF820008DF823608DF8224008A9A548AD
:10E12000DAF723FDC821A348DAF790FD4FF4A07079
:10E13000ADF820008DF823608DF8224008A9A04892
:10E14000DAF713FD4FF4A0719D48DAF77FFDADF8C3
:10E1500020408DF823608DF8224008A99A48DAF70C
:10E1600004FD03219848DAF771FD8020ADF8200006
:10E170008DF823608DF82240944E08A93046DAF7D6
:10E18000F4FC80213046DAF761FDCC20ADF82000A8
:10E190008DF823708DF8224008A98B48DAF7E5FC4A
:10E1A000ADF820408DF823708DF8224008A98448EE
:10E1B000DAF7DBFCADF818B0ADF81450ADF81A5032
:10E1C000ADF8165005A95046DBF716FA804C05A9A4
:10E1D0002046DBF711FA7021ADF80410ADF8068087
:10E1E000ADF80C9001A92046DBF7B8FA01A920464A
:10E1F000DBF7F2FA01A95046DBF7B0FA01A9504665
:10E20000DBF7EAFA01A95046DBF72FFA01A95046DD
:10E21000DBF764FA08212046DBF7D2FD082120460F
:10E22000DBF7D4FD08215046DBF7CAFD0821504634
:10E23000DBF7CCFD08215046DBF7B2FD0821504644
:10E24000DBF7B4FD01215046DBF7A7FC0121204696
:10E25000DBF7A3FC63E630B500205E4A5E4B411C51
:10E2600002EB410402EB400594F82B4095F82B504B
:10E27000641B1C54C8B20A28F1D330BD10B5002865
:10E2800005D04FF47A73984203D3184610BD00208E
:10E2900010BD6422B0FBF2F1C9B2B0FBF2F402FB94
:10E2A00014004D4C645C6043B0FBF2F0494A02EB51
:10E2B0004101B1F82B10084480B29842E8D91846C1
:10E2C00010BD7FB5002000900190029003900024C3
:10E2D000424D0220DAF7A9FB0028FAD00220DAF733
:10E2E000B3FB298800980844009069880198084485
:10E2F0000190A988029808440290E988039808448C
:10E300000390641CE4B20A2CE3D300984FF47A71B2
:10E3100048432821B0FBF1F22E48B0F84B00B2FB85
:10E32000F0F32F4A1380019B4FF47A746343B3FBDD
:10E33000F1F3B3FBF0F35380029B6343B3FBF1F3C0
:10E34000B3FBF0F39380039B6343B3FBF1F1B1FBA9
:10E35000F0F0D0807FBD2DE9F05F05460C46DFF878
:10E3600074B09BF82300052810D1DEF78BFA1A4E03
:10E37000303E56F82510401AB0F5FA6F02D220460A
:10E38000BDE8F09FDEF77EFA46F82500DFF848800A
:10E39000012108F13A0818F8050050B1401CC0B23C
:10E3A00008F805004FF00009142801D908F8059075
:10E3B00018E025E000100140001801400020014055
:10E3C000000C014000081A0000080140001C014038
:10E3D000000C0040B24C0460585E046064040060AD
:10E3E0000E5D04609BF8230001280DD005280BD09A
:10E3F00002280BD0062809D0032809D00020BFE747
:10E4000008F805102046BBE70C2002E0062000E0DB
:10E4100004204FF47A718C4200D90C46F74B47190F
:10E42000012633F8170040F2DE3CAE40DFF8D0A3FF
:10E43000F44A60450DD332F81500B0F5757F04D964
:10E44000BAF80800B043AAF8080008F80590084692
:10E4500096E70A280CD832F815000A2804D2BAF830
:10E460000800B043AAF8080008F80590002087E7E4
:10E4700032F81510A0F1050C61453FDD421D9142B7
:10E480003CD26421B0FBF1F201FB12020ABBB0FBEB
:10E49000F1F0401E3E2101EB400080B2210A04F061
:10E4A000CCF9D64830F817106420B1FBF0F0401ECC
:10E4B0003F2101EB400080B2E1B204F0BEF9CF4849
:10E4C00030F817106420B1FBF0F00BEB4000A0F81F
:10E4D0002B4008F80590BAF80800B043AAF80800E5
:10E4E000C84830F81510C54830F81700814202D9E5
:10E4F000641EA0B244E7641CA0B241E7814210D977
:10E50000081A80B2844207D9A4EB5000002801D435
:10E5100080B235E7204633E70CB1204630E720468D
:10E520002EE7401A80B2BBF83F100A1AA24203DD60
:10E5300004EB500080B223E7A14201D920461FE737
:10E5400020461DE710B5FFF731FCAD4800244470AC
:10E550008470AD490C80AD490C7004812021A9481C
:10E5600010F021FF3021AA4810F01DFFA8483030DC
:10E570000460446084600020A64B0122C0EB0011BF
:10E5800001EB4101194481F82420401CC0B2182835
:10E59000F4D310BD2DE9FC5F0446DFF87C9299F8B6
:10E5A0002300012801D0052802D12046FFF7DCFA1C
:10E5B00099F82310914EDFF858829648924FA51D86
:10E5C000012925D0052923D0A21DC2EB021202EB9E
:10E5D000420203464FF47A7A02EB030B02297DD004
:10E5E00006297BD004297AD00729FCD00C2977D1C1
:10E5F0009BF82300002874D036F815008049C978AC
:10E6000001296FD080B2FFF739FE002C6BD069E191
:10E6100004F10C0BCBEB0B117E4801EB41010844DC
:10E62000019090F8230000B336F81B007449C978B4
:10E63000012925D080B2FFF721FE824604F1120B9A
:10E64000CBEB0B1000EB400172480844009090F8AF
:10E650002300F0B136F81B006949C978012922D09E
:10E6600080B2FFF70BFE34B32DE036F81B00B0F597
:10E67000007F02D3B9F83FA0E0E74FF0000ADDE7E2
:10E6800038F81B102046FFF766FE824628F81BA0CC
:10E69000D4E736F81B00B0F5007F02D3B9F83F008D
:10E6A000E1E70020DFE738F81B10E8B2FFF753FE80
:10E6B00028F81B00D7E755490978012901D1B7F897
:10E6C00000A0A7F800A0019991F8281009B94FF00F
:10E6D000000A009991F8281039B905E01AE06DE0B8
:10E6E000D1E0E7E0F0E0F7E00020B9F83F10514555
:10E6F00000D28A460446A14200D20C46474D1FFA7A
:10E700008AF12846DBF772FCA1B22846BDE8FC5F1F
:10E71000DBF76EBC9BF8230050B136F81500384982
:10E72000C97801290ED080B2FFF7A8FD94B117E097
:10E7300036F81500B0F5007F02D3B9F83F00F5E7D1
:10E740000020F3E738F815102046FFF704FE28F8FC
:10E750001500EBE72D490978012900D13888388068
:10E760009BF8281001B90020B9F83F10814200D26F
:10E770000846C0F57A71C1EB0121B1FBFAF15CB139
:10E78000012C0FD0022C13D0032C7CD1BDE8FC5FF0
:10E7900081B22248DBF728BCBDE8FC5F81B21F488C
:10E7A000DBF724BCBDE8FC5F81B21C48DBF720BC72
:10E7B000BDE8FC5F81B21948DBF714BC04F1080521
:10E7C000C5EB051101EB4101084490F8230050B15D
:10E7D00036F815000A49C978012921D080B2FFF71F
:10E7E0004DFD2CB32AE036F81500B0F5007F02D3BA
:10E7F000B9F83F00F5E70020F3E7000036B9026002
:10E80000500400600E5D04607803006067030060E0
:10E81000625E0460112A0560B24C0460000400408E
:10E8200038F815102046FFF796FD28F81500D8E7B0
:10E83000FB490978012900D138883880B9F83F10A0
:10E84000814200D20846C0F57A71C1EB0121B1FBCB
:10E85000FAF17CB1012C13D0022C19D0032C1DD05D
:10E86000042C21D0052C6FD1BDE8FC5F81B2ED48AE
:10E87000DBF7BABBBDE8FC5F81B2EB48DBF7B6BBA8
:10E8800081B2E94800E05FE0BDE8FC5FDBF7B0BBC8
:10E89000BDE8FC5F81B2E348DBF7A8BBBDE8FC5FE5
:10E8A00081B2E048DBF7A4BBBDE8FC5F81B2DD4884
:10E8B000DBF798BB36F81500B0F5007F02D3B9F846
:10E8C0003F00A2E60020A0E638F815102046FFF72A
:10E8D00042FD28F8150098E6D1490978012900D1B0
:10E8E00038883880B9F83F10814200D20846C0F518
:10E8F0007A71C1EB0121B1FBFAF16CB1012C11D09D
:10E90000022C15D0032C19D0042C1DD1BDE8FC5FBE
:10E9100081B2C448DBF766BBBDE8FC5F81B2C24888
:10E92000DBF764BBBDE8FC5F81B2BF48DBF760BBCF
:10E93000BDE8FC5F81B2BB48DBF758BBBDE8FC5FBC
:10E9400081B2B848DBF754BBBDE8FC9F8AB0002019
:10E95000B64A012182F841100025002401A921F8BE
:10E960001040401CC0B20C28F8D300200090B048E2
:10E970004471B0480470B0480470B0480470DFF8C7
:10E98000C092DFF8C0A2DFF8C0823220DDF7A5FD1B
:10E99000A6484189491C4181AC49052008701420D2
:10E9A000E7F742FEA24840790128EED1A84890F846
:10E9B0002300012825D0052823D0022871D006285D
:10E9C000FCD004286ED00728FCD00C28DDD1002014
:10E9D0000121C0EB001202EB42039E4A03EB020C42
:10E9E0009CF82320002A70D09B4A4FF47A7E32F89C
:10E9F000102072456AD1079A01FA00F31A43079270
:10EA000039E38C4B1878012805D18B4A1078411CCA
:10EA100011700528B9D31C70874804708448C088D9
:10EA2000079000204FF0010BC0EB001101EB4102F9
:10EA30008849561896F8231061B187494FF47A7EB9
:10EA400031F81010714517D1079A0BFA00F10A43FB
:10EA5000079241E0804931F81010B1F5007F05D3ED
:10EA600007990BFA00F21143079135E007990BFA69
:10EA700000F2914307912FE069B101AB96F82C6049
:10EA800033F8102006EB860CB2EB8C0F0BD2521C25
:10EA900023F8102009E007990BFA00F2914307913F
:10EAA0001AE082E0ABE123F810404E4306EB86010A
:10EAB0008900B1FBFEF133F81020914207D9079984
:10EAC0000BFA00F21143079106E095E2A6E20799DE
:10EAD0000BFA00F291430791401CC0B20C28A3D35B
:10EAE000534E9DF81C100A363078814205D001271C
:10EAF000002531700220FEF72DFF9DF81D10707863
:10EB0000814205D00127002571700320FEF722FF06
:10EB10006FB16D1CEDB2C82D09D9002700253178E1
:10EB20000220FEF717FF71780320FEF713FF00267F
:10EB3000494A06F10C000146099032F81000474A94
:10EB400032F81110884211D0099922F81100FFF70C
:10EB500095FB4349099A21F8120035490BFA06F052
:10EB60000A89104308813E48303084553C48303093
:10EB7000815D142905D984552D48C4700220E6F71B
:10EB8000E1FF761CF6B20C2ED2D30098401CC0B226
:10EB90000090274E3078FFF7FDFC3078052802D230
:10EBA000401C3070F1E63470EFE60020DFF8A4C0BE
:10EBB000DFF8A4E00126C0EB001101EB4101614444
:10EBC00091F823206AB101AB91F82C1033F8102092
:10EBD00001EB810BB2EB8B0F14D2521C23F81020E7
:10EBE00012E03EF81010B1F5007F05D3079906FA40
:10EBF00000F21143079151E0079906FA00F29143A0
:10EC000007914BE023F810403EF810204FF47A7B38
:10EC10005A4527D1079906FA00F2114307913DE0C2
:10EC20006703006000040040000C00408856046048
:10EC300050040060710300607303006072030060A1
:10EC4000000024420080214200002242DF030060D5
:10EC5000B24C0460112A056036B90260B6B9026090
:10EC6000625E04607AB1514301EB81018900B1FB1E
:10EC7000FBF133F8102091420BD9079906FA00F204
:10EC8000114307910AE0079906FA00F291430791B0
:10EC900004E0079906FA00F291430791401CC0B2C4
:10ECA000062888D34FF0000BFD4A0BF10600014601
:10ECB000089032F81000FB4A32F81110884212D046
:10ECC000089922F81100FFF7D9FAF749089A21F8B4
:10ECD0001200F64906FA0BF00A8910430881F2483F
:10ECE000303000F80B400BF1010B0BF0FF0BBBF1C8
:10ECF000040FD9D3ED4907980A310A6890422FD002
:10ED00000127002508600878C20702D0E84A16608B
:10ED100001E0E74A1460820703D5E54A121D166038
:10ED200002E0E34A121D1460420702D5C9F89C6153
:10ED300001E0C9F89C41020702D5C9F8A06101E0D1
:10ED4000C9F8A041C20602D5C9F8A46101E0C9F81A
:10ED5000A441800602D5C9F8A86101E0C9F8A8411C
:10ED60007FB36D1CEDB2C82D2ED900270025087881
:10ED7000C10702D0CE490E6001E0CD490C60810789
:10ED800003D5CB49091D0E6002E0C949091D0C607D
:10ED9000410702D5C9F89C6101E0C9F89C4101070F
:10EDA00002D5C9F8A06101E0C9F8A041C10602D5A9
:10EDB000C9F8A46101E0C9F8A441800602D5C9F8E8
:10EDC000A86101E0C9F8A841FFF77BFA0098401C50
:10EDD000C0B2009000980521B0FBF1F201FB1200D7
:10EDE00000287FF4DFAEB14E3078FFF7D3FB3078E8
:10EDF000032802D2401C3070C7E53470C5E50020FE
:10EE00000121C0EB001202EB4203AA4A03EB020C01
:10EE10009CF8232062B1A24A4FF47A7E32F8102087
:10EE2000724517D1079A01FA00F31A4307923EE0A0
:10EE30009B4A32F81020B2F5007F05D3079A01FAF9
:10EE400000F31A43079232E0079A01FA00F39A435B
:10EE500007922CE06AB101AE9CF82CC036F8103055
:10EE60000CEB8C0BB3EB8B0F09D25B1C26F810302C
:10EE700007E0079A01FA00F39A43079217E026F891
:10EE800010400CFB02FC0CEB8C029200B2FBFEF279
:10EE900036F810309A4205D9079A01FA00F31A435E
:10EEA000079204E0079A01FA00F39A430792401C84
:10EEB000C0B20828A5D37D4A07980A321368984241
:10EEC00044D00127002510601078C30702D0C8F88D
:10EED000981101E0C8F89841830702D5C8F89C1141
:10EEE00001E0C8F89C41430702D5CAF8A01101E02F
:10EEF000CAF8A041030702D5CAF8981101E0CAF880
:10EF00009841C30602D56C4B196001E06A4B1C6046
:10EF1000830603D5684B1B1D196002E0664B1B1D61
:10EF20001C60644E96F8313133B9430602D5634B09
:10EF3000196001E0614B1C6096F85E3133B9000640
:10EF400002D5C8F88C1101E0C8F88C417FB36D1C64
:10EF5000EDB2C82D44D9002700251078C20702D091
:10EF6000C8F8981101E0C8F89841820702D5C8F89E
:10EF70009C1101E0C8F89C41420702D5CAF8A011D3
:10EF800001E0CAF8A041020702D5CAF8981101E0D1
:10EF9000CAF89841C20602D5474A116001E0464AC4
:10EFA0001460820604D5444A121D116003E017E084
:10EFB000414A121D14603F4A92F8313133B9430679
:10EFC00002D53E4B196001E03C4B1C6092F85E217B
:10EFD00032B9000602D5C8F88C1101E0C8F88C419E
:10EFE000324E3078FFF7D6FA3078062802D2401C2D
:10EFF0003070CAE43470C8E4294A32F81020B2F5FF
:10F00000007F05D3079A01FA00F31A43079232E012
:10F01000079A01FA00F39A4307922CE06AB101AE15
:10F020009CF82CC036F810300CEB8C0BB3EB8B0F2C
:10F0300009D25B1C26F8103007E0079A01FA00F3AA
:10F040009A43079217E026F810400CFB02FC0CEBE9
:10F050008C029200B2FBFEF236F810309A4205D9CB
:10F06000079A01FA00F31A43079204E0079A01FA9B
:10F0700000F39A430792401CC0B20628FFF4A9ACE3
:10F080000A4A07980A32136898423ED001270025A1
:10F0900010601078C30713D0C8F8981112E0000070
:10F0A00036B90260B6B90260625E04605004006066
:10F0B00088012342112A0560800121429C8123425C
:10F0C000C8F89841830702D5C8F89C1101E0C8F838
:10F0D0009C41430702D5CAF8A01101E0CAF8A0413B
:10F0E000030702D5CAF8981101E0CAF89841C3068F
:10F0F00002D5C8F88C1101E0C8F88C41800602D511
:10F100004F48016001E04E4804606FB36D1CEDB2E2
:10F11000C82D2CD9002700251078C20702D0C8F8C6
:10F12000981101E0C8F89841820702D5C8F89C11EF
:10F1300001E0C8F89C41420702D5CAF8A01101E0DD
:10F14000CAF8A041020702D5CAF8981101E0CAF82E
:10F150009841C20602D5C8F88C1101E0C8F88C416C
:10F16000800602D53648016001E035480460354E1E
:10F170003078FFF70FFA3078052802D2401C307043
:10F1800003E4347001E41CB50446FFF7DBF92D49B4
:10F190004FF480621031CDE9004100232AA1AFF67F
:10F1A0005300DCF7F5FF274900200A3108601CBD39
:10F1B00010B504460120F6F7AEF90121FF20FAF759
:10F1C000ECFD01210020FAF7E8FD01212046FAF7C5
:10F1D000E4FD641EE0B2BDE810400121FAF7DDBD98
:10F1E00010B504460120F6F796F90121FF20FAF741
:10F1F000D4FD01210846FAF7D0FD01210020FAF7DD
:10F20000CCFD01210020FAF7C8FD012204210020D5
:10F21000FAF7EEFD01214FF4FA70FAF731FE10F023
:10F22000FF0F0CD00B4A1078FF2808D15078012826
:10F2300005D19178D278C8B2904200D1217010BD2A
:10F2400084012142500400604F75747075745461DC
:10F25000736B3100945304602DE9F843FE48102489
:10F26000032590F82300FD4F08287DD001214FF49D
:10F27000F670D9F79EFE4FF40166ADF800608DF888
:10F2800003408DF80250DFF8D88369464046D9F72D
:10F290006CFC31464046D9F7D7FC6601ADF80060FA
:10F2A0008DF803408DF80250DFF8B8836946404678
:10F2B000D9F75BFC31464046D9F7C6FC4FF4896666
:10F2C000ADF800608DF803408DF80250DFF89883A8
:10F2D00069464046D9F749FC31464046D9F7B4FC67
:10F2E00042F21F06ADF800608DF803408DF8025021
:10F2F000DFF8788369464046D9F737FC3146404607
:10F30000D9F7A2FCE601ADF800608DF803408DF856
:10F310000250DFF85C8369464046D9F726FC314647
:10F320004046D9F791FC4FF4E046ADF800608DF807
:10F3300003408DF8025069463846D9F716FC31462D
:10F340003846D9F781FC0020CA4900220A54401CE3
:10F35000C0B21628FAD30021C64C1634002001EBA7
:10F36000410304EB830300E00DE023F81020401C70
:10F37000C0B20628F7D3491CC9B20829EED3BE484B
:10F380000270BDE8F88301210802D9F712FE4FF49C
:10F39000F866ADF800608DF803408DF802506946BC
:10F3A0003846D9F7E2FB31463846D9F74DFCE8E755
:10F3B0002DE9F84301214FF4F670D9F7FAFD20202A
:10F3C000ADF8000048258DF8035003248DF8024065
:10F3D000DFF88C8269464046D9F7C7FB8020ADF83C
:10F3E00000008DF803508DF802409E4F6946384664
:10F3F000D9F7BBFB42F20100ADF800008DF80350D5
:10F400008DF8024069469D48D9F7AFFB4DF22000C8
:10F41000ADF800008DF803508DF80240694693481E
:10F42000D9F7A3FB48F6C060ADF800008DF8035093
:10F430008DF8024069468948D9F797FBBD14ADF8AD
:10F44000005010268DF803608DF802406946404652
:10F45000D9F78BFB29464046D9F7F6FB0420ADF8D7
:10F4600000008DF803608DF8024069463846D9F7F0
:10F470007CFB04213846D9F7E7FB82E72DE9F0470A
:10F4800088B0DFF8FC810026C8F88861DFF8F491C5
:10F490000127C9F8B0710120DEF7E6FAD8F81C019F
:10F4A0008DF81000784C20688DF8110060688DF898
:10F4B0001200E0688DF81300606A8DF81400DFF820
:10F4C000CCA1DAF800018DF8150020698DF816003E
:10F4D000DAF834018DF8170060698DF818006C4D6A
:10F4E00028688DF81900D9F814018DF81A00E86918
:10F4F0008DF81B00686A8DF81C00A86A8DF81D0045
:10F50000C8F88871C9F8B0610120DEF7ADFAD8F803
:10F510001C018DF8000020688DF8010060688DF8EE
:10F520000200E0688DF80300606A8DF80400DAF8E4
:10F5300000018DF8050020698DF80600DAF8340125
:10F540008DF8070060698DF8080028688DF80900BB
:10F55000D9F814018DF80A00E8698DF80B00686A83
:10F560008DF80C00A86A8DF80D003B4890F8230038
:10F570000C2806D000252C460DF11008DFF8149158
:10F5800020E00325F7E7611BC1EB011000EB400011
:10F59000484490F8243018F804201DF804C062454F
:10F5A00002D180F8246004E0012A10D0022280F801
:10F5B000242090F92400984202D0C8B2E7F7FEFA5E
:10F5C000641CE4B20E2CDED308B0BDE8F08780F8EE
:10F5D0002470EEE710B500232C4905280ED0012237
:10F5E0002D4C02280DD0032812D0012817D0C1F8C5
:10F5F0008821C1F89421C4F8982110BDC1F8883140
:10F6000010BDC1F88821C1F89421C4F8983110BD0B
:10F61000C1F88821C1F89431C4F8982110BDC1F80F
:10F620008821C1F89431C4F8983110BD1FB54FF44A
:10F630000040D9F741FC01214802D9F7BAFC00206B
:10F6400000908DF804008DF805004FF46021CDF88E
:10F650000610CDF80A0021E0B24C04600020014001
:10F6600000080140000C0140001401400018014056
:10F67000001C01409E5E04606C04006000100140AC
:10F680000080214200002142180124420000224251
:10F6900014012342112A05600080234201208DF8C5
:10F6A0000E00FA4C69462046D8F766FF0523012272
:10F6B0000B212046D8F7EEFF01212046D8F788FF1E
:10F6C0002046D8F7A8FF2046D8F7AAFF0028FAD18D
:10F6D0002046D8F7ACFF2046D8F7AEFF0028FAD175
:10F6E00001212046D8F7AFFF1FBD08B501218020BA
:10F6F000D9F75FFC4FF40070ADF8000028208DF8BA
:10F7000003006946E248D9F730FA0520DEF7ACF984
:10F71000E0480268E049E14842B101228A8090F85D
:10F72000F62042F0010280F8F62007E000228A80ED
:10F7300090F8F62002F0FE0280F8F6202A224A8095
:10F74000427608BDF8B501214FF42470D9F731FC99
:10F750000220ADF8000000208DF80300D04D69466E
:10F760002846D9F702FA2421ADF8001010268DF8AA
:10F77000036003248DF8024069462846D9F7F5F95D
:10F7800004212846D9F760FA20212846D9F75EFAE5
:10F790004FF4F865ADF800508DF803608DF8024025
:10F7A000BB4C69462046D9F7E0F929462046D9F7EF
:10F7B0004DFAF8BD70B506460C4615460221304696
:10F7C000D9F755F805232A4621463046D8F762FF77
:10F7D00001213046D8F737FF02213046D9F740F8EB
:10F7E0000028F9D03046BDE87040D8F799BF2DE920
:10F7F000F0474FF000084FF001090027DFF88CA216
:10F8000001220B215046FFF7D5FF84B2A044B9F185
:10F81000010F3BD0A64200D82646A54200D22C4676
:10F8200025460A20DEF700F97F1CFFB20C2FE7D334
:10F83000A8EB0600401BC0EB80200A21B0FBF1F0D2
:10F84000984CB4F84B10B0FBF1F080B2964D8108A3
:10F850006878FDF72CF880B24FF6FF71884205D228
:10F8600001EA800091496A7821F812006878401C0A
:10F87000C3B26B7094F82340002101228C48042C01
:10F8800009D0072C07D00C2C40D09BE026462546FB
:10F890004FF00009C5E703F007036B70082B0AD28D
:10F8A000DFE803F0040A10161C22282E00F5D070A1
:10F8B00081604160016085E000F5D0708260416048
:10F8C00001607FE000F5D07081604260016079E006
:10F8D00000F5D07082604260016073E000F5D07086
:10F8E0008160416002606DE000F5D070826041602F
:10F8F000026067E000F5D07081604260026061E004
:10F9000000F5D0708260426002605BE00B24B3FBC4
:10F91000F4F604FB16336B700B2B53D2DFE803F0C5
:10F92000060D141B222930373E454C0000F5CE70E1
:10F93000C16081604160016044E000F5CE70C2604A
:10F940008160416001603DE000F5CE70C160826081
:10F950004160016036E000F5CE70C26082604160B7
:10F9600001602FE000F5CE70C160816042600160EF
:10F9700028E000F5CE70C26081604260016021E045
:10F9800000F5CE70C1608260426001601AE000F54F
:10F99000CE70C26082604260016013E000F5CE70FC
:10F9A000C1608160416002600CE000F5CE70C26011
:10F9B00081604160026005E000F5CE70C160826048
:10F9C000416002603B486978405CBDE8F04701E671
:10F9D0002DE9F04133483849384C90F823000D6840
:10F9E0004E68042804D0072802D00C2823D034E025
:10F9F0000E22334931480FF0BDFCC4F80E50C4F854
:10FA00001260304E3078012827D12F490878421CE7
:10FA1000D5B20D70C00709D00522162127480FF076
:10FA2000BBFC322D19D90020307016E01621234876
:10FA30000FF0B9FCF5E72248026822604268626074
:10FA400002892281807AA072C4F80B50C4F80F603A
:10FA50000889A4F81300887A60750021174E0125E3
:10FA600016360020225C02F00F028A422ED80209CC
:10FA700002EB420206EB820200F00F0732F811306F
:10FA800005FA07F73B4322F811302DE0002401402E
:10FA9000001C01402481234236BA026036C0026055
:10FAA00000100140B24C04606C04006036B8026083
:10FAB00000802342D1290560E05B04609E5E046003
:10FAC000005C04604104006042040060020902EB33
:10FAD000420206EB820200F00F0732F8113005FAFD
:10FAE00007F7BB4322F81130401CC0B21628B9D327
:10FAF000491CC9B20629B4D3BDE8F0812DE9FC4FF9
:10FB0000FE48FF4BDFF8FCE390F8230000220428B6
:10FB100003D0072801D00C2861D1FB4E3178012990
:10FB20007ED1F1884FF4FA74B1FBF4F504FB15149F
:10FB300014B93479E4433471491C1FFA81FBA6F8E7
:10FB400006B0F64CEF4DF149DFF8C493DFF8C4A3DB
:10FB5000DFF8C48324782D785FEA8B7740D0F04EAD
:10FB6000F24F0BF0030C36780196EE4EBCF1020F0B
:10FB700036780096EC4E3F7836787DD0DFF8B0C30B
:10FB80000121CCF88C11DFF8ACC3CCF88411C8F893
:10FB90009011CCF89011CCF88C11DFF89483C8F850
:10FBA000A811C9F8A411CCF88811CCF8B411CCF87C
:10FBB0008011C3F8B811CAF8AC11C3F8B411C44627
:10FBC000CCF89811C3F8B011DFF84CC3CCF8AC11E5
:10FBD0001521BBFBF1FC01FB1CB100297DD072E1BA
:10FBE000DFF850C30127CCF88471DFF844C3CCF8A8
:10FBF0008C2104284DD007284BD0C44996F802B078
:10FC0000DFF8148331F81B10C1F3C027C8F89071D6
:10FC1000C84FC1F30038C7F89081C1F3403800E005
:10FC2000CAE1C7F88C81C1F38038CCF8A881C90B30
:10FC3000C9F8A411B54901EB4B01097B01F001089A
:10FC4000C7F88881C1F34008C7F8B481C1F38008C0
:10FC5000C7F88081C1F3C007C3F8B871C1F30017BA
:10FC6000CAF8AC71C1F34011C3F8B411B5B30021A7
:10FC7000CCF898119CB300E05CE00021C3F8B0110F
:10FC8000AD4934790C60B178052951D2491CB17065
:10FC900019E19E4996F802B0DFF87C8231F81B101A
:10FCA00001F00107C8F89071A24FC1F34008C7F8EE
:10FCB0009081C1F38008C7F88C81C1F38038CCF8FB
:10FCC000A881C90BC9F8A411904901EB4B01097B2C
:10FCD00001F00108C7F8888102E0D6E024E025E0C1
:10FCE000C1F34008C7F8B481C1F38008C7F8808128
:10FCF000C1F3C007C3F8B871C1F30017CAF8AC71FB
:10FD0000C1F34011C3F8B41155B10021CCF89811DA
:10FD100044B10021C3F8B011874934790C60B2E7CF
:10FD20000121F3E70121F5E70121A1E70121A5E781
:10FD3000B270C8E07E4D0124C5F88C417F4C226032
:10FD4000784C042894F800C0754C247844EA0C04DC
:10FD500048D0072846D0DFF8B0C19CF803C031F87E
:10FD60001C1001F0010CC8F890C1DFF8C8C1C1F344
:10FD7000400BCCF890B1C1F3800BCCF88CB1C1F33F
:10FD8000C00BC5F8A8B1C1F3001BC9F8A4B1C1F3F9
:10FD90004019CCF88891C1F38019CCF8B491C1F323
:10FDA000C019CCF88091C1F3002CC3F8B8C1C1F3DD
:10FDB000402CCAF8ACC1C1F38021C3F8B411E6B33A
:10FDC0000021C5F89811CFB30021C3F8B011B4B326
:10FDD0000021C8F8AC114C4CE178052953D2491CDC
:10FDE000E17070E0DFF820C19CF803C031F81C100E
:10FDF000C1F3C00CC8F890C1DFF838C1C1F3001BD3
:10FE0000CCF890B1C1F3401BCCF88CB1C1F3801B8E
:10FE1000C5F8A8B1C1F3C01BC9F8A4B1C1F300294A
:10FE2000CCF88891C1F34029CCF8B491C1F3802972
:10FE3000CCF88091C1F3C02C02E01EE01FE020E06E
:10FE4000C3F8B8C1C1F3003CCAF8ACC1C1F340313A
:10FE5000C3F8B4115EB10021C5F898114FB100216B
:10FE6000C3F8B0113CB10021C8F8AC11B3E70121CF
:10FE7000F2E70121F4E70121F6E70121A1E70121E1
:10FE8000A3E70121A5E7E2701DE0DDF804C02449E5
:10FE9000BCF1010F00D10A70DDF800C02149BCF1AE
:10FEA000010F00D10A701D49012C00D10A70012DEB
:10FEB00001D18EF800201D49012F00D10A701A4986
:10FEC000012E00D10A70082876D10F4C4FF4FA7138
:10FED000E088B0FBF1F501FB150121B9D3F89811C9
:10FEE000C943C3F89811401C80B2E0801421B0FBD4
:10FEF000F1F401FB1401D1BB0B4921E0B24C0460C9
:10FF000000002442390400606C040060B45E0460A8
:10FF1000008021420080234200002142380400601A
:10FF20003304006032040060350400603404006073
:10FF30000080224200002342AC012142840123427E
:10FF4000097801B30021C3F8A01136490978E1B15D
:10FF50000021C3F89C1134490978C1B10021C3F8CC
:10FF6000A4119EF80010A1B10021C3F8A811152119
:10FF7000B0FBF1F301FB130000281DD12A480178E2
:10FF8000012908D008E00121DDE70121E1E7012195
:10FF9000E5E70121E9E702709EF80000012801D1A0
:10FFA0008EF800201F480178012900D102701F48F7
:10FFB0000178012900D10270BDE8FC8FFFF795FBA5
:10FFC000FFF74AF9FFF7F4F9FFF7BCFBFFF72EFB49
:10FFD000FFF754FA16480127077016480078FFF714
:10FFE000F9FADFF854800A261420DCF776FAFFF7D6
:10FFF000FEFB2846B0FBF6F16D1C06FB1100ADB20E
:020000040803EF
:1000000038B9FDF75DFAFCF7E1FFFFF7E1FCFFF718
:1000100035FA052C02D2641CE4B2E5E788F80070DA
:10002000E2E700003404006038040060350400603A
:1000300055040060D12905606C04006010B5FF4CC8
:1000400001202070DBF7B0FE08B12A2812D1FC484D
:10005000007808B102202070FA49002001F0B5FABA
:1000600020710020A070FF216170F74A2178A2F86A
:100070005210E07010BD70B5F44C94F823000128C4
:100080000FD005280DD002280BD0062809D004284F
:1000900007D0072805D00C2803D0032801D0082852
:1000A0001ED1E649097801291AD1E94D022801D06B
:1000B000062805D12868DCF7BBFA0120DAF79AFC9C
:1000C000FFF7BCFF94F82300022801D0062807D1CF
:1000D0000020DAF78FFC2868BDE87040DCF7FABA38
:1000E00070BD2DE9F04F85B005460C46302C03D38A
:1000F000012005B0BDE8F08F30270A264FF0310807
:100100004FF041094FF0440A4FF0010B182C44D234
:100110001422D0A168460FF02DF90BEB54000A28E9
:100120000CD3B0FBF6F130318DF80710B0FBF6F1CF
:1001300006FB110030308DF8080005E08DF80770DF
:1001400008EB54008DF80800E00723D08DF809A0D3
:100150004FF47A70B5FBF0F130318DF80310B5FB38
:10016000F0F100FB11516420B1FBF0F130318DF85A
:100170000410B5FBF0F100FB1150B0FBF6F030308D
:100180008DF80500B5FBF6F006FB105030308DF809
:10019000060032E08DF80990DAE71422ADA1684636
:1001A0000FF0E8F8A4F1180000EBD0710BEB610040
:1001B0000A280CDB90FBF6F130318DF8071090FB2C
:1001C000F6F106FB110030308DF8080005E08DF8DF
:1001D000077008EB61008DF80800E0071ED08DF86D
:1001E00009A054208DF8030049208DF804004D200B
:1001F0008DF805005F208DF8060004EBC4009949D6
:1002000000EBC41001EB80001322694601F0ECF909
:1002100000287FF46EAF89494C706AE78DF8099029
:10022000DFE72DE9FF5F0C461546844F387802283A
:1002300003D0012004B0BDE8F09F387908B1002058
:10024000F8E7DFF82492C821D9F80000DDF775F847
:1002500050B1DFF8F881DFF8F8A198F82300022800
:1002600004D0062802D008E00020E3E7DAF8000016
:10027000DCF7DEF90120DAF7BDFB012D0BD0012000
:1002800000EB4400C6B27878B04207D031460098FF
:10029000FFF727FF03E06006060EF4E7002038B101
:1002A000002498F82310022949D0062947D04DE0B0
:1002B00006EBC60000EBC6116A4800EB8105284634
:1002C000039901F054FC04464FF0000BECB13146A9
:1002D0000098FFF706FF2846039901F048FC044602
:1002E000B878401CB87058491CB1088C401C088470
:1002F00001E087F802B0B878052806D987F802B07F
:10030000012048850520E5F71DFCB4B987F802B047
:100310004A4B4FF4C87428460C332246534901F027
:100320000AFA2246514952480FF024F851490398DD
:10033000884202D1284601F010FC0124B1E70020D8
:10034000DAF758FBDAF80000DCF7C4F9D9F8000056
:10035000DCF71DFF20466DE72DE9FF4F83B0044613
:10036000DDF840801F4600260025DFF8D0B0A94602
:100370009BF80000022807D0C7F800900120C8F8B9
:100380000000002007B0B5E6182C01D30020F9E7E3
:10039000DDE90401884201D90020F3E79BF804005D
:1003A00008B10020EEE73048C8210068DCF7C5FF3F
:1003B00038B1264890F82300022804D0062802D03D
:1003C00008E00020DEE722480068DCF731F9012070
:1003D000DAF710FB1834E1B200200294FFF781FE37
:1003E0000446C7F80090C8F800904FF400711F4809
:1003F0000EF0D9FF4CB100200090144890F8230073
:10040000022879D0062877D0C6E01198C409B4F53F
:10041000005F31DB0D4890F82300022801D0062848
:1004200006D10020DAF7E6FA09480068DCF752F94D
:100430000D480068DCF7ABFE0020A3E77404006001
:1004400040000060145F04607C5B0460B24C046098
:1004500048040060303A2F202020202020202E62E7
:10046000696E0000426104604802006002C80460D6
:10047000F8D00160708E0100029800EBC00101EB22
:10048000C010CE4901EB800001906102019801F09B
:100490006EFB10B10020009069E0C94B4FF4007270
:1004A000C849019801F047F910B1002000905EE0C2
:1004B0007F201199A1F1010E00EBC412724553D2B5
:1004C000DAB1C04901EB80010968E9B3BE4BDFF83E
:1004D000FCC20B44634526D300EBC410401E002829
:1004E00001DD921E3A600120C8F80000841E01263A
:1004F0000125CBF808903AE047E056EA050002D023
:10050000012D05D00AE0C7F80090C8F8009005E07A
:10051000C7F800900AF10100C8F800004FF0FF345E
:10052000CBF8089023E0059B994205D225B902F14A
:10053000010A0125CBF80890049B99420CD25EB9C0
:100540003A600126012D00E00EE003D1AAEB020182
:10055000C8F80010CBF80890012E05D1012D03D169
:10056000A81E0446CBF80890401E0028A4DA641E9A
:10057000002C8ADADBF8080000287FF43EAF012067
:100580000090019801F0E9FA37E70020DAF732FA33
:100590008F480068DCF79EF88E480068DCF7F7FDAE
:1005A0000098EFE62DE9FF4F81B08846844F0C3F5D
:1005B0003878022801D001209BE586486421006834
:1005C000DCF7BBFE38B1844890F82300022804D041
:1005D000062802D008E000208BE57D480068DCF7A3
:1005E00027F80120DAF706FA0121039801EB480900
:1005F00001280DD009F0FF04002504F11806F1B21E
:100600000020FFF76EFDAA4630B10D284ED052E013
:100610004FEA4860040EEFE7EEF7E0F883466A49D8
:10062000491E0BEB01006949891E884234D26B4890
:1006300050F82400810006EBC60000EBC6125F48AC
:1006400000EB8200009001F092FA18B16448022198
:10065000418521E05B486E38C0F86EB0584B0422EB
:100660001B1D5849009801F026F990B15C490322FE
:100670004A850A8E521C0A864886B878401CC0B249
:10068000B870052808D987F802A00520E5F75AFABE
:1006900002E087F802A0012506EBC60000EBC611B8
:1006A000464800EB810001F058FA04E0032038705E
:1006B0004C4981F8C200012D6AD1DFF824B1BBF8A2
:1006C0003400401CABF83400002521460198FFF7A8
:1006D00008FD38BBBBF81400401CABF8140004EB59
:1006E000C40000EBC411354800EB81063046049984
:1006F00001F03DFAB8B1BBF81600401CABF816008B
:1007000021460198FFF7EDFCB878401CC0B2B870E4
:100710000421ABF82A1005283AD987F802A0052051
:10072000E5F710FA34E0BBF81800401CABF81800ED
:1007300087F802A003992C484FF4C874012918D0F7
:1007400009EBC90101EB091100EB011122461D481B
:100750000EF010FE1A4B30461B1D2246194901F0BF
:10076000AAF82249049888420ED1304601F0F5F9E2
:100770000DE008EBC80101EB081100EB4111224626
:1007800010480EF0F7FDE5E7304601F099F9012534
:10079000114890F82300022801D0062806D1002035
:1007A000DAF728F90A480068DBF794FF094800687F
:1007B000DCF7EDFC28469CE40120704742610460B0
:1007C0008004006002C8046080F6B6A5815E9216BF
:1007D0004804006048020060B24C046098D0016098
:1007E0007C5B046036C0026088D20160708E0100BC
:1007F00010B5002803D0012020B1012010BDDBF787
:10080000D3FAF9E7002010BD0020704770B50D46FF
:10081000114604461A460120002A01D02CB901E0F5
:10082000042070BD2846DBF795FB08B1012070BDA0
:10083000002070BD2DE9F04184460E4617461D4646
:1008400000201F24002D07D0BCF1000F0FD0012085
:1008500080B10120BDE8F0810420FBE72A4639463B
:100860003046DBF7ACFB0028F2D0641EE4B2002C6B
:10087000F4D1EDE70020EDE7002801D0012070471A
:1008800039B1012910D0022905D0032908D004204C
:100890007047002070474FF40070108000207047B0
:1008A000082010800020704700207047002070470B
:1008B00010F046BE10F06EBC03E011F8013B00F8EA
:1008C000013B521E531CF8D17047C9B201E000F839
:1008D000011B521E531CFAD1704710B50023521E43
:1008E000541C05D010F8013B11F8014B1B1BF6D02E
:1008F000184610BD00E0401C02780AB18A42FAD1C5
:10090000007870472DE9F04104460F46D4F82A508C
:10091000BD4231D0207904F12E0808B3607801235C
:100920002A464146FFF786FF10B10120BDE8F0815D
:1009300000202071D4F81E00D4F81A100844A842F0
:100940000ED9E6780AE0D4F81A000544607801234D
:100950002A464146FFF76EFF761EF6B2012EF2D808
:1009600057B1607801233A464146FFF74FFF08B17F
:100970000120DBE7C4F82A700020D7E72DE9F04119
:10098000044600212046FFF7BDFF0546280053D14D
:100990002078032849D16079E8B30026C4F82A609A
:1009A00004F12E004FF4007200210746FFF78DFF7F
:1009B0005520123484F81A02AA2084F81B0252200F
:1009C000207760776120A0774121E177722284F857
:1009D000002284F8012284F8021284F8030254F8F9
:1009E000040C84F80402010A84F80512010C84F84E
:1009F0000612000E84F8070254F8080C84F8080266
:100A0000010A84F80912010C84F80A12000E84F815
:100A10000B02226800E008E014F8110C01233946AB
:100A2000FFF708FF04F80D6C123C002260781146B5
:100A3000FFF722FF00B10125284677E7891ED0F88D
:100A40001620921E8A4201D800207047D0F8262036
:100A5000807801FB002070472DE9F04104460D46E7
:100A6000022D03D3D4F81600A84201D801205DE777
:100A70002078012804D0022828D003283FD136E06E
:100A800005EB5506D4F81E0000EB56212046FFF773
:100A900039FFA0BBC6F30800204490F82E70761CE6
:100AA000D4F81E0000EB56212046FFF72BFF30BB89
:100AB000C6F30800204490F82E0047EA0020E9071A
:100AC00001D0000932E7C0F30B002FE7D4F81E0075
:100AD00000EB15212046FFF715FF80B9E8B204EBC3
:100AE00040002E300178407841EA00201EE7D4F81B
:100AF0001E0000EBD5112046FFF704FF10B14FF0A8
:100B0000FF3013E740F2FF1000EA850020442E304A
:100B10000178C27841EA026182784078120442EAA0
:100B20000020014321F0704000E72DE9F047044622
:100B30000D461646022D03D3D4F81600A84202D85B
:100B40000220BDE8F087207806F0FF094FF0010889
:100B5000012807D0022839D0032849D0022084F880
:100B60000480EEE705EB5507D4F81E0000EB572193
:100B70002046FFF7C7FE0028F1D1C7F30800204444
:100B80002E30E90703D0017869F31F1100E03146E8
:100B900001707F1C84F80480D4F81E0000EB5721FC
:100BA0002046FFF7AFFE0028D9D1C7F30801214442
:100BB0002E31EA0702D0C6F3071205E00A78C6F321
:100BC000032302F0F0021A430A70C8E7D4F81E00AB
:100BD00000EB15212046FFF795FE0028BFD1E9B2B2
:100BE00004EB410181F82E90320A81F82F20B6E7FC
:100BF000D4F81E0000EBD5112046FFF783FE002835
:100C0000ADD140F2FF1101EA850121442E314FF0B0
:100C10007043CA7803EA026232430A70130A4B70C7
:100C2000130C8B70120ECA7099E72DE9F04105463E
:100C30000F46022F03D3D5F81600B84201D802267A
:100C400028E000264FF0010820E039462846FFF74B
:100C500003FF0446F4B1012C0AD0601C0AD0002224
:100C600039462846FFF761FF0646300012D103E0FF
:100C700002260FE001260DE0D5F80E00411C04D03D
:100C8000401CC5F80E0085F805802746D5F81600EB
:100C9000B842DAD8304649E62DE9F04106460F461B
:100CA000002F07D039463046FFF7D6FE02280AD279
:100CB00001203BE6D6F80A501DB1D6F81600A8422E
:100CC00006D8012504E0D6F816108142F1D83D4639
:100CD0002C46641CD6F81600A04204D80224022D2B
:100CE00001D2002022E621463046FFF7B5FE38B19A
:100CF000411CDED00128DCD0AC42EAD1002015E650
:100D00006FF0704221463046FFF70FFF28B927B138
:100D1000224639463046FFF708FF20B101280ED0A1
:100D20000124204602E6C6F80A40D6F80E00411C0F
:100D3000F7D0401EC6F80E0001207071F1E74FF0A9
:100D4000FF34EEE770B504460D46E580A168012941
:100D500004D02068D0F816208A4201D8022070BD45
:100D600021B90278032A01D1D0F8221011B180787C
:100D700006011EE0E1600189A94201D8022070BD90
:100D8000D0F8220000EB151020611BE02068FFF76F
:100D900063FE0146481C08D0022904D32068D0F81D
:100DA0001600884203D8022070BD012070BDA81B28
:100DB00085B2B542EAD2E1602068FFF73FFE00EB62
:100DC00015102061206805F00F012E2202EB411161
:100DD00008446061002070BD2DE9F04104460E46D4
:100DE000E088401C87B2002F04D0206910B1390779
:100DF00002D06EE0042099E5401C2061E16831B129
:100E000020688278521E12EA171F06D061E020681F
:100E10000089B8425DD8042088E5FFF71DFE05462D
:100E2000012D01D8022081E5681C16D02068D0F879
:100E30001610A94247D896B1E168FFF72DFF054685
:100E400028000ED0012D0ED0681C0ED02068002185
:100E5000FFF758FD58B1012068E5012066E5042040
:100E600064E5072062E5022060E501205EE5206878
:100E70004FF400722E300021FFF727FD206829462D
:100E8000FFF7DCFD2168C1F82A0000264FF00108B9
:100E90000FE080F8048020680021FFF733FD08B1DF
:100EA000012043E5206850F82A1F491C0160761C88
:100EB000F6B220688178B142EBD82168D1F82A10C7
:100EC000891BC0F82A10E56020682946FFF7B6FDA7
:100ED0002061E780206807F00F012E2202EB41110C
:100EE00008446061002021E50246887ECB7E40EA0E
:100EF00003201278032A05D10A7D497D42EA0121A7
:100F000040EA0140704781760A0AC2760A0C0275EF
:100F1000090E417570472DE9F0410546002128462C
:100F2000FFF710FF0446200000D0FFE400264FF436
:100F3000FA77761CB6B2BE4217D829692868FFF73F
:100F4000E1FC04468CB96869017881B1C17A09076E
:100F500004D4A9690B22FFF7C0FC30B10021284658
:100F6000FFF73AFF0446002CE3D02046DEE40424D9
:100F7000FBE710B50446042015E02068FFF7C2FC2B
:100F8000A0B96269117861B1E52904D02E2902D097
:100F9000D17A09070AD500212046FFF71DFF10B1BD
:100FA00004E0042002E021690029E6D1002801D0F4
:100FB0000021216110BD70B5054600212846FFF7CC
:100FC000C1FE0446200011D129692868FFF79AFC68
:100FD00004465CB968690078E52807D030B1012182
:100FE0002846FFF7F9FE0446002CEDD0A4B9296984
:100FF0002868FFF787FC044620000DD16E69202287
:1010000000213046FFF761FCA9690B223046FFF74B
:1010100053FC296801200871204670BD10B50446B4
:101020002046E188FFF78EFE00280BD12169206859
:10103000FFF768FC002805D16269E521117022687C
:101040000121117110BD2DE9F05F8B46DBF80070B6
:1010500000E07F1C39782F29FBD05C29F9D0D0F82B
:1010600018A00B2220215046FFF72FFC00252E460A
:10107000A8464FF00809404608F101083C5C202CC6
:101080000BD92F2C09D05C2C07D02E2C01D04E452B
:1010900016D3B9F1080F0AD107E007EB0800CBF827
:1010A0000000202C2BD804202AE02E2C02D0062071
:1010B000BDE8F09F08264FF00B09A806050EDAE7F9
:1010C000802C01D30620F3E72146F7A0FFF712FC9E
:1010D00008B10620ECE7A4F14100192802D845F038
:1010E000020507E0A4F16100192803D845F00105C5
:1010F000203CE4B23046761C0AF80040BBE70020F2
:1011000026B19AF80010E52902D004E00620CFE7C6
:1011100005218AF80010B9F1080F01D1A9060D0EBA
:1011200005F00301012901D140F01000C5F3810150
:10113000012901D140F008008AF80B000020B7E730
:1011400030B501F109020369002B32D04069002457
:10115000035D202B07D0052B00D1E52302F8013BCE
:10116000641C082CF4D3037A202B0BD02E2302F816
:10117000013B0823C45C202C04D002F8014B5B1C0B
:101180000B2BF7D3C37A0B72037FC47F457F43EAEF
:101190000463847F240444EA052423430B60037E14
:1011A000447E43EA04238B80837DC07D43EA002094
:1011B000C8800020107030BD73B5044601990878CE
:1011C0002F2801D05C2801D1491C01910025A56080
:1011D00001980078202805D200212046FFF7B2FDB3
:1011E00065617CBD01A92046FFF72DFF0028F8D1DD
:1011F0002046FFF790FEA169C97A28B10428F0D1F2
:101200004907EED405207CBD4907FCD46169C87A42
:10121000C00601D405207CBD2068FFF765FEA060F4
:10122000E0E710B504460A466078012304F12E0178
:10123000FFF7ECFA08B1032010BD94F82C0294F8E3
:101240002D1240EA0120A0F52A41553901D0022093
:1012500010BD14F8640FE178627840EA0161A0786B
:10126000643C000440EA022001439348B0EB012FA4
:1012700001D1002010BD14F8801FE278637841EAA4
:101280000261A278120442EA03221143B0EB012F5B
:1012900001D1002010BD012010BD2DE9F0470E4600
:1012A000154601680B78303B092B02D84A783A2A58
:1012B00005D000230027376023B10B2041E4891CAF
:1012C0000160F7E77D48046884B13460207820B17C
:1012D0006078FFF799FAC1070AD038462770607026
:1012E000FFF786FAC1070AD003202AE40C2028E47D
:1012F0001DB1400701D50A2023E4002021E41DB1DF
:10130000400701D50A201CE4002631462046FFF79D
:1013100088FF0146012912D104F5F670027972B1F5
:10132000017AC27A41EA0266817A407A090441EA86
:101330000020064331462046FFF773FF014603298C
:1013400002D019B10D200CE401200AE494F8390010
:1013500094F83A1040EA0120B0F5007F01D00D204A
:10136000ACE794F8440094F8451040EA012058B9DD
:1013700014F8520FE178627840EA0160A17809041C
:10138000523C41EA02210843C4F81A00814694F80D
:101390003E10E170012903D0022901D00D208DE714
:1013A000484394F83B20A27012B1531E1A4201D058
:1013B0000D2083E794F83F1094F8403041EA03236E
:1013C0002381190701D00D2078E794F8411094F893
:1013D000425041EA052161B914F84E1FE57894F8AE
:1013E00001C041EA0561A5782D044E3C45EA0C2573
:1013F000294394F83C5094F83DC045EA0C28B8F1D4
:10140000000F07D008EB000505EB131C614503D264
:101410000D2053E70D2051E7A1EB0C01B1FBF2F1D8
:1014200049B3012540F6F672914200D302254FF6EA
:10143000F672914200D30325891C44F8161F06EB6F
:101440000C02226106EB0802A260163C032D14D0A8
:1014500033B31044C4F82200022D23D001F0010060
:1014600001EB410100EB510000F2FF10B9EB502FEE
:1014700026D20D2022E70D2020E70BB10D201DE71D
:1014800014F85A0FE278637840EA0260A2781204F6
:1014900042EA0322104344F8380C5A3C8800E3E740
:1014A0000D200BE74800DFE7222A2B2C3A3B3C3D7E
:1014B0003E3F5B5D7C7F0000004641548C04006031
:1014C0004FF0FF30C4F80E00C4F80A70032D5CD151
:1014D000677194F85E0094F85F1040EA0120821969
:1014E000C4F812206078012304F12E01FFF78EF971
:1014F000F0BB94F82C0294F82D1240EA0120A0F5DC
:101500002A41553941D114F82E0FE178627840EA2A
:101510000160A1782E3C090441EA02210843F74901
:10152000884232D194F8120294F8151294F81322DA
:1015300040EA016094F81412090441EA02210843C8
:10154000EF49884221D194F81A0294F81D1294F8B8
:101550001B2240EA016094F81C12090441EA0221AE
:101560000843C4F80A0094F8160294F8191200E02F
:101570000BE040EA016094F8181294F8172209046D
:1015800041EA02210843C4F80E002570DD490888AD
:10159000401C0880E080C4F82A70277100208DE686
:1015A00010B50168002905D00A781AB1CA88808868
:1015B000824201D0092010BD4878FFF725F9C00705
:1015C00001D0032010BD002010BD002801D00B2049
:1015D0007047CC4A121D1068002300B1037001B19E
:1015E0000B701160002070472DE9F7478BB007465C
:1015F000002F0FD04FF00008C7F8008002F01F0640
:1016000026F0010204A90CA8FFF747FE05462800B2
:1016100003D08EE009200EB050E601A80A9004A87D
:101620000C99FFF7C9FD0546099C0DB904B90625BB
:1016300016F01C0F4DD04DB1042D03D104A8FFF7B7
:10164000BAFC054646F00806099C08E0E07A10F06E
:10165000110F01D0072502E0700700D50825BDBB9A
:10166000300741D5FFF722F9A073010AE173010C9D
:101670002174000E607484F80B8084F81C8084F858
:101680001D8084F81E8084F81F8021460498FFF78F
:101690002BFC814600212046FFF735FC04990120F0
:1016A0000871B9F1000F1FD00498D0F82AA049465C
:1016B0000498FFF7BAFA0546280015D10498A9F155
:1016C0000109C0F80A9051460498FFF71BF9054636
:1016D0000AE04DB9E07AC10601D5042504E0B1075E
:1016E00002D5C00700D0072545B9300701D546F01F
:1016F00020060498D0F82A00F8613C62CDB9BE718A
:1017000021460498FFF7F0FB3861207FE17F627F7C
:1017100040EA0160A17F090441EA02210843F86020
:10172000C7F80880C7F81880049838600498C08803
:10173000B88028466FE72DE9F05F04460F4616464D
:1017400098460020C8F800002046FFF729FF00282F
:1017500003D1A079010601D50220A9E4C00708D071
:10176000E068A168401A864200D9064604F12409BF
:101770009CE007209CE4A068C1057FD12268917895
:10178000491E01EA502101F0FF0ABAF1000F11D100
:1017900058B161691046FFF75FF9022807D2A079B6
:1017A00040F08000A071022082E42069F5E7411C2E
:1017B0001ED0606161692068FFF740F9F0B100EB6D
:1017C0000A0B750A8DB320680AEB050281788A42FC
:1017D00001D9A1EB0A05EBB240785A463946FFF72A
:1017E00015F888B1A07940F08000A07101205FE475
:1017F000A07940F08000A071012059E4A07940F068
:101800008000A071022053E4A07940060BD5A069A6
:10181000A0EB0B00A84206D207EB40204FF4007269
:101820004946FFF749F86D0236E0FFE7A2695A45DD
:1018300022D0A079400610D520680123494640787F
:10184000FEF7F8FF28B1A07940F08000A0710120D8
:101850002EE4A07920F04000A071206801235A46B0
:1018600040784946FEF7D2FF30B1A07940F08000C1
:10187000A07101201CE401E0C4F818B02089C0F375
:101880000800C0F50075B54200D93546011924316C
:101890002A463846FFF710F82F44A0682844A06075
:1018A000D8F800002844C8F80000761B002E7FF40A
:1018B00062AF002007E42DE9F84F04460F461646B4
:1018C00099460020C9F800002046FFF769FEDFF8BE
:1018D000388020B10121A8F82C10BDE8F88FA0793C
:1018E000010603D50220A8F82C00F6E780070DD4E6
:1018F0000320A8F82C000720EFE7000052526141B6
:1019000072724161880400607C5B0460E068811948
:1019100000D3002604F124000090C0E0A068C105B7
:1019200072D122689178491E01EA502101F0FF0A24
:10193000BAF1000F0BD1F0B161691046FFF7ACF9B5
:10194000002874D001281FD0411C26D06061A079E6
:1019500040062FD52068A269012340780099FEF740
:1019600069FF18B30620A8F82C00A07940F0800089
:10197000A0710120B1E720690028E1D100211046C3
:10198000FFF78AF92061DBE70420A8F82C00A07992
:1019900040F08000A07102209FE70520A8F82C00ED
:1019A000A07940F08000A071012096E7A07920F096
:1019B0004000A07161692068FFF740F8D8B100EBE2
:1019C0000A0B750AA5B320680AEB050281788A42E2
:1019D00001D9A1EB0A05EBB240785A463946FEF729
:1019E00029FF90B10820A8F82C00A07940F08000D1
:1019F000A071012071E70720A8F82C00A07940F021
:101A00008000A071022068E72DE0A069A0EB0B0028
:101A1000A8420AD207EB40214FF400720098FEF76B
:101A20004BFFA07920F04000A0716D022DE039E05D
:101A3000FFE7A069584514D0A068E168884210D239
:101A4000206801235A4640780099FEF7DFFE40B136
:101A50000820A8F82C00A07940F08000A071012097
:101A60003BE7C4F818B02089C0F30800C0F5007542
:101A7000B54200D93546204424302A463946FEF77F
:101A80001BFFA07940F04000A0712F44A0682844BB
:101A9000A060D9F800002844C9F80000761B002E89
:101AA0007FF43CAFA068E168884200D9E060A0798B
:101AB00040F02000A0710920A8F82C0000200CE7BD
:101AC00070B504462046FFF76BFD00280ED1A179C2
:101AD0008A060BD548060ED52068A26901234078F6
:101AE00004F12401FEF7A6FE08B1012070BDA07923
:101AF00020F04000A071E1692068FEF703FF002894
:101B0000F4D1256AE87A40F02000E872207B28773B
:101B1000A089000A6877E068000CA877E068000EEA
:101B2000E87721692846FFF7EEF9FEF7BFFEA875B2
:101B3000010AE975010C2976000E68760020A87468
:101B4000E874A07920F02000A071216801200871BC
:101B50002068BDE87040FEF711BF10B5044620466E
:101B6000FFF7AEFF002801D10021216010BD2DE953
:101B7000F04104460D462046FFF712FD80465FEA1D
:101B8000080001D0BDE8F081A079010601D502204E
:101B9000F8E7E168A94202D2800700D40D46A068A8
:101BA0000027A760002D62D0226891784E0268B1AC
:101BB000691E401EB1FBF6F1B0FBF6F3994205D366
:101BC000711E8843A0602D1A61690CE0216949B932
:101BD00000211046FFF760F80146012905D0481C96
:101BE00009D02161616179BB41E0A07940F08000BA
:101BF000A0710220C6E7A07940F08000A07101200A
:101C0000C0E7A079800706D52068FFF745F80146B0
:101C100029B9354620E02068FEF71EFF0146481C22
:101C20000CD0012904D92068D0F8160088420CD8BD
:101C3000A07940F08000A0710220A3E7A07940F0D5
:101C40008000A07101209DE704E06161A06830443C
:101C5000A060AD1BB542D4D8A0682844A060E805B8
:101C600005D02068FEF7EAFEC8B100EB55272089B1
:101C7000C0052DD0A269BA422AD0A07904F124056A
:101C8000400616D52068012329464078FEF7D2FD8C
:101C900058B1A07940F08000A071012072E7A079CE
:101CA00040F08000A07102206CE7A07920F0400095
:101CB000A071206801233A4640782946FEF7A6FD28
:101CC00028B1A07940F08000A07101205AE7A761F7
:101CD000A068E168884204D9E060A07940F0200063
:101CE000A07140464EE7F3B583B00546002D0CD0F9
:101CF0000022294604A8FFF7D0FA04462E680027E0
:101D00002CB12F60204605B0F0BD0920FBE7C5F8D7
:101D100018D028460499FFF74FFA044694B9696928
:101D200041B1C87AC00604D53046FFF7DDF8A86097
:101D300000E0052434B9F088A88000212846FFF788
:101D400001F80446042C00D10524002CDAD02F60C1
:101D5000D8E7FEB504460E462046FFF721FC0028D2
:101D60000DD146B1C4F818D02046FFF702F900257E
:101D7000042805D006E000212046FEF7E3FFFEBD63
:101D8000256100200028FAD131462046FFF7D8F916
:101D900000212046FFF720F80428F0D1256100201B
:101DA000FEBD33B58BB00D46002204A90BA8FFF78A
:101DB00074FA04467CB901A80A9004A80B99FFF7AD
:101DC000FBF904463CB9099820B1294604A8FFF75D
:101DD000B7F900E0062420460DB030BD2DE9F74FDD
:101DE0008B461446002221466846FFF756FA804685
:101DF00026685FEA080063D1D6F81690D6F80E0080
:101E0000A9F10201884202D8CBF8000058E096F808
:101E100000A00025BAF1010F05D0D6F81E700020F1
:101E20000024C0B124E0022421463046FEF714FE0F
:101E3000411C03D0012804D030B106E04FF0010866
:101E400035E04FF0020832E06D1CD6F81600641C35
:101E50008442E9D32BE039467F1C3046FEF752FD21
:101E600080465FEA080022D106F12E044FF400708C
:101E7000BAF1020F0CD02178E278637841EA02616E
:101E8000A278120442EA03221143090109D009E0B1
:101E90002178627851EA022100D16D1CA41C801EB9
:101EA00002E06D1C241D001FB9F10109B9D1C6F86B
:101EB0000E50BAF1030F01D101207071CBF8005020
:101EC0004046BDE8FE8F70B50446002C06D0204683
:101ED000FFF766FB0546280002D009E0092070BD27
:101EE000A079010601D5022502E0800700D407256C
:101EF000ADBBE168A06881422CD9E060A17941F0D6
:101F00002001A17138B161692068FEF7A5FD064680
:101F1000701C08D008E021692068FEF786FE05469F
:101F20000020206116E00125012E00D102258DB987
:101F30002068D0F81610B1420CD961696FF0704278
:101F4000FEF7F3FD0546280004D120683146FEF770
:101F50006CFE05461DB1A07940F08000A0712846B6
:101F600070BD71B591B001220AA911A8FFF795F9CA
:101F70000446E4BBCDF840D00AA81199FFF71CF93C
:101F80000446A4BB0F9E56B1F07AC00700D00724C8
:101F900031460A98FEF7A8FF054614B11DE0062455
:101FA000F6E7F07AC00618D5022D01D2022414E01B
:101FB0001C220AA903A8FEF77FFC0595022103A8AD
:101FC000FEF7C0FE044644B903A8FEF7D2FF04465C
:101FD00004B90724042C00D1002444B90AA8FFF74F
:101FE0001DF804461CB935B129460A9800E007E0FF
:101FF000FEF71BFE04461CB90A98FEF7BFFC044618
:1020000012B0204670BD2DE9F14F8CB0FEF74EFCAA
:102010000646012204A90CA8FFF73FF90446200058
:102020007ED101A80A9004A80C99FFF7C5F80446D0
:10203000200000D10824042C72D100210498FEF75E
:102040002BFE80460024B8F1000F00D10724B8F120
:10205000010F00D10224B8F1FF3F00D1012424B9BF
:1020600000210498FEF74EFC04464FF0100A4FF092
:102070000109D4BB41460498FEF7E0FC8346049D69
:102080002E354FF4007200212846FEF71EFC0B226D
:1020900020212846FEF719FC2E272F7085F80BA06B
:1020A000AE75300AE875300C2876300E68764146F9
:1020B0002846FEF728FF05F12000202229460B9034
:1020C000FEF7FAFB85F8217006990498007803283A
:1020D00005D10498D0F82200884200D100210B9845
:1020E000FEF711FF0498877817E018E00498C0F80D
:1020F0002AB00BF1010B049880F804900021049899
:10210000FEF700FC0446200009D14FF400720021C4
:102110002846FEF7DAFB7F1EFFB2002FE6D100E073
:102120001EE01CB904A8FEF746FF044624B1414650
:102130000498FEF77AFD13E0099880F80BA08675E5
:10214000310AC175310C0176310E41764146FEF7F8
:10215000DAFE049880F804900498FEF70FFC044619
:102160000DB02046BDE8F08F37B58AB00C46154655
:10217000012203A90AA8FFF790F8002816D1CDF88C
:1021800024D003A80A99FFF717F800280ED1089861
:1021900068B105F02702C17A144091430C43C47220
:1021A0000399012008710398FEF7E8FB14E6062066
:1021B00012E613B58AB00C46012203A90AA8FFF75C
:1021C0006CF8002819D1CDF824D003A80A99FEF79D
:1021D000F3FF002811D1089888B1A1798175E188B1
:1021E000090AC17521790176A188090A4176039906
:1021F000012008710398FEF7C1FB0CB010BD06204A
:10220000FBE773B598B00D46012211A918A8FFF796
:1022100044F80446002C72D111980A9001A8179036
:1022200011A81899FEF7C8FF0446002C67D116982C
:1022300088B1169915220B3104A8FEF73DFB1C222C
:1022400011A90AA8FEF738FB29460AA8FEF7B4FF31
:10225000044614B102E0042451E00824042C4ED1B9
:102260000AA8FEF7A8FE0446CCBB0F9D13220DF171
:10227000120105F10D00FEF71FFB9DF8100040F064
:102280002000E8721198012606710C991398884273
:102290002BD0E87AC00628D529461198FEF724FEEF
:1022A00001461198FEF7CAFB014639B11198FEF7B5
:1022B00029FB044611984E3014B116E0022414E0B4
:1022C00041782E2911D111990978032908D1119A41
:1022D0000C99D2F82220914202D1002101E00EE0B7
:1022E0000C99FEF710FE1198067144B911A8FEF77B
:1022F00095FE04461CB91198FEF740FB04461AB03F
:10230000204670BD2DE9F74F88B01546002802D051
:102310000B200BB026E70998012801D91320F8E714
:10232000681E054201D01320F3E7FA48046844B15F
:10233000002020700490FEF75BFAC10703D0032051
:10234000E7E70C20E5E7400701D50A20E1E76A4608
:1023500001210498FEF790FA10B90098802801D264
:102360000120D6E7099911B14FF0000801E04FF0C4
:102370003F08A0EB080100917DB94FF4FA60B1FB72
:10238000F0F20020E44B00E0401C33F8105095427E
:10239000FAD8E14A163232F810504FEA5529B9F10D
:1023A000000F01D14FF00109B9F1800F01D94FF0B1
:1023B0008009B1FBF9F0012640F6F672904200D395
:1023C00002264FF6F672904200D30326032E17D052
:1023D000012E1ED04000001D00F2FF10470A01250B
:1023E0004FF0200A08EB050B0BEB0700504401905F
:1023F00001984844A0EB0800884210D90E2088E7D5
:1024000040F2072202EB8000470A20254FF0000A25
:10241000E8E700EB4000401C4008C01CDCE702AAD3
:1024200003210498FEF728FA20B9029810B1B0F5FC
:10243000004F01D901200290DDE901100144491E3D
:10244000401E81430198081A0290032E0BD00744C6
:102450000098411BC91BA1EB0A01B1FBF9F10391E3
:10246000022E03D007E005448344F1E7039940F6C8
:10247000F672914206D3032E06D103994FF6F672F7
:10248000914201D20E2044E7012E08D0022E09D03D
:102490000C200590099868B1F020069047E00120D3
:1024A0000590F7E7B0F5803F01D2042000E0062058
:1024B0000590EFE704F12E004FF400720021079021
:1024C000FEF703FA04F5F6700121417081700022D5
:1024D000C27005990171FE214171009943F6C163F3
:1024E0004144B1FBF3F102913F2343EA910C80F8A0
:1024F00006C0C171037242728272C2720099017386
:102500000A0A42730A0C8273090EC173552084F8BB
:102510002C02AA2084F82D02012300220799049896
:10252000FEF788F908B10120F3E6F82006902E3472
:102530004FF4007200212046FEF7C7F90B2277A165
:102540002046FEF7B9F90021E1720220207384F8D9
:102550000D90A573280AE07301202074032E0BD080
:1025600040026074000AA0740098B0F5803F05D264
:10257000E074000A20750AE00020F2E704F8200F5A
:10258000020A6270020CA270000EE070203C0698F5
:1025900060753F20207600206076FF21A176E076EE
:1025A00084F81C804FEA182060774FEA1840A07723
:1025B0004FEA1860E077FEF779F90290802229212E
:1025C000032E22D016346074030AA374030CE37440
:1025D000000E20752770380A6070A2732174163CB3
:1025E000132251A104F12B00FEF766F9552084F85F
:1025F000FE01AA2084F8FF010123424621460498E7
:10260000FEF718F948B3012083E62434E077030A83
:1026100084F82030030C84F82130000E84F8220066
:102620002770380A6070380CA070380EE0700220F5
:10263000207200206072A072E07201232373607325
:102640000623A373E0732277A177243C13223BA1D6
:1026500004F14700FEF730F9C8E7032E06D1012345
:1026600008F1060221460498FEF7E4F85D464FF0B3
:10267000000B4FF4007200212046FEF726F9069861
:102680000290032E12D0012E0ED06FF0FF010143F5
:10269000029121700298000A60700298000CA070EC
:1026A0000298000EE07018E02949F0E760F0FF00A2
:1026B000029020700298000A60700298000CA070CE
:1026C0000298000EE070FF2020716071A071E0712F
:1026D00020726072A0720F20E0722A466D1C0123E6
:1026E00021460498FEF7A6F808B1012011E64FF440
:1026F000007200212046FEF7E8F8012002902CE04D
:102700002A466D1C012321460498FEF793F808B36E
:102710000120FEE58C0400603E1D0408EBFE904D98
:1027200053444F53352E30004E4F204E414D4520DF
:102730002020204641542020202020004E4F204EB3
:10274000414D452020202046415433322020200096
:1027500000FFFF000298401C02900298B842CFD3BD
:102760000BF1010BBBF1000F83D0032E00D0D1463B
:102770002A466D1C012321460498FEF75BF808B138
:102780000120C6E5B9F10109F2D1032E3AD1522058
:10279000207060706120A0704121E170722284F885
:1027A000E42184F8E52184F8E61184F8E701039830
:1027B000401E84F8E801010A84F8E911010C84F84C
:1027C000EA11000E84F8EB01022084F8EC010020ED
:1027D00084F8ED0184F8EE0184F8EF01552084F8C7
:1027E000FE01AA2084F8FF01012308F1010221461D
:1027F0000498FEF71FF8012308F107022146049808
:10280000FEF718F8002211460498FEF735F808B1D3
:1028100001207EE500207CE5D8F712B810B50C4603
:10282000D8F710F82070012010BD10B50C46022119
:10283000D8F75DF82080012010BD10B5C9B2D8F7D7
:1028400022F8012010BDDBF7EFB880B2DBF70CB93E
:10285000D8F7A4B830B5B7483221017030214170A3
:10286000B54A0A219379B3FBF1F430348470B3FB99
:10287000F1F401FB14333033C3702D250571537906
:10288000B3FBF1F430344471B3FBF1F401FB1433C6
:1028900030338371C571D378B3FBF1F430340472F3
:1028A000B3FBF1F401FB1433303343722023837202
:1028B0009378B3FBF1F43034C472B3FBF1F401FB51
:1028C0001433303303733A2444735378B3FBF1F574
:1028D00030358573B3FBF1F501FB15333033C3732A
:1028E00004741278B2FBF1F330334374B2FBF1F3AA
:1028F00001FB13213031817430BD2DE9F05F4FF4BD
:1029000096614FF46163DFF834E24A008C005D00A9
:10291000CE000F01DFF828B24FF4164C4FF4614897
:102920004FF496394FF4E13A022819D078B30128D0
:1029300074D1844890F8230004286FD007286DD004
:102940000C286BD0082869D07F4800780C2865D205
:10295000DFE800F0B1B6BBC0C5CACFD4DEE3E8D92A
:102960009BF8020001280BD0784800780C2855D23B
:10297000DFE800F00E13181D22272C313B404536AE
:102980009EF802004FF0000E8BF802E0EEE73CE00C
:10299000BDE8F05F0846DAF735BFBDE8F05F1046E6
:1029A000DAF730BFBDE8F05F1846DAF72BBF2046F4
:1029B000BDE8F05FDAF726BF2846BDE8F05FDAF73A
:1029C00021BF3046BDE8F05FDAF71CBF3846BDE8EE
:1029D000F05FDAF717BF6046BDE8F05FDAF712BFC5
:1029E0004046BDE8F05FDAF70DBF4846BDE8F05F4E
:1029F000DAF708BF5046BDE8F05FDAF703BFBDE87D
:102A0000F05F4FF46120DAF7FDBE9BF8000001286B
:102A10000DD04F4800780C2800D200E088E0DFE8B5
:102A200000F00D12171C21262B303A3F44359EF83A
:102A300000004FF0000E8BF800E0ECE7BDE8F05F1F
:102A40000846DAF753BEBDE8F05F1046DAF74EBE2F
:102A5000BDE8F05F1846DAF749BE2046BDE8F05FF2
:102A6000DAF744BE2846BDE8F05FDAF73FBE3046ED
:102A7000BDE8F05FDAF73ABE3846BDE8F05FDAF756
:102A800035BE6046BDE8F05FDAF730BE4046BDE8CF
:102A9000F05FDAF72BBE4846BDE8F05FDAF726BEF6
:102AA0005046BDE8F05FDAF721BEBDE8F05F4FF4B5
:102AB0006120DAF71BBEBDE8F05F0846DAF72BBFEE
:102AC000BDE8F05F1046DAF726BFBDE8F05F1846B4
:102AD000DAF721BF2046BDE8F05FDAF71CBF2846D1
:102AE000BDE8F05FDAF717BF3046BDE8F05FDAF710
:102AF00012BF3846BDE8F05FDAF70DBF6046BDE8AB
:102B0000F05FDAF708BF4046BDE8F05FDAF703BFD1
:102B10004846BDE8F05FDAF7FEBE5046BDE8F05F1C
:102B2000DAF7F9BEBDE8F05F4FF46120DAF7F3BEE3
:102B3000BDE8F09F02CA0460F8170060CC03006093
:102B4000CF030060B24C0460650300606603006060
:102B500064030060FD4A107800280DD0FC49087914
:102B6000401CC0B20871052806D9002010700871F9
:102B7000F849888E401C8886704710B5002464236D
:102B80000022F5A1F5A001F09EF808B1022010BDC9
:102B9000D6F7D7F8641CE4B20A2CF0D301D0012098
:102BA00010BD002010BD70B5ED484FF4FA6490F8E8
:102BB0002310072913D0082911D00C290FD0E94E72
:102BC0004FF4805529463046D6F740F82046DAF7CC
:102BD0004BFF29463046BDE87040D6F735B8E24E87
:102BE0004FF4007529463046D6F730F82046DAF71C
:102BF0003BFF29463046BDE87040D6F725B808B5FA
:102C0000D74890F82300072810D008280ED00C28A9
:102C10000CD001210802D6F7CCF94FF48050ADF862
:102C200000006946CF48D5F7A0FF08BD012110205C
:102C3000D6F7BFF94FF40070ADF800006946CA48F6
:102C4000D5F793FF08BD70B5C84D40F22551284611
:102C5000D7F79CFBC64CB8B12846D7F723FBC2B2C6
:102C6000B4F8000440F2FF31C0F30E0088420BD2EA
:102C7000B4F80004B4F80034C0F30E01481C60F34B
:102C80000E03A4F80034625440F224412846D7F7DA
:102C90007DFB01280AD194F8010440F0800084F8FB
:102CA00001042846BDE87040D7F7FCBA70BD70B586
:102CB0000C46B0A10CF082FB20B181792C2903D005
:102CC000002070BD002070BD017A3A2910D1C27970
:102CD000303A092A0CD892B2002105E043185B7AF9
:102CE00004F8013B491C89B29142F7D3104670BDEC
:102CF000427A6FF02F053A2A03D0837A3A2B1AD002
:102D00003EE0C279303A092A3AD8302938D33929F5
:102D100036D802EB820205EB420211448AB200214E
:102D200005E043189B7A04F8013B491C89B29142A3
:102D3000F7D3104670BDC379303B092B20D830291A
:102D40001ED339291CD8302A1AD3392A18D803EBB4
:102D5000C306303906EB031301EB810102EB83025A
:102D600005EB410111448AB2002105E04318DB7AEA
:102D700004F8013B491C89B29142F7D3104670BD5B
:102D8000002070BD70B500247C4D4FF47A7601F0C0
:102D900029F9A870401E032808D33046DAF764FEEC
:102DA000D5F7CFFF641CE4B20A2CF0D3A87803282F
:102DB00008D1BDE870404FF4FA73002266A170A0FC
:102DC00000F081BF70BD4FF4FA73002262A170A0C1
:102DD00000F079BF2DE9F0475D4E00257571674F12
:102DE000B878012864D03878022861D050B1B57124
:102DF0004FF4FA73002258A168A000F064FFC820C5
:102E0000DAF732FE78784FF480684FF47A79012847
:102E100025D1002400F0E7FF4846DAF725FE0FE051
:102E2000002001F07FFE0146424660480CF0A2FA05
:102E300049A14F480CF0C2FA38B94846DAF714FEF7
:102E40002046641CE4B20528EAD34B4658A242A1AE
:102E500059A000F038FFC820DAF706FE75713878FF
:102E6000012822D1002000F087FFC820DAF7FCFDFE
:102E7000002442494A31A1F1400000F093FF0FE0E5
:102E8000002001F04FFE0146424648480CF072FA1D
:102E900031A137480CF092FA38B94846DAF7E4FD28
:102EA0002046641CE4B20528EAD3BDE8F04769E790
:102EB000BDE8F08710B5264CE079012805D1FFF771
:102EC00089FFF2F782FB0020E07110BD10B58CB0D5
:102ED00001210220D6F762F8394C2046D5F7E8FCEC
:102EE0004FF4167004901020039000210B91354A86
:102EF0000292089180220692202009901B48001D12
:102F000001900791059180140A9001A92046D5F7F8
:102F100046FD0CB010BD8EB0142009900C4F00255A
:102F2000BD71FD7115490420C871FD70B1F8030031
:102F30004FF6FF72002801D0904203D14FF4FB708E
:102F4000A1F80300B1F80500F0B33EE05C010060B9
:102F5000900400607C5B04604F4B00004154000013
:102F6000B24C04600020014000100140004C0040C1
:102F700036D904602B4950440000000016CE04608E
:102F800041542B434950434C4F53453D35000000BD
:102F900041542B524553544F5245000041542B434A
:102FA0005753544F50534D415254000016CA0460B9
:102FB000726561647900000041542B525354000043
:102FC00058040240DED6046001E0904203D14BF683
:102FD000C020A1F805008A46B1F803000A2206A91C
:102FE00000F054FD00F002FEFFF709FEFFF76EFF50
:102FF000FE4890F8230007281FD008281DD00C2871
:103000001BD04FF48051FA48D5F71EFE4FF4FA64F6
:103010002046DAF729FDFFF7C6FD2046DAF724FD42
:10302000FFF7ABFD08900898F2494FF001090D91A8
:10303000022808D08AF802905CE04FF40071EE4854
:10304000D5F702FEE2E704A9DF20FFF7E7FB9DF8D2
:103050001000442843D018208DF81100FE208DF870
:103060001200E24A107828B9517819B9917809B953
:10307000D17899B3FF2808D15178FF2905D19178EB
:10308000FF2902D1D178FF292CD0D178102903D281
:1030900010318DF8131001E08DF81310917810297C
:1030A00003D210318DF8141001E08DF8141051780E
:1030B000102903D210318DF8151001E08DF815108C
:1030C000102803D210308DF8160001E08DF816009C
:1030D0000DF1110001F0F4F887F8039002E00D986B
:1030E00001F0A0F805218AF80210002000F044FE4B
:1030F000FFF770FEDFF804B3C1480C900520DAF743
:10310000B3FC089802280AD1F878012807D10D9855
:1031100001F088F8FD704421DF20FFF78EFBD5F722
:1031200010FE08980228E9D13878142802D93D7099
:10313000FFF739FD9AF80200022859D0012857D02C
:103140009AF8010038B98AF86A508AF86B508AF800
:103150006C508AF86D50B87950B94FF47A730022E8
:10316000AFF20C21A7A000F0AEFD08B187F80690E1
:10317000B879C8B3002400F035FF8AF80200642053
:10318000DAF772FCD5F7DDFD9AF80200032804D9BE
:103190002046641CA4B2C828EDD3C82C05D3FFF781
:1031A00019FE3878401C3870A8E78AF8005091481A
:1031B00040216C380CF0F7F88E4820212C380CF0A8
:1031C000F2F8944880F81890ECF747FA4FF4FA7345
:1031D0000022AFF27C21AFF23C2000F074FD6420AD
:1031E000DAF742FCFFF7F6FDC820DAF73DFC85E789
:1031F0003D70787938B34FF48064214686480CF0EE
:10320000D2F821467D480CF0CEF8002001F08AFC6F
:103210000146224679480CF0ADF89BF8070030389B
:10322000C6B27D497548FFF742FD0446002C73D0B5
:10323000B01E022871D8DFF8E0E19EF800000B9084
:103240001C286CD06DE06B4928220C390D9801F0D8
:10325000C5F868B19AF86A0040B99AF86B0028B9C5
:103260009AF86C0010B99AF86D00E0B187F80590F3
:10327000002001F0F9F94FF4FA7423460022AFF26E
:10328000283166A000F01FFD012000F016FED5F7E2
:1032900058FD23460022AFF24031AFF21C3000F05F
:1032A00012FD002403E07D71E2E7D5F74AFD0095A9
:1032B000BAF8051002230A465CA000F046FE20B9C9
:1032C0002046641CA4B20528EFD3002440F2D24665
:1032D00001E0D5F736FD314602230A4653A0CDF86A
:1032E000009000F032FE20B92046641CA4B20528EC
:1032F000EFD3002401E0D5F724FD09AA06A9012097
:1033000000F04FFE00287FF44FAF2046641CA4B2AB
:103310000528BFF449AFEEE7F1E0F1E0FFE7302C1C
:1033200003D00B98EE2806D01BE0002221463A4835
:10333000DDF7BDFFDBE29EF80100102811D19EF8F9
:10334000020070B99EF8030058B99EF8040040B915
:103350009EF8050028B99EF8060010B99EF80700EF
:1033600040B1224E9EF806103079814209D0FF29E3
:1033700003D018E0F2F71CF9B9E29EF8070019280B
:1033800011D025490520F3F751F97A8942B19BF80C
:1033900007002A493038C3B2002001F058FB7D8174
:1033A000FFF788FDA3E29EF8060000283FF4FCAE7C
:1033B0009EF80700032811D006280FD010280DD042
:1033C00019280BD0012809D0022807D0042805D0DD
:1033D000052803D00F2801D0182894D1102804D133
:1033E0009EF80C00201A0D288DD129E0B24C046003
:1033F000002001408CCE04600010014016CA046019
:10340000D021016041542B43575354415254534DE2
:1034100041525400A4B50360DED2046041542B43F2
:1034200049504D4F44453D30000000003235352EA7
:103430003235352E3235352E32353500EAD004603E
:1034400096F82A00072815D096F82800072815D0E6
:1034500096F829000728C0D186F824900020DFF8CC
:10346000F8E3FA4AFA4B9EF800E0DFF8E8C3CDF83B
:1034700028E01EE0022086F82400EFE786F82450BA
:10348000ECE712F800E0714504D14FF0020E86F827
:1034900024E00CE013F800E0714502D186F82450D6
:1034A00005E01CF800E0714501D186F82490401C2D
:1034B000C0B2DDF828E07045E3D3E8480322417844
:1034C0000B9841EA0021E548C07A02EB400204A8CB
:1034D000DBF7A6FFE148A41F96F82420A1B204ABB5
:1034E000801DF1F7A9FA7A89002A08D09BF8070015
:1034F000DB493038C3B2002001F0A9FA7D81F6E142
:1035000016B1012E7CD0F2E1B878E8BB87F80290C2
:1035100000232246D14901A8CDF8009005F0FAFB1E
:103520000246501EB0F5FF7F67D80123CB4901A8A2
:1035300006F014FFCB48007838B30024CA4E02E0EE
:103540003220DAF791FA307820B92046641CE4B2D0
:103550000A28F5D33178C1B1C2490D700024C34E99
:1035600016E09BF8071040F22D123039CBB204FB65
:1035700002F106EB41010020B1F8582201F067FA90
:103580000120DAF771FA01E037E007E0641CE4B2E9
:10359000B54909788C42E4D3B34805703A8942B101
:1035A0009BF80700B2493038C3B2002001F04FFA4F
:1035B0003D81B048017801B3002418E040F22D109D
:1035C00004FB00F1AC4800EB4106B6F8580260B1CC
:1035D0000120DAF749FA9BF80700B6F8582230388C
:1035E000C3B23146002001F032FA641CE4B2A148B3
:1035F00000788442E2D39F480570BD7077E1FFE711
:103600009649087864287DD19C4880F80090002075
:103610009AF86A609AF86BC09AF86C209AF86DE094
:10362000C4F3850412E08D4901EB80014B78B3426D
:103630000AD18B78634507D1CB78934204D10979BD
:10364000714501D18D490D70401CC0B2A042EAD332
:103650008A480078002855D00020DCF7ADF8884C67
:10366000A577E57784F8205084F821509AF86A000D
:1036700020829AF86B0060829AF86C00A0829AF817
:103680006D00E08214227F490C980BF073FE7E4897
:10369000007840F0020084F83E009BF807004322C7
:1036A0003038C3B22146002001F0D1F900264DE0A8
:1036B000764BC6EBC60000EB030C9CF80610DC2929
:1036C0000DD21A5CDFF8C8E10EEBD20E02F0070251
:1036D0009EF800E009FA02F21EEA020F34D0232914
:1036E00032D0DCF80120A280C2F3072CA4F806C077
:1036F000C2F3074CA4F808C0120E6281A181185CC5
:10370000E08100E0F3E063480178A1774178E17758
:10371000817884F82010C07884F821005E48142253
:1037200000EB06110C980BF025FE5748007840F08E
:10373000020084F83E009BF8070043223038C3B2F1
:103740004F49002001F083F9761CF6B24248007818
:103750008642ADD300262EE006EB86004F4B00EBF1
:10376000C600C1180822A281185CE081494802788D
:10377000A2774278E277827884F82020C07884F8B3
:103780002100D1F80500A080010AE180010C21810F
:10379000000E60813C48007840F0020084F83E0052
:1037A0009BF8070043223038C3B23549002001F0AE
:1037B0004EF9761CF6B23A4800788642CCD3002601
:1037C00090E02B2006FB00F136480144887CE0BBEA
:1037D0000868A080020AE280030C2381020E628145
:1037E0008A7AA2814A7AE2812A4A92F800C084F851
:1037F0001EC092F801C084F81FC092F802C084F87D
:1038000020C0D27884F82120C0F3072242EA0022A7
:103810006284097984F82410190241EA1060A4F83E
:103820003900142101A80BF0BEFD4D208DF80400D5
:1038300053208DF8050054208DF8060050208DF897
:1038400007003A208DF808002EE049E03A060460AF
:103850003E0404603C050460E8020060DED20460BF
:10386000EAD00460570200605C010060AAA5016014
:1038700092CE0460210100604E2F0160F0000060D4
:10388000AB210160B4780360620300607A310460A8
:10389000B23A0460B24C04608C1E0460C9430460F8
:1038A0000D030060889B03608DF81750142201A956
:1038B0000C980BF05FFD0C2084F83F006348007803
:1038C00040F0020084F83E000120DAF7CDF89BF8C2
:1038D000070043223038C3B25D49002001F0B7F839
:1038E000761CF6B25B4800788642FFF46AAF64202B
:1038F000B8FBF0F100FB118098B9D5F722FA4FF42C
:103900007A70DAF7B1F800F0F5FCF8B102208AF825
:1039100002007D707878032803D98AF802907D71BF
:103920007D70404608F101081FFA88F8B0F5967FCF
:103930007FF63AAC4FF00008D5F703FA012000F00B
:1039400093FE02287FF430AC7D712DE47878401C22
:103950007870DFE71CB540490023CDE900014FF442
:103960007A723EA1AFF65120D8F712FC1CBD70B59B
:1039700004463D4D012280212846D6F755FC2146BC
:103980003A4C2046D5F74CF801212046D5F731F8BE
:10399000374E3046D5F749F80028FAD03046D5F7EB
:1039A00053F800212046D5F724F82846BDE870409A
:1039B00000228021D6F738BC10B50C4601462246BD
:1039C0002C480BF0D7FC2046FFF7D1FF10BD70B597
:1039D0008CB02948002505700024022601E0D5F7A7
:1039E000B0F97B220223114624A0009600F0ADFA24
:1039F00020B92046641CE4B20528F0D33022DB2035
:103A00008DF800008DF8015004208DF80200FA2096
:103A10008DF803008DF8045001208DF805008DF815
:103A200006508DF807508DF808508DF809000A20CF
:103A3000694602E00D54401CC0B29042FAD3022302
:103A40006946002001F003F80CB070BD620300600D
:103A5000AB2101606C0200609C040060574946493C
:103A60005F7461736B000000004C0040580402401A
:103A700000000210DED60460720100603137362E7D
:103A80003232312E34322E3132350000F0B5034659
:103A90000025084600260A2A01D00670F0BD002B3A
:103AA0001DD005DA4FF02D0200F8012BC3F1000301
:103AB00042F210724FF00A0793FBF2F454EA050C3D
:103AC00006D004F1300500F8015B04FB1233012538
:103AD00092FBF7F2002AEFDC06700846F0BD3022B8
:103AE000027046700846F0BD0FB430B585B005468B
:103AF0000AA800900EE05C2914D025292CD0521C75
:103B000028460992D6F7CAFB80212846D6F733FC0F
:103B10000028F9D0099A11780029ECD105B030BC01
:103B20005DF814FB521C099210786E280CD0722894
:103B300002D0521C0992E7E70D212846D6F7AEFBCA
:103B40000998401C0990DFE70A212846D6F7A6FB12
:103B50000998401C0990D7E7521C099210786428F4
:103B600019D0732802D0521C0992CDE7009810C8D2
:103B7000009009E02846D6F791FB80212846D6F729
:103B8000FAFB0028F9D0641C21780029F2D10998A9
:103B9000401C0990B8E7009808C800900A2201A9C3
:103BA0001846FFF773FF01AC09E02846D6F776FB0D
:103BB00080212846D6F7DFFB0028F9D0641C217845
:103BC0000029F2D10998401C09909DE708B53420DE
:103BD0008DF8000000208DF801008DF80200012012
:103BE0008DF803006846D4F744FC08BD10B586B0D4
:103BF0000121C804D5F7E8F901211020D5F7D9F93A
:103C00004FF48060ADF8140018208DF817000320E1
:103C10008DF81600FC4C05A92046D4F7A6FFE11448
:103C2000ADF8141004218DF8171005A92046D4F71B
:103C30009CFF4FF4E13001900020ADF80800ADF892
:103C40000A00ADF80C00ADF810000C20ADF80E0025
:103C5000EE4C01A92046D6F745FA012240F2255143
:103C60002046D6F7C6FA012240F224412046D6F774
:103C7000C0FAFFF7ABFF01212046D6F7AEFA06B037
:103C800010BD08B510208DF8030003208DF8020048
:103C900001210802D5F78DF94FF48050ADF80000EE
:103CA0006946DB48D4F761FF08BD10B5FFF7E9FFAF
:103CB000FFF79CFFFFF70AF9BDE810404FF4805171
:103CC000D348D4F7C1BF2DE9F0410D4690461E46BA
:103CD0000246D0A1CD48FFF707FF55EA080012D0F1
:103CE000CE4FB7F800046FF30E00A7F8000497F862
:103CF000010420F0800087F8010400243220B6FB84
:103D0000F0F086B207E00120BDE8F0813220D9F75B
:103D1000ABFED5F716F897F80104000604D4204648
:103D2000641CA4B2B042F1D3B7F800140020C1F370
:103D30000E0178547DB1B8F1000F0CD02946B74878
:103D40000BF03CFB28B94146B4480BF037FB002888
:103D5000DAD00120D8E73DB12946B0480BF02EFB60
:103D60000028D1D00120CFE74146AC480BF026FB1C
:103D70000028C9D00120C7E740F6C413002805D0A9
:103D8000012807D0022809D000207047A4A2A7A1CB
:103D9000A7A098E7A2A2A5A1A8A094E7A0A2A3A18A
:103DA000A9A090E700B59FB00B460246A9A101A8C3
:103DB0000CF0BAFD41F2883300229CA101A8FFF764
:103DC00082FF1FB000BD00B59FB00B460246A6A102
:103DD00001A80CF0A9FD41F28833002293A101A8AB
:103DE000FFF771FFEDE72DE9F041CEB0642135A872
:103DF0000BF0D9FA0024A24D13AE281906EB84016A
:103E000090F86A000A22FFF741FE641CE4B2042C19
:103E1000F3D300240FAF281907EB840190F86E004C
:103E20000A22FFF733FE641CE4B2042CF3D300240F
:103E30000DF12C08281908EB840190F872000A2271
:103E4000FFF724FE641CE4B2042CF3D312A811A9DA
:103E5000CDE9081010AACDE906720EA80DA9CDE98A
:103E6000041016A815A90CAACDE90010CDE902820C
:103E7000331D13AA83A135A80CF056FD35AA8CA1D9
:103E800017A80CF051FD4FF47A63002267A117A820
:103E9000FFF719FF4EB037E700B59FB00B46009211
:103EA000024688A101A80CF03FFD4FF47A7300226E
:103EB0005EA101A8FFF707FF83E700B585B00028E2
:103EC00001D0012200E0002284A168460CF02CFD04
:103ED0004FF4FA73002255A16846FFF7F4FE05B0CF
:103EE00000BDF0B5B9B004460F4615461E46642124
:103EF00020A80BF058FA14B1012C0FD107E03B4673
:103F00007AA27BA120A800950CF00EFD06E03B46AE
:103F10007BA277A120A800950CF006FD052E06D205
:103F200020AB324677A102A80CF0FEFC04E020AAE8
:103F300079A102A80CF0F8FC4FF47A637AA23BA1B5
:103F400002A8FFF7C0FE39B0F0BD2DE9F041BAB0CC
:103F50008046409F0E4615461C46642121A80BF062
:103F600022FACDE90065434665A273A121A8029417
:103F70000CF0DAFC052F06D221AB3A4661A103A86A
:103F80000CF0D2FC04E021AA63A103A80CF0CCFC45
:103F90004FF47A6364A225A103A8FFF794FE3AB018
:103FA000B2E610B59EB04FF4FA7400280DD00B465F
:103FB000012266A168460CF0B7FC234600221BA133
:103FC0006846FFF780FE1EB010BD0B4600225FA1C1
:103FD00068460CF0A9FC2346002214A16846FFF7AE
:103FE00072FEF0E710B54FF4FA7300220FA15CA047
:103FF000FFF769FE30B15EA108480BF0DFF910B1A0
:10400000022010BDCFE0B9E000100140004C00409C
:104010000020014025730D0A0000000036D904601D
:104020006E6F206368616E67650000004F4B000093
:1040300041542B43574D4F44453D310041542B4390
:10404000574D4F44453D320041542B43574D4F444B
:10405000453D330041542B43574A41503D2225737F
:10406000222C22257322000041542B43574A4150F1
:104070005F4445463D222573222C222573220000F1
:1040800016CE04602225732E25732E25732E2573DC
:10409000222C2225732E25732E25732E2573222C78
:1040A0002225732E25732E25732E257322000000E2
:1040B00041542B4349505354415F4445463D257379
:1040C0000000000041542B43575341503D222573BB
:1040D000222C222573222C312C25640041542B43A1
:1040E00049504D55583D2564000000005443500090
:1040F000222573222C222573222C25730000000018
:104100005544500041542B43495053544152543D5F
:1041100025642C257300000041542B43495053540F
:104120004152543D25730000414C524541592043B2
:104130004F4E4E4543540000222573222C222573F6
:10414000222C25642C25642C2564000041542B432B
:1041500049505345525645523D25642C2573000065
:1041600041542B43495053544154555300000000CF
:104170005354415455533A320D0A0000FBA1FE48F6
:104180000BF01CF908B103203BE7FCA1FA480BF047
:1041900015F908B1042034E7FBA1F7480BF00EF93C
:1041A00008B105202DE706202BE710B500244FF4B9
:1041B000FA730022AFF28C11AFF25C00FFF783FDBF
:1041C00000282DD0F3A1EC480BF0F8F800B1012441
:1041D000F4A1E9480BF0F2F810B144F0020401E058
:1041E00024F00204F3A1E4480BF0E8F810B144F025
:1041F000040401E024F00404F2A1DF480BF0DEF82F
:1042000010B144F0080401E024F00804F1A1DA48F8
:104210000BF0D4F810B144F0100401E024F01004C5
:104220002046EEE62DE9FC410646C8230022AFF207
:104230000421ECA0FFF747FD00250024EDA1CE48A6
:104240000BF0BCF818B10B3000226F4602E00020E2
:10425000BDE8FC81815C3A2902D0052D0DD00EE02D
:10426000022C06D19DF801109DF8003001EB0311DE
:1042700071556D1CEDB2002413E0222915D0A1F177
:104280003003092B04D82146641CE4B27B5408E0B7
:10429000A1F16103052B04D857392346641CE4B20D
:1042A000F954521CD2B2282AD4D3022C06D19DF83C
:1042B00001009DF8001000EB011070550120C7E7C8
:1042C00010B592B041790279C3788478CDE90221A2
:1042D000CDE9004343780278CAA105A80CF024FB7D
:1042E0004FF47A730022AFF2BC2105A8FFF7EBFC74
:1042F00012B086E6F8B54FF4FA730022AFF2D4217B
:10430000CAA0FFF7E0FC0024CCA19B480BF056F8B4
:1043100018B10C300021CC4D08E0CCA196480BF030
:104320004DF808B10220F8BD0020F8BD425C222AF9
:104330000CD023462B44641CE4B29A72491CC9B2C7
:104340003C29F3D328B11530002104E00844401C77
:10435000F8E70020F8BD425C2C2A1CD0491CC9B2E9
:104360000529F8D3002100226C46835C63B12D2B14
:1043700014D0303B092B03D80E46491CC9B2A355B3
:10438000521CD2B2052AF0D3012909D002290BD040
:10439000032913D020E00844401CE3E70021EFE7A5
:1043A0009DF80000287217E09DF800009DF80110AC
:1043B00000EB800001EB400028720DE09DF800103A
:1043C000642041439DF8010000EB800001EB4000B8
:1043D0009DF80210084428720120F8BD2DE9FE4323
:1043E00080460E4617464FF4FA794B460022AFF24C
:1043F000C43198A0FFF767FC0025002498A15E480F
:104400000AF0DCFF10B1C21D00203BE00020BDE837
:10441000FE83115C2E2902D0032D27D028E0012C29
:1044200004D0022C06D0032C0ED01BE09DF80810FF
:10443000715517E09DF808109DF8093001EB8101D6
:1044400003EB410171550DE09DF8083064214B43A9
:104450009DF8091001EB810103EB41019DF80A3041
:10446000194471556D1CEDB2002409E022290BD0CE
:10447000303923460DF1080C641CE4B20CF803102B
:10448000401CC0B2B842C4D3012C04D0022C06D0C8
:10449000032C0ED01BE09DF80800705517E09DF826
:1044A00008009DF8091000EB800001EB40007055FA
:1044B0000DE09DF80810642041439DF8090000EBD1
:1044C000800001EB40009DF80A10084470554B46EF
:1044D0000022AFF2A84143A0FFF7F5FB002500241E
:1044E00044A125480AF06AFF20B100F10B03002027
:1044F0006E462BE000208AE7195C3A2902D0052D90
:104500000ED00FE0022C07D19DF801109DF800207D
:1045100001EB021108F805106D1CEDB2002413E048
:10452000222915D0A1F13002092A04D82146641CA1
:10453000E4B2725408E0A1F16102052A04D85739A7
:104540002246641CE4B2B154401CC0B2B842D3D37A
:10455000022C07D19DF801009DF8001000EB01101E
:1045600008F80500FFF7C6FE012050E753544154F8
:1045700055533A330D0A000036D904605354415460
:1045800055533A340D0A00005354415455533A35AB
:104590000D0A00002B4349505354415455533A30AF
:1045A0002C0000002B4349505354415455533A3189
:1045B0002C0000002B4349505354415455533A3278
:1045C0002C0000002B4349505354415455533A3367
:1045D0002C0000002B4349505354415455533A3456
:1045E0002C00000041542B4349505354414D41434A
:1045F0003F0000002B4349505354414D41433A2260
:104600000000000041542B4349505354414D414355
:104610005F4445463D2225783A25783A25783A2563
:10462000783A25783A2578220000000041542B433F
:10463000574A41505F4355523F0000002B43574AB1
:1046400041505F4355523A0016CE0460627573794B
:104650000000000041542B43494653520000000023
:1046600053544149502C22002DE9FF4707464FF48F
:104670007A730022AFF24C61FCA0FFF724FB002507
:104680000024A0468DF80E808DF80D808DF80C80EA
:10469000FAA1FC480AF092FE20B1431D002002AAB4
:1046A00003AE03E0002004B0BDE8F087195C2E29BA
:1046B00007D0032D01D3222934D0022C28D9002081
:1046C000F1E7012C04D0022C06D0032C0ED01BE005
:1046D0009DF80C10515517E09DF80C109DF80D40F9
:1046E00001EB810104EB410151550DE09DF80C40B7
:1046F00064214C439DF80D1001EB810104EB410155
:104700009DF80E40214451556D1CEDB2002405E08A
:104710003039A446641CE4B206F80C10401CC0B248
:104720002828C3D3012C04D0022C06D0032C0ED091
:104730001BE09DF80C00505517E09DF80C009DF80B
:104740000D1000EB800001EB400050550DE09DF88E
:104750000C10642041439DF80D0000EB800001EB3C
:1047600040009DF80E1008445055DFF81C93E7B147
:104770009DF8080099F86A10884211D19DF8090047
:1047800099F86B1088420BD19DF80A0099F86C10CB
:10479000884205D19DF80B0099F86D10884207D02A
:1047A0000298C9F86A0002207DE70298C9F86A00F9
:1047B000002500248DF80E808DF80D808DF80C807A
:1047C000B2A1B0480AF0FAFD20B100F10A030020BE
:1047D00001AA01E0002066E7195C2E2907D0032D0D
:1047E00001D3222934D0022C28D900205BE7012CE8
:1047F00004D0022C06D0032C0ED01BE09DF80C1028
:10480000515517E09DF80C109DF80D4001EB81010A
:1048100004EB410151550DE09DF80C4064214C43DF
:104820009DF80D1001EB810104EB41019DF80E4054
:10483000214451556D1CEDB2002405E03039A446E9
:10484000641CE4B206F80C10401CC0B22828C3D384
:10485000012C04D0022C06D0032C0ED01BE09DF8B6
:104860000C00505517E09DF80C009DF80D1000EB62
:10487000800001EB400050550DE09DF80C106420C5
:1048800041439DF80D0000EB800001EB40009DF8D6
:104890000E1008445055E7B19DF8040099F87210C5
:1048A000884211D19DF8050099F8731088420BD108
:1048B0009DF8060099F87410884205D19DF807000C
:1048C00099F87510884207D00198C9F87200022043
:1048D000E9E60198C9F87200002500248DF80E80E1
:1048E0008DF80D808DF80C806BA166480AF066FD8E
:1048F00020B100F10A0300206A4601E00020D2E660
:10490000195C2E2907D0032D01D3222934D0022C83
:1049100028D90020C7E6012C04D0022C06D0032C95
:104920000ED01BE09DF80C10515517E09DF80C10AF
:104930009DF80D4001EB810104EB410151550DE063
:104940009DF80C4064214C439DF80D1001EB810152
:1049500004EB41019DF80E40214451556D1CEDB210
:10496000002405E03039A446641CE4B206F80C10BB
:10497000401CC0B22828C3D3012C04D0022C06D07E
:10498000032C0ED01BE09DF80C00505517E09DF84D
:104990000C009DF80D1000EB800001EB400050551D
:1049A0000DE09DF80C10642041439DF80D0000EBD4
:1049B000800001EB40009DF80E1008445055E7B10F
:1049C0009DF8000099F86E10884211D19DF8010001
:1049D00099F86F1088420BD19DF8020099F8701079
:1049E000884205D19DF8030099F87110884207D0DC
:1049F0000098C9F86E00022055E60098C9F86E00CC
:104A0000012050E610B54FF4FA7423460022AFF6A9
:104A1000E41124A0FFF757F940B1234625A2AFF6D1
:104A2000F411BDE8104024A0FFF74DB9002010BDDF
:104A300010B54FF47A70D9F717F822A12248FFF782
:104A400053F8BDE810404FF4FA70D9F70DB870B5BF
:104A50001546ADF5167D0E461A46002440F2262175
:104A60008D4233D900200DF5167D70BD41542B4386
:104A700049505354415F4355523F00003A69703AE0
:104A80002200000036D9046016CE04603A676174D3
:104A9000657761793A2200003A6E65746D61736BD7
:104AA0003A22000041542B4349504D4F44453D317B
:104AB000000000003E00000041542B434950534584
:104AC0004E4400002B2B2B00004C004038B13246E6
:104AD000AFF6B0112F48FFF707F8012420E0052AB0
:104AE00005D22B462CA168460BF01EFF04E02A4697
:104AF0002EA168460BF018FF68460AF07BFC81B2D5
:104B000011B1B1F5077F01D90020ACE76846FEF787
:104B100053FF0220D8F7A8FF29463046FEF74CFF86
:104B20002046A0E72DE9F04107460026234DB5F8C1
:104B300000046FF30E00A5F8000495F8010420F0BE
:104B4000800085F8010440F2024128460AF02BFC5F
:104B5000002404E00A20D8F787FFD4F7F2F895F88C
:104B60000104000604D42146641CA4B26429F1D3D4
:104B7000B5F800140020C1F30E0168540FB10F4EB8
:104B800005E00FA10D480AF019FC00B10B4E3046AC
:104B9000BDE8F081004C004041542B43495053453F
:104BA0004E443D25642C25640D0A000041542B43DE
:104BB000495053454E443D25640D0A0036D90460E2
:104BC0002B4950440000000008B1BA4B036011B1FA
:104BD000B84808380860002A02D0B648001F1060A4
:104BE0007047412801D20120704700207047B24829
:104BF00000787047B149085C401C7047B0490844D0
:104C000010F8010C70472DE9F0410C460746FFF7FC
:104C1000F5FF7CB3552121804FF0FF3600256660FB
:104C200025720421A172C2B229460120DEF7BAF82A
:104C3000206184F87052D4F87442DCB16F20208077
:104C4000666025720820A07204F11000064607F085
:104C500009FF00221146304607F00DFF0022012116
:104C6000304607F008FF00220221304607F003FF1C
:104C700084F870523846BDE8F041DFF7B2BE10B597
:104C80000C4603460022FFF7B9FF402B08D2C1B201
:104C90000120DDF745FE0146204607F0A1FF024650
:104CA000104610BD2DE9F043ADF51B7D8146DDE9D1
:104CB000A25498460846FFF7A1FF0227FE1E4F2A7E
:104CC0002CD008DC1C2A1CD0242A27D04B2A0DD03B
:104CD0004D2A08D110E0512A48D0552A20D06F2AF9
:104CE00028D0752A4ED02F7020205AE0024600218D
:104CF000484602F0E2FE4DE0C1B20120DDF710FEB1
:104D000003E0C1B20120DDF75AFD0146684607F015
:104D100067FF6946484602F08DFF3BE0002136E020
:104D2000C2B200210120DEF73DF80146484603F0FB
:104D300032F92FE096A807F095FE0022114696A8BA
:104D400007F099FE0022012196A807F094FE0022A8
:104D5000022196A807F08FFE0022032196A807F0F3
:104D60008AFE96A9484602F037FE13E0C1B2012040
:104D7000DDF7B2FF08B1012100E00021484602F052
:104D800062FD07E0C1B20120DDF772FE0146484630
:104D900003F054F8002806DBB8F1FF3F03D02F7072
:104DA0003220207030460DF51B7DBDE8F08370B5D4
:104DB000ADF51A7D0446D0F8681200256A46103019
:104DC00002F03FF80222002803DA84F86D22252041
:104DD00008E0208982280BD0E068401C08D084F8C5
:104DE0006D22322084F86E0200200DF51A7D70BD10
:104DF0006068FFF703FF014620890926512847D044
:104E000008DC0DF10D031C2837D024280AD04D28CA
:104E100008D127E055280CD0672803D06F2801D08F
:104E2000752812D084F86D22202084F86E0228465E
:104E3000DBE79DF8020004282ED1CAB294F86C1268
:104E40000120029BDEF797FC31E09DF80200092863
:104E500022D10298CAB2C3B294F86C120120DEF7D4
:104E600023FB24E09DF80200072815D1CAB294F86C
:104E70006C120120DEF7EFFF19E09DF80200072811
:104E80000AD1CAB294F86C120120DEF7BEFB0EE024
:104E90009DF80200012804D084F86D2284F86E6227
:104EA000C5E79DF80820C9B20120DEF77BFF012588
:104EB000BDE70000741D0408A004006070C4016018
:104EC00070C6016008B1FA4B036011B1F8480838A8
:104ED0000860002A02D0F648001F10607047412881
:104EE00001D20120704700207047F24800787047D7
:104EF000F149085C401C7047F049084410F8010C67
:104F00007047F8B500218DF800100C46C0B2694614
:104F1000ECF7BFFE9DF800100220DFF759FA0646B5
:104F20009DF80000402813D2E54DE1B29DF8002025
:104F30000220DDF737FFA84207D0E1B29DF800203C
:104F40000220DDF72FFF064602E0641C102CECD394
:104F50003046F8BD2DE9F0410546C1B200240220DB
:104F6000DFF736FA0746402D11D2D54EEAB2E1B24C
:104F70000220DDF717FFB04206D0EAB2E1B202200C
:104F8000DDF710FF074602E0641C102CEED3384614
:104F9000BDE8F0812DE9F041002405462646402871
:104FA0000DD2C74FEAB2E1B20220DDF7FBFEB842F4
:104FB00004F1010401D0264601E0102CF2D3304662
:104FC000E6E70B4610B5002140280CD25AB1102A52
:104FD00009D8062A07D0521EC0B2D1B2024602201A
:104FE000DEF7C9FB0121084610BD10B5002240289C
:104FF0000CD259B1102909D8062907D0C2B2491ECE
:10500000C9B2AF4B0220DEF7B6FB0122104610BD3D
:1050100010B50C4603460022FFF76EFF402B08D266
:10502000C1B20220DDF77CFC0146204607F0D8FD26
:105030000246104610BD2DE9FF4FADF51B7D82469F
:10504000DDE9A89800241F4626460846FFF754FFCE
:1050500005469D984FF0FF3B51285AD00CDC4B2859
:105060001BD004DC1C2823D0242811D14FE04D286C
:1050700019D04F280CD128E0682870D004DC5528BE
:1050800025D0572804D159E06F2824D075284CD05A
:10509000022089F800002021A2E02A460121504682
:1050A00002F00BFD8BE0E9B20220DDF739FC03E0F2
:1050B000E9B20220DDF783FB0146684607F090FD68
:1050C0006946504602F0B6FD79E0012132E02846FB
:1050D000FFF740FF90E096A807F0C4FC00221146BD
:1050E00096A807F0C8FC0022012196A807F0C3FC8F
:1050F0000022022196A807F0BEFC0022032196A8F8
:1051000007F0B9FC96A9504602F066FC57E0002172
:1051100010E0E9B20220DDF7DFFD08B1012100E077
:105120000021504602F08FFB49E0E9B20220DDF792
:105130009FFC0146504602F081FE40E087B1781C9A
:1051400013D0102F48D8EAB200210220DDF72AFE42
:105150005B4988422DD1504602F0A9FB2FE047E081
:105160001021504602F039FE29E0EAB2F1B20220E5
:10517000DDF718FE5249884204D10AEB040002F020
:1051800096FB09E0EAB2F1B20220DDF70BFE014620
:105190000AEB040002F0FFFE0444B4F5167F03DAC4
:1051A000761C102EE1D30BE0052189F800101221A6
:1051B00016E0EAB200210220DDF7F4FD1CE004460F
:1051C000002C10DB9D9857280DD07F1C0BD002209F
:1051D00089F80000322103E0022089F800002A212A
:1051E00088F800105C460DF51F7D2046BDE8F08F65
:1051F000E9B20220DFF7ECF80146504602F0CBFEA0
:10520000DDE72DE9F043ADF51B7D0446D0F86812CB
:1052100000256A46103001F014FE02274FF02508E1
:10522000002804DA84F86D7284F86E820AE020891E
:1052300057280CD0E068401C09D084F86D723220E9
:1052400084F86E0200200DF51B7DBDE8F0836068D8
:10525000FFF752FE0646208904F26E235A1E0921EA
:105260004FF02809512855D00EDC0DF10D034B28C5
:105270004BD004DC1C2874D0242811D145E04D28E3
:1052800055D04F280CD140E0682875D004DC552853
:1052900018D0572804D138E06F2836D0752851D05F
:1052A00084F86D72202084F86E022846CBE7000057
:1052B000A01D0408A1040060F0C40160F0C60160F4
:1052C00000007F439DF8020004280CD000216846AE
:1052D00005F0C8FA0500E8D094F86C123046FFF7E4
:1052E00084FE05460AE094F86C2230460299FFF7E6
:1052F00068FE054694F86C02062806D0002DD4D12D
:1053000084F86D7284F86E82CFE784F86D7284F849
:105310006E92CAE70121684605F0A4FA0500C4D0E0
:105320009DF80820F1B20220DEF73CFDBDE79DF8B4
:105330000200072824D1F2B294F86C120220DEF7A2
:105340008AFD27E09DF80200092819D10298F2B2DF
:10535000C3B294F86C120220DEF7A6F81AE000E05F
:105360000AE09DF8020007280AD1F2B294F86C1204
:105370000220DEF74AF90DE09DF80200042804D06F
:1053800084F86D7284F86E128FE7F1B20220029AEF
:10539000DEF7A6FF012588E708B1F74B036011B1DE
:1053A000F54808380860002A02D0F348001F106052
:1053B0007047F249084410F8010C704710B50C46CC
:1053C00003460022FFF7F5FF802B08D2C1B2002070
:1053D000DDF7A6FA0146204607F002FC0246104619
:1053E00010BD812801D20120704700207047E44899
:1053F00000787047E349085C401C70472DE9F04194
:10540000002705463C46802811D2DF4EEAB2E1B2C1
:105410000020DDF7C7FCB04206D0EAB2E1B20020BE
:10542000DDF7C0FC074602E0641C102CEED33846C2
:10543000BDE8F0812DE9F04100240546264680288C
:105440000DD2D14FEAB2E1B20020DDF7ABFCB84299
:1054500004F1010401D0264601E0102CF2D33046BD
:10546000E6E710B50B460021144680280AD24CB15D
:10547000102C07D8062C05D0C2B221460020DEF73A
:105480007AF90121084610BD10B5002280280BD200
:1054900051B1102908D8062906D0C2B2C9B2BA4BF8
:1054A0000020DEF768F90122104610BD2DE9F04F0B
:1054B000ADF51B7D8246DDE9A49800241F462646F3
:1054C0000846FFF776FF05464FF0FF3B512A59D0BB
:1054D0000CDC4B2A1BD004DC1C2A23D0242A11D13B
:1054E0004EE04D2A19D04F2A0CD128E0682A6FD0FF
:1054F00004DC552A25D0572A04D158E06F2A23D03E
:10550000752A4BD0022089F8000020219FE0024636
:105510000221504602F0D1FA8BE0C1B20020DDF743
:10552000FFF903E0C1B20020DDF749F90146684602
:1055300007F056FB6946504602F07CFB79E00221F9
:1055400031E0FFF75BFF72E096A807F08BFA0022CC
:10555000114696A807F08FFA0022012196A807F0BD
:105560008AFA0022022196A807F085FA0022032178
:1055700096A807F080FA96A9504602F02DFA58E056
:10558000002110E0C1B20020DDF7A6FB08B1012127
:1055900000E00021504602F056F94AE0C1B2002076
:1055A000DDF766FA0146504602F048FC41E087B15B
:1055B000781C13D0102F46D80021EAB20846DDF738
:1055C000F1FB714988422DD1504602F070F930E06C
:1055D00045E01021504602F000FC2AE0EAB2F1B2A8
:1055E0000020DDF7DFFB6849884204D10AEB0400A4
:1055F00002F05DF909E0EAB2F1B20020DDF7D2FB7A
:1056000001460AEB040002F0C6FC0444B4F5167F20
:1056100003DA761C102EE1D30CE0052189F8001086
:10562000122114E00021EAB20846DDF7BBFB014677
:1056300016E00446002C0DDB7F1C0BD0022189F8FC
:105640000010322103E0022089F800002A2188F8A6
:1056500000105C460DF51B7D2046BDE8F08F002153
:10566000504602F098FCE4E72DE9F0410446ADF520
:105670001A7D16460F4600254068FFF79AFE8046C1
:10568000FFF7AFFE60B16A4604F11000D4F868126B
:1056900001F0D7FB0221002806DA397025200BE043
:1056A000012038701F2007E02089572809D0E268C0
:1056B000521C06D039703220307000200DF51A7D52
:1056C000B6E6092251284ED00EDC0DF10D034B2811
:1056D00065D004DC1C282CD024280DD15FE04D2897
:1056E0001BD04F2808D15AE0552808D0572856D04B
:1056F0006F2854D0752828D03970202051E09DF8AB
:105700000200042802D0397032704BE094F86C2209
:1057100040460299FFF7A5FE3FE09DF802000728EA
:1057200025D108F0FF0294F86C120020DEF793FBFD
:1057300033E09DF80200072819D108F0FF0294F821
:105740006C120020DDF761FF27E09DF802000928B8
:105750000DD1029808F0FF02C3B294F86C12002039
:10576000DDF7A2FE19E09DF8020009280ED084F8AA
:105770006D1284F86E2215E0D41D040870C7016014
:10578000A204006070C5016000007F439DF80820FE
:1057900008F0FF010020DEF705FB012502E039706B
:1057A00028203070284689E72DE9F0410C4607464D
:1057B000FFF7FFFD7CB3552121804FF0FF36002518
:1057C000666025720421A172C2B229462846DDF71F
:1057D000E9FA206184F87052D4F87442DCB16F2089
:1057E0002080666025720820A07204F11000064631
:1057F00007F038F900221146304607F03CF9002244
:105800000121304607F037F900220221304607F027
:1058100032F984F870523846BDE8F041DFF7F8B845
:1058200030B503780C780022A34221D1072B09D987
:10583000072307E084188D1864786D78AC4217D17F
:10584000521CD2B29A42F5D302890B899A420FD1E7
:10585000A2B1837A8A7A93420AD1072B00D907230F
:10586000002209E084188D18E47AED7AAC4201D068
:10587000002030BD521CD2B29A42F3D3012030BD79
:10588000FA49FB4A09E00B78DB0705D04B688342F5
:1058900002D100200870704724319142F3D970473B
:1058A00070B50020821EF149F14C0AE00B7803F03C
:1058B0000703012B04D10B6A934201D81A4608460C
:1058C0002431A142F2D980254FF4616680B9E749BD
:1058D0000AE00B7803F00703032B04D10B6A934211
:1058E00001D81A4608462431A142F2D9002801D035
:1058F0000570066270BD42F2DC31DC4809F053BD30
:1059000010B5DA480022DA4B0CE00178CC0704D05D
:10591000890701D4016A01B902700178090600D52E
:10592000027024309842F0D910BD30B5CF4BD04C26
:1059300016E01D78ED0712D05D6885420FD118780A
:1059400084070AD432B140F0040018704FF0FF30E1
:10595000186230BD20F004001870196230BD243385
:10596000A342E6D930BD70B513460D460022BF4CA8
:10597000BF4913E02678F6070FD0666886420CD13F
:10598000207880070CD4122204F10C01184609F08B
:10599000F1FCA0680122286002E024348C42E9D99D
:1059A000104670BD2DE9F0410F4680460026AF4CF1
:1059B000AF4D10E0207800F0030001280AD14146E5
:1059C00004F10C0006F0BCFF20B10FB16068386034
:1059D000012602E02434AC42ECD93046BDE8F08127
:1059E0002DE9F0470E460546914600219F4C4FF4A5
:1059F00061679F4820E02278D2071CD06268AA42E3
:105A000019D11222494604F10C0009F0B3FCA6603A
:105A100020789849820708D4420702D54FF0FF3119
:105A200003E0020701D5276200E0216220F00200B6
:105A30002070BDE8F08724348442DCD90029F8D1F5
:105A40008A4C4FF0010803E02278D20708D02434B2
:105A50008442F9D90029ECD1FFF722FF0400E8D0F5
:105A600084F80080C4E901561222494604F10C0072
:105A700009F080FC2762DCE72DE9F0410F46134670
:105A800005460026794C7A491CE02078C00718D0DA
:105A90006068A84215D12078800710D40126122210
:105AA00004F10C01184609F065FCA0683860207804
:105AB000010704D520F0080020706E4820623046AF
:105AC0008CE724348C42E0D9684803244FF46166A3
:105AD00004E0027812F0810F05D024308842F8D912
:105AE000FFF7DEFE10B1047006624560002075E726
:105AF00070B50D4613465D4C5D4916E02278D2071D
:105B000012D0626882420FD11222194604F10C00B1
:105B100009F030FCA560207820F0020020704007DA
:105B200001D45448206270BD24348C42E6D970BD43
:105B300070B50E46014600201546FF2914D24B4A87
:105B400001EBC10102EB8104217801F0030101297D
:105B50000AD1122204F10C01184609F00BFC60680E
:105B60003060A0682860012070BD00203F49404A95
:105B700006E00B7803F00303012B00D1401C243115
:105B80009142F6D97047F0B5ADF5177D0646002570
:105B9000364C374F20E0207800F0030001281AD15E
:105BA00070190821626801F088FF0544A18A701904
:105BB00002F013F9A27D054412B104F1170102E0CD
:105BC000227B04F10D01684607F04AF97019694615
:105BD00001F098FF05442434BC42DCD90DF5177D53
:105BE0002846F0BD2DE9F04FADF5197D814600271F
:105BF00001F118000D46B846969006F033FF0022DA
:105C00001146969806F037FF00220121969806F07B
:105C100032FF00220221969806F02DFFE86AC0F5B7
:105C2000167B00202863FFF7A0FF5FEA000A17D069
:105C3000A86A0123082802D1C5F844A0AB63686CA8
:105C400000280ADAAA6B511C0144012902DAAB636D
:105C50006A6402E04042A9636864A86B50450BD9AE
:105C600000200DF5197DBDE8F08F000038DD0460DF
:105C7000F000056080510100696C0144491E979154
:105C8000514501D9CDF85CA23B4C012600E02434FB
:105C9000217801F003010129F9D106E014F8241B51
:105CA00001F00301012900D1761CB042F6D198968B
:105CB00038E0BBF1110F05D201220221969806F0BF
:105CC000DAFE32E009EB07000821626801F0F5FE18
:105CD000804607EB0802A18A02EB090002F07DF87A
:105CE000A27D804412B104F1170102E0227B04F18D
:105CF0000D01684607F0B4F807EB080101EB090055
:105D0000694601F0FFFE4044ABEB000B0744B04690
:105D1000286B761C401C286314F8240F00F0030045
:105D20000128F9D197988642C3D99898012804D1BF
:105D300001220021969806F09EFED04504D1012252
:105D40001146969806F097FE38468AE730B50A491C
:105D500000240A4B0DE00A7812F0810F08D0520798
:105D600006D40A6A824202D3121A0A6200E00C7058
:105D700024319942EFD930BD38DD0460F000056070
:105D80001E2802D2FE4A42F820107047FD494860A2
:105D900070470B2803D2FA4A783242F82010704735
:105DA00030B500210A460C4628281CD2F54B10338A
:105DB0005D5C854203D1F2480DE0012213E0491CED
:105DC0001E29F5DB7CB9EF4B00212E335C5C84424D
:105DD00006D1EB48783050F821000028EDD102E0E0
:105DE000491C0B29F2DB104630BD70B50023044678
:105DF00018461370282C07D2E24D1035EE5CA642EF
:105E000003D101200B60107070BD5B1C1E2BF5DBF5
:105E10000028F9D1DB4B00222E339D5CA54202D134
:105E200001200A6070BD521C0B2AF6DB70BD1D28D4
:105E300014D2DFE800F00F0F0F13130F13130F0F1F
:105E4000130F1313130F0F0F130F0F130F13130F42
:105E5000130F0F00CA4AA43242F820107047C21E26
:105E60001B2A13D2DFE802F00E0E120E0E12120ED3
:105E7000120E0E0E1212120E12120E120E0E120E22
:105E800012120E00BE4AA43242F8201070471E289B
:105E900002D2BD4A42F820107047BA498860704764
:105EA000B849C86070472DE9F0470446DDE9088924
:105EB00000781E46C0F3C000107020781546C0F36D
:105EC0008000507020780F46C0F3400090706078DA
:105ED00001F01AFB6860607801F031FBA860A078DF
:105EE00028732978032021B1E07868732079A8739A
:105EF0000520215C401C31702218391AC8F8002096
:105F0000A9F80010BDE8F0879E48408870479D4979
:105F1000488070479B48007870479A4908707047DE
:105F2000F0B58DB00C004FF0000107910891099178
:105F30000A91ADF8181002911D46164607468DF8D5
:105F4000101005918DF80C100B910C9172D02078E7
:105F500000F0F0021211062A22D2DFE802F0034B11
:105F6000C0C421E906A905A8CDE9000104AB07AA30
:105F700031462046FFF797FF9DF810000C2810D0FF
:105F80000E2817D00F281ED0102825D012282CD06C
:105F9000009507AB3A46BDF81810059804F072FC5E
:105FA00001E1009507AB3A46BDF81810059804F0DA
:105FB0000DFBF8E0009507AB3A46BDF818100598C0
:105FC00005F01FFBEFE0009507AB3A46BDF818104F
:105FD000059804F093FBE6E0009507AB3A46BDF860
:105FE0001810059805F076FCDDE075BB67490A20BE
:105FF000087057E060788DF81000B21E93B2A01CB4
:106000009DF810200590ADF81830082A36D125B13A
:10601000012D1BD0022D19D0C5E0052E05D1017828
:10602000DF2902D14178FD2905D03A46194604F00E
:1060300041FB23E0C1E0564A0121117080785549A7
:10604000C0EB001080000880ADE02BE000910191D2
:1060500001AB6A46BDF8181008F053F810F0FF0FB6
:1060600005D002F081FE01460098814204D1294604
:10607000494807F0A2FE0020E8F798FC9DF81000C0
:10608000072807D004280DD0092812D0062817D0D9
:10609000E8B188E02B463A46BDF81810059808F09C
:1060A000C5FE80E02B463A4631462046E6F7DAFB4D
:1060B00079E03A46BDF81810059808F08EFE72E0B7
:1060C0003A46BDF81810059808F060FE6BE02B46C4
:1060D0003A46BDF81810059804F0D6F863E0A078A9
:1060E0008DF810005FE0C0F3C001022001B1042070
:1060F000215C401C27188DF81010301A81B29DF8D1
:1061000010000597ADF818100C2804D0122808D0FC
:106110001A2848D105E02A4631462046E5F747FED1
:1061200041E03346224638460095E6F77EF93AE0EC
:10613000A07803268DF81000122805D1E01C00215C
:1061400001F056FB00B10426A01902AA03A901F030
:10615000A5FA0644A0190CAA029901F04CFE0644C7
:10616000A01902AA03A901F099FA0644A0190BAAE2
:10617000029901F040FE9DF81010304412290DE004
:1061800014010560A404006030020560570200603D
:10619000E1030060F40300602ECD076003D12044CA
:1061A000002101F03BFB40F239104543044840F226
:1061B000722100EB450009F0F6F80DB0F0BD0000CB
:1061C000BCCA076008B1B74B036011B1B5480838C5
:1061D0000860002A02D0B3480C381060704741288C
:1061E00001D20120704700207047AF480078704707
:1061F000AE49085C401C70477047AD49084410F830
:10620000010C7047002070470020704700B5002245
:10621000FFF7F3FF402801D2A6490A5C104600BDF3
:1062200000B5FFF7EAFF402802D2A24A002111542C
:1062300000BD2DE9F0410C460746FFF7DEFFB4B381
:10624000552121804FF0FF36002566602572092117
:10625000A172C2B229460320DCF7A4FD09F0BBFB02
:10626000206184F87052D4F8744204B36F20208007
:10627000666025720820A07204F11000064606F040
:10628000F1FB00221146304606F0F5FB0022012109
:10629000304606F0F0FB00220221304606F0EBFB10
:1062A00000220321304606F0E6FB84F8705238469F
:1062B000BDE8F041AAE70020704710B50C46034640
:1062C0000022FFF79AFF402B08D2C1B20320DCF76F
:1062D00027FB0146204606F083FC0246104610BD0F
:1062E0002DE9F043ADF51B7D8146DDE9A2549846CA
:1062F0000846FFF782FF0227FE1E4F2A2AD008DC3D
:106300001C2A1AD0242A5BD04B2A0BD04D2A06D146
:106310000EE0542A56D0552A1ED06F2A28D02F704E
:10632000202047E002460321484601F0C6FB3AE040
:10633000C1B20320DCF7F4FA03E0C1B20320DCF7BA
:106340003EFA0146684606F04BFC6946484601F0B5
:1063500071FC28E0032107E0C2B200210320DCF732
:1063600021FD09F038FB2FE0484601F067FD1AE0F7
:1063700096A806F077FB0022114696A806F07BFB54
:106380000022012196A806F076FB0022022196A8A1
:1063900006F071FB0022032196A806F06CFB96A97B
:1063A000484601F019FB002806DBB8F1FF3F03D097
:1063B0002F703220207030460DF51B7DBDE8F08334
:1063C0000021D1E7DEF721FA0146CDE7F0B5ADF5C2
:1063D0001B7D0446D0F8681200256A46103000F094
:1063E00030FD02262527002804DA84F86D6284F83F
:1063F0006E7207E0E068401C08D084F86D623220BD
:1064000084F86E0200200DF51B7DF0BD20894F2819
:1064100040D008DC1C283DD024283BD04B2839D064
:106420004D280BD136E004F26E235A1E512813D0AA
:1064300054281BD0552805D06F282BD084F86D62C6
:1064400020202AE00921684604F00CFA050026D035
:106450000298012823D917E00121684604F002FAC6
:1064600005001CD06068FFF7C8FE18E009216846E7
:1064700004F0F8F9050012D00298022804D2C1B243
:106480006068DEF7D8F90AE084F86D62002584F8C8
:106490006E7204E084F86D62282084F86E0228464B
:1064A000B1E70000F81D0408DD040060B0C401601D
:1064B000B0C60160A802056008B1C14B036011B10C
:1064C000BF4808380860002A02D0BD480C38106068
:1064D0007047812801D20120704700207047B948D9
:1064E00000787047B849085C401C7047B7490844B9
:1064F00010F8010C704710B50C4603460022FFF758
:10650000F5FF802B08D2C1B20920DCF709FA014659
:10651000204606F065FB0246104610BD2DE9F0410D
:10652000002605463446802813D2A94FEAB2E1B2CC
:106530000920DCF737FCB84208D0EAB2E1B2092002
:10654000DCF730FC09F047FAC6B202E0641C102CFC
:10655000ECD33046BDE8F0812DE9F043ADF51B7D6D
:106560009846DDE9A25481460B460846FFF7BEFF78
:106570000227FE1E4F2A2CD008DC1C2A1CD0242AFD
:1065800051D04B2A0DD04D2A08D110E0512A4CD0C1
:10659000542A5BD0552A1ED06F2A28D02F70202075
:1065A0004EE01A460521484601F087FA41E0C1B2A3
:1065B0000920DCF7B5F903E0C1B20920DCF7FFF8E8
:1065C0000146684606F00CFB6946484601F032FB7E
:1065D0002FE0052107E0C2B200210920DCF7E2FB31
:1065E00009F0F9F934E0484601F028FC21E096A8CA
:1065F00006F038FA0022114696A806F03CFA00226E
:10660000012196A806F037FA0022022196A806F08A
:1066100032FA0022032196A806F02DFA96A94846E0
:1066200001F0DAF905E00021DDE70021484601F03C
:106630000AF9002806DBB8F1FF3F03D02F703220A3
:10664000207030460DF51B7DBDE8F083DEF74FF975
:106650000146C8E72DE9F0470446ADF51A7D154619
:106660000E4600274068FFF734FF88B16A4604F100
:106670001000D4F8681200F0E4FB4FF002084FF06D
:10668000250A002808DA86F8008085F800A00DE0C9
:10669000012030701F2008E0208957280BD0E068C7
:1066A000401C08D086F800803220287000200DF5AC
:1066B0001A7DBDE8F0876068FFF718FF81462089E2
:1066C00009214F2876D00ADC0DF10D031C2847D094
:1066D00024286FD04B286DD04D2808D134E05128A4
:1066E00022D054284ED0552805D06F2862D086F885
:1066F0000080202061E09DF80200092818D102984E
:10670000012805D020B186F8008085F800A055E06A
:10671000C0B209F024F9034609F0FF0294F86C12A4
:106720000920DDF728F82BE09DF80200012803D0AE
:1067300086F80080297041E09DF8082009F0FF01EB
:106740000920DDF72FFB1BE09DF8020007280BD185
:1067500009F0FF0294F86C120920DDF77CFB0FE0D2
:106760009DF80200072804D084F86D8284F86E1228
:1067700024E009F0FF0294F86C120920DCF745FFD1
:1067800001271BE004F26E235A1E0921684604F01B
:1067900069F8070012D00298022805D2C1B26068D9
:1067A000DEF7BAF80AE005E084F86D82002784F885
:1067B0006EA203E086F8008028202870384676E72D
:1067C000241E0408DE040060F0C50160F0C701600B
:1067D00000007F4308B1F94B036011B1F7482C303A
:1067E0000860002A02D0F548001F10607047412859
:1067F00001D20120704700207047F14800787047AF
:10680000F049085C401C7047EF49084410F8010C3F
:106810007047F8B500218DF800100C46C0B26946EB
:10682000EBF745FA9DF800100420DDF7D1FD09F0E3
:10683000D2F8C5B29DF80000402815D2E34EE1B26F
:106840009DF800200420DCF7ADFAB04209D0E1B297
:106850009DF800200420DCF7A5FA09F0BCF8C5B2C9
:1068600002E0641C102CEAD32846F8BD2DE9F04163
:10687000C5B2002429460420DDF7AAFD09F0ABF8D3
:10688000C6B2402D13D2D14FE1B22A460420DCF724
:1068900089FAB84208D0E1B22A460420DCF782FA2D
:1068A00009F099F8C6B202E0641C102CECD3304613
:1068B000BDE8F08110B50C4603460022FFF7A4FFA7
:1068C000402B08D2C1B20420DCF72AF8014620464A
:1068D00006F086F90246104610BD2DE9FF4FADF5D2
:1068E0001B7D0746DDE9A8A90024984626460846F0
:1068F000FFF78AFF05469D984FF0FF3B512859D07E
:1069000010DC2E287ED006DC04287CD01C2827D062
:10691000242815D14CE04B2817D04D281BD04F28E8
:106920000ED123E068286FD006DC54284ED05528BD
:106930001ED0572804D14EE06F281DD0752875D081
:1069400002208AF800002021A6E02A4604213846C9
:1069500001F0B3F88EE0E9B20420DBF7E1FF03E0D9
:10696000E9B20420DBF72BFF0146A5E004217EE01D
:106970002846FFF77BFF2CE096A806F073F800226C
:10698000114696A806F077F80022012196A806F095
:1069900072F80122022196A806F06DF80122032167
:1069A00096A806F068F896A9384601F015F861E057
:1069B00000215CE0E9B20420DCF78EF908B1012186
:1069C00000E00021384600F03EFF53E02846DDF7A6
:1069D00056FF01464BE0B8F1000F16D0B8F1FF3F6B
:1069E00018D0B8F1100F53D8A8F10104EAB2E1B2FF
:1069F0000420DCF7D7F97549884230D1384600F0D9
:106A000056FF37E057E054E04EE01021384601F0E1
:106A1000E4F92FE0EAB2F1B20420DCF7C3F96B49E4
:106A2000884204D1381900F042FF0BE04CE0EAB292
:106A3000F1B20420DCF7B6F908F0CDFFC1B2381985
:106A400001F0FCF90444B4F5167F03DA761C102E2D
:106A5000E0D310E005218AF8001012211CE0EAB210
:106A6000E1B20420DCF79EF908F0B5FFC1B2384668
:106A700001F0E4F90446002C11DB9D9857280ED054
:106A8000B8F1FF3F0BD002208AF80000322103E06A
:106A900002208AF800002A2189F800105C460DF5D2
:106AA0001F7D2046BDE8F08FE9B20420DDF790FCA1
:106AB000DAE747A100E047A1684606F091F8694689
:106AC000384601F0B7F8D5E7E9B20420DBF7D0FF8C
:106AD0007FE72DE9F043ADF51B7D0446D0F8681241
:106AE00000256A46103000F0ACF902274FF0250966
:106AF000002804DA84F86D7284F86E920AE0208926
:106B000057280CD0E068401C09D084F86D72322000
:106B100084F86E0200200DF51B7DBDE8F0836068EF
:106B2000FFF772FE0646208904F26E2328215A1EC2
:106B30004FF0090C512876D012DC0DF10D032E28F0
:106B400067D006DC042864D01C2879D0242817D10B
:106B50005FE04B285DD04D2875D04F2810D158E00C
:106B6000672856D006DC54286CD055280FD05728FB
:106B700006D14EE0682871D06F284AD075287AD0A7
:106B800084F86D72202084F86E022846C3E79DF8D1
:106B90000200092820D00021684603F063FE0500AA
:106BA000F3D094F86C0290B3102830D8401EC1B2D4
:106BB000064BF2B20420DCF7DEFDE6E7481E0408CF
:106BC000DF04006030C5016030C7016000007F4312
:106BD0006F6E00006F66660094F86C82B8F1000F6B
:106BE0001CD0B8F1100F19D8B8F1060F11D00298C7
:106BF000012813D8C0B2A8F1010808F0B0FE03467E
:106C0000F2B208F0FF010420DCF7B5FD51E060E0CE
:106C100009E084F86D7284F86E12B6E784F86D723C
:106C200084F86E92B1E70121684603F01BFE05006F
:106C3000ABD09DF80820F1B20420DDF7B3F8A4E74B
:106C40000EE000E037E09DF80200072824D1F2B200
:106C500094F86C120420DDF7FEF82AE018E00AE050
:106C60009DF80200072817D1F2B294F86C120420A4
:106C7000DCF7CBFC1DE09DF8020009280CD102983E
:106C8000F2B2C3B294F86C120420DCF70DFC10E0F1
:106C90009DF80200092804D084F86D7284F86EC251
:106CA00073E7029808F05BFE0246F1B20420DDF7BC
:106CB00017FB012569E70921684603F0D3FD0500AC
:106CC000ABD00298022804D2C1B26068DDF7EDFDB6
:106CD0005BE70025A2E7000030B40446002000294D
:106CE00011D0002C0FD08B7801F108020D2B0AD2A5
:106CF000DFE803F0070B10151A1F252A2F34393E41
:106D000043002370012030BC7047097A204630BC14
:106D100000F099BD8968204630BC01F05EB88968F2
:106D2000204630BC01F005B98968204630BC01F02E
:106D300032B9D1E90223204630BC01F04AB92046DD
:106D400030BC114600F0DEBE204630BC114600F0DB
:106D500071BF204630BC114600F03EBE8968204617
:106D600030BC01F06BB8204630BC114601F0CEB902
:106D7000204630BC114601F058B9CA68098920463E
:106D800030BC00F09ABE2DE9FC411C4617460D466A
:106D9000002670B36CB304F108020D2D46D2DFE873
:106DA00005F045070C1014181C2024292D3136003D
:106DB000384600F076FD207240E0394600F0A1FF31
:106DC00023E0394601F064F81FE0394601F0AFFADC
:106DD0001BE0394601F0F2FA17E0394600F0D3FE25
:106DE00013E0394600F05DFF0FE0394600F088FD02
:106DF0000BE01CE0394600F0FEFF06E0394601F0EA
:106E0000ADF902E0394601F036F906460EE0002100
:106E1000ADF80010019101AB6A46394600F013FE4F
:106E20000646BDF8000020810198E06036B92DB11A
:106E3000012D03D0062D01D01020A0703046BDE8F2
:106E4000FC812DE9FC414FF0000614460500374651
:106E50008DF8006001961CD0DCB12878000718D4AA
:106E6000277001AA6946284600F018FC78B19DF801
:106E700000100646A170A8192346019AFFF783FF68
:106E8000A178102901D0064401E04FF0FF36C4F884
:106E900060723046D3E72DE9FC41002714468DF897
:106EA00000703E46FE4D019708B185E8830054B35B
:106EB000696841B32A68A868135C1B0723D410448F
:106EC000277001AB6A4600F022FCD0B1A9680A180D
:106ED000AA606968081A68609DF80010012902D04C
:106EE000019B83420DD8A170286823461044019A63
:106EF000FFF749FFA9680144A9606968081A0126DB
:106F00006860C4F86072304699E703004FF00000F3
:106F10000BD00D2909D2DFE801F0080807070707A1
:106F20000707070707070700104670477CB54FF0B3
:106F3000000405008DF80440009410D02878000764
:106F40000DD46A4601A9284600F0A8FB38B10446D2
:106F500028199DF80410009AFFF7D7FF0444204633
:106F60007CBDF0B404460020002A52D0002C50D042
:106F7000957802F108030D2D4BD2DFE805F0070BE1
:106F800010151A1F262B30353A3F44002046F0BC1E
:106F900000F091BC127A2046F0BC00F05ABC926816
:106FA0002046F0BC00F0FDBE92682046F0BC00F028
:106FB000CEBF92682046F0BC00F0FDBFD2E90203CC
:106FC00002462046F0BC01F015B82046F0BC1A4637
:106FD00000F0B7BD2046F0BC1A4600F046BE204681
:106FE000F0BC1A4600F00BBD92682046F0BC00F0E1
:106FF00033BF2046F0BC1A4601F096B82046F0BCDC
:107000001A4601F020B8D36812892046F0BC00F07F
:1070100043BDF0BC704702461020982A45D019DCC9
:10702000352A3AD00ADC022A26D0262A21D1012983
:107030002DD002291DD003291BD119E0662A2CD09E
:10704000842A16D119B3012923D0022910D003298B
:107050000FD11CE0D32A23D0D42A03D0D62A01D0C2
:10706000DA2A06D121B1012902D0022901D101E099
:1070700002207047042070470929FCD2DFE801F0A4
:10708000070709060506060B0B00F4E7F0E70C20DE
:10709000704709207047012070470029FCD1F6E7AE
:1070A0000029F4D00129F7D1F1E70529F4D2DFE86E
:1070B00001F0060605040300DCE7D9E7EBE7EBE7A0
:1070C00070B50C0003464FF000050FD073B1617826
:1070D0001046FFF7A0FF102805D261782246184617
:1070E000FFF73FFF05460020C4F86002284670BD48
:1070F0002DE9FC414FF000040600984615460F4666
:1071000020468DF80040019432D065B331780907EC
:107110002ED501212970C5F8600201AA69463046C2
:1071200000F0BCFA040023D0BC4205D89DF8001042
:10713000304600F073FB10B1012C18D018E09DF818
:10714000001069704046FFF766FFA870102807D24C
:10715000264401462B463046019AFFF714FE01E013
:10716000019808B1044403E04FF0FF3400E000242C
:10717000204664E67CB54FF00004164605008DF805
:107180000040019418D02878000715D501AA694657
:10719000284600F083FA78B104469DF80010304686
:1071A000FFF739FF0146102804D22819019AFFF78A
:1071B000ACFE00E00198044420467CBD034600205C
:1071C00000290AD0002B08D0087820B148780A4658
:1071D00001461846C5E618467EE5704770B50C4670
:1071E00005004FF0010637D084B3A078A870A278CC
:1071F00004F1080105F108000D2A28D2DFE802F0A9
:1072000028070A0A0A0D1215180A1B1E2100207AE7
:1072100028721DE0A068A8601AE0D4E90201C5E95F
:10722000020115E005F069FE12E005F0FBFC0FE03D
:1072300005F077FC0CE006F090F809E006F09AF80B
:1072400006E020892881E068E86001E004E000268B
:10725000D4F86002C5F86002304670BD2DE9FC5FCD
:10726000002706468DF8007001970078934600F0DD
:1072700007008846062843D1304601AA694600F037
:107280000DFA9DF80090044601254FF0FF3A305D5D
:1072900000F0070106290FD0C143490717D001E0CC
:1072A000E00400600007A8EB040106EB04001AD517
:1072B0005A46FFF75FFF18E0301901AA694600F04F
:1072C000EDF99DF800204A450FD16D1C09E03019F9
:1072D00001AA694600F0E2F99DF800204A4504D170
:1072E0006D1EEDB201E0FFF721FE044415B1002848
:1072F00002DD0744444501D9574601E0002DC6D1BF
:107300003846BDE8FC9FF0B58DB04FF00006140084
:107310008C4602963546039679D0102877D20125FF
:10732000A07004F108070D2810D2DFE800F09107E3
:1073300037121920272C32373D5F88000022114672
:10734000604608F04FF910B10120207280E02672EB
:107350007EE000221146604608F044F9A06077E024
:10736000002160460AF048F908F062FBF6E70021C8
:1073700060460AF041F9C4E9020169E06146384615
:1073800005F093FD03E06146384605F029FC05460B
:107390005EE00025384605F065FB59E00022114605
:1073A000604608F057F9D9E70BA909A8CDE9000113
:1073B00008AB07AA2BA1604608F052F8032802D0B8
:1073C00004280AD043E00998C3B20898C2B20798CB
:1073D00081B2384605F0AFFE3AE007982081089860
:1073E000A0720998E0720B98207331E00AA906A8F0
:1073F000CDE9000105AB04AA1EA1604608F030F8F3
:10740000042805D003280CD0022811D01FE021E069
:1074100004982072059860720698A0720A98E0722B
:1074200016E004982072059860720698A07204E035
:107430000498207205986072A672E67208E003ABA9
:1074400002AA10A1604608F00BF8022805D000251A
:10745000C4F860620DB02846F0BD02982081039800
:10746000E060F5E72534642F2533642F2533643A33
:10747000253364002533643A2533643A2533642E7A
:10748000253364002534643A253764000246002021
:10749000022A1ADB042A01DA102016E0082A01DA8F
:1074A000202012E0102A01DA30200EE0202A01DA32
:1074B00040200AE0402A02DA4FF0500005E002D1F5
:1074C0004FF0600001E04FF07000322903DD8029A9
:1074D00002DC40F001007047CE2902DC40F00200DF
:1074E0007047B1F5F07F02DC40F003007047B1F562
:1074F000806F02DC40F00400704740F2C4529142B9
:10750000FADC40F005007047014601F0F001002070
:107510000911082906D2DFE801F0050406080A0C63
:107520000E1002207047042070470820704710207A
:107530007047202070474020704741207047014627
:10754000002001F00F01062905D2DFE801F0030554
:1075500007090C0F3220704780207047CE207047FB
:107560004FF4F07070474FF48060704740F2C450A1
:10757000704770B50124002505700AB10822027019
:1075800002780E2903D842EA0111017004E042F0AA
:10759000F0020270417002240178042B02D81943D2
:1075A00001701AE041F005010170FD2B02D803556E
:1075B000641C12E0B3F5803F07D2FE210155641C24
:1075C00099B2204400F008FE06E0FF210155641C3A
:1075D0002044194600F022FE0444204670BD0823D2
:1075E000012203700E2903D843EA0111017003E060
:1075F000F822027041700222017841F00601017008
:10760000104670470823012203700E2903D843EA6D
:107610000111017003E0F82202704170022201782A
:1076200041F0070101701046704710B50346012074
:107630001A780F24B4EB121F04D109B158780870DE
:10764000022010BD0029FCD012090A7010BD0346AB
:1076500010B5002000290AD018780F24B4EB101FB1
:1076600006D1022904D30AB158781070022010BD47
:107670000AB100091070012010BD007800F0070069
:10768000062801D000207047012070470078C043D1
:10769000400701D000207047012070477CB5144698
:1076A0000546FFF7C2FF2A7802F00701052903D03B
:1076B000002306291FD021E0295CFF2905D0FE29DF
:1076C0000DD004B12160401C7CBD461CA81901A945
:1076D00000F0ADFD3044002CF6D0019909E0461CC5
:1076E000A819694600F07DFD3044002CECD0BDF8AF
:1076F000001021607CBD0CB123607CBDD2435207D9
:1077000002D0002CF5D17CBD002CF5D17CBDF8B5A4
:107710001C460E460546FFF79AFF002814DD2B781D
:10772000311A03F00702052A03D00021062A27D0C8
:1077300029E02A5CFF2A08D0FE2A12D01ED2E9B125
:1077400004B1226000F10100F8BD052916D3461CE2
:10775000A819694600F06BFD3044002CF4D0009964
:107760000FE003290AD3461CA819694600F039FD29
:107770003044002CE8D0BDF8001002E00020F8BD35
:107780000CB12160F8BDDB435B0703D0002CF9D0BE
:107790002260F8BD002CF4D1F8BD38B50D460022AA
:1077A00004468DF800206946FFF73FFF2078000768
:1077B00005D59DF80000A84201D1012038BD002068
:1077C00038BD78B5054600200E468DF800001446F9
:1077D00069462846FFF729FF20602878000705D56D
:1077E0009DF80000B04201D1012078BD002078BD95
:1077F00038B50D46002204468DF800206946FFF793
:1078000014FF207800F00700062805D19DF800003D
:10781000A84201D1012038BD002038BD38B50D4641
:10782000002204468DF800206946FFF7FEFE20780E
:10783000C043400705D19DF80000A84201D10120B6
:1078400038BD002038BD002301B1012300220121F1
:107850008FE670B51446012305461A46FFF789FEE8
:107860002C54401C70BD014600200978002900D02E
:107870000120704778B51546002604466A460096F2
:10788000FFF79FFF50B10098205C10B101202870D5
:1078900000E02E700098401C009078BD4FF0FF3043
:1078A000FAE701004FF0000000D0012070470023EC
:1078B0001A4619465DE6002301225AE601460020D9
:1078C000CA0700D080208A0701D540F040004A074F
:1078D00001D540F020000A0701D540F01000CA068B
:1078E00001D540F008008A0601D540F004004A06A0
:1078F00001D540F00200090601D540F001007047B3
:107900002DE9F041074600250E4690462C461046CC
:1079100005F0A8F8BEB1761E0F2E14D8012509E097
:10792000785D6D1CFFF7CAFF0246E1B2404605F0E4
:10793000E1F8641CB442F3D33878F1B200F00702E6
:10794000404605F0E1F82846BDE8F08177B581B002
:10795000164604469DF80810FFF71FFF68B1204641
:107960006A4602A9FFF79AFE054660193246009959
:10797000FFF7C6FF284404B070BD4FF0FF30FAE7B0
:107980002DE9F041064688460025084605F09DF899
:1079900080B1404605F09BF80746404605F095F853
:1079A000C7F1010100EBC100C0B2C0F108003070A6
:1079B00001240DE00020307001240BE029464046F0
:1079C00005F08FF8FFF77AFF6D1C3055EDB2641C9F
:1079D000BD42F3D32046B7E770B506460D460846CC
:1079E00005F075F8431C002208213046FFF7C1FD61
:1079F000044630192946FFF7C3FF204470BD70B517
:107A000006460C461546104605F061F8431C012257
:107A100021463046FFF7ADFD044630192946FFF7F1
:107A2000AFFF204470BD38B50C46002100911546CB
:107A3000694600F0FCFB0099890D21800099C1F393
:107A40001501296038BD30B41446042902D030BC79
:107A500000207047214630BC1A46E4E7F8B50446DA
:107A60000020164600901D4620466A46FFF7A9FEF4
:107A700040B100982A4620443146FFF7D4FF0099D0
:107A8000084401E04FF0FF300090F8BD0B4611466E
:107A900063F39F5100F0C2BB2DE9F0411D4616462D
:107AA000074604230122FFF764FD044638192A46DD
:107AB0003146FFF7EBFF204446E770B50446401C13
:107AC000FFF7E4FF0546034600220C212046FFF79E
:107AD00050FD284470BD2DE9F0414FF000050646E9
:107AE0000F002C460CD0084605F0FBF90546384639
:107AF00005F0FDF902E0015D3155641CAC42FADB92
:107B0000284621E770B506460D004FF0000015D05D
:107B1000084605F0E6F90346002206213046FFF745
:107B200028FD0446284605F0DCF92044B0F5167F10
:107B300005D230192946FFF7CEFF204470BD002042
:107B400070BD70B505000C4616464FF0000017D00A
:107B5000002E15D0104605F0C4F903460122214637
:107B60002846FFF706FD0446304605F0BAF92044E2
:107B7000B0F5167F05D228193146FFF7ACFF204437
:107B800070BD002070BD70B513460D460A46014613
:107B90000024184605F064F900B12C46204670BD5B
:107BA00077B581B0054600200090164628469DF81E
:107BB0000810FFF7F2FD70B128466A4602A9FFF7E8
:107BC0006DFD044629193046009A05F049F920B1A7
:107BD0000098044401E04FF0FF342046CBE670B536
:107BE0000400049D05F101000BD0884209D82270E1
:107BF000002103E05A5C6618491C7270A942F9D34F
:107C000070BD002070BDF8B506460F46084604F06A
:107C1000F7FF0546384604F0F9FF0446384604F0FD
:107C2000FBFF024623464FF4167130460095FFF7DE
:107C3000D6FFF8BD2DE9F04107460E46084604F090
:107C4000DFFF451C2B46002207213846FFF791FC39
:107C500004462844B0F5167F05DA38193146FFF797
:107C6000D2FF204470E600206EE62DE9F041074681
:107C70000C461646104604F0C3FF451C2B46012255
:107C800021463846FFF775FC04462844B0F5167FB8
:107C900005DA38193146FFF7B6FF204454E60020D4
:107CA00052E670B50C4616460178421C0025631E4C
:107CB000304604F06DFF00B12546284670BD77B50B
:107CC00081B0054600200090164628469DF8081011
:107CD000FFF763FD88B128466A4602A9FFF7DEFC7C
:107CE0000446009B2A19295D3046521C5B1E04F095
:107CF0004FFF20B10098044401E04FF0FF342046CC
:107D000039E638B50C464FF000011500ADF800100B
:107D100008D0012C08D0022C09D0032C0ED0042C42
:107D200010D01160204638BD00781060FAE769462F
:107D300000F057FABDF800002860F3E7114600F0A4
:107D400060FAEFE7114600F072FAEBE777B581B021
:107D5000164604469DF80810FFF71FFD60B1204647
:107D60006A4602A9FFF79AFC054660193246009957
:107D7000FFF7C7FF2844FEE54FF0FF30FBE5FF2982
:107D800002D8017001207047B1F5803F02D289B25C
:107D900000F022BAB1F1807F01D200F02BBA00F0DE
:107DA0003DBA70B514460646FF2A01D801230AE001
:107DB000B4F5803F01D2022305E0B4F1807F01D207
:107DC000032300E004230122FFF7D3FB05467019CB
:107DD0002146FFF7D4FF284470BD70B50446401C0F
:107DE000FFF7CDFF05460346002202212046FFF79C
:107DF000C0FB284470BD38B51446002200926A4684
:107E0000FFF77FFF002C01D00099216038BD7CB5C1
:107E100016460446FFF7C1FC60B120466A4601A938
:107E2000FFF73CFC0546601932460099FFF7E3FF77
:107E300028447CBD4FF0FF307CBDA0E770B5044600
:107E4000401CFFF7FAFF05460346002209212046A1
:107E5000FFF78FFB284470BD70B514460646FF2A15
:107E600001D801230AE0B4F5803F01D2022305E0E6
:107E7000B4F1807F01D2032300E004230122FFF745
:107E800078FB054670192146FFF7D7FF284470BDDF
:107E900010B50C464AB1012C09D0022C0BD0032C92
:107EA0000DD0042C0FD000201060204610BD1146CC
:107EB00000F0D1F9F9E7114600F0E0F9F5E71146D5
:107EC00000F0F4F9F1E7114600F00FFAEDE777B5AD
:107ED00081B0164604469DF80810FFF75EFC60B1BD
:107EE00020466A4602A9FFF7D9FB054660193246CB
:107EF0000099FFF7CDFF28443DE54FF0FF303AE50C
:107F000001F18002FF2A02D849B200F0A1B901F5BF
:107F10000042B2F5803F02D209B200F0AAB9AD4AE0
:107F20006FF07F430A449A4201D200F0B8B900F0E2
:107F3000D3B970B50446401CFFF7E2FF054603467F
:107F4000002203212046FFF714FB284470BD70B5C2
:107F5000064602F180001446FF2801D801230FE0F5
:107F600004F50040B0F5803F01D2022308E09948B3
:107F70006FF07F422044904201D2032300E00423AB
:107F800001223046FFF7F5FA054670192146FFF742
:107F9000B7FF284470BD70B50A460446411C104620
:107FA00000F0E6F905460346002204212046FFF7CB
:107FB000E0FA284470BD70B5154606460423012238
:107FC000FFF7D7FA04463119284600F0D1F92044CA
:107FD00070BD70B515460446821C1946284600F04F
:107FE000FAF905460346002205212046FFF7C1FAAB
:107FF000284470BD2DE9F04115461E46074608236A
:108000000122FFF7B6FA04463A192846314600F035
:10801000E2F9204498E40A7802704A7842708A783B
:108020008270C978C1700420704770B50446401C46
:10803000FFF7F1FF0546034600220B212046FFF71C
:1080400098FA284470BD70B51446054604230122F1
:10805000FFF78FFA0346E8182146FFF7DCFF1844C4
:1080600070BD02780A7042784A7082788A70C0784F
:10807000C870042070470B46042906D000211170F7
:10808000D17051709170184670471146E9E738B5C4
:108090000D4604466946FFF7C8FA9DF800000B2814
:1080A00002D04FF0FF3038BD601C2946FFF7D9FFE2
:1080B000401C38BD38B504460020154600902046C7
:1080C0006A46FFF77EFB38B1009829462044FFF747
:1080D000C8FF0099084401E04FF0FF30009038BD20
:1080E0000A8840F26C739A4202D3A2F26C7201E0E9
:1080F000FF2A08D802708A784270CA78827009799B
:10810000C170042070474FF0FF30704770B50446CF
:10811000401CFFF7E5FF0546034600220A212046E2
:10812000FFF727FA284470BD70B5154606460423AC
:108130000122FFF71EFA044630192946FFF7D0FF47
:10814000204470BD027802F26C720A8042788A7014
:108150008278CA70C0780871042070470B460429E1
:1081600006D00021D17091701171118018467047AE
:108170001146E7E738B50D4604466946FFF755FA5C
:108180009DF800000A2802D04FF0FF3038BD601C77
:108190002946FFF7D7FF401C38BD38B504460020FC
:1081A0001546009020466A46FFF70BFB38B1009851
:1081B00029462044FFF7C6FF0099084401E04FF02C
:1081C000FF30009038BD202303704170827003207F
:1081D00070470000FFFF7F000A0A02704170022012
:1081E000704729B1027812020A80407802430A805F
:1081F000022070470A0C02700A0A42708170032044
:10820000704749B1027812040A60437842EA0322B7
:108210000A60807802430A60032070470A0E0270E9
:108220000A0C42700A0A8270C1700420704769B15A
:10823000027812060A60437842EA03420A608378B1
:1082400042EA03220A60C07802430A6004207047B1
:1082500001700120704751B10278120602D56FF00B
:10826000FF0200E000220A60007802430A60012059
:1082700070470A0A027041700220704769B10278A3
:10828000120601D5214A00E000220A60037842EA82
:1082900003220A60407802430A60022070470A0CF9
:1082A00002700A0A427081700320704791B102780F
:1082B000120602D54FF07F4200E000220A600378E8
:1082C00042EA03420A60437842EA03220A60807865
:1082D00002430A60032070470A0E02700A0C4270C3
:1082E0000A0A8270C1700420704769B102781206D0
:1082F0000A60437842EA03420A60837842EA032232
:108300000A60C07802430A60042070470000FFFF43
:10831000C37863F30702837863F30F22437800780E
:1083200063F3174260F31F6204200A607047042958
:1083300003D000230846136070471146E8E777B57D
:1083400081B0164604469DF80810FFF726FA60B182
:1083500020466A4602A9FFF7A1F905466019314691
:10836000FFF7D6FF284404B070BD4FF0FF30FAE7A6
:10837000020E0A70020C4A70020A8A70C870042049
:10838000704710B5047864F30702447864F30F2251
:10839000847864F31742C47864F31F62047964F349
:1083A0000703447964F30F238479C07964F3174396
:1083B00060F31F63C1E90023082010BD10B40C4610
:1083C000082905D00021C2E90011204610BC7047E1
:1083D00010BC1146D5E71070030A5370030C93705C
:1083E000000ED0701171080A5071080C9071080EBF
:1083F000D0710820704777B581B0164604469DF8C5
:108400000810FFF7CAF958B120466A4602A9FFF7DB
:1084100045F9054660193146FFF7B3FF2844A2E746
:108420004FF0FF309FE7000000280CD000290AD051
:108430004A68C0F801204988A0F80510062101709B
:10844000002101818172704710B54FF4006421460C
:10845000FE4806F0A8FF2146BDE81040FC4806F0A3
:10846000A2BF30B50022F94D144605EB02110B787E
:108470004BB1CB683BB1834201DACC6002E01B1AFE
:10848000CB6000D10C70521C802AEED330BD00238B
:1084900020B103680B60808810800623184670475F
:1084A00010B5002148B1812100F8011B022100F81C
:1084B000011B0421FFF790FE0421084610BD70B592
:1084C00014460D46DCF70DFD002801DA002070BDD2
:1084D00021462846BDE87040D6F744BB7FB500244E
:1084E00006460D46009401940294DA480394FFF77F
:1084F000D7FF0204120C07D00196ADF80250D549FF
:108500006846FFF7DCFF044604B0204670BD2DE945
:10851000F04104001D4617460E464FF0000017D0EC
:10852000812020700420607005F10A0081B2A01C37
:10853000FFF752FE7288201D311D00F024FB002140
:10854000001D03E07A5C2254401C491CA942F9D367
:10855000BDE8F081F0B50025BD4E2A462C460A291B
:1085600015D306EB021301271F700719241D3F685E
:108570005F60A4B20719A41C3F881F81A4B2071929
:10858000241D3F680A39DF60A4B289B206E006EB19
:10859000021300271F705F601F81DF60521C802A5A
:1085A000DDD30A2900D201252846F0BDF0B500220E
:1085B000A64D144601F11E0605EB02131F787FB18C
:1085C0005F68D0F804C067450AD11F89B0F802C0BF
:1085D000674505D105EB021001244181DE600BE007
:1085E000521C802AE8D33CB9002205EB02131B7809
:1085F00023B1521C802AF8D32046F0BD05EB0212AD
:10860000436853604088108151810120D66010700A
:108610000446F1E7F0B585B0002500950195029577
:108620000395ADF810502E462C4604AA01A9FFF779
:108630002EFF8648BDF8022000EB04110B7863B1D1
:108640004B68019FBB4208D10B89934205D100EBD7
:10865000041001260570CD6002E0641C802CEBD371
:1086600005B03046F0BD7FB5002413460A460146EA
:1086700000940194029477480394FFF748FF744DE7
:1086800086B205EB0410017811B34268C16862EA52
:10869000010101910089ADF80200DCF741FC01996C
:1086A000884205D1DCF740FCBDF8021088420FD0AB
:1086B000DCF720FC0199884205D1DCF735FCBDF8D8
:1086C0000210884204D0324662496846FFF7F7FE3E
:1086D000641C802CD5D37FBD1FB50C4600210091B2
:1086E0000191029103911346014622465948FFF732
:1086F0000EFF84B2DCF714FC0190DCF715FCADF83A
:108700000200224653496846FFF7D9FE1FBD2DE9F6
:10871000FF410024054613460A4600940194029442
:1087200029464C480394FFF7F2FE484E87B206EB09
:1087300004100178F9B1C168E9B14168019100897B
:10874000ADF80200DCF7D6FB0199884205D1DCF7D1
:10875000EBFBBDF8021088420DD001986968884291
:1087600004D1BDF802006988884204D03A463949EC
:108770006846FFF7A4FE641C802CD8D3BDE8FF81B7
:1087800070B5344C06468120207000200D46607084
:108790000621A01CFFF720FD2946201DFFF71CFD28
:1087A00021463046BDE87040062288E670B5054691
:1087B00040F27621274800F0F1F90404240C04D09B
:1087C000224624492846FFF77AFE204670BD70B540
:1087D000054640F276211F4800F029FA0404240CD3
:1087E00004D022461B492846FFF769FE204670BD8B
:1087F00070B50024164B214603EB0112157855B1D4
:1088000055684668B54206D115894688B54202D1F9
:10881000D268521C04D0491C8029EDD3204670BD7B
:108820000124FBE72DE9F04393B00026ADF800608A
:108830000F960E9610961196059617460D46814690
:1088400006960796089609960A9605E0F80A0560C6
:10885000F802056070CA01600B960C96ADF83460A2
:108860003446ADF80460DCF73CFB00280ADBDCF79B
:1088700038FBFE48FE4900880D60002802DD28789C
:10888000812803D0002013B0BDE8F083DFF8E48333
:108890006978A81C88F801106946FFF7A2FCBDF8AA
:1088A0000000001F81B2ADF8001098F801000C28FC
:1088B0005CD2DFE800F0060F17C81E5C69C8707A4A
:1088C0008CAA0DA9281DFFF78CFCBDF8340088F890
:1088D0000000B8E0281DFFF73DFE08B1002160E070
:1088E00010215EE00EA8FFF761FF002834DC202194
:1088F00057E005A90A46281D06A9921CFFF7C7FDE7
:10890000BDF80000801FADF800000EA8FFF770FF53
:1089100005F10A0860B1DCF703FB0A90DCF704FB01
:10892000ADF82600BDF80020414609A8FFF7C7FDB5
:1089300006980A90BDF81600ADF82600BDF8002094
:10894000414609A8FFF7E3FE09A94846FFF76CFD79
:10895000BDF80000B84205D375E02819807A285583
:10896000641CA4B2BDF800008442F6D36DE001A9F6
:10897000281DFFF736FCBDF804100EA8FFF716FE01
:108980000028ABD130210CE00EA8FFF720FF002813
:1089900059DC402105E0281DFFF73CFE00289DD151
:1089A00050210EA8FFF7ECFE4DE00A46291D0EA847
:1089B000FFF792FEBDF80020291D0EA8FFF753FE19
:1089C000BDF80020291D0EA8FFF7A1FE3BE0DCF753
:1089D00091FA0F99884205D1DCF7A6FABDF83A1052
:1089E000884230D00EA94846FFF71EFDBDF80000B2
:1089F000B84205D327E0281900792855641CA4B291
:108A0000BDF800008442F6D31FE00EA94846FFF7E8
:108A10000BFDBDF80000B84205D314E02819007919
:108A20002855641CA4B2BDF800008442F6D382B27B
:108A300029460EA8FFF717FEBDF8002029460EA80C
:108A4000FFF765FE01E0ADF80060BDF800001AE731
:108A5000F0B587B015460022874E0092019202922F
:108A60000392ADF810208121317001891C46A1F5D7
:108A70007F42FF3A0AD009B1817A39B1017829B130
:108A8000062916D04FF0FF3007B0F0BD7B4948886B
:108A900030B10922727049680591ADF810000FE0FD
:108AA000DCF73EFA0590DCF73FFAADF810000B203A
:108AB00005E004AA05A9401CFFF7E9FC0A20707034
:108AC00005980190BDF81000ADF80200201D81B29C
:108AD000B01CFFF781FB801C87B2F01922462946A3
:108AE00006F048FC381982B263496846FFF7E7FC94
:108AF000CAE710B5614A604C5060518081202070F7
:108B0000052060700A21A01CFFF766FB6421201D70
:108B1000FFF762FB2146BDE810400A225748CEE429
:108B200038B50025ADF80050524C4B7808466370BC
:108B30000A2B17D2DFE803F00511131616191B16BE
:108B40001D1F062A0ED36946001DFFF74AFBBDF81C
:108B500000002070ADF8005004E0102000E020205C
:108B6000ADF80000BDF8000038BD3020F8E7402027
:108B7000F6E75020F4E76020F2E73E4800787047BF
:108B80003C484078704707B5002228B10968016069
:108B9000BDF808108180062210460EBD2DE9F04771
:108BA0000024364E8946804621462046103606EB84
:108BB0000012127802B1491C401C8028F7D35FEAEA
:108BC00008004FF000020DD0812202700322427093
:108BD00001EB8101042202EB410189B2801CFFF705
:108BE000FBFA042214440025B2460AEB0510017872
:108BF000B9B104F10A01494501DD002414E000F196
:108C00000401028900F10C0718EB04064FF0000084
:108C100006D03046FFF7B7FF31183A680A60001DEA
:108C200004446D1C802DE0D32046BDE8F0872DE97B
:108C3000F047002588460746114C2946284604EB94
:108C40000012127802B1491C401C8028F7D338006A
:108C50004FF000021AD0812202700722427001EB0D
:108C60008101042202EB410189B20BE0EA010060BC
:108C700000020060EC04006070CA0160E802056058
:108C8000F80A0560B81CFFF7A7FA0422154400266D
:108C9000A14609EB06142078B0B105F10A00404561
:108CA00001DD002513E02289211D7819FFF76BFFF4
:108CB000054461897819FFF78FFA0544A08981B2CC
:108CC0007819FFF789FA0544761C802EE1D32846EF
:108CD000ABE738B50546049C002054B1012C0ED0FA
:108CE000022C12D0042C0FD128460094DCF74DFA48
:108CF00009E000200090284601F063F903E02846CF
:108D00000094DCF71FF980B238BD28460094DCF7E8
:108D1000A5F9F8E730B40446029B00202BB1012BE3
:108D200008D1204630BCDCF7EFBA204630BC002327
:108D300001F069B930BC704729B1012901D002297D
:108D400003D1DCF75ABC01F0C3B9704729B101293E
:108D500001D0022903D1DCF72CBC01F0A9B970477E
:108D6000F849002008707047F6484068704701468F
:108D70000120B1F5800F04D2F24A5160F24A11602D
:108D8000704700207047EF494968814201D10120B6
:108D9000704700207047DBF79FB910B5FCF727FB41
:108DA000441CFDF79CFB0444FBF721FF0444FCF743
:108DB0009CF80444FDF721FD0444FDF716FA044431
:108DC00002F029F8044401F0DFFE044402F0D9FE69
:108DD000044402F0C7FF204410BD2DE9F0410024F7
:108DE00015460E460746012805D108203060D548B3
:108DF0000124406828607F1E002C6FD17F1EFCF785
:108E0000F6FA874205D2022030603846FCF7F2FAC3
:108E10004BE03F1AFDF763FB874205D20520306027
:108E20003846FDF75FFB40E03F1AFBF7E0FE874264
:108E300005D2002030603846FBF7DCFE35E03F1AF3
:108E4000FCF753F8874205D2012030603846FCF722
:108E50004FF82AE03F1AFDF7D0FC874205D20420E4
:108E600030603846FDF7CCFC1FE03F1AFDF7BDF936
:108E7000874205D2032030603846FDF7B9F914E087
:108E80003F1A01F0C8FF874205D2112030603846F2
:108E900001F0C4FF09E03F1A01F076FE874207D2D5
:108EA00006203060384601F072FE0124286015E08B
:108EB0003F1A02F066FE874205D2802030603846B5
:108EC00002F062FEF1E73F1A02F05BFE874205D234
:108ED00013203060384602F044FFE6E72046BDE844
:108EE000F08138B5994C6079A179401CC2B2E37821
:108EF000974801F26C7104F01EF90020009023786D
:108F00006278A178934804F04EFAA07A00B101206B
:108F1000DBF798F9BDE83840DBF7C6B910B5044671
:108F2000FFF7DFFF8A49086820608888A0808948A9
:108F30000068C4F8060010BD10B5FFF7D2FFBDE809
:108F40001040DBF7ADB9DBF780B92DE9FF4FADF588
:108F50001D7D00240646DDE9AAA79A949F987949C9
:108F6000994625469B944FF0FF3B4D2850D022DC7C
:108F70003E2875D010DC1E2873D006DC0B2871D07B
:108F80000C2858D01C283AD1F6E02C2851D038288B
:108F900069D0392833D1FDE0492829D006DC3F28A3
:108FA00072D0402871D0462829D13FE04B282BD0E1
:108FB0004C2824D17CE0782835D00EDC62283CD0C7
:108FC00006DC4F2827D060284ED0612817D138E022
:108FD0006B287DD0702812D11FE05F49B0F57A7FF1
:108FE00077D006DC79281AD08B2828D09B2806D188
:108FF000BAE0A0F54070E9386CD001286BD00220AF
:109000008AF8000020208EE04A680821304666E099
:10901000DAF7B2F805E008218CE009788AE0DBF79E
:10902000D7F80146A9E0DBF757F8BAE0DBF7D2F84A
:10903000F7E74AA1A1E04BA19FE00121D5E00C2177
:10904000D3E096A803F00EFDE8B2FCF7A9FE0246B5
:10905000E9B296A803F00FFD6D1C282DF4D322E091
:1090600064E083E06AE090E096A803F0FBFCE9B2DC
:10907000002296A803F0FFFC6D1C332DF7D3314C72
:109080004FF4806508340BE089E08CE0A06830B1D3
:10909000804720B12178012296A803F0ECFC3834F7
:1090A0002088A842F2D396A93046FEF795FC18E036
:1090B000FFF773FE8046B9F1000F14D0B9F1FF3FFE
:1090C00013D09BAA9AA94846FFF787FE38B303E05E
:1090D0002FE06BE086E087E0DDE99A123046FEF78C
:1090E000ECFC044671E041467FE0012514E09BAAB8
:1090F0009AA92846FFF771FEDDE99A123019FEF7AA
:10910000DCFC04442044B0F5167F04DB36203870C4
:109110006FF001046DE06D1C4545E8D955E0022073
:109120008AF800002A2038705C4662E04FF416711D
:109130005BE003213046FEF781FED2E74EF6602168
:1091400053E00000F004006088020060F81700603F
:1091500094020060990200607C5B0460302E382E1F
:1091600030000000312E300000213EE04FF4167137
:109170003046FCF708FDB4E7FDA1684603F030FD7A
:1091800069463046FEF756FDABE7FD493046FEF72F
:10919000BDFFA6E7FB493046FEF747FFA1E700F019
:1091A0007FFF014621E000F07FFFFAE78846301993
:1091B000B8F800106943FEF710FE04442044B0F5EF
:1091C000167FA3DA6D1C052DF1D9002C11DB9F98B9
:1091D0004C280ED0B9F1FF3F0BD002208AF80000D6
:1091E0003220A0E7498800E0C98C3046FEF7F5FD43
:1091F00077E70DF5217D2046BDE8F08F70B5ADF520
:109200001A7D0446D0F8681200256A461030FDF732
:1092100018FE02232526002804DA84F86D3284F82B
:109220006E620AE020894C280BD0E168491C08D006
:1092300084F86D32322084F86E0200200DF51A7D1C
:1092400070BD09220DF10D014D2862D00DDC4028C2
:1092500030D005DC02A9382863D0392814D168E061
:1092600046284ED04B280FD115E0B0F57A7F10D0AC
:1092700004DC78283CD0792806D131E0A0F5407094
:10928000E93864D0012862D084F86D32202084F857
:109290006E022846D2E79DF802000C284DD1BDF899
:1092A0000800082817D10398FFF761FD98B10398CB
:1092B000C0B20DE09DF8020002283ED10298401E87
:1092C000FD2808D80298C4B2204600F0CFFE204600
:1092D000DBF7D7FB3FE084F86D3284F86E62D8E7A5
:1092E0009DF802000728D4D10846DAF776FF32E06D
:1092F0009DF802000228CCD1029880B2DAF788FFEC
:1093000029E09DF802000728C3D10846DAF772FF6A
:1093100021E09DF8020007280FD10846DAF763FE26
:1093200019E09DF802000A2807D10846DAF793FFF2
:109330000BE09DF802000B2804D084F86D3284F80D
:109340006E22A6E70846DAF79DFF0546A1E79DF8DD
:10935000020002289DD101259BE72DE9F047044634
:10936000008800270225282690468946122854D2D4
:10937000DFE800F009320D212A1743534B535353B2
:1093800053535353533A6068FBF72BFC16E0606865
:10939000FCF727F880B3424649462046FCF764F9BB
:1093A0003AE06068FDF795F830B3424649462046FA
:1093B000FDF750F930E06068FCF711FFE0B184F888
:1093C0006D5284F86E6228E06068FDF710FA98B17B
:1093D0002046FDF77EFB1FE06068FBF780FD58B17B
:1093E0002046FBF70EFF17E0606801F00EFD18B194
:1093F000204601F063FE0FE00FE0606801F0BEFB65
:1094000058B1204601F04AFC06E06068FFF7BBFC5B
:1094100018B12046FFF7F2FE07463846BDE8F08750
:109420000120704758484068704710B5564A0C46AE
:10943000014652680020914207D1D9F79DFE0146AE
:109440002046BDE8104003F0CBBB10BD08B14F4B28
:10945000036011B14D485C300860002A02D04B48CF
:109460007030106070472DE9F04104464FF0FF382E
:10947000008800F0AEF805004FF001064FF01F071E
:109480000AD0296941B16068884728B12146284639
:1094900000F0ACF8804601E02676677640461EE58F
:1094A00010B50C46014600202060A06020610846EF
:1094B00000F08FF838B1036A2BB104F1100204F107
:1094C000080120469847206808B100F078F86060ED
:1094D000A06808B100F073F8E060206908B100F0FE
:1094E0006EF8606110BD10B500F073F8002800D070
:1094F000406A10BD70B515460E46002400F069F8AC
:1095000028B142691AB129463046904704462046A0
:1095100070BD2DE9F043ADF5197D002690460F464C
:1095200081469696FFF739FC0546012432E097AA5A
:1095300096A92046FFF751FC50B3969880B200F0F0
:1095400048F828B342691AB3694697989047F8B12A
:109550006946484603F093FBD0B101260FB19698B7
:109560003860B8F1000F17D09799C8F8001013E0D1
:109570004261636E65742050726F6475637400009D
:109580009402006099020060F0040060841E0408E8
:10959000FFE7641CAC42CAD90DF5197D3046BDE821
:1095A000F08370B50D46002480B200F012F820B1AF
:1095B00002692846904700B10124204670BD002171
:1095C00010B904E0001D491C0268521CFAD108467B
:1095D0007047024626484FF4806302E0914204D06F
:1095E000383001889942F9D3002070472DE9FC41B9
:1095F00005460C694FF0FF30CCB14A69BAB10A890F
:10960000022332264B2A14D04F2A28D0AF69002FCC
:109610000BD00B7601F119034E76581ECDE90003ED
:10962000CB68AD6949682046A847BDE8FC810020A9
:10963000FBE7CA68521C02D00B764E76F5E7088825
:10964000082801D04A6803E0094A083A52684A608B
:10965000014602B02046BDE8F041FEF72EBACA68C6
:10966000521CE9D109882046BDE8FC41FEF7E6BB63
:10967000F8040060FF4810B500210171417181714B
:109680000172417200F1240381621A6822F02B02F8
:109690001A60F94A12788272F84A1278027301222B
:1096A000C2728182C17101F03AF9012010BD704788
:1096B0000022FF2911D001230370417001214318BA
:1096C000491C5A700729FADB028182720021431873
:1096D000491CDA720729FADB704702704270EDE725
:1096E000F0B5E74D04460021287889B0022815D04E
:1096F000012813D0032811D004280FD0E1480025F9
:10970000012602788AB10570002305AA6946DE4861
:1097100004F022FB80B2267009B0F0BDF2F71DF90B
:1097200021462878E2F719FAF6E7D84F387858B189
:10973000F2F713F90022501E3D70014601F017FAAE
:10974000082002212170E7E7D14F387850B1F2F7B5
:1097500004F93D700022CF49CF4802F08BF9267002
:109760001420D9E70846D7E72DE9F043ADF5197D78
:1097700088465521A09D8DF85812FF218DF8591269
:109780001F4691464FF6FF7600248DF85A0203F0EB
:109790001FFC014640468DF85B8203F019FC014630
:1097A00048468DF85C9203F013FC0146280A8DF8B8
:1097B0005D0203F00DFC0146E8B28DF85E0203F095
:1097C00007FCC0438DF85F023DB90EE0385D3146BD
:1097D00003F013FC641C0646A4B2AC42F6D3F0437B
:1097E0008DF86002000A8DF8610201F083F8012013
:1097F00001F079F8B5B1DDE99601CDE900012A461D
:10980000394602A805F0B6FD0DEB0500BDF8601263
:1098100001810A35A9B2684601F085F80DF5197D78
:10982000BDE8F083082196A8F6E72DE9F843914DAD
:1098300000248DF8004028794FF0010805F12C072D
:1098400050B14FF00209012829D005F12406022861
:1098500060D0032829D130E101F077F840B101F060
:109860005EF8E879FF2801D2401CE871BDE8F88372
:109870005146684601F06BF80028F7D001F04FF828
:10988000E879FF2801D2401CE8719DF800005528B6
:1098900001D185F8048085F804803870E6E701F08E
:1098A00026F85A2802D9E5F7ACFA5CE101F04DF848
:1098B00038B101F034F8E879FF28F6D2401CE8719D
:1098C00051E15146684601F042F80028CED001F03F
:1098D00026F8E879FF2801D2401CE8719DF80000C5
:1098E000FF21FF2806D0552808D0032809D01928C1
:1098F00007D00CE06C822970797005E085F804804F
:10990000B4E76C822970787085F80490AEE7E5F7CB
:1099100073FA28E100F0EBFF5A2879D801F015F826
:10992000002876D103E0306840F00100C3E05146E2
:10993000684601F00CF8002898D000F0F0FFE879B4
:10994000FF2801D2401CE871688A60B101282FD03D
:109950004FF00308022838D003284CD0042859D0EF
:10996000052866D0F4E029789DF8000003F030FB6C
:1099700028709DF800002872397855290CD1797823
:10998000FF2909D1072807D900F0C9FFE879FF2886
:1099900001D2401CE8712C719DF80000B870387835
:1099A000FF2802D17878192851D0A5F812805DE7F8
:1099B00029789DF8000003F00BFB28709DF800004B
:1099C000A871F870A5F8129050E729789DF800006A
:1099D00003F0FEFA287028499DF8000068720978A3
:1099E000884202D1E5F703FA01E0E5F7BDF89DF8FA
:1099F00000003871D9E729789DF8000003F0E8FAF3
:109A000028709DF800000102A982787104200EE000
:109A100057E05EE029789DF8000003F0D9FA28703D
:109A2000A98A9DF800000144A982B87105206882C6
:109A30001CE79DF80000F8710E4806212C30EBF76A
:109A4000F6FCF979BA7901EB0221814202D1F0F7F3
:109A500079FF0BE729789DF8000003F0B9FA287028
:109A600055281BD0E5F7C8F9306840F00100306098
:109A70001FE7000098070060A10200606602006016
:109A8000CE070060CC070060F8120560CD070060CB
:109A9000CF0700609902006094020060A88AE8B3D2
:109AA000E98A884254D86C824FF6FF70288225E7F5
:109AB000306840F00200306055E000F018FF5A288E
:109AC00004D9306840F001003060ECE600F03DFF62
:109AD00040B100F024FFE879FF28BFF424AF401C18
:109AE000E87120E75146684600F031FF00289FD01A
:109AF00000F015FFE879FF2801D2401CE871698A5F
:109B0000A88A81420DD2298A9DF8000003F075FAD7
:109B100028829DF80010688AAA6A00E01DE01154AE
:109B200007E008D1298A9DF8000003F066FA288230
:109B3000688A401C7BE7401C81428AD1298A9DF8B3
:109B4000000003F05AFAA0F570412882B83904D019
:109B5000306840F001003060D9E6A879A97A8842DF
:109B6000A6D0FF28A4D02C7180E62DE9FC5FF94E29
:109B7000002406F1240BF178307B491C401CB1FB1A
:109B8000F0F200FB1211B27A01F0FF09511CB1FB97
:109B9000F0F300FB1311C9B20091B17801274B1CFF
:109BA000B3FBF0F500FB1530C0B20190304696F8DB
:109BB00005C0DBF800300025407A4FF0040A23F09E
:109BC000040EBCF1090F7DD2DFE80CF0051267B07E
:109BD000F0EEEDECEB00B270F27032203062777193
:109BE0002EF003000124CBF8000000F098FEE5E120
:109BF00000F07DFEB0F5FA7F09D3E5F702F9F571C3
:109C000006207071DBF8000020F00300BFE0DBF8F5
:109C100000005F46C10702D0E5F7EEF8ACE181072E
:109C2000E5D5317A072931D2DFE801F0040F302879
:109C300030201C00B179FF2928D0757020F0060073
:109C4000386002207071012423E000950023B27A6D
:109C5000717A0220FFF788FDBF4830F8521F491C77
:109C6000018013E040F0200038600FE040F0200059
:109C70003860B079FF2809D00820E2E0B08A00906F
:109C8000B27A717A0420B36AFFF76EFD7079082802
:109C9000ADD0386820F0020071E18DF8045001A8C1
:109CA000FFF71EFD308301469DF80400B8B3AA4AB1
:109CB000B2F858305B1CA2F8583002280DD00128A9
:109CC0000BD000E079E10325032810D0042816D03A
:109CD000052818D0062816D01DE000919F4BB27AB7
:109CE000FF210620FFF740FD86F805A013E0E2F70C
:109CF000E4F90146308B0090994BB27A07E032F8D4
:109D00004A0F401C10800091944BB27AB17B052021
:109D1000FFF72AFD75717078401C70704EE1FFE707
:109D2000F07A7070012486F805A047E100F0DFFDAD
:109D3000B0F5937F09D9884830F84C1F491C018041
:109D4000E5F75FF8F07A70700DE0DBF800005A4636
:109D5000C1070BD0804920F0010031F84E3F5B1C59
:109D60000B80CBF8000086F805A094E08107D5D5DC
:109D7000B179B37A994206D1317A04290AD00629F9
:109D80000BD0072906D07771106820F00200CBF8BD
:109D9000000080E086F805A0F6E740F020001060A3
:109DA000F8E7F2E093E065E04DE0FFE7707896F8C1
:109DB0000BC0604502D2022070716CE0580703D4DA
:109DC000914201D1009934E0306A312813D26148C0
:109DD0005B07006A00F1010005D5009B994202D0A3
:109DE00075703062E7E73062002318460095FFF790
:109DF000BBFCF56119E04846894519D158070CD5D7
:109E00000199F170002301200095FFF7ADFCB07AB5
:109E1000B070C6E90757072013E0F2700023184618
:109E20000095FFF7A1FCC6E90757F571052008E08A
:109E30000146F170002301200095FFF795FCF561C4
:109E400007207071BAE000F052FD5F2804D8F07965
:109E500004280ED977711EE0F06908B101992AE053
:109E6000F76100950023B27AB1781846FFF77CFCC1
:109E7000F571A3E0B04602EB82014FF4FA7000EBFB
:109E8000410600F034FDB04207D298F807100429CB
:109E900002D988F80570012490E098F80A004FF480
:109EA000FF7100EB8000464601EB400700F01FFD0C
:109EB000B8421CD20099F17000950023B27A0120BB
:109EC000FFF752FCB07AB070F5613562B8E79907D8
:109ED0001FD5B179914202D1317A022908D0777128
:109EE0000124DBF8001021F00201CBF8001065E03E
:109EF000CBF800E0B070F5710023014618460095DC
:109F0000FFF732FCB07AF07035620520F5617071B0
:109F1000E7E700F0ECFC5F2803D89BF80000C007DF
:109F20004CD0DBF800005F46410704D50220757075
:109F30007071012420E0B178B27A914212D0F571AB
:109F4000002318460095FFF70FFC0520F56170719E
:109F500012E00000980700607C5B0460F812056066
:109F6000BCCA0760494691450BD0F170002301201F
:109F70000095FFF7F9FBF561386820F001003860C3
:109F80001CE040F004003860D0E719070DD5308B95
:109F90000090584B717B0620FFF7E6FBDBF80010C2
:109FA00021F00801CBF8001005E00146002307204E
:109FB0000095FFF7D9FB777193E777712046BDE8ED
:109FC000FC9F2DE9F0414C4C1D4613460646226885
:109FD0000020069F5FEA027C13D477B948781946BF
:109FE00060F3041222602A46424805F0C3F9A4F146
:109FF00024000583717841732846216841F00801E7
:10A000002160BDE8F0812DE9F0413B4C0026243C65
:10A010000746A06A08B9A162E282374D2868810725
:10A0200008D4C00706D1FFF700FC2868810701D4D7
:10A03000C00702D0207918B10BE020790028F2D1B6
:10A040002E48A17A0078814203D8FFF78EFD0028C0
:10A05000FBD12868810607D520F020002860A68A59
:10A0600001203870607A78703046CAE72249243976
:10A070000873704721490978884206D81E49243957
:10A0800088720A7B904200D9087370471A482438B6
:10A09000807A7047002802D017492439C872704767
:10A0A00015482438C07A704713482438007B70471D
:10A0B00001220270104A0021243A927A42700181F2
:10A0C0000A4681724318491CDA720729FADB704785
:10A0D000002100280DD001220270FF2242704FF6AD
:10A0E000FF720281002282724318491CDA7207292A
:10A0F000FADB7047F8120560BC070060660200607A
:10A10000002803D001684068081A70470020704793
:10A1100000B50246002A05D01046FFF7F1FFD168CE
:10A12000884201D1012000BD002000BD00B50246DB
:10A130000B46002A08D01046FFF7E2FFD268101A3B
:10A14000984201D3012000BD002000BD00B50028C9
:10A1500004D0FFF7D5FF08B1002000BD012000BDED
:10A16000002808D04168C268B1FBF2F302FB13116A
:10A170008068405C70470020704700B502460023AD
:10A180001046FFF7E3FF50B95068D168B0FBF1F318
:10A1900001FB130091680B5C5068401C506018462E
:10A1A00000BD70B503460C461846FFF7A9FF904264
:10A1B00000D91046824210D902460EE05968DD6887
:10A1C000B1FBF5F605FB16119D68695C5D686D1CB9
:10A1D0005D600CB104F8011B401E0028EED1104652
:10A1E00070BD70B503460D460024002B0AD01846FA
:10A1F000FFF78EFF40B123480068B0F5967F01D984
:10A20000EBF7E3F9204670BD1868DA68B0FBF2F1AD
:10A2100002FB110099680D541868401C1860012455
:10A22000F0E7F0B504460D461646002731462046B5
:10A23000FFF77CFF90B175B910E02068E168B0FBD2
:10A24000F1F201FB1200A26815F8011B11542068FD
:10A25000401C2060761E002EEFD101273846F0BD4D
:10A26000002801D0016841607047002808D000290B
:10A2700006D0002A04D00023036043608160C260DE
:10A2800070470000A40300602DE9F04188B000266B
:10A290008046059606A814460F460090039604963D
:10A2A000ADF8186005AB04AA03A9404603F038FADC
:10A2B000BDF81810942917D00025401C28D0DDE9DE
:10A2C00003012246FBF78CFB21780122F8B2012919
:10A2D00011D006291CD1BDF8181094291FD08DE883
:10A2E000450043462A460FE00D2F01D0FF25E4E745
:10A2F00098F80C50E1E7BDF8181094290BD0CDE97F
:10A30000000602966278434621460398E4F79CFBD8
:10A3100008B0BDE8F0810090CDE90162F2E7CDE937
:10A32000000243460292DDE710B586B0002101919C
:10A3300002910391ADF8101004A91446009103ABEB
:10A3400002AA01A903F0ECF9002804DDDDE901010E
:10A350002246FBF7CDFB06B010BD00002DE9F04111
:10A3600088B00E460746984615461421684605F003
:10A370001AF80020059006900790307801282BD11C
:10A3800005AB3A466946304603F0E2FA04469DF8CA
:10A3900016004FF6FF7100281ED1002C1CDDAC42C8
:10A3A0001ADCBDF80800D0B1884218D0DBF7FDF800
:10A3B000BDF80810884203D19DF80A0006280ED087
:10A3C0000F48B8F1010F12D0018F2A46491C0187AE
:10A3D00078783146E1F75AFC08B0BDE8F081281BD7
:10A3E00082B2311943463846FBF79AFDF4E7C18E35
:10A3F000491CC18629463046E1F7DCFBECE700004A
:10A400007C5B04602DE9FF41804608880C461E46AF
:10A4100017464FF0FF35052855D006DC052810D229
:10A42000DFE800F05F6D438D7F00112875D004DCFC
:10A43000062873D0082804D10BE013286FD0802899
:10A440006ED0012010701F20187004B02846BDE89F
:10A45000F08196496068884201D0606802E0FEF7AA
:10A4600083FC6060FEF78FFC0028EED02289A2F505
:10A470008070733807D0CDE900764046E3686168A4
:10A48000FEF763FDA0E0002001900290039003AA74
:10A4900002A901A8FEF7DAFF03980090DDE9012385
:10A4A0002146404604F019FD8EE06068FAF799FFF6
:10A4B0000028CAD0CDE9007622894046E368616869
:10A4C000FAF7F4FF80E06068FCF703F80028BCD0DE
:10A4D000CDE9007622894046E3686168FCF73CF8E4
:10A4E00072E06068FAF77DFB0028AED0CDE9007617
:10A4F00022894046E3686168FAF7D4FB64E060684B
:10A50000FAF7EDFC0028A0D0CDE90076228940467C
:10A51000E3686168FAF78FFD56E01EE02BE046E045
:10A5200037E06068FCF763F900288ED0CDE900764B
:10A5300022894046E3686168FCF7CFF944E060682F
:10A54000FBF74DFE002880D0CDE9007622894046F9
:10A55000E3686168FBF7C4FE36E0606800F055FC14
:10A560000028A6D0CDE9007622894046E3686168DC
:10A5700000F06AFC28E0606800F000FB002898D03A
:10A58000CDE9007622894046E368616800F015FB5A
:10A590001AE0606801F0EFFA00288AD0CDE9007671
:10A5A00022894046E368616801F00AFB0CE06068BC
:10A5B00001F0DBFB00288AD0CDE9007622894046F5
:10A5C000E368616801F03EFC05463EE72DE9F04F87
:10A5D00093B0804601208DF84000DDF870A01F2068
:10A5E0000F468DF844001E46934651460BA8FEF7D1
:10A5F000ADFB0022114608A803F09BF940F2391187
:10A600000AFB01F02A4908AB01EB40040BAA5946AA
:10A61000204603F00BF90546307810B1317B601904
:10A620003FE001AA3946404603F096FA0028317B04
:10A6300004EB050002DA0123002234E0804601AA7F
:10A6400003F0E9FA814605EB0900204411AB10AA9A
:10A6500001A9FFF7D7FE070009D4E91901EB0900AA
:10A66000204403F0FEFA09EB070108440CE010F166
:10A67000020F14D09DF844000090317B40469DF8B5
:10A6800040300C2202F08EF92B18224608A95846B9
:10A69000CDF800A0FEF71DFB13B0BDE8F08F317BB5
:10A6A00040460123042202F017F9EDE7FFFF3F00C7
:10A6B000BCCA07607CB500220092019201AB6A46D9
:10A6C00003F01FFD0B4D012448B1401C08D0FEF7DC
:10A6D0004BFB0099884204DB019A904201DC2C700C
:10A6E0007CBDB1F5800FFBD2034901988842F6D2B8
:10A6F0007CBD0000CC070060FFFF3F002DE9F04368
:10A700008BB01E460B4601218DF804101F21914687
:10A710008DF80810129F594A194603F078FD8046BB
:10A72000394606A8FEF712FB0022114603A803F0E3
:10A7300000F940F239105249784301EB400403AB71
:10A7400006AA4946204603F071F80546B8F1000F05
:10A7500004DC60190123317B002205E0307830B140
:10A76000317B60190123042202F0B6F870E04348FF
:10A77000008805283AD006DC05285FD2DFE800F023
:10A78000222A1C322E00112820D004DC062833D0C7
:10A79000082853D104E013283AD080284ED12FE066
:10A7A00002AA01A93548FEF7D8FD2EE0317B6019D9
:10A7B0000F22FDF708FD4BE002AA01A92F48FAF786
:10A7C00053FF22E02D48FAF7F2FA1EE02B4800F082
:10A7D00075FC1AE02948FAF714FD16E02748FCF743
:10A7E00078F912E02548FBF7F1FD0EE002AA01A975
:10A7F0002248FBF72FFF08E0204800F04FFA04E062
:10A8000002AA01A91D4801F02AFA0028CED115E0BC
:10A8100002AA01A9194801F0D1FB28B1317B6019C6
:10A820000F22FDF7D0FC09E09DF808000090317B75
:10A8300060199DF804300F2202F0B4F89DF808006A
:10A840000090317B60199DF804300F2202F0AAF8C5
:10A850002B18224603A948460097FEF73AFA0BB098
:10A86000BDE8F08310B504460120A4788C4204D0E2
:10A870000221002011700921197010BD6C150560AE
:10A88000BCCA0760F0B589B01F460E9E154631461A
:10A8900004A8FEF75BFA0022114601A803F049F86C
:10A8A00001AB04AA29460B4802F0C0FF044640F25F
:10A8B0003910084A604302EB4000397B092203F05B
:10A8C00015F92318034A01A928460096FEF701FA54
:10A8D00009B0F0BDBCCA076025494FF4007201F50C
:10A8E0000070FFF7C2BC00B10120D7F739BF214883
:10A8F0000088704710B5F0F722F8052809D006281F
:10A9000009D0072809D002201A490A888242FCD3BC
:10A9100010BD0620F8E70420F6E70320F4E7154908
:10A9200000200880704770B50C460546EFF722FA04
:10A93000401C06D0EFF71EFA024621462846EAF7E9
:10A940008EFD0C490020088070BD0020704770B556
:10A95000054600240848FFF7F9FB28B91DB1064851
:10A96000FFF70BFC28700124204670BD70470000E3
:10A97000DC170560D0070060DC1905602DE9F041A7
:10A980008AB00F4680461546114604A8FEF7DEF948
:10A990000022114601A802F0CCFF40F239103049E4
:10A9A000684301EB400401AB04AA4146204602F093
:10A9B0003DFF2C490646A0193A460978E3F7E7F827
:10A9C0003318224601A940460095FEF782F90AB0E5
:10A9D000BDE8F0812DE9F0478AB0894682461646E7
:10A9E000114604A8FEF7B2F90022012101A802F0E5
:10A9F000A0FF40F23910DFF86880704308EB400494
:10AA000001AB04AA5146204602F010FF074603F0AE
:10AA100094FA050001D103F01FFA2946E0194A46CD
:10AA2000E2F7A8FF07445EB90F483A46016821F0F3
:10AA30000801016041460D4804F09CFC0C48077079
:10AA400022463B4601A950460096FEF742F90028EF
:10AA500003DD28460AB0BDE8F0876FF00100F9E792
:10AA6000BCCA076051020060BC070060F8120560B4
:10AA70005C0200602DE9F0478AB089468246904624
:10AA80001D46194604A8FEF761F90022114601A8E7
:10AA900002F04FFF40F2391105FB01F0344F01ABDA
:10AAA00007EB400404AA5146204602F0BFFE0646CA
:10AAB000A0194246494603F005FB064435B939461C
:10AAC00032462C4804F056FC2B480670224633468A
:10AAD00001A950460095FEF7FCF80AB0BDE8F087E2
:10AAE00070B586B00D460646144611466846FEF718
:10AAF00023F923462A4631466846FFF7BBFF06B0D6
:10AB000070BDF0B587B00D4606461446114668463E
:10AB1000FEF712F90020ADF808009DF804008DF84A
:10AB200014009DF803008DF815009DF802008DF8C3
:10AB300016009DF801008DF817009DF806008DF8AD
:10AB400018009DF805008DF8190000216A4605A837
:10AB50005718435C491C7B700629F9DB23462A46BB
:10AB600031466846FFF786FF07B0F0BD82E7B7E7DA
:10AB7000BCCA0760F81205605C020060052801D2BB
:10AB80000120704700207047974800787047401CAC
:10AB90007047401E704710B50C46014600204A1E03
:10ABA000042909D2D1B20620D7F7BAFE01462046C1
:10ABB000BDE8104002F014B810BD2DE9FF4FADF50F
:10ABC0001B7D491EDDE9A898002407460D464FF07D
:10ABD000020A4FF0FF3B4D2A14D006DC172A35D06D
:10ABE0001C2A16D04B2A04D107E04F2A1ED0552A22
:10ABF00020D089F800A0202148E00A460621FCF771
:10AC00005CFF04E0C9B20620D7F78AFE05E00446DF
:10AC100034E0C9B20620D7F7D2FD0146684601F0FC
:10AC2000DFFF69463846FDF705F8F0E70621FDF736
:10AC300005F9ECE7CAB200210620D8F7B3F804F012
:10AC4000CAFE01463846FDF7C8F8E0E7002610E0E6
:10AC5000E9B2324698A8D8F7D9FBDDE99801CDE9E9
:10AC60009601381996AA0021FDF75EFA761C044475
:10AC7000F6B2E8B2D8F765FBB042E9D8002C08DBA1
:10AC80009E98401C05D089F800A0322188F8001059
:10AC90005C460DF51F7D2046BDE8F08F2DE9F041A3
:10ACA0000446007C0026ADF51C7D00074FF002072E
:10ACB0001CD46A4604F11000D4F86812FCF7C1F8FD
:10ACC000002803DA84F86D72252008E020898228A4
:10ACD0000CD0E068401C09D084F86D72322084F8F2
:10ACE0006E0200200DF51C7DBDE8F08165682089AD
:10ACF00009216D1E4F280FD00ADC172823D00DF133
:10AD00000D031C2847D0242806D04D2804D137E055
:10AD100051284BD0552806D084F86D72202084F835
:10AD20006E023046DEE79DF80200042842D19DF80D
:10AD3000080004F014FE0346EAB294F86C120620F0
:10AD4000D8F719FD41E0D4F86802052190FBF1F035
:10AD500000F0FF080027E8B2D8F710FB00260CE04F
:10AD6000E0199AA91130FDF7EDF9DDE99A12E8B280
:10AD7000D9F779F9761CF6B27F1D4645F0D324E069
:10AD80009DF80200072815D1EAB294F86C1206204B
:10AD9000D9F761F819E09DF8020007280AD1EAB254
:10ADA00094F86C120620D8F730FC0EE09DF80200F3
:10ADB000012804D084F86D7284F86E12B1E79DF812
:10ADC0000820E9B20620D8F7EDFF0126A9E708B16F
:10ADD000064B036011B1054808380860002A02D00C
:10ADE0000248001F10607047D20700600C1F040863
:10ADF00008B1FB4B036011B1F94808380860002A1C
:10AE000002D0F7480C3810607047092801D20120A1
:10AE1000704700207047F34800787047401C704727
:10AE2000401E704710B50C46014600204A1E0829F6
:10AE300009D2D1B20520D7F773FD01462046BDE8FF
:10AE4000104001F0CDBE10BD2DE9FF4FADF24C7D9D
:10AE50000446491EDDF854070026DDF884B79946FC
:10AE60000D464F2841D010DC262873D006DC1C2864
:10AE70002ED020286FD0242817D115E13628F4D001
:10AE80004B2818D04D2810D11BE06728F5D006DCE0
:10AE900051283BD055282AD0582806D109E16F28DF
:10AEA0007ED07B2839D0AE28E7D0DDF8801702208D
:10AEB00008702021BFE00A4611212046FCF7FDFD65
:10AEC00004E0C9B20520D7F72BFD05E006469DE05A
:10AED000C9B20520D7F773FC01469CA801F080FE9B
:10AEE0009CA92046FCF7A6FEF0E71121DDE0CAB2DE
:10AEF00000210520D7F756FF00F0FF400AE00121AE
:10AF000000E000212046FCF79EFCDFE7C9B20520E7
:10AF1000D7F7E2FE0028F4D0F1E7B9F1000F77D0BF
:10AF2000B9F1FF3F4FF0090A0BD0B9F1070F7DD8F7
:10AF3000A9F1010820460021FCF751FB0746002635
:10AF400058E00027A0190021FCF749FB00EB060898
:10AF500000261EE05CE077E0F3B2FAB2E9B20DF54C
:10AF60009960D8F714F94FF41C720DF59961684691
:10AF700004F000FA8DF80AA0F2B2F9B2E8B2D8F7FC
:10AF8000FDF8049004EB0800694603F0D5F980440D
:10AF9000761CF9B2E8B2D8F725F9B042DCDC00E063
:10AFA00060E004EB08000021FCF72CFB7F1C00EBA9
:10AFB0000806072FC6DB29E0F3B208F0FF02E9B26A
:10AFC0000DF59960D8F7E3F84FF41C720DF599610F
:10AFD000684604F0CFF98DF80AA0F2B208F0FF013C
:10AFE000E8B2D8F7CBF80490E019694603F0A4F969
:10AFF0000744761C08F0FF01E8B2D8F7F3F8B04236
:10B00000DADCE0190021FCF7FDFAC619002E16DB88
:10B01000B9F1FF3F13D0DDF854077B280FD0DDF8DE
:10B02000801702200870322105E0FFE7DDF8801765
:10B03000022008702A218BF800104FF0FF360DF225
:10B040005C7D3046BDE8F08FA421FF202170607048
:10B05000A070E07020716171A071E0712072607267
:10B060000A26D5E70DF5E76001F0FCFC0022114649
:10B070000DF5E76001F0FFFC002201210DF5E7600E
:10B0800001F0F9FC002202210DF5E76001F0F3FC6C
:10B09000002203210DF5E76001F0EDFC0DF5E761FD
:10B0A0002046FCF799FC11E700212046FCF7C6FE7C
:10B0B0000CE70A212046FCF790FE07E72DE9F04750
:10B0C0000446007C0025010704F11000ADF59C6DDD
:10B0D0004FF0020680461AD402AAD4F86812FBF791
:10B0E000B0FE002803DA84F86D62252008E020898C
:10B0F00082280CD0E068401C09D084F86D623220B0
:10B1000084F86E0200200DF59C6DBDE8F08767683D
:10B11000208909217F1E4F2826D012DC0DF115034E
:10B12000262821D006DC1C287DD020287CD024288D
:10B1300015D119E0362828D04B2815D04D280ED12E
:10B1400085E0672810D006DC51286ED055280DD038
:10B15000582804D108E06F2806D07B2816D084F840
:10B160006D62202084F86E022846CCE79DF80A0024
:10B17000012877D19DF8100004F0F1FB0346FAB2E4
:10B1800094F86C120520D8F7F6FA93E04FF0000916
:10B190004D464FF0070A41E004EB050898F810000F
:10B1A0000E2807D00F280DD0B6FBFAF10AFB11606C
:10B1B000A0BB19E00026F8B24946D8F71EFF6D1C67
:10B1C000ADB22BE0B6FBFAF16D1C0AFB1160ADB21B
:10B1D00020BB09F1010000F0FF0900261EE000007D
:10B1E000301F0408D407006008F110009CA903F088
:10B1F000C4F898F81500912818D0B6FBFAF2FF2190
:10B200009DF87102CDE90001AD1DADB29DF870321F
:10B21000F8B24946D8F70CFFF61DF6B2D4F868022A
:10B22000A842B9DC46E01EE038E027E0B6FBFAF2BF
:10B2300098F816109DF87102CDE900019DF8703262
:10B24000F8B24946D8F7F4FEED1DADB2E4E79DF83B
:10B250000A00072816D1FAB294F86C120520D8F724
:10B26000FAFD27E00EE09DF80A0007280AD1FAB29D
:10B2700094F86C120520D8F7C8F91BE09DF80A0075
:10B28000012804D084F86D6284F86E126CE79DF892
:10B290001020F9B20520D8F785FD0BE0064940469D
:10B2A000FCF768FF04492044891D1030FCF762FF59
:10B2B0000028EBDD012557E7D60700602DE9FF4F99
:10B2C00091B09A46209F93465FEA000937D002F07A
:10B2D00034FE060037D039460BA8FDF737FD0022B3
:10B2E000012108A802F025FB40F23910DFF8D080D8
:10B2F00007FB00F108EB410408AB0BAA49462046C6
:10B3000002F094FA05461E98ADF804B0ADF80C00B2
:10B310001F980490CDF808A0601901AA314602F0E8
:10B32000F9FB05441299A8B288421ED20090234628
:10B3300008AA4946304602F03AFE3FB10DE000202F
:10B3400015B0BDE8F08F02F087FD12E041462A46B5
:10B350001C4804F00FF81C48057022462B4608A92B
:10B3600048460097FDF7B5FC03E0304602F081FD4A
:10B3700000263046E4E72DE9F0478AB08A46DDE949
:10B38000127680461D469146142103A804F00BF85E
:10B3900000200446089003AA08A94046FAF7E3FAF9
:10B3A00050B10898CDE9005781B202964B465246FB
:10B3B00003A8FFF783FF04460AB02046BDE8F087E4
:10B3C000BCCA0760F81205605C0200602DE9FF4FFF
:10B3D000ADF52B7D9B4603460020DDF8E4A28946AF
:10B3E0000646AA90BC9F9DAAAAA91846FAF7BBFADE
:10B3F000E8B302F0A2FD06003ED03946A5A8FDF74D
:10B40000A5FC00220121A2A802F093FA40F2391013
:10B41000DFF81C8107FB00F108EB4104A2ABA5AAF1
:10B420009DA9204602F002FA0546AD980290BB980D
:10B430000490ADF80490ADF80CB05246CDF86CA273
:10B4400005A8B89903F096FFBA988DF870026019B4
:10B4500001AA314602F093FE0544AA9885421DD206
:10B46000A8B200902346A2AA9DA9304600E003E0BE
:10B4700002F09DFD1FB109E002F0EEFC12E0414632
:10B480002A462C4803F076FF2B48057022462B46AF
:10B49000A2A99DA80097FDF71CFC03E0304602F02E
:10B4A000E8FC00260DF52F7D3046BDE8F08F2DE934
:10B4B000FF4FADF51B7D0E46DDE9A84BDDE9AA7A0D
:10B4C0004FF41678414605A8DDF8B09203F06BFF03
:10B4D0000025042E0AD0052E08D0032E06D0042005
:10B4E000A070002121706070A76006E00920A070A4
:10B4F00017F0FF4000D00120A06005AF3CB17819E3
:10B500002146FBF75BFE411941450FDA0544CDE9C1
:10B510000075CDF808B0CDE903A9DDE99D233146DA
:10B520009B98FFF753FF0DF51F7DBEE70020FAE75C
:10B53000BCCA0760F81205605C0200602DE9F04F9C
:10B5400016468846834689B01C461989DE48DA6863
:10B5500003F09FF8054603464246DB4958460096ED
:10B5600003F0FCFA36276FF0010978B301208DF85B
:10B570001C001F208DF81D002088ADF804006068B5
:10B5800002902089ADF80C00E0680490CE48059048
:10B590004FF41670069001A8FDF765FF00281CDA2D
:10B5A000811C14D0C11C12D09DF81D209DF81C10C8
:10B5B000C54803F0A2F8824608EB05025346C2498B
:10B5C0005846009603F0CAFA00B114E016E09DF860
:10B5D0001D10617409B0BDE8F08F08EB05010A1871
:10B5E000921CB2420ADA01EB0B030246B649184636
:10B5F00003F064F8824605EB0A00EBE767744846FF
:10B60000E8E72DE9FF4F97B0002583462C46A84672
:10B6100011A82499FDF79AFB002211460EA802F00A
:10B6200088F9249840F239114843A8490EAB01EB40
:10B63000400011AA0C90199902F0F8F80D901A9890
:10B64000007828B136208DF815006FF00108F2E07F
:10B650001A98017BDDE90C028618304602F0FDFFE6
:10B660000446189801AA411B0BEB050002F066FF87
:10B6700000286FDB284487B2BDF80400082806D1F3
:10B6800093490298884202D1FDF76EFB029001A90E
:10B690008D4802F0ECFF03464FF4167000903046E0
:10B6A0002246894903F05AFA0004000CCAD0044427
:10B6B000189801AAC11B0BEB070002F078FF0028C5
:10B6C00048DBBDF80C10384487B2082907D0692937
:10B6D00005D0502903D0A1F58070733870D104983B
:10B6E0000025401C25D07848049A02F0D2FF054678
:10B6F0004FF4167930462B4622467349CDF8009018
:10B7000003F02CFA0004000C9CD02C4432220221BD
:10B710006D4802F0F2FF054630462B4622466A4944
:10B72000CDF8009003F01AFA0004000C8AD02C44E3
:10B730005BE08946BDF8040006A9FDF7B1FE0020D4
:10B740004946B9F1080F06D069290AD0B9F1500F5E
:10B7500009D009E082E00999079808440B99084448
:10B7600002E0079800E009985FEA000A6DD03AE02D
:10B7700004443AE0DDF82CC0099B07994A464FF093
:10B78000FF30B9F1080F05D0692A16D0B9F1500F72
:10B7900017D01BE08D4201D2069915E0CA18AA42C3
:10B7A00002D9681A089905E002EB0C03AB420DD9E7
:10B7B0000A99A81A51F8200008E08D42ECD305E060
:10B7C00043E09D4202D2089951F82500ADF80C00E3
:10B7D000A1B2304601AB4FF41672FFF7AFFE00285E
:10B7E0003CDD04446D1C5545C4D30BEB070001211F
:10B7F000FCF714F800283FF45BAF7F1CBDB2324861
:10B8000002F098FF03464FF416700090304622462F
:10B810002D4903F0A3F90004000C87D004441898C4
:10B820008542FFF41EAF1A988068A042FFF60AAF67
:10B83000B8F1000F3DD018F1020F11D0B8F1FF3F61
:10B840001CD018F1030F27D033E0A1B2304601AB72
:10B850004FF41672FFF772FE002889DC8046E7E796
:10B860009DF8150001F024F802461A98017BDDE9E5
:10B870000C031844012301F02FF819E09DF815007E
:10B8800000901A989DF81430017BDDE90C021044F9
:10B890000E2201F087F80BE09DF8150002F006F982
:10B8A00002461A98017BDDE90C03184402F01EF9E8
:10B8B00004460D980EA92318249800900C9A199804
:10B8C000FDF707FA1BB086E6EC190560BCCA0760F5
:10B8D000FFFF3F002DE9F04FADF5277D0646012023
:10B8E00000248DF89402DDF8C0A21F208DF8980284
:10B8F0001878994693468846274620B136208DF819
:10B900007202A51E2FE0A8EB040081B2301901AA33
:10B9100002F099FF051E25DD2C4430190121641C1D
:10B92000FBF766FFD8B1A8EB040081B2301901AA79
:10B9300002F0D3FF051E15DD2C44A6AAA5A901A877
:10B94000FDF70BFD40B130190121FBF767FF00281F
:10B95000E9D0641C3FB902E00127BD1E03E0444565
:10B96000D1DB00E001275146A0A8FDF7EFF9002246
:10B9700011469DA801F0DDFF40F239110AFB01F0EC
:10B9800020499DAB01EB4004A0AA5946204601F096
:10B990004DFF0646002027B3A91C04D0691C0ED019
:10B9A000ED1C13D022E09DF8720200F081FF0246E8
:10B9B00099F80C10A019012300F08EFF16E099F8F9
:10B9C0000C10A01901AA03F088F80FE09DF872028C
:10B9D00002F06CF8024699F80C10A01902F086F8F3
:10B9E00004E099F80C10A01903F06DF83318224602
:10B9F0009DA95846CDF800A0FDF76BF90DF5277D00
:10BA0000BDE8F08FBCCA07602DE9F0478AB08946CF
:10BA1000824690461D46194604A8FDF797F9002274
:10BA2000114601A801F085FF40F2391105FB01F034
:10BA30004B4F01AB07EB400404AA5146204601F0EE
:10BA4000F5FE0646A0194246494603F0B1F8064401
:10BA500035B939463246434803F08CFC42480670FB
:10BA60002246334601A950460095FDF732F90AB047
:10BA7000BDE8F08770B586B00D46064614461146FF
:10BA80006846FDF759F923462A4631466846FFF7CE
:10BA9000BBFF06B070BD2DE9F0418EB00F46804669
:10BAA0001546114601A8FDF747F9294609A8FDF7F3
:10BAB0004DF90022114606A801F03BFF40F2391073
:10BAC000274E684306EB400406AB09AA01A92046AD
:10BAD00001F0ACFE20443A46414603F065F80746C3
:10BAE00035B9024631461F4803F044FC1E48077032
:10BAF00022463B4606A901A80095FDF7EAF80EB0DC
:10BB0000BDE8F08170B586B0054603A8FDF706FADA
:10BB1000FDF719FA08B1012400E00024FDF70CFA42
:10BB2000064603A9684601F032FC3146684601F03A
:10BB30008FFC24B16FF03B01684601F089FC684638
:10BB40002A46811DFFF7A7FFA3E73EB504466846D6
:10BB5000FDF7E4F968462246811DFFF78BFF3EBDE5
:10BB6000BCCA0760F81205605C020060002801D0C2
:10BB70006F49016070470B2801D2012070470020F7
:10BB800070476C4800787047401C7047401E7047F3
:10BB900010B500210A2804D2C2B20A20D7F702F950
:10BBA0000146084610BD10B50A2807D2C2B20B469E
:10BBB00000210A20D7F7DFFD012010BD002010BDB5
:10BBC0002DE9F043ADF5177D994606461346DDE9AC
:10BBD0009E540020491E471E0A464FF002084B2B78
:10BBE00009D04D2B0CD04F2B0FD0552B12D085F8F0
:10BBF000008020202DE080213046FBF75EFF20E012
:10BC0000C9B20A20D6F78CFE13E080213046FCF73B
:10BC100015F916E0042A07D20846FFF7B9FF0146D6
:10BC20003046FCF7B8F90CE00DD14FF00400D8F71E
:10BC30002CFF0146684600F0D3FF69463046FBF70B
:10BC4000F9FF002807DBB9F1FF3F04D085F8008039
:10BC50003220207038460DF5177DBDE8F0832DE9C0
:10BC6000F04104464068ADF51A7D401E15460E466B
:10BC700000278046FFF77FFF68B16A4604F1100095
:10BC8000D4F86812FBF7DDF801004FF0020006D58A
:10BC9000307025200BE0012030701F2007E0228942
:10BCA000572A0AD0E168491C07D03070322028702A
:10BCB00000200DF51A7DBDE8F08109230DF10D017D
:10BCC0004D2A21D0552A04D03070202028703846C3
:10BCD000EFE7B8F1040F0DD29DF80210042906D148
:10BCE00094F86C2240460299FFF75DFF0AE030703D
:10BCF0002B70ECE7EBD19DF80220072AF7D1042046
:10BD0000D8F718FF0127E2E79DF80220072A04D0A0
:10BD100084F86D0284F86E32D9E794F86C020B4611
:10BD2000014608F0FF020020D8F795F8EAE7000086
:10BD3000641F0408E207006008B1CD4B036011B135
:10BD4000CB4824300860002A02D0C948001F106088
:10BD500070470146C7480078421C914200D208460D
:10BD600070477047C3480078704700B5FFF7F1FF90
:10BD7000C0490978491C884201D2012000BD002039
:10BD800000BD10B50123FFF7E4FFBA4909788842E6
:10BD900007D2C2B200210B20D7F704F803F01BFE34
:10BDA0000346184610BD70B50D460026FFF7D1FFBB
:10BDB000B0490446097888420FD275B1E0B2D8F78D
:10BDC000CEFDA84209D3284603F0C9FD0346E2B2DE
:10BDD00000210B20D7F7CFFC0126304670BD70B58F
:10BDE0000D460026FFF7B5FFA249044609788842B0
:10BDF0000BD255B1E0B2D8F7B2FDA84205D36D1E03
:10BE0000E9B2E0B2D8F7D3FD0646304670BD2DE961
:10BE1000F04116460C4607460025FFF79AFF954964
:10BE2000097888420BD254B1C0B2D8F798FDA0422D
:10BE300005D3611E012532463846D8F7D1FD284684
:10BE4000BDE8F0812DE9F04FADF51B7D8146DDE9C0
:10BE5000A4861D46924600240846FFF77AFF024654
:10BE60005046BAF14D0F1DD009DC1C281FD02428E4
:10BE700047D04A2861D0BAF14B0F09D10DE04F28C5
:10BE800022D0552822D06E2846D0BAF16F0F21D08B
:10BE9000022088F80000202088E013214846FBF7A4
:10BEA0000CFE37E0D1B20B20D6F73AFD03E0D1B259
:10BEB0000B20D6F784FC0146684600F091FE6946E7
:10BEC0004846FBF7B7FE25E013211BE01046FFF7BD
:10BED00058FF1BE096A800F0C5FD0022114696A869
:10BEE00000F0C9FD0022012196A800F0C4FD002247
:10BEF000022196A800F0BFFD96A94846FBF76CFD0D
:10BF000008E000214846FBF799FF03E00146484658
:10BF1000FBF763FF044631E07DB1681C104610D08A
:10BF2000FFF717FF0446C0B2D8F719FDA84239D36E
:10BF300029462046FFF753FFBDE7D0B2D8F70FFDE3
:10BF4000E4E7FFF706FF8346012711E0394658462C
:10BF5000FFF745FF0146684600F042FE09EB04008A
:10BF60006946FBF767FE0444B4F5167F15DA7F1CBB
:10BF70000BF0FF00D8F7F3FCB842E7D2002C18DB37
:10BF8000BAF16E0F15D0BAF1570F12D06D1C10D048
:10BF9000022088F80000322008E0052188F800100F
:10BFA000122003E0022088F800002A2030704FF0B1
:10BFB000FF340DF51B7D2046BDE8F08F2DE9F043E1
:10BFC0000446ADF51B7D15460E464FF0000840684F
:10BFD000FFF7BFFE6A4604F11000D4F86812FAF7C2
:10BFE00030FF02274FF02509002803DA377085F863
:10BFF00000900AE020896E280CD057280AD0E1680A
:10C00000491C07D037703220287000200DF51B7DA9
:10C01000BDE8F0834F2825D006DC1C2822D0242838
:10C0200020D04A2806D11DE0552806D06E2819D008
:10C030006F2817D03770202016E004F26E235A1EA6
:10C0400002216846FEF70EFC5FEA00080DD0029957
:10C050006068FFF7A8FE5FEA000806D1377085F830
:10C06000009002E03770282028704046CEE700009C
:10C070007C1F0408E3070060704770472DE9F04714
:10C0800008220025431EDCB26308FC4EFC4F768874
:10C09000A7F1280C2A2E7CD3032B52D84FF0640929
:10C0A00003EB031307F5B07606EB4306338C8B42A4
:10C0B00004D307EBC4004068BDE8F08733888B42A7
:10C0C00002D857F83400F7E7082337E036F8138032
:10C0D00088451ED8A3F1010A36F81AA08A4518D35C
:10C0E0005B1E5A1C36F8135036F81220AA1A002A82
:10C0F000E2D0681A00FB09F090FBF2F003FB0901A3
:10C100005CF82400484390FBF9F057F834100844D9
:10C11000D2E702B9012502EBD2725210884501D94B
:10C12000134400E09B1A002B02DC57F83400C3E7ED
:10C13000102B03DB07EBC4004068BDE7002DC5D022
:10C14000C3E06426CE4AFA3213888B4202D357F8F2
:10C150003400B1E7B2F864308B4203D807EBC40077
:10C160004068A9E74FF47A78DFF8189359E0538EC6
:10C170008B422CD2192332F813A08A4522D803F11E
:10C18000010A32F81AA08A451CD35D1C32F815A0AA
:10C1900000E049E032F81350AAEB05026AB1481BEF
:10C1A000704390FBF2F003FB06015CF82400484367
:10C1B00090FBF6F057F83410084490FBF8F1A9F81A
:10C1C000101079E75B1CDBB2322BD4D329E00023BB
:10C1D00032F813A08A4520D803F1010A32F81AA0D8
:10C1E0008A451AD35D1C32F815A032F81350AAEB19
:10C1F00005026AB1481B704390FBF2F003FB060195
:10C200005CF82400484390FBF6F057F834100844DB
:10C2100090FBF8F1A9F812104EE75B1CDBB2192B6A
:10C22000D6D3002DA3D050E04FF06409944E03EB19
:10C230000313503606EB4306338C8B4203D307EBD4
:10C24000C400406838E733888B4202D857F834007E
:10C2500032E7082337E036F8138088451ED8A3F16B
:10C26000010A36F81AA08A4518D35B1E5A1C36F804
:10C27000135036F81220AA1A002AA2D0681A00FB1E
:10C2800009F090FBF2F003FB09005CF82410414335
:10C2900091FBF9F057F8341008440DE702B9012575
:10C2A00002EBD2725210884501D9134400E09B1A68
:10C2B000002B02DC57F83400FEE6102B03DB07EB03
:10C2C000C4004068F8E6002DC5D00020F4E62DE952
:10C2D000F0410B460121143800B2C0EB00106A4A4D
:10C2E000C0EBC000841801EB410004EB40020932AE
:10C2F000B2F90000FFF7C1FE984207D1D2F8020060
:10C30000FFF7BAFEBDE8F04103F020BB32F9060C9E
:10C31000FFF7B3FE984207D152F8040CFFF7ACFECA
:10C32000BDE8F04103F012BBB2F90000FFF7A5FE33
:10C33000984208DD32F9060CFFF79FFE984202DAB8
:10C34000491E09B203E0491C09B20E29CBDD0F29B1
:10C3500022DB0F34B4F9001034F9060C81420DDDF4
:10C36000984205DB54F8040CBDE8F04103F0EEBA46
:10C37000D4F80200BDE8F04103F0E8BA984205DCC9
:10C3800054F8040CBDE8F04103F0E0BAD4F8020020
:10C39000BDE8F04103F0DABA01EB410004EB4004E0
:10C3A0000934B4F90600FFF768FE0146B4F900004D
:10C3B000FFF763FE081A06B2344F96B1B4F90000D5
:10C3C000FFF75BFE181A03F0C1FA394603F0D3F900
:10C3D0000546304603F0BAFA0146284603F0FDF957
:10C3E0000546A068FFF748FE0146D4F80200FFF7B3
:10C3F00043FE081A03F0AAFA014611F0FF4F10D0CD
:10C40000284603F0B8F9394603F0E7F90546D4F8B1
:10C410000200FFF731FE03F099FA294603F053F9C1
:10C4200005462846BDE8F0812DE9F05F002601278A
:10C43000174C124840882A2800D304274FF0040ADA
:10C44000DFF850804FF47A7B4FF00009E6E1304688
:10C45000E2F74CFE00285AD0E2F7DEFDB04279D96F
:10C4600094F82D00A0F11401042918D894F92300A0
:10C47000011111D0000908F8060025E036BA026063
:10C48000D41F04087C5B0460441C056000007A44EF
:10C49000511E0560D129056008F806A014E094F843
:10C4A0002810A9B30B2837D0112835D0132837D03E
:10C4B000102835D00D2837D0122835D0092837D08C
:10C4C0000A2835D008F806A094F8230000F00F00E1
:10C4D00018F8061040EA011084F82300E2F7A2FDE4
:10C4E000B0426ED984F8249084F8259084F82A907C
:10C4F000CD4918F806008A5D904203D08855304631
:10C50000E2F7BCFC94F92700B0B101287ED082E1AB
:10C51000FFE708F806A0D7E7022008F80600D3E7EF
:10C52000032008F80600CFE7012008F80600CBE753
:10C53000052008F80600C7E794F82D00002866D00B
:10C540003046E2F7B5FC054694F9280018B10128F9
:10C550003AD006E153E114F8230F00F0F000207008
:10C56000A07A233CA0F10C010A2908D8B5EB472F8B
:10C5700001D9012100E0002184F8261007E0B5EB85
:10C58000472F01D3012100E0002184F8261017383D
:10C59000072807D8B5EB472F01D3012000E0002082
:10C5A00084F8260094F8260008B1584600E00020E0
:10C5B000FFF762FDC4F81E0094F8260010B15D4636
:10C5C000CFE00BE10025CCE014F8230F00F0F000E1
:10C5D0002070A07A233C1E2839D2DFE800F0B40F87
:10C5E0000F0F0F0F0F0F0F3939616D737AAB818108
:10C5F00087679797979797ABB4B4B4B03046E2F794
:10C6000057FC07EB4701C1EBC71101E0DFE0BBE0DE
:10C61000B0EBC10F08D994F8230000F0F00040F00F
:10C62000010084F823000CE03046E2F741FC1428B6
:10C6300007D294F8230000F0F00040F0020084F8E4
:10C640002300A9B294F82D00FFF718FD05467AE003
:10C650003046E2F72DFCB0F57A6F08D994F8230044
:10C6600000F0F00040F0010084F8230011E03046B3
:10C67000E2F71EFC07EBC70101EB0711B0EB410F1E
:10C6800007D294F8230000F0F00040F0020084F894
:10C690002300A9B294F82D00FFF7F0FC054652E004
:10C6A000B5FBF7F0E2F710FC05464CE0B5FBF7F000
:10C6B000E2F734FC054646E05C484543B5FBF7F03D
:10C6C000850A40E044F620604543B5FBF7F0850A53
:10C6D00039E044F620604543B5FBF7F0850A32E0C7
:10C6E00052484543B5FBF7F0850A2CE0B5FBF7F05F
:10C6F000CC2801D2002526E0B5FBF7F04B49CC3819
:10C7000048434FF44C71B0FBF1F51CE0B5FBF7F179
:10C710003046E2F728FC6421B0FBF1F194F82D00DB
:10C7200009B2FFF7D4FD424903F025F803F053F9AD
:10C73000054608E03046E2F7DBFC054603E03046FC
:10C74000E2F779FD054694F8290080B194F82C00B1
:10C7500094F82B1000EB01206FF01801484305EB13
:10C7600080052846FFF788FCC4F81E0053E094F8C3
:10C770002C0094F82B1000EB012000EBC00101EB22
:10C78000001005EB8005ECE794F8230000F0F000C2
:10C7900084F82300E2F746FCB04210D93046E2F7B5
:10C7A00087FBB0FBF7F040F6B831484340F2FF3169
:10C7B000B0FBF1F0FFF760FCC4F81E002BE0304640
:10C7C000E2F776FBFFF758FCC4F81E0023E094F86C
:10C7D000230000F0F00084F823001CE03046E2F76C
:10C7E0007EFDC0B984F8249084F8259084F82A90BE
:10C7F00094F8230000F0F00084F823000BE084F8A4
:10C80000249084F8259084F82A9094F8230000F06E
:10C81000F00084F82300761CF6B22E34402EFFF48C
:10C8200016AEBDE8F09F0000F1290560A08601006A
:10C8300000007A442DE9F04100251C4C0026012718
:10C8400030E0E2F7ECFBA84223D9E2F71DFCA84256
:10C8500005D92734A670E670267104F8276994F884
:10C86000280008B9C4F81E602846E2F764FD0128D4
:10C870000BD004F8296F6670A670293CE2F704FC1F
:10C88000A8420CD884F8277009E02846E2F726FD74
:10C8900005E02734A670E670267104F827796D1C30
:10C8A000EDB22D34402DCCD3BDE8F081112A0560C6
:10C8B000014600203339052905D2DFE801F00305E0
:10C8C00007090B00012070470220704703207047C2
:10C8D000042070474020704710B5002438B10BB1D8
:10C8E000712300E07023037041708270032420469E
:10C8F00010BD10B5002429B10AB1017811700BB137
:10C9000040781870204610BD10B50022002816D0BF
:10C91000002914D00B7803708B1884185B78521C94
:10C920006370072AF8DB0A8902818A7A8272002200
:10C930008B188418DB7A521CE372072AF8DB10BDCF
:10C9400070B5002288422BD004890B899C4221D1EA
:10C95000837A8D7AAB421DD1072B09D9072307E0D3
:10C9600085188E18ED7AF67AB54213D1521CD2B2E0
:10C970009A42F5D3A4B903780A7893420AD1072BD7
:10C9800000D90723002209E084188D1864786D7897
:10C99000AC4201D0002070BD521CD2B29A42F3D3F7
:10C9A000012070BD70B50400049E4FF000000DD052
:10C9B000502020706170A270E01C1946FBF73EFA0F
:10C9C000C51C60193146FBF739FA284470BDFEB525
:10C9D000044600201E4617468DF800000190029084
:10C9E00000291DD0204601AA6946FAF757FE0546E0
:10C9F0009DF80000092812D1601902AA0199FBF7DD
:10CA0000FAF905440FB102983870601901AA694615
:10CA1000FAF744FE05449DF80000092801D00020E3
:10CA2000FEBD601902AA0199FBF7E5F92844002E22
:10CA3000F6D002993170FEBD70B50024DDE90456D0
:10CA400002290CD90AB1047814700BB142781A701B
:10CA500033462A46801C891EFFF7B9FF044620464C
:10CA600070BD00000022027011464318491C5A7024
:10CA70000F29FADB704770B5CB0801250F2B11D2B7
:10CA800006784C1CA64200D204705B4201EBC30343
:10CA900000EBD1009D404178EBB20AB1194300E0B0
:10CAA0009943417070BD30B504460020CA08012387
:10CAB000782909D25542224401EBC5018B405278B6
:10CAC000D9B20A4200D0012030BD0078704701463B
:10CAD00000200978002903D0491EC1F3C400401C7E
:10CAE000704702004FF0000003D00F2901D2501808
:10CAF0004078704703004FF0000004D00F2902D2A5
:10CB0000581842700120704703004FF0000003D016
:10CB1000C2EBC100187001207047002800D07820B7
:10CB2000704710B5002258B151B10A780270002246
:10CB30008B1884185B78521C63700F2AF8D301227B
:10CB4000104610BD70B5002200B304780B789C42EB
:10CB50001CD17F2C1AD8E30804F00704C4F108059F
:10CB6000FF24EC4006E085188E186D787678B54283
:10CB70000CD1521C9A42F6DB18441944407849788B
:10CB800020402140884201D1012070BD002070BDAD
:10CB9000F0B5002510B300240460017140F251216A
:10CBA0008B421BD84D1C4FF000018AB1461D9942A3
:10CBB00008D2D0F800C0575C0CF8067007687F1CDC
:10CBC000076001E047187C71491CA942EFD304E0DB
:10CBD0004218491C5471A942FAD301252846F0BDD8
:10CBE00070B505460C0003D0084602F003FC00E0D7
:10CBF0000020034622462846BDE870400021C7E7D2
:10CC000001004FF0000000D00868704701004FF0AD
:10CC1000000000D0481D704701004FF0000000D018
:10CC20000879704730B504460D460846FFF7E8FF1F
:10CC300003462846FFF7EAFF02462846FFF7ECFFC7
:10CC400001462046BDE83040A2E730B5A8B1A2B108
:10CC5000137993B913688B420FD200231C4608E066
:10CC600015689D4203D9D5186D79C55400E0C454A8
:10CC70005B1C8B42F4D3012030BD002030BD70B569
:10CC800003460020E1B1BBB10C681A68944212D18E
:10CC90000A791D79AA420ED10120002207E08D18E1
:10CCA0009E186D797679B54200D00020521C9442CE
:10CCB00001D90028F3D170BD096804E0012070BDDE
:10CCC000002BFCD019680029F8D070BD70B50E009B
:10CCD00005464FF000041AD00846ADB102F08AFBB9
:10CCE0002968884217D12879A8B90124002006E0D4
:10CCF0002B18325C5B799A4200D00024401C8142A0
:10CD000009D9002CF4D106E002F074FB01E015B162
:10CD1000006800B90124204670BD70B5002388B1B9
:10CD2000046840F251251444AC420BD8451D06E07E
:10CD30000668CC5C74550468641C5B1C04609342F8
:10CD4000F6D30123184670BD02004FF0000005D055
:10CD500040F25123994201D801201160704701002F
:10CD60004FF0000001D040F25120704702004FF018
:10CD7000000001D011710120704730B502004FF062
:10CD8000000013D0107900284FF001000ED1136875
:10CD9000002140F252248B4208D955186D79203D6C
:10CDA0005F2D00D30020491CA142F4D330BDF0B563
:10CDB000461871B3022541E002785AB3802A3CD369
:10CDC0000323B3EB921F34D17E4B9B5C994230D34B
:10CDD00010F8014FC91AB5EB941F2AD1062B2AD29D
:10CDE000DFE803F02903070C111912F03E0F20D0E1
:10CDF00023E0E02A1FD1A2061BD51CE0F02A1AD19D
:10CE000004F0300203E0F82A15D104F038020AB128
:10CE100011E015E00DE0FE2A0BD0FF2A09D0FC2A14
:10CE200009D104F03C02F2E710F8012FB5EB921F94
:10CE300001D00020F0BD5B1EF6D1401CB042BBD338
:10CE40000120F0BD10B501790024062906D221B9D0
:10CE500050F8051BFFF7ABFF00B10124204610BDC1
:10CE6000F0B50025F8B1002440F2522304609A4244
:10CE700019D881B10023051D0AE006D20768CE5CEF
:10CE80007E550668761C066001E0C61834715B1C8E
:10CE90009342F2D306E000EB010201F101011471AB
:10CEA0009942F8D301252846F0BD30B5464B002203
:10CEB0001C88464B1B781C4440F252239C4202D2F1
:10CEC0000123046009E000210160084630BD8C5C4C
:10CED0008518521C2C71046892B29442F7D81846F7
:10CEE00030BD01004FF0000000D00868704701001D
:10CEF0004FF0000000D0081D704710B503460C46E7
:10CF00000846FFF7EEFF02462046FFF7F0FF014616
:10CF1000BDE810401846A3E710B5002362B158B130
:10CF200014688C4208D3002103E053181B79435442
:10CF3000491C13688B42F8D8184610BD70B5002301
:10CF400088B1046840F252251444AC420BD8051D48
:10CF500006E00668CC5C74550468641C5B1C0460C5
:10CF60009342F6D30123184670BD02004FF0000033
:10CF700005D040F25223994201D801201160704738
:10CF800001004FF0000001D040F25220704730B550
:10CF90000022A0B199B103680C68A3420FD140F2FE
:10CFA0005224A34207D90AE084188D1824792D79D8
:10CFB000AC4204D1521C9342F6D8012030BD00206F
:10CFC00030BD0000DE2104085802006052020060FB
:10CFD000414081EA410080EA810080EAC10080EAA4
:10CFE000011080EA411080EA811080EAC11101F04D
:10CFF000FE00C1F3002148407047CAB24240080A0F
:10D0000080EA022080EAC20080EA023080EA12113F
:10D0100002F00F00414081EAC01080B2704700006A
:10D0200081070CD16421B0FBF1F201FB120141B97F
:10D030004FF4C871B0FBF1F201FB120008B10020FF
:10D0400070470120704730B58DB00C46054634223C
:10D05000F949684602F08EF90023022C05D12846D2
:10D06000FFF7DEFF08B11D2304E0601E0B2801D886
:10D070001DF824300DB0184630BD70B51546064673
:10D080000024FFF7E0FF40F26C718E4204D318B128
:10D0900015B1854200D80124204670BD10B500218D
:10D0A00028B1C27881780088FFF7E7FF014608467B
:10D0B00010BD2DE9F04117460E4680460025FFF7CA
:10D0C000DCFF58B1012406E021464046FFF7BBFFD4
:10D0D000641C0544E4B2B442F6D33D442846BDE89E
:10D0E000F0812DE9F04116460F4605460024FFF772
:10D0F000C4FFA0B140F26C7308E0184604F26D144E
:10D10000FFF78EFF00B1641C5B1C9BB2AB42F4D3F3
:10D11000324639462846FFF7CCFF0444641E2046B9
:10D12000DDE710B5FFF7DDFF0721B0FBF1F201FBF2
:10D130001200401C10BD70B516460D46040008D004
:10D140002580A670E3701A4631462846FFF7E9FFAE
:10D15000207170BD2DE9FC478946002192460446A6
:10D160008DF804108DF8001001AF6E460125884639
:10D1700006E029464846FFF766FF241A6D1CEDB20B
:10D1800029464846FFF75FFFA042F2D308EB0400B0
:10D19000C0B207B13D7006B130709DF800309DF807
:10D1A000042049465046FFF7C6FFBDE8FC8710B58E
:10D1B000002128B1C27881780088FFF77AFF014604
:10D1C000084610BD10B5002128B1C27881780088CA
:10D1D000FFF787FF0146084610BD3EB500220C460A
:10D1E000ADF808208DF804208DF800206B4601AAC8
:10D1F00002A900F029FA9DF800309DF80420BDF83E
:10D2000008102046FFF797FF3EBD002160B102786D
:10D21000182A09D242783C2A06D282783C2A03D2C4
:10D22000C078642800D201210846704710B50C462A
:10D23000FFF734FF28B12046FFF7E7FF08B10120D0
:10D2400010BD002010BD02004FF000000CD00029DE
:10D250000AD010880B88C01A06D190788B78C01A33
:10D2600002D1D078C978401A704702004FF0000010
:10D2700010D000290ED010780B78C01A0AD150783F
:10D280004B78C01A06D190788B78C01A02D1D0782A
:10D29000C978401A704730B50D460446FFF7D3FFF2
:10D2A000002804D1A91DA01DBDE83040DDE730BD38
:10D2B00030B502004FF000001AD0002918D01488B1
:10D2C00040F66B05AC4204D00B88AB4201D0E01AAB
:10D2D0000ED19378FF2B04D08C78FF2C01D0181B33
:10D2E00006D1D278FF2A03D0C978FF2900D0501A7E
:10D2F00030BD10B502004FF0000020D000291ED034
:10D300001378FF2B04D00C78FF2C01D0181B16D1FA
:10D310005478FF2C04D04B78FF2B01D0E01A0ED1AB
:10D320009478FF2C04D08B78FF2B01D0E01A06D123
:10D33000D278FF2A03D0C978FF2900D0501A10BD37
:10D3400030B50D460446FFF7B3FF002804D1A91DF0
:10D35000A01DBDE83040CCE730BD002809D0002931
:10D3600007D00A8802808A788270CA78C2700979E8
:10D3700001717047002809D0002907D00A7802708F
:10D380004A7842708A788270C978C170704710B547
:10D390000B460446891D801DFFF7ECFF2046BDE8C3
:10D3A00010401946D9E710B50028029C03D001703F
:10D3B00042708370C47010BD002913D0002A11D0B0
:10D3C00000280FD0137883715378C3719378037258
:10D3D000D27842720A8802808A788270CA78C270D3
:10D3E0000979017170472DE9F0479046DDE909653B
:10D3F000DDF82C90089F8C4604000FD0A4F800C0E4
:10D4000084F80280E3701A4641466046FFF789FEC1
:10D410002071A771E671257284F80990BDE8F08744
:10D4200010B5002128B182784178007800F04BF9DE
:10D430000146084610BD0000E0220408002128B182
:10D4400001784078C1EB011100EB810188B270478F
:10D450002DE9F0410E460446027AC179807900F048
:10D4600032F93C27B0FBF7F52046FFF7ABFE4FF44F
:10D47000B46296FBF2F10844A1EB011101EB41010A
:10D4800016EB41112DD54942A94204D9C1F5B46129
:10D490002944401E09E0691AB1FBF2F21044A2EBE4
:10D4A000021202EB420201EB4211C1EB01118D00AD
:10D4B0004FF46163B5FBF3F3DBB26FF0E00603FBFF
:10D4C00006F605EB0615B5FBF7F5A21D04F10701FD
:10D4D000EDB200D0137001B10D702146BDE8F041EE
:10D4E0007BE62944D8E70021D0B10288A2F5006389
:10D4F0006B3B15D18278FF2A12D1C278FF2A0FD157
:10D500000279FF2A0CD18279FF2A09D1C279FF2A38
:10D5100006D1027AFF2A03D1407AFF2800D10121E7
:10D52000084670470021B8B10288A2F500636B3B42
:10D5300011D082780C2A0ED8C2781F2A0BD8827993
:10D54000FF2A08D0C279FF2A05D0027AFF2A02D02A
:10D55000407AFF2800D1012108467047002806D0F4
:10D5600040F66B010180FF218170C170017170472D
:10D57000002804D0FF21017041708170C170704794
:10D5800000B5020005D0FFF7E9FF901D5DF804EB40
:10D59000EEE700BD70B506000D464FF000000AD062
:10D5A000002D08D03046FAF7B1FD04463019A91D08
:10D5B000FAF73BFD204470BD2DE9F0410400174609
:10D5C0000E464FF000000FD0002F0DD02046FAF786
:10D5D00006F8054660193946FFF7DCFF0544601977
:10D5E0003146FAF70FF8284479E52DE9F0410F4666
:10D5F0000546FAF7BFFD411C4FF0FF3608D0044640
:10D600002819B91DFAF743FD411C01D0204466E5F5
:10D61000304664E52DE9F04114460F460546FAF719
:10D62000E7F84FF0FF3668B1681C2146FFF7DDFFD1
:10D63000411C07D00C4628193946FAF7EFF808B113
:10D64000601C4CE530464AE52DE9F0471F460125B0
:10D6500090468946044640F26C76AA4640F26D1325
:10D660004FF4B67C0EE03046FFF7DAFC08B19C427E
:10D6700012D03046A4F26D14FFF7D2FC00B1641E44
:10D68000761CB6B26445EED806E029463046FFF770
:10D69000DAFC241A6D1CEDB229463046FFF7D3FCA4
:10D6A000A042F2D90AEB0400C0B2B9F1000F01D0D8
:10D6B000A9F80060B8F1000F01D088F80050002FE1
:10D6C00000D03870AAE6C0EB001001EB8000C0EB80
:10D6D000001002EB800070472DE9F0410400069E27
:10D6E000984617464FF0000018D0102020700020F8
:10D6F00060700A46A01C0821FAF7DFF9851C601942
:10D700003946FAF76AFB054460194146FAF796FB79
:10D71000054460193146FAF760FB2844BDE8F08102
:10D720002DE9F04786B004460020DDF83890904699
:10D730000E46ADF8000001908DF8080003900490AB
:10D740001D46204603AA02A9F9F7A8FF07469DF83F
:10D7500008004FF0FF3A0C284BD1E01901AA6946A6
:10D76000FAF761F90744BDF80000082841D10EB16D
:10D7700001983060E01903AA02A9F9F78FFF3E185B
:10D780009DF80800022834D1A01904AA0399FAF7D9
:10D79000B8FA0644B8F1000F02D00499C8F8001096
:10D7A000A01903AA02A9F9F779FF06449DF8080019
:10D7B00009281ED1A01904AA0399FAF71CFB0644F4
:10D7C0000498042815D205B12860A01903AA02A95B
:10D7D000F9F764FF35189DF80800022809D160198F
:10D7E00004AA0399FAF78DFA04992844B1F5803F09
:10D7F00003D3504606B0BDE8F087B9F1000FF9D069
:10D80000A9F80010F6E700280FD000290DD00A78FB
:10D8100002704A7842708A788270CA78C2708A88A8
:10D820008280CA88C280097A017270472DE9F04768
:10D830004FF00004984616460F460500A14675D0E5
:10D84000B8F1000F72D098F80000287000206870BE
:10D8500098F8020008B1802068702FB1388918B19B
:10D86000687840F0200068703EB1308928B1B07A05
:10D8700018B1687840F00800687098F8010018B195
:10D88000687840F00400687098F80310687801F038
:10D890000301084368700224BFB13989A9B1A81CEB
:10D8A000FAF79AFC801CB97A2954441CB87A48B912
:10D8B0000BE007EB0900C07A285509F1010000F0E0
:10D8C000FF09641CB97A4945F3D8BEB13189A9B1C1
:10D8D000B07A98B12819FAF77FFC0444B07A285539
:10D8E000B07A641C50B1002005E03118401CC97AA0
:10D8F0002955C0B2641CB17A8142F6D82FB138895B
:10D9000018B198F808002855641C98F8020068B10E
:10D9100098F804002855B8F80400641C802805D342
:10D92000B8F806102819FAF757FC04442046BDE859
:10D93000F08700280BD04170012101700021817017
:10D940004FF480738380C180C270FF2101727047E1
:10D950002DE9FC5F4FF00004994617468846050004
:10D960002646A246ADF80040ADF804407DD0B9F19E
:10D97000000F7AD0297889F8001068780224C1094C
:10D9800089F8021068784FF0FF3BC0F3800189F8F6
:10D990000110687800F0030189F8031068788006A8
:10D9A00020D5A81C01A9FAF71CFC841C285D641C66
:10D9B000B8F1000F05D0BDF80420A8F8082088F8B9
:10D9C0000A00F0B107282ED809E0295D641CB8F1DF
:10D9D000000F02D008EB0602D172761CF6B2864226
:10D9E000F3D30EE0B8F1000F0BD0A8F808A0504612
:10D9F00088F80AA008EB0601761CF6B2C872072E5A
:10DA0000F8D3687800071DD528196946FAF7E9FBAD
:10DA10000444295D641C1FB1BDF800003881B9724F
:10DA200011B3072902D95846BDE8FC9F002006E043
:10DA30002A5D641C0FB13B18DA72401CC0B28842E8
:10DA4000F6D311E087B13889A0F57F41FF3901D0C5
:10DA5000A7F808A0514687F80AA000203A18401CF1
:10DA6000C0B2D1720728F9D300E018E0BDF8040075
:10DA700020B1295D89F80810641C01E089F808A02C
:10DA800099F8020060B1285D641CA9F804008028A0
:10DA90000AD3281909F10601FAF7A3FB044403E0AD
:10DAA0004FF48071A9F804102046BDE7014600201C
:10DAB0003B390A2907D2DFE801F00507090B0D0FF2
:10DAC000111315170120704702207047032070477B
:10DAD00004207047052070470620704707207047D4
:10DAE000082070470920704740207047002320B16C
:10DAF000602303704170827003231846704710B58D
:10DB0000002429B10AB1017811700BB14078187066
:10DB1000204610BD70B5040016460D464FF00000BB
:10DB200019D020704FF41671F9F7B0FC6070A57031
:10DB30000C20E07032880425B2F5806F05D2201DDC
:10DB400000217368F9F7A8FF051D328960190121CA
:10DB5000FAF782F9284470BD2DE9F04385B04FF003
:10DB600000050F46064614008DF800500195ADF8EB
:10DB7000085003956FF0020904953FD0072F02D299
:10DB80003F2050763EE030460021F9F706FE4FF088
:10DB90003E0890B1701C221D02A9F9F744FF451CF4
:10DBA000BDF808002080701901AA6946F9F776FDD2
:10DBB00005449DF80000012802D084F8198021E076
:10DBC000701903AA0199FAF716F905440398208100
:10DBD000BD421BD2701901AA6946F9F75FFD0544E1
:10DBE0009DF800000228E8D1BD42E6D2701904AACF
:10DBF0000199FAF786F805440498E060BD4208D21E
:10DC000041206076484605B0BDE8F0834FF0FF3014
:10DC1000F3E72846F7E770B5040016464FF000001A
:10DC20001ED03020207061700C20A0703288E01C63
:10DC300000217368F9F730FFC51C32896019012192
:10DC4000FAF70AF9F2680544501C04D06019022161
:10DC5000FAF7A7F8054460190321F9F7C0FC284436
:10DC600070BD02004FF0000003D003211046F9F709
:10DC7000C9BC70472DE9F04106004FF0000517467A
:10DC8000284611D03046FFF7C6FF044604E0386945
:10DC9000405D3055641C6D1C7869A842F7DC301972
:10DCA0000321F9F7AFFC2044BDE8F0812DE9F041F4
:10DCB000044686B000200F468DF800000190ADF8B4
:10DCC000080003900146049015462046F9F765FDCB
:10DCD0004FF0FF3898B3601C2A1D02A9F9F7A3FE84
:10DCE000461CBDF808002880A01901AA6946F9F76A
:10DCF000D5FC06449DF8000001282BD1A01903AAE9
:10DD00000199FAF778F8064403982881A01901AA26
:10DD10006946F9F7C3FC9DF80010022910D0C5F838
:10DD20000C80A0190321F9F763FD40B1761CA019FE
:10DD30002861B81B401E6861384606B0B4E709E0A8
:10DD40000644A01904AA0199F9F7DBFF06440498D8
:10DD5000E860E6E74046F0E72DE9F0413D4C054636
:10DD600086B001200F46207016469846194601A835
:10DD7000FAF7ECFF0020207041463846FAF7DCFF46
:10DD8000002211463046FFF7D4FD334601AA39463A
:10DD90002846FFF74BFD0446FAF7FDFF0646FAF763
:10DDA000E3FF0146281903234FF416720096FFF78C
:10DDB00093FC06B02044BDE8F08130B589B00C4634
:10DDC0000B46054606AA01A9FFF7C6FF03462A46E9
:10DDD00006A901A80094FAF77CFF09B030BDF0B5A0
:10DDE00087B005461C46174610460C9EFEF78CFD74
:10DDF000314601A8FAF7AAFF002211462046FFF794
:10DE000098FD234601AA39462846FFF70FFD044630
:10DE1000FAF7C1FF0646FAF7A7FF014628190323C0
:10DE20004FF416720096FFF757FC07B02044F0BD80
:10DE300030B589B014460092054606AB01AAFFF73B
:10DE4000CEFF03462A4606A901A80094FAF741FF2F
:10DE5000C3E700000D0200600020984B02465321EA
:10DE6000414303EBC101401C4A710A71FF28F6DBF4
:10DE7000704710B500F010F9FF2807D20021532297
:10DE800050438E4A02EBC0004171017110BD2DE973
:10DE9000F0470025DFF824820746A946532005FBFA
:10DEA00000F608EBC604617901291BD16088B842ED
:10DEB00005D9C01B0004000C608002D012E0A4F859
:10DEC0000290F8F727F818F83610884208D9F8F7C2
:10DED0001BF8608018F83600401C08F8360001E096
:10DEE00084F805906D1CFF2DD8D3BDE8F087002085
:10DEF000724A014653234B4302EBC3031B791BB108
:10DF0000491CFF29F6D370470120704710B5002047
:10DF10006A4B014653224A4303EBC20214791CB9EF
:10DF200052790AB9401CC0B2491CFF29F2D310BD76
:10DF300000B901206249087070472DE9F0470027B9
:10DF40003D46FFF7D4FF80B3DFF870915C4E4FF091
:10DF50000108307800F0A0F8FF2819D10125002031
:10DF6000FF214A465323434302EBC3031B79B3B15A
:10DF7000401CFF28F6D3FF2915D05320414309EB5D
:10DF8000C1043778277100206071F7F7BDFF60800A
:10DF90003078401C10F0FF00307002D003E0C1B2B6
:10DFA000E9E786F80080002DD3D038469DE72DE9BB
:10DFB000F0470024089E1F4690468946002894D0CA
:10DFC00000F06AF8FF2890D2532250433B4A0121C7
:10DFD00002EBC0056971002102F83010F7F794FFD9
:10DFE000688005E0385D2919641C81F82200A4B21C
:10DFF000B442F7D305F118004146C5F89462FFF723
:10E0000002FCA81D4946BDE8F047FEF77DBC6CE761
:10E010002DE9F0470024089E1F4690468946254674
:10E02000F8B100F039F8FF281BD2532148432349A7
:10E0300001EBC005B5F89402308005E0281990F88E
:10E0400022003855641CA4B23088A042F6D805F1ED
:10E0500018014046FFF7D7FBA91D4846FEF754FCC0
:10E060000125284641E710B5012400F015F8FF28E6
:10E0700000D20024204610BD10B5002400F00CF89A
:10E08000FF2807D2532148430C4901EBC0004079D7
:10E0900000B90124204610BD10B50021074AFF2415
:10E0A00053234B4302EBC3031B79834201D1CCB210
:10E0B00002E0491CFF29F3D3204610BD543505600A
:10E0C000E407006070B5040016464FF0000017D05A
:10E0D00010202070082060700220420591420FD26B
:10E0E000002E0DDB96420BDA0A46A01C0021F9F740
:10E0F00058FE851C601932460121F9F752FE28446A
:10E1000070BD2DE9FE43044600201E4617468DF8DB
:10E11000000001900290002922D0204601AA694601
:10E12000F9F7BCFA05469DF800004FF0FF39B0B989
:10E13000601902AA0199F9F7E4FD054402984FF429
:10E140008008404501D207B13860601901AA6946CC
:10E15000F9F7A4FA05449DF80000012802D04846CA
:10E16000BDE8FE83601902AA0199F9F7CAFD029978
:10E1700028444145F4D2002EF2D03160F0E72DE979
:10E18000F04115460F4604004FF000063CD0002039
:10E1900020704FF41671F9F779F96070A7700F20AD
:10E1A000E0702A88201D00216B68F9F775FC061DB8
:10E1B0002A89A0190121F9F74FFEEA680644501C8C
:10E1C00004D0A0190221F9F7ECFD0644A01903219F
:10E1D000F9F705FA3118002004E02A180B18127C10
:10E1E000E254401CD5F868228242F6DC5618A01989
:10E1F0000321F9F707FA95F86C22064422B1A01919
:10E200000421F9F7CEFD06443046BDE8F0812DE942
:10E21000F04786B04FF0000714465FEA0108054654
:10E220008DF800700197ADF8087003973E4604978B
:10E230007DD0002C7BD028460021F9F7AEFA4FF0B4
:10E24000FF3AB0B3681C221D02A9F9F7ECFB471C8A
:10E25000BDF808002080E81901AA6946F9F71EFAFE
:10E2600007449DF8000001282ED1E81903AA01995E
:10E27000F9F7C1FD074403982081E81901AA69460E
:10E28000F9F70CFA9DF80010022913D0C4F80CA07D
:10E29000E81981460321F9F7ABFA50B10398A8EBCE
:10E2A000070182B24846F8F7D9FF7F1CC4F868021C
:10E2B00013E009E00744E81904AA0199F9F721FDE0
:10E2C00007440498E060E3E7504606B0BDE8F087F5
:10E2D000B819A119285C0874761CD4F86802B042F9
:10E2E000F6DC0744E8190321F9F798FA78B1102011
:10E2F0007F1C84F86C02474519D2E81901AA6946C7
:10E30000F9F7CCF99DF80010042903D00FE06FF065
:10E310000100DAE73844284404AA0199F9F7F1FC2E
:10E3200007460498411E0F2903D884F86C0238462A
:10E33000CBE76FF00400C8E770B50E460546F9F765
:10E3400074FE0446281906F10801F8F7C5FC2044BC
:10E3500070BD2DE9F04117460E460446F9F73FF926
:10E36000054660193946FFF7E7FF05446019314655
:10E37000F9F748F92844BDE8F0812DE9F0410E464F
:10E380000446F9F784FE4FF0FF35002809DD074603
:10E39000E01906F108024FF40061F8F752FD002879
:10E3A00001DC2846E7E73844E5E72DE9F04114466B
:10E3B0000F460546F9F71CFA4FF0FF3668B1681CA6
:10E3C0002146FFF7DAFF002807DD441C28193946EB
:10E3D000F9F724FA08B1601CCDE73046CBE770B5F9
:10E3E00004000D464FF0000009D020704FF4167164
:10E3F000F9F74CF86070A5700E20E070042070BD35
:10E4000070B505004FF000000BD013460A460021FE
:10E410002846F9F741FB044628190121F9F7DFF8EE
:10E42000204470BD70B5164605004FF000040CD0B6
:10E430000A460021F9F710FD0446701C05D0281982
:10E4400032460121F9F7ADFC0444204670BD0200BC
:10E450004FF0000003D001211046F9F7D3B8704700
:10E460002DE9F04186B00F4680461E460024114635
:10E4700001A8FFF7B4FF0346224601A940460097D2
:10E4800000F06CFB002856D0044651E03288002191
:10E4900001A87368F9F700FB0346224601A940462C
:10E4A000009700F05BFB002845D00444012101A83F
:10E4B000F9F795F80346224601A94046009700F077
:10E4C0004DFB002837D02518B46820E022880021B1
:10E4D00001A8F9F7C1FC03462A4601A94046009766
:10E4E00000F03CFB002826D062680544501C0DD08B
:10E4F000012101A8F9F755FC03462A4601A9404627
:10E50000009700F02BFB002815D005442469002C4F
:10E51000DCD1012101A8F9F775F803462A4601A9C3
:10E520004046009700F01AFB002804D0F6682C182B
:10E53000002EABD1204606B0BDE8F0812DE9F843AE
:10E5400005004FF000001446ADF800001FD0002970
:10E550001DD0002C1BD06FF00208052902D23F20ED
:10E56000607417E028460021F9F717F93E2780B1BB
:10E57000681C221D6946F9F756FA461CBDF80000D2
:10E580002080A8190121F9F733F910B1701CBDE8FA
:10E59000F88367744046FAE710B5002428B121B12A
:10E5A0000121F9F73BF900B10124204610BD2DE906
:10E5B000FF474FF000060F46050014468DF8006037
:10E5C00001960296039646D0EFB3E4B328784FF055
:10E5D0003E0800076FF0020902D482F811802EE095
:10E5E000284601AA6946F9F759F806469DF8000041
:10E5F00018BB01994FF03F087018B8421DD2A819F6
:10E6000002AAF9F7F8FB0644029820814FF0FF3088
:10E61000E060A85D01071ED5C04340071BD0A819C4
:10E6200001AA6946F9F73AF89DF80010012912D1BC
:10E63000019906447018B84206D384F81180484600
:10E6400004B0BDE8F08706E0A81903AAF9F759FB62
:10E6500006440398E0603046F2E7002228B13022F9
:10E66000027041700E21817003221046704770B510
:10E6700005004FF000000BD00A884B6800212846A7
:10E68000F9F70AFA044628190121F8F7A8FF2044EF
:10E6900070BD70B5164605004FF000040CD00A4658
:10E6A0000221F9F7D9FB0446701C05D0281932461F
:10E6B0000321F9F776FB0444204670BD2DE9F041B3
:10E6C00006004FF0000090460F46054614D0304635
:10E6D0000421F8F784FF04463019B84205D14444B8
:10E6E00005E0785D3055641C6D1C4545F9D3301943
:10E6F0000421F8F787FF20441EE72DE9F0410400CC
:10E7000016460F464FF0000013D020460521F8F7BB
:10E7100066FF054660193946F9F790FB0544601914
:10E720003146F9F78BFB054460190521F8F76AFFBC
:10E73000284401E702004FF0000003D001211046F9
:10E74000F8F760BF7047F8B504004FF000001D46B1
:10E750001646ADF800001BD0002919D0002E17D0A6
:10E76000002D15D020460021F9F717F84FF0FF379C
:10E7700078B1601C2A466946F9F755F9451CBDF881
:10E780000000308060190121F9F732F808B1681CE7
:10E79000F8BD3846F8BD10B5002428B121B10121DB
:10E7A000F9F73CF800B10124204610BD2DE9FF47E0
:10E7B0004FF000051E469046894604008DF8005033
:10E7C00001950295039532D0B9F1000F2FD0B8F121
:10E7D000000F2CD05EB320784FF0FF37000709D52B
:10E7E000204601AA6946F8F759FF05469DF8000042
:10E7F000022801D0384623E7601902AA0199F9F7E7
:10E80000FAFA05440298A8F800004D450ED2605D62
:10E8100001070BD5C043400708D0601901AA69461B
:10E82000F8F73CFF9DF80010032902D03760284616
:10E8300006E70544601903AA0199F9F762FA05444D
:10E8400003983060F3E72DE9FF4706004FF0000022
:10E850000F4614468DF8000001900290ADF80C00B0
:10E860004FF03F086FF0020A34D0052F32D984B33D
:10E87000304601AA6946F8F711FF85B29DF80000FD
:10E880004FF03E0908BBAF421FD9781B87B2042F57
:10E8900018D3701902AA03A9F9F7C5F8284485B25C
:10E8A000BDF80C00208002986060781B10EA1A40C6
:10E8B00004D070190121F8F79BFF30B1284604B04D
:10E8C000BDE8F08784F86E8201E084F86E925046CD
:10E8D000F5E7FFE782F86E82F9E72DE9FE4F0500C4
:10E8E0004FF00000894614468DF80000019006465E
:10E8F0006FF0020A029076D0B9F1000F73D0002CAD
:10E900007ED0411EE160102184F86C12C4F86802C8
:10E91000284601AA6946F8F7C1FE07469DF800009F
:10E920004FF03E0890B9E81902AA0199F9F763FA85
:10E93000074402982081E81901AA6946F8F7AEFE5B
:10E9400007449DF80000012803D010E084F86E828F
:10E950004AE0E81902AA0199F9F7D3F907440298A5
:10E96000E060E81901AA6946F8F798FE07449DF8A7
:10E9700000000228EAD1E819401EF8F77EFE0028C0
:10E98000E4D07F1E2289A9EB0701E819F8F766FC9D
:10E990007F1CC4F8680204E0B819A119285C087447
:10E9A000761CD4F86802B042F6DCC619A81901AA90
:10E9B0006946F8F773FE06449DF80000022805D06A
:10E9C000A819401EF8F762FE0028BFD1A81901AAB5
:10E9D0006946F8F763FE06449DF80000032805D059
:10E9E000701EBDE8FE8F0BE05046FAE7A81902AA98
:10E9F0000199F9F786F90299304484F86C12F0E72E
:10EA00003F2082F86E02EFE770B504000D464FF02C
:10EA1000000009D020704FF41671F8F737FD6070D0
:10EA2000A5701020E070042070BD70B505004FF097
:10EA300000000BD013460A4600212846F9F72CF8AF
:10EA4000044628190121F8F7CAFD204470BD0200D0
:10EA50004FF0000003D001211046F8F7D3BD7047F6
:10EA60002DE9F0414FF000040F460600254627D05F
:10EA70003A890021F9F7F0F9FA680446501C04D0ED
:10EA800030190121F9F78DF9044430190221F8F702
:10EA9000A6FD044404E07819007C3055641C6D1C0C
:10EAA000D7F86802A842F6DC30190221F8F7AAFD6F
:10EAB00097F86C2204441AB130190321F9F771F95F
:10EAC0002046BDE8F081002228B12022027041706A
:10EAD0001021817003221046704770B5040015465E
:10EAE0004FF0000039D05020207061701020A070CD
:10EAF000E01C0021F8F773FDC61C95F86D12A019F3
:10EB0000F9F79CF9064495F86E12A019F9F796F9F1
:10EB10000644A0190021F8F775FD0644A01901214B
:10EB2000F8F75DFD06442A88A01900216B68F8F704
:10EB3000B3FF06442A89A0190121F9F78DF9EA6883
:10EB40000644501C04D0A0190221F9F72AF9064402
:10EB5000A0190121F8F756FD304470BD10B51C46D0
:10EB6000029B9B1AA34205D31044224600F002FCEC
:10EB7000204610BD002010BD70B504001E464FF0A9
:10EB8000000010D0002A0ED0002E0CD010202070D3
:10EB90006170A01C1146F9F7B9FA851C601931465D
:10EBA000F9F743FA284470BD13460A460921E3E702
:10EBB00013460A460621DFE72DE9FC410446002002
:10EBC0001E4617468DF80000019000291FD0002F27
:10EBD0001DD0002E1BD0204601AA6946F8F75EFD25
:10EBE00005469DF800004FF0FF380A280ED1601945
:10EBF0003946F9F7A7FA0544601901AA6946F8F7FA
:10EC00004DFD05449DF800000B2802D04046BDE8AC
:10EC1000FC8160193146F9F724FA2844F7E7F0B58A
:10EC2000ADF5177D14460F460646002541E02078D5
:10EC300010B101280ED03BE0052F06D3A288701931
:10EC40000021A368F8F728FF31E06FF001000DF50F
:10EC5000177DF0BDA08908B1A07B00E02079C01D20
:10EC6000874225D370190121F8F7B9FC0544A18921
:10EC70007019F9F7B2F80544A089A0F57F41FF3972
:10EC800004D030B1A27B04F10F0104E00022114650
:10EC900001E02279611D6846FEF7E2F870196946C5
:10ECA000F8F730FF054470190121F8F7ABFC054473
:10ECB000A469002CBBD12846C9E72DE9F043ADF586
:10ECC000197D002514460646A8468DF8585297959A
:10ECD0006FF00109989555E0771900213846F8F74B
:10ECE0005CFD60B184F80080384604F10803221D01
:10ECF0000021F8F7B3FE002825DB054441E0384643
:10ED00000121F8F74AFDF0B1012020706D1C701947
:10ED100097AA96A9F8F7C2FC05449DF85802022864
:10ED200011D1701998AA9799F8F7EBFF9899A181DA
:10ED30000544701997AA96A9F8F7B0FC05449DF808
:10ED40005802062804D048460DF5197DBDE8F08329
:10ED50006A4630469799F8F716FF05446846FEF76D
:10ED6000C0F870B1A0896A464FF0070128B104F1DC
:10ED70000F00FEF7D1F8A07303E0601DFEF7CCF89A
:10ED80002071A469002CA7D12846DDE770B586B0B4
:10ED9000044605AB03AAFFF70FFF00281BDD207810
:10EDA000A42818D16079B42815D160786438C6B227
:10EDB0001D488671A1784171E278C270A379837091
:10EDC000E5794570247A047000200095CDE9014072
:10EDD0003046CCF771FD06B070BD70B586B0044604
:10EDE00005AB03AAFFF7E8FE0028F4DD2078A4288D
:10EDF000F1D16079B428EED160786438C6B20A489F
:10EE00008671A1784171E278C270A3798370E57947
:10EE10004570247A047000200095CDE90140304609
:10EE2000CCF74AFDD7E70000F817006010B5ADF544
:10EE30001A7D1C466A4600F09BF9002813DD0098F5
:10EE4000401C0CD00198401C09D0F9F78DFF0099A7
:10EE5000884208D3F9F788FF0199884203D82146F0
:10EE6000684600F003F80DF51A7D10BD30B5ADF51C
:10EE7000197D0446002097909890207A0D4680B125
:10EE800004F10C0098AA97A90446FAF742FB00285F
:10EE900016D0F9F769FF9799009589B22346989A99
:10EEA0000CE0A08901AA2169FAF724FB002807D009
:10EEB000F9F75AFF0095A18901AB226900F0E4F847
:10EEC0000DF5197D30BD002110B904E0001D491C6D
:10EED0000268521CFAD1084670472DE9FF4F81B0F5
:10EEE000804600240D4627460398FFF7ECFF814635
:10EEF0000498FFF7E8FF83460E98FFF7E4FF824689
:10EF000009EB0B015144B9F1030F00D3C91E6DB1D8
:10EF1000286958B1686948B1009028890223A0F592
:10EF20008070733806D02B762020A8E0002005B032
:10EF3000BDE8F08FE86840B1421C0AD0884274D81E
:10EF40000026B9F1030F68D86AE04046F8F745FF9C
:10EF50008DE0B9F1030F19D81AE0039850F8271083
:10EF60004F2912D04B2910D04D290ED008EB0400A8
:10EF7000F8F764FF04440098844206DB05202876F5
:10EF8000122068764FF0FF3402E07F1C4F45E4D337
:10EF9000BBF1000F0FD000260BE0049850F82610AC
:10EFA00008EB0400F8F74AFF04440098844207DAAB
:10EFB000761C5E45F1D3BAF1000F63D0002612E053
:10EFC00005202876122068764FF0FF34F3E70E987C
:10EFD00050F8261008EB0400F8F730FF04440098BE
:10EFE000844203DA761C5645F1D34BE0052028769F
:10EFF000122044E0039951F827104F290CD04B29D7
:10F000000AD04D2908D0761CB04205D108EB040087
:10F01000F8F714FF044602E07F1C4F45EAD33CBBDF
:10F02000BBF1000F13D000200EE026E0E968761C4B
:10F03000B14208D1049951F8201008EB0400F8F708
:10F04000FDFE044602E0401C5845EFD384B9BAF1F6
:10F05000000F17D000200DE0E968761CB14208D1FE
:10F060000E9951F8201008EB0400F8F7E7FE04466B
:10F0700008E0401C5045EFD304E02B762A20687648
:10F080004FF0FF34204652E72DE9F047ADF5287DDB
:10F090000F46B09D81469A4690462946A3A8F9F7A7
:10F0A00055FE29469BA8F9F747FE00221146A0A865
:10F0B000FEF73FFC40F239101349684301EB40046E
:10F0C000A0ABA3AA9BA92046FEF7B0FB06460820EA
:10F0D000ADF80400CDF80890ADF80C70514605A8C5
:10F0E000CDF81080FDF79EFDA01901A900F0B9F838
:10F0F00033182246A0A99BA80095F9F7EAFD0DF563
:10F10000287DBDE8F0870000BCCA076070B5050027
:10F110000C464FF000002AD0002C28D01020287078
:10F12000072068700226226871058A420FD2606843
:10F1300000280CDB88420ADAA81C0021F8F731FE0F
:10F14000861CA81901216268F8F72BFE0644207A74
:10F1500030B1A81904F10C020321F8F786FD05E08F
:10F16000A289A81902212369F8F796FC304470BDE2
:10F170002DE9FF47002614460546B0468DF800608D
:10F1800001960296ADF80C60002964D0002C62D084
:10F1900028460021F8F701FB4FF0FF3AE8B3284674
:10F1A00001AA6946F8F77AFA0646A81902AA01994F
:10F1B000F8F7A7FD064402984FF48009484500D2AD
:10F1C0002060A81907460121F8F7E7FA30B338465E
:10F1D00001AA6946F8F762FA0644A81902AA019939
:10F1E000F8F78FFD06440298484500D26060AF19D9
:10F1F00002213846F8F7D1FAC8B184F808803846B9
:10F2000001AA6946F8F74AFA0644A81904F110025F
:10F2100003A9F8F708FC064401E004E01FE0BDF88C
:10F220000C00A08117E05046C4F800A0DEE7384685
:10F230000321F8F7B2FA90B101202072384601AAF2
:10F240006946F8F72BFA0644A81904F10C02019953
:10F25000F8F727FD0644304604B0BDE8F087504675
:10F26000FAE770B504000D464FF0000017D0002DEE
:10F2700015D010202070012060702988A01C6A68B9
:10F28000F8F71BFC861C2989A019EA68F8F715FC19
:10F290000644A01905F11001F8F7CCFC304470BD0C
:10F2A000FEB50446002015468DF800000190ADF82B
:10F2B0000800471E89B385B3204601AA6946F8F7BE
:10F2C000EDF906469DF800000C2826D1A0192A1D4C
:10F2D00002A9F8F7A8FB0644BDF808002880A01989
:10F2E00001AA6946F8F7DAF906449DF800000C28EF
:10F2F00013D1A01905F10C0202A9F8F794FB0644FA
:10F30000BDF808002881A01901AA6946F8F7C6F9D6
:10F3100006449DF80000072801D03846FEBDA0191C
:10F3200005F110020199F8F7BCFC3044FEBD30B481
:10F330004FF0FF3328B10478102C02D14478012C0F
:10F3400002D030BC18467047801C30BC891EA7E72D
:10F350000649074A0868504343F2390210440860DE
:10F36000400870470149086070470000E8070060E6
:10F370006D4EC64140EA01039B0703D009E008C96E
:10F38000121F08C0042AFAD203E011F8013B00F86A
:10F39000013B521EF9D27047D2B201E000F8012BB6
:10F3A000491EFBD270470022F6E710B513460A4605
:10F3B00004461946FFF7F0FF204610BD30B505465C
:10F3C0002A460B4612F8010B13F8014B08B1A04274
:10F3D000F8D01CB1002802D06D1CF1E7284630BDE2
:10F3E000CAB2401E10F8011F8A4202D00029F9D18A
:10F3F00000207047421C10F8011B0029FBD1801A25
:10F40000704710B5002200E0521C835C8C5CA34264
:10F4100001D1002BF8D1D8B2E1B2401A10BDCBB265
:10F4200003E00178994203D0401C521EF9D200201B
:10F43000704730B504460020034600E05B1C934251
:10F4400003D2E05CCD5C401BF8D030BD034611F820
:10F45000012B00F8012B002AF9D118467047000053
:10F460000FB400B58DB010A909900B9000914FF02A
:10F47000FF300A9000200C90054806900548079040
:10F480006A4609A80F9900F05DFB0DB05DF814FB0A
:10F4900061FB03087FFB03082DE9FF5F1D464FF06A
:10F4A000FF3BD5E9014691465F464FF00008A96948
:10F4B0007F1C01988847296A824688470028F6D130
:10F4C000BAF1FF3F0CD024F4C064002E19DD6006B1
:10F4D00014D5BAF12B0F09D0BAF12D0F0ED103E0DC
:10F4E000584604B0BDE8F09F44F48064A9697F1CCD
:10F4F00001988847761E8246002E02DDBAF1300F51
:10F5000003D0B9F1000F26D032E0A969761E44F489
:10F5100000747F1C019888478246002E05DDBAF1F1
:10F52000780F06D0BAF1580F03D0B9F1000F10D000
:10F530001EE0B9F1000F02D0B9F1100F18D1A9697E
:10F54000761E24F400747F1C0198884782461020A0
:10F5500002E0082000E00A20814609E008FB0908D3
:10F56000A969761E44F400747F1C0198884782467E
:10F57000002E05DD4946504600F0CFFA0028EDDAAE
:10F58000E96901988847A00502D46FF00100A8E757
:10F59000E00725D1600613D5600502D5C8F100004B
:10F5A00000E0404629680A1D2A600968220501D545
:10F5B000087015E0220701D5088011E008600FE00F
:10F5C0002868011D29600068210502D580F80080A7
:10F5D00006E0210702D5A0F8008001E0C0F8008015
:10F5E00038467EE72DE9F04791460F4680460446AF
:10F5F000002614F8015B2DB100F082FA0068405D2E
:10F60000C007F6D12B2D02D02D2D18D0641E4A46EE
:10F610003946204600F0C4FA27B13968A14201D129
:10F62000C7F8008071054FF002040BD54042002856
:10F6300003DD01F0A1F90460A007BDE8F08746F4FE
:10F640008066E4E70028F8DA01F096F904606FF0CC
:10F650000040F2E72DE9F05F93460F4680460446EE
:10F66000002601F089F9D0F80090824614F8015B79
:10F670002DB100F045FA0068405DC007F6D12B2D92
:10F6800002D02D2D1AD0641E0021CAF800105A464F
:10F690003946204600F084FA014627B13868A04276
:10F6A00001D1C7F80080DAF80000022809D0CAF8B2
:10F6B0000090700505D54842BDE8F09F46F480668D
:10F6C000E2E70846F8E7F0B480EA0102D40F42000E
:10F6D000B2EB410F02D20246084611464A0042D020
:10F6E000C30DDDB2C1F3C752AD1A202D35DAC1F317
:10F6F000160141F4000204B15242C5F1200602FA9B
:10F7000006F12A411044B3EBD05F23D0C4B1012DE0
:10F71000A0EBC35009DCF0BC4FF0004202EAC35238
:10F72000DBB200F5000000F0E2BA400000F18070AA
:10F7300000EBC350A0F1807040EAD170490009E0AD
:10F74000490841EAC071A0EBC35000F50000400831
:10F7500000EBC350F0BC00F0C1BA6142012202EBE1
:10F760004101001BF6E7F0BC704781F00041AAE7B9
:10F7700080F00040A7E780EA010210B502F00043E4
:10F78000400022D04A001FD0010E01EB1261C0F3ED
:10F790005600C2F3560240F4000042F40002A0FBFF
:10F7A000022000047F39140400D0401C50EA1240AB
:10F7B00001D44000491EC2B20C0604EBD010401C1C
:10F7C0004008802A02D003E0002010BD20F0010094
:10F7D000002900DA0020184310BD30B480EA01028D
:10F7E00002F0004530F0004221F0004013D090B10B
:10F7F000C30DD40DC2F31601C0F31600E41A41F490
:10F80000000140F400027D34914201D3641C00E009
:10F810004900002C02DA30BC002070474FF4000091
:10F820000023914201D3891A034340084FEA410162
:10F83000F7D151B1914202D14FF0004105E002D21F
:10F840004FF0010101E06FF0010103EBC4502844C7
:10F8500030BC00F043BA420005D0C0F3C752524258
:10F86000914201DC0020704700EBC15070472DE948
:10F87000F04D81EA030404F0004B21F000451446EA
:10F880004FF0000A23F0004150EA050220D054EA6C
:10F8900001021DD0C5F30A570246C5F31303C1F395
:10F8A0001300C1F30A5640F4801543F48013A7EB0C
:10F8B0000608101BD64608F2FD3873EB050002D38C
:10F8C00008F1010801E092185B41B8F1000F03DA7A
:10F8D00000200146BDE8F08D00204FF4801106465F
:10F8E00084460EE0171B73EB050705D3121B63EB71
:10F8F000050306434CEA010C49084FEA3000921810
:10F900005B4150EA0107EDD152EA030012D082EACE
:10F91000040083EA0501084305D0101BAB4106D261
:10F920000122002306E000224FF0004302E06FF0C6
:10F93000010253101AEB06004CEB085110EB0A00C1
:10F9400041EB0B01BDE8F04D00F0FFB9C10F80EABB
:10F95000E0700844CA079623002100F0C8B9962336
:10F960000022114600F0C3B90EB5C10F80EAE07065
:10F970000844CA07002140F233438DE80E000A46CE
:10F980000B4600F0F1F903B000BD0EB540F2334173
:10F9900002910021CDE900110A460B4600F0E4F97E
:10F9A00003B000BD00F0004220F00040C10DC0F3E4
:10F9B000160040F400007F2901DA002070479629E4
:10F9C00003DCC1F19601C84001E096398840002A65
:10F9D000F4D04042704720F00040C10DC0F3160043
:10F9E00040F400007F2901DA00207047962903DCEB
:10F9F000C1F19601C8407047963988407047C1F3FD
:10FA00000A5210B5C1F3130140F2FF3341F48011E3
:10FA10009A4201DA002010BD40F233439A42A2F22A
:10FA2000334203DC524200F05AF810BD904010BD42
:10FA300001F0004330B421F0004150EA010206D049
:10FA40000A0DA2F56072C1F31301002A02DC30BC7A
:10FA500000207047440F44EAC104C100E01830BCE4
:10FA600000EBC25000F03AB9002801DBC0F10040C1
:10FA7000002901DBC1F10041814270472DE9F05FAF
:10FA80000546002092469B4688460646814640240D
:10FA90001BE0284641464746224600F020F85346E0
:10FAA0005A46C01A914110D311461846224600F01A
:10FAB0008BFB2D1A67EB01084F46224601200021DF
:10FAC00000F082FB17EB00094E41201EA4F1010457
:10FAD000DFDC484631462A464346BDE8F09F202AEF
:10FAE00004DB203A21FA02F00021704721FA02F3E8
:10FAF000D040C2F1200291400843194670470000EF
:10FB0000004870473424040810B50446FFF7F8FF96
:10FB10000068005D00F0010010BD3A2800D23038C6
:10FB200020F02002412A01D3A2F13700884201D3FC
:10FB30004FF0FF30704700000268114413780160F5
:10FB400018467047D160044951610449116200218F
:10FB50001161114600F05ABB39FB030809FB030889
:10FB6000426842B1016811F8013B23B1521EC0E95D
:10FB70000012184670470121C160881E7047426814
:10FB80005AB1C368016843B983688B4205D0491EE6
:10FB9000521CC0E90012002070474FF0FF30704740
:10FBA0002DE9F05F82460078002715468B460AF162
:10FBB0000104B946302801D09DB113E014F8010BBF
:10FBC0000127782803D0582801D045B10AE00DB1AB
:10FBD000102D07D10027102514F8010B02E008258D
:10FBE00000E00A250026B0460EE005FB080005FBF4
:10FBF00006F1012701EB10461FFA80F8B6F5803FA9
:10FC000000D3B94614F8010B2946FFF786FF0028F8
:10FC1000EBDABBF1000F05D00FB1641E00E05446D3
:10FC2000CBF80040B9F1000F06D000F0A5FE02218C
:10FC30000160C81EBDE8F09F48EA0640FAE70000F0
:10FC40000FB4002300B589B00CA900910B996FF097
:10FC50000042CB601E4B06931E4B07930423CDE955
:10FC600001321D4A089202466B46002000F0F8FC63
:10FC700009B05DF814FB70B586B006464FF0FF3052
:10FC80000091CDE90101002015460C460490324652
:10FC9000694604A8FFF7D4FF02460498211825B14D
:10FCA00008B1084600E020462860049800280DD0DE
:10FCB000002A02DD0098884208D0081B0094CDE994
:10FCC00001043246694604A8FFF7BAFF06B070BDCA
:10FCD00061FB03087FFB030809FB03080029A8BF99
:10FCE0007047401C490008BF20F00100704710B465
:10FCF000B0FA80FC00FA0CF050EA010404BF10BC1A
:10FD0000704749B1CCF1200421FA04F411FA0CF146
:10FD100018BF012121430843A3EB0C01CB1D4FEA7F
:10FD200000614FEA102042BF002010BC704700EB7A
:10FD3000C35010440029A4BF10BC7047401C4900A8
:10FD400008BF20F0010010BC704710B5141E73F1FD
:10FD5000000408DA401C41F1000192185B411A438B
:10FD600001D120F0010010BD2DE9F04D92469B46D7
:10FD700011B1B1FA81F202E0B0FA80F2203290467D
:10FD800000F022FA04460F4640EA0A0041EA0B015D
:10FD900053465A46084313D0114653EA010019D07E
:10FDA000C8F140025046FFF79AFE05460E465046FF
:10FDB0005946424600F008FA084305D0012004E005
:10FDC00020463946BDE8F08D0020054346EAE0763E
:10FDD0002C4337430A986305E40AA0EB080000228D
:10FDE000FD0A44EA47540A3002D500200146E9E7FB
:10FDF000010510196941DDE9084500196941BDE8AF
:10FE0000F04DA2E72DE9FE4F804681EA0300C00FC6
:10FE10000C46009021F0004123F00045B8EB0200B1
:10FE2000A94105D24046214690461C460B46024653
:10FE300023F00040104347D0270DC7F30A00C3F357
:10FE40000A510290401A019040286BDAC3F3130064
:10FE500040F4801B0098924620B10023D2EB030AA5
:10FE600063EB0B0B01985946C0F14002504600F07D
:10FE7000ABF906460D4650465946019A00F0B3F9D3
:10FE800010EB08006141002487EA115284EAE7730D
:10FE90001A4340D0009A62B3019A012A4FEA0752EE
:10FEA00015DC001B61EB02014FF0004202EA075231
:10FEB000CDE90042001C41F5801132462B46FFF788
:10FEC00053FF03B0BDE8F08F40462146F9E7001B21
:10FED00061EB0201001C41F5801300185B41201802
:10FEE000A2F5001747EB030140EAD570B6196D4142
:10FEF00011E06D084FEA360645EAC0754FEA075231
:10FF0000001B61EB0201001C41F5801149084FEA1A
:10FF100030000019514132462B4603B0BDE8F04F86
:10FF2000FFF713BF0098012240000023D0EB02022C
:10FF300063EBE073009821464FEAE074B8EB0000F1
:10FF400061EB0401E9E783F000435BE781F00041E6
:10FF500058E72DE9FE4F81EA030404F0004421F044
:10FF6000004100944FF0000B23F0004350EA0104DD
:10FF70005ED052EA03045BD0C3F30A54C1F30A55BE
:10FF80002C44A4F2F3340194A0FB0254C1F31301F6
:10FF900041F48011C3F3130343F4801301FB0244C3
:10FFA00000FB034E840A970A44EA815447EA8357C8
:10FFB000A4FB076802958D0A05FB07854FEA932C81
:10FFC00004FB0C542705029D4FEA065847EA1637F2
:10FFD000B5EB08056EEB070C870E920E47EA81170A
:10FFE00042EA8312A7FB0201B6EB0B0164EB0004AB
:10FFF0002B0D43EA0C335E1844EB1C50DA46514695
:020000040804EE
:10000000E7FB0201C5F313044FEA0B3343EA145331
:100010004FEA0432019C43EA0603A4F10C04029463
:10002000009CCDE900B4FFF79FFE03B0BDE8F08F60
:1000300000200146F9E770B521F0004303430CD0DE
:10004000C1F30A550024D5EB040564EB0403D6176D
:10005000AD1AB34102DB0020014670BD201841EB10
:10006000025170BD2DE9F04D00231A461B1A8A413A
:1000700003DB00200146BDE8F08DC1F30A52C1F355
:10008000130141F480154FF0000BD10702D1001885
:100090006D41521E0027044640F2FF11384601EB25
:1000A000620A3E468046024600204FF48011FFF768
:1000B00016FDC2197141BB1846EB0100B4EB030CED
:1000C00075EB000C04D3E41A65EB000517460E46E9
:1000D000241908F101006D4180463428E3DDF91947
:1000E00046EB0600091BA84103D24FF0FF3213462E
:1000F00001E0002213461BEB070046EB0A51BDE866
:10010000F04DFFF722BE70B5C1F30A5201F0004571
:100110000024C1F3130140F2FF3341F480119A42ED
:1001200001DA002070BD40F233439A42A2F233421A
:1001300003DC5242FFF7D3FC00E090402C43F1D0A7
:10014000404270BD30B5041E71F1000404DB4FF075
:100150000044404264EB0101141E73F1000405DB0E
:100160001C464FF00043524263EB04038B4208BF2E
:10017000824230BD30B5041E71F1000404DB4FF043
:100180000044404264EB0101141E73F1000405DBDE
:100190001C464FF00043524263EB0403994208BFF0
:1001A000904230BD064C074D06E0E06840F0010388
:1001B00094E8070098471034AC42F6D3C7F7BCFF69
:1001C0006426040884260408202A04DB203A00FA66
:1001D00002F1002070479140C2F1200320FA03F39E
:1001E000194390407047202A06DBCB17203A41FA8A
:1001F00002F043EAE07306E041FA02F3D040C2F1B4
:100200002002914008431946704700002DE9F34F42
:100210008BB04FF0000801F10C000C464FF0010BC1
:1002200046460DF1080A0190626901210198904744
:10023000051E2DD0252D2CD0216A8847C0B16269BA
:10024000012101989047216A88470028F7D1411E73
:1002500062690198904700E0761CA1690B98884775
:10026000216A88470028F7D1E1690B988847DBE7C6
:10027000A1690B9888470746A84201D1761CD3E7AD
:10028000E1690B9888477F1C02D1B8F1000F6FD04D
:1002900046E1002762693D463946019890472A2881
:1002A00004D162690121019890470125DFF8849209
:1002B0006269012101989047A0F130010A290AD210
:1002C0004F45E5DC07EB870100EB4107303FDFD40A
:1002D00045F01005ECE7E90601D46FF000476C2803
:1002E0000AD04C2814D0682815D06A280DD074285C
:1002F0001CD07A281AD01DE062690121019890472C
:100300006C2802D045F0040514E045F002050DE02C
:1003100045F020050AE062690121019890476828AC
:1003200002D045F0080505E045F400656269012149
:1003300001989047C4E9015765283DD019DC582839
:100340007AD00CDC452837D004DC252826D041287B
:1003500031D131E046282FD047282CD12CE05B2822
:1003600077D0612828D063287CD0642823D15AE034
:10037000D0E06F2848D008DC66281DD067281BD045
:10038000692821D06E2816D127E0702845D073281F
:1003900068D0752847D078280DD14DE0A1690B9819
:1003A0008847054625283FF469AFE1690B988847DF
:1003B0006D1C3FF46AAFB3E023466A466FF001005C
:1003C0000B9900F04DF99EE045F040006060A807F1
:1003D00023464FF0000236D43EE0E8077FF447AFF3
:1003E0002068011D21600068290501D506701BE702
:1003F000290701D5068017E7A90703D5F117C0E93A
:10040000006111E706600FE745F040006060A80753
:1004100023464FF0080216D41EE040F60E0125EAEE
:100420000100606016E045F040006060A8072346C8
:100430004FF00A0207D40FE045F040006060A807C3
:1004400008D5234610226FF001000B99AFF300800E
:1004500059E007E0234610226FF001000B99FFF7E7
:100460001BF850E04FF000094F464B46632802D07E
:100470005B2806D040E0E80601D40120A0600127F7
:100480003AE062690121019890475E2805D14FF05A
:1004900001096269494601989047216939B90021EB
:1004A0000A46534643F82120491C0829FADBB0B319
:1004B000216969B9C11700EBD16253110AEB8301BD
:1004C00022F01F02821A01200B68904003430B6048
:1004D00062690121019890475D28E8D1B9F1000FC8
:1004E00009D00020514651F82020D24341F8202065
:1004F000401C0828F7DB02AB224600976FF0010092
:100500000B99AFF3008000280CDA401C08D1BBF136
:10051000000F05D04FF0FF300DB0BDE8F08FFFE7C2
:100520004046F9E7E90701D108F1010806444FF018
:10053000000B79E6CCCCCC0C2DE9FF4F087883B0CA
:100540009946FF2805D0491C2D2804D000240020FE
:1005500008E000200BE00124F9E700EB800003EB4A
:100560004000491C0B78FF2BF7D104B14042002317
:100570000293147819461D462D2C01D02B2C04D142
:10058000521C2D2C13D000240294AA461478FF2C60
:100590000FD00A25A3FB057801FB05814FF0000C65
:1005A00003FB0C11521CE3194AEB0101EEE7012495
:1005B000EAE7814453EA010002D019F5C87F06DA60
:1005C00003980021C0E9001107B0BDE8F08F0025B5
:1005D000AE4E2F46DFF8B882184600F05DF9CDE93F
:1005E0000001B9F1000002DAC9F1000400E004469C
:1005F0000023A74A1AEB030B42EB045A12E0E00770
:1006000007D02A46334638464146FFF7A2FC074644
:1006100088462A46334610461946FFF79AFC054697
:100620000E466410002CEAD1DDE90001B9F1000F9B
:100630005A46534606DAFFF71AF93A464346FFF799
:1006400016F905E0FFF785FC3A464346FFF781FCC3
:10065000029A0AB181F00041039AC2E90001B3E7AE
:100660002DE9FF4F1F468DB0D7E901464FF0FF3807
:100670002E2045464FF000090B90B9696D1C0E986D
:100680008847396A824688470028F6D1BAF1FF3F89
:100690000AD024F4D064002E11DDBAF12B0F08D05B
:1006A000BAF12D0F0BD102E0404611B08DE744F4B2
:1006B0008064B9696D1C0E9888478246761E69462B
:1006C000600501D52D2000E02B208DF8000001F100
:1006D000010B0DF1200809E0B9696D1C0E988847DF
:1006E00082460F9844F40074761E0560002E02DDE9
:1006F000BAF1300FF0D00B998A453ED144F0800416
:1007000006E00F99681CA9F1010944F4007408601F
:10071000B9696D1C761E0E98884782463028F0D045
:100720002BE00B998A4505D1200603D444F08004C0
:10073000761E18E0504600F0ADF908B30DF1130134
:10074000761E44F400748B4508D2AAF130000BF8F1
:10075000010B200607D5A9F1010003E0200602D411
:1007600009F101008146A00502D50F99681C0860B7
:10077000B9696D1C0E9888478246002ED1DC53E083
:10078000002E51DDBAF1650F02D0BAF1450F4BD101
:10079000A00549D5B9696D1C24F44074761E0E98E5
:1007A00088478246002E0CDD2B2804D0BAF12D0F8D
:1007B00007D144F48074B9696D1C0E98884782464D
:1007C000761EE00501D52D2100E02B2108F8011B44
:1007D000CDF82C8021E00DF12901761E44F400743F
:1007E00088450CD2AAF1300010F0FF0088F8000014
:1007F00002D10B99884509D908F1010806E0E00506
:1008000001D5244801E042F20F708146B9696D1CA0
:100810000E98884782460F980560002E04DD5046EA
:1008200000F038F90028D6D1F9690E988847FF20E2
:100830008BF8000088F800000020069007904B46D7
:100840006A4608A906A8FFF777FEA00502D46FF054
:1008500001002AE714F0240F0AD0E00714D1DDE9E3
:1008600006123868031D3B600068C0E900120BE007
:10087000DDE90601FFF7DCF80146E00704D138683E
:10088000021D3A600068016028460EE7000014402F
:100890000000F03FF1D8FFFF0EB540F23342029264
:1008A0000022CDE900221346FFF75EFA03B000BD37
:1008B00070B58C1810F8015B15F0070301D110F822
:1008C000013B2A1106D110F8012B03E010F8016B4F
:1008D00001F8016B5B1EF9D12B0705D40023521ED2
:1008E0000DD401F8013BFAE710F8013BCB1A921C3A
:1008F00003E013F8015B01F8015B521EF9D5A14238
:10090000D8D3002070BD00000FB4054B10B503A96B
:10091000044A029800F0C6F810BC5DF814FB000011
:10092000CFD600089C0000600FB4084B10B504A996
:1009300002AA039800F0B6F8044602A9002000F0CD
:10094000E2FA204610BC5DF814FB0000070F040813
:10095000490050EAC12018BF04204A0D18BF40F0DA
:10096000010040F2FF72B2EB515F08BF40F002009D
:10097000012808BF0520704700487047F407006051
:100980002DE9F0414F1E00EBC7010446D1E90001FB
:1009900015461E4637F006020DD02A463346FFF7AD
:1009A000D8FA7F1E04EBC703D3E90023FFF72AFA26
:1009B00037F00602F1D1022F25D0042F13D0062FD5
:1009C00018BFBDE8F0812A463346FFF7C2FAD4E9E2
:1009D0000A23FFF717FA2A463346FFF7BAFAD4E993
:1009E0000823FFF70FFA2A463346FFF7B2FAD4E995
:1009F0000623FFF707FA2A463346FFF7AAFAD4E997
:100A00000423FFF7FFF92A463346FFF7A2FAD4E999
:100A10000223FFF7F7F92A463346FFF79AFAD4E99B
:100A20000023BDE8F041FFF7EDB9000000221346B6
:100A300010460149FEF71BBF0000F03F0122FFF7FF
:100A4000FABA0022134610461146FEF710BF40F2D4
:100A5000013200204FF0E041FFF7EDBA024A0020DA
:100A60001107FFF7E8BA000001FDFFFF02E008C828
:100A7000121F08C1002AFAD17047002001E001C10D
:100A8000121F002AFBD1704701490860704700001F
:100A9000F407006030380A2801D201207047002096
:100AA000704700002DE9FF4F8DB00F460546002628
:100AB00006E025280BD0DDE90F1290476D1C761C4F
:100AC00028780028F5D111B03046BDE8F08F002419
:100AD000A246A1460122EC4900E0044315F8013F7B
:100AE000203B02FA03F00842F7D128782A2810D0D8
:100AF0006FF02F022878A0F13001092914D80AEBF1
:100B00008A0102EB410144F0020400EB010A6D1C72
:100B1000F0E701CF5FEA000A03D544F40054CAF1BC
:100B2000000A44F002046D1C28782E2817D115F80D
:100B3000010F44F004042A280ED06FF02F02287809
:100B4000A0F1300109290AD809EB890102EB410122
:100B500000EB01096D1CF2E757F8049B6D1C287827
:100B60006C280FD006DC4C2817D068280DD06A28D6
:100B700014D104E0742810D07A280FD10DE044F489
:100B800000140AE044F4801401E044F4401469784D
:100B9000814202D104F580146D1C6D1C2A786E2AE6
:100BA0001FD00CDC632A31D004DC002A8BD0582AF9
:100BB00011D1A3E0642A68D0692A0CD165E0732AB8
:100BC0002ED004DC6F2A73D0702A04D19BE0752AE2
:100BD0006FD0782A6ED01046DDE90F129047761C50
:100BE00050E1C4F30250022806D0032809D004289B
:100BF00001CF09D0066045E101CFF117C0E90061DE
:100C000040E101CF06803DE106703BE117F8040B9F
:100C10008DF8000000208DF80100EB46012003E074
:100C200057F804BB4FF0FF3061074FF0000102D4CA
:100C30000DE008F10101884649450FDA8045F8DBEF
:100C40001BF808100029F4D108E008F101018846DA
:100C50008142FADB1BF808100029F6D1DDE90F23E9
:100C6000AAEB08008146214600F036F9304400EB3B
:100C7000080604E0DDE90F121BF8010B9047B8F1FC
:100C80000108F7D221464846F7E00A21C4F302538F
:100C90004FF0000B0891022B04D001CFC117032B9A
:100CA00009D00AE0FF1D27F00707F7E8020108E076
:100CB00032E01FE020E000B2C117042B01D140B2A6
:100CC000C117031E71F1000307DA4FF0000CD0EBDF
:100CD0000C006CEB01012D2302E0230504D52B232E
:100CE0008DF82430012303E0E30701D02023F7E748
:100CF000984658E00A2110E010210EE010204FF035
:100D0000000B08900CE010214FF0000B44F004049D
:100D10004FF00809089103E008214FF0000B0891FB
:100D2000C4F30253022B04D001CF0021032B06D0C1
:100D300006E0FF1D27F00707F7E8020103E080B295
:100D4000042B00D1C0B24FF0000823072BD5702A26
:100D500007D0DDF820C08CF0100C5CEA0B0C05D03D
:100D60000EE040238DF82430012308E050EA01030F
:100D700006D030238DF824308DF8252002239846A4
:100D8000DDF820C08CF0080C5CEA0B0C0BD150EAAB
:100D9000010301D1630706D530238DF824304FF0CD
:100DA0000108A9F10109582A04D038A20B9208AA17
:100DB0000A920BE03AA2F9E75B46089AFEF75EFE5C
:100DC0000B9B9B5C0A9A521E0A92137050EA010216
:100DD000F2D10A98ADEB000000F1200B600702D5BC
:100DE00024F4803401E04FF00109D94502DDA9EB7C
:100DF0000B0000E0002000EB0B0141440890AAEB3F
:100E0000010AE00306D4DDE90F232146504600F035
:100E100063F806444FF0000908E009A911F8090039
:100E2000DDE90F12904709F10109761CC145F4DB99
:100E3000E0030CD5DDE90F232146504600F04CF8C5
:100E4000064404E0DDE90F1230209047761C089933
:100E5000481E08900029F5DC08E00A980A990078F5
:100E6000491C0A91DDE90F129047761CBBF1000185
:100E7000ABF1010BF1DC21465046DDE90F2300F018
:100E800019F806446D1C1BE6092801003031323385
:100E900034353637383961626364656600000000B6
:100EA00030313233343536373839414243444546A0
:100EB000000000002DE9F041044600251E461746BB
:100EC000880404D405E039462020B0476D1C641E18
:100ED000F9D52846BDE8F0812DE9F041044600250A
:100EE0001E469046C80301D5302700E0202788041D
:100EF00004D505E041463846B0476D1C641EF9D55F
:100F00002846BDE8F0810A68531C0B6010707047DA
:100F10002DE9F04D894BCE0F21F0004784B00546F6
:100F20000C469F4230D38648874211D3C7F3130043
:100F3000284305D004B02846BDE8F04DFFF77EBD3C
:100F4000002E1ABF00200146284604B0BDE8F08DEF
:100F50007C4A2846FFF70EF907D20220FFF794FDDE
:100F600004B0BDE8F04DFFF772BD774A774B2846D5
:100F70002146FFF7E7F807D20220FFF785FD04B00E
:100F8000BDE8F04DFFF76ABD7148B84248D27148DC
:100F9000874215D27048784400EBC6002146D0E95C
:100FA00000232846FEF7CFFFCDE900016B487844C7
:100FB00000EBC600D0E900ABC6F10100861B26E0BD
:100FC000674A684B28462146FEF7C3FF664A7A44C3
:100FD00002EBC603D3E90023FEF714FFFFF793F8F3
:100FE0000646FEF7C1FC07468846604A604BFEF79E
:100FF000B0FF2A462346FEF7A9FFCDE900015D4A6E
:101000005D4B38464146FEF7A4FF82468B46DDE93C
:10101000000152465B46FEF796FF05460C4618E077
:101020005648874214D2564A564B28462146FEF768
:10103000E9FE554E00223346FFF79CF808D204B073
:10104000334628462146BDE8F04D0022FEF7DABEC1
:1010500000262A46234610461946FEF77AFF8046A8
:1010600002464A480F460B4605217844FFF788FCA4
:1010700042463B46FEF76DFF2A462346FEF766FFD3
:1010800007468846E6B302460B4600204FF08041F3
:10109000FEF759FFCDE902013A464346284621466C
:1010A000FEF757FFDDE90223FEF7E1FB52465B4600
:1010B000FEF74CFFDDE90023FEF745FF0022324B2F
:1010C000FEF744FF6FF47F729642A2BF01EB065118
:1010D00004B0BDE8F08D4FF07A5202EB0652114495
:1010E0002B4AFEF7A8FF04460D46FFF731FC042803
:1010F00008BFFFF7B3FC204604B02946BDE8F08DD9
:10110000FFE700224FF08043FEF71DFF82460E46A8
:101110003A46434628462146FEF71BFF52463346D1
:10112000FEF7A5FB2A462346FEF70DFF04B000227A
:10113000BDE8F04D144BFEF709BF0000422E86407B
:101140000000F07FEF39FAFE51302DD5104987C0ED
:10115000422ED63FB2A2F03F8E130000861300004D
:10116000FE822B654715F73F461300000000E0FEA6
:10117000422EE63F763C7935EF39EA3D0000303EBD
:101180009C7500883CE4377E0000F03FDA120000D6
:1011900018FCFFFF10B5002821D0114B0022001FC2
:1011A000196803E0814203D80A4649680029F9D149
:1011B00052B11368841A9C4204D10068184410602C
:1011C000104602E0506000E0186039B102680B1A66
:1011D000934203D10B681A4402604968416010BD14
:1011E000EC0700602DE9F04DC84A002490B0914210
:1011F00005DA21F00043934201D805D120B110B0A7
:10120000BDE8F04DFFF71ABCB1F5801F1BDA53EAB9
:10121000000209D0002911DA0120FFF735FC10B0D7
:10122000BDE8F04DFFF70DBC0220FFF72DFCFFF7E6
:10123000FDFB10B081F00041BDE8F08D6FF035048A
:101240003622FEF7F8FE04EB2152C1F31308B04931
:10125000A2F2FF33414401F4801282F07F6103EB7C
:10126000225281F04051009241EA08010022A94B2C
:10127000FEF769FE044608F10200A74EC0F3130012
:101280000D467E44032867D2D6E900232046FEF7A8
:1012900059FF1ED10098002802BFD6E9000110B006
:1012A000BDE8F08DFEF760FB07460C469B4A9C4B61
:1012B000FEF74FFE06460D469A4A9B4B384621469E
:1012C000FEF747FE10B032462B46BDE8F04DFEF764
:1012D00099BD4FF05532954B20462946FEF739FE11
:1012E0000022934BFEF732FE06460F4622462B465F
:1012F00010461946FEF72DFE32463B46FEF729FE04
:10130000064600980F46F0B1FEF72EFB80468A464F
:10131000824A834BFEF71DFE32463B46FEF716FE21
:1013200022462B46FEF70FFE05460C467D4A7E4BB5
:1013300040465146FEF70DFE10B02A462346BDE852
:10134000F04DFEF700BE0B4610B03246204629464F
:10135000BDE8F04DFEF7F7BD00224FF08043204678
:10136000FEF750FD02460B4620462946FEF77FFA5F
:1013700006460F460098FEF7F7FACDE9040132461B
:101380003B4610463946FEF7E4FD0C9069480C9A3E
:101390004044019009910B461046FEF7DAFD824663
:1013A000024665488B46C8F151080B4608F5D72818
:1013B00003217844FFF7E4FA52465B46FEF7C9FD85
:1013C0000A905E480D9152465B4604217844FFF72F
:1013D000D7FA099B0C9AFEF7BCFD844601980D9B39
:1013E00040EA080860460A9AFEF70CFD8346089119
:1013F000B8F1000F4EDD4FF0FF3220462946FEF7D0
:101400001AFE22462B46FEF7A4FD804600988A4627
:1014100060B3DDE90401414A414BFEF79AFD0991B1
:1014200000905A4640465146089BFEF7EBFC324678
:101430003B46FEF78EFD099B009AFEF7E3FC424611
:101440005346FEF783FD22462B46FEF77CFD0446FD
:101450000D46DDE90401334A334BFEF77AFD10B047
:1014600022462B46BDE8F04DFEF76DBD5A4640467C
:10147000089BFEF7C7FC32463B46FEF76AFD424634
:101480005346FEF763FD10B022462B46BDE8F04DF3
:10149000FEF75CBD009840B3DDE904011F4A204B14
:1014A000FEF757FD80468A465A4620462946089B45
:1014B000FEF749FD32463B46FEF74BFD424653469A
:1014C000FEF741FD22462B46FEF73DFD04460D4644
:1014D000DDE90401134A144BFEF73BFD10B0224630
:1014E0002B46BDE8F04DFEF72EBD0B465A46204672
:1014F0002946FEF728FD32463B46FEF72AFD10B08E
:1015000022462B46BDE8F04DFEF720BD0000F07FDF
:10151000645F09000000F03F22110000763C79353D
:10152000EF39EA3D0000E0FE422EE63F5555D53F3B
:101530000000E03F86EBF9FFBA0F0000B80F000093
:10154000F0B50B30154D20F007010024144A0FE0D0
:1015500003688B420BD38B4205D95E1A4318476848
:10156000C3E9006700E04368136002C004E0021DA5
:1015700010680028ECD12046002802D1286808B164
:101580000020F0BD064A07481060074A121A22F0F0
:101590000702C0E9002401202860D7E7F0070060B7
:1015A000EC070060A4CF0760A0D107602DE9F041EF
:1015B00006460F46FEF756FD041E0D4618BF0120D5
:1015C000284320F00040C0F17F6000F1E040C00FF0
:1015D0000ED0301C18BF0120384320F00040C0F16D
:1015E0007F6000F1E040C00F04BF0120FFF74CFA1C
:1015F00020462946BDE8F08100B583B00A460021A7
:10160000CDE9001101466846FEF735FBDDE9000132
:1016100003B000BD00030306010406020500030534
:101620001F1C1F1E1F1E1F1F1E1F1E1FFFFFFFFF51
:10163000FFFFADDE1223638253631F1C1F1E1F1E9C
:101640001F1F1E1F1E1F1F1D1F1E1F1E1F1F1E1FB1
:101650001E1F4142434445464748494A4B4C4D4E64
:101660004F505152535455565758595A61626364FA
:1016700065666768696A6B6C6D6E6F7071727374A2
:1016800075767778797A3031323334353637383980
:101690002B2F000001024040801008041005020CAE
:1016A00010101008083031323334353637383900ED
:1016B00000000000000000000000000000F8000032
:1016C00000000033000000000806080600000000CB
:1016D0000000004040F840F840043F053F0504701A
:1016E00088FC0830001820FF211E00F09860E038C8
:1016F0000000310E1F330C00F0887000001E212600
:10170000192720100E00000000000000000000005B
:101710000000F00C020000000F3040000618E0004E
:10172000000060180700004080F080400002010FB8
:101730000102000000F000000001011F0101000093
:1017400000000000008070000000000000000000A9
:101750000001010101010000000000000000300054
:10176000000000000080700C00601C03000000F00E
:10177000080818E0001F2020300F000010F80000BB
:101780000000203F20000070080808F000302C22E4
:10179000213000300888887000182020311E000099
:1017A0008060F000000605243F2404F808888808BB
:1017B00000192120311F00E018889800000F312007
:1017C000201F00380808E8180000003F00000070E3
:1017D00088088870001E2121211E00F0080818E0EA
:1017E00000013222310F000000C000000000003074
:1017F0000000000000800000000000E00000000089
:1018000000806010080001020C1020404040404061
:101810000004040404040000083040800000201884
:10182000040201700808887000000037010000F011
:10183000108878F0001F2027340F00008078E00027
:1018400000203F02033E2008F888887000203F20D7
:10185000201F00F010080818001F2020201000088A
:10186000F80810E000203F20100F0008F888E81862
:1018700000203F2023300008F888E81800203F208F
:10188000030000E010080818000F1020221E0208B4
:10189000F80000F808203F01013F200808F8080878
:1018A0000020203F202000000808F80808C08080A1
:1018B0007F000008F888601808203F20073C2008B7
:1018C000F808000000203F20202030F8F800F8F849
:1018D000003F003F003F0008F8E008F808203F21E3
:1018E000063F00F0080818E0001F2020300F000815
:1018F000F80808F000203F21010000F0080818E077
:10190000000F342C707F0008F888887000203F207A
:10191000033C20708808081800302021221C001881
:1019200008F808180000203F20000008F80000F820
:1019300008001F20201F0008F80080F80800033C62
:101940000F00007884F8C07800003F003F000008D6
:101950007880780800203C033C200008F880780854
:101960000000203F200000180888780800203C2351
:101970002030000000FE02020000007F4040000016
:1019800038C00000000000011E6000000202FE00DE
:10199000000040407F00000004020400000000003E
:1019A0000000000000000000008080808080800037
:1019B00002040000000000000000000000808080A1
:1019C00000003D26223F2008F800800000001F2173
:1019D000201F00000080808000001F2120210000C7
:1019E000008088F800001F20203F20000080800039
:1019F00000001F222223000080F088881800203F6A
:101A0000202000000080808080006B949493600808
:101A1000F800808000203F21003F200080980000D7
:101A20000000203F200000000080980000C080805F
:101A30007F000008F800808080203F2406392008BD
:101A400008F800000020203F2020008080808000D7
:101A5000003F003F003F00808000808000203F2149
:101A6000003F20000080800000001F20201F008019
:101A7000808080000080FFA0201F00000080808008
:101A800000001F20A0FF80808000808000203F2178
:101A90000001000000808080000023242439000021
:101AA00080E080000000001F2020008080008080F7
:101AB00000003F20203F2080800000808000073809
:101AC0001C0300804080008000033C033E03008034
:101AD000800080800020330E3B200080800000804A
:101AE000808087780C030000808080800000302C8C
:101AF0002330000000807E02000000003F40001CF8
:101B0000221CC040400000003F0202F8F0E0C0800C
:101B1000000F07030100001C221C80404000000051
:101B20001F2020000000FF0000000000FF00000058
:101B3000C1814001C0804101C0804100C18140019C
:101B4000C0804100C1814000C1814001C08041018D
:101B5000C0804100C1814000C1814001C08041007E
:101B6000C1814001C0804101C0804100C18140016C
:101B7000C0804100C1814000C1814001C08041005E
:101B8000C1814001C0804101C0804100C18140004D
:101B9000C1814001C0804101C0804100C18140013C
:101BA000C0804100C1814000C1814001C08041012D
:101BB000C0804100C1814000C1814001C08041001E
:101BC000C1814001C0804101C0804100C18140000D
:101BD000C1814001C0804101C0804100C1814001FC
:101BE000C0804100C1814000C1814001C0804100EE
:101BF000C1814001C0804101C0804100C1814001DC
:101C0000C0804100C1814000C1814001C0804101CC
:101C1000C0804100C1814000C1814001C0804100BD
:101C2000C1814001C0804101C0804100C1814000AC
:101C3000C0C101C30302C2C60607C705C5C404CCA0
:101C40000C0DCD0FCFCE0E0ACACB0BC90908C8D8D0
:101C50001819D91BDBDA1A1EDEDF1FDD1D1CDC1490
:101C6000D4D515D71716D6D21213D311D1D010F060
:101C70003031F133F3F23236F6F737F53534F43CE0
:101C8000FCFD3DFF3F3EFEFA3A3BFB39F9F83828B0
:101C9000E8E929EB2B2AEAEE2E2FEF2DEDEC2CE4D0
:101CA0002425E527E7E62622E2E323E12120E0A040
:101CB0006061A163A3A26266A6A767A56564A46C20
:101CC000ACAD6DAF6F6EAEAA6A6BAB69A9A8687850
:101CD000B8B979BB7B7ABABE7E7FBF7DBDBC7CB410
:101CE0007475B577B7B67672B2B373B17170B05020
:101CF0009091519353529296565797559594549C60
:101D00005C5D9D5F9F9E5E5A9A9B5B99595898882F
:101D10004849894B8B8A4A4E8E8F4F8D4D4C8C444F
:101D20008485458747468682424383418180403887
:101D3000293D5366717065554333261C15410004D7
:101D40000002000180004000200010000800040094
:101D50000200000000800040002000100008004049
:101D6000002000100008000400020000FFFFFFFF39
:101D7000FFFFFFFF4B0000004D0000004F00000080
:101D8000550000006F00000024000000510000001A
:101D900075000000FFFFFFFFFFFFFFFFFFFFFFFFDA
:101DA0004B0000004D0000004F00000055000000F7
:101DB0006F000000240000005100000075000000CA
:101DC0005700000068000000FFFFFFFFFFFFFFFF5C
:101DD000FFFFFFFF4B0000004D0000004F00000020
:101DE0005500000075000000FFFFFFFFFFFFFFFF31
:101DF0001C000000FFFFFFFF4B0000004D00000033
:101E00004F000000550000006F000000240000009B
:101E100054000000FFFFFFFFFFFFFFFF1C0000005A
:101E2000FFFFFFFF4B0000004D0000004F000000CF
:101E3000550000006F000000240000005400000066
:101E4000FFFFFFFFFFFFFFFF4B0000004D00000002
:101E50004F000000550000006F000000240000004B
:101E6000510000005400000057000000680000000E
:101E7000FFFFFFFF1C000000040000002E00000018
:101E8000FFFFFFFF4B0000004D0000004F0000006F
:101E9000700000007900000078000000460000009B
:101EA0002C0000000C000000620000008B0000000D
:101EB00061000000600000004C0000003E000000D7
:101EC0006B0000000B000000490000001E00000035
:101ED0009B0000003800000039000000FFFFFFFFFA
:101EE0001C0000003A000000400000003F0000001D
:101EF000FFFFFFFFE8030000E9030000EA03000022
:101F0000FFFFFFFFFFFFFFFFFFFFFFFF4B00000092
:101F10004D0000004F0000005500000024000000AC
:101F2000FFFFFFFFFFFFFFFF7B000000FFFFFFFF42
:101F30004B0000004D0000004F0000005500000065
:101F400020000000AE000000360000005800000035
:101F50006F00000067000000510000002600000034
:101F6000FFFFFFFF4B0000004D0000004F0000008E
:101F700055000000FFFFFFFFFFFFFFFF4B000000C9
:101F80004D0000004F000000550000006F000000F1
:101F900024000000510000004A000000FFFFFFFF86
:101FA0001C0000006E000000FFFFFFFF632E00001A
:101FB0007F5300001027000050460000102700004B
:101FC0005046000010270000504600001027000077
:101FD00050460000C063FFFFF0490200C063FFFFEE
:101FE000B09B0400C063FFFFC0D40100C063FFFFCB
:101FF000C0C80300C063FFFFC0D40100C063FFFF7F
:10200000C0C80300C063FFFFC0D40100C063FFFF6E
:10201000C0C80300C0F2FCFFE0930400C0F2FCFF64
:10202000E0930400A4034C03CC0234029C011C0185
:10203000C00080005400380028001C00140010006C
:102040000C0008000400DC03C4039C035E030A03C5
:10205000AA023C02CE016C011A01D600A400800045
:1020600064004C003E003000A4035C03F8028002D0
:10207000FC0180011801C8008C0064004800340095
:1020800024001C00140010000C00D003B4038A03C9
:102090004A03FC029E023602D20178012801EA00BE
:1020A000B400900072005A004C003C006D007A00B1
:1020B000A400CE00F7002001480170019701BE0185
:1020C000E5010B02320258027E02A402B602CD01E3
:1020D00019026102AB02F6023D038403CB03130431
:1020E00059049F04E8042F057005B805FC05410656
:1020F0008406CB060D0750079407D6071C085C081A
:10210000A108E40828096709AA09EC092F0A700A3E
:10211000B10AF40A320B760BB50BF20B360C740CC9
:10212000B20CF30C360D710DB00DEE0D2D0E6D0EC3
:10213000A80EE50E900E300D300BD00870067C2DE9
:10214000C01E00025001E000A000700050004000DE
:10215000300020001000870F270F880E940D260CEA
:10216000BB0AFF084807B80574046203940204021E
:1021700089013801FA00CB00900E700DE00B000AC7
:10218000F007000660042003300290012001D00017
:10219000900070005000400030005C0FE80E380ED8
:1021A000420D030C8C0AF1085907E805AC04B6038C
:1021B000E2024102C8016D013201F8003E01EC016A
:1021C00096023C03E10385042605C5056206FD066B
:1021D00096073208C6085E09EC097E0A040B000067
:1021E00000000000000000000000000000000000EF
:1021F00000000000000000000000000000000000DF
:1022000000000000000000000000000000000000CE
:1022100000000000000000000000000000000000BE
:1022200000000000000000000000000000000000AE
:10223000000000000000000000000000000000009E
:10224000000000000000000000000000000000008E
:10225000000000000000000000000000000000007E
:10226000000000000000000000000000000000006E
:10227000000000000000000000000000000000005E
:10228000000000000000000000000000000000004E
:10229000000000000000000000000000000001013C
:1022A000010101010101010101010101010101011E
:1022B000010101010101010101010101010102020C
:1022C00002020202020202020202020202020303EC
:1022D00003030303030304040404050505050000C8
:1022E000000000001F0000001C0000001F00000094
:1022F0001E0000001F0000001E0000001F00000064
:102300001F0000001E0000001F0000001E00000053
:102310001F00000000000000000000000000E03F7F
:10232000000000000000E0BF0000E0FE422EE63F9B
:102330000000E0FE422EE6BF763C7935EF39EA3DFB
:10234000763C7935EF39EABD3E5555555555C53F73
:1023500093BDBE166CC166BF2CDE25AF6A56113F19
:10236000F16BD2C541BDBBBED0A4BE726937663E1B
:1023700004FA97999999D93FAF788E1DC571CC3FD2
:102380009FC678D0099AC33F935555555555E53F9B
:10239000599322942449D23FDE03CB966446C73F2B
:1023A00044523EDF12F1C23F000000000000000076
:1023B0000040404040404040404041414141414058
:1023C000404040404040404040404040404040400D
:1023D000400502020202020202020202020202029C
:1023E00002202020202020202020200202020202A1
:1023F00002029090909090901010101010101010F9
:102400001010101010101010101010100202020204
:102410000202888888888888080808080808080848
:102420000808080808080808080808080202020244
:1024300040000000B1230408486F73743A206479A7
:102440006E7570646174652E6E6F2D69702E636F8A
:102450006D0D0A557365722D4167656E743A206D76
:1024600079636C69656E742F312E30206D65406E16
:10247000756C6C2E6E65740D0A0D0A00486F7374CE
:102480003A206D656D626572732E333332322E6F72
:1024900072670D0A417574686F72697A6174696F49
:1024A0006E3A2042617369632025730D0A55736586
:1024B000722D4167656E743A206D79636C69656E43
:1024C000742F312E30206D65406E756C6C2E6E65EC
:1024D000740D0A0D0A000000486F73743A206D6590
:1024E0006D626572732E64796E646E732E6F72679F
:1024F0000D0A417574686F72697A6174696F6E3A1A
:102500002042617369632025730D0A557365722D2E
:102510004167656E743A206D79636C69656E742FDE
:10252000312E30206D65406E756C6C2E6E65740DAD
:102530000A0D0A00474554202F6E69632F75706499
:102540006174653F73797374656D3D64796E646E13
:102550007326686F73746E616D653D2573266D79A2
:1025600069703D25752E25752E25752E25752677C6
:10257000696C64636172643D4F4646266D783D4EDA
:102580004F434847266261636B6D783D4E4F266F1F
:1025900066666C696E653D4E4F20485454502F312D
:1025A0002E300D0A00000000474554202F64796E3C
:1025B000646E732F7570646174653F7379737465AD
:1025C0006D3D64796E646E7326686F73746E616DB1
:1025D000653D2573266D7969703D25752E25752E0F
:1025E00025752E25752677696C64636172643D4F8D
:1025F0004646266D783D4E4F434847266261636BE1
:102600006D783D4E4F266F66666C696E653D4E4F28
:1026100020485454502F312E300D0A004745542085
:102620002F646E733F757365726E616D653D2573C2
:102630002670617373776F72643D257326686F73BC
:10264000746E616D653D25732669703D25752E2577
:10265000752E25752E257520485454502F312E3057
:102660000D0A00008426040800000060F80700003E
:10267000B008040844280408F8070060A8C9070047
:102680007A0A04081184A24A04680D0102030406B0
:102690000708090204060810691401581AAA010360
:1026A0006AF8EF029B010A2B019D3A01CC700E548F
:1026B000656D636F436F6E74726F6C733914B0091C
:1026C0002050726F647563741AFF0101FF1152018B
:1026D0000262FF0A24FF64499001A60976AC120346
:1026E000CBB80B8900271802030405060708090A5E
:1026F0000B0C0D0E0F1011121314151617181923A9
:102700002526271A1B1C1D1E1F2021222414A1F779
:102710000372081E2194030825041E878D03082BCD
:1027200008180A4B8F0308FD9103084D0C011C1E6D
:10273000EF4B0308F5041AE3041E7F4C0308A504BD
:10274000411AC910411A07107CE349014472031E63
:10275000EB610308F1041ADF041EBB620308E10405
:10276000411AC510415A331079EB69381A4E38199D
:10277000041ADF041E1150030837043938191001F8
:10278000146A02A81A53A819041AE3041ABD0418FB
:102790000AAD54030869560308990C411BA9575008
:1027A0008A4AA872051EDF640308E5041AD3041AD6
:1027B000F704180A5965030855660308B90C011493
:1027C0007204180AFB67030801680308EF081AB5CA
:1027D000081ADB04411AD510011472061E89AB03D6
:1027E000088F041A7D041A97041ABB04410B14CFF6
:1027F000AD3872111E17AE030821041A0B041A25F6
:10280000041A4904410A15F13872801E83BB03087B
:1028100089041A7704411AC1085E5FBC03086D1071
:10282000011072131E65BD030863041A6B0441583E
:102830000A45BE0308BDBF030839100111026A042E
:042840000A29011848
:04000005080081313D
:00000001FF
