:020000040800F2
:108000000020002035A20008158200081B8200080D
:10801000478200084F8200085782000800000000D5
:108020000000000000000000000000004D8100087A
:10803000658200080000000091810008DBD1000883
:10804000AFA20008AFA20008AFA20008AFA20008CC
:10805000AFA20008AFA20008AFA20008AFA20008BC
:10806000AFA20008AFA20008AFA20008AFA20008AC
:10807000AFA20008AFA20008AFA20008AFA200089C
:10808000AFA20008AFA20008AFA20008AFA200088C
:10809000AFA20008AFA20008AFA20008AFA200087C
:1080A000AFA20008AFA20008AFA20008AFA200086C
:1080B000AFA20008D1AD0008AFA20008AFA200082F
:1080C000AFA20008AFA20008AFA20008AFA200084C
:1080D000AFA20008FD9A0208979A0208719A020856
:1080E000AFA20008AFA20008AFA20008AFA200082C
:1080F000AFA20008AFA20008AFA20008AFA200081C
:10810000AFA20008AFA20008AFA20008AFA200080B
:10811000731D0308AFA2000843AE0008AFA2000819
:10812000AFA20008AFA20008AFA20008AFA20008EB
:10813000DFF80CD038F03EF800480047ABB3020837
:108140000020002080F3088870470000224B196847
:108150000868B0E8F00F80F30988BFF36F8F4FF025
:10816000000080F311884EF00D0E704700000000F3
:1081700006480068006880F3088862B661B6BFF3FD
:108180004F8FBFF36F8F00DF00BF00BF08ED00E02F
:10819000EFF30980BFF36F8F0F4B1A6820E9F00FE0
:1081A000106008B54FF0BF0080F31188BFF34F8F08
:1081B000BFF36F8F04F032F84FF0000080F31188A6
:1081C000BDE8084019680868B0E8F00F80F3098836
:1081D000BFF36F8F704700BF44000060EFF305806E
:1081E00070470000014800687047000030000060E0
:1081F000A0F16101192900D82038704770470000AC
:1082000054656D636F4D696E695F61726D00009FAB
:108210001800000018A038F07FBB1A4F1A4D1B4CF5
:108220004FF4E1380126404605F07EF8C7F8886132
:108230002978E82029F097FB238BE28A297814A07B
:1082400038F06AFBEFE718A038F066FBFBE719A0EF
:1082500038F062FBFBE71AA038F05EFBFBE71CA0DE
:1082600038F05ABB1CA038F057BB1DA038F054BBE7
:108270001DA038F051BB00004E4D49206661756C61
:108280007400000000002242C603006048FA036048
:1082900068617264206661756C742025752025758F
:1082A000202575200D0A00004D656D204661756C16
:1082B00074200000427573204661756C74200000C4
:1082C0005573616765204661756C7420000000007D
:1082D000535643200000000044656275672000008B
:1082E00050656E20000000005379735469636B2061
:1082F000000000000CB500224C4800920192016879
:1083000041F4803101604FF4A063016801F4003151
:1083100001910099491C0091019911B90099994264
:10832000F3D10168890333D50121019140490A68DD
:1083300042F010020A600A6822F003020A600A682A
:1083400042F002020A604168416041684160416850
:1083500041F480614160416821F47C1141604168D1
:1083600041F4E8114160016841F0807101600168E9
:108370008901FCD5416821F003014160416841F069
:10838000020141604168C1F381010229FAD10CBDAB
:1083900001920CBD254810B5016841F00101016052
:1083A0004168244A114041600168234A114001603C
:1083B000016821F480210160416821F4FE014160DF
:1083C0004FF41F018160FFF795FF1C494FF00060DB
:1083D000086010BD154A10B55068194B10F00C011B
:1083E000184803D0042901D0082901D0036012E005
:1083F0005168536801F470114FF0020413F4803F88
:1084000004EB914102D053689B0301D50E4B00E071
:108410000B4B5943016051680A4AC1F30311121D05
:10842000515C0268CA40026010BD000000100240AA
:10843000002002400000FFF8FFFFF6FE08ED00E01C
:1084400000127A000000006000093D00284908433E
:1084500028490860704730B50F23C278017801259C
:10846000F2B1244A126801F1E02102F4E062C2F59F
:10847000E062120AC2F10404D3404278A240847838
:108480001C401443220181F80024007800F01F01F1
:108490008D404009800000F1E020C0F8005130BD5F
:1084A00001F01F0085404809800000F1E020C0F87D
:1084B000805130BD104A114001430E48001F016039
:1084C00070470C4A121D0029116801D0014300E0D9
:1084D0008143116070474FF0E0210428086903D000
:1084E00020F004000861704740F00400FAE7000043
:1084F0000000FA050CED00E080FFFF1FC74910B532
:10850000884202D1012144150AE0C549884202D1BE
:108510000121041504E0C34988420AD10121CC039A
:10852000204600F0DAFC2046BDE81040002100F0B3
:10853000D4BC10BD10B54268BB4B0C791A400B6817
:1085400042EA0422134343608268B84BD1F80640E4
:108550001A40D1F80A3023434C7942EA44021343CB
:108560008360C26A897B22F47002491EC9B242EA62
:108570000151C16210BD0021016001714171C0F85B
:108580000610C0F80A100121817370470029816824
:1085900002D041F0010101E021F00101816070474A
:1085A0000029816802D041F4807101E021F48071DA
:1085B00081607047002A4268C9B201D00A4300E0D6
:1085C0008A4342607047816841F0080181607047CA
:1085D000014600208968090700D50120704781689D
:1085E00041F0040181607047014600208968490715
:1085F00000D5012070470029816802D041F4A00114
:1086000001E021F4A00181607047014600208968E3
:10861000490200D5012070474268491E22F4604299
:1086200042EA4131416070470029416802D041F47B
:10863000006101E021F400614160704770B50726D8
:1086400009290AD9C568A1F10A0404EB4404A6402B
:10865000B543A3401D43C56007E0056901EB410434
:10866000A640B543A3401D4305611F23072A09D235
:10867000446B521E02EB820293409C4391400C4398
:10868000446370BD0D2A09D2046BD21F02EB820233
:1086900093409C4391400C43046370BDC46A0D3AFF
:1086A00002EB820293409C4391400C43C46270BD34
:1086B0000029816802D041F4801101E021F4801189
:1086C00081607047C06C80B2704754484C3000687D
:1086D00070470029416802D041F4806101E021F433
:1086E0008061416070470029416802D041F48051A7
:1086F00001E021F4805141607047826822F4E04239
:108700000A43826070470029816802D041F4004129
:1087100001E021F40041816070470029816802D0A6
:1087200041F4021101E021F4021181607047014619
:1087300000208968890200D50120704770B507269E
:1087400009290AD9C568A1F10A0404EB4404A6402A
:10875000B543A3401D43C56007E0056901EB410433
:10876000A640B543A3401D430561836BC3F3015489
:10877000121B921C02EB82021F249440A3439140DF
:108780000B43836370BD826B491E22F4401242EAA0
:1087900001518163704708B508440090026008BD2C
:1087A00008B5084428300090006880B208BD4268CF
:1087B0001F4B1A400A434260704741628262704711
:1087C000426822F01F020A43426070471349083191
:1087D0000028086802D040F4000001E020F4000006
:1087E000086070470246002012680A4200D001204B
:1087F0007047C9430160704710B5024600205468B5
:108800000B0AC9B20C401168194202D0002C00D0EA
:10881000012010BD6FEA1121016070470024014062
:1088200000280140003C0140FFFEF0FFFDF7F1FF92
:10883000FFFD3FFF01684FF6FE721140016000210D
:10884000016041608160C1606A496A4A08399042AA
:1088500003D1486840F00F0006E0664A14329042A7
:1088600004D1486840F0F00048607047614A2832FF
:10887000904203D1486840F47060F5E75D4A3C32AD
:10888000904203D1486840F47040EDE7594A5032B5
:10889000904203D1486840F47020E5E7554A6432BD
:1088A000904203D1486840F47000DDE7514A7832C5
:1088B000904203D1486840F07060D5E74E4A111FDE
:1088C000904203D1086840F00F0006E04A4A143293
:1088D000904204D1086840F0F00008607047464AB2
:1088E0002832904203D1086840F47060F5E7424AAC
:1088F0003C32904203D1086840F47040EDE73E4AB4
:1089000050329042EAD1086840F47020E5E730B573
:10891000026847F6F0739A438B680C6A4D692343EB
:108920000C692C4323438C692343CC6923434C6A51
:1089300023438C6A234313430360CA6842600A6876
:1089400082604968C16030BD002101604160816082
:10895000C160016141618161C16101624162816205
:1089600070470029016802D041F0010102E04FF692
:10897000FE72114001607047002A026801D00A436C
:1089800000E08A430260704741607047406880B2EF
:10899000704702460020D10002D51749083901E08E
:1089A000144908390968114200D001207047C100FC
:1089B00003D51149091F086070470E4908394860FE
:1089C000704702460020D10002D50B49083901E06A
:1089D000084908390968114200D001207047C100D8
:1089E00003D50549091F08607047024908394860E6
:1089F0007047000008000240080402408F4910B58B
:108A0000884206D10121042000F067FA00210420E9
:108A10003BE08B49884206D10121082000F05DFA35
:108A20000021082031E08749884206D10121102029
:108A300000F053FA0021102027E08349884206D134
:108A40000121202000F049FA002120201DE07F496B
:108A5000884206D10121402000F03FFA0021402049
:108A600013E07B49884206D10121802000F035FACD
:108A70000021802009E0774988420AD1841501212C
:108A8000204600F02AFA00212046BDE8104000F000
:108A900024BA10BD10B50121084600F01EFA0021CD
:108AA000BDE81040012000F018BAF0B5CC780022E3
:108AB00004F00F03E40601D58C7823430C784FF0C3
:108AC0000F0C14F0FF0F4FF0010E1BD005680E883D
:108AD0000EFA02F42640A64210D196000CFA06F7D0
:108AE00025EA070703FA06F5CE783D43282E02D083
:108AF000482E02D002E0446100E00461521C082AC2
:108B0000E5D305600A88FF2A1CD94468002202F1D7
:108B100008060EFA06F50E882E40AE420ED19600DB
:108B20000CFA06F7BC4303FA06F7CE783C43282E2E
:108B300000D14561CE78482E00D10561521C082A2B
:108B4000E5D34460F0BD4FF6FF71018002218170D2
:108B50000421C17070470246002092680A4200D08A
:108B600001207047806880B2704702460020D268BA
:108B70000A4200D001207047C06880B2704701618E
:108B80007047416170470AB10161704741617047A8
:108B9000C160704741F48032826181618261816984
:108BA000806970472C4B10B51A684FF680742240CC
:108BB00042EA00100843186010BD2849C861704798
:108BC000F0B5254C002801DAE36900E06368450D43
:108BD0002E0185B2C0F30157B540C0F30342032F05
:108BE00005D0C6020AD503269640B34307E023F01A
:108BF0007062636823F07063636002E0AB4343F02C
:108C0000706201B12A43002801DAE261F0BD6260BE
:108C1000F0BD10B58A0721F003040F49120F21445B
:108C20000F238C6893409C438C608B689040034377
:108C30008B6010BD0949C1F8DC0070470008014095
:108C4000000C0140001001400014014000180140D8
:108C5000001C0140002001400000014000002042B3
:108C60000D49086070470C49486070470A498860A0
:108C7000704709494AF6AA200860704706494CF631
:108C8000CC4008607047044A01460020D2680A427E
:108C900000D001207047000000300040A548016866
:108CA00041F0010101604168A34A1140416001683F
:108CB000A24A11400160016821F4802101604168ED
:108CC00021F4FE0141604FF41F0181607047994912
:108CD0000A6822F480320A600A6822F480220A605C
:108CE000B0F5803F07D0B0F5802F03D1086840F47D
:108CF000A02008607047086840F48030F9E7034618
:108D0000002059098B4A01290AD002290AD0516A48
:108D100003F01F02012393400B4200D00120704753
:108D20001168F5E7116AF3E718B500204FF4A06465
:108D300000903120FFF7E3FF0099491C0091A14208
:108D400001D00028F5D03120FFF7D9FF002800D04E
:108D5000012018BD774A116821F0F80141EAC000EE
:108D600010607047764908607047724B5A68084334
:108D700022F47C12104358607047714908667047AE
:108D80006C4A516821F00301014351607047694802
:108D9000406800F00C007047664A516821F0F0010D
:108DA000014351607047634A516821F4E061014317
:108DB000516070475F4A516821F4605141EAC00038
:108DC000506070475B4A0029517A01D0014300E0AE
:108DD0008143517270475A49C1F8D8007047554ACB
:108DE000516821F4404101435160704751490022CC
:108DF00081F8202081F82020012802D0042802D107
:108E0000052081F8200070474E49086070474949A5
:108E10000A6A02430A6270474A4944390860704747
:108E200030B5444A5168484B11F00C0103D0042975
:108E300001D0082901D0036012E05168536801F4A1
:108E400070114FF0020413F4803F04EB914102D003
:108E500053689B0301D53D4B00E03B4B59430160F8
:108E600051680F2303EA1111394B5C5C0168E14042
:108E700041605468072505EA14241C5D21FA04F4B6
:108E80008460546805EAD4241B5DD940C1605268EF
:108E9000032303EA92322E4B1B1F9A5CB1FBF2F1C3
:108EA000016130BD234A0029516901D0014300E02E
:108EB0008143516170471F4A0029916901D00143E4
:108EC00000E08143916170471A4A0029D16901D0BD
:108ED000014300E08143D1617047164A0029D168FF
:108EE00001D0014300E08143D1607047114A00295D
:108EF000116901D0014300E08143116170471149BC
:108F00004039086070470E49C86470470949C87104
:108F100070470848416A41F0807141627047054AD4
:108F20000146002092680A4200D0012070470149A2
:108F300088727047001002400000FFF8FFFFF6FE45
:108F4000000042428004424200127A0000093D00C3
:108F500018000060424A0029118801D0014300E056
:108F60008143118070473E48001D018841F0100187
:108F7000018070473A48001D018821F010010180EE
:108F8000704737481C30008835491831098840EA55
:108F90000140704700B50246FFF7E5FF3049100C6D
:108FA00018310880081D02805DF804EBE2E700B587
:108FB0000246FFF7D8FF2A49C2F303400831088070
:108FC000081D02805DF804EBD4E700B50246FFF708
:108FD000CAFF2349100C20310880081D02805DF86B
:108FE00004EBC7E71E48103000880007010B1C483F
:108FF00014300088084370471948001D018889060D
:10900000FCD570471648001D018821F00801018039
:1090100001880907FCD570470146114A0020121D3E
:1090200012880A4200D0012070470D49091D0A88A4
:1090300082430A8070470A49091D0988C2B211405B
:10904000074A1288024202D009B10120704700206D
:1090500070470349091D0A8882430A80704700004F
:1090600000280040994910B588420AD18414012192
:109070002046FFF732FF2046BDE810400021FFF7F1
:109080002CBF9349884202D10121041404E0914984
:1090900088420AD10121C4132046FFF727FF20464A
:1090A000BDE810400021FFF721BF10BD30B5028898
:1090B0004C8802F441530A88CD8822438C882C4383
:1090C00022430C8922434C8922438C892243CC8938
:1090D00022431A430280828B22F400628283098A2F
:1090E000018230BDF0B505460C4602200021AA8B56
:1090F00085B001264FF240031A40AA832884AF8B23
:10910000A268022A21D0A08800B102266846FFF793
:1091100087FEE1880098B1F5007F2CD07101B0FB8B
:10912000F1F000EB8000A1684000B0FBF1F0401DC1
:1091300080B20A21B0FBF1F000F00101401A4FF6B5
:10914000FF72C0F34F0002EA0121821EFE2A01D302
:1091500002200021E288084302432A842088618893
:10916000A2890843A18811430843384340F40060B2
:10917000A88305B0F0BD000AD3E70021018041803B
:109180008180C180018141818181C181072101826A
:1091900070470021018041808180C180022282606D
:1091A000818170470029018802D041F0400101E02F
:1091B00021F04001018070470029818B02D041F4E9
:1091C000806101E021F480618183704709090123F6
:1091D0008B40002A828899B201D00A4300E08A437A
:1091E00082807047002A828801D00A4300E08A43C7
:1091F000828070478181704780897047A1F57E42E7
:109200000188FF3A02D041F4807101E021F48071BD
:10921000018070470029818802D041F0040101E0FB
:1092200021F0040181807047028822F400620280EC
:1092300002880A4302807047018841F4805101800E
:1092400070470029018802D041F4005101E021F467
:10925000005101807047012901D0008B7047808A3E
:109260007047008A7047B1F5804F018803D021F420
:1092700080410180704741F48041FAE702460020B6
:1092800012890A4200D001207047C943018170470A
:1092900030B501F00F030125024605FA03F4002062
:1092A000A3B2090905FA01F49188A4B212892140F8
:1092B0001A4202D0002900D0012030BD01F00F0277
:1092C00001219140C94301817047000000300140F5
:1092D00000380040003C0040F94910B5884202D1F6
:1092E0000121C41486E0B0F1804F09D0F5498842CD
:1092F0000DD101210220FFF7F9FD0021022064E0D9
:1093000001210846FFF7F2FD002101205DE0EE4952
:10931000884206D101210420FFF7E8FD0021042046
:1093200053E0EA49884206D101210820FFF7DEFD1B
:109330000021082049E0E649884206D10121102099
:10934000FFF7D4FD002110203FE0E249884206D11A
:1093500001212020FFF7CAFD0021202035E0DE4951
:10936000884202D10121441444E0DC49884202D100
:109370000121CC043EE0DA49884202D101210C05EA
:1093800038E0D849884202D101214C0532E0D64963
:10939000884206D101214020FFF7A8FD002140208E
:1093A00013E0D249884206D101218020FFF79EFDBB
:1093B0000021802009E0CE4988420AD1841501218C
:1093C0002046FFF793FD00212046BDE81040FFF73F
:1093D0008DBDC849884202D101210C040AE0C6496A
:1093E000884202D101214C0404E0C44988420AD1D8
:1093F00001218C042046FFF770FD2046BDE8104097
:109400000021FFF76ABD10BD30B50288AC4CB24DEB
:10941000A0420DD0A8420BD0B0F1804F08D0A94B8C
:10942000984205D0A84B984202D0A84B984203D14D
:1094300022F070034A881A43A54B984206D0A54BE8
:10944000984203D022F44073CA881A4302808A8863
:1094500082850A880285A0420AD0A84208D0A54A7F
:10946000904205D0A44A904202D0A44A904201D131
:10947000097A01860121818230BD30B5028C22F04B
:1094800001020284028C8388048B22F0020224F001
:1094900073050C882C430D8915434A882A43884D4F
:1094A000A8420BD08C4DA84208D0924DA84205D0BE
:1094B000914DA84202D0914DA8420DD122F008054D
:1094C0004A8923F440732A4322F004058A882A43F8
:1094D0008D891D43CB892B4383800483C988818672
:1094E000028430BD70B5028C22F010020284028C1E
:1094F0008388048B0D8824F4E6464FF6FF7404EA53
:10950000052535430E8922F0200204EA061616438B
:109510004A8804EA02123243694EB04202D06E4ECB
:10952000B04215D122F080064A8923F4406304EA50
:109530000212324322F040068A8804EA02123243C1
:109540008E8904EA86061E43CB8904EA83033343EB
:1095500083800583C9880187028470BD70B5028C41
:1095600022F480720284028C8388848B0D8824F01C
:10957000730425430E894FF6FF7422F4007204EA47
:10958000062616434A8804EA022232434C4EB04271
:1095900002D0514EB04215D122F400664A8923F41C
:1095A000405304EA0222324322F480668A8804EAA5
:1095B000022232438E8904EA06161E43CB8904EA4E
:1095C0000313334383808583C9888187028470BDF8
:1095D00070B5028C22F480520284058C8288838BC1
:1095E0000C8823F4E6464FF6FF7303EA0424344361
:1095F00025F400560D8903EA053535434E8803EA04
:1096000006362E432E4DA84202D0334DA84205D136
:1096100022F480458A8903EA82122A438280848365
:10962000C988A0F84010068470BD828B22F4406285
:109630008283828B4FF6FF7303EA01210A43828300
:109640007047828B22F00C028283828B0A438283D2
:109650007047028B22F440620283028B4FF6FF7345
:1096600003EA01210A4302837047F0B5048C24F019
:1096700010040484078B048C4FF6FF7527F473479E
:1096800005EA03333B4305EA02221A430C4B05EA81
:10969000011698420ED0104B98420BD0B0F1804F7B
:1096A00008D0084B984205D0074B984202D0074B90
:1096B000984225D124F02001314341F0100124E0EB
:1096C000002C01400004004000080040000C004055
:1096D000001000400014004000340140004C0140E4
:1096E000005001400054014000180040001C0040A0
:1096F000002000400040014000440140004801407B
:1097000024F0A0030B4343F0100102830184F0BD59
:10971000028B22F00C020283028B0A430283704701
:1097200070B5048C24F001040484058B048C4FF67E
:10973000FF7606EA0313134325F0F305F84A2B439B
:1097400090420ED0F74A90420BD0B0F1804F08D033
:10975000F54A904205D0F54A904202D0F44A904230
:1097600002D124F0020201E024F00A020A4342F08E
:1097700001010383018470BD2DE9F84F0D460446B5
:109780000888E74FDFF89CC3DFF89C83DFF89C93E1
:109790004988AA882B894FF0804A48B304282FD0E3
:1097A0004FF6FF760828934632D0208C9E4620F450
:1097B00080502084A38B208C06EA0132009223F48F
:1097C000734306EA0B221A4306EA0E331343BC42E4
:1097D0000AD0644508D0544506D0444504D04C45D1
:1097E00002D0D34A944242D120F40050009940E084
:1097F0002046FFF795FFE9882046BDE8F84F87E748
:109800002046FFF732FFE9882046BDE8F84F20E701
:10981000208C20F480702084B4F81CE0208C06EAB0
:10982000031306EA01222EF0F30E43EA0B0343EA88
:109830000E030092BC420AD0644508D0544506D0BD
:10984000444504D04C4502D0B94A944203D120F497
:109850000070009901E020F42060084340F480701B
:10986000A3832084E9882046BDE8F84FE9E620F488
:109870000240084340F48050A3832084E9882046B6
:10988000BDE8F84FD1E62DE9F0410C4600264988A5
:109890000746012501B90226A288012A00D1022526
:1098A000208823890028384610D0FFF7DEFEE188A3
:1098B0003846FFF7CEFE23892A4631463846FFF761
:1098C0002FFFE1883846BDE8F04121E7FFF728FF88
:1098D000E1883846FFF71CFF23892A46314638467F
:1098E000FFF7C3FEE1883846BDE8F041B1E610B5A8
:1098F0000A884B88CC881A438B8823431A430B89E8
:109900001A434B8989891A430A43A0F8442010BDA1
:109910004FF6FF71818000210180C180418001727A
:1099200070470021018041808180C1800181418197
:109930008181C181704700210180418001228280A4
:10994000C180018170470021018041808180C180F8
:1099500001814181818170470029018802D041F055
:10996000010101E021F0010101807047002930F878
:10997000441F02D041F4004101E0C1F30E01018017
:109980007047002A828901D00A4300E08A4382811D
:109990007047818270471143A0F848107047002A31
:1099A000828901D00A4300E08A438281704701899D
:1099B00021F0070101817047028922F070020A43F9
:1099C0000281704700B50346FFF7F6FF188940F0A3
:1099D0000700188100BD70B516460D466029044683
:1099E0004FF0010231460AD0FFF79AFE2946204681
:1099F000FFF7E2FF208940F00700208170BDFFF7EC
:109A000034FEF3E730B504894FF6FF7505EA03230A
:109A10001343E4B20B432343038130BD10B5044626
:109A2000FFF7F0FF208940F07700208110BD10B5CE
:109A30000446FFF7E7FF208940F48040208110BDF5
:109A4000018582827047028822F070020A430280F8
:109A5000704770B50589048B068C25F007050D430A
:109A60004FF6FC410C4040F201110C434FF6FF71E0
:109A700001EA031126F022061143314305810483D4
:109A8000018470BD028B22F070020A43028370478A
:109A9000028B4FF6FF7322F4E04203EA01211143E7
:109AA00001837047828B22F070020A4382837047E1
:109AB000828B4FF6FF7322F4E04203EA0121114347
:109AC000818370470029018802D041F0800101E0C4
:109AD00021F08001018070470029818802D041F087
:109AE000040101E021F00401818070470029818890
:109AF00002D041F0080101E021F0080181807047A7
:109B00000029818802D041F0010101E021F001012A
:109B100081807047028B22F008020A43028370475B
:109B2000002C0140003401400004004000080040C7
:109B3000000C0040028B4FF6FF7322F4006203EA30
:109B4000012111430183EAE7828B22F008020A43D4
:109B50008283E4E7828B4FF6FF7322F4006203EA0C
:109B6000012111438183DAE7028B22F004020A43C8
:109B70000283D4E7028B4FF6FF7322F4806203EA7C
:109B8000012111430183CAE7828B22F004020A43B8
:109B90008283C4E7828B4FF6FF7322F4806203EA6C
:109BA000012111438183BAE7028B22F080020A432C
:109BB0000283B4E7028B4FF6FF73C2F30E0203EA8F
:109BC000012111430183AAE7828B22F080020A431C
:109BD0008283A4E7828B4FF6FF73C2F30E0203EA7F
:109BE0000121114381839AE7028C22F002020A4389
:109BF000028494E7028C22F008020A4302848EE772
:109C0000028C4FF6FF7322F0200203EA0111114388
:109C1000018484E7028C4FF6FF7322F0800203EA8E
:109C20000111114301847AE7028C4FF6FF7322F48D
:109C3000007203EA01211143018470E7028C4FF6A0
:109C4000FF7322F4006203EA01211143018466E7F5
:109C5000028C4FF6FF7322F4005203EA01311143E4
:109C600001845CE710B50123048C8B409C43048481
:109C7000038C8A401343038410BD10B50423048C65
:109C80008B409C430484038C8A401343038410BD9F
:109C900030B50124058C00F118038C40A5430584E0
:109CA00089B108290FD0091FC1F34E00184401687B
:109CB00021F4E041016001684FF6FF7303EA0222DC
:109CC0001143016030BD03EB5100016821F07001C8
:109CD00001600168F4E70029018802D041F0020127
:109CE00001E021F00201018019E70029018802D07A
:109CF00041F0040101E021F0040101800FE7002997
:109D0000818802D041F0800101E021F08001818052
:109D100005E7028822F00802028002880A430280D6
:109D2000FDE6828822F07002828082880A43828067
:109D3000F5E6028922F00702028102890A430281C4
:109D4000EDE6028922F08002028102890A43028143
:109D5000E5E68184E3E68185E1E68186DFE6018749
:109D6000DDE68187DBE6A0F84010D8E6028822F421
:109D70004072028002880A430280D0E6808ECEE6DE
:109D8000008FCCE6808FCAE6B0F84000C7E6808C32
:109D9000C5E6008DC3E602460020128A0A4200D0C2
:109DA0000120BCE6C9430182B9E602460020138ABD
:109DB00092890B4202EA010202D0002A00D001205F
:109DC000ADE6C9430182AAE6C44910B588420AD16A
:109DD00001218C032046FFF780F82046BDE81040A3
:109DE0000021FFF77AB8BE49884202D101214C0414
:109DF00010E0BC49884202D101218C040AE0BA4932
:109E0000884202D10121CC0404E0B84988420AD139
:109E100001210C052046FFF769F82046BDE81040F7
:109E20000021FFF763B810BD30B50446008A85B045
:109E30000D464CF6FF710840E98801432182A08954
:109E40004EF6F3110840A9882A8911436A89024312
:109E50001143A181A08A4FF6FF410840A98901431F
:109E6000A1826846FEF7DCFF9C48844201D103983A
:109E700000E00298A189090400EBC00101EB001089
:109E8000296801D5490000E08900B0FBF1F06422A7
:109E9000B0FBF2F109010B096FF018056B4300EB01
:109EA0008300A3891D044FF0320306D503EBC000E5
:109EB000B0FBF2F000F0070005E003EB0010B0FB90
:109EC000F2F000F00F000843208105B030BD4FF4E0
:109ED0001651016000218180C18001810C224281E4
:109EE0008181704710B5028A4FF2FF031A400B8838
:109EF0004C8823438C88C9880C4323431343038233
:109F000010BD0021018041808180C18070470029FF
:109F1000818902D041F4005101E021F40051818196
:109F2000704710B5C1F3421301F01F040121A14095
:109F3000012B07D0022B07D01430002A026805D06D
:109F40000A4304E00C30F8E71030F6E78A43026079
:109F500010BD002A828A01D00A4300E08A4382822F
:109F60007047028A22F00F020282028A0A430282AA
:109F70007047828922F40062828182890A43828149
:109F800070470029818902D041F0020101E021F0EF
:109F9000020181817047028A22F020020282028A35
:109FA0000A43028270470029018A02D041F48041AD
:109FB00001E021F4804101827047C1F308018180F2
:109FC00070478088C0F308007047818941F0010123
:109FD00081817047028BD2B20283028B42EA012157
:109FE00001837047028B02F47F420283028B0A4393
:109FF000028370470029818A02D041F0200101E0EC
:10A0000021F02001818270470029818A02D041F02D
:10A01000100101E021F01001818270470029818A3E
:10A0200002D041F0080101E021F00801818270476F
:10A030000029818902D041F4004101E0C1F30E0101
:10A04000818170470029818A02D041F4006101E0DA
:10A0500021F4006181827047828A22F004028282A8
:10A06000828A0A43828270470029818A02D041F0A5
:10A07000020101E021F002018182704702460020C6
:10A0800012880A4200D001207047C94301807047FE
:10A0900070B501F01F0501260024C1F3421306FA32
:10A0A00005F2012B0FD0022B0FD0838A4FEA11212A
:10A0B0000088134206FA01F600EA060001D000B15A
:10A0C0000124204670BD8389F0E7038AEEE70A0A7F
:10A0D00001219140C94301807047000000380140D0
:10A0E0000044004000480040004C00400050004048
:10A0F00010B50120FEF703FFBDE810400020FEF779
:10A10000FEBE1F49086070471D49091F086070475F
:10A110001B498431086070471A4A118821F4607124
:10A12000014311807047174A118821F07F010143D4
:10A1300011807047134A08B52C3A10440090016012
:10A1400008BD104908B52C3908440090008808BDA6
:10A150000B489C300068C0B270470A48083001883C
:10A1600041F00101018070470548A0300068C0B28D
:10A17000704704480830018841F0020101807047AF
:10A1800004860D422C6C004010B501210C072046BE
:10A19000FEF7ACFE2046BDE810400021FEF7A6BE4B
:10A1A0002149086270472049086170471F4A1168B9
:10A1B00021F0E0010143116070471B49C1F8A00084
:10A1C00070471A4B1A6822F0030202431A601848BB
:10A1D000026842F004020260012905D020BF016834
:10A1E00021F004010160704730BFF8E70F480168B3
:10A1F00041F004010160016841F0020101600C4876
:10A20000016841F00401016030BF7047074A014610
:10A21000002052680A4200D00120704703490A68B2
:10A2200042EA80000860704700000E420070004063
:10A2300010ED00E04FF480701D4908604FF4F0709D
:10A240001C4908601C481D4908604FF0BB301C4980
:10A2500008601C481C4908604FF0BB301B4908606F
:10A260001B481C4908601C481C49086018481C49C8
:10A2700008604FF044301B49086041F201004FF084
:10A28000204108604FF44070174908606FF070403B
:10A29000164908601648804716480047FEE7FEE763
:10A2A000FEE7FEE7FEE7FEE7FEE7FEE7FEE7FEE786
:10A2B0001410024018100240BB44BBB4001401400B
:10A2C00004140140BB4444B4001801400418014088
:10A2D000BBBBBB44001C01404444BBBB041C01404D
:10A2E0000020014004200140040000A0040100A05F
:10A2F00095830008318100089C4A4FF400410028F2
:10A3000002D01046FEF73BBC1046FEF73ABC974A17
:10A310004FF48071002802D01046FEF730BC104682
:10A32000FEF72FBC4FF480719048FEF714BC4FF439
:10A3300000418E48FEF70FBC38B501212420FEF7FE
:10A34000BAFD4FF40144ADF8004010208DF8030031
:10A3500003208DF80200854D69462846FEF7A5FBCF
:10A3600021462846FEF70BFC38BD10B57F48001D7E
:10A37000016821F00F010160016841F003010160F3
:10A380000120FFF7C4FF0120FFF7B6FF042003F010
:10A3900069F90020FFF7BBFF042003F063F9BDE873
:10A3A00010400020A8E710B57048001D016821F09A
:10A3B0000F010160016841F0030101600020FFF717
:10A3C0009BFF0020FFF7A3FF042003F04BF90120BF
:10A3D000FFF792FF0120FFF79AFFBDE8104004202D
:10A3E00003F040B970B50120FFF786FF022003F0AB
:10A3F00039F90020FFF780FF00255C4C241D206800
:10A4000020F00F002060206840F003002060012051
:10A41000FFF77DFF206820F00F002060206840F0EB
:10A4200008002060FFF77EFF40B16D1CEDB2642D87
:10A43000E5D30020FFF760FF012070BD052003F089
:10A4400011F9002070BD10B50020FFF755FF4748F7
:10A45000001D016821F00F010160016841F0030156
:10A4600001600020FFF753FF022003F0FBF80120FA
:10A47000FFF742FF022003F0F5F8BDE8104000208E
:10A480003AE710B50020FFF737FF3848001D016894
:10A4900021F00F010160016841F00301016001201A
:10A4A000FFF735FF022003F0DDF80120FFF724FF5E
:10A4B000022003F0D7F8BDE8104000201CE770B57B
:10A4C00005462A48001D016821F00F01016001685E
:10A4D00041F0030101600020FFF70EFF0024E809AE
:10A4E000FFF715FF6806050E022003F0BBF80120F8
:10A4F000FFF702FF022003F0B5F80020FFF7FCFE93
:10A50000022003F0AFF8641CE4B2082CE7D370BD5E
:10A5100070B5064600241548001D016821F00F01A2
:10A520000160016841F00801016000250020FFF78B
:10A53000E3FE022003F096F80120FFF7DDFE60063F
:10A54000040EFFF7EFFE08B1641CE4B2012003F033
:10A5500089F86D1CEDB2082DE8D31EB1FFF773FF2B
:10A56000204670BDFFF78DFFFAE7000000080140AC
:10A57000FFF7E2BE10B50446FFF7F7FE200AA02160
:10A5800001EB4000C0B2FFF79AFFFFF72BFFE0B2EC
:10A59000FFF795FFFFF726FFFFF7E7FEA120FFF784
:10A5A0008EFFFFF71FFF0020FFF7B2FF0446FFF703
:10A5B000FAFE204610BD70B504460D46FFF7D5FEE5
:10A5C000200AA02101EB4000C0B2FFF778FFFFF79F
:10A5D00009FFE0B2FFF773FFFFF704FF2846FFF71C
:10A5E0006EFFFFF7FFFEFFF7DEFEBDE870400520BF
:10A5F00003F057B82DE9F04106460D4617460024F2
:10A6000009E0E00025FA00F0C1B2301980B2FFF78E
:10A61000D2FF641CE4B2BC42F3D3BDE8F0812DE963
:10A62000F04102460E4600200024971908E005027A
:10A63000381B401E80B2FFF79DFF2844641CE4B223
:10A64000B442F4D3E9E710B5FF20FFF793FF552894
:10A650000AD05521FF20FFF7AEFFFF20FFF78AFF4A
:10A66000552803D0012010BD002010BD002010BDD2
:10A6700070B504460E46154608E02046641CA4B298
:10A68000FFF778FF06F8010B6D1EADB2002DF4D177
:10A6900070BD70B506460D46144606E02978304672
:10A6A000FFF789FF761CB6B26D1C641EA4B2F5D20A
:10A6B00070BD00000146FE48028822F03802028088
:10A6C00002880A4302800121FEF76CBD2DE9F041AA
:10A6D000074600244FF48055F54E06E0641CA4B2F2
:10A6E000AC4202D30020BDE8F08102213046FEF7E3
:10A6F000C5FD0028F2D039463046FEF77BFD002428
:10A7000005E0641CA4B2AC4201D30020EBE70121B8
:10A710003046FEF7B3FD0028F3D03046FEF76CFD5F
:10A72000C0B2E0E72DE9F04F87B00446012141F2C5
:10A730003400FEF7C0FBE020ADF818004FF0180819
:10A740008DF81B8003268DF81A60DA4D06A928467D
:10A75000FEF7ABF9E0212846FEF711FA4FF00209A7
:10A76000ADF818908DF81A604FF0100A8DF81BA004
:10A7700006A9D148FEF799F9D04D95F82300022893
:10A7800001D006280AD10820ADF818008DF81A600B
:10A790008DF81BA006A9CA48FEF787F995F8230093
:10A7A00001274FF0000B092801D00B2818D10121F7
:10A7B0000802FEF780FB4FF48050ADF818008DF8CA
:10A7C0001A608DF81BA006A9BE48FEF76EF9ADF819
:10A7D0000A90ADF80C70ADF81080BB48C0F8B0B16D
:10A7E000ADF804B04FF48270ADF80600ADF808B0D3
:10A7F000B649B74A14B1012C12D021E0ADF80AB025
:10A80000ADF80CB03820ADF8100095F82300022800
:10A8100001D0062814D1C1F884B1C2F88C710FE0C0
:10A82000ADF80A90ADF80C70ADF8108095F82300E3
:10A83000022801D0062803D1C1F88471C2F88CB176
:10A840004FF40070ADF80E00ADF812B00720ADF86F
:10A850001400974D01A92846FEF728FC012128463F
:10A86000FEF7A0FCFF20FFF731FFFF20FFF72EFFD0
:10A87000FF20FFF72BFF012C05D01820FFF71AFF50
:10A8800007B0BDE8F08F3820FFF714FFF8E7014666
:10A890009048028822F03802028002880A4302802F
:10A8A0000121FEF77FBC2DE9F041074600244FF45B
:10A8B0008055884E05E0641CA4B2AC4201D3002050
:10A8C00011E702213046FEF7D9FC0028F3D03946C3
:10A8D0003046FEF78FFC002405E0641CA4B2AC42B5
:10A8E00001D30020FFE601213046FEF7C7FC002817
:10A8F000F3D03046FEF780FCC0B2F4E670B586B007
:10A9000001213820FEF7D7FA0121C803FEF7DCFA4F
:10A910003820ADF8140018268DF8176003248DF840
:10A9200016406D4D05A92846FEF7BFF83821284688
:10A93000FEF725F961481022550190F823000128FF
:10A940000AD0052808D0042817D0072815D00C28CD
:10A9500013D0082811D01FE02020ADF814008DF886
:10A9600016408DF81720544C05A92046FEF79DF897
:10A9700020212046FEF705F90EE0ADF814508DF8C1
:10A9800016408DF817204E4C05A92046FEF78DF88D
:10A9900029462046FEF7F5F80020ADF800004FF4F8
:10A9A0008271ADF80210ADF804000221ADF8061076
:10A9B0000121ADF80810ADF80C60ADF80A50ADF803
:10A9C0000E000720ADF81000424C69462046FEF705
:10A9D0006DFB01212046FEF7E5FBFF20FFF763FF3B
:10A9E0003820FFF754FF06B070BD01463B4802888F
:10A9F00022F03802028002880A4302800121FEF719
:10AA0000D1BB2DE9F041074600244FF48055334E69
:10AA100005E0641CA4B2AC4201D3002063E602212D
:10AA20003046FEF72BFC0028F3D039463046FEF7BF
:10AA3000E1FB002405E0641CA4B2AC4201D3002079
:10AA400051E601213046FEF719FC0028F3D03046CC
:10AA5000FEF7D2FBC0B246E630B587B00121082030
:10AA6000FEF729FA01218803FEF72EFA4FF460441D
:10AA7000ADF8184018208DF81B0003208DF81A003F
:10AA8000154D06A92846FEF710F821462846FEF780
:10AA900076F801A8FEF771FB0020ADF804004FF432
:10AAA0008271ADF80610ADF80800ADF80A0017E0A5
:10AAB0000030014000080140001001407EEB0360BF
:10AAC0000014014000200140000024420000224206
:10AAD00000802242003C0040000C01400038004051
:10AAE000ADF80C006915ADF80E103821ADF8101056
:10AAF000ADF812000720ADF81400084C01A920465B
:10AB0000FEF7D4FA01212046FEF74CFBFF20FFF7A9
:10AB100078FF1020FFF769FF07B030BD0038004014
:10AB2000A448A3494160A44941607047A148016914
:10AB300041F08001016170479E48C068C10701D0A3
:10AB400001207047410701D502207047C00601D59A
:10AB5000032070470020704710B50446FFF7ECFF54
:10AB6000012803D0002C00D1FF2010BD012002F0ED
:10AB700079FD641E2404240CF0D1F5E770B5054678
:10AB800045F6FF763046FFF7E7FF002812D1894CE3
:10AB9000206940F0020020616561206940F04000BA
:10ABA00020613046FFF7D8FF012803D0216921F04A
:10ABB0000201216170BD70B506460D46FF20FFF70A
:10ABC000CBFF00280ED17B4C206940F001002061B2
:10ABD0003580FF20FFF7C0FF012803D0216921F055
:10ABE0000101216170BD00887047C10703D030F8B2
:10ABF000010C000A70470088C0B270472DE9F0418F
:10AC000016460F460546002407E037F8141028467C
:10AC1000FFF7D1FF641CA4B2AD1CB442F5D3BDE86C
:10AC2000F08110B5002305E030F8024B21F8134005
:10AC30005B1C9BB29342F7D310BD2DE9F05F154624
:10AC4000A0F1006288468246B2F5002F51D272B65A
:10AC5000FFF766FFC2F34906D70AC6F58064A5422E
:10AC600000D82C46DFF854B14FF0006000EBC7204D
:10AC700081464FF480625149FFF7D3FF00204FF621
:10AC8000FF7206E033183BF81310914203D1401CC9
:10AC900080B2A042F6D3A04224D24846FFF76EFF0E
:10ACA00000205A4606E038F810108319401C22F89C
:10ACB000131080B2A042F6D348464FF480623F4959
:10ACC000FFF79CFFA54211D0281B08EB44080AEBB4
:10ACD000440A002685B24FF480647F1CA542C3D885
:10ACE0002C46C1E7224641465046E9E7FFF71EFFE2
:10ACF00062B6BDE8F09F70B50D4604460023304EA5
:10AD000008E0B44208D22046FFF76FFFE8545B1C0E
:10AD10009BB2641C9342F4D370BD13B5012201A908
:10AD2000FFF78BFF1CBD2DE9F04707460024A0F17B
:10AD3000006090460D46B0F5002F24D200264FF457
:10AD40008069DFF880A014E0687815F8021B4A4695
:10AD500001EB00202AF81400641CA4B2944206D12E
:10AD6000002418493846FFF749FF07F50067B61C6D
:10AD7000B6B24645E8D3002C05D022463846BDE899
:10AD8000F04710493AE7BDE8F08710B501680E4A70
:10AD90001140B1F1005F09D141680C4C216000689D
:10ADA000FDF7D0F92068BDE81040004710BD000055
:10ADB0002301674500200240AB89EFCDE00F006022
:10ADC00000000880E00700600000FE2F28000060FF
:10ADD00010B54F4C01212046FEF7DDFF2046BDE8AF
:10ADE00010400121FEF7DEBF7FB504460D4601216C
:10ADF0000220FEF769F8ADF80840ADF804500024D1
:10AE0000ADF80A40ADF80640414D01A92846FEF7CD
:10AE1000FBFA1D218DF800108DF8014002218DF8FC
:10AE2000021001218DF803106846FDF714FB012282
:10AE300011462846FEF7A5FD01212846FEF78CFDA8
:10AE40007FBD70B5BF20EFF3118480F31188BFF38D
:10AE50004F8FBFF36F8F23F0E7FE2E4D0121284661
:10AE6000FEF799FF2C4A012802D15068401C50601F
:10AE70002A480168491C016011880020B1F57A7FD9
:10AE800002D2491C118004E0254B1968491C196045
:10AE9000108024490A88521C0A800A8842F21073E2
:10AEA0009A4200D9088001212846FEF77BFF84F3EF
:10AEB000118870BD7FB504460D4601211020FEF7B4
:10AEC00003F8ADF80840ADF804500020ADF80A00D2
:10AED000ADF806000F4C01A92046FEF795FA362181
:10AEE0008DF8001001218DF8011003228DF8022049
:10AEF0008DF803106846FDF7AEFA01221146204690
:10AF0000FEF73FFD01212046FEF726FD7FBD000034
:10AF100000040040001000402C000060240200608B
:10AF20008C030060B0070060F8B501215820FDF7E0
:10AF3000C2FF4020ADF8000010258DF80350032417
:10AF40008DF80240FE4E69463046FDF7AEFD2902FF
:10AF5000ADF800108DF803508DF802406946F948AD
:10AF6000FDF7A3FDADF8005048208DF803008DF8E3
:10AF700002406946F448FDF798FD40213046FDF750
:10AF800000FE0A2002F08DFB40213046FDF7F7FD60
:10AF90000A2002F086FB40213046FDF7F2FD0A2030
:10AFA00002F07FFB40213046FDF7E9FD0A2002F068
:10AFB00078FB40213046FDF7E4FD0A2002F071FBEA
:10AFC00040213046FDF7DBFD0A2002F06AFB4021FC
:10AFD0003046FDF7D6FD0A2002F063FB40213046E3
:10AFE000FDF7CDFD0A2002F05CFBF8BD2DE9F04134
:10AFF00004460D46D34F4FF4805631463846FDF790
:10B00000C0FD05F01F002043FFF7FBFCFF20FFF70A
:10B01000F8FC0446280603D5FF20FFF7F2FC04469F
:10B0200031463846FDF7ABFD2046BDE8F0812DE9FD
:10B03000F04104460D469046C24F4FF480563146CB
:10B040003846FDF79EFD05F01F002043FFF7D9FCB1
:10B050004046FFF7D6FC31463846BDE8F041FDF7E3
:10B060008EBD2DE9F04105460C46B64F4FF4805693
:10B0700031463846FDF785FD3A20FFF7C2FC05E072
:10B080006D1E0020FFF7BDFC04F8010B002DF7D169
:10B090000020207031463846BDE8F041FDF76FBD15
:10B0A0002DE9F04104460D46A64F4FF48056314637
:10B0B0003846FDF766FD7A20FFF7A3FC04E0641E26
:10B0C0002878FFF79EFC6D1C002CF8D131463846DD
:10B0D000BDE8F041FDF753BD70B505469B4E05F048
:10B0E0006004307884420BD003221F21A020FFF798
:10B0F0009EFFC5F341121F218020FFF798FF347097
:10B1000070BD10B504462046FFF7E6FF2146BDE8B6
:10B11000104000206AE770B505460C462846FFF748
:10B12000DBFF22462946BDE8704040207FE770B52E
:10B130000D4600240146D420FFF7EDFFE9B2D620EA
:10B14000FFF7E9FFC5F30721D720FFF7E4FF40F63B
:10B15000FF7501E0641CA4B2EA20FFF7D2FFC0072C
:10B1600001D0AC42F6D370BD70B505460024FFF7A0
:10B17000DBFE4FF4FA7609E0FF2200211046FFF7CC
:10B1800056FF641CA4B20A2002F08BFA1D20FFF7C0
:10B19000B8FFC00701D1B442EED3B44201D30120BD
:10B1A00070BD6A490020486000210820FFF7B3FF06
:10B1B00000210920FFF7AFFF00210C20FFF7ABFFB4
:10B1C00000210D20FFF7A7FF10210A20FFF7A3FFA2
:10B1D0001A210B20FFF79FFF11210420FFF79BFF8F
:10B1E0001A210520FFF797FFFF210620FFF793FFA5
:10B1F0001F210720FFF78FFFA1213820FFF78BFFCA
:10B200003F212820FFF787FF30212920FFF783FF08
:10B21000F9213020FFF77FFFF7213120FFF77BFF77
:10B220000D21C020FFF777FF0021C120FFF773FF3A
:10B230003322C2218020FFF7FAFE1221C620FFF739
:10B240006AFF0C21C720FFF766FF1521C420FFF716
:10B2500062FFEE21CA20FFF75EFF0521CB20FFF73A
:10B260005AFF2978E420FFF756FF6978E520FFF7B9
:10B2700052FFA978E220FFF74EFFE978E320FFF7BD
:10B280004AFF2979E020FFF746FF6979E120FFF7BF
:10B2900042FF4FF4807421460020FFF748FF21460B
:10B2A0001020FFF744FF1F20FFF716FFC0221B21CD
:10B2B0008020FFF7BCFE04221F218020FFF7B7FE8D
:10B2C000E420FFF71EFF2978884201D1002070BDDD
:10B2D000012070BD722014E770B505460E4611219D
:10B2E0000220FFF718FF1A210320FFF714FF41F691
:10B2F00011202C18E1B20620FFF70DFFC4F307213F
:10B300000720FFF708FF002211467A20FFF78FFE83
:10B3100031462846FFF7C4FE08221F218020FFF790
:10B3200086FE1C20FFF7EDFE084C800719D5082289
:10B330001F21A020FFF77BFEA078401CC0B207E0D1
:10B3400000180140000C0140001001403400006072
:10B35000A070142801D919F03EFA04F0E9FE00208B
:10B3600070BD0020A070012070BD2DE9F04107469E
:10B370000E463920FFF7C5FEE8B3334C0020217993
:10B38000FFF7C9FEA088C0F307210120FFF7C3FE25
:10B3900000213A20FFF72AFE606000213A20FFF7E3
:10B3A00025FE616841EA0020606000213A20FFF735
:10B3B0001DFE054600213A20FFF718FE45EA00254C
:10B3C0002D1F00213A20FFF711FE804600213A2070
:10B3D000FFF70CFE48EA00207F1EBD420ED96078C0
:10B3E000401CC0B26070142801D919F0F4F904F0BF
:10B3F0009FFE002019E6FFE7002016E600060BD4AA
:10B400006078401CC0B26070142801D919F0E3F9CB
:10B4100004F08EFE002008E60020607031462846C9
:10B42000FFF71FFE21790C20FFF775FEA088C0F3FF
:10B4300007210D20FFF76FFE40221E218020FFF71D
:10B44000F6FD2846F1E500003400006030B56423C5
:10B45000B0FBF3F4B0FBF3F5E4B203FB1500132CDF
:10B4600001D96430C0B200EB90030724B3FBF4F5BC
:10B4700004FB1533B64D1A440D44800715F8015CE2
:10B480002A4492B203D1032901D2521E92B2B2FBD6
:10B49000F4F004FB102030BD81070CD16421B0FB17
:10B4A000F1F201FB120141B94FF4C871B0FBF1F2A6
:10B4B00001FB120008B100207047012070472DE900
:10B4C000F043DFF890820746B0FBF8F3A24816007D
:10B4D0000C4601D1002101800188994235D00380BA
:10B4E00040F2B2754FF4B77C4FF4B6790CE02846C1
:10B4F000FFF7D2FF20B1634508D3A3F5B77301E08E
:10B50000A3F26D136D1CADB24B45F0D8A5F5FA65ED
:10B51000A571581CDFF838C2A4F8070000250CF10B
:10B520000C0C0CE0A079FFF7B7FF08B1012D44D057
:10B530001CF80500984204D81B1A6D1CADB21C2BD8
:10B54000F0D26D1C65715B1CE370B7FBF8F108FB72
:10B5500011704FF46161B0FBF1F2A270B0FBF1F237
:10B5600001FB12033C22B3FBF2F36370B0FBF1F377
:10B5700001FB1300B0FBF2F102FB11002070A07977
:10B58000E278617900F5FA60FFF760FF2071012E23
:10B5900011D1A179714801F5FA6101806179817059
:10B5A000E178C170217901716D48A17801706178ED
:10B5B000417021788170BDE8F0831D2BC1D31D3B04
:10B5C000BBE710B5FDF7DDFC01226649FFF777FF09
:10B5D000002010BD2DE9F05F99468C46DDE90AABED
:10B5E000002300F11E019046822902D30120BDE80C
:10B5F000F09F40F2B27400F5FA655B4E5B4F08E0D5
:10B600002046FFF749FF08B1334400E03B44641C87
:10B61000A4B2AC42F4D3ACF1010C4D4F0CF0FF06D8
:10B6200000240C37DFF82CC10EE0385D40F2A32176
:10B63000484303EBC013A8B2FFF72EFF10B1012C53
:10B6400000D16344641CA4B2B442EED340F2A321FF
:10B6500008FB01F003EBC0113E48C9EB4912404220
:10B660000144C2EB092001EB0011CAEB0A1001EB07
:10B67000800000EB0B0401214FF0C050FDF724FCCB
:10B680000120FEF78DFD0C9911B92046FDF782FCD3
:10B69000FDF7B2FC2046AAE73EB500240420FEF7E1
:10B6A00050FD45F25005A84246D001214FF0C05050
:10B6B000FDF70AFC0120FEF773FDFEF719FD0120DE
:10B6C000FDF794FB08E0641CE4B20A2001F0E9FFF6
:10B6D000FA2C01D300203EBD4120FDF710FB0028CD
:10B6E000F1D04FF48070FDF792FB0120FDF794FB41
:10B6F000FDF782FCFDF786FC01210846FDF72AFCD8
:10B70000FDF77AFCFDF72FFC47F6FF70FDF74FFCC5
:10B71000FDF772FC002237212A208DE807000F2355
:10B720001B2208211020FFF755FFFDF723FC2946B7
:10B730000420FEF7FFFC07E0FDF764FC012108464A
:10B74000FDF708FCFDF758FCFFF73BFF01203EBD6D
:10B7500024160408805101003E0000608002006051
:10B7600085020060E01700600085E2018033E1019E
:10B77000FE4991F82310012913D0052911D004297D
:10B780000FD007290DD00C290BD0082909D0022988
:10B7900005D0062903D0092901D00B2903D1FEF7D2
:10B7A00095BFFFF780B87047F04890F82300012854
:10B7B00014D0052812D0042810D007280ED00C2849
:10B7C0000CD008280AD0022805D0062803D0092862
:10B7D00001D00B2805D13820FEF76CBF3820FFF7C9
:10B7E00056B87047E14890F82300012814D0052886
:10B7F00012D0042810D007280ED00C280CD008280E
:10B800000AD0022805D0062803D0092801D00B2829
:10B8100005D11820FEF74EBF1820FFF738B8704743
:10B82000D248012190F82300012813D0052811D017
:10B83000CF4A042811D007280FD00C280DD0082893
:10B840000BD002280CD006280AD009280BD00B28D0
:10B8500009D00AE0C748016007E0C2F8A41104E07B
:10B86000C2F88C1101E0C4480160FF2080E770B588
:10B87000002441F6FF75FF20FFF77AFFFF2806D06E
:10B88000641CFDF7F6F9AC42F5D3012070BD002031
:10B8900070BD10B5B548002190F82300012813D0E1
:10B8A000052811D0B24A042811D007280FD00C283F
:10B8B0000DD008280BD002280CD006280AD0092861
:10B8C0000BD00B2809D00AE0AA48016007E0C2F8B3
:10B8D000A41104E0C2F88C1101E0A7480160FFF751
:10B8E000C6FF18B1FFF79CFF012010BD002010BD5E
:10B8F00070B505464FF6FF7401E0641EA4B2FF2048
:10B90000FFF736FFA84201D0002CF6D10CB1002081
:10B9100070BDFF2070BD70B504460D46FE20FFF7D8
:10B92000E7FF30B1012070BDFF20FFF721FF04F8D1
:10B93000010B6D1EADB2F7D2FF20FFF719FFFF20FC
:10B94000FFF716FF002070BD70B505460C46FFF7E7
:10B950008EFF08B1012070BD2046FFF709FFFD2CC6
:10B9600018D000244FF40076285DFFF701FF641C17
:10B97000A4B2B442F8D3FF20FFF7FAFEFF20FFF78E
:10B98000F7FEFF20FFF7F4FE00F01F00052801D0AE
:10B99000022070BD002070BD70B505460C461646ED
:10B9A000FFF73EFFFFF775FF08B1FF2070BD45F0C0
:10B9B0004000FFF7DDFE200EFFF7DAFEC4F307407C
:10B9C000FFF7D6FEC4F30720FFF7D2FEE0B2FFF781
:10B9D000CFFE3046FFF7CCFE0C2D02D1FF20FFF743
:10B9E000C7FE1F24FF20FFF7C3FE0106DED5641E3D
:10B9F000E4B2F7D270BD70B50546012200210A20DD
:10BA0000FFF7CAFF044624B910212846FFF783FF39
:10BA10000446FFF705FF0CB1012070BD002070BD8A
:10BA200070B50546012200210920FFF7B5FF044645
:10BA300024B910212846FFF76EFF0446FFF7F0FEF9
:10BA40000CB1012070BD002070BD1FB56846FFF726
:10BA5000E7FF10B1002004B010BD9DF800100120D8
:10BA6000B0EB911F09D19DF808209DF8091000EB5B
:10BA70000220084480B28002EDE79DF805009DF8A1
:10BA80000A1000F00F0000EBD1109DF8091001F032
:10BA9000030100EB41019DF808009DF80720800993
:10BAA00000EB82009DF8062002F0030200EB8220EA
:10BAB000401CC91F8840CEE72DE9F8432B4890F879
:10BAC0002300012812D0052810D004280ED0072802
:10BAD0000CD00C280AD0082808D0022809D0062843
:10BAE00007D0092805D00B2803D005E0FEF706FF94
:10BAF00002E00120FEF716FEFFF756FE0024FF20AD
:10BB0000FFF736FE641CA4B20A2CF8D302240021ED
:10BB100095220846FFF740FF0546012D02D0641E1E
:10BB2000A4B2F4D2154F00263E70012D73D18722A6
:10BB30004FF4D5710820FFF72FFF4FF6FE74012850
:10BB40002FD00F49088C401C088401220021372087
:10BB5000FFF722FF012200212920FFF71DFF012806
:10BB60005DD802203870012200210BE07EEB0360DB
:10BB70000080224294012242B00124424000006031
:10BB800048FA03603720FFF707FF01220021292030
:10BB9000FFF702FF054628004ED0641EA4B2E2D291
:10BBA0004AE00026E846FF20FFF7E2FD08F806001D
:10BBB000761CB6B2042EF6D39DF80200012843D1BC
:10BBC0009DF80300AA283FD1460701220021372013
:10BBD000FFF7E2FE012231462920FFF7DDFE054690
:10BBE00015B1641EA4B2F0D2ACB1012200213A20FA
:10BBF000FFF7D2FE78B90024FF20FFF7B9FD08F85F
:10BC00000400641CA4B2042CF6D39DF80000400686
:10BC100002D50620387017E00420387014E00120A7
:10BC20003870012200211046FFF7B6FE05462800B5
:10BC300002D0641EA4B2F4D22CB101225102102011
:10BC4000FFF7AAFE00B13E70FFF7EAFDFFF7CAFD5D
:10BC5000387810B10020BDE8F8830DB12846FAE726
:10BC6000AA20F8E72DE9F041064615463848007845
:10BC7000062800D049024FF40077012D1AD0012286
:10BC80001220FFF789FE39463046FFF744FE04468E
:10BC900006F500766D1E15F0FF0501D0002CF2D0E0
:10BCA000012200210C20FFF777FEFFF7B9FD2046A7
:10BCB000BDE8F08101221120FFF76EFE044620004E
:10BCC000F3D139463046FFF726FE0446EDE770B55E
:10BCD00006460C4615461E480078062800D0640229
:10BCE000012D13D0012809D0012200213720FFF7B0
:10BCF00053FE012229461720FFF74EFE012221465E
:10BD00001920FFF749FE04466CB11DE001222146CF
:10BD10001820FFF741FE0446B4B9FE213046FFF774
:10BD200013FE044610E0FC213046FFF70DFE06F539
:10BD300000766D1E15F0FF0501D00028F3D0FD211F
:10BD40000020FFF701FE0446FFF76AFD204670BDA4
:10BD5000400000602DE9F041054601F02AFAF94E55
:10BD6000B068401CB0603068F74F10B1706930B3F4
:10BD70002BE03560B068012827D1002404EB840053
:10BD800007EB800000F0A8FE641C142CF6D3EF48EB
:10BD900000F0A2FEED48143000F09EFEEB48283083
:10BDA00000F09AFEE9483C3000F096FEE74850303B
:10BDB00000F092FEE54870631430B06305E030682F
:10BDC000E96AC06A884200D83560706A0121401C67
:10BDD0007062E86A326981401143316100EB800092
:10BDE00007EB8000291D00F085FE01F0EEF9706977
:10BDF00000280CD03068E96AC06A884207D2D4496A
:10BE00004FF080500860BFF34F8FBFF36F8FBDE8D6
:10BE1000F0812DE9FF5F8346DDE90E8799461646DE
:10BE20008A46900001F0F6F905001AD0542001F07E
:10BE3000F1F9040012D025630021CDE90241CDE9DA
:10BE400000874B4632465146584600F0B1FD204629
:10BE5000FFF780FF012004B0BDE8F09F284601F005
:10BE60002FFA4FF0FF30F6E770B5044601F0A1F964
:10BE7000B44D04B92C68201D00F060FE58B9E06A8A
:10BE8000B14A00EB800152F8211021B90121814013
:10BE9000286988432861A06A18B104F1180000F0ED
:10BEA0004DFE686A401C68622868844208D1A74831
:10BEB000211D3C3000F01EFE6868401C686007E0F1
:10BEC000A868401EA860204600F0C3FD00F0B4FD45
:10BED00001F07BF9686900280AD02868844207D1FC
:10BEE0009B494FF080500860BFF34F8FBFF36F8FB7
:10BEF00070BD2DE9F041934F0026386B38B1B86919
:10BF0000401CB861F86900B1012630467FE7FD6842
:10BF10006D1CFD6008D1786BB96B7963B863386AC2
:10BF2000401C386200F088FDB86ADFF81C82854248
:10BF300009D3786B006880B1786BC068C4686068AA
:10BF400085420DD2B8623868C06A00EB800158F8AB
:10BF500021000128D6D90126D4E74FF0FF30F1E7C0
:10BF6000201D00F0EBFDA06A18B104F1180000F0EC
:10BF7000E5FDE06A01213A6981401143396100EB36
:10BF8000800108EB8100211D00F0B4FDE06A3968F2
:10BF9000C96A8842CDD30126CBE72DE9F0470024BA
:10BFA000274601F006F9674D286B401E2863286B71
:10BFB000F0BBA868654928310126C8B3DFF888912D
:10BFC0008846D8F80010E9B1D8F80C00C46804F12C
:10BFD000180000F0B3FD201D00F0B0FDE06A2A69F2
:10BFE00006FA00F11143296100EB800109EB8100A1
:10BFF000211D00F07FFDE06A2968C96A8842E0D30C
:10C00000EE61DEE70CB100F017FDAC693CB1FFF763
:10C0100070FF00B1EE61641EF9D10020A861E869EB
:10C0200030B14B49012738070860BFF34F8F00E05C
:10C0300001E0BFF36F8F01F0C8F83846BDE8F08724
:10C040002DE9F0413F4E0F460446F5683068001D6B
:10C0500000F074FD38B9306890F82C100120884049
:10C06000316981433161601C08D13FB13168BDE85D
:10C07000F04136485030091D00F03CBD30682C447A
:10C08000AC424460316805D2B06BBDE8F041091D97
:10C0900000F03CBD706B091D00F038FDB06A8442B1
:10C0A00000D2B462B3E62748016B491C01637047B4
:10C0B00070B50E4605460023FFF7F5FF2148C2681C
:10C0C0002C68A119944202D98C4202D804E08C4217
:10C0D00001D8914200D9012329601BB1881A00219F
:10C0E000FFF7AEFFFFF759FF002807D118494FF0BF
:10C0F00080500860BFF34F8FBFF36F8F70BD10B5D6
:10C10000020009D0FFF7CFFF00211046FFF798FF8C
:10C11000FFF743FF002807D10D494FF0805008601A
:10C12000BFF34F8FBFF36F8F10BD10B5044601F002
:10C1300040F80CB903480468E46A01F046F8204668
:10C1400010BD000044000060EC1700607C19006026
:10C1500004ED00E0BF22EFF3118182F31188BFF3F9
:10C160004F8FBFF36F8F08B9FD480068C06A81F335
:10C17000118870472DE9F04100260D460446142928
:10C1800000D3132501F015F8F54F04B93C68606C35
:10C19000A8423FD03968854206D98C4207D0396819
:10C1A000C96AA94202D902E08C4200D10126E16AA3
:10C1B0008846884200D1E5626564A069002802DBF8
:10C1C000C5F11400A061E74D08EB8800616905EB3B
:10C1D0008000814215D1201D00F0B0FC012120B962
:10C1E0003A6901FA08F082433A61E06A3A698140AB
:10C1F0001143396100EB800005EB8000211D00F048
:10C2000079FC3EB1D8494FF080500860BFF34F8FA2
:10C21000BFF36F8FBDE8F04100F0D7BFD04A106B7D
:10C2200010B10120D06170470020D0611069CD4964
:10C23000B0FA80F0C0F11F0000EB800001EB80003D
:10C2400000F10803416849684160994201D1496899
:10C250004160C8681060704770B5044600F0A9FFDF
:10C26000BF4D04B92C68201D00F068FC58B9E06A85
:10C27000BC4900EB800251F8221021B90121814014
:10C28000286988432861A06A18B104F1180000F0F9
:10C2900055FC211DB54800F02DFC00F096FF6869A3
:10C2A00028B100F086FF00F0C7FB00F08EFF286881
:10C2B000844209D1686940B1AB494FF080500860B1
:10C2C000BFF34F8FBFF36F8F70BDA848A968006898
:10C2D000884202D10020286070BDBDE870409DE713
:10C2E00070B504002BD09E4D2868844227D000F002
:10C2F00060FF204600F0B7FBE8B1201D00F01EFCF7
:10C30000E06A01212A69814011432961954900EBC6
:10C31000800001EB8000211D00F0ECFBE06A296841
:10C32000C96A884207D390494FF080500860BFF334
:10C330004F8FBFF36F8FBDE8704000F046BF70BDF8
:10C340002DE9F04104460026BF20EFF3118580F36C
:10C350001188BFF34F8FBFF36F8F204600F083FB30
:10C36000F0B17F4F386B20B1804804F118012838B4
:10C3700014E0E06A3968C96A884200D30126201DAA
:10C3800000F0DCFBE06A01213A6981401143396128
:10C39000744900EB800001EB8000211D00F0AAFB36
:10C3A00085F31188304632E56E4E4FF080546E4D65
:10C3B00000F067FB30680128FAD92C60BFF34F8F7B
:10C3C000BFF36F8FF4E71CB5654800242C30CDE92E
:10C3D00000402346802266A16748FFF71AFD012826
:10C3E00011D1BF2080F31188BFF34F8FBFF36F8F40
:10C3F0005B484FF0FF31816201214161C460BDE8BB
:10C400001C4000F0C2BE1CBDBF2080F31188BFF3EA
:10C410004F8FBFF36F8F52490020486100F0C8BEB4
:10C420004F48C06870474E48C06870474C488068A5
:10C43000704708B94A48006834307047024610B562
:10C4400047480C4601681046183100F05FFB204653
:10C45000BDE810400121F3E5034641F0004010B56E
:10C460003F4914460A68906109681846183100F07F
:10C4700041FB2046BDE810400121E1E52DE9F041F6
:10C48000C068C46804F11800074600F057FB344D3B
:10C49000286B012660B135483946283800F02AFB60
:10C4A000E06A2968C96A884212D90120EE61AEE4C7
:10C4B000201D00F043FBE06A2A6906FA00F11143EF
:10C4C0002961284900EB800001EB8000211DE5E790
:10C4D00000209CE470B541F000410160C46800F0A8
:10C4E0002DFB201D00F02AFB1D4DE06A01262A6964
:10C4F00006FA00F1114329611A4900EB800001EBB3
:10C500008000211D00F0F6FAE06A2968C96A8842B5
:10C5100002D90120EE6170BD002070BD10490A6A89
:10C520000260C9684160704770B50D46044600F06E
:10C5300040FE0B49CA682868431C0FD02368096A6B
:10C540008B4202D06168914218D96168511A8142C8
:10C5500014D2401A28602046FFF7E0FF00240EE0C6
:10C5600044000060EC17006004ED00E0CC190060AE
:10C5700049444C4500000000A9C30008012400F014
:10C5800024FE204670BDF9490120C861704708B9F2
:10C59000F64800680021006B01E0401C491C02784D
:10C5A000A52AFAD0C1F38F007047F04800687047A1
:10C5B000EE48416919B1006B18B1002070470120A5
:10C5C00070470220704770B5040039D0E74DE06A2B
:10C5D0002968C96A884233D2A069002804DB286828
:10C5E000C06AC0F11400A061E06AE14E00EB800077
:10C5F000616906EB800081421FD1201D00F09EFA88
:10C60000012150B9E06A00EB800256F8222022B9DD
:10C610002A6901FA00F082432A612868C06AE06250
:10C620002A6981401143296100EB800006EB8000FC
:10C63000211DBDE8704000F05DBA2868C06AE06264
:10C6400070BD70B504004FF000002CD0A16C491EE5
:10C65000A164636CE26A9A4225D0002923D1201D8F
:10C6600000F06CFAC24AC149012350B9E06A00EBFC
:10C67000800552F8255025B90D6903FA00F085436D
:10C680000D61606CE062C0F11400A061E06A0D69A8
:10C6900083402B430B6100EB800002EB8000211DE7
:10C6A00000F028FA012070BDB04908680A68806966
:10C6B000D26A0968C2F114028A617047AB490868FE
:10C6C00018B10868826C521C82640868704770B5A3
:10C6D0000C46064600F06DFDA44D2868C06C80B97C
:10C6E0002968012081F850005CB101212046FFF744
:10C6F000A7FCA0494FF080500860BFF34F8FBFF3F5
:10C700006F8F00F062FD00F054FD2868C46C0020BB
:10C7100034B116B12968C86402E02A68611ED16488
:10C72000296881F8500000F050FD204670BD2DE9C9
:10C73000F0411E4615468846074600F03AFD8B4CF0
:10C74000206890F85000022814D02068C16CB943CA
:10C75000C1642168012081F850005EB1012130469A
:10C76000FFF76EFC83494FF080500860BFF34F8F96
:10C77000BFF36F8F00F029FD00F01BFD15B120689D
:10C78000C06C2860206890F8500001280DD0206807
:10C79000C16C21EA0801C16401252168002081F8EB
:10C7A000500000F012FD28467CE40025F5E72DE955
:10C7B000F0411F4690460D460446012600F0F9FC64
:10C7C0000FB1E06C386094F85000022184F85010EA
:10C7D000B8F1050F0ED2DFE808F00D03060C0A00D1
:10C7E000E16C294301E0E16C491CE16402E00228AC
:10C7F00003D0E564012802D020E000261EE0201DC1
:10C8000000F09CF9594DE06A01212A6981401143E9
:10C810002961574900EB800001EB8000211D00F0E9
:10C8200069F9E06A2968C96A884207D951494FF015
:10C8300080500860BFF34F8FBFF36F8F00F0C5FCCF
:10C8400030462FE42DE9F04704464FF00108BF20A1
:10C85000EFF31185DDF8209080F31188BFF34F8F3F
:10C86000BFF36F8F0BB1E06C186094F85000022397
:10C8700084F85030052A0ED2DFE802F00D03070CD1
:10C880000A00E26C0A43E26405E0E16C491C01E045
:10C89000022803D0E164012803D027E04FF000080C
:10C8A00024E0324E306B012778B104F11801324890
:10C8B00000F020F9E06A3168C96A884216D9B9F1F6
:10C8C000000F12D0C9F8007010E0201D00F036F9FA
:10C8D000E06A326907FA00F111433161244900EB43
:10C8E000800001EB8000211DE2E7F76185F31188EC
:10C8F0004046BDE8F0872DE9F04104468846BF2058
:10C90000EFF3118780F31188BFF34F8FBFF36F8F61
:10C9100094F85010022084F85000E06C401CE06451
:10C9200001292CD1114D286B012678B104F1180191
:10C93000114800F0DFF8E06A2968C96A88421ED908
:10C94000B8F1000F1AD0C8F8006018E0201D00F000
:10C95000F5F8E06A2A6906FA00F1114329610449F1
:10C9600000EB800001EB8000211DE2E74400006045
:10C97000EC17006004ED00E0A4190060EE6187F39D
:10C98000118810E510B558B1044600F012FC94F877
:10C990005000022807D0002400F017FC204610BDEC
:10C9A0004B480468F1E7002084F850000124F3E7C5
:10C9B0002DE9F0470E46DDE90984174682469100CD
:10C9C0009946089DA522206B32F0EEFC6FF0030122
:10C9D000206B01EB8701084420F007070020221894
:10C9E000315C82F83410315C11B1401C1028F6D350
:10C9F000002684F84360142D00D31325E562C4E9B2
:10CA00001156201D00F073F804F1180000F06FF8C3
:10CA10002461C5F114006462A061E66484F850608A
:10CA20004A465146384600F099FB2060B8F1000FA5
:10CA300001D0C8F800405CE72548416B096829B17E
:10CA4000416BC968C9684968816270474FF0FF311E
:10CA5000FAE710B50446006B00F032FC2046BDE852
:10CA6000104000F02DBC1B4B426900219A4206D1B8
:10CA7000806AA3F12802904201D000B90121084642
:10CA8000704770B5134E124D143E1CE0FFF70BFBC0
:10CA9000306820B10024FFF780FAA4B901E0012436
:10CAA000F9E700F086FBF068C468201D00F046F846
:10CAB000A868401EA8606868401E686000F085FB9A
:10CAC0002046FFF7C6FF68680028DFD170BD000070
:10CAD00044000060CC19006000F108014FF0FF3203
:10CAE000C0E90112C16001610021016070470021AD
:10CAF0000161704742684A6093688B60936859602F
:10CB0000916008610168491C0160704730B50C688C
:10CB1000621C02D000F1080202E0026904E01A4639
:10CB200053681D68A542FAD953684B6099608A60C2
:10CB3000516008610168491C016030BDD0E90132D3
:10CB400001699A60D0E901235A604A68824201D1A2
:10CB500082684A60002202610868401E08607047CF
:10CB600070B50D46044600F024FBD4E90F1220688E
:10CB700001FB020060600020A0632068A060014605
:10CB8000E06B401E00FB0210E0604FF0FF3084F8C5
:10CB9000440084F8450004F110004DB1FFF79CFFFC
:10CBA00004F12400FFF798FF00F00FFB012070BD97
:10CBB00021690029F8D0FFF761FC0028F4D0FF4973
:10CBC0004FF080500860BFF34F8FBFF36F8FEBE7DC
:10CBD00070B50D00064612D006FB05F0483000F097
:10CBE00019FB040009D004F1480120464DB1016051
:10CBF000C0E90F650121FFF7B3FF204670BD00209B
:10CC0000ECE70060F4E72DE9F041044600F0D1FACA
:10CC100094F9455004F1240609E0606A48B13046B1
:10CC2000FFF72CFC08B1FFF7AEFC6D1E6DB2002DB6
:10CC3000F3DC4FF0FF3684F8456000F0C6FA00F0F0
:10CC4000B8FA94F9445004F1100709E0206948B19A
:10CC50003846FFF713FC08B1FFF795FC6D1E6DB267
:10CC6000002DF3DC84F84460BDE8F04100F0ADBA7B
:10CC70002DE9F041856B174604460026026C82B10F
:10CC8000C7B1E06832F07EFBE168206C091AE16010
:10CC90002268914202D26168081AE060022F16D021
:10CCA00017E02068A8B96068FFF7CBFC06460020B3
:10CCB00060600EE0A06832F065FB216CA06808445B
:10CCC000A0606168884204D32068A06001E005B1DB
:10CCD0006D1E6D1CA5633046BDE8F0812DE9FF4F48
:10CCE000002683B09A468B460446B1464FF08057E3
:10CCF000DFF8C88200F05DFAA06BE16B884206D3D2
:10CD0000BAF1020F03D00598C8B1DEB11EE0524659
:10CD100059462046FFF7ACFF616A19B104F12400BF
:10CD2000FFF7ACFB28B1C8F80070BFF34F8FBFF31B
:10CD30006F8F00F04AFA012007B0BDE8F08F00F0D5
:10CD400044FA21E06846FFF7E9FB012600F03DFACE
:10CD5000FFF7A9F900F02DFA94F94400401C01D125
:10CD600084F8449094F94500401C01D184F8459022
:10CD700000F02BFA05A96846FFF7D6FB30B1204634
:10CD8000FFF741FFFFF709F90020D5E700F011FA9E
:10CD9000A06BE16B884201D1012500E0002500F085
:10CDA00014FA95B104F110000599FFF747FB2046EE
:10CDB000FFF729FFFFF7F1F800289BD1C8F80070B2
:10CDC000BFF34F8FBFF36F8F94E72046FFF71BFF32
:10CDD000FFF7E3F88EE710B5024600210120FFF7C8
:10CDE000F7FE041E07D00021416001600B460A4691
:10CDF000C160FFF773FF204610BD10B50446FFF772
:10CE0000D4FB616888420BD1E068401EE06005D128
:10CE100000231A4619462046FFF760FF012010BD87
:10CE2000002010BD30B4026C0B46002A0BD0C16844
:10CE30001144C1604468A14201D30168C16030BCA3
:10CE4000184632F09FBA30BC70472DE9FF4F0026DC
:10CE500083B09A468B460446B1464FF08057DFF8C0
:10CE60005C8100F0A6F9A56B35B359462046E6680B
:10CE7000FFF7D8FFBAF1000F11D0E660606A50B139
:10CE800004F12400FFF7FAFA28B1C8F80070BFF3E4
:10CE90004F8FBFF36F8F00F098F901204CE76D1EA4
:10CEA000A563206810B9FFF709FC606020690028BD
:10CEB000F1D004F11000E5E7059808B11EB106E0D5
:10CEC00000F083F927E06846FFF728FB012600F011
:10CED0007CF9FFF7E8F800F06CF994F94400401C85
:10CEE00001D184F8449094F94500401C01D184F8A4
:10CEF000459000F06AF905A96846FFF715FB002880
:10CF000020460AD0FFF77FFEFFF747F8204600F0E3
:10CF10000FF90028A5D000200EE700F009F9D8B1DC
:10CF2000206830B900F045F96068FFF74CFB00F06D
:10CF30004CF904F124000599FFF780FA2046FFF729
:10CF400062FEFFF72AF800288BD1C8F80070BFF303
:10CF50004F8FBFF36F8F84E72046FFF754FEFFF734
:10CF60001CF87EE770B50D460446FFF71EFB6168AE
:10CF7000884204D1E068401CE060012070BD0023BD
:10CF80002A4619462046FFF760FF0028F6D0E168E0
:10CF9000491CE16070BD2DE9F04104461746BF20F1
:10CFA000EFF3118680F31188BFF34F8FBFF36F8FBC
:10CFB000A06BE26B904208D3022B01E004ED00E08D
:10CFC00003D0002086F3118886E694F945501A466E
:10CFD0002046FFF74DFE681C04D06D1C84F84550B8
:10CFE0000120EFE7606A0028FAD004F12400FFF77F
:10CFF00045FA0028F4D0002FF2D001203860EFE786
:10D0000070B50D46BF21EFF3118481F31188BFF392
:10D010004F8FBFF36F8F816BC26B8A4217D990F924
:10D020004520491C8163511C04D0521C80F84520C6
:10D0300001200DE0416A0029FAD02430FFF71EFAE2
:10D040000028F5D0002DF3D001202860F0E7002063
:10D0500084F3118870BD2DE9F04104469046BF204D
:10D06000EFF3118780F31188BFF34F8FBFF36F8FFA
:10D07000A66BEEB194F944502046FFF7D3FE761E1E
:10D08000A663681C04D06D1C84F84450012010E095
:10D0900020690028FAD004F11000FFF7EFF900280A
:10D0A000F4D0B8F1000FF1D00121C8F80010EDE77D
:10D0B000002087F311880FE670B50446BF20EFF318
:10D0C000118580F31188BFF34F8FBFF36F8FA06B73
:10D0D00028B12046E668FFF7A5FE0120E66085F34B
:10D0E000118870BD10B5044600F063F8A46B00F021
:10D0F0006CF8204610BD10B5044600F05AF8D4E98B
:10D100000E10441A00F061F8204610BD806B704785
:10D1100000F0D6B8806B08B100207047012070473E
:10D12000816BC06B814201D10120704700207047A4
:10D1300010B5044600F03DF8A06B20B1002400F0CB
:10D1400044F8204610BD0124F9E70000BF2080F319
:10D150001188BFF34F8FBFF36F8FFEE710B5031F2A
:10D160004FF080741C601B1F21F001011960191F12
:10D17000244B0B60143940380A6010BD4FF0E0209A
:10D1800021494161072101617047204810B50168BC
:10D1900041F47F010160016841F07F410160FFF7C8
:10D1A000EDFF1B4900200860FAF7E2FF002010BDE8
:10D1B0007047BF2080F31188BFF34F8FBFF36F8F8D
:10D1C00013480168491C0160704711490868401EF6
:10D1D000086001D180F31188704710B5BF2080F33B
:10D1E0001188BFF34F8FBFF36F8FFEF782FE20B120
:10D1F00006494FF080501C390860002080F31188E8
:10D2000010BD00004DD100083F19010020ED00E0E5
:10D21000800000602DE9F04104460025FEF743FF41
:10D22000374E06F10801706801F1080368B9354806
:10D23000002720F00700C1E900074EF6F872C3E9A5
:10D240000072C0E90032012070603CB10834600710
:10D2500004D004F00700C0F108000444601E4EF63C
:10D26000F772904227D2264A0968083201E00A463E
:10D2700001464868A04202D208680028F7D19942C6
:10D2800019D015680868106048680835001B102818
:10D290000DD90B1958601A484C6008305C6800E0E2
:10D2A000104602685768A742FAD31A6003604868BC
:10D2B0003168081A3060FEF770FE2846BDE8F0813C
:10D2C00010B5002817D0A0F10804FEF7ECFE0C49B9
:10D2D0006068083100E011460A6853688342FAD357
:10D2E000226007480C606168026811440160BDE873
:10D2F0001040FEF752BE10BD0148006870477047ED
:10D3000084000060E8190060704770B50446C24DA3
:10D3100040212846FCF7B2FE0028F9D0A1B22846E9
:10D32000FCF74BFE204670BD2DE9F04186B0074664
:10D33000012144F23400FBF7BEFDB74D2846FCF74F
:10D3400043FD6815ADF8140003208DF81600182071
:10D350008DF81700DFF8C48205A94046FBF7A5FB4E
:10D360002E15ADF8146004248DF8174005A9404629
:10D37000FBF79BFBADF8144010248DF8174005A96E
:10D38000A748FBF792FB2001ADF814008DF8174079
:10D3900005A9A448FBF789FB25208DF8000000248F
:10D3A0008DF8014001208DF802008DF803006846D9
:10D3B000FBF751F801979C4BAA1493F851100229DE
:10D3C00025D0012928D0ADF80C40ADF8084093F8DD
:10D3D0005410012927D0022928D003292BD0ADF8D9
:10D3E0000A40ADF810400C20ADF80E0001A9284607
:10D3F000FCF71AFD012240F225512846FCF791FD69
:10D4000001212846FCF783FD06B0BDE8F081ADF8A8
:10D410000C60ADF80820DAE74FF4C060ADF80C00FE
:10D42000ADF80820D3E7ADF80A20DAE74FF4005052
:10D43000ADF80A00D5E74FF44050ADF80A00D0E748
:10D440002DE9F04387B0804601218804FBF73CFDBD
:10D4500001214820FBF72FFD744D2846FCF7B4FC52
:10D460002E15ADF8186003278DF81A7018208DF866
:10D470001B00DFF8BC9106A94846FBF716FBEC142D
:10D48000ADF8184004208DF81B0006A94846FBF7AC
:10D490000CFBADF8184010208DF81B0006A965485C
:10D4A000FBF703FB27208DF8040000248DF80540CE
:10D4B0008DF8067001208DF8070001A8FAF7CBFF60
:10D4C000CDF80880ADF80C405748AA1490F85310D6
:10D4D000022925D0012928D0ADF81040ADF80C4024
:10D4E00090F85610012927D0022928D003292BD0E3
:10D4F000ADF80E40ADF814400C20ADF8120002A9B2
:10D500002846FCF791FC012240F225512846FCF701
:10D5100008FD01212846FCF7FAFC07B0BDE8F083BE
:10D52000ADF81060ADF80C20DAE74FF4C061ADF84B
:10D530001010ADF80C20D3E7ADF80E20DAE74FF469
:10D540000050ADF80E00D5E74FF44050ADF80E0096
:10D55000D0E72DE9F04387B0074601214804FBF7E7
:10D56000B3FC01210420FBF7A6FC334E3046FCF748
:10D570002BFC0424ADF8184003258DF81A50182010
:10D580008DF81B00DFF8949006A94846FBF78DFA4A
:10D590004FF00808ADF818808DF81B4006A94846E2
:10D5A000FBF783FA204890F82310012901D00529C0
:10D5B00008D1ADF8188010208DF81B0006A9184876
:10D5C000FBF773FA26208DF8040000248DF805403F
:10D5D0008DF8065001208DF8070001A8FAF73BFFEF
:10D5E0000297ADF80C40ADF80E40ADF81040ADF824
:10D5F00014400C20ADF8120002A93046FCF714FCD0
:10D60000012240F225513046FCF78BFC01213046C7
:10D61000FCF77DFC81E70000003801400008014074
:10D6200000100140001401407EEB03600048004000
:10D63000000C014000180140004400404FF0E02180
:10D640000A6922F004020A61224AC0084FF47A7380
:10D6500010705843012353804861086940F001006D
:10D66000086170472DE9F0414FF0E02700247E6902
:10D670001849097800FB01F5FFF79BFDB969B86906
:10D680008842FCD002D2A1EB000102E0A6EB00022E
:10D6900011440C440146AC42F1D3BDE8F041FFF720
:10D6A00094BD70B50446FEF783FF01280CD0094DE8
:10D6B0006888844203D3B4FBF0F0FEF720FD68884D
:10D6C000B4FBF0F100FB11444FF47A706043BDE805
:10D6D0007040C7E7A000006010B504466160FAF72B
:10D6E00081FD206010BD01684268114401607047EF
:10D6F00010B50446FAF776FD206010BD10B504465B
:10D70000FAF770FD2168401A6168884201D3012050
:10D7100010BD002010BD0000FE490881704730B5E3
:10D72000C278FC4D0A443035D4B2EC70827802EBFA
:10D730001122D2B2AA7043786B7000782870B2EBD5
:10D74000112F05D25B1CDBB26B700BB9401C28702B
:10D75000C8B284420DD2521CD0B2A870002808D1A1
:10D760006878401CC0B26870002802D12878401C3C
:10D77000287030BD10B58B185B1E0BE04A780C7812
:10D7800002EB042292B2104480B2904201D2401CBB
:10D7900080B2891C9942F1D3994207D109780902D4
:10D7A000084480B2884201D2401C80B210BD010200
:10D7B00041EA102080B2704710B50A4601460020A9
:10D7C000FFF7D8FFBDE81040F1E710B51422D249A9
:10D7D0000020FFF7CFFF10B1BDE81040E7E74FF69C
:10D7E000FF7010BD10B5CC496FF013030E394A7CA1
:10D7F000097C03EB012111448CB2204480B2C6495C
:10D8000008220C31FFF7B6FFC34922461431FFF757
:10D81000B1FF10B1BDE81040C9E74FF6FF7010BD71
:10D820000620DFE71120DDE770B5BA4900224A7013
:10D83000BA4B487823F81020401CC0B248700A2820
:10D84000F7D34A70B64B322403F2FE35487800EB2A
:10D85000800606EB40161E4472762C54401CC0B263
:10D8600048700A28F2D34FF4806048814A70AB4B6D
:10D870001433487800EB4004C4EB401403EB440439
:10D88000A280401CC0B248700A28F2D370BD70B5A7
:10D89000002200230021A14D4DF20426143504027C
:10D8A00044EA102084B201EB4100C0EB411005EBCB
:10D8B00040008088B04200D10122844200D101237F
:10D8C000491CC9B20A29EED3142502B19BB9954867
:10D8D0000068B0F5967F0ED93C21B0FBF1F201FB58
:10D8E000120040B990490120087090490888401CF6
:10D8F00008808F4805800020894C002604F2FE3302
:10D9000000EB800101EB401121444A7E32B11A5CE8
:10D9100012B1521E1A5401E04E761D54401CC0B282
:10D920000A28EDD370BD2DE9F041074688467C4CAE
:10D93000784D4FF4FA4300266889401C80B2688114
:10D94000984202D34FF4805068816E70687800EB83
:10D95000800101EB40100219507E28B16889FFF761
:10D9600026FF91888842E7D06878401CC0B2687072
:10D970000A28EBD300226E70687800EB800101EB7F
:10D9800040110B19597E11B1072902D008E01A463F
:10D990000BE022B1997E92F81AC0614500D91A466F
:10D9A000401CC0B268700A28E6D32AB30220507621
:10D9B00058482C30017811734178517381789173F4
:10D9C000C078D07340F6CA705082908201201082D5
:10D9D000D67690760320107696751020D0756889DB
:10D9E000FFF7E5FE9080A2F80680388810807888DE
:10D9F00050801046BDE8F0810020FBE72DE9F041A2
:10DA000005460F46454C0026424B4FF4FA484FF46A
:10DA1000805214345889401C80B25881404500D34C
:10DA20005A815E705889FFF7C2FE0146587800EBB4
:10DA3000400CCCEB401C04EB4C0CBCF804C0614522
:10DA4000E8D0401CC0B258700A28EBD300205E70AA
:10DA50005A7802EB4201C1EB421104EB4101898883
:10DA600099B1521CD1B259700A29F1D3A8B1598980
:10DA70000A0242EA11218180C78085B1298801808C
:10DA80006988418040210172B4E7587800EB400179
:10DA9000C1EB401004EB4000E8E70020AAE7066075
:10DAA000F0E730B51B4A002555701C4B517833F810
:10DAB0001140844203D1507823F8105030BD491CE6
:10DAC000C9B251700A29F1D330BD10B5114A0021F5
:10DAD0005170124B517833F811402CB1491CC9B226
:10DAE00051700A29F6D310BD517823F8110010BDEA
:10DAF00010B5084C0146606A0830FFF710FE04F1CB
:10DB00003001606A0A7802724A7842728A788272B8
:10DB1000C9780FE0AC000060EE090160541B0160A1
:10DB2000E21901608C0300603C000060A2FA03600F
:10DB300080030060C17210BD2DE9FF5FDFF8FC9328
:10DB4000D9F82440FE4D002605F136014FF6FF7846
:10DB5000039104287AD00399C9F81C10C9F8201041
:10DB60004FF0100A032815D0022821D005F12A040D
:10DB700005286CD0F34F7888401C78803846A97B04
:10DB80000088401C80B2452963D03880F888401C4A
:10DB9000F880ACE0607E00F00F000328F9D1208A05
:10DBA0000028F6D1082089F8000002F06DFEEEE3AF
:10DBB000E2492C31C878401C10F0FF00C8700ED12B
:10DBC0008878401C10F0FF00887008D14878401C0D
:10DBD00010F0FF00487002D10878401C0870A9F8C6
:10DBE0000460A9F80660607E072812D0052810D0CE
:10DBF0000028CED0218A59B3A07E411EA176C8D27A
:10DC0000E07E08282DD0617E02290AD0012908D0A3
:10DC100009E0A07E401CC0B2A0767828B9D1667613
:10DC200065E005281DD0042800D904200321814087
:10DC3000A176E07E401CE076C248C18C491CC184BC
:10DC4000607E00F00F000928A3D203E0BDE125E0CB
:10DC50001AE038E0DFE800F04BFD0F12FC4BFC4B04
:10DC6000FC006676802089F8000002F00DFE14208A
:10DC700085F82F00FEE385F82F60EFE2042089F895
:10DC8000000002F001FEF6E300F00F000328C7D108
:10DC9000082089F8000002F0F7FD78E3D9F82800A1
:10DCA00080880028BCD0C9F82460C9F81C40C9F895
:10DCB0002040A9F80660A9F80460082089F800004F
:10DCC00002F02DFC81E1697C2A7C01EB0221B9F88C
:10DCD00004209142A4D8CB46A9F80410297D8906D6
:10DCE00001D1697D21B13880B889401CB881A2E199
:10DCF00092490E31B1F800E049880291BEF1000F5F
:10DD000001D10299C9B18E4AEB7DD18B128C112BB6
:10DD10000CD1414501D142455ED0884B1633B3F852
:10DD200000C0614502D15B889A4255D0714502D14D
:10DD300002998A4201D038807DE1FFF746FD4045D7
:10DD400006D03888401C3880F889401CF88172E180
:10DD5000E87D06280AD011283ED0012814D0388842
:10DD6000401C3880388A401C388264E1B88B401CE3
:10DD7000B883FFF755FD40456CD0788B401C788305
:10DD8000388C401C388456E1B88A401CB88295F81B
:10DD90002200082806D0788A401C7882388B401CE4
:10DDA000388348E185F82260A88C4FF6F7718842E5
:10DDB00002D30930A88401E00830A884688BE88386
:10DDC000A88B28845D480E30018869834088A88329
:10DDD000F88A401CF882E7E3BBF804001C38ABF873
:10DDE0000400CBF81C40288DAA4650B1FFF71AFD5D
:10DDF000404506D0B88D401CB885788E401C78868A
:10DE000019E15148CBF828004E4F0FE181880029D5
:10DE10007ED0BAF824208A427AD102880AB943888F
:10DE2000ABB3424502D14388434530D0BAF81A30EB
:10DE3000934204D1BAF81C2043889A4227D0BAF8FA
:10DE40001E20424503D1BAF8203043451FD002E0DE
:10DE50005CE301E2F3E0DFF8E4C00CF10E0CBCF887
:10DE600000309A4205D1BAF82030BCF802C06345B0
:10DE70000DD0DFF8C8C00CF1160CBCF800309A4287
:10DE800046D1BAF82020BCF802309A4240D1DBF8E3
:10DE90002820D28812B1B1F5884F7AD0BAF8227012
:10DEA000C780BAF81A20ADF80420BAF81C30ADF8D3
:10DEB0000630DBF8123000939DF800C09DF8043066
:10DEC000CCF1FF0C43EA0C038DF804309DF801C03F
:10DED0009DF80530CCF1FF0C43EA0C038DF80530BA
:10DEE0009DF802C09DF80630CCF1FF0C43EA0C030C
:10DEF0008DF806309DF803C09DF80730CCF1FF0C7B
:10DF000043EA0C038DF80730BDF804C00B4B00E06A
:10DF100089E016331B889C4509D1DFF820C0BDF885
:10DF200006E00CF1160CBCF802C0E64514D090F8DF
:10DF300004C04FEA0C2C4CEA112107E0AC00006051
:10DF4000E0090160AC1D0160681B016089B2A1F5A8
:10DF5000806CBCF1D20C1DD0BAF81E10414503D123
:10DF6000BAF820C0C44509D0DFF814E499421BD1A7
:10DF7000BAF820C0BEF802108C4515D14CF2BA0197
:10DF80008F420CD187888F4209D1FD49038049888F
:10DF900041800DE0A0F80080A0F8028008E0028037
:10DFA000BAF81C10418003E00280BAF81C104180CE
:10DFB000CBF8246002208BF80000CBF81C40CBF893
:10DFC0002040ABF8066002F0AAFAB9F80600002873
:10DFD00031D000F11C01A9F804100A0A2A746974EE
:10DFE0001121E9750830C0F3072141EA0020E884D7
:10DFF0002E85D9F8280081886984C188A984E049E0
:10E0000008390A886A834988A9830188E983408896
:10E0100028840398C9F81C00FFF704FCC04380B2B1
:10E02000288548B19BE33A30CBF82800DBF828007C
:10E03000B842FFF4EBAE76E3A5F828808FE3D14C2D
:10E04000B5F822C0B5F81A80A98B04F24D13A88C3C
:10E050001DE0627ED2B1A288904217D1E288944539
:10E0600014D12288904511D1628891420ED1CBF80B
:10E0700024408BF8006095F82F0041076FD5667635
:10E0800020208BF8000002F0FFFB4CE325349C427B
:10E09000DFD995F82F1001F03F01022918D1ABF814
:10E0A0000C008BF80160B84A9BF8011032F811306F
:10E0B000834204D100248BF80160B24B50E0491C2C
:10E0C000C9B28BF801100A29EED3788D401C7885EF
:10E0D00095F82F004007AED4B88C401CB8841420AB
:10E0E000263568722820ABF8040050202872EB789F
:10E0F000E879E870A978A879A870A9716A78687930
:10E1000068706A7128788BF801002C792C7028715E
:10E110005B1C13F0FF03EB71A5F126050ED1491C22
:10E1200011F0FF0185F82C1008D1521C12F0FF01EC
:10E1300085F82B1002D1401C85F82A00688CABF8BA
:10E140000C00A98C6984A884688BE883A88B288438
:10E150008B480838018869834088A883EFE2A4E0EF
:10E160009BF8011001EB810000EB41101844427E46
:10E1700012B1072A08D00EE09BF8010000EB8001E5
:10E1800001EB4010C4180CE024B1827E94F81AC050
:10E19000624500D90446491CC8B28BF801000A2820
:10E1A000DED3B4B3CBF824400320A0762076A67546
:10E1B0000420E075E6761A356889A0802889E08019
:10E1C0002888208068886080012161766C4816303C
:10E1D00002782273427862738278A273C078E07307
:10E1E0002182E87BE072A87BA072687B6072287B4A
:10E1F00020720120FFF77CFC287D1A3D00F0F00121
:10E20000502929D98BF801606FF0040101EB10133C
:10E210001DE0FFE7388D401C388584E22A1892F80B
:10E2200036108BF80210B9B1012902D0022904D0AE
:10E2300007E0401C8BF8010009E092F83710042930
:10E2400020D092F8371039B108448BF801009BF8C0
:10E250000100B0EB830FE1DB85F82FA02E35687845
:10E2600040F00200687002202872042068720F20BB
:10E27000A872CA20E8722C20A9F80400602005F8D2
:10E280002E091EE29BF8010092F83810284490F8FD
:10E29000390040EA0120ABF80C0040F6CA71884210
:10E2A00000D908466082A082D6E795F82E10A846CD
:10E2B000090989008BF80110BBF80420511A1439A0
:10E2C00089B2ABF80410627E02F00F02022A03D179
:10E2D00000F03F02122A17D009B9810714D098F82C
:10E2E0002610227A434691427BD193F82710627A16
:10E2F0009142F9D193F82810A27A9142F4D193F87F
:10E300002910E27A9142EFD1C00647D5218AE9B3BC
:10E3100004F10C00FFF703FA194B98F82A101A338E
:10E32000C6461878814239D19EF82B2059788A4206
:10E3300034D19EF82CC09A7894452FD19EF82DC0E8
:10E34000DB789C452AD120736173A273E373E07E6E
:10E35000A8B9207EA17E401AA17DA0EBD10040B2D9
:10E360000144C9B2A175002801DA404240B2E27D01
:10E37000A0EB92001044E07500EBD100207607E09E
:10E38000C2000060E2190160541B016006E0FCE07D
:10E3900001208BF80000207EA0762682627E02F0AB
:10E3A0000F00092868D2DFE800F067051D8FFEFD29
:10E3B000FC1CFB009BF80000C0075DD003206076CA
:10E3C00040208BF800002682BBF8040020B14221D7
:10E3D0008BF80010FFF78CFBABF8066002F054FAE4
:10E3E000D3E066E19BF80000C00705D098F82F0045
:10E3F00000F03F00122808D020208BF8000002F027
:10E4000043FADBF82400467662E698F82E0000F026
:10E41000F001502925D98BF801606FF0040101EB60
:10E42000101319E008EB000292F836108BF8021076
:10E43000B9B1012902D0022904D007E0401C8BF8B1
:10E44000010009E092F8371004292AD092F8371019
:10E4500039B108448BF801009BF80100B0EB830F41
:10E46000E0DB0320607698F82600207298F82700F9
:10E47000607202E01FE1B0E06CE098F82800A07242
:10E4800098F82900E0720120FFF732FB42208BF858
:10E4900000002682ABF80460ABF8066002F0F4F9E5
:10E4A00073E09BF8010092F83810404490F839006E
:10E4B00040EA0120ABF80C0040F6CA71884200D94E
:10E4C00008466082A082CCE798F82F00C10721D0CF
:10E4D000D1061FD4208AE8BBBBF80400401C80B2E0
:10E4E000FFF706FB9BF8000040F010008BF80000DF
:10E4F000BBF8041019B140F002008BF8000002F0E4
:10E50000C3F90120208208206076E676112085F884
:10E510002F00D0E080060FD598F8350098F8341019
:10E5200040EA0120DBF81C100144CBF81C10BBF8BA
:10E530000410081AABF80400BBF8040048B1D10677
:10E5400007D49BF8001041F002018BF80010FFF790
:10E55000CFFA00E06DE098F8310098F8301000EB49
:10E56000012080B2ABF80C00A18A814200D308B927
:10E57000ABF80C10BBF80C0060829BF80000800721
:10E5800057D0ABF8066002F07FF999F800008106D9
:10E590000BD5A9F806606676142085F82F008AE06E
:10E5A0003EE0B9E06EE045E0F1E0C1060AD5A9F829
:10E5B00006600120208204206076E676112085F82E
:10E5C0002F0078E0B9F8061031B1C00700D02682DC
:10E5D000208A90B1A9F80600E676D9F82000C9F89B
:10E5E0001C00B9F8060088B1208A78B12830A9F853
:10E5F0000400182085F82F0060E0608A884201D26C
:10E60000A9F80600B9F806002082E5E799F80000AD
:10E6100080070ED52820A9F8040085F82FA04DE02A
:10E620009BF80000C0077ED066768BF800A002F051
:10E630002BF978E0BBF8040008B1FFF759FA98F815
:10E640002F00C00712D09BF80000C00704D007209D
:10E650006076A676268201E0062060760120FFF72C
:10E6600047FA8BF800A002F00FF922E09BF80000B7
:10E67000C00703D005206076268254E0BBF8040072
:10E68000B8B950E0BBF8040008B1FFF731FA98F8C8
:10E690002F00C0070AD007206076A6760120FFF77A
:10E6A00027FA8BF800A002F0EFF802E0BBF80400B4
:10E6B00088B388F82FA02820A9F80400502085F8F6
:10E6C0002E001835207AA874607AE874A07A28752C
:10E6D000E07A6875207BA873607BE873A07B287460
:10E6E000E07B6874062005F8010CA0886881E0884A
:10E6F000A8813148018869804088A8802088E88006
:10E7000060882881183D607EC00612D585F831608A
:10E7100085F8306013E006E09BF80000C00702D0E7
:10E7200007206076A676A9F8046089F80060BDE845
:10E73000FF9F0F2085F83000CA2085F83100402067
:10E74000A875B9F80400010A2974687485F8356061
:10E7500085F834606E86FFF763F8C043688645200D
:10E76000A873EE736E752E754020A875B9F8080071
:10E77000401CA9F80800010AA974E8742E83FFF769
:10E7800024F8C04328830D48C18B491CC1830B4921
:10E790008888401C888089F80060C8E70346002903
:10E7A00009DD05488AB20E38C280006A834202D071
:10E7B000194630F0E7BD7047BA000060AC1D01603B
:10E7C00010B5C04900220A70BF4B087800EB400426
:10E7D00004EBC0041C442260401CC0B2087008282E
:10E7E000F3D310BDF0B5B74A9078401CC4B2947012
:10E7F00000231370B44D117801EB410000EBC10010
:10E800002844068847883E4304D0867AA61B782E83
:10E8100000DB0360491CC8B210700828EBD3F0BDC0
:10E820002DE9F041A74F4FF0000C87F800C0A64E2D
:10E830003A7802EB420303EBC20333441C8884B1F1
:10E840005D8875B1B0F80080A0450AD14488AC421B
:10E8500007D10868586088881881B8789872BDE830
:10E86000F081521CD2B23A70082AE1D387F800C076
:10E870003B7803EB430202EBC302324414880CB929
:10E88000548824B15B1CDBB23B70082BF0D33B787F
:10E89000082B1FD187F803C087F801C087F800C094
:10E8A000BC783A7802EB420303EBC2033344FD78B1
:10E8B0009B7AE31AAB4201DDFB707A70521CD2B234
:10E8C0003A70082AEDD37A783A7002EB420303EBF0
:10E8D000C202324400681060086850608888108165
:10E8E000B8789072BBE72DE9F047784D0020298871
:10E8F0002A2902D22880BDE8F0872880744C754F01
:10E90000224602F11601B4F81490B2F826C0881D10
:10E91000B7F80080128D7B884FF40076B9F5807FC0
:10E9200008D0B145E7D1C445E5D19A42E3D1BDE86D
:10E93000F04775E7C445DED19A42DCD1FFF770FF9E
:10E94000A682D4F816002062618BA184624B1A68FB
:10E95000C4F816209B886383C4F806206381206076
:10E96000A180A08BE084E08B20853888A083788804
:10E97000E0834FF4C160A0812A202880BBE72DE905
:10E98000F05FDFF84CA1544B5046BAF81E104FF61A
:10E99000FF72008C9C881D68914201D1904206D084
:10E9A0004E4A138899420AD15288904207D14C4866
:10E9B0000168CAF800108088AAF8040040E0454FBA
:10E9C000484BB7F800901A88B7F802803D4F01EA2B
:10E9D000020609EA02023F1D964206D15A8800EA61
:10E9E000020308EA0202934205D03F4801883980B9
:10E9F0004088788001E039807880324B4FF0000BFE
:10EA000083F800B03E88DFF8C0C07F88197801EB3A
:10EA1000410000EBC10060440288964202D1428866
:10EA2000974204D0491CC9B219700829EED319784D
:10EA3000082912D04168CAF800100089AAF8040019
:10EA4000CAF80650AAF80A400820AAF80C001F4885
:10EA500001880E310180BDE8F09FFF2206211C488D
:10EA600030F0A2FCCAF820B0AAF824B0CAF80650C8
:10EA7000AAF80A40CAF81650AAF81A40AAF826605E
:10EA8000AAF82870AAF81C90AAF81E804FF480708B
:10EA9000AAF81400AAF80E000820AAF81000062010
:10EAA0008AF8120004208AF813004FF4C160AAF813
:10EAB0000C0007480D493630086004482A210180BF
:10EAC000C9E70000E4000060EA1D0160B0000060DA
:10EAD000E0090160BA000060A4000060C2000060AC
:10EAE0003C160408BE000060E0000060C800006042
:10EAF0002DE9FC4751480546FCF736FB0646002049
:10EB00004E4C4F49133C2218D27C0A54401CC0B2D0
:10EB10000628F8D340F276411420FCF708FBFEF7F4
:10EB200083FEA07B40B10621284600F05EFA00F08B
:10EB300078FA3046BDE8FC87237CE17B43EA01207C
:10EB4000020242EA1027A27C657C42EA05204FEAD5
:10EB5000002C4CEA1020DFF8ECC0ACF80070ACF8E8
:10EB60000200A07F677F40EA0720070247EA1027DC
:10EB700094F8200094F81FC040EA0C204FEA002CC3
:10EB80004CEA1020DFF8C0C0ACF80070ACF802000E
:10EB9000A07E94F819C040EA0C274FEA072848EAFB
:10EBA0001729ADF80490277FE47E47EA04284FEA4E
:10EBB000082A4AEA1828ADF80680DFF890A0AAF8DB
:10EBC0000090AAF80280CCF1FF0C41EA0C018DF80C
:10EBD0000010C0F1FF0003438DF80130C4F1FF00C5
:10EBE00005438DF80250C7F1FF0002438DF8032062
:10EBF00043EA0120040244EA1020154C208042EA36
:10EC00000520070247EA1020608002EB05201A0465
:10EC100002EB016108440F4908600120FEF741FD45
:10EC200087E710B50C4940F2EE50FCF79EFB80B22E
:10EC300010BD0A4808490088FCF74EBB91EB036001
:10EC4000A4000060BA000060E0000060BE00006048
:10EC5000C200006040010060E0090160B000006097
:10EC600035220270012242708170C01C704736212B
:10EC7000017004214170F149D1F81910C0F8021057
:10EC8000801D70473221017004214170EB49D1F899
:10EC90002110C0F80210801D704737210170032138
:10ECA000417001228270C17006210171401D7047C0
:10ECB000FF2100F8011B70472DE9F04104460120B7
:10ECC00020706070DD4D11352879A0700020E07053
:10ECD000DB4E31686160208180216181D9490968FA
:10ECE000E16020616061A06104F11C006A6829682C
:10ECF000074630F047FB6868C0F11001384430F037
:10ED00005AFB402104F12C0030F055FB802104F126
:10ED10006C0030F050FB7068C4F8EC00BDE8F08186
:10ED200070B5C94D2C682046FFF7C6FF012104F1DC
:10ED3000F000FFF795FFFFF7B0FFFFF7B9FF0146BF
:10ED40002868BDE87040091AFFF728BD70B5BE4DB0
:10ED50002C682046FFF7B0FF032104F1F000FFF715
:10ED60007FFFFFF784FFFFF78DFFFFF7A1FF01464D
:10ED70002868BDE87040091AFFF710BD10B54418A7
:10ED80000023AE4A2EE00178332924D006DC012985
:10ED90000BD003290ED0062921D110E0352913D03C
:10EDA000362913D0FF291AD120E0D0F80210C2F87A
:10EDB000251014E0D0F80210C2F82D100FE0D0F8A2
:10EDC0000210C2F829100AE0837808E0D0F8021097
:10EDD000C2F8191003E0D0F80210C2F81D104178F3
:10EDE000801C0844A042CED3184610BD184610BD62
:10EDF00070B595480468207802280FD10422904904
:10EE0000201D30F01EFB48B98C4D04F11C00D5F8D4
:10EE10001520D5F8111030F014FB08B1002070BD9A
:10EE20002069C5F821008948018804F1F000BDE897
:10EE30007040A3E710B581490020C91C0A68908082
:10EE40008348C27B037C02EB0322CA83427C837C1F
:10EE500002EB03220A84427E837E02EB03224A8471
:10EE6000C27E037F02EB03228A84427F837F02EB10
:10EE70000323CB84C27F90F8204002EB04220A8552
:10EE80004B858A850221817310BD2DE9F047012150
:10EE90006A4C4FF4BD77002520886E4E4FF4D6782B
:10EEA000B8424AD007DC4FF47A7958B1A0F58070A7
:10EEB00051386FD114E040456DD04FF4D972904273
:10EEC00068D189E00120A070A4F80F90FFF728FF17
:10EED000B4F80F10E01DFEF7FFFB40F25110208048
:10EEE0003078800703D4E01DFEF708FCE8B33078E3
:10EEF000800703D5FFF77CFF022843D0B4F80F004A
:10EF00004EF66021884205D24FF6FF7101EA4000BB
:10EF1000A4F80F00B4F80F00B0F57A5F3FD2A078E4
:10EF20000228D3D1A4F80F903570FFF70FFFB4F883
:10EF30000F10E01DFEF7D0FB27803078800703D448
:10EF4000E01DFEF7DBFB00B33078800703D5FFF749
:10EF50004FFF05281BD0B4F80F0042F21071884211
:10EF60001AD800F57A7080B200E008E0A4F80F002B
:10EF7000B0F5FA5F13D2A0780328D6D111E00020B3
:10EF8000BDE8F0870220A070CCE70020F8E703205E
:10EF9000A07006E026E019E025800020F0E7FFF7EA
:10EFA00049FF264801F0CCFCB4F81F00FEF7FFFB38
:10EFB0008146B4F81D00FEF7FAFB09EB0041322050
:10EFC0004143E01DFEF788FBA4F80080E01DFEF73A
:10EFD00095FB0028A9D1D3E711B100212280FBE7DE
:10EFE0000320CDE725800220CAE738B5134CC4F8CA
:10EFF0001100C4F815100025A5704FF6FF70ADF88C
:10F000000000ADF802004FF486416846FEF7F6FCBA
:10F01000C4F8030010B14FF488418180258038BDC9
:10F0200033E708B505488078002806D1ADF8000020
:10F03000ADF8020003490880488008BD421E016007
:10F0400042160408BA000060C8000060B00000600A
:10F050007EEB0360AC0000600B0A0370417000217E
:10F060008170C170110A017142717047C148006816
:10F070001C30D0F80510002903DDD0F80100FFF79F
:10F080008DBB7047BB4800680021C0F82110704755
:10F09000B8480068B8490A7842F080020A70002136
:10F0A0000177C0F821107047B348017821F0800142
:10F0B00001707047B048017821F0800101707047FD
:10F0C000AD48017821F08001017070472DE9FC5FA7
:10F0D0004FF0000AA74805681C35A84B1878800631
:10F0E00001D5FFF7EDFF1878000601D5FFF7E2FF25
:10F0F0001878C00601D5FFF7D7FF1878400601D56C
:10F10000FFF7C6FF1878C00701D0FFF7BBFF9B4889
:10F11000994F0078800734D59A48DFF864920168E7
:10F12000B9F80020984830F02DF9DFF85CC24FF0B4
:10F1300001089CF80000EE2815D19CF80100102869
:10F1400011D19CF8020070B99CF8030058B99CF8E2
:10F15000040040B99CF8050028B99CF8060010B9D5
:10F160009CF8070048B1894C9CF8061000262079CD
:10F1700081420BD0FF2905D010E04FF0010A87F83B
:10F180000180DCE09CF80700192807D04FF0010A45
:10F190007E807D49012016F044FBD0E000297DD01F
:10F1A0009CF80700032813D0062811D010280FD090
:10F1B00019280DD001280BD0022809D0042807D027
:10F1C000052805D00F2803D0182801D0FF2865D1C5
:10F1D000102806D19CF80C00B9F80020101A0D2850
:10F1E0005CD194F82A004FF0020A072813D094F853
:10F1F0002800072812D094F8290007284ED184F857
:10F2000024800020DFF894C1614B624ADFF888B1A6
:10F210009CF800C01BE084F824A0F2E784F8246086
:10F22000EFE713F800E0714502D184F824A00CE068
:10F2300012F800E0714502D184F8246005E01BF863
:10F2400000E0714501D184F82480401CC0B26045C3
:10F25000E7D394F823000A2801D184F824605048A9
:10F26000007808B1022803D14E480068FCF7F4FF8B
:10F270004D480068FCF7F0FF4C480068FCF7ECFFD5
:10F280004B480068FCF7E8FF4A480068FCF7E4FFD9
:10F2900094F82300012809D0052800E068E005D093
:10F2A000022803D0062801D0032803D14248006871
:10F2B000FCF7D2FF414880F84B604FF0010A7E8096
:10F2C000DFF8C4B003229BF801109BF8000041EA6C
:10F2D00000219BF80B0002EB40026846FFF7BCFEE2
:10F2E000B9F800002334801F81B262786B460BF1BD
:10F2F000060014F0A7FC2A4880F800803048067009
:10F3000029480068FCF7ECFF28480068FCF7E8FF94
:10F3100027480068FCF7E4FF26480068FCF7E0FF98
:10F320002078012807D0052805D0022803D0062818
:10F3300001D0032803D120480068FCF7D1FF0F4813
:10F34000007800F0040100F00202114305D1C1076A
:10F3500003D1410601D400070AD5BAF1010F07D144
:10F36000184845F8010F78886860BDE8FC5F7DE6C5
:10F37000BDE8FC9FD0000060EC000060AC000060C5
:10F38000B0000060C8000060731E01607EEB036087
:10F3900006A503600AA3036008A40360D40200600A
:10F3A000BF0300600403006040040060F0030060DD
:10F3B000FC030060EC0300602804006054F5036067
:10F3C000C00300609F1F016038B54DF20424204641
:10F3D000FEF77BFB4FF0FF32042168462FF0E4FF7D
:10F3E00021466846FEF70AFB002800D0848038BD1D
:10F3F00070B505464321FE482FF0DDFFFC4C15B1EA
:10F40000012D03D004E06520208001E067202080EA
:10F410001D206080F74D2878A0806878E080A8786B
:10F420002081E878608195F8230028B1401F0328E7
:10F4300005D84A20A08104E03220A08101E02320E9
:10F44000A0812879E081E87B2082287C6082687C2A
:10F45000A082A87CE082B5F921002BF0AEFE2083CB
:10F4600040F279202BF0A9FE6083E8792BF0A5FE0D
:10F47000A083E1480068C0F3072141EA00216184CC
:10F48000DE49097884F82410010C090241EA106071
:10F49000A4F83900002084F83B00B5F84910A18792
:10F4A000D749097884F83E1084F83F000A2184F88F
:10F4B000401084F8410084F84200D24901220A70C9
:10F4C000487070BD38B5CF4C0025606A002800D068
:10F4D0008580E068C0F3072141EA0022C3B212022E
:10F4E00041EA032142EA1121ADF80010C0F30741BF
:10F4F000090241EA1060010241EA1020ADF8020061
:10F50000208AC0F3072141EA002081B26846FEF755
:10F5100075FA6062002803D04DF204218180A57243
:10F5200038BD2DE9F04F89B00024B74890F800A00D
:10F53000BAF1430F05D8B54852460168B4482FF0D8
:10F5400021FFB34F0125AB4E3878DFF8B8824FF07A
:10F550000009642803D0062266287DD052E20120EB
:10F5600088F80000787850B9B87840B9F87830B9A0
:10F57000387920B9BAF1050F01D188F80990717C6A
:10F58000327CB37CF57B14E007EB840090F801C07B
:10F59000AC450CD190F802C0944508D190F803C056
:10F5A0008C4504D10079984201D188F80090641C00
:10F5B000E4B2B4EB9A0FE7D398F8000000287CD0AF
:10F5C0000020FFF715FF8A4C0020A077E07784F831
:10F5D000200084F8210004F1250014228D490890B0
:10F5E0002FF0D0FE98F8090004F14307411C88F879
:10F5F000091000EB400101EB801038444322214602
:10F600002FF0C0FE002571E0DFF80CC2C5EBC5018C
:10F6100001EB0C029379DC2B0FD21CF80100DFF810
:10F62000FC9100F0070A09EBD009012099F800903D
:10F6300000FA0AF019EA000F56D0232B54D096F89E
:10F6400000C096F8019096F802E00CEB09204FEA12
:10F650000E4B96F803A000E041E10BEB0A6B8344EC
:10F66000D2F8010083453FD0A080C0F3072BA4F857
:10F6700006B0C0F3074BA4F808B0000E6081A38168
:10F680006548405CE08100206084A4F839000120D6
:10F6900084F83F0084F81EC084F81F9084F820E0AE
:10F6A00084F821A0507900F00F01491E84F8411020
:10F6B000000984F842005A4800E094E100EB05118B
:10F6C000142208982FF05EFE98F809001D280BD22E
:10F6D000411C88F8091000EB400101EB8010384410
:10F6E000432243492FF04EFE6D1CEDB24D48007889
:10F6F000854289D30025DFF830A1DFF830B148E03A
:10F7000005EB850000EBC50101EB0A09D9F8010002
:10F71000A080020AE280020C2281000E6081082093
:10F72000A0811AF80100E0813078A0777078E07746
:10F73000B07884F82000F07884F8210098F8090067
:10F740001D280BD2411C88F8091000EB400101EB89
:10F7500080103844432226492FF014FED9F80500C2
:10F76000A080010AE180010C2181000E608198F8DF
:10F7700009001D280BD2411C88F8091000EB40013C
:10F7800001EB80103844432219492FF0FBFD6D1C1A
:10F79000EDB29BF800008542B2D30025DFF890A0BF
:10F7A000DFF890B08BE02B2005FB00A1887CE8B946
:10F7B000D1F80500D0B1A080020AE280020C2281BB
:10F7C000000E6081887AA0814A7AE2813078A07741
:10F7D0007078E077B07884F82000F07884F8210021
:10F7E0000868C0F3072141EA002125E065E0000038
:10F7F000932101607EEB036074020060540200609C
:10F800004D030060F0000060B0000060C8000060C0
:10F81000B02901608017036046D003607ED9036081
:10F8200058BD0360D402006095E20360F9020060F5
:10F83000543A036059020060618484F82420010C6A
:10F84000090241EA1060A4F83900142103A82FF03E
:10F85000B2FD4D208DF80C0053208DF80D00542082
:10F860008DF80E0050208DF80F003A208DF8100012
:10F870004FF000098DF81F90142203A908982FF06B
:10F8800081FD0C2084F83F0019F06AFB84F84100E8
:10F89000D8B102281ED084F8429098F809001D289B
:10F8A0000BD2411C88F8091000EB400101EB8010DD
:10F8B00038444322FE492FF065FD6D1CEDB29BF8E4
:10F8C00000008542FFF46FAFD8E0FA48007884F872
:10F8D0004200E2E7F848007884F84200DDE77978F2
:10F8E000F37B99427ED1B978337C99427AD1F97809
:10F8F000737C994276D13979B37C994272D1787C04
:10F90000317888420BD1B97C7278914207D1F97C69
:10F91000B278914203D1397DF27891420AD0002821
:10F9200061D1B87C00285ED1F87C00285BD1387D9D
:10F93000002858D10120FFF75BFD4321DC48FEF78A
:10F940002DFF86F80E907979F173B8793074FA79D1
:10F9500072743A7AB27496F82A30012B07D0092BC8
:10F9600005D096F82830012B01D0092B01D1D34BBB
:10F970001D707B7A7376BB7AB376FB7AF3763B7B2A
:10F9800033777B7B7377BB7BB377FB7BF3773B7CF6
:10F9900086F8203039B330B32AB32F2021F0E3FFAB
:10F9A000317C302021F0DFFF717C312021F0DBFF42
:10F9B000B17C322021F0D7FF717E332021F0D3FFBC
:10F9C000B17E342021F0CFFFF17E352021F0CBFF36
:10F9D000317F362021F0C7FF717F372021F0C3FF30
:10F9E000B17F01E00EE049E0382021F0BCFFF17F5B
:10F9F000392021F0B8FF317F3A2021F0B4FF88F898
:10FA000002503BE069284DD06C2837D0652855D18D
:10FA1000AB4CA08990B3B4F83900010241EA10213F
:10FA2000608C030243EA102661F31F46A18F8DF814
:10FA30001110080A8DF81200207C8DF80D00A07CB2
:10FA40008DF80E00207D8DF80F00A07D8DF8100040
:10FA50008DF80C20ADF814908DF8169003AA4FF491
:10FA6000F071304625F052F8CDE90095029594F8F2
:10FA70002420002303A930460EF001F998F809006C
:10FA800000281BD08F4800680168C8F80C10C08897
:10FA9000010241EA102080B2C8F8100009B0BDE8A8
:10FAA000F04F0FE5002088493A1852780A54401C5C
:10FAB000C0B20A28F8D385480570DFE709B0BDE871
:10FAC000F08F70B5824D2878000712D5814E824C98
:10FAD00030686061A169401A64280AD3207A30B185
:10FAE000052104F12800FEF759FE0020207230683D
:10FAF000A0612878800702D5BDE8704011E570BD8F
:10FB00002DE9F04700246E488C2146302FF053FC3D
:10FB10006F480078000759D56E4E6F4D3068E86128
:10FB2000296A401A642851D3A87A697A88420FD288
:10FB300000F10101A97200EB400101EB80105C496A
:10FB400001F1430108444FF04301FEF727FE3BE07B
:10FB50003AD85B4F4FF02F0007F1460738705F48E7
:10FB600003787B705E480178B9704178F9708178CC
:10FB70003971C0787871DFF86CC1DFF86C914FF0A3
:10FB8000010817E0C4EBC4001CF8000009EBD00129
:10FB900000F00702097808FA02F2114202D04FF091
:10FBA000010201E04FF0000207EB44014A7588753D
:10FBB00004F101049C42E5DB41488C214630FEF70C
:10FBC000EDFDA87A401CA87230682862BDE8F08775
:10FBD0002DE9F04188B0454A3F4E307902EBC00430
:10FBE000A178012903D0411C31716428F5D3307903
:10FBF0000025642804D33571002008B0BDE8F081E9
:10FC0000F078401CC0B2F0700A2802D9F5700020CC
:10FC1000F3E7E07812F0AFF9002869D0401E00F059
:10FC2000FF08E0788DF8000010208DF80100012019
:10FC30008DF802009A208DF803008DF804500720FB
:10FC40008DF805000E208DF806008DF807501E482F
:10FC500081798DF808108DF8095041798DF80A10D6
:10FC60008DF80B5001798DF80C108DF80D50C1787E
:10FC70008DF80E108DF80F5081788DF810108DF8DA
:10FC8000115041788DF812108DF8135000788DF8CE
:10FC900014001521684614F0D0FC010A8DF81510E7
:10FCA0008DF81600404614F03CFD4246172120E036
:10FCB000932101604F03006051030060AC070060B6
:10FCC000B0290160D4000060E0170060C703006045
:10FCD000AC00006030000060F0000060D402006002
:10FCE0007EEB036046D003607ED903609DDA03603B
:10FCF0001EE0684614F0B9FC42460821002019F0C5
:10FD00006DF941464FF4FA7019F0AEF9071E11D0A3
:10FD1000B91EFA4814F091FC81B2F8483844801EAC
:10FD20004278007802EB0020884205D0002064E78A
:10FD3000002062E7002060E742460021012019F020
:10FD40004DF9A570F570012057E72DE9F04F8BB004
:10FD50000746EB4ADFF8ACB39BF8070002EBC004A0
:10FD60002178012904D0411C8BF807106428F3D3B3
:10FD70009BF807000026642804D38BF80760002056
:10FD80000BB09CE6E079411CE1710A2801D2002009
:10FD9000F6E79BF80600401CC0B28BF806000A2864
:10FDA00003D98BF806600020EAE7E07812F0E3F868
:10FDB00038B1217939B1401EC0B20090DFF83C83E0
:10FDC000FCE00020DCE70020DAE7E1788DF80410A1
:10FDD00010218DF8051000EB400140F22D3202EBAE
:10FDE00081010A0A8DF806208DF807108DF8086049
:10FDF0000C218DF8091018218DF80A108DF80B6070
:10FE00002179491E01EBC102BF4901EB021202EB4D
:10FE1000001252788DF80C208DF80D602279521E58
:10FE200002EBC20201EB021202EB001212788DF813
:10FE30000E208DF80F602279521E02EBC20201EBF8
:10FE4000021202EB0012D2788DF810208DF81160AA
:10FE50002279521E02EBC20201EB021202EB0012E7
:10FE600092788DF812208DF813602279521E02EBE1
:10FE7000C20201EB021202EB001252798DF814203B
:10FE80008DF815602279521E02EBC20201EB0212BC
:10FE900002EB001212798DF816208DF81760227986
:10FEA000521E02EBC20201EB021202EB0012D279E7
:10FEB0008DF818208DF819602279521E02EBC202CB
:10FEC00001EB021202EB001292798DF81A208DF8E4
:10FED0001B602279521E02EBC20201EB021202EBFE
:10FEE0000012527A8DF81C208DF81D602279521E66
:10FEF00002EBC20201EB021202EB0012127A8DF841
:10FF00001E208DF81F602279521E02EBC20201EB07
:10FF1000021202EB0012D27A8DF820208DF82160B7
:10FF20002279521E02EBC20201EB021101EB00101A
:10FF3000807A8DF822001F2101A814F07EFB010AAF
:10FF40008DF823108DF8240037B1212101A8009AE3
:10FF50000BF0A2FCC0B213E7009814F0E2FB2121E1
:10FF600001A8009A14F081FB08210020009A19F0E2
:10FF700035F8C820009919F077F8051E0FD0A91E92
:10FF80005E4814F05AFB81B208EB0500801E4278EF
:10FF9000007802EB0020884203D00020F0E6002029
:10FFA000EEE600210120009A19F018F86420FDF710
:10FFB00078FB9BF80500401C8BF805009BF80500BA
:10FFC0000828FFF402AF4FF0060A4FF01109A2E033
:10FFD000E1788DF804108DF805A0083840F28D31D5
:10FFE00001EB4000010A8DF806108DF807008DF82E
:10FFF00008908DF80990062101A814F01EFB010A53
:020000040801F1
:100000008DF80A108DF80B000FB10020B8E60098AB
:1000100014F087FB082101A8009A14F026FB0821A0
:100020000020009A18F0DAFF6420009919F01CF8FB
:10003000051E0FD0A91E314814F0FFFA81B208EB5B
:100040000500801E4278007802EB0020884208D02C
:10005000002095E6082101A8009A0BF01DFCC0B213
:100060008EE64FF4FA70FDF71CFBE0788DF8040083
:100070008DF805A09BF8050040F28E31083801EBA1
:100080004000010A8DF806108DF807008DF8086011
:100090008DF80990062101A814F0CFFA010A8DF815
:1000A0000A108DF80B00009814F03BFB082101A802
:1000B000009A14F0DAFA08210020009A18F08EFF56
:1000C0006420009918F0D0FF051E0FD0A91E0B4820
:1000D00014F0B3FA81B208EB0500801E4278007874
:1000E00002EB0020884211D0002049E6082101A837
:1000F000009A0BF0D1FBC0B242E6000060F2036050
:100100009DDA0360F0000060D1D702609BF8050023
:10011000401C8BF805009BF805001028FFF458AF31
:100120008BF8056026708BF80660012028E6000039
:1001300038B50024FAF790FC04E0641CE4B23220E5
:10014000FDF7AFFAFEF7D4FC08B1642CF5D3FE4CF2
:10015000A07B08B1022834D1022801D10120A0736C
:10016000B4F82100010241EA102080B2FDF7ADFC95
:1001700003F0B6FFFFF728F9607FA17F00EB0120B5
:10018000ADF80000E07F94F8201000EB0120ADF8FE
:10019000020001F02BFC684601F01BFC94F84800BB
:1001A000012801D900F022FD94F84700022808D167
:1001B000E6A001F0B8FBE9A001F0B5FBEBA001F06F
:1001C000B2FB38BD2DE9F05FEC4C01272078002808
:1001D0000CD127704FF4FA7104F12800FDF77CFA76
:1001E00042F2107104F13000FDF776FAFEF719FDC6
:1001F000E34D2880E34EDFF89083DFF890A34FF0C3
:100200003C09D0B30020A080E1490868401C086088
:10021000E04807704FF40060FDF7C9FADE4CA18991
:10022000884214D10120FDF787FC288800280CD0D3
:10023000FEF7A5FBFEF7FDFC012806D13068401C47
:10024000306088F80070AAF80090BDE8F09F40F692
:100250000600FDF7ACFAA1898842F6D1FEF743FB10
:1002600028880028F1D0FEF7E4FC0128EDD13068A1
:10027000401C306088F80070E7E7FFE7BF4828308F
:10028000FDF73CFA0028E0D0BC482830FDF72BFAF7
:100290000024DFF808B304EB840000EB441000EB0B
:1002A0000B01BF4801600220FDF746FC288860B1C1
:1002B000FEF765FBFEF7BDFC012806D13068401C47
:1002C000306088F80070AAF80090641CE4B20A2C30
:1002D000E1D30024DFF8CCB204EB4400C0EB4410BF
:1002E0000BEB4001B04801600520FDF725FC288894
:1002F00060B1FEF744FBFEF79CFC012806D1306894
:10030000401C306088F80070AAF80090641CE4B2C9
:100310000A2CE1D399483030FDF7F0F9002894D049
:1003200096483030FDF7DFF9BDE8F05FFEF75ABAC6
:1003300000240025DFF87492012089F83C00FFF7C3
:10034000F7FEDFF86C82002688F800601AF0EBFFF9
:10035000DFF860A2984F8AF80060FFF733FF387823
:10036000012803D095480078012807D16D1CEDB213
:100370000A2D03D100253E7014F020FA98F80000F1
:1003800040B1641CE4B2642C04D9002488F80060F5
:1003900014F021FAF8F76DFC0520FDF782F9B9F8A1
:1003A0000000401CA9F80000D5E7F0B587B0844EE6
:1003B000724D3068A860E9680024401A64280FD3A1
:1003C000804F387850B18048B0F85812FEF7E6F9FF
:1003D0003C707E49087808B1401E08703068E860BB
:1003E0007B480078800727D57B497A480860644DB0
:1003F0007A492A8809682EF0C5FF7949288808803B
:10040000694800680188ADF818104188ADF81A10E5
:10041000C18806A8FDF7F2FA054601234FF41672CB
:100420006C4901A804F0E2F8024622B101236949AF
:1004300001A829F03CF8AC8007B0F0BD70B5604D64
:100440004E4C286820616169401A642810D3654EBB
:10045000307858B16448B0F85812FEF79FF9002080
:1004600030706249087808B1401E087028686061E1
:1004700070BD38B5414C0025606A002800D08580E9
:100480005B480068C0F3072141EA0022C3B21202B0
:1004900041EA032142EA1121ADF80010C0F30741FF
:1004A000090241EA1060010241EA1020ADF80200A1
:1004B00050480088C0F3072141EA002081B2684615
:1004C000FDF79CFA6062002807D01F49B1F8491077
:1004D0000A0242EA11218180A57038BD70B53C48FE
:1004E000007800071AD5364D244C2868A061E169D0
:1004F000401A642812D3A078617888420CD240F266
:100500002D1148433C4901EB4000B0F85812FEF76A
:1005100045F9A078401CA0702868E06170BD70B5F6
:10052000214C20688088A0F55241043902D108B1DD
:10053000FFF7E6FA044DB5F84900010241EA102040
:1005400082B22068818859E07EEB03607777772E4E
:10055000333332322E6F7267000000007777772EC8
:1005600064796E646E732E636F6D00007777772EFB
:100570006E6F2D69702E636F6D00000020010060AA
:10058000B000006008040060120400608003006096
:100590000404006013040060E0090160E2190160D6
:1005A000D0000060681B0160D400006054F5036057
:1005B000F2000060C6030060CE030060ED00006042
:1005C00030000060ED020060822A0160EF020060EE
:1005D000AC000060926B0160EC010060C80000603C
:1005E000D6010060EE020060DC2C01604003006078
:1005F0006C02006070020060362F01608A420CD1EC
:1006000059B1C188FD480088C0F3072242EA0020A2
:1006100080B2814201D1FFF761FFB5F849000102C4
:1006200041EA1020216880B28988884207D1F448C5
:10063000007810B1FFF702FF01E003F07BFD2068B6
:100640008088A0F58A409C3806D0A0F50C40683818
:1006500004D1FFF736FA01E0FFF7A7FE2068C08853
:10066000B0F5864F16D00BDCA0F54050753815D08C
:10067000A0F580608B3811D1BDE8704001F03FB922
:10068000B0F5A04F0AD0B0F5F64F07D1BDE87040E5
:1006900000F076BCBDE87040FEF7C2BC70BD2DE92D
:1006A000F04F89B004462568D64E3078000715D53E
:1006B0000021D54801EB810210F82220B2EB156F22
:1006C00008D101EB810100EB8100D049C978FEF728
:1006D00065F803E0491CC9B20A29EBD330784FF022
:1006E0000007810600D56776010600D56776C1064A
:1006F00000D56776400607D503206076E18820465E
:1007000013F018F8C24908703078800773D5DFF805
:1007100004B3C148DFF804A3BBF80020DFF800836E
:100720004FF001090B2A35D00D2A33D00A2A31D0D7
:100730000C2A01D0112A5ED1016804A82EF022FEF5
:100740008AF800909DF811000AF061FC00EBC001EE
:1007500001EB410202EB0804B4F81510090A401C31
:100760007AD09DF81000B0EB156F75D1AD4BD88DD8
:10077000401CD885F1B39DF81C009DF819309DF8F8
:100780001B5000EB03609DF81A301B0403EB05239C
:1007900018446AE0016804A82EF0F4FD9DF81100E9
:1007A0000AF035FC411C57D000EBC00000EB4003C1
:1007B00003EB0804B4F81510080A9DF81020B2EBFA
:1007C000156F49D1BBF800200D2A04D101F07F0537
:1007D000042D00D1012088B19DF81C209DF81950EE
:1007E0009DF81B6002EB05629DF81A502D0405EB85
:1007F000062501E033E02FE056190DE00B2A02D068
:100800000A2A07D008E09DF81A209DF8195002EB3B
:10081000052601E09DF819609DF81650227D95424D
:100820001AD1002A18D09DF8172001F07F018A42C2
:1008300012D1CDE90067029018F80300E178401C5E
:10084000C3B26078401EC2B2A07808F0FAFC8AF801
:100850000090A77684F80B9009B0BDE8F08F9DF862
:100860001B009DF81A3000EB0320CDE901710090C8
:1008700018F80200E178401CC3B26078401EC2B292
:10088000A07808F0DEFCE7E72DE9F8434FF0FF34ED
:100890006548DFF898811425B0F82100644E010204
:1008A00041EA102081B2D8F80000828891420AD132
:1008B000FEF70CFCD8F80000818812F03BFF0446DC
:1008C000200000D43555D8F800004E4FC088B0F550
:1008D000A04F1FD157480068010EC0F3074242EAFB
:1008E00001210A0242EA1121ADF80010C0F30721EC
:1008F000024661F31F22120261F31F2042EA102018
:10090000ADF8020000F03BFE002C03DB38788007D6
:1009100000D53555D8F800004FF20162C1889142E8
:100920000CD1FFF7BCFED8F80000C18812F002FF1E
:10093000002803DB3978890700D53554BDE8F883F2
:100940002DE9F04104463C4F34F8210F388060888F
:1009500078803A4EA0883080E0887080384DA08939
:100960002880E089213C688001F040F804F12900EA
:1009700001F02FF82C4CB4F82100010241EA1020BC
:1009800080B2FDF7A2F894F84800012801D900F0E0
:100990002DF994F8470002280BD1AFF2504000F037
:1009A000C2FFAFF2484000F0BEFFAFF2404000F09F
:1009B000BAFF1D48042220490F302EF042FDE0B15D
:1009C0003888FCF7F4FE000A10D13888FCF7EFFEF7
:1009D00010F0FF0F0AD17888FCF7E9FE000A05D174
:1009E0007888FCF7E4FE10F0FF0F47D03888FCF75A
:1009F000DEFE000AE073388824E03FE07002006009
:100A0000EE020060AC000060BA46016020010060A8
:100A1000E2020060B0000060C8000060F502006003
:100A2000F41A036048FA03607EEB0360D0000060B4
:100A3000E01D01608C010060BA000060BE00006033
:100A4000E0000060FCF7B3FE20747888FCF7AFFE8E
:100A5000000A60747888FCF7AAFEA074E17B2F205E
:100A600020F081FF217C302020F07DFF617C31204F
:100A700020F079FFA17C322020F075FF0422564936
:100A800056482EF0DEFCB8B33088FCF790FE000A22
:100A900010D13088FCF78BFE10F0FF0F0AD1708860
:100AA000FCF785FE000A05D17088FCF780FE10F087
:100AB000FF0F21D03088FCF77AFE000A607630887C
:100AC000FCF775FEA0767088FCF771FE000AE076F0
:100AD0007088FCF76CFE2077617E332020F043FFA6
:100AE000A17E342020F03FFFE17E352020F03BFF47
:100AF000217F362020F037FF384804223849001D76
:100B00002EF09FFCC8B32888FCF751FE000A10D1D4
:100B10002888FCF74CFE10F0FF0F0AD16888FCF71C
:100B200046FE000A05D16888FCF741FE10F0FF0F71
:100B300023D02888FCF73BFE000A60772888FCF762
:100B400036FEA0776888FCF732FE000AE0776888F6
:100B5000FCF72DFE84F82000617F372020F003FF92
:100B6000A17F382020F0FFFEE17F392020F0FBFE3E
:100B700094F820103A2020F0F6FEE07B217C627C85
:100B8000A37C657EC5F1FF052843A57EC5F1FF0561
:100B90002943E57EC5F1FF052A43247FC4F1FF0404
:100BA000234341EA0024250245EA14240D4D2C80FC
:100BB00043EA0224260246EA14246C80090401EB6D
:100BC0000060094903EB02221044086203F088FA2E
:100BD000BDE8F041FEF7F8BBBE00006097EB036094
:100BE000E0000060C20000602001006010B5F14923
:100BF00001200870F0A000F096FEF4A000F093FE33
:100C0000BDE81040F5A000F08EBE2DE9F0470C467F
:100C10001646984600256060F4496423B1F9002027
:100C200092FBF3F149B292FBF3F703FB172252B2A6
:100C300000290DDA4942CBB25142C9B24FF4616288
:100C40005343C1EB011103EB8101401A60600AE0DC
:100C5000CBB2D1B24FF461625343C1EB011103EB4C
:100C6000810108446060DFF888A39AF8000070B141
:100C7000E048E149B0F807000988884207D3DF4916
:100C80000988884203D8606800F561606060606828
:100C9000DB4AB0FBF2F102FB1101A160B0FBF2F7FD
:100CA000E7604FF46162B1FBF2F0E075B1FBF2F086
:100CB00002FB1011A4F819103C22B1FBF2F02076CF
:100CC000B1FBF2F002FB101984F81B9038462EF0AD
:100CD00064FECC4ACC4B2EF0D2FD2EF098FE80B2B2
:100CE0002082B8F1000F19D000F2B27189B240F23F
:100CF000B552B7FBF2F28A0714D06FF4B67202FB5A
:100D00000072A2EB900212B2A4F81520491E8907C6
:100D100002D0521CA4F81520BC4A2DE000F26C71E0
:100D200089B2E4E76FF4B67101FB0071A1EB9001A9
:100D3000491C09B2A4F81510B8F1000F02D1491CE2
:100D4000A4F81510B14A0C3208E0133463882380EC
:100D5000535DC91A6180133C6D1CEDB2B4F91510D6
:100D60000029F2DC0CE0133463882380535DC91A38
:100D70006180133C6D1CEDB2B4F915100029F2DC52
:100D8000A574B8F1000F15D000F2B270208286F879
:100D90000090207E7070E07DB070E07CF070A07CF0
:100DA0007071207CA0F5FA60B0719AF80000707242
:100DB000BDE8F08700F26C702082E8E72DE9F04191
:100DC0008D4D002028808D4C2080924B904A93F8C6
:100DD0006210491E05E0165C2F883E442E80401CA0
:100DE000C0B28142F7DC002093F86410491E05E090
:100DF000165C27883E442680401CC0B28142F7DC46
:100E000013F8630F298808442880987821880844BB
:100E100020807848807900F5FA60FAF73DFB0028D9
:100E200005D02888401C28802088401C2080BDE8F0
:100E3000F081FEB504460F4615461E460CF0FDFD3A
:100E4000E11B01EBC10100EB81006A4C6A4AB4F876
:100E50000710128891420AD3684A1288914206D834
:100E6000A91BC1EB4112C2EB012100EB01100123D0
:100E7000604A6949FFF7C9FE002220786178CDE910
:100E800001020091A378E2786179A079FAF7A2FBD8
:100E9000FEBD10B56049086046490C398860002ADB
:100EA0000DD1006A0EF03CFD0023524A5A49FFF76B
:100EB000ACFE5A49012008703E490420087010BD5C
:100EC00000B58DB03021DB208DF8040000228DF8B4
:100ED000052004208DF80600FA208DF807008DF813
:100EE000082001208DF809008DF80A208DF80B20CC
:100EF0008DF80C208DF80D000A2001AB02E01A5489
:100F0000401CC0B28842FAD301A8FDF747FC0DB0DF
:100F100000BD38B5274C0C3C6068002801D0002289
:100F20008280080EC1F3074242EA0020020242EA30
:100F30001020ADF80000C1F307200A4660F31F221D
:100F4000120260F31F2142EA1120ADF802004FF4B3
:100F5000F6416846FCF752FD60600120207038BD04
:100F600070472F4890F8F010012902D011480078FE
:100F7000704790F8EF0008B10020704704207047D8
:100F800070B5284C2078000708D50A4D0C3D28780C
:100F900020B10020FFF794FF002028702078800700
:100FA00007D521480022018820480068BDE870402C
:100FB0006FE770BD6801006074696D652E77696EBA
:100FC000646F77732E636F6D0000000074696D6548
:100FD0002E6E6973742E676F760000006E74702E2B
:100FE000736A74752E6564752E636E007C030060F1
:100FF0004C030060E01700605C0200605E0200606D
:10100000805101007B14AE47E1D376404A160408B4
:10101000301604087EEB0360065F0160C7030060C2
:10102000E25E0260AC000060B0000060C8000060DA
:1010300010B500206A4A012302EBC001CC7804B14C
:101040008B70401CC0B26428F6D3664C94F84D00F7
:10105000012802D1022002F09AFA94F82A00092805
:1010600003D094F82800092804D1BDE810400020DE
:1010700002F08DBA10BD10B501468A1E042A1DD299
:10108000022906D0032909D004290CD005290FD044
:1010900011E0AFF2B80000F077FC0CE0AFF2D40042
:1010A00000F072FC07E0AFF2F00000F06DFC02E02F
:1010B0004D4800F069FC4D490068086010BD2DE9FD
:1010C000FE4F484ADFF8289192F84800022803D2E0
:1010D00099F8F000012810D1464E3068401C30606D
:1010E000454FDFF818810025397841B144498842DD
:1010F00003D93D7088F800503560BDE8FE8FFFF7DA
:1011000030FF4FF0010A04280FD098F800000328A0
:101110005ED230681421B0FBF1F301FB130000280C
:10112000EBD199F8F000C0B34CE089F8F1A099F840
:10113000F00078B9334801784278CDE90115009282
:101140008378C27841798079FAF744FAFAF739FA64
:10115000FFF76EFF0CF071FC2B4C2060010EAE20EF
:1011600020F001FC2068C0F30741AD2020F0FBFB1C
:101170002088C0F30721AC2020F0F5FB2178AB20BC
:1011800020F0F1FB20682AF017F8C9F8CA0088F8A7
:10119000005087F800A03560AFE7FFE792F84800FD
:1011A000FFF769FF1148C178027841EA026142788D
:1011B0008078120442EA002001431448B0F900008C
:1011C000FFF7A7FE98F80000401C88F8000094E79D
:1011D000032003F029FE88F8005087F800A08CE770
:1011E0009DDA03607EEB0360225F0160880300608C
:1011F000E25E0260E4030060C9030060CA030060AD
:1012000000460500E0170060780200607C03006083
:101210000021EB480170012242708170017170471A
:10122000E74801218170002101707047E449887806
:10123000012801D101224A7070472DE9F0410021B7
:101240000020E04A02F5B07605E0535C3354401CC0
:1012500080B2491C89B2302802D2535C002BF4D1F1
:101260002F2802D90020BDE8F0813A213154401CDA
:1012700080B20021D34A203205E0535C3354401C35
:1012800080B2491C89B2302802D2535C002BF4D1C1
:1012900030280AD04FF0000C06F800C000200022D1
:1012A00000210023C84DC94F28E00020DBE70002E1
:1012B00020445B1C9BB2521CD2B2032A1ED10022D6
:1012C000840C15F804804C1CA4B207F80180C0F30C
:1012D000053115F80180611C89B207F80480C0F35C
:1012E000851415F804804C1CA4B207F8018000F0A6
:1012F0003F00611C285C89B238550020402B02D287
:10130000F456002CD3D13D23022A02D0012A16D054
:1013100027E00002820CAC5C4A1C92B27C54C0F301
:1013200005316C5C511C89B2BC54C0F385102A5C39
:10133000481C80B27A54411C89B23B5411E002042B
:10134000900C2C5C481C80B27C54C2F305316A5C62
:10135000411C89B23A54481C80B27B54411C89B26A
:101360003B5407F801C001207DE7F0B587B09849EC
:101370000888ADF818004988ADF81A10904CC7B22B
:101380000A342770020A6270CBB2A370090AE170B6
:101390008B4D8C4EE8786036002804D0012821D08F
:1013A00002283DD053E0FFF748FFC0B1E178A278B2
:1013B0006078CDE90121834A009040322378854945
:1013C00002F120002FF0B8FA80B2E88030447F4A62
:1013D00081492FF0B1FAE9880844E88037E000201D
:1013E00007B0F0BDFFF729FFC0B1E178A2786078BF
:1013F000CDE90121734A009040322378774902F108
:1014000020002FF099FA80B2E88030446F4A744986
:101410002FF092FAE9880844E88018E00020DFE71E
:10142000CDE90172CDE903316648664A403000904B
:10143000A0F120036B4920302FF07EFA80B2E880C3
:10144000304469492FF078FAE9880844E880E07868
:10145000A178CDE900105D486378227863A140301F
:101460002FF06AFA28810120BAE738B5544C624D52
:101470002078296801280ED04FF4FA72022826D06D
:1014800003282BD0042821D16069081A90421DD965
:10149000BDE83840C4E659480068020EC0F307436F
:1014A00043EA0222130243EA1222ADF80020C0F3FD
:1014B0000722034662F31F231B0262F31F2043EA45
:1014C0001020ADF8020002202070616138BD606913
:1014D000081A9042FAD9BDE83840A1E6FFF745FF67
:1014E000012128B10420207028686061217138BD75
:1014F000A17038BDF0B4049F314E7478012C39D1FD
:101500000024DFF8C0C00CF1400C155D2DB10CF8C3
:101510000450641CA4B2202CF7D30125202C23D026
:101520000022DFF8A0C09C5C2CB10CF80240521CD9
:1015300092B2202AF7D3202A18D00022214C20343E
:10154000BB5C23B1A354521C92B2202AF8D3202AA8
:101550000ED03161F070357000217170B1700328C8
:1015600008D9B570F0BC7047B570FBE7B570F9E706
:10157000B570F7E7F0BC78E711480078704770B5B0
:101580001F4D0F4C287800070BD52078042808D170
:10159000207930B1002020710A48E1886030FDF7E1
:1015A000FDF82878410601D503212170800704D574
:1015B0002078042801D10520207070BD7047704745
:1015C00070010060405F016062160408D060016035
:1015D000BA000060B82504088C24040844250408D7
:1015E000E82404082C2604084824040825752E2520
:1015F000752E25752E257500300000608C01006069
:10160000AC00006010B5202139482DF0D4FE3848D8
:10161000202120302DF0CFFE3548202140302DF004
:10162000CAFEBDE81040FFF7F3BD08B50146002033
:10163000002906D0012908D002290AD003290CD09C
:101640000EE02CA000F0A0F90AE02EA000F09CF91A
:1016500006E030A000F098F902E032A000F094F922
:10166000002811D0006800909DF803009DF800103C
:101670009DF8022000EB01609DF80110090401EBC8
:10168000022108442B49486008BD10B5FFF7C0FD92
:10169000284C2078FFF7C9FF0120607010BD38B5D5
:1016A000244C2078032821D0617801291ED120B153
:1016B000012805D0022806D007E01F49616004E038
:1016C0001E49616001E01E4961600949084B4031D3
:1016D00000911C492033064A085C6168FFF70AFF45
:1016E000FFF7A4FD012801D10020607038BD7047CC
:1016F000206101607777772E333332322E6F726735
:10170000000000007777772E64796E646E732E6325
:101710006F6D00007777772E6E6F2D69702E636F77
:101720006D0000006E65776669726D776172652E77
:10173000636F6D00880100600FB0B87675F80DCC4E
:101740006EE01708A316040810F8011B02E0401C05
:10175000491EC9B20029FAD101780029F4D1401CF0
:10176000704770472DE9F047A94D00262E70A94A11
:101770004FF00108287800EBC00101EB40108418FD
:101780002078012801D0022837D1022820D0022059
:10179000207084F80180A6709F4FD7F80090C9F898
:1017A0000060C9F80460C9F808602878FBF7FFFFFB
:1017B000A9F8000089F802804FF48070A9F80400AD
:1017C00039680C31241D641C0A46491C6E7022E0E5
:1017D0006078401E10F0FF0060700ED1A078401CB1
:1017E000C0B2A0700A2802D0A0786070D4E70420AC
:1017F00020700021601DFFF7B4FF2878401CC0B2A4
:1018000028700A28B6D3BDE8F08701F8010B687884
:10181000401C6870641C20782E2801D00028F4D168
:101820006878107020780028CDD128690860287D5C
:1018300008713868BDE8F047091A491DC9B2FCF7BC
:10184000ADBF2DE9F041744F3C682088FBF7AFFF36
:101850006F4EC0B2307100EBC0016E4A01EB401117
:101860008D180A283DD2287802283AD10320287002
:10187000E07800F00F00287130B1042028700021BA
:10188000681DBDE8F0416CE7A088FBF790FFB070E1
:10189000E088FBF78CFFF07038680C30FFF754FFDE
:1018A000001D4FF4807719E00178890901D0841C6C
:1018B00002E0FFF749FF04462088B84206D160885D
:1018C000B84203D12089B0F5806F0CD02089FBF796
:1018D0006EFF20440A30F178491EF170F17800293A
:1018E000E2D1BDE8F0816089A5F82500A089A5F8BE
:1018F000270005F12501681DBDE8F04131E710B56D
:1019000046480068C088B0F5545F0BD1444C20783D
:10191000000701D5FFF726FF2078800702D5BDE834
:1019200010408EE710BD70B50146394D0020E871BA
:10193000A8716871374B687900EBC00202EB401266
:10194000D418227862B1E278AE7AB21AAE79B24295
:1019500001DDAA71E871401CC0B268710A28EAD39F
:1019600068790A2806D1E879687100EBC00202EBB9
:101970004010C418601D2DF071FD01202070A87A60
:10198000E070401CA87270BD2DE9F0410746204D63
:10199000002028721F4E287A00EBC00101EB401096
:1019A00084192078032804D1611D38462DF031FDBB
:1019B00038B1287A401CC0B228720A28EBD3002024
:1019C0008FE704F125008CE71148C0680028FFD19B
:1019D000704710B50E4CE168002901D000228A80C2
:1019E0004FF45451FCF70AF8E06010BD10B50849F7
:1019F00000234B72074A487A00EBC00404EB401402
:101A00001355401CC0B248720A28F4D310BD000020
:101A10009401006080610160C8000060D400006033
:101A2000AC00006010B5044617F09AFAF14902289C
:101A30000ED091F82300032820D004281ED00728B8
:101A40001CD00C281AD0082818D0EB48046010BD10
:101A500091F82300E94903280AD0042808D0072870
:101A600006D00C2804D00A2805D0C1F8AC4110BD1E
:101A7000C1F8AC4110BDE248046010BDE14804600B
:101A800010BD38B502460846062A15D0052A1DD0D5
:101A9000DD4C42B3092A36D0DC4C012A43D0032A5C
:101AA00052D0DB4C022A60D0042A71D00A2A7FD09F
:101AB0000B2A6CD0002038BD042801D3002038BD8B
:101AC000D44900EB40100844153038BD082801D334
:101AD000002038BDC0EBC000CF4900EB400001EB57
:101AE0004000153038BD69460FF0F5F99DF800004B
:101AF000802801D3002038BDC0EBC00101EB4010AD
:101B00002044153038BD69460FF0F3F99DF8000008
:101B1000802801D3002038BDC0EBC00101EB40108C
:101B20002044153038BD69460FF0F1F99DF80000EA
:101B3000402801D3002038BDC0EBC00101EB0010EC
:101B400004EB4000153038BD69460FF0EEF99DF802
:101B50000000402801D3002038BDC0EBC00101EBDC
:101B6000001004EB4000153038BD69460FF0EBF96A
:101B70009DF80000402801D3002038BDC0EB0010C4
:101B800000EB40002044153038BD01E010E024E0B7
:101B900069460FF0E6F99DF80000402801D30020C7
:101BA000F2E7C0EB001000EB400020441530EBE7FB
:101BB00048B1012809D0022809D0032809D00428F7
:101BC00009D096A0E0E798A0DEE79BA0DCE79DA007
:101BD000DAE7A1A0D8E7A4A0D6E708B18FA0D3E7A1
:101BE000A7A0D1E738B502460846052A15D0062A2F
:101BF0001FD0854C32B3092A33D0844C012A3FD000
:101C0000032A4DD0824C022A5AD0042A67D00B2ACC
:101C100076D00A2A79D00020B6E7082801D3002020
:101C2000B2E7C0EBC0007C4900EB400001EB400094
:101C3000AAE7042801D30020A6E7764900EB40106C
:101C40000844A1E769460FF046F99DF80000802896
:101C500001D3002098E7C0EBC00101EB4010204405
:101C600092E769460FF045F99DF80000802801D3FE
:101C7000002089E7C0EBC00101EB4010204483E75E
:101C800069460FF044F99DF80000402801D3002078
:101C90007AE7C0EBC00101EB001004EB400073E7F2
:101CA00069460FF042F99DF80000402801D300205A
:101CB0006AE7C0EBC00101EB001004EB400063E7F2
:101CC00069460FF040F99DF80000402801D300203C
:101CD0005AE7C0EB001000EB4000204454E769468F
:101CE0000FF03FF99DF80000402801D300204BE79A
:101CF000C0EB001000EB4000204445E700E004E0AA
:101D000008B146A040E761A03EE748B1012809D0EC
:101D1000022809D0032809D0042809D03FA033E7BE
:101D200041A031E744A02FE746A02DE74AA02BE7CA
:101D30004DA029E708B50A46002809D0012855D04A
:101D4000022854D0042853D0032852D0002008BDC4
:101D5000694610460FF0BFF89DF80000802801D3B7
:101D6000002008BDC0EBC00101EB40112648014432
:101D700091F8260040B391F8231039B3012827D0F9
:101D8000022827D00B2827D00C2827D00D2827D0B1
:101D90000E2827D0102827D011287FD012287ED0D7
:101DA00013287DD004287CD005287BD008287AD041
:101DB000092879D0072878D0172877D0182876D026
:101DC000162875D05F2008BD5F2008BD5F2008BDC4
:101DD0003E2008BD402008BD052008BD062008BDE6
:101DE000032008BD022008BD492008BD77E0A6E019
:101DF000C8E0CDE07EEB0360880122420000234270
:101E000080012142A0812242266F02601DBD046034
:101E1000DDC8046091DE026081D602607265736580
:101E2000727665640000000070616E656C206E75EE
:101E30006D6265720000000064656164206D61730D
:101E4000746572006C63642074696D65206F6666EA
:101E50002064656C6179000064697361626C65205F
:101E600069636F6E000000006C63642064697370C6
:101E70006C617920636F6E6669677572650000003A
:101E800046414E204D4F44450000000046414E2043
:101E90004D4F4445205459504500000009E00AE0E8
:101EA0000BE00CE00DE00EE00FE010E011E012E0BE
:101EB00013E0482008BD472008BD462008BD352056
:101EC00008BD362008BD2F2008BD302008BD2420C5
:101ED00008BD1D2008BD602008BD622008BD694600
:101EE00010460FF014F89DF80000402801D30020A0
:101EF00008BDC0EBC00101EB0011F74800EB410049
:101F000090F8281089B190F82D0003280FD00728E9
:101F10000DD004280DD008280BD00D280BD0132885
:101F20000BD00B2809D05F2008BD5F2008BD3E20E4
:101F300008BD402008BD022008BD052008BD694637
:101F400010460FF000F89DF80000C0EB001000EB09
:101F50004001E248084490F9280058B101280BD00C
:101F600002280BD0052809D0042807D0062807D05E
:101F70005F2008BD5F2008BD052008BD622008BDA8
:101F8000022008BD402A01D3002008BD5F2008BD03
:101F9000402A01D3002008BD5F2008BD38B50246A5
:101FA0000846CE4C022A0BD0042A16D0052A21D08E
:101FB000062A2CD0CA4C72B3092A44D00020E3E58B
:101FC00069460EF0C0FF9DF80000C0EB001000EB6A
:101FD0004000204490F82600D6E569460EF0C1FF87
:101FE0009DF80000C0EB001000EB4000204490F88A
:101FF0002600C9E5082801D30020C5E5C0EBC000D4
:10200000B84900EB400001EB4000C07FBCE504286C
:1020100002D30020B8E505E0B34900EB40100844C6
:10202000C07FB1E569460EF056FF9DF8000080289C
:1020300001D30020A8E5C0EBC00101EB4010204413
:1020400090F82200A0E569460EF053FF9DF80000CD
:10205000802801D3002097E5C0EBC00101EB4010C0
:10206000204490F822008FE52DE9F84F0C461546E4
:102070009E4FDFF86CB2DFF860A2DFF87492DFF8F1
:102080007482964E0B287CD2DFE800F0066B8059F4
:10209000FCFBFA7B7B26F900694628460EF01BFF05
:1020A0009DF80000C0EBC00101EB4010584490F8CF
:1020B000261019B190F82310012902D00020BDE8A4
:1020C000F88FD0F81E0029F077F82DF047FCBDE816
:1020D000F84F89492DF089BB694628460EF009FF63
:1020E0009DF80000C0EBC00101EB4010584490F88F
:1020F000261011B190F823200AB10020DFE7A1F1EA
:102100000C020A2A0FD91739072906D801EBC10298
:1021100002EB0111795C012905D090F82400012817
:102120000AD00020CBE790F82400012802D04FF01D
:102130007E50C4E70020C2E74FF07E50BFE76946FB
:1021400028460EF0F2FE9DF80000C0EBC00101EB46
:1021500000110AEB410191F82D20E2B391F828001B
:1021600028B3694628460EF0D2FE9DF80000C0EB69
:10217000C00101EB00110AEB410191F82D205AB387
:1021800000E05FE191F82800012839D0694628462F
:102190000EF0D9FE594801785948007808449DF856
:1021A000001088424ED80F2C3CD0484687E7A2F159
:1021B0000C000A2811D9173A072A06D802EBC200E8
:1021C00000EB0210385C012807D091F826000128A6
:1021D0000CD0002073E70CE01DE091F826000128E8
:1021E00002D04FF07E506AE7002068E74FF07E5043
:1021F00065E7444931F81000BDE8F84F2DF0B7BB52
:10220000D1F81E0028F0D8FF2DF0A8FBBDE8F84F4C
:1022100039492DF0EABA3B4931F81000BDE8F84FD2
:102220002DF0A5BBC1EB011000EB40003044D0F80D
:102230001E0028F0C1FF2DF091FBBDE8F84F2E499C
:102240002DF0D3BA08EB811050F824204846824282
:10225000ACD0C1EB011000EB4000304490F82310EB
:10226000D9B10CF013F89DF80050A84210D808EB33
:102270008510214950F824002DF085FA03E0C3E0D1
:10228000B5E0A4E047E02DF0AEFB1F4921F81500B2
:1022900008EB851050F8240011E712F0FF4F01D031
:1022A000012100E0002190F92800A0F10C020A2A87
:1022B0000DD91738072806D800EBC00202EB001032
:1022C000385C012803D0012922D00020F7E601293B
:1022D0001CD04FF07E50F2E61DBD0460DDC80460E6
:1022E000266F026081D6026091DE02608E6A026013
:1022F00000007F438007036000007A448902006089
:102300008A020060E2560260E25702600020D6E6D0
:102310004FF07E50D3E6694628460EF022FEFE4876
:102320000178FE48007801449DF80000814212D8EF
:102330000F2C01D04846C2E6C0EB001000EB400075
:102340003044D0F81E0008B1012000E00020BDE8B4
:10235000F84F2DF00CBB08EB801151F824104945C3
:1023600001D14846ABE6C0EB001202EB42029319E2
:1023700093F823200AB10846A1E611F0FF4F01D0DF
:10238000012200E0002293F92810A1F10C030A2B8E
:102390000DD91739072906D801EBC10303EB011149
:1023A000795C012903D0012A0ED0002087E6012A9A
:1023B00002D04FF07E5082E6022803D2D849888CA2
:1023C000401C888400207AE64FF07E5077E6C5EB0B
:1023D000C500D44900EB400001EB4000807F08B10C
:1023E000012000E00020BDE8F84F2DF0C0BACE4932
:1023F00005EB45100844807F08B1012000E0002073
:10240000BDE8F84F2DF0B3BA3DB1C849012D07D052
:10241000022D0ED0032D11D10EE0C54800780DE03D
:1024200091F85900010602D500F07F0006E0002077
:1024300004E091F84F0001E091F85A00BDE8F84F30
:102440002DF095BA00203AE6BA487047BA4B00EB37
:10245000C00003EBC00000EBC100805C704730B5EA
:10246000ADF5197D01EBC104B44901EB041101EB99
:10247000021101EB43056D788DF8005011F813102F
:102480008DF8011000218DF802108DF80310AA4973
:1024900001EBC40101EBC201C95CCDF807100921B1
:1024A0008DF8061040F2622269462CF06BFF0DF5A4
:1024B000197D30BD10B50346002000229E4C03EB71
:1024C000C30304EBC30303EBC1018B5CFF2B01D0FF
:1024D000401CC0B2521CD2B2082AF6D310BD2DE95E
:1024E000F043974B01241C70964B1C741C76002300
:1024F000DFF844C200EBC006904F0CEBC60000EBC7
:10250000C10007EB0616FF2506EB01114AB901EBE6
:102510004306767816B911F8136036B124EA03063B
:10252000C654C65CFF2E02D00BE0C554F9E701EBA0
:102530004306767816B911F81360BEB124EA030693
:10254000C6545B1CDBB2082BE0D30023C25CFF2A1D
:1025500046D001EB430811F8134098F80120C2EB74
:10256000021204EB82045A1CD2B237E00BB1C554FC
:10257000E7E7CE780EB98E780EB10470E1E705700A
:10258000DFE710F802C0BCF1FF0F25D001EB4207D6
:1025900011F812607D78C5EB051506EB8506B4428F
:1025A0001AD9254634463C26B4FBF6F988F8019042
:1025B000B4FBF6F906FB194901F81390B5FBF6F9DF
:1025C00087F80190B5FBF6F706FB175501F8125096
:1025D000C55C00F803C08554521CD2B2082AD0D37F
:1025E0005B1CDBB2082BB1D3BDE8F08330B500250E
:1025F0000024012221462846FFF771FF641CE4B243
:10260000092CF6D36D1CEDB2082DF1D330BD00209E
:102610007047F0B500220021C0EBC00303EB0010AF
:10262000494B012703EB40060020755C07FA00F4D4
:10263000254201D0521C92B2401C80B20828F5D32A
:10264000491C89B22E29EFD3D0B2F0BDC0EBC00136
:1026500001EB00103C4901EB40002E212CF0ABBEF9
:1026600070B5421C93B2394E394DB279920708D0F9
:102670001C226A700022AC5C9C4205D21B1B9BB2E0
:1026800006E01D226A70F5E7521C8A70CB700C229E
:10269000521C92B20C2AEED3B6F8072007238242CE
:1026A00009D9101A90FBF3F203FB12003279101AC9
:1026B000C01D80B207E0801A90FBF3F203FB12000A
:1026C0003279104480B2B0FBF3F203FB1200401CDD
:1026D0000871B07900F5FA60088070BD2DE9FC47FB
:1026E0008246914600260025C1EBC10000EB011097
:1026F00015494FF0010801EB40070024785D08FA06
:1027000004F108422AD0B14526D104EBC500401E91
:1027100080B269461EE00000890200608A02006003
:1027200048FA036081D6026091DE02607EEB0360AE
:10273000540200608017036051DC0260D1D7026050
:10274000BE0300607054036015DF0260E017006094
:10275000565A0260FFF784FF761CB6B2641CA4B21E
:10276000082CCBD36D1CADB22E2DC6D30098CAF861
:1027700000009DF804008AF80400BDE8FC872DE9FC
:10278000F8431C46FD4901250D70FD4F0026012828
:102790001ED0DFF8F08302287DD0042816D16946C8
:1027A00010460EF0DEFB9DF8001040290ED23D7061
:1027B000C1EB011000EB4000404480F823605F2C27
:1027C00070D080F8285001220EF0D9FBBDE8F883C4
:1027D000694610460EF09BFB9DF800004028F5D29C
:1027E000E9495F2C07D1C0EBC00202EB001201EBFC
:1027F000420282F82D603E2C08D1C0EBC00303EBEF
:10280000001301EB4303032283F82D20402C08D151
:10281000C0EBC00303EB001301EB4303042283F876
:102820002D20032C0ED1C0EBC00202EB00120D23B1
:1028300001EB420223329372137803F00F0343F04B
:1028400010031370052C10D1C0EBC00202EB001274
:1028500001EB420202F123024FF01303937213784B
:1028600003F00F0343F0300313700ED0032C0CD091
:10287000C0EBC00202EB001201EB420212F8233F50
:1028800003F00F0343F0400313707D70C0EBC002F0
:1028900002EB001001E008E004E001EB40000EF064
:1028A00019FC93E780F828608DE7694610460EF022
:1028B0004AFB9DF80010402988D23D70C1EB011001
:1028C00000EB4000404480F823505F2C05D080F896
:1028D000285001220EF053FB78E780F82860F8E7D3
:1028E0002DE9F843014610461C46A44A01251570FF
:1028F000A34EA54FDFF88C92DFF890820A291CD2F4
:10290000DFE801F061054A1C3387971B1B74694699
:102910000EF0FDFA9DF8000040280ED27570C0EB55
:10292000C00101EB001007EB40002168C0F8151052
:102930006168C0F819100EF0CDFB47E769460EF04C
:10294000F4FA9DF800004028F7D27570C0EBC00182
:1029500001EB001007EB40002168C0F8151061681A
:10296000C0F819100EF0B6FB30E769460EF0F9FA20
:102970009DF800104029E0D23570C1EB011000EB4A
:10298000400048442268C0F815206268C0F8192049
:1029900001220EF0F4FA19E769460EF0D4FA9DF818
:1029A00000104029C9D23570C1EB011000EB400086
:1029B00048442268C0F815206268C0F81920012236
:1029C0000EF0DDFA02E769460EF085FA9DF8000088
:1029D0008028B2D2B570C0EBC00101EB401040447A
:1029E000216840F8151F61684160EFE669460EF006
:1029F00080FA9DF8000080289FD2B570C0EBC0011E
:102A000001EB40104044216840F8151F61684160A7
:102A1000DCE6082891D23571C0EBC0005C4900EBC0
:102A2000400001EB4000216840F8151F61684160DB
:102A3000CCE6042898D27571564900EB4010084442
:102A4000216840F8151F61684160BFE62DE9F84F25
:102A50000E4615461C46494901270F70DFF82091A4
:102A6000DFF834A1DFF834B1DFF834810B2844D229
:102A7000DFE800F006ABFEE3FDFCFB434344FA0055
:102A8000694628460EF027FA9DF80000802834D2C7
:102A9000C0EBC0013D4D01EB4010284490F82310DD
:102AA000012917D190F8261011B9032180F82610BA
:102AB0003C4920462CF067FE2CF07CFF28F07CFB84
:102AC00001469DF80000C0EBC00202EB4010284414
:102AD000C0F81E1089F80270324920462CF053FECF
:102AE0002CF068FF28F068FB9DF80010C1EBC102D4
:102AF00002EB41112944C1F81E0008E4694628464A
:102B00000EF0F7F99DF800008028F6D2C0EBC00166
:102B10001E4D01EB4010284490F8231061BB90F843
:102B2000261009B980F826701E4920462CF02BFE8D
:102B30002CF040FF28F040FB02469DF80000C0EB5F
:102B4000C00101EB40104119C1F81E2091F8260088
:102B5000A0F10C020A2A29D91738072807D800EB58
:102B6000C00202EB00121048805C01281ED014F055
:102B7000FF4F24D0012023E024E00000BE030060CA
:102B800070540360DDC804601DBD0460266F0260E0
:102B900081D6026091DE0260890200608A020060D4
:102BA0008007036000007A448E6A026014F0FF4FD1
:102BB00003D0002081F8240004E00120FAE700207F
:102BC00081F8240089F802703DE4694628460EF039
:102BD0009EF99DF800004028F6D289F80170C0EBFC
:102BE000C001F94D01EB001005EB400090F82810F2
:102BF000012917D190F82D1011B9032180F82D105B
:102C0000F24920462CF0BFFD2CF0D4FE28F0D4FA77
:102C10009DF80010C1EBC10202EB011105EB41016F
:102C2000C1F81E009DF80000C0EBC00101EB0010D0
:102C300005EB40000EF04EFA05E4694628460EF01A
:102C400074F99DF800004028BED289F80170C0EBED
:102C5000C001DD4D01EB001005EB400090F828109D
:102C600049B190F82D1004E0DEE1CDE1B8E15EE07D
:102C700035E171B33EE090F82D1009B980F82D7060
:102C8000D24920462CF07FFD2CF094FE28F094FAD7
:102C900002469DF80000C0EBC00101EB001005EBFF
:102CA0004001C1F81E2091F82D00A0F10C020A2A63
:102CB00010D91738072807D800EBC00202EB001222
:102CC000C348805C012805D014F0FF4F0BD00120D1
:102CD0000AE00CE014F0FF4F03D0002081F826003A
:102CE0001AE00120FAE7002081F8260014E0032111
:102CF00080F82D10B54920462CF045FD2CF05AFEE9
:102D000028F05AFA9DF80010C1EBC10202EB011144
:102D100005EB4101C1F81E009DF80000C0EBC001A9
:102D200001EB001005EB40000EF0D4F9E5E6694632
:102D300028460EF016F99DF80050402DF6D20120DD
:102D400089F80000A34FBC4204D108EB851040F87D
:102D5000267095E0C5EB0510DFF87C9200EB400093
:102D600000EB090191F92800A0F10C020A2A16D9FA
:102D70001738072807D800EBC00202EB001294486E
:102D8000805C01280BD09AF800009BF800201044CA
:102D9000A8425CD914F0FF4F41D0012040E09AF8DE
:102DA00000009BF800201044A8421CD914F0FF4FEB
:102DB00015D000202CF0DBFD08EB851141F8260032
:102DC000284622F0AEFD60B100209DF80010C1EB56
:102DD000011101EB4101494481F8250050E0012037
:102DE000E8E70120F1E704F0FF40002807D04FF0AA
:102DF000000081F8250005D14FF0010004E04FF0FC
:102E00000100F6E74FF000002CF0B1FD014608EBA1
:102E10008510C1630F2E33D040F8267030E00020BB
:102E20002CF0A5FD08EB851141F82600284622F07C
:102E300078FD08B1012000E000209DF80010C1EBF2
:102E4000011101EB4101494481F8250018E014F01B
:102E5000FF4F01D0012000E0002081F825000F2E57
:102E600003D008EB851040F8267014F0FF4F01D016
:102E7000012000E000202CF07AFD08EB8511C863EA
:102E80009DF80000544CC0EB001101EB41012144BE
:102E9000002281F8232003F0ACF902F051FD9AF8EA
:102EA00000009BF8001008449DF80010884207D8E5
:102EB000C1EB011000EB40002044012280F82220E9
:102EC000C1EB011000EB4000204490F8282012B91B
:102ED000012280F8282000220EF051F80DE6694604
:102EE00028460EF030F89DF800004028F6D289F808
:102EF0000070C0EB0011384D01EB4101294491F8FD
:102F000028200AB981F8287081F823709BF80010F6
:102F10009AF800201144814216D908EB801141F83B
:102F2000264021F084F829492CF02DFC2CF042FD9C
:102F300028F042F901469DF80000C0EB001000EBBC
:102F400040002844C0F81E109AF800009BF80010BA
:102F500001449DF80000814228D8C0EB001101EB2C
:102F60004101294481F8227008EB8010C4630F2EC0
:102F700002D0184940F82610144920462CF003FCD2
:102F80002CF018FD044628F017F99DF80010C1EB4D
:102F9000011101EB41012944C1F81E00204628F02F
:102FA0000BF90E499DF8002021F8120002F0C8FC30
:102FB0009DF800100022C1EB011000EB40002844F6
:102FC0000DF0DDFF99E500001DBD046000007A44AE
:102FD0008E6A026000007F43DDC80460E257026031
:102FE00089F80470FD4920462CF0CDFB2CF0E2FC62
:102FF00028F0E2F80146C5EBC500F94A00EB4000B5
:1030000002EB4000817778E589F80570F3492046A6
:103010002CF0B9FB2CF0CEFC28F0CEF8F14A05EBF1
:1030200045111144887768E5EF4E012D0DD0022D32
:1030300017D0032DC6D120462CF0D5FC86F85A00B7
:1030400081B2E0201EF08FFC57E520462CF0CBFC2F
:10305000C1B286F85910C7201EF085FC02F070FC42
:103060004BE520462CF0BFFC86F84F0081B2D620FD
:103070001EF079FCDD49002008703EE52DE9F84F8F
:1030800004468A461646DA4801250570DFF864933F
:10309000DFF8648377B2042C11D188F800506946B8
:1030A00050460DF05EFF9DF80010C1EB011000EBE3
:1030B0004000484480F8227001220DF060FF022C8D
:1030C00011D188F80050694650460DF03CFF9DF83C
:1030D0000010C1EB011000EB4000484480F8227062
:1030E00001220DF04CFFC54F092C0ED188F802507B
:1030F000694650460DF0FDFE9DF80000C0EBC00192
:1031000001EB4010384480F82260002C0ED188F882
:103110000250694650460DF0DEFE9DF80000C0EBFF
:10312000C00101EB4010384480F82260E5E42DE94D
:10313000F843014610461E46AD4A01241470AE4DB8
:10314000AF4FDFF8B092DFF8B4820A2922D2DFE86D
:1031500001F077055B223F9BAA21218969460DF08A
:10316000D6FE9DF80000802814D26C70C0EBC00120
:1031700001EB001007EB4000152231462CF002F95C
:103180009DF80000C0EBC00101EB001007EB400010
:103190000DF0A0FF16E469460DF0C7FE9DF8000093
:1031A0008028F7D26C70C0EBC00101EB001007EB78
:1031B0004000152231462CF0E5F89DF80000C0EBE8
:1031C000C00101EB001007EB40000DF083FF0CE4A1
:1031D00069460DF0C6FE9DF800004028F7D22C701D
:1031E000C0EB001000EB40004844132231462CF0A5
:1031F000C9F89DF800100122C1EB011000EB40005E
:1032000048440DF0BCFE03E469460DF09CFE9DF8B9
:1032100000004028F7D22C70C0EB001000EB4000FB
:103220004844132231462CF0ADF89DF800100122DD
:10323000C1EB011000EB400048440DF0A0FE04E497
:1032400069460DF048FE9DF800008028F7D2AC706A
:10325000C0EBC00101EB40104044152231462CF078
:1032600091F897E769460DF044FE9DF8000080282C
:1032700090D2AC70C0EBC00101EB4010404415226D
:1032800031462CF07FF885E7082883D22C71C0EBFB
:10329000C000534900EB400001EB400015223146CD
:1032A0002CF070F876E70428DBD26C714D4900EB06
:1032B00040100844152231462CF064F86AE74C4B64
:1032C00001221A704C4B1A76014614224D482CF0FC
:1032D00059B870B500224D4D00EBC0004A4E05EBC9
:1032E000C005002306EB0010FF2405EBC10500EB31
:1032F000011000EB42014B7000F81230AC54521C2C
:10330000D2B2082AF5D370BDF0B5DDE90556384FC5
:1033100001243C70384F3C743B4C00EBC00004EB84
:10332000001404EB011404EB42077B7004F8125004
:10333000364B03EBC00000EBC100865434480188D3
:10334000491C0180F0BD77B5294901250D702A4936
:103350004D743049BDF80430897901F5FA62934221
:1033600029D12D4B890709D01C21597000229DF8C5
:103370000640641E0B2C0BD8002107E01D2159705C
:10338000F4E75E5C324492B2491CC9B28C42F8DC6C
:103390009DF80710114489B2C0EBC00202EB001285
:1033A0001E4800EB420000EBD10001F0070102785B
:1033B0008D402A4302707EBD10B5194840F2E534B5
:1033C00000880146FF2868D031DC02284BD029DC78
:1033D000002862D0012836D137E0000000007A448E
:1033E00081D6026091DE02607EEB03605A020060CB
:1033F000BE030060DDC8046070540360266F026085
:103400001DBD046080170360D1D7026051DC0260EB
:1034100092FA0360E0170060565A026015DF0260FE
:10342000AA01006003282BD094280CD135E0A0F528
:103430004070E53817D00A2807D0D12820D0A0F551
:103440007C401A3829D0084610BD1422F5A1F9484D
:103450002BF098FFF7481422F7A114302BF092FFBD
:1034600040F2EF3010BD1422F5A1F2482BF08AFF94
:10347000F0481422F5A114302BF084FF204610BD33
:103480001422F5A1EB482BF07DFFEA481422F7A1A6
:1034900014302BF077FF204610BD1422F6A1E5482A
:1034A0002BF070FFE3481422F7A114302BF06AFFD1
:1034B000942010BDDF487047DE481430704710B5C7
:1034C000F54B01225A7601461422DA482BF05AFFB6
:1034D000BDE810400BF0C3B910B5EF4B01225A768E
:1034E0000146D448142214302BF04CFFBDE81040A4
:1034F0000BF0B5B910B50446E1B2AF20F7F75BF8B1
:10350000210AE120F7F757F8002C0CD0FF2C0AD045
:10351000A4F57F40FF3806D0012C04D0022C02D045
:10352000C448801E048010BDDC4948727047DB48E7
:10353000407A002800D001207047D94902680A600B
:1035400002790A71D54AC378D370837853710379AD
:10355000137100783C38C0B2907100F5FA600880B1
:10356000D049012008707047CF4902680A60CB49F2
:1035700002788A7042784A7080780870C9490120C0
:1035800008707047C948B0F90000704770470EB521
:10359000C3490A68019209798DF80810C24909687F
:1035A000009102280DD1C24A01211170C14A0021A7
:1035B0001170C14A052111700246694601A827F021
:1035C000F9FA0EBD70B503460C461046BB4A012100
:1035D0001170B14A5176BA49BA4E042B09780FD00E
:1035E000022B66D10C4446F824002CF0FCF9B649B5
:1035F00021F81400E0B2BDE87040002102F0F6B9F5
:103600008C4256D246F82400C4EB041101EB41026F
:10361000AE49551895F82310A1BB95F92810A1F1D2
:103620000C020A2A0FD91739072907D801EBC10262
:1036300002EB0111A64A515C012904D010F0FF4FA2
:1036400015D0012014E010F0FF4F0CD000202CF01A
:103650008EF946F82400204622F063F928B10020B4
:1036600085F8250012E00120F1E70120F8E70020AD
:103670002CF07DF946F82400204622F052F910B1D2
:10368000012001E00FE0002085F8250095F82500D5
:1036900028B14FF47A7120460AF010FD03E00021B2
:1036A00020460AF00BFD2046BDE87040002102F0E4
:1036B0009DB970BD824A834B0428127803D08818C4
:1036C00053F8200070479142FCD253F82100704714
:1036D00030B50021002200207E4B1B7813E0C0EBA8
:1036E000C0047D4D04EB001405EB440494F828401D
:1036F000012C0FD0794CA05404F500742254521CB4
:10370000D2B2401CC0B29842E9D3754801707548E6
:10371000027030BD714C403C605404F5007421547B
:10372000491CC9B2EDE730B50021002200206E4BE4
:103730001C7813E0C0EB0013644D03EB43032B44F0
:1037400093F82330012B10D0644B8033985403F549
:1037500000731A54521CD2B2401CC0B2A042E9D32A
:10376000624801706248027030BD5C4B403358546F
:1037700003F500731954491CC9B2EDE770B5002177
:10378000002200205B4DC0EBC00303EB40132B4431
:1037900093F826405CB193F82360012E07D14F4E79
:1037A000C036705406F500763154491CC9B24CB18C
:1037B00093F8233033B9504B985403F500731A54DF
:1037C000521CD2B2401CC0B28028DCD34B480170DE
:1037D0004B48027070BDF0B5024600203D4B424C94
:1037E0003D4F1B78394E2478424D062A18D2DFE827
:1037F00002F003B0C4899DDA00220FE0C2EBC204DC
:1038000004EB021407EB440494F82840012C03D184
:103810008A4206D0401CC0B2521CD2B29A42EDD3AA
:10382000D5E0D6E04E4554495820436F6E74726F10
:103830006C730000AC0100604E4343420000000086
:103840004A6574436F6E74726F6C73004A657420BE
:1038500050726F64756374004E6577726F6E20539B
:103860006F6C7574696F6E73000000004E6577723F
:103870006F4E6F646500000054656D636F436F6E3B
:1038800074726F6C7300000054656D636F2050722A
:103890006F6475637400000070540360E01700608B
:1038A00080020060C7030060850200607C03006046
:1038B000ED020060F6020060EF020060BE030060EF
:1038C00089020060004E0360E2570260DDC80460B8
:1038D0008E6A0260D50200601DBD04605C630160F9
:1038E00080040060BD040060D602006081040060B6
:1038F000BF040060266F02609C6401608204006067
:10390000BE04006000220EE0C2EBC20404EB02140D
:1039100007EB440494F828401CB98A4259D0401C53
:10392000C0B2521CD2B29A42EED350E000220DE057
:10393000C2EB021303EB4303334493F823301BB968
:103940008A4246D0401CC0B2521CD2B2A242EFD32F
:103950003DE000220EE0C2EB021303EB43033344CD
:1039600093F82330012B03D18A4232D0401CC0B2DD
:10397000521CD2B2A242EED329E00022C2EBC20313
:1039800003EB42132B4493F826403CB193F82330C9
:10399000012B03D18A421CD0401CC0B2521CD2B2AF
:1039A000802AEBD313E00022C2EBC20303EB4213E5
:1039B0002B4493F8264034B193F823301BB98A4244
:1039C00007D0401CC0B2521CD2B2402AECD34FF0F8
:1039D000FF30F0BDF0B50022FC4BFE4CFA4F1B78D7
:1039E000FB4E2478FC4D06287ED2DFE800F0033F32
:1039F00053182C6900200FE0C0EBC00404EB001446
:103A000007EB440494F82840012C03D18A426DD07E
:103A1000521CD2B2401CC0B29842EDD364E00020E8
:103A20000EE0C0EBC00404EB001407EB440494F870
:103A300028401CB98A4259D0521CD2B2401CC0B294
:103A40009842EED350E000200DE0C0EB001303EBF2
:103A50004303334493F823301BB98A4246D0521CA7
:103A6000D2B2401CC0B2A042EFD33DE000200EE035
:103A7000C0EB001303EB4303334493F82330012BD3
:103A800003D18A4232D0521CD2B2401CC0B2A042F2
:103A9000EED329E00020C0EBC00303EB40132B441E
:103AA00093F826403CB193F82330012B03D18A428E
:103AB0001CD0521CD2B2401CC0B28028EBD313E001
:103AC0000020C0EBC00303EB40132B4493F82640C7
:103AD00034B193F823301BB98A4207D0521CD2B2BA
:103AE000401CC0B28028ECD34FF0FF30F0BDBB4982
:103AF000085C40280FD2C0EBC00101EB0010B249B6
:103B000001EB400090F82D00401E0A2801D800204B
:103B10007047012070470020704710B500224028F0
:103B20001DD2401EA84BC0EBC00404EB001003EBF9
:103B3000400049B190F82D104B1E0A2B0FD80B31C5
:103B400080F82D10012010BD90F82D10A1F10C036C
:103B50000A2B04D80B3980F82D10012010BD104617
:103B600010BD9E498031085C40280ED2C0EB001089
:103B7000974900EB4000084490F92800401E0A28AD
:103B800001D80020704701207047002070470022B4
:103B900040281CD2401E8E4BC0EB001000EB4000B2
:103BA000184449B190F928104B1E0A2B0FD80B313D
:103BB00080F828100120704790F92810A1F10C031B
:103BC0000A2B04D80B3980F82810012070471046C2
:103BD00070478349085C80280ED2C0EBC00101EB1E
:103BE00040107D49084490F82600401E0A2801D85C
:103BF00000207047012070470020704710B5002258
:103C000080281CD2401E744BC0EBC00404EB401053
:103C1000184449B190F826104B1E0A2B0FD80B31CF
:103C200080F82610012010BD90F82610A1F10C0399
:103C30000A2B04D80B3980F82610012010BD10463D
:103C400010BD2DE9F04100250024C0EBC00101EBBF
:103C50000010644901EBC007C4EBC40000EB041082
:103C600038440646401C2BF0CDFB38B1701C2BF0BD
:103C7000C9FB142802D86D1CEDB200E00824641CB6
:103C8000E4B2082CE8D35448C0F82A532846BDE8CB
:103C9000F08110B5C0EBC00202EB0012514800EBFE
:103CA000C200C1EBC10202EB01114418601C2BF0F1
:103CB000A9FB002805D0601C2BF0A4FB142800D819
:103CC000601C10BD704746498031085CC0EBC001E4
:103CD00001EB00123C4901EB4201434AD1F81E10AE
:103CE00052F82030994203D042F82010012070474A
:103CF0000020704710B5014600203C4A515CC1EBE2
:103D0000C10202EB4113344A1A44394BD2F81E2047
:103D100053F82140A24202D043F82120012010BDD7
:103D200010B50446A1B2A3201DF01DFEC4F3072167
:103D3000A4201DF018FEC4F30741A5201DF013FEBA
:103D4000210EBDE81040A6201DF00DBE294A1078B6
:103D5000002804D02849088810B1401E0880704708
:103D600000201070704701469D201DF0FCBD00B57D
:103D700085B0042802D021A005B000BD14216846FA
:103D80002BF019FB1F48427800786946012A03D0BE
:103D9000022A0BD01CA0EFE71DA21288ADF800206C
:103DA0000A22891C1EF008FF6846E5E719A212885E
:103DB000ADF8002052228DF802200A22C91C1EF004
:103DC000FBFE6846D8E700001DBD0460D502006018
:103DD000DDC80460D6020060266F02605C6301608B
:103DE0009C640160204B03601C6701601C660160DD
:103DF0001C680160C8030060DA0300606572726FBE
:103E000072000000E05F02606E756C6C00000000E4
:103E1000494E0000564152002DE9F047042802D0D7
:103E20000020BDE8F0879B4E0878994BDFF868C208
:103E3000B6F8014196F8035101276FF02F08492881
:103E400004D191F80190B9F14E0F02D0562825D037
:103E50004FE086F8FF708878303809280CD8C97888
:103E6000A1F13009B9F1090F06D800EB800008EB89
:103E700040000844C2B202E0092800D8C2B20AB128
:103E800086F8FE208348D0F8FD0043F85B0F9C8045
:103E90009D718CF819700AF0E2FC2AE048784128FC
:103EA00027D18878522824D1022086F8FF00C878CC
:103EB000303809280CD80979A1F13009B9F1090F76
:103EC00006D800EB800008EB40000844C2B202E0D4
:103ED000092800D8C2B20AB186F8FE206D48D0F891
:103EE000FD0043F85B0F9C809D718CF819700AF0FF
:103EF000B6FC012095E7F0B5ADF25C6D05460E46C7
:103F00000024CDF84C46CDF85046CDF85446CDF8B7
:103F100058464FF41871FBA82BF04DFA4FF4F0718E
:103F200083A82BF048FA4FF48270ADF84C060127B5
:103F3000CDF84E7637208DF804008DF805407320BB
:103F40008DF806008DF807508DF8086030208DF848
:103F500009008DF80A40514907200870701B401C69
:103F600000EB40004FF6FF7101EA00124C4802805E
:103F70004C490DF10B002BF005FAFBAA01A9062014
:103F800022F049FAFBA983A821F02EFF83A9CDF8DE
:103F90005216CDF856064448077044480470444908
:103FA000052008707EA800F09AFC02220DF24C61F8
:103FB0007EA825F0AFFD0DF25C6DF0BD30B5ADF221
:103FC0005C6D05460024CDF84C46CDF85046CDF842
:103FD0005446CDF858464FF41871FBA82BF0EBF976
:103FE0004FF4F07183A82BF0E6F900944FF482703F
:103FF000ADF84C060120CDF84E0607208DF80400E0
:104000008DF805405E218DF806108DF807408DF87B
:1040100008400A218DF809108DF80A401F490870E0
:104020001F480480FBAA01A9062022F0F4F9FBA98D
:1040300083A821F0D9FE83A9CDF85216CDF85606F3
:104040001C48007818B1601E0DF25C6D30BD1A4935
:10405000022008701949032008702B204543184896
:104060002844184D417A297000687EAA694620F0DC
:1040700010FD154C50B12878401EFE2806D20022B3
:104080000DF24C617EA825F045FD20702078DBE71D
:104090007EEB0360E25E0260705403603D020060EC
:1040A00044020060566B0260ED020060F6020060A0
:1040B000EF0200604202006041020060AE07006053
:1040C000543A03608607006038030060FB490880AB
:1040D0007047FA49103108607047F84948607047E6
:1040E00038B50020FFF7F9FF0020FFF7F2FFF44C8E
:1040F0002088FFF7EBFF2088010241EA102080B200
:10410000F9F7E3FC4FF0FF32042168462BF04CF93D
:1041100034F84909010241EA102081B26846F9F7F2
:104120006DFC002805D0B4F849100A0242EA1121BA
:10413000818038BDF0B587B0E24EE04D30780007A1
:1041400021D5E14F3868A860E968401A32281AD3AF
:10415000DE4CDF4920780A7890420FD20A280DD22F
:1041600040F22D114843DB4901EB4000B0F85812F2
:10417000FAF714FB2078401C207002E00020207029
:1041800008703868E860307880071AD5D248A8618E
:10419000D24CD349228809682BF0F4F82088688033
:1041A0000120009000234FF41672CB4902A823F09F
:1041B00039FE0246002A04D00123C74902A825F08F
:1041C00076F907B0F0BDBD4840687047BB4840680D
:1041D000401C00D001207047B8481030006870477C
:1041E000B649143108607047BE49020E0A70020CCD
:1041F0004A70020A8A70C870B0480088020A0A71C0
:1042000048717047AD48143000687047AB4800886B
:1042100070470023002805D050F8013F0B608088CC
:1042200010800623184670472DE9F047ADF5247D30
:104230000446AC9E91461D464FF0000ACDF878A288
:104240004FF41E78414668462BF0B5F8A64F9B49BF
:10425000387848B9012E07D14868002804DA0020D0
:104260000DF5247DBDE8F08781208DF80000022047
:10427000ADF880022089A0F57F42FF3A09D008B14D
:10428000A07A30B1207820B106280CD04FF0FF3052
:10429000E6E78A48143000689F9008889E900B20BB
:1042A0008DF8010007E09EAA9FA92046FFF7B1FF05
:1042B0000A208DF801009F98A190BDF87802ADF812
:1042C0008202CDF888A2CDF88CA2281D81B2EA46E0
:1042D0000DF1020023F008F8841C0AEB04002A46C2
:1042E00049462BF04FF82C44012E08D1387860B1A4
:1042F000224669467D482BF045F87D4804804146BA
:1043000068462BF058F82046AAE721466846FAF797
:1043100045FAF4E738B50D46134676480124047093
:10432000754A00201070754A05201070801FFFF735
:104330005BFF00212A4608460094FFF775FF38BD51
:104340002DE9F047ADF5267D044691461F464FF016
:104350000008CDF880824FF41E76314602A82BF07B
:104360002AF881208DF808000220ADF88802208903
:10437000524DA0F57F41FF390BD008B1A07A40B172
:10438000207830B106280ED04FF0FF300DF5267D95
:1043900068E74A4814300068A1902888A0900B2054
:1043A0008DF8090007E0A0AAA1A92046FFF731FF78
:1043B0000A208DF80900A198A390BDF88002ADF8FD
:1043C0008A02CDF89082CDF89482381D81B20DF129
:1043D000080A0DF10A0022F087FF841C0AEB040092
:1043E0003A4649462AF0CEFF3C444248007898B30A
:1043F000E86908B1A0F804804049052008703948F0
:104400004178027841EA02210A0242EA1121ADF81C
:104410000410C178827841EA02210A0242EA11219D
:10442000ADF806104179007901EB0020C0F30721B7
:1044300041EA002081B201A8F9F7E0FAE86110B181
:1044400044F29C518180224602A92D482AF09AFF0D
:104450002B48A0F8584204E0FFE721462948FAF724
:104460009DF9314602A82AF0A6FF20468EE72DE9E5
:10447000F047ADF5267D044691461F464FF00008F3
:10448000CDF880824FF41E76314602A82AF093FFC1
:1044900081208DF808000220ADF888022089074DA0
:1044A000A0F57F41FF3930D008B1A07A60B3207801
:1044B00050B3062832D04FF0FF3067E7D4010060D8
:1044C000C7EB0360AC000060300000605901006081
:1044D0005801006082470160926B0160B00000608B
:1044E000C80000601E030060720400605E6D04601E
:1044F00078040060ED020060F6020060EF020060E8
:10450000822A01601C690160FFE7FE480068A190F3
:104510002888A0900B208DF8090007E0A0AAA1A987
:104520002046FFF776FE0A208DF80900A198A39097
:10453000BDF88002ADF88A02CDF89082CDF8948261
:10454000381D81B20DF1080A0DF10A0022F0CCFEEF
:10455000841C0AEB04003A4649462AF013FF3C4407
:10456000E9480078B8B3286A08B1A0F80480E749A0
:1045700005200870E6484178027841EA02210A02E3
:1045800042EA1121ADF80410C178827841EA022193
:104590000A0242EA1121ADF806104179007901EBD7
:1045A0000020C0F3072141EA002081B201A8F9F7F9
:1045B00025FA286230B1D749B1F849100A0242EA17
:1045C00011218180224602A9D3482AF0DBFED2487D
:1045D000A0F8584204E0FFE72146D048FAF7DEF899
:1045E000314602A82AF0E7FE2046CFE62DE9F04743
:1045F00090B080460D46174600260F960B960C96F7
:104600000D960E960796089609960A9603960496B6
:1046100005960696002402960196DFF804A3B94A8F
:104620009AF80000143A002806D1012B04D15168F1
:10463000002901DA10B015E651889561012B04D1EB
:1046400018B9002901DC0020F4E72978812900D07D
:1046500090B195F801900FA9A81C22F04AFE0C9683
:10466000ADF82E600896ADF81E600496ADF80E60A9
:104670009AF8000010B108E00020DBE7A9480068C4
:10468000C188ADF82E1000680C90BDF83C00001FEA
:1046900081B20F91A448B9F10C0F0FD2DFE809F0F5
:1046A000060F22F431748DF49CAABDE001A9281DE7
:1046B00022F01FFE9D49BDF804000870E4E0007878
:1046C00040B1281D22F0CEFF30B100210BA823F00D
:1046D000DFF805E00F96D7E010210BA823F0D8F8FB
:1046E0000F96D1E0007850B10BA823F0E7F800282E
:1046F00003DC20210BA823F0CBF80F96C4E00F9623
:10470000C2E0007888B307A98A1C08A9281D22F0F6
:1047100046FFBDF83C00801F0F900BA823F0F0F877
:1047200005F10A0960B1FFF76DFD0490FFF76EFD1A
:10473000ADF80E00BDF83C20494603A822F047FF23
:1047400008980490BDF81E00ADF80E00BDF83C209E
:10475000494603A823F063F803A9404622F0ECFE83
:10476000BDF83C00B84208D30CE0FFE70F968BE0A1
:104770002819807A2855641CA4B2BDF83C008442F4
:10478000F6D381E00F967FE0007870B102A9281D72
:1047900022F0AFFDBDF808100BA822F08FFF30B15A
:1047A00000210BA823F074F805E00F966CE030218F
:1047B0000BA823F06DF80F9666E0007850B10BA8B7
:1047C00023F08DF8002803DC40210BA823F060F8CB
:1047D0000F9659E00F9657E0281D22F0A3FF20B155
:1047E00000210BA823F054F84EE050210BA823F031
:1047F0004FF849E00A46291D0BA822F0F5FFBDF845
:104800003C20291D0BA822F0B6FFBDF83C20291D35
:104810000BA823F004F80F9636E0FFF7DDFC0C99A7
:10482000884207D1FFF7F2FCBDF82E10884201D173
:104830000F9629E00BA9404622F07EFEBDF83C0011
:10484000B84205D30AE0281900792855641CA4B29F
:10485000BDF83C00001D8442F5D315E00F9613E02F
:104860000BA9404622F068FEBDF83C00B84205D3D3
:1048700009E0281900792855641CA4B2BDF83C0051
:104880008442F6D300E00F96BDF83C00D2E6214802
:10489000B0F84200704730B500281CD006240470E0
:1048A000184B143B1969C0F801101988A0F80510BD
:1048B000184AB2F842100181B2F84210A1F57F45C2
:1048C000FF3D09D041B18472D2F80F10C0F80B102F
:1048D0009988A0F80F1030BD0021817230BD0021F1
:1048E00000282AD006220270064A143A5369C0F8FA
:1048F00001301288A0F805204FF6FF7202810022D5
:10490000827215E0E8010060EE0200604003006082
:104910003A0300607EEB0360DC2C01601C690160DF
:1049200072040060D40000604E030060CC0400609C
:104930004318DA72491C0729E3DB70472DE9FF5F52
:10494000DDE90EA6DDE91075894693469846002DEF
:1049500053DB05EB0510FF4900EB400001EB400481
:10496000662120462AF027FD022084F863000120FA
:10497000E07184F8655084F858B009F05EF826F0CC
:104980001BFCC4F80E003A20A07484F85790F2483B
:104990000188A4F85510491C018084F80B80009808
:1049A0002AF030FDA07404F1130000992AF056FD9E
:1049B000BAF1000F02D0FF2084F8590066B104F16B
:1049C0005901002004E03A5C01F8012B401C00B2C0
:1049D000B04201DA0528F6DB002084F86300DF49E5
:1049E0000878401CC0B20870102801D91020087047
:1049F000DB490888401C088001E04FF0FF356D1C42
:104A000004B028B2BDE8F09F2DE9F0470646DDF876
:104A1000209017469846CF4C0025E079012807D012
:104A2000A07A70B30020A0726D1C28B2BDE8F08798
:104A300094F85800B8421AD1B8F1000F08D0B4F871
:104A40005500B6F90010884211D16D1C28B2EDE76F
:104A5000207A60B930462AF0D5FC94F912108842C9
:104A600005D1314604F113002AF0D3FC30B166348D
:104A70006D1C2DB2102DD0DB0020D7E76D1C28B2A5
:104A8000D4E7FFE7A9F800500020CFE72DE9F04F69
:104A900085B00EAD8046E0CD894692469B464FF0EC
:104AA000FF34049404A8009000235246494640462F
:104AB000FFF7AAFF002803DD204605B0BDE8F08F10
:104AC000BDF91040002C0DDB8DE8E0005B4652463E
:104AD000494640460394FFF731FFA248017841F070
:104AE00001010170BDF81000401C00B2E5E72DE99E
:104AF000F04FB7B0002400250026A14600209A4AB6
:104B00004FF00108C0EBC00101EB001102EB4101C5
:104B100091F92310CB0707D009F1010909F0FF092A
:104B200008FA00F10D4306E0890704D5761CF6B2B9
:104B300008FA00F10C43401CC0B22028E2D3C8217F
:104B400005A82AF038FC2C274FF0200BB9F1000FF4
:104B50007ED04F208DF8140070208DF81500652050
:104B60008DF816006E228DF817208DF818B063208E
:104B70008DF8190069208DF81A0072218DF81B102C
:104B800063218DF81C1075214FF00A0A8DF81D1055
:104B90008DF81E0074208DF81F008DF820B06F2056
:104BA0008DF821008DF822208DF823B049208DF852
:104BB00024004E204FF0120C8DF82500002008FA3A
:104BC00000F129422DD0092810D2411CB1FBFAF284
:104BD0000AFB121205AB30320CF10101C9B203F825
:104BE0000C204A1C02F0FF0C5F541AE0431CB3FB7C
:104BF000FAF905AA09F130090CF10101C9B202F86C
:104C00000C90B3FBFAFC0AFB1C33303301F1010CAE
:104C10000CF0FF09535409F1010101F0FF0C02F8F7
:104C20000970401CC0B22028C9D3BCF13A0F01D989
:104C30004FF03A0C05A9002001F80C004C4A4D4BEE
:104C40004A4992F9002093F90030CDE9003200E0A2
:104C50000DE0CDE9021048480023FF21027805A8A5
:104C6000FFF714FFC0B210B1444880F80080C8219B
:104C700005A82AF0A0FB002E6AD053208DF814005E
:104C800068208DF815006F218DF8161072208DF8B0
:104C9000170074208DF818008DF819B063228DF874
:104CA0001A2069228DF81B2072238DF81C30632393
:104CB0000A258DF81D3075238DF81E308DF81F20C4
:104CC0008DF820008DF821B08DF822106E208DF81F
:104CD00023008DF824B049208DF825004E211320A3
:104CE0008DF82610002108FA01F2224225D0092968
:104CF0000DD24A1CB2FBF5F305FB1323303305AE8E
:104D0000421CD2B23354501CC0B2B75415E04A1CF6
:104D1000B2FBF5FC134605AE0CF1300C421CD2B2CE
:104D200006F800C0B3FBF5F005FB10303030531C23
:104D3000DBB2B054581CC0B2F754491CC9B2202988
:104D4000D1D33A2800D93A2005AA0021115417E0FE
:104D50002EE000004E6202606002006051020060BE
:104D6000680200608C0200601DBD0460B702006034
:104D7000B6020060B50200608D020060B4020060FF
:104D8000DB4ADC4BD94892F9002093F90030CDE999
:104D90000032CDE90201D8480023FF21027805A89E
:104DA000FFF774FEC0B2002802D0D44880F800801B
:104DB00037B083E6F0B5B7B004460E4615461F4639
:104DC000C82105A82AF0F7FA3CB33B463246CCA1ED
:104DD00005A800952BF0B0FD05A82AF013FB0021D3
:104DE0003A2801D98DF84E10C14AC24BBF4892F9FA
:104DF000002093F90030CDE90032CDE90201BE4830
:104E00000023FF21027805A8FFF740FE002802DDFD
:104E1000BA490120087037B0F0BD3B463246C1A107
:104E200005A82BF089FDD7E710B5B6B00446C82118
:104E300004A82AF0C0FA012C2ED0022C31D0032C69
:104E400034D0042C37D0052C3AD0072C22D1C1A164
:104E500004A82BF071FD04A82AF0D4FA00213A2806
:104E600001D98DF84A10A24AA24BA04892F900201D
:104E700093F90030CDE90032CDE902019E480023CC
:104E8000FF21027804A8FFF701FE002802DD9B49FC
:104E90000120087036B010BDB4A104A82BF04CFD61
:104EA000D9E7BBA104A82BF047FDD4E7BEA104A815
:104EB0002BF042FDCFE7C2A104A82BF03DFDCAE7CD
:104EC000C64903200870C64981F8C200C5A104A8DC
:104ED0002BF032FDBFE730B589B004460D461421F2
:104EE00004A82AF068FA24B1012C08D0022C0CD0B6
:104EF00010E02A46C0A104A82BF01EFD0AE02A46B5
:104F0000C4A104A82BF018FD04E02A46C8A104A8F7
:104F10002BF012FD04A82AF075FA0021744A754B93
:104F2000724892F9002093F90030CDE90032CDE9C2
:104F3000020171480023FF21027804A8FFF7A6FDB3
:104F4000002802DD6D490120087009B030BD2DE94F
:104F5000F04180460E461746BD4C0025E079B0B1C1
:104F600094F85800B84212D194F85700B0420ED1CC
:104F7000207A60B940462AF045FA94F91210884226
:104F800005D1414604F113002AF043FA30B16634EA
:104F90006D1C2DB2102DE1DBBDE8F0810120433402
:104FA00004F83B0C0020E07620776077A077E0776C
:104FB00014F83A1C29B9A74B19784A1E1A7000D266
:104FC0001870A548017841F002010170E4E77047CC
:104FD0002DE9F84F00259E4A00920026464ADFF848
:104FE00074824FF0010992F800C00027009AD3792B
:104FF000002B65D092F86330EBBB022382F863305C
:10500000034600240DE093F807A0BAF1000F05D085
:1050100092F865A093F865B0DA4504D0641C24B218
:1050200066338C42EFDB8C4202DB82F8637047E030
:105030009C7A24B3137A4BB9537A3BB998F8003071
:105040005C1E88F8004001D288F80070D77182F8A1
:1050500063701772577282F80A9082F8647092F83F
:105060005830634506D102F85E7F57709770D7704D
:1050700017715E3A00E023E045F0020520E05B7A1C
:10508000E3B1537AD3B9137A3BB998F800305C1E78
:1050900088F8004001D288F8007082F8099082F800
:1050A000647092F85830634506D102F85E7F5770FD
:1050B0009770D77017715E3A45F0010582F86370FA
:1050C000761C36B266320092102E8FDB002D0AD08D
:1050D000614991F9000040F001000870AA0702D56B
:1050E00040F002000870BDE8F88F7047B70200601A
:1050F000B6020060B50200608D020060B40200607C
:105100004944203A257520534E3A20256C75206875
:10511000617320636F6E6C69667420534E3A20256C
:105120006C7500004944203A257520534E3A2025DD
:105130006C752068617320636F6E6C69667420778C
:1051400069746820543320636F6E74726F6C6C6581
:105150007200000043414E204E4F5420434F4E4EAC
:1051600045435420534E5450000000004C6F73745C
:1051700020636F6D6D756E696361746F6E20776902
:10518000746820746F7020626F61726400000000A8
:105190005245414420414F20466565646261636B1E
:1051A000204641494C0000005570646174652074CC
:1051B000696D6520736572766572206661696C0041
:1051C0004C6F736520636F6D6D756E696361746993
:1051D0006F6E207769746820706963005404006002
:1051E000E25E02605344204341524420495320412F
:1051F000424E4F524D414C0050524720256420658D
:1052000072726F72203A2064656164206379636C06
:1052100065310000505247202564206572726F721C
:10522000203A2064656164206379636C6532000014
:10523000505247202564206572726F72203A2074A4
:10524000616B6573206C6F6E672074696D6500001B
:105250004E620260510200608C0200602DE9F0474E
:10526000FF49C0EBC00301EB83040A22A275E17C75
:1052700001296ED0FB4900EB400001EB8005E11CE9
:10528000204604F075FC04F10E01C81E04F070FC09
:105290000026B046E07D4FF6FF7101EA0020217E36
:1052A000084487B2D4F8030025F086FFDFF8B893EE
:1052B000C9F81400D4F80E0025F07EFFC9F81800D4
:1052C000D9F81410A1EB000C002127B164200CFBCD
:1052D00000F090FBF7F1DFF89493494500DD494673
:1052E000207D00B94942286800EB0C02A07D4008EF
:1052F000424368680244002804DBB2F5000F06DB75
:10530000DB4A04E012F5000F01DCD94A52426A6020
:10531000637E83B1207D10B103FB02F601E003FB45
:105320001266607D18B13C2096FBF0F603E04FF466
:10533000616096FBF0F6E27EA2B128684FF0640847
:1053400000FB08F090FBF7F04042277D17B1424385
:1053500002E021E052424243A07DC0EB00108000F9
:1053600092FBF0F8642098FBF0F00844A17E08441A
:10537000484500DD4846002800DA002033B13044BB
:10538000484500DD4846002800DA0020C5F800C086
:1053900025F012FFC4F80700BDE8F0872DE9F843B7
:1053A000B44C0026DFF8D082DFF8D092002798F8BE
:1053B0000400401E45B2002D00DA0625E07FE8BB60
:1053C00094F8280090B1694604F1270004F0D0FB5E
:1053D0000098002802D04FF0010001E04FF00000DB
:1053E00084F8210004D04FF0080501E084F8217012
:1053F00094F8250090B1694604F1240004F0B8FB4C
:105400000098002802D04FF0010001E04FF00000AA
:1054100084F8200004D04FF0070501E084F82070E4
:10542000974806EBC60200EB021000EB051000F1F6
:105430000E004FF0070198F8023000E018E098F8ED
:1054400001C009EBC20202EBC502555CFF2D06D07C
:105450004578AB4208D802D10578AC4504D2801E0D
:10546000491E49B20029F0DA505CFF2807D0A07726
:105470002A34761C76B2082E99DBBDE8F883A7772C
:10548000F6E7F0B57F4800217B4A01247E4DB2F853
:10549000073043F3C70203F0070304FA03F673B2BD
:1054A0000026C77F5FB9C1EBC10707EB011705EB0A
:1054B0004707BF5C1F4201D0847700E08677491C14
:1054C00049B221300429ECDBF0BD0122824008788A
:1054D00010430870704701228240D0430A7802408E
:1054E0000A7070470123C20800F007008340D8B259
:1054F000895C014201D001207047002070472DE9EE
:10550000F04F8BB0614A584DA87902EBC004617826
:1055100019B9411CA9716428F6D3A8790027642819
:1055200004D3AF7100200BB0BDE8F08F6879411C47
:105530006971032802D36F710020F4E7E0780CF062
:105540001AFD58B1401EC0B20090A079DFF840911A
:105550004FF0060A4FF0010B10B14CE00020E2E7DB
:10556000E0788DF804008DF805A002208DF8060083
:1055700035208DF807008DF808708DF80970062128
:1055800001A80FF05AF8010A8DF80A108DF80B00E7
:1055900000980FF0C6F8082101A8009A0FF065F8EE
:1055A00008210020009A13F019FDC820009913F07B
:1055B0005BFDDFF8E080061E51D0B11E34480FF0CD
:1055C0003CF881B209EB0600801E4278007802EBBD
:1055D000002088427DD19DF8040008F800702E4A12
:1055E000642122F810106F7100210120009A13F03D
:1055F000F5FC84F806B0E0788DF804008DF805A07D
:105600008DF806B011208DF807008DF808706079CC
:1056100020B304208DF80900062101A80FF00DF831
:10562000010A8DF80A108DF80B0000980FF079F838
:10563000082101A8009A0FF018F808210020009A0C
:1056400013F0CCFCC820009913F00EFD061E57D0B5
:10565000B11E0F480EF0F1FF81B21FE04BE041E0B8
:105660007A8402602A6E0160FC010060A08601005D
:10567000FFFF7F0081D60260E017006051DC02600E
:10568000D1D7026091DE026015DF02609DDA03600F
:1056900060F203609ED9036040D7036009EB060007
:1056A000801E4278007802EB0020884226D16F717C
:1056B00000210120009A13F091FC6079FE4E70B336
:1056C000E0783146401EC0B2FFF70CFFD0B13BE09E
:1056D000FFE79DF8040018F80010491C08F80010B6
:1056E000002020E79DF8040018F80010491C08F875
:1056F0000010002017E78DF809708DE7002012E7F1
:10570000002010E7E078401E06EBE00100F0070003
:10571000FFF7DBFE287800F0BF00287014E0FFE7F9
:10572000E078E549401EC0B2FFF7DCFE01280BD14E
:10573000E078401E06EBE00100F00700FFF7CBFE2B
:10574000287800F0BF00287067700120EBE62DE993
:10575000F84F00270026DFF864A3DFF86493B34610
:10576000C6EBC600D74B00EB4610195C00293ED0B3
:1057700000EB030898F80120002A38D0491ECCB26B
:105780001856FF2833D098F8020089F8000000214D
:10579000521E072A08D8C2EBC201CB4A01EB4101D5
:1057A00002EB41018F7F0121020641D4002976D00E
:1057B0000AEBC6056F7127B140F0400088F802007F
:1057C00003E000F0BF0088F80200BB492046FFF765
:1057D00089FE0090B84920462031FFF783FE0099EA
:1057E000B94205D120B199F80800012816D056E039
:1057F000611CE97098F8011029710121697070BB72
:105800000AF8361085F807B0A970AB48203000EBD5
:10581000D40104F00700FFF758FE40E0601CE87078
:105820006F7101206870FE2C39D189F808B036E01C
:10583000FF2834D0A04920462031FFF753FE05460B
:105840009D492046FFF74EFE99F80010C1F38011E4
:10585000884205D125B199F80800012815D01EE02D
:105860003DB99548203000EBD40104F00700FFF764
:105870002CFE0AEBC600641CC47099F80010C1F33A
:10588000801141710221417009E00AEBC600C47029
:10589000417102214170FE2C01D189F808B0761CBB
:1058A000F6B2FF2EFFF45CAFBDE8F88F10B5002014
:1058B000864B0021C0EBC00202EB001203EB420258
:1058C00082F82910401CC0B21028F3D30020804C6D
:1058D000C0EBC00101EB810214F81210002914D0B2
:1058E00001290ED104EB42014979102909D2C1EBFB
:1058F000C10202EB011103EB410111F8292F521CE7
:105900000A70401CC0B2F028E2D310BD10B56C4A3A
:105910005189642911D300235381D1794C1CD4714E
:10592000B1FBF0F400FB1410002808D1D37102F091
:1059300037FFBDE8104003F028B9491C518110BD64
:105940005F4900200861704770B504460846C4EB03
:105950000411604A01EB410111445F4D91F9281097
:10596000092938D2DFE801F03705101B10101B1091
:1059700026005A4929F039FF2AF035F881B220462D
:10598000BDE8704008F09ABB554929F02EFF2AF077
:105990002AF881B22046BDE8704008F08FBB51491B
:1059A00029F023FF2AF01FF881B22046BDE870409D
:1059B00008F084BB032129F056FF294629F015FF82
:1059C000494929F088FE2AF00EF881B22046BDE848
:1059D000704008F073BB294629F007FF2AF003F84E
:1059E00081B22046BDE8704008F068BB2DE9F04761
:1059F00005460A463D4B3E491878097844183E480A
:105A00003C4900EB8516AC4201D8F161C4E4C5EB1A
:105A1000051000EB40042F48384F0444DFF8E090B5
:105A200094F82200DFF8B0A04FF47A7840B1FFF785
:105A300087FF94F8230000286FD0002A6ED0EAE098
:105A4000F16194F82300C0B108F020FCA8427AD993
:105A500028461EF0ECFA514629F095FE29F0AAFFDF
:105A600025F0AAFBC4F81E0025F0A6FB29F076FF5E
:105A700001462846BDE8F04766E728461FF051FF7B
:105A80004FF47A71484325F097FBC4F81E0094F94F
:105A90002800A0F10C010A2937D91738072806D8A1
:105AA00000EBC00101EB0010385C01282DD0284626
:105AB0001FF037FF30B326E0EA6D01609DDA036026
:105AC000FC010060CDDF026081D6026001920260BD
:105AD000E1940260DDC8046000007A4400002041C7
:105AE0000000C8420000A041000048438902006055
:105AF0008A02006000007F43800703608E6A0260B4
:105B0000E25702600DE001200CE028461FF009FF7B
:105B100028B1002084F8250006E01BE071E0012098
:105B2000F8E7002084F8250094F8250028B14146C4
:105B30002846BDE8F04708F0C1BA2846BDE8F0475E
:105B4000002108F0BBBAD4F81E0025F035FB29F877
:105B5000150021E42AB994F8250001280FD000206F
:105B6000F061187885420ED228461FF0DAFE4FF415
:105B70007A71484325F020FBC4F81E000FE04FF077
:105B80007E50F061EDE728461EF051FA514629F0AB
:105B9000FAFD29F00FFF25F00FFBC4F81E0094F961
:105BA0002800A0F10C010A290FD91738072806D8B8
:105BB00000EBC00101EB0010385C012805D028463D
:105BC0001FF0AFFE58B101200AE028461FF0A9FEE1
:105BD00018B1002084F8250004E00120FAE7002035
:105BE00084F8250094F8250028B141462846BDE8F0
:105BF000F04708F063BA2846BDE8F047002108F0F6
:105C00005DBAD4F81E0025F0D7FA29F0A7FE514658
:105C100029F0EBFDF06108F039FBA84214D92846C1
:105C20001EF005FA514629F0AEFD29F0C3FE25F01D
:105C3000C3FAC4F81E0025F0BFFA29F08FFE014612
:105C40002846BDE8F0477FE6D4F81E0025F0B4FAF8
:105C500029F81500DAE608B5F6F7E2FB0090F84DF2
:105C60004FF0010B85F845B0F64800268670467067
:105C7000C6700671FFF71AFE0024E0B20021FFF79C
:105C8000B5FEFFF75DFE641CA4B2402CF5D3EE49CF
:105C9000C6201BF059FEEC4C2078401CC1B221708C
:105CA000C6201BF060FE2078DFF8A0A305280FD9DE
:105CB000002000EB800101EB4011514481F820608D
:105CC000401C80B21028F4D30021C6201BF04BFEEC
:105CD000DF4880F800B0DF4905200870FCF786FC3B
:105CE000DFF874934FF4FA716846F6F7E1F925F09E
:105CF0003BFC99F82300082802D10220FFF706FE9A
:105D0000D64809210170CE48418A491C418208F0D9
:105D10009BFBD34800683C2807D9CB48017821B1C8
:105D200006700021C6201BF01EFE04F0E7FE0128CD
:105D30002AD1002404EB840000EB441000EB0A0598
:105D4000E88BD8B195F82000012802D085F82260B0
:105D500016E0DFF8108398F8007004EB4400C249A5
:105D6000C0EBC41001EB001120B201F06EFC98F8FA
:105D70000000C01B401C85F8220001E085F822606D
:105D8000641CA4B2102CD5D325F0F4FD0022B74832
:105D9000077838E0B64802EB420100EB8101B54BD1
:105DA000887803EBD00300F007001B780BFA00F0B3
:105DB000034201D0002300E00123002091F807C036
:105DC0005CB2AD4D0AE0CB780344C3EB031303EBA5
:105DD00043032B4483F82740401C80B28445F2D80B
:105DE000002091F808C00AE00B790344C3EB0313C9
:105DF00003EB43032B4483F82740401C80B28445C7
:105E0000F2D8521C92B2BA42C4D38E4D6878401C6C
:105E1000C0B26870142814D30024984FC4EBC40097
:105E200007EB8000807810B120B2FFF717FA641CEE
:105E3000A4B2102CF2D36E70002008F07BFA08F0A8
:105E4000B2FAE878052802D2401CE87004E0EE704F
:105E5000FFF7A4FAFFF715FBFFF779FC99F8290083
:105E600007280BD1A8781E2802D2401CA87005E094
:105E7000A889401CA881AE700EF0F4FA8048017821
:105E800001B106707F48804A0168116006607F4951
:105E90004FF080500860BFF34F8FBFF36F8F21E743
:105EA0002DE9F0470646C6EB061000EB40017248AC
:105EB00000220C18774994F92400754BDFF8D8912B
:105EC000764F4FF07E5A01EB86154FF47A78002812
:105ED0000AD002287DD001287CD17148A8613046C3
:105EE000BDE8F047012181E5FFF72AFD94F8230082
:105EF000F8B1AA6184F82520387886426BD2304602
:105F00001FF00FFD4FF47A71484325F055F9C4F89E
:105F10001E0030461FF005FD00EB4001C1EBC01034
:105F20004FF6FF7101EAC0013046BDE8F04708F0C6
:105F3000C5B894F92800A0F10C010A2913D9173823
:105F4000072806D800EBC00101EB0010185C0128FF
:105F500009D0AA613878864224D230461FF0E1FC8D
:105F6000E0B101201BE0C5F818A03878864209D2BC
:105F700030461FF0D6FC18B1002084F825001CE044
:105F80000120FAE730461EF052F810F0FF4F03D020
:105F9000002084F8250010E00120FAE7002084F8B2
:105FA00025000AE030461EF042F810F0FF4F01D005
:105FB000012000E0002084F82500387886420ED2C7
:105FC00030461FF0AEFC4FF47A71484325F0F4F8E8
:105FD00002E067E00CE11DE0C4F81E000BE0304673
:105FE0001EF025F8494629F0CEFB29F0E3FC25F008
:105FF000E3F8C4F81E0094F8250028B14146304665
:10600000BDE8F04708F05AB83046BDE8F047002137
:1060100008F054B830461EF00AF8494629F0B3FBA0
:1060200029F0C8FC25F0C8F8C4F81E0025F0C4F813
:1060300029F094FC01463046BDE8F04784E40000B6
:1060400054F50360FC010060BA030060D66C026086
:106050003F020060400200607EEB0360C603006008
:106060008C0300603000006072CE0160D4020060DA
:1060700004A603607ED90360DDC804607A840260F0
:1060800018020060240200602002006004ED00E0BD
:106090008E6A02608007036000007A448902006013
:1060A00000007F43FFF74CFC94F8230050B194F9B3
:1060B000280009287DD2DFE800F07C7276797676B8
:1060C0007976760094F92800A0F10C010A2914D9F8
:1060D0001738072806D800EBC00101EB0010185C48
:1060E00001280AD0C5F818A03878864223D2304655
:1060F0001FF017FCD8B101201AE0AA613878864257
:1061000009D230461FF00DFC18B1002084F825009C
:106110001CE00120FAE730461DF089FF10F0FF4F28
:1061200003D0002084F8250010E00120FAE70020C9
:1061300084F825000AE030461DF079FF10F0FF4F8B
:1061400001D0012000E0002084F825003878864244
:106150000AD230461FF0E5FB4FF47A71484325F030
:106160002BF8C4F81E000BE030461DF060FF4946D6
:1061700029F009FB29F01EFC25F01EF8C4F81E00CA
:1061800094F8250028B141463046BDE8F04707F0B5
:1061900095BF3046BDE8F047002107F08FBF724839
:1061A000A8610FE005E07148A8610BE07048A861A4
:1061B00008E0D4F81E0024F0FFFF90FBF8F029F06F
:1061C000CDFBA86130461DF032FF494629F0DBFACD
:1061D00029F0F0FB24F0F0FFC4F81E0024F0ECFFDF
:1061E00029F0BCFB01463046BDE8F047FFF7ACBBE9
:1061F0000CE470B504465F485F49007809780144B3
:10620000A14205D85E495D4801EB8411C8616BE08D
:10621000C4EB041101EB41025A495B4E551895F845
:106220002310D1B184423FD220461FF07AFB4FF4B5
:106230007A71484324F0C0FFC5F81E0020461FF0C5
:1062400070FB00EB4001C1EBC0104FF6FF7101EA9B
:10625000C001204607F032FF46E084420AD22046C1
:106260001FF05FFB4FF47A71484324F0A5FFC5F897
:106270001E000BE020461DF0DAFE314629F083FABD
:1062800029F098FB24F098FFC5F81E0095F825002A
:1062900028B14FF47A71204607F010FF24E0002166
:1062A000204607F00BFF1FE007F0F0FFA04214D9D3
:1062B00020461DF0BCFE314629F065FA29F07AFB34
:1062C00024F07AFFC5F81E0024F076FF29F046FB83
:1062D00001462046FFF738FB06E0D5F81E0024F003
:1062E0006BFF2A4921F81400BDE8704008F0B9BEE0
:1062F00030B50020264B224C204D04EB80114A6A19
:10630000AA4205D01A5C12B1521E1A5400E04D6226
:10631000401CC0B24028F0D330BD70B51D4890F885
:10632000591000291ED01C4AC1EB01111069431CF1
:106330001361B0EB810F15D90020106100240F4DBF
:106340000F4E002106EB841040F82150491CC9B2C1
:106350001029F9D300212046FFF748FB641CE4B262
:10636000402CEED370BD0000000020410000C84268
:106370000000A041890200608A02006000007F43A3
:1063800080070360DDC8046000007A44E2570260C1
:10639000EA6E01607EEB0360FC01006010B501460F
:1063A000F7A029F025F8F749002210B14A80012012
:1063B00010BD4888401C80B24880B0F5FA6F02D901
:1063C0004A80012010BD002010BD3CB50023019380
:1063D0000090C3B28DF80730C0F307248DF8064053
:1063E000C0F307458DF80550000E8DF80400012A12
:1063F0000AD0022A0DD0032A10D0042A03D1C87073
:106400008D704C700B703CBD08704D708C70CB70F3
:106410003CBD8870CD700C704B703CBD48700D70E9
:10642000CC708B703CBD38B500230093CBB2C1F368
:106430000724C1F30745090E042A06D0032A0DD00C
:10644000022A14D0012A1BD022E08DF800308DF8EA
:1064500001408DF802508DF8031019E08DF80050BE
:106460008DF801108DF802308DF8034010E08DF8A2
:1064700000408DF801308DF802108DF8035007E0D0
:106480008DF800108DF801508DF802408DF8033022
:106490009DF800104FF6FF7202EA01219DF80120DD
:1064A00011439DF8022042EA01219DF8032042EAAF
:1064B0000121016038BD4178007841EA0020704731
:1064C0000178427841EA02218278C078120442EAD7
:1064D000006008437047AC490868001F0860006806
:1064E00070470246B2F901301278832A0AD0842A12
:1064F00008D0852A08D0862A03D1C8564FF47A716D
:1065000048437047C8587047C85E4FF47A71484393
:1065100070472DE9F04103469C4E002737609C4DA3
:106520002A681478A4F18200042808D8D21C2A60B2
:1065300003B11F602868BDE8F041C01ED1E7944850
:106540000068401C9C2C06D09E2C0DD09D2C2FD07A
:106550000020BDE8F0818D49286003F009FB286820
:10656000801C28603068F4E792780C2A0FD0894AA2
:106570000121117088490F7000231A468349286051
:1065800004F087F92868401D28603068E1E7044678
:10659000601D2860084600F018F84FF47A7190FBEF
:1065A000F1F000231A467949204604F072F9ECE72D
:1065B000521D2A6003B11F60286850F8040CC8E718
:1065C000714A116801C1116070472DE9F14F9EB009
:1065D000DFF8BC91D9F80000007882381C2805D873
:1065E00000201E99FFF795FFFFF7EAFF6B4E4FF073
:1065F00000086B4F6B4C6C4D01E2D9F8001011F89C
:10660000010BC9F8001056286FD046DC3A286DD02F
:1066100025DC2C28F0D014DC062868D008DC022801
:106620006FD003286ED004286DD0052808D1F9E377
:10663000072869D0082868D0102867D02928DBD01F
:1066400026E131380928FBD2DFE810F04907D802EB
:10665000C703440638062C03D004FC0412033B385D
:106660001928EDD2DFE810F0EA0683039E035003F9
:10667000CB01C305C3050B0714011401010707076C
:10668000140114011401140160064F06D802EE0231
:106690001401CB0129071E06430679286FD015DCAB
:1066A000A0F157002028CBD2DFE800F0F4F3F2F29B
:1066B000F2F2F2F2F2F1F0F2F2F291EFC6F585F2B7
:1066C0003F54EDECF2F2EBEAE9E8E7E6C6286DD0DC
:1066D0001DDCC1286BD00BDC7A2869D07B2868D000
:1066E000A42867D0A528ABD101E3FCE3FCE3FCE3DD
:1066F000C2287CD0C3287BD0C4287AD0C5289FD19B
:10670000F4E3F4E3F4E3F4E3F4E3F4E38BE3C73812
:10671000092895D2DFE810F068066F0676067D0638
:1067200084068B06BC00C8032404FFF7D4FE206057
:10673000FFF7D1FE2860206824F03EFD2060286825
:1067400024F03AFD28602168084424F035FDFFF765
:1067500037FF51E7FFF7BFFE2060FFF7BCFE286060
:10676000206824F029FD2060286824F025FD286099
:106770002168401A24F020FDFFF722FF3CE780E16A
:1067800001FFFE001802006094020060A402006095
:1067900090020060F7020060F80200606CEB03609A
:1067A0007A840260A8020060AC020060FDE3FDE3B1
:1067B0004AE1AAE08EE2FFF78EFE206024F0FCFCA6
:1067C0002060404224F0F8FCFFF7FAFE14E7FFF7E0
:1067D00082FE2860FFF77FFE206024F0EDFC206041
:1067E000286824F0E9FC28604FF47A7202E0FAE3AA
:1067F000FAE3FAE390FBF2F00FFA80FC206803461C
:10680000BCF1010F13DD0021ACF1010C0DE090FB98
:10681000F2F902FB190909FB03F999FBF2F990FB64
:10682000F2F000FB0390491C09B26145EFDB24F054
:10683000C3FCFFF7C5FEDFE6FFF74DFE2860FFF75C
:106840004AFE206024F0B8FC2060286824F0B4FCE4
:10685000286021684FF47A7291FBF2F302FB131364
:10686000434393FBF2F391FBF2F101FB003024F080
:10687000A3FCFFF7A5FEBFE620E1A9E0C6E089E0A2
:10688000A4E18BE12AE159E105E05EE06EE13DE142
:10689000FEE3FEE3FEE3FFF71EFE2860FFF71BFEAC
:1068A000206024F089FC2060286824F085FC814663
:1068B000286018B3484629F051F8D4F800B0824651
:1068C0009BFBF9F009FB10B029F048F8514628F07D
:1068D0008CFFFE4928F057FF82469BFBF9F04FF4EE
:1068E0007A71484329F03AF8514628F0F4FE29F02D
:1068F00061F824F061FCFFF763FE7DE64FF47A70E7
:1069000024F05AFCFFF75CFE76E6FFF7E4FD286012
:10691000FFF7E1FD206024F04FFC2060286824F0A0
:106920004BFC286050B1216891FBF0F024F044FC4E
:106930004FF47A714843FFF743FE5DE64FF47A70F7
:1069400024F03AFCFFF73CFE56E6FFF7C4FD286052
:10695000FFF7C1FD206024F02FFC2060286824F0A0
:106960002BFC286078B1216891FBF0F200FB12103B
:106970004FF47A7190FBF1F02060484324F01CFC46
:10698000FFF71EFE38E64FF47A7024F015FCFFF78F
:1069900017FE31E6FFF79FFD2860FFF79CFD2060A2
:1069A00024F00AFC2060286824F006FC4FF47A7179
:1069B00090FBF1F02860226892FBF1F121604840E1
:1069C0004FF47A71484324F0F7FBFFF7F9FD16E026
:1069D000FFF781FD2060FFF77EFD2860206824F02E
:1069E000EBFB2060286824F0E7FB28602168014366
:1069F00006D04FF47A7024F0DFFBFFF7E1FD10E2E0
:106A0000002024F0D9FBFFF7DBFD0AE2FFF763FD6E
:106A10002060FFF760FD2860206824F0CDFB206037
:106A2000286824F0C9FB2860216839B130B14FF4DF
:106A30007A7024F0C1FBFFF7C3FDF2E1002024F0DF
:106A4000BBFBFFF7BDFDECE1FFF745FD2060FFF765
:106A500042FD2860206824F0AFFB4FF47A7990FB68
:106A6000F9F02060286824F0A7FB90FBF9F1296079
:106A7000206808434946484324F09EFBFFF7A0FDE9
:106A8000CFE1FFF728FD2060FFF725FD2860206893
:106A900024F092FB4FF47A7990FBF9F0206028689B
:106AA00024F08AFB90FBF9F12960206808404946F0
:106AB000484324F081FBFFF783FDB2E1FFF70BFDB4
:106AC000206024F079FB206030B10020206024F0A9
:106AD00073FBFFF775FDA4E10120F7E7FFF7FBFC6F
:106AE0002860FFF7F8FC206024F066FB206028682F
:106AF00024F062FB28602168814201DD012000E072
:106B0000002024F059FBFFF75BFD8AE1FFF7E3FC6F
:106B10002860FFF7E0FC206024F04EFB206028682E
:106B200024F04AFB28602168814201DB012000E05B
:106B3000002024F041FBFFF743FD72E1FFF7CBFC9F
:106B40002860FFF7C8FC206024F036FB206028682E
:106B500024F032FB28602168814201DA012000E044
:106B6000002024F029FBFFF72BFD5AE1FFF7B3FCCF
:106B70002860FFF7B0FC206024F01EFB206028682E
:106B800024F01AFB28602168814201DC012000E02A
:106B9000002024F011FBFFF713FD42E1FFF79BFCFF
:106BA0002860FFF798FC206024F006FB206028682E
:106BB00024F002FB28602168814201D1012000E01D
:106BC000002024F0F9FAFFF7FBFC2AE1FFF783FC31
:106BD0002860FFF780FC206024F0EEFA206028682F
:106BE00024F0EAFA28602168814201D0012000E007
:106BF000002024F0E1FAFFF7E3FC12E1FFF76BFC61
:106C0000206024F0D9FA2060002800DA404224F005
:106C1000D3FAFFF7D5FC04E1FFF75DFC206028F014
:106C2000ABFE00222A4B28F02AFE2AF0E3FA28F0D5
:106C300007FF264928F0A7FD28F0BCFE2060FFF7DB
:106C4000BFFCEEE0FFF747FC206028F095FE002235
:106C50001F4B28F014FE2AF063F928F0F1FE1B49BF
:106C600028F091FD28F0A6FE2060FFF7A9FCD8E0EF
:106C7000FFF731FC24F0A0FA206028F07DFE00220E
:106C8000134B28F0FCFD2AF099FC28F0D9FE0F499F
:106C900028F079FD28F08EFE206024F08DFAFFF7B1
:106CA0008FFCBEE0FFF717FC28F066FE0022084BC1
:106CB00028F0E5FD28F0C4FE044928F064FD28F022
:106CC00079FE2060FFF77CFCABE0000000007A4416
:106CD00000408F4011F8030CC0EBC00101EB001124
:106CE000FE4800EB41001D90FFF7F5FB99E011F81D
:106CF000030CC0EBC00101EB0011F84800EB4100B0
:106D00001D90FFF7E8FB8CE0F548027842B1FFF7F1
:106D1000E2FB24F051FA03460020FFF751FC1FE08C
:106D2000096880680B1A002B05DDFFF7D4FB0020F3
:106D3000FFF746FC14E0EB491844884208D1FFF7FE
:106D4000CAFB24F039FA03460020FFF739FC07E0BC
:106D5000FFF7C1FB24F030FA03460120FFF730FCB7
:106D6000D9F8000040F8043BC9F80000D1E3B1F9BC
:106D7000000024F022FADC4909680844DB49086075
:106D800010F8011C29B1006824F016FAFFF718FC6E
:106D900002E00020FFF714FCD9F80000801CC9F8BD
:106DA0000000B6E3B1F9000024F007FACE49096803
:106DB0000844CE49086010F8011C19B10020FFF703
:106DC000FFFB04E0006824F0F7F9FFF7F9FBD9F8BE
:106DD0000000801CC9F800009BE311F801ABC9F862
:106DE0000010DFF80CB3CBF800804FF000090EE084
:106DF000FFF771FB206024F0DFF92060DBF8001062
:106E00000844CBF8000009F101090FFA89F9D145CE
:106E1000EEDBDBF8000090FBFAF024F0CDF9FFF791
:106E2000CFFB76E3A8E211F801ABC9F80010DFF858
:106E3000C0B2CBF800804FF0000926E0FFF74BFB13
:106E4000206024F0B9F92060DBF800100144CBF891
:106E50000010B9F1000F04D14FF47A7190FBF1F1F9
:106E60003171B9F1010F04D14FF47A7190FBF1F156
:106E7000B170B9F1020F04D14FF47A7190FBF1F0C7
:106E8000308009F101090FFA89F9D145D6DBAAF161
:106E9000020A86F803A012F048FED6F80E0024F08D
:106EA0008BF9FFF78DFB34E311F8012BC9F80010C3
:106EB000D01E172890D200230DF1380A4FF47A79AA
:106EC0000AE0FFF708FB90FBF9F02060D11A491E99
:106ED0002AF811005B1C1BB29342F2DB8548007854
:106EE0008DF86E0008E0DDE07DE14CE26EE22EE21E
:106EF00034E23AE21EE223E2BDF838008DF86F007A
:106F0000BDF83A008DF86C00010A032303EB411130
:106F10008DF86D10802101EBD0208DF87000921E4D
:106F2000D3B200200DF1040C0CE0811C3AF81110D2
:106F30004FEA112B0CF810B00CEB400B8BF8011042
:106F4000401C00B29042F0DB01205A000346009042
:106F500001A91BA803F060F94846FFF731FBD8E20E
:106F600011F8012BC9F80010D01E17289BD200235E
:106F70000DF138094FF47A7A0AE0FFF7ACFA90FB8A
:106F8000FAF02060D11A491E29F811005B1C1BB2CF
:106F90009342F2DB574800788DF86E00BDF8380058
:106FA0008DF86F00BDF83A0001E016E2F2E18DF8CD
:106FB0006C00010A182303EB41118DF86D1080213C
:106FC00001EBD0208DF87000921ED0B2012142005A
:106FD0000B46009109F104011BA803F01DF950466E
:106FE000FFF7EEFA95E2DCE1E2E1E8E111F801AB4E
:106FF000C9F80010FFF76FFA24F0DEF8DFF8F0B000
:10700000CBF800004FF00009AAF1010A11E0FFF7E8
:1070100062FA206024F0D0F8206037490860DBF87D
:107020000010884201DDCBF8000009F101090FFAD8
:1070300089F9D145EBDBDBF8000024F0BDF8FFF760
:10704000BFFA66E211F801ABC9F80010FFF743FA86
:1070500024F0B2F8DFF898B0CBF800004FF0000948
:10706000AAF1010A11E0FFF736FA206024F0A4F833
:10707000206021490860DBF80010884201DACBF873
:10708000000009F101090FFA89F9D145EBDB02E0B3
:1070900036E27CE048E0DBF8000024F08DF8FFF7F2
:1070A0008FFA36E2FFF717FA24F086F84FF47A7A6F
:1070B00090FBFAF00FFA80F9FFF70DFA24F07CF854
:1070C00090FBFAF001B24FF47A60814500DD814611
:1070D000B9F1000F01DA4FF000090FE01DBD0460A7
:1070E00018020060EB32A4F898020060B002006061
:1070F000A402006054020060A00200604846491EDD
:10710000C1EBC10107EB8101CA7C2AB90876C2171D
:1071100000EB1262120ACA754FF47A71484324F0E8
:107120004BF8FFF74DFAF4E1FFF7D5F924F044F8F6
:107130000A2190FBF1F0DFF8D494C9F80000FFF7C2
:10714000CAF924F039F84FF47A7190FBF1F001B2EA
:10715000D9F80000002801DAC9F80080D9F8000049
:10716000C82802DDC820C9F80000D9F80000491E6F
:10717000C1EBC10107EB8101CA7C02B9C87600EB03
:107180008000400024F018F8FFF71AFAC1E1FFF779
:10719000A2F924F011F84FF47A7A90FBFAF00FFA82
:1071A00080F9FFF798F924F007F890FBFAF001B2A4
:1071B000B9F1FF0F01DD4FF0FF09B9F1000F01DA5E
:1071C0004FF000094846491EC1EBC10107EB8101A0
:1071D000CA7C02B948764FF47A71484323F0ECFF39
:1071E000FFF7EEF995E10120FFF7EAF991E1FFF7EA
:1071F00072F9206023F0E0FF2060FFF76CF928604F
:1072000023F0DAFF286021684FF47A7C91FBFCF1CF
:10721000491E0AB2FE490979491E002900DA0621F1
:10722000D9F8003013F8013C402B0DD0012303EBBB
:10723000420212B2604503DB092A01D2002906DCB2
:107240000020FFF7BDF964E1520012B2F2E790FBB3
:10725000FCF35B1E90FBFCF0DFF8B89303EBC30379
:10726000401E09EB031300EBC00003EB011309EB15
:10727000001003EB420300EB01105B7810F81200E2
:107280004FF4616AE14903FB0AF3C0EB001003EB22
:10729000800008604FF47A71484323F08DFFFFF7B8
:1072A0008FF936E1DA484FF47A71C0784843D7490C
:1072B000086023F081FFFFF783F92AE1D4484FF4F7
:1072C0007A7100794843D149086023F075FFFFF7D0
:1072D00077F91EE1CE484FF47A71B0F807004843C1
:1072E000CA49086023F068FFFFF76AF911E1C8484E
:1072F0004FF47A7140794843C449086023F05CFF39
:10730000FFF75EF905E1C448417829B1002023F078
:1073100053FFFFF755F9FCE001214170012023F0F4
:107320004BFFFFF74DF9F4E0012023F045FFFFF795
:1073300047F9EEE0002023F03FFFFFF741F9E8E0D6
:107340004FF47A7023F038FFFFF73AF9E1E04FF499
:10735000FA6023F031FFFFF733F9DAE040F6B83096
:1073600023F02AFFFFF72CF9D3E04FF47A6023F0E3
:1073700023FFFFF725F9CCE041F2883023F01CFF12
:10738000FFF71EF9C5E041F2707023F015FFFFF71B
:1073900017F9BEE04FF47A7023F00EFFFFF710F9F3
:1073A000B7E04FF4FA6023F007FFFFF709F9B0E008
:1073B00040F6B83023F000FFFFF702F9A9E04FF4E0
:1073C0007A6023F0F9FEFFF7FBF8A2E041F2883083
:1073D00023F0F2FEFFF7F4F89BE041F2707023F027
:1073E000EBFEFFF7EDF894E041F6583023F0E4FEB1
:1073F000FFF7E6F88DE04FF4FA5023F0DDFEFFF7DB
:10740000DFF886E042F2283023F0D6FEFFF7D8F806
:107410007FE042F2107023F0CFFEFFF7D1F878E062
:1074200042F6F82023F0C8FEFFF7CAF871E042F6F2
:10743000E06023F0C1FEFFF7C3F86AE074497748C3
:107440008A784243487800EB4003C3EBC01002EB5C
:10745000C00208786D4900EB800002EB4000086034
:1074600023F0AAFEFFF7ACF853E0012023F0A4FEBE
:10747000FFF7A6F84DE00020FFF7A2F849E0002052
:10748000674A00EB001101EB410102EB4101CB79AE
:10749000012B01D1497A39B1401CC0B21028F0D378
:1074A0000020FFF78DF834E0012023F085FEFFF780
:1074B00087F81FB00120BDE8F08FFFF70CF84FF4FC
:1074C0007A7290FBF2F0FFF706F890FBF2F0FFF70C
:1074D00002F890FBF2F05348FFF772F819E00878D1
:1074E00082380A2806D8B1F901004FF47A7148436E
:1074F000FFF766F8D9F80000C01CC9F8000008E0E2
:10750000491EC9F8001000201E99FFF702F8FFF786
:1075100057F8DFF81491D9F8000090F90000FEF751
:107520003DFF00283FF469A8494608680278FF2A11
:1075300001D1401C0860FEF7CEFF1FB0BDE8F04F40
:1075400023F03ABE10B5B0F90130007883280BD093
:10755000842809D04FF47A74852807D0862802D170
:1075600091FBF4F0D05410BDD15010BD91FBF4F05C
:10757000D05210BD2D4A11680B1D13600860704772
:107580002A490868001F086000687047F0B5059D2B
:10759000B0F90170EE1936F904CCBCF1000F0BD034
:1075A000002A07DD944505DB002B03DD36F902CC0C
:1075B0009C4509DA0120F0BD002B03DD36F902CC31
:1075C0009C4501DA0120F0BD0078882806D0892882
:1075D00004D08A2804D08B2805D103E0042402E0DB
:1075E000022400E0012436F8026C521E5643F218C1
:1075F000521E62433A4412B288281BD0892819D0FF
:107600004FF47A738A2817D08B2811E0A402006007
:10761000E0170060D1D7026018020060A086010068
:107620004E62026018FCFFFF90020060940200604E
:1076300009D105E0A95006E091FBF3F0A85202E061
:1076400091FBF3F0A8540020F0BD2DE9F04F95B068
:1076500080460F46FA484FF0000A564680F800A0D0
:10766000DFF8E0933846C9F80070F84AF64911602F
:1076700000880D90BDF9340023F09FFD0D9070B38C
:10768000D9F800100844401DC9F8000000880D908A
:10769000BDF9340023F091FD0D90D9F800108A1C3B
:1076A00006920144891CC9F80010642801DD0520F8
:1076B0000D9008880D90BDF9340023F07EFD014641
:1076C0000D90D9F80000801CC9F800004418E0496A
:1076D0000860E04DA5F804A04FF0010B3CE0FFE787
:1076E000002015B0E7E60698FEF76FFF0246DA487D
:1076F0000260D9F80000D94B0146401C18609AB1CD
:1077000009780246C9F8000041B1297809B1C0F8EA
:1077100000A00168AA681144016018E002F801BCE9
:107720001868C0F800A012E009780246C9F8000005
:1077300029B102F801AC1868C0F800A007E0297868
:1077400009B1C0F800A00168AA6811440160D9F825
:107750000000001DC9F80000D9F80000A04205D2C1
:10776000A888411CA980B0F5FA6FBCD3A98808F19C
:1077700001001490B1F5FA6F06D31498C1B200203D
:10778000FDF7A9FB0020ACE73C46C9F80070208853
:107790000D90BDF9340023F010FD01460D901390BB
:1077A000A41CD9F80000801CC9F8000042185178C8
:1077B000927801EB022CBCF5FA6F01D9002090E71A
:1077C00000EB02200844C9F800000020A880A4486B
:1077D0000068059008F101000FFA80FAAAE3A04AB8
:1077E0001268059BD21A642A01D9002079E74FF06C
:1077F0000009CDF82C9016B1012821D006E001280F
:1078000002D04FF0FF306CE7C91C2960286810F8DF
:10781000011B28602329E1D014DCA1F108011A29F9
:10782000DCD2DFE801F032320EF20EF1F00EEFEEB4
:10783000EDECEBFA0EF80E0EF30E3232E80E0EE718
:10784000002677E3402972D00ADCA1F125010A293C
:10785000C4D2DFE801F01A1ABFBF1AD4F31A1A1AF9
:10786000842908D008DC412979D0432978D05929C6
:10787000B4D08329B2D1C9E0852905D0862903D0A7
:10788000872901D08A29A9D1C0E010F8011C2B4614
:1078900009290DD008290BD001250278A2F1820C0C
:1078A000BCF10A0F06D801278046C01C186016E0FC
:1078B0000025F2E79C2A02D09E2A07D00FE09C27E1
:1078C000B0F80120C01C1292186008E0401C9E27EE
:1078D0000268109202798DF84420401D18601C291E
:1078E00003D02D2901D0252902D14FF47A700990B7
:1078F0001D2903D02E2901D0262901D1CDF82490AD
:10790000092908D0292913D02C292AD0082943D0A5
:10791000012F4FD053E00698FEF757FE0990012F34
:107920004DD101464046069AFFF70CFE47E078E04D
:10793000012008900698FEF748FE07900698FEF78B
:1079400044FE099007994FF47A7291FBF2F306997D
:10795000009101464046089AFFF718FE2FE0D3E059
:1079600061E10698FEF731FE08900698FEF72DFEBD
:1079700007900698FEF729FE0990079A4FF47A714E
:1079800092FBF1F3089A92FBF1F2069900910146FD
:107990004046FFF7FBFD12E00698FEF716FE4FF497
:1079A0007A7190FBF1F0401E45B20698FEF70DFE8D
:1079B000099004E04046069A0999FFF7C3FD9C2F01
:1079C00002D09E2F06D106E000232A4609A912A85C
:1079D00002F0EBF9AEE2234880F800B0224880F8CC
:1079E000009000232A4609A910A8CDF8009002F0C3
:1079F00013FC9FE2F7E07DE20DE00EE055E078E059
:107A00002CE2FFE16CE2E3E1A3E17CE110F8011B71
:107A1000084428608EE2012063E6FFF7B1FD28608C
:107A200088E20698FEF7D1FD0FFA80F9B9F1010F4F
:107A30001EDB2868417849451ADB1EE045E000005E
:107A4000B402006090020060805103609402006004
:107A500098020060180200609C020060B0020060A2
:107A600030000060F7020060F8020060401C2860EF
:107A7000286801780129ADD0F8E70278142A04D1EA
:107A800000EB4100801CFFF775FD2868A9F1010992
:107A900000EB490040880C90BDF9300023F08DFBCD
:107AA0000C902044801E286044E200F10209008806
:107AB0000C90BDF9300023F080FB0C902044801E18
:107AC00028604846FFF756FD34E2FA49097869B163
:107AD00000880C90BDF9300023F06FFB0C9020441F
:107AE000801E2860F34880F8009023E2801C286004
:107AF00020E200880C90BDF9300023F05EFB0C9072
:107B00002044801E286015E21E226D2127F08FFC84
:107B1000B0F1000802D06D200C9009E01E226E2109
:107B2000286827F084FCB0F1000801D06E200C908A
:107B3000FF2088F800000698FEF747FD0890069899
:107B4000FEF743FD07900698FEF73FFD0990DA48DF
:107B5000016811F8015B01602A46D84827F012FC41
:107B6000D64800F80590D44800684119D248016011
:107B7000BDF930506D2D18D1DDE90710884214DAB7
:107B8000D049CF48002391F90020CF4991F9001046
:107B9000CDE90209CDE90012CC4851460278C74828
:107BA000FCF774FFC34880F800B06E2D18D1DDE9F2
:107BB0000701814214DDBF4880F800B0C148C049C8
:107BC000002390F90020C04890F90000CDE90002A0
:107BD000CDE90219BD4851460278B848FCF756FF76
:107BE00088F80050A6E10178FF2904D0DFF8D09290
:107BF000DFF8D0C20FE0B44940220A70401C286070
:107C000098E19CF9001010F8013B4A1C8CF8002008
:107C100009F801302860286801780029F1D1286826
:107C2000401C286086E1A349002008700698FEF7F2
:107C3000CCFCA749086028680068099023F0BCFACA
:107C400009902968091D11F8019B2960A048006866
:107C500098B34A46994827F095FB9849002001F8C7
:107C600009002868484428609A490A780AB1099AA4
:107C700002600068002805DD8968401A23F09CFA3C
:107C80002968086000283ADC8E4A00208C4992F965
:107C900000308D4A92F90020CDE90210CDE9002391
:107CA00003468A48514602788448FCF7EFFEC0B28A
:107CB00028B3804880F800B021E0FFE701EB09001D
:107CC0000068002812DC4A467C4827F05BFB7B49B1
:107CD000002001F809007D48514602787748FDF7F9
:107CE00036F97D48017841F0010101702868484467
:107CF0002860099823F060FA0990296808602868CC
:107D0000001D286016E18046C01C28600698FEF71A
:107D10005CFC81460698FEF758FC0F900698FEF72B
:107D200054FC0F98484508DB49464046069AFFF741
:107D300009FC2868801C2860FCE0286800880B90FB
:107D4000BDF92C0023F039FA0B902044801E2860E6
:107D5000F0E000880B90BDF92C0023F02EFA0B9078
:107D600004EB000808F1020808F1030028600698F7
:107D7000FEF72BFC0698FEF728FC0F900698FEF7FE
:107D800024FC0E90D5F80090C5F8008000200699DC
:107D9000FEF7BFFB0E99014409914046069AFFF792
:107DA000D1FBC5F8009009990F98814204DC09F1D4
:107DB0000209C5F80090BDE0B9F800000B90BDF9CC
:107DC0002C0023F0FAF90B902044801E2860B1E0CB
:107DD00001260698FEF7F9FB3D49086018B12868AE
:107DE000801C2860A6E02868B0F9000023F0E5F9BF
:107DF0002044801E28600078012801D0FE2800D190
:107E0000002697E00698FEF7E0FB3149086088B14C
:107E1000286810F8011B286039B1B0F9000023F080
:107E2000CCF92044801E28600FE000F801BC801CC3
:107E300028600AE0286800F8019B2860B0F900007B
:107E400023F0BBF92044801E2860012628680078B2
:107E5000012801D0FE286DD100266BE00698FEF7C0
:107E6000B4FB1B49086090B1286800F801BB28608A
:107E7000B0F9000023F0A1F92044801E28600126FB
:107E800028680078012829D0FE2853D126E02868E8
:107E900010F8011B286021B100F8019C801C2860AB
:107EA000EDE7B0F9000023F088F92044801E286037
:107EB000E5E70000B402006090020060D05103606A
:107EC000B7020060B6020060B50200608D0200607B
:107ED0009C020060180200608C020060002629E00D
:107EE000401C2860B0F9000023F067F92044801E90
:107EF00028601FE0011F0A910178A12936D0069859
:107F0000FEF763FB05462A4800680068099023F0E5
:107F100053F92849896808440990A84236D9244869
:107F20000168C1F8009013992144A1F801900168FB
:107F3000091D01601E4D29680878FE280AD0DFF867
:107F400074C0BCF80420531CACF80430B2F5FA6FCE
:107F5000FFF445AC17488088B0F5FA6FFFF413AC16
:107F60001498C1B20120FCF7B6FF0CE41049401C84
:107F70000860006823F020F94FF47A7100FB01F5E6
:107F80000B480B490068001D0860BCE7099823F006
:107F900013F909900649096808600A98001B00B2A5
:107FA00023F00BF913992144A1F80100012006E404
:107FB00090020060180200602DE9F04107460C466F
:107FC0005D344FF46160A17841436078C0EB0010EC
:107FD00001EB800021780E1860795D3C00EB800297
:107FE00073207843FD4901EBC00504F109012846DF
:107FF00027F0C8F9463514F85D0FA8706078E8706E
:10800000A07828712F706079687005F016FDB0FBBC
:10801000F6F0401C7043686100202883BDE8F081C1
:1080200070B506460C46732394F8611094F862000C
:10803000091A01EB810200EB80000119012000EB1D
:1080400046005843E54B093103EB8005284627F0ED
:1080500099F905F8466F14F8610F6178401A687055
:108060000020288370BD2DE9F04F85B00546884675
:108070004FF4616098F85F10414398F85E00C0EBE0
:10808000001001EB800098F85D100844D8F86410E7
:108090000844C8F864004FF00009D04805EBC50259
:1080A000A0F5165102EB051201EB4217732169434B
:1080B00000EBC1046AE009EB890026180396B4F8C6
:1080C0005E0018B905F0B9FCC4F85A0014F8461F50
:1080D000208B07EB0010017031784171717881714C
:1080E000B178C171F17801723179417205F0A5FC66
:1080F0008DF80400824605F0A0FCC0F307208DF83F
:108100000500049005F099FCC0F3074B8DF806B00C
:1081100005F093FC000E8DF8070000EB0B2104988E
:10812000020402EB0A600144208B463C07EB00107E
:10813000C0F8011040F60D21C18100231A4602A9A2
:10814000304602F0A6FB01281ED1029823F034F835
:10815000B4F85E1007EB011C8DF80400C0F3072390
:108160008DF80530C0F307428DF80620060E8DF815
:1081700007601B0406EB022203EB00601044CCF8FE
:108180000A00491CA4F85E1009F1010994F847009F
:10819000484590DCB4F85E6094F8470030441928F4
:1081A00009D805B0BDE8F08F07EB061010220021BA
:1081B00027F0E8F8761C192EF6DB894C4FF4C871CD
:1081C000012254F83500C3B24B43C0F30B202946BB
:1081D00017F07EFA012847D182480078022843D15F
:1081E00005F1B3006946064619F0AEFB9DF80000A4
:1081F00054F8351000F00F02C1F303418A4206D053
:1082000000F0F00001430091304619F0ACFB34F867
:108210003500C0F30721542000EB4500074619F054
:10822000A2FB552000EB450014F83510814619F0EB
:108230009AFB54F835006C49884203D2401C44F83C
:10824000350011E03846002119F08DFB4846002129
:1082500019F089FB9DF8000000F0F001304619F09C
:1082600082FB002044F8350041462846FFF7A4FE73
:1082700097E75E490878192807D8401C0870C1079D
:108280005B4803D0002180F8DC147047012180F89E
:10829000DC1470472DE9F34F8BB08046FFF7E9FF00
:1082A00050480078022803D152484188491C418037
:1082B000012505EB48097320484909FB00F001EB53
:1082C0008004B4F85E0018B905F0B7FBC4F85A0092
:1082D0000027012000EB4800474900EBC00202EBF9
:1082E000001040F60D2A01EB0016D2E107EB8700E3
:1082F00025180023012204A9284602F0CAFA012801
:108300007ED1039505F099FB3C4951F82810FA31CC
:10831000884276D394F84700401EB84204D105F055
:108320008CFB364941F82800B4F85E0094F84610FA
:1083300006EB001001702978417169788171A97884
:10834000C171E978017229794172049822F034FFF1
:1083500088B35E340BFA07FBA08840EA0B00A080CC
:1083600005F06BFB8DF80800834605F066FBC0F353
:1083700007258DF8095005F060FBC0F307408DF824
:108380000A000A9005F059FB010E8DF80B100A98AF
:108390002A0401EB0B6102EB0020014434F85E0972
:1083A00006EB0010C0F801104FF08071C0F80A1001
:1083B000A0F80EA03EE0FFE705F03FFB8DF80800B7
:1083C000834605F03AFBC0F307258DF8095005F008
:1083D00034FBC0F307408DF80A0013E0B496016047
:1083E000446F016054040060FFFF0F008B020060C7
:1083F000267F02602802006034710160E0C10160E4
:1084000046E11DE0099005F018FB010E8DF80B10F8
:1084100009982A0401EB0B6102EB00200144B4F837
:108420005E0006EB0010C0F801100021C0F80A1031
:10843000A0F80EA0B4F85E00401CA4F85E0027E18E
:108440004FF0010BB4F862000BFA07FB1BEA000FB8
:108450007ED0049822F0B0FE50B1B4F86210012032
:1084600041EA0B01A4F86210FC490A78F2B30FE16B
:108470004634A08B20EA0B00A083218B207806EBEA
:108480000111087005F0D9FA8DF80800834605F04F
:10849000D4FAC0F307258DF8095005F0CEFAC0F3E1
:1084A00007408DF80A00089005F0C7FA010E8DF814
:1084B0000B1008982A0402EB002001EB0B61228BC1
:1084C000014406EB0210C0F80110A0F80EA00399B9
:1084D0000B7843714B7883718B78C371CB780372BF
:1084E000097941720021C0F80A1000E003E0521C33
:1084F0002283463CCCE0087014F8461F208B06EB24
:10850000001001702978417169788171A978C17171
:10851000E97801722979417205F08FFA8DF8080027
:10852000834605F08AFAC0F307258DF8095005F057
:1085300084FAC0F307408DF80A00079005F07DFA31
:10854000010E8DF80B1001EB0B612A04079800E077
:1085500011E002EB00200A18218B06EB0110C0F895
:1085600001204FF08072C0F80A20A0F80EA0491C2C
:108570002183463C8CE0049822F01EFEF0B3463482
:10858000A08B40EA0B00A083208B217806EB001023
:1085900001702978417169788171A978C171E97890
:1085A00001722979417205F048FA8DF80800834676
:1085B00005F043FAC0F307258DF8095005F03DFAA0
:1085C000C0F307408DF80A00069005F036FA010E58
:1085D0008DF80B1006982A0401EB0B6102EB0020CA
:1085E0000A18218B06EB0110C0F801204FF08072B1
:1085F000C0F80A20A0F80EA0491C00E002E0218388
:10860000463C45E0B4F86210012021EA0B01A4F8D1
:10861000621092490A78DABB087014F8461F208B62
:1086200006EB001001702978417169788171A97891
:10863000C171E9780172297941720021C0F80A10EC
:1086400005F0FBF98DF80800834605F0F6F9C0F354
:1086500007258DF8095005F0F0F9C0F307408DF8B3
:108660000A00059005F0E9F9010E8DF80B10059848
:108670002A0401EB0B6102EB00200A18208B06EBA9
:108680000011C1F80120A1F80EA0401C2083463C37
:108690007F1C94F847004FF0010BB8423FF726AE1D
:1086A000B4F85E5094F847002844192804D86B4861
:1086B0004088B0F5967F6CD368480027478006E075
:1086C00006EB05101022002126F05CFE6D1C192D12
:1086D000F6DB634D55F82900C0F30721020E01EBCC
:1086E0000241C3B28EB24FF4C870434300224146E8
:1086F000304616F0EDFF012847D15A48007802288D
:1087000043D108F1B30001A9824619F01DF99DF883
:10871000040055F83830F02100F0F00201EA13416E
:108720008A4206D000F00F0001430191504619F033
:108730001AF935F82900C0F307216C2000EB480630
:10874000304619F010F96D2000EB480B15F8291090
:10875000584619F008F955F829004349884203D2D0
:10876000401C45F8290010E03046002119F0FBF8C4
:108770005846002119F0F7F89DF8040000F00F01A9
:10878000504619F0F0F845F8297040460C99FFF76B
:1087900047FC364994F85E0001F808000DB001E589
:1087A00070B5334C002594F86300B0B194F86200C2
:1087B00040B105F042F9616E884203D3E8B2214628
:1087C000FFF751FC94F8610094F86210401A0028F9
:1087D00003DDE8B22146FFF75DFD6D1C68340C2D0A
:1087E000E1DB70BD2DE9FE4F04464FF00108227910
:1087F0001B480127E178012A13D007EB410350F809
:1088000023506D1CDFF85CA09AF80030022B00D0DA
:108810000125D4F81200F8B10026022B05D06674A9
:1088200008E050F831506D1CECE7A84201D26674A4
:1088300000E0677404F11A030293A84226D2401E96
:10884000C3B24FF4C8767343C0F30B2016F07FFD1C
:1088500001280FD04FF0000843E00000280200601C
:10886000446F016054040060FFFF0F00D4C1016039
:10887000948602604FF4C8763146029826F09BFD3C
:108880003246FE49029826F07DFD2AE0DFF8F0B37B
:10889000012A0BF5165928D04FF4C871029826F01A
:1088A0008AFDE078732107EB4000414309EB810129
:1088B000B1F85E100A0100EBC00101EB00100BEBF8
:1088C0000011029826F05EFD9AF80000022808D0F8
:1088D000E078732107EB4000484309EB8000A0F8E3
:1088E0005E60D4F8120010B336E04FF4C8710298FD
:1088F00026F061FDE0787321414309EBC101B1F835
:108900005E100A0100EBC00101EB00100BEB4011FF
:10891000029826F037FD9AF800000228E1D0E078AE
:108920007321484309EBC000A0F85E60D9E7D4F892
:10893000160088B9217904F11600031F01290ED011
:10894000CDE90005E078D4F80D2007EB4000D4F81D
:108950000910C0B216F096FD4046BDE8FE8FCDE985
:108960000005E078D4F80D204006D4F80910000E78
:1089700016F088FDF0E730B500EB800202EBC00294
:10898000C048002100EBC20080F8611080F862103E
:1089900001EB81028318DA7A82B190F86120521CCF
:1089A00080F861205A7AB84D1C7B2D78AC420AD0F1
:1089B0004CB190F86220521C80F86220491CC9B268
:1089C0000E29E5D330BD9B7A022B17D0012B2AD07C
:1089D000032BF3D1C2EBC20303EB4213AB4A1A449D
:1089E00023324418D37884F84F301278012AE5D125
:1089F00090F86220521C80F86220DFE7C2EBC203CD
:108A000003EB0213A24A02EB4302283244185379C3
:108A100084F84F301278012AD0D190F86220521C8D
:108A200080F86220CAE7C2EB021202EB4203994AC5
:108A30001A4423324418537984F84F301278012AAB
:108A4000BCD190F86220521C80F86220B6E72DE974
:108A5000F0410025DFF840828A4E2846FFF78BFF61
:108A600005EB850000EBC50706EBC70494F85D0035
:108A700028B994F85E0010B994F85F0098B194F8A2
:108A8000610080B194F8620018B121462846FFF7D2
:108A900093FA94F8610094F86210884203D021465A
:108AA0002846FFF7BDFA04F0C8FF6066214608EBD0
:108AB000C700682226F066FC6D1CEDB20B2DCCD3EE
:108AC000764877A10A6802604A684260097A0172B2
:108AD00000206D4900240327DFF8B0810B784FF0A8
:108AE000190C012500EB8001314401F2814100F1B4
:108AF00080020A704F708B70CB700C71311881F846
:108B0000C7C4C2EBC20101EB421141441E3181F8DE
:108B100008C04D710C60401CC0B20828E2D306F2B8
:108B2000BC46882006F8130C06F8127C06F8113CA7
:108B300006F8103C06F80F4CF5745B48C5700470DD
:108B4000447014207076B476F47681203077092052
:108B500070770820B077F47704F06FFF30624F49E8
:108B60000B200D46FFF728FA29460B20FFF758FA8D
:108B70000020F4F730F94D4DE8600020F4F72BF9B0
:108B800028614B480470BDE8F0812DE9F05F47494A
:108B90004878142803D2401C4870BDE8F09F434831
:108BA00000224270374890F8DB040028F5D00024FA
:108BB000324EDFF8D8B0DFF8FC80783E3E4F06F149
:108BC0000C054FF47A7A4FF0140957F8241055F831
:108BD0002420881A504512D2914210D94FF47A714C
:108BE0004843B0FBF9F022F0E7FA802101EB4401A1
:108BF000C1EBC10202EB41115944C1F81E0058F803
:108C0000241056F824000A1A524512D2814210D973
:108C10004FF47A704243B2FBF9F022F0CDFA812191
:108C200001EB4401C1EBC10202EB41115944C1F80F
:108C30001E0056F8241058F82400814201D046F84E
:108C4000240055F8241057F82400814201D045F83B
:108C50002400641CE4B2032CB7D3DFF86080134F08
:108C6000174ED8F800107A68881A504530D29142D1
:108C70002ED94FF47A71484324E00000A46F0160BC
:108C8000347101609486026054020060266F0260B5
:108C90001DBD0460DDC80460748B02600C8B026033
:108CA0004E4554574F524B00018402602802006029
:108CB0008B02006040BD03604CBD03600404006093
:108CC000267F0260B0FBF9F022F076FAC6F888043D
:108CD000DFF8D0B2B868DBF80020111A51450AD28B
:108CE000824208D94FF47A704143B1FBF9F022F087
:108CF00063FAC6F8AF047968D8F80000814200D062
:108D0000786055F82410DBF8000081423FF445AF4D
:108D1000B86042E72DE9FF5F044604EB8400A249F6
:108D200000EBC40001EBC008CDF808809F4901EBBF
:108D3000C0060196002504F080FE70662046FFF70D
:108D40001AFE06F1090708F1090081465F2239463B
:108D500026F077FB00285CD006F15D0108F15D008C
:108D6000032226F06EFB18B396F8620000B10125CD
:108D700098F8612098F8621096F86130521A1B1A20
:108D80009A4202D045F0020543E000EB800001EB7F
:108D9000810109300931304408EB0103014602EB3F
:108DA0008202184626F04DFB00B345F0020530E084
:108DB00098F8620096F86210884208D100EB8002B1
:108DC0003946484626F03DFB10B1012500E001255B
:108DD00098F8612098F8621096F8613096F8620071
:108DE000521A1B1A9A4202D045F0020511E000EB1C
:108DF000800001EB810109300931304408EB0103A7
:108E0000014602EB8202184626F01BFB08B145F032
:108E10000205DFF89CB104F1B300664FE907039047
:108E200055D057F83400012201060B0DC0F30B207A
:108E3000214616F04DFC012849D19BF8000002287C
:108E400041D16946039818F07FFD9DF8000057F85E
:108E5000341000F00F02C1F303418A4206D000F043
:108E6000F00001430091039818F07DFD37F83400BD
:108E7000C0F30721542000EB4409484618F073FD65
:108E8000552000EB440A17F83410504618F06BFDDB
:108E900057F834004849884203D2401C47F8340050
:108EA00011E04846002118F05EFD5046002118F000
:108EB0005AFD9DF8000000F0F001039818F053FDF2
:108EC000002047F8340031462046FFF775F8A80720
:108ED0005FD5012000EB440557F82500C0F30721BA
:108EE000020E01EB02411FFA81FC0006030D002275
:108EF0002146604616F0ECFB01284AD19BF80000A1
:108F0000022842D16946039818F01EFD9DF8000022
:108F100057F83430F02100F0F00201EA13418A42A0
:108F200006D000F00F0001430091039818F01BFDDC
:108F300037F82500C0F307216C2000EB44094846B0
:108F400018F011FD6D2000EB440A17F8251050466B
:108F500018F009FD57F825001749884203D2401C34
:108F600047F8250011E04846002118F0FCFC504667
:108F7000002118F0F8FC9DF8000000F00F010398A4
:108F800018F0F1FC002047F8250031462046FFF795
:108F900047F804B031464046BDE8F05F682226F04D
:108FA000F1B9000008040060748B026094860260CE
:108FB00054040060446F0160FFFF0F0010B50446C9
:108FC000204626F01FFA401E01B204E0625C202A0F
:108FD00003D1491E09B20029F8DA21440020487063
:108FE000204610BD70B50646304604F09EFF0128AD
:108FF00010D0FE4D002405222946304626F021FAE5
:1090000020B1641C24B21B35202CF4DB202C03DAA5
:10901000204670BDF64DEDE74FF0FF3070BD70B5E6
:109020000646304604F081FF012812D0F14C00259D
:10903000607B28B104222146304626F002FA20B196
:109040006D1C2DB21C34802DF2DB802D03DA2846F6
:1090500070BDE94CEBE74FF0FF3070BD70B5002AF2
:1090600010D0E24A002384789578AC420CD1C578C0
:10907000D678B54208D105781678B54204D10B7080
:10908000012070BDDA4AEDE75B1C9BB21B32202B3E
:10909000EAD3002070BD70B5002A14D0D54A002351
:1090A00084789578AC4210D1C578D678B5420CD189
:1090B00045785678B54208D105781678B54204D17E
:1090C0000B70012070BDCC4AE9E75B1C9BB21C32DF
:1090D000802BE6D3002070BDF0B589B0DDE90E7CB1
:1090E000109DC64C24788DF80A408DF80B0001F0D5
:1090F0001F0001F0E0040021BCF1020F05D00026A2
:1091000082B380328DF80C2033E00126022815D07E
:109110001B2813D0B0B11C2814D0012816D01D284C
:1091200014D0042816D01E2814D0052816D01528CF
:1091300014D0032817D0142815D044E01C348DF81F
:10914000094040E01D348DF809403CE01E348DF8A4
:10915000094038E01F348DF8094034E016348DF8AA
:10916000094030E003E015348DF809402BE08DF81C
:109170000C10012806D0022808D004280AD00328A1
:109180000CD020E018348DF809401CE019348DF81B
:10919000094018E01A348DF8094014E0BCF1010FC1
:1091A00028D0E01C8DF809006DB105F1200000F019
:1091B0001F0222448DF809209DF80C2000F0600069
:1091C00002438DF80C208DF808308DF811103246CE
:1091D00001A902A8FFF75FFF002809D07EB19DF822
:1091E00004008449C0EBC00001EB8000C0F80570AA
:1091F00009B0F0BD04F11B008DF80900D4E77E4CE6
:109200009DB12A4639466846FDF70DF97C4900981C
:1092100026F0B9FA26F0CEFB9DF80410C1EBC1018F
:1092200004EB8101C1F80500E2E74FF47A7047438F
:109230009DF80400C0EBC00004EB8000C0F805708E
:10924000D6E7F0B589B00F46DDE90E61109C1546F2
:1092500000228DF80C208DF80A008DF80B70681C28
:10926000C0B28DF809005B1E8DF808308DF8112012
:1092700002292ED005F01F0205F0E000012A2CD0B3
:10928000022A2ED0042A30D0012933D0C11C8DF8F7
:10929000091054B104F1200202F01F0108448DF8B6
:1092A000090002F060008DF80C0000252A4601A993
:1092B00002A8FFF7D3FE00289AD005B39DF804005A
:1092C0004A4900EBC00000EB40000844C0F80560CC
:1092D0008EE701258DF80900E8E718308DF80900C0
:1092E000E3E719308DF80900DFE71A308DF809003F
:1092F0000124DAE700F11B018DF80910C9E73C4DA4
:10930000A4B1224631466846FDF78DF83C490098E5
:1093100026F039FA26F04EFB9DF8041001EBC1014E
:1093200001EB41012944C1F8050061E74FF47A706F
:1093300046439DF8040000EBC00000EB40002844C9
:10934000C0F8056054E72DE9F04704460E46204674
:1093500004F0EBFD012812D0264D002E71DA2046D4
:1093600004F0E3FDDFF89C80274F4FF0FF39012820
:1093700007D0387880280AD34846BDE8F0871E4DCC
:10938000EBE798F80000802801D34846F5E720462F
:10939000FFF745FE002807DBC0EBC00105EB8101AC
:1093A0004A7B521C4A73E8E70026687B30B1761C82
:1093B00036B21C35802EF8DB4846DEE7204604F046
:1093C000B4FD032201234FF0020C4FF004090128E1
:1093D00038D06078217900F01F0001F0600101446D
:1093E00094F80380C6EBC60A02480FE094170360A6
:1093F000F41A0360541E0360542C0360540200608E
:1094000000007A44580200605702006000EB8A00B6
:1094100080F8148094F801A094F800800AF0E00A23
:1094200008EBCA08A0F817801C2960D01D2961D05C
:109430001E2963D01F2964D0162965D0152967D04D
:1094400068E075E06078217900F01F0001F06001AC
:109450000144E778C6EBC60AFE4800EB8A000775B0
:1094600027795FEA076A0DD594F801A00AF0E00AAF
:109470004FEACA0A0AEBC72794F800A05744A0F89D
:10948000177008E094F801A027780AF0E00A07EBCB
:10949000CA07A0F81770032911D01B2912D0182968
:1094A00014D0192915D01A2916D0A1F12107032F9C
:1094B00015D8203902EB0121A0F8151011E0A0F811
:1094C00015200EE08321A0F815100AE0A0F8153051
:1094D00007E0A0F815C004E0A0F8159001E0A0F89E
:1094E000152098F80000401C88F8000015E0A0F84E
:1094F00015C00FE00021A0F815100BE0A0F8153002
:1095000008E0A0F8159005E00521A0F8151001E08D
:10951000A0F815203878401C387020682860207921
:1095200028714FF05530C5F805006B73304624E7BD
:10953000C6EBC60005EB8000417B491C41733046F9
:109540001BE72DE9F04705460E46284604F0EDFCE2
:10955000012812D0C04C002E6FDA284604F0E5FC3A
:10956000BE4FDFF8FC824FF0FF39012807D098F892
:109570000000202808D34846FFE6BA4CEBE73878CD
:10958000202801D34846F8E62846FFF72BFD00289F
:10959000F2DA0026A07B30B1761C36B21B34202EC6
:1095A000F8DB4846E9E6284604F0BFFC4FF0010925
:1095B000012854D16878297900F01F0001F060017A
:1095C000014406EBC60000EB4003A648AA78184405
:1095D00082702A7913060AD56B7803F0E003DB006A
:1095E00003EBC2222B781A44A0F8172007E06B780F
:1095F0002A7803F0E00302EBC302A0F81720EA7810
:10960000AAB102750322032914D01B2916D01829E8
:1096100018D0192919D01A291BD0A1F12103032B25
:109620001BD8203902EB0121A0F8151017E0FF220A
:109630000275E7E7A0F8152011E02AE08321A0F8E1
:1096400015100CE0A0F8159009E00221A0F8151003
:1096500005E00421A0F8151001E0A0F81520286805
:109660002060287920714FF05530C4F80500284655
:1096700004F05BFC012808D098F80000401C88F832
:10968000000084F80E90304677E63878401C387039
:10969000F7E706EBC60000EB40002044817B491C45
:1096A0008173304669E670472DE9F04700240025B4
:1096B0006D4F4FF03C08DFF8B4A128E07F2C24D296
:1096C0006448C5EBC50100EB810904EB840007EB9E
:1096D000800614224946304625F054FED9F805008C
:1096E00006F01EF9C6F80500D9F8100026F03FF97B
:1096F00026F060F906F014F930615D4830F8140086
:10970000B0FBF8F0F073641CE4B26D1CEDB29AF893
:1097100000008542D2D30025DFF858A12CE07F2C31
:1097200028D25548C5EBC50100EB810904EB840044
:1097300007EB800614224946304625F023FED9F86F
:10974000050026F00BF926F035F906F0E9F8C6F821
:109750000500D9F8100026F00AF926F02BF906F0DA
:10976000DFF83061454830F81400B0FBF8F0F073D2
:10977000641CE4B26D1CEDB29AF800008542CED3B1
:109780000025DFF8D8A02EE01F2C2AD205EBC5005B
:1097900000EB40013348142201EB000904EB840084
:1097A00007EB80064946304625F0ECFDD9F8050068
:1097B00026F0D4F826F0FEF806F0B2F8C6F8050058
:1097C000D9F8100026F0D3F826F0F4F806F0A8F83F
:1097D00030612B4830F81400B0FBF8F0F073641CD3
:1097E000E4B26D1CEDB29AF800008542CCD300259E
:1097F000DFF86CA049E01F2C2AD205EBC50000EB76
:1098000040011548142201EB000904EB840007EB2A
:1098100080064946304625F0B5FDD9F8050026F00A
:109820009DF826F0C7F806F07BF8C6F80500D9F8D1
:10983000100026F09CF826F0BDF806F071F83061B3
:10984000104830F81400B0FBF8F0F073641CE4B278
:109850006D1C19E0542C03609417036056020060DD
:1098600055020060F41A036010C2016058020060E3
:109870008050036057020060541E0360804F0360F5
:10988000404F0360004F0360EDB29AF8000085423C
:10989000B1D3C4F1800000EB8000810004EB8400B0
:1098A00007EB8000BDE8F04725F085BD2DE9F047C6
:1098B000FE4DDFF8FC83002798F8000080284FD287
:1098C0000026A94648E0A87818B1E87808F0D8FC46
:1098D00004461C2C3DD0152C3BD0142C39D0162C12
:1098E00037D02B2C35D02C2C33D05F2C31D0482CBA
:1098F0002FD02E2C2DD0C6EBC60009EB8001ED4AEF
:10990000087D02EBD00200F0070312780120984096
:1099100002422AD14CB3EF7398F80000C8B1EF723D
:10992000801B401EC0EBC000820005F11C012846D0
:1099300025F028FD98F800001C21401EC0EBC00057
:1099400009EB800025F037FD98F80000401E88F8EC
:109950000000761CF6B21C3598F800008642B2D39F
:10996000D54D0024A846D54E64E0D54A32F81600FD
:10997000401C22F8160091F90F007F2803D0002820
:1099800001DD401EC87395F90F000028E1DC98F84E
:1099900000000028DDD0EF72801B401EC0EBC0002D
:1099A000820005F11C01284625F0ECFC98F8000027
:1099B0001C21401EC0EBC00009EB800025F0FBFC21
:1099C00098F80000401E88F80000C2E7C4EBC4000D
:1099D00008EB800292F90F007F2803D0002801DDF8
:1099E000401ED073B74A32F81400401C22F814000D
:1099F000E87A01281BD195F90F00002817DCB1B1D6
:109A0000EF72081B401EC0EBC000820005F11C0174
:109A1000284625F0B7FC30781C21401EC0EBC00062
:109A200008EB800025F0C7FC3078401E3070641CC5
:109A3000E4B21C3531788C42C8D3A34D0024A9462A
:109A4000DFF888824FF0553640E004EBC40000EBAD
:109A5000400000EB090191F90F007F2803D0002896
:109A600001DD401EC8739A4931F81400401C21F8EA
:109A70001400E87A012826D195F90F00002822DC8D
:109A8000EF72101B401E00EBC00000EB400205F11E
:109A90001B01284625F076FC98F800001B21401E8B
:109AA00000EBC00000EB4000484425F084FC98F82F
:109AB0000000401E00EBC00101EB41014944C1F828
:109AC000056088F80000641CE4B21B3598F800209B
:109AD0009442BAD37F4D0024A946DFF8FC8140E0D0
:109AE00004EBC40000EB400000EB090191F90F000A
:109AF0007F2803D0002801DD401EC873774931F864
:109B00001400401C21F81400E87A012826D195F9A8
:109B10000F00002822DCEF72101B401E00EBC0007B
:109B200000EB400205F11B01284625F02BFC98F8BC
:109B300000001B21401E00EBC00000EB4000484429
:109B400025F039FC98F80000401E00EBC00101EB45
:109B500041014944C1F8056088F80000641CE4B282
:109B60001B3598F800209442BAD3BDE8F0479BE536
:109B7000F8B505460C4669784A1E0B2A73D8584832
:109B8000032903D02B780E5CB34206D303296AD194
:109B9000085C2B780C30834265D2524B4FF47A70BC
:109BA0000A2A2DD2DFE802F0053669C0CAD7E1FBE8
:109BB000FBEE29784C4AC1EB011101EB4101114444
:109BC000009191F823200ABB91F92820F2B1A2F16B
:109BD0000C060A2E0DD9173A072A06D802EBC20640
:109BE00006EB02129A5C012A03D091F8251049B9BC
:109BF00007E091F8251001B1002021F0DDFA206086
:109C0000CDE0002021F0D8FA2060C8E0D1F81E0095
:109C10002060C4E02978C1EBC10202EB0111334A94
:109C200002EB4101009191F8282012BB91F82D2000
:109C3000FAB1A2F10C060A2E0DD9173A072A06D856
:109C400002EBC20606EB02129A5C012A03D091F8DD
:109C5000261051B908E091F8261001B1002021F03A
:109C6000ABFA20609BE09CE0002021F0A5FA206088
:109C700095E0D1F81E00206091E02978C1EBC10287
:109C800002EB41111A4A1144009191F8232062B964
:109C900091F826204AB1A2F10C060A2E33D9173AC0
:109CA000072A2CD802EBC20624E039E0542C0360CA
:109CB000580200607ED90360541E036057020060A2
:109CC00080500360804F0360F41A03605602006006
:109CD000404F03609417036055020060004F03601B
:109CE000A51604088E6A0260DDC804601DBD04600C
:109CF000266F026006EB02129A5C012A03D091F8EB
:109D0000241049B907E091F8241001B1002021F096
:109D100053FA206043E0002021F04EFA20603EE03C
:109D2000D1F81E0020603AE02878F849C0EBC00066
:109D300001EB8000D0F80700206030E02978F44A79
:109D4000C1EBC10101EB410102EB4101897F01B986
:109D50000020206023E02978EE4A01EB41111144F4
:109D6000897F01B90020206019E0297801EB810288
:109D700002EB4111E84A114491F8201001B900208A
:109D800020600CE0297801EB810202EBC101E34A7B
:109D900002EBC10191F8631001B90020206028781E
:109DA000F8BD00202060401EF8BD2DE9F84F0446A4
:109DB0000D46617800260A46491E0B2967D8D84F00
:109DC0002078D25D90426FD20A29FCD2DFE801F000
:109DD00005F3F2F1F0EFEE6C6CEDC0EB0011D14F3A
:109DE00001EB410139440091CF4E0A22325491F9DE
:109DF000220000B91BB1012856D1012BFCD191F8EA
:109E00002300DFF828B3DFF82893DFF828A3E8B3AE
:109E100004F03CFA2678B04208DD286825F09EFD63
:109E2000C54925F0E2FC0BEB8611486204F02EFADE
:109E30000146207881422DDCC0490978884229D228
:109E4000C0EB001101EB41013944D1F81E10BC4BAD
:109E50002A8823F81020286888421BD0D9F80000EF
:109E6000F2F7FAF9DAF80000F2F7F6F921780022B1
:109E7000C1EB011000EB4000384407F080F8DAF83D
:109E80000000F2F72DFAD9F8000001E00DE0BDE185
:109E9000F2F726FA20780021FBF7A8FD286821F0C8
:109EA0008BF90099C1F81E00ADE104F0EFF92678B6
:109EB000A44AB04248DDC6EB061000EB400038442F
:109EC00090F92800A0F10C010A290DD917380728AC
:109ED00006D800EBC00101EB0010105C012803D094
:109EE0002868D8B101201AE0286898B1002025F030
:109EF0003EFD0BEB8611486220781BF012FD58B135
:109F000000202178C1EB011101EB4101394481F8B6
:109F1000250062E00120EAE70120F2E7002025F0B9
:109F200026FD0BEB8611486220781BF0FAFC08B185
:109F3000012000E000202178C1EB011101EB41017B
:109F4000394481F8250048E0C6EB061000EB4000DC
:109F5000C11991F9258091F92800A0F10C030A2B71
:109F60000DD91738072806D800EBC00303EB001003
:109F7000105C012803D02868F0B101201DE028689A
:109F800030B1002081F82500286818B1002003E0D6
:109F90000120F7E74FF47A702178C1EB011101EB52
:109FA00041013944C1F81E0017E01DE10BE1FEE05C
:109FB000ECE0DCE092E051E0002081F82500286828
:109FC00010B14FF47A7000E000202178C1EB01114C
:109FD00001EB41013944C1F81E002078C0EB0011AB
:109FE00001EB4101394491F8251021B14FF47A7108
:109FF00004F064F802E0002104F060F804F046F98F
:10A000000146207881423FF745AF4C4909788842A4
:10A01000BFF440AFC0EB001000EB4000384490F9B3
:10A02000250040453FF436AFD9F80000F2F714F9A7
:10A03000DAF80000F2F710F921780022C1EB0110E4
:10A0400000EB4000384406F09AFFDAF80000F2F71F
:10A0500047F9D9F80000F2F743F91BE7C0EBC0015C
:10A06000394F01EB001007EB4000009090F92710EA
:10A0700001B91BB1012947D1012B45D190F8281016
:10A0800031B9296809B1012100E0002180F82610CA
:10A09000286821F091F8286821F08EF80099C1F81D
:10A0A0001E002078C0EBC00101EB001007EB40015F
:10A0B00091F82D00192803D00F2801D01D2823D195
:10A0C000D1F81E0021F078F8F0B920781F4941F846
:10A0D000206021781E4A0120505494E0C0EBC0015A
:10A0E00001EB40101B490844009090F8221001B980
:10A0F0001BB1012908D1012B06D190F8231021B9F9
:10A10000296849B3012129E03FE029E07A8402600F
:10A1100081D6026091DE0260D66C02609486026095
:10A12000A5160408DDC80460EA6E016080070360BC
:10A13000040300604004006000007A44D60200601E
:10A14000E25702608E6A02601DBD0460E4EB0360AA
:10A1500004FB0360266F0260FFE7002180F82410F3
:10A16000286821F029F80099C1F81E004BE0FA494F
:10A17000C0EBC00001EB80000090C07C00B91BB1B7
:10A18000012840D1012B3ED128683CE0C0EBC00043
:10A19000F24900EB400001EB40000090C07F00B9A5
:10A1A0001BB101282FD1012B2DD128682BE0EC49C0
:10A1B00000EB401008440090C07F00B90BB110B311
:10A1C0000BB328681FE000EB800101EB4010E5496C
:10A1D0000844009090F8210000B91BB1012812D169
:10A1E000012B10D128680EE000EB800101EBC000CC
:10A1F000DD4901EBC0000090296809B1012100E0B0
:10A20000002180F863102078BDE8F88F6670267012
:10A210002E604FF0FF30F7E72DE9FF4F87B007467C
:10A22000DDF850800D46994600263868049038794C
:10A230008DF8140004A803F097FE9DF81200741E18
:10A24000F0B1CA490978884205D19DF813208A42A5
:10A250007DD0002AFCD04FF00009884278D104A8B4
:10A26000FEF7DDFEB0F1000A0CDA214604A8FFF784
:10A270006AF8B0F1000A05DA20460BB0BDE8F08FAD
:10A280002046FAE704A803F050FE01280DD0B84993
:10A29000CAEBCA0001EB800460781C2878D01D2826
:10A2A00077D0B44E012875D0F7E0B348CAEBCA01A5
:10A2B00000EB81046178207901F01F0200F0600357
:10A2C000D7184FEA511B010601D500F01F06099867
:10A2D000032FC0B2069007D01A2F05D01B2F03D032
:10A2E000A7F12100032814D80998B8B1D4F80500C3
:10A2F000039988420DD0069800904FEA0B2000EB9E
:10A30000C62120782B46084482B2217D102008F017
:10A310006DFB182F3FD0192F3DD051E0D4F8051018
:10A3200028688142F5D0A7F1210103291CD825F026
:10A3300015FB924925F059FAA7F12001CAB203A9E9
:10A34000FCF743F8042000904FEA0B2001E095E26F
:10A3500059E100EBC621207803AB084482B2217D8D
:10A36000102008F043FBD4E74FF47A7190FBF1F032
:10A370000390012000904FEA0B2000EBC6212078CB
:10A3800003AB084482B2217D062008F02FFBC0E712
:10A390004CE064E07CE0099818B3D4F80500039918
:10A3A00088420DD0069800904FEA0B2000EBC621A2
:10A3B00020782B46084482B2217D0F2008F016FB3E
:10A3C0000998012829D0B8F1000F29D0B8F1020F5F
:10A3D00029D07F20E0736A4820F81A90C4F81090C2
:10A3E00005E1D4F8051028688142E9D025F0B6FAD5
:10A3F000624925F0FAF925F0DDFA0390012000907A
:10A400004FEA0B2000EBC621207803AB084482B250
:10A41000217D052008F0EAFAD2E73C20E073DAE774
:10A420001420E073D7E73C20E073D4E7D4F805109C
:10A430002868814212D025F091FA504925F0D5F9CB
:10A44000CDE900099DF813309DF812209DF81010F9
:10A45000022000F09BFF2868C4F8050071E0D4F8E2
:10A460000510286881426CD025F078FA434925F020
:10A47000BCF9CDE900099DF813309DF812209DF834
:10A480001010002000F082FF2868C4F8050058E092
:10A490009DF810103278914204D21E2802D0012873
:10A4A00030D034E0D4F8052029688A4249D01E28EB
:10A4B00016D0084625F052FA304925F096F9CDE934
:10A4C00000099DF8100031789DF81330411A9DF86D
:10A4D0001220012000F05AFF2868C4F8050030E07F
:10A4E000084625F03BFA254925F07FF9CDE900091A
:10A4F0009DF813309DF812209DF81010012000F0F7
:10A5000045FFE9E79DF810103278914201D31F28EA
:10A5100017D1D4F805102868814212D025F01EFA10
:10A52000164925F062F9CDE900099DF813309DF830
:10A5300012209DF81010042000F028FF2868C4F8AD
:10A540000500607816282ED1D4F8051028688142BD
:10A5500029D0B8B1012016E07A84026081D6026069
:10A5600091DE0260D66C0260948602605402006044
:10A57000541E036089020060542C036000007A447A
:10A5800080500360002025F0F2F9CDE900099DF824
:10A5900013309DF812209DF81010052000F0F6FEF3
:10A5A0002868C4F805006078152818D1D4F805107B
:10A5B0002868814213D008B1012000E0002025F076
:10A5C000D6F9CDE900099DF813309DF812209DF8C9
:10A5D0001010032000F0DAFE2868C4F805009DF88A
:10A5E00013109DF81200002203F03CFC2061B8F12A
:10A5F000000F05D07F20E073FE4820F81A9046E156
:10A600000A20E073F8E704A8FEF7ECFCB0F1000ABA
:10A6100008DA214604A8FEF794FFB0F1000A01DA37
:10A6200020462AE604A803F080FC012809D00AEBA2
:10A63000CA00F14900EB400044189DF81300E8B34C
:10A6400087E00AEBCA00ED4900EB4000441861784E
:10A65000207901F01F0200F06003D7184FEA511B68
:10A66000032F09D01A2F07D01B2F05D0182F03D086
:10A67000A7F12101032943D8010601D500F01F06E7
:10A68000D4F80510286881423AD0A7F121010329A6
:10A690001CD825F063F9DA4925F0A7F8203FFAB273
:10A6A00003A9FBF792FE022003A9CDE900104FEAAF
:10A6B0000B20217800EBC620084400E045E083B27F
:10A6C000E278A078102109F013F916E04FF47A71BE
:10A6D00090FBF1F00390182F20D0012003A9CDE9C1
:10A6E00000104FEA0B20217800EBC620084483B20B
:10A6F000E278A078062109F0FBF82868C4F8050084
:10A70000B8F1000F1BD0B8F1020F1BD07F20E0730F
:10A71000BC4820F81A90C4F81090B8E0012003A9B2
:10A72000CDE900104FEA0B20217800EBC620084449
:10A7300083B2E278A078052109F0DAF8DDE71E207F
:10A74000E073E5E73C20E073E2E79DF812008DF846
:10A750001300D4F805100391607803280CD0022868
:10A760000AD0012808D01C282AD01D286FD01E2806
:10A770003ED01F2854D06AE02868884267D09DF8F0
:10A7800013109DF81200022203F06CFB0646300005
:10A790005DD09DF81010607802AA00F0B3FD074666
:10A7A000286825F0DBF825F01EF903469DF80820FF
:10A7B00039B2304600F0C7FF2868C4F8050046E00B
:10A7C0002868884243D025F0C9F88D4925F00DF856
:10A7D0000221CDE900019DF813309DF812209DF86B
:10A7E0001010022000F0D2FD2868C4F805002EE009
:10A7F000286888422BD025F0B1F8814924F0F5FF74
:10A800000221CDE900019DF813309DF812209DF83A
:10A810001010012000F0BAFD2868C4F8050016E009
:10A820002868884213D025F099F8754924F0DDFF97
:10A830000221CDE900019DF813309DF812209DF80A
:10A840001010042000F0A2FD2868C4F805009DF84F
:10A8500013109DF81200022203F004FB2061642013
:10A86000F1F74DFCB8F1000F05D07F20E07366488A
:10A8700020F81A900BE01E20E073F8E7B9F1010F01
:10A8800005D14B4629463846099AFFF78EFA012032
:10A89000F3E42DE9FE4F81460C4617461D464FF066
:10A8A0000008CDF80080D9F80000019099F8040064
:10A8B0008DF8080001A803F057FB9DF806004FF043
:10A8C000FF36E8B151490978884205D19DF8072043
:10A8D0008A4272D0002A70D04FF0553A4FF07F096B
:10A8E00088425BD101A8FEF79AFB051E0ADA3146C1
:10A8F00001A8FEF728FD051E04DA3046BDE8FE8FEC
:10A900003046FBE7802D1ADA01A803F00EFB012880
:10A9100016D03F48C5EBC50100EB81060022F17857
:10A92000B07803F09FFA3061D6F80500504531D079
:10A93000206067B386F80F902E4820F81580ADE0B0
:10A940003448C5EBC50100EB8106C6F81080D6F887
:10A9500005004FF0140B50450CD020F02DFC20606A
:10A960002FB186F80F902C4820F8158096E086F8D5
:10A970000FB0F8E747B186F80F90274820F8158008
:10A98000C4F800800020B9E786F80FB0F5E70A2088
:10A99000F073D1E7C4F800800020AFE7012D0DD09F
:10A9A00001A8FEF71FFB051E0ADA314601A8FEF7D3
:10A9B000C8FD051E04DA3046A0E769E030469DE791
:10A9C000202D6BDA01A803F0B0FA4FF01E0B01281E
:10A9D00032D005EBC50000EB4001074802220E18FB
:10A9E000F178B07803F03EFA3061CFB386F80F907B
:10A9F000054913E0804F036094170360F41A036065
:10AA000000007A44404F0360004F0360540200602E
:10AA1000541E0360542C03608050036021F815809D
:10AA2000D6F8050050452FD048B320604FB386F8C4
:10AA30000F9021F8158031E005EBC50000EB4001D7
:10AA40002B480844C0F81080D0F80510294A514519
:10AA50000AD021602FB180F80F9022F815801DE0F8
:10AA60000AE080F80FB0F8E780F80FB022F8158000
:10AA7000C4F80080002041E786F80FB0B8E7002056
:10AA80003CE786F80FB0D4E7C4F80080002035E733
:10AA900069464846FFF76CF80098206001202DE7D2
:10AAA0003EB50024144DC4EBC40000EB800015F843
:10AAB000101000291AD005EB4000C17A8DF804105F
:10AAC000817A8DF80510017A8DF80610407A8DF89C
:10AAD000070000208DF8080001231A46694601A8E6
:10AAE000FFF7D7FE641CE4B2F02CDCD33EBD0000BF
:10AAF000F41A0360404F0360E1940260FB49C87898
:10AB0000002807D00879421E0A7101D3002070473F
:10AB10000020C8700120704770B5CCB00446F448DE
:10AB200000798DF80400A07801AE5E2802D0C2281A
:10AB30000DD032E003208DF80500B4F80500000ABE
:10AB40008DF8080060798DF80900062525E0208839
:10AB5000C01F022816DD10208DF80500B4F805008E
:10AB6000000A8DF8080060798DF809002078C01F70
:10AB70008DF80A002288DF49D21FF01D24F002FC64
:10AB800025880AE006208DF80500DA4801788DF85E
:10AB9000081040788DF80900062520798DF8060008
:10ABA000E0788DF80700E9B201A809F046FD010A36
:10ABB00071557119487001A904200AF032FE4CB099
:10ABC00070BD2DE9F05F05460E464FF000080027E6
:10ABD000DFF824A3DFF824B307EB870000EB47106E
:10ABE00000EB0B09B9F9230020F0E7FA00283BDD60
:10ABF000002433E007EB4700C0EBC7100AEB00105E
:10AC0000015D9E2928D120448178427901F01F01FD
:10AC100002F060021144042C1ED910F8012C9D2A68
:10AC20001AD010F8022C9D2A16D010F8032C9D2A59
:10AC300012D010F8042C9D2A0ED0032906D0A1F1C1
:10AC40001802072A02D92139032905D8C178A94257
:10AC500002D1C6704FF00108641CA4B2B9F92300F8
:10AC600020F0ABFAA042C5DC7F1CFFB2102FB3D39B
:10AC70000022A34C002002EB820101EBC20104EB95
:10AC8000C10300EB80011944CF7AAF4206D1CE72E6
:10AC90000F7BAF4200D10E734FF00108401C80B211
:10ACA0000E28EED3521CD2B20C2AE3D30020954AD0
:10ACB000C0EBC00101EB810102EB41010B7AAB4219
:10ACC00006D10E724B7AAB4200D14E724FF00108A2
:10ACD000401CC0B2F028EBD3B8F1000F06D08A496F
:10ACE0000120C873BDE8F05F03F0B9BDBDE8F09F77
:10ACF0002DE9F05F05460E464FF000080027DFF80B
:10AD0000F8A1DFF8F8B107EB870000EB471000EB84
:10AD10000B09B9F9230020F050FA00283BDD00248C
:10AD200033E007EB4700C0EBC7100AEB0010015DF2
:10AD30009E2928D120448178427901F01F0102F038
:10AD400060021144042C1ED910F8012C9D2A1AD03F
:10AD500010F8022C9D2A16D010F8032C9D2A12D030
:10AD600010F8042C9D2A0ED0032906D0A1F1180258
:10AD7000072A02D92139032905D8C178A94202D16D
:10AD8000C6704FF00108641CA4B2B9F9230020F08A
:10AD900014FAA042C5DC7F1CFFB2102FB3D30022EF
:10ADA000574C002002EB820101EBC20104EBC1030E
:10ADB00000EB80011944CF7AAF4206D1CE720F7BEF
:10ADC000AF4200D10E734FF00108401C80B20E2834
:10ADD000EED3521CD2B20C2AE3D30020494AC0EB76
:10ADE000C00101EB810102EB41010B7AAB4206D1BC
:10ADF0000E724B7AAB4200D14E724FF00108401CEC
:10AE0000C0B2F028EBD3B8F1000F06D03E490120C4
:10AE1000C873BDE8F05F03F022BD67E710B50022FC
:10AE20003A4B324C02280DD0032810D0042813D0FE
:10AE300001280BD11A702F480C38427A642A10D29C
:10AE4000162011E01A7004200870A08910BD1A7035
:10AE500005200870A08910BD1A7006200870A0890E
:10AE600010BD00780A30C0B203220A7010BD30B4A1
:10AE70000A46072A54D3817A1C4C122932D0A17970
:10AE800000294DD1111DA181214B41791970214912
:10AE900003780B700C234B701F4B1B881D0A8D70A1
:10AEA000CB7006230B71124BDD7B4D711D7C8D71B8
:10AEB0005D7CCD719B7C0B72BA234B72C0238B726D
:10AEC0001649096821610121617110490B78002B35
:10AED00026D102230B70C11D0E48D21F30BC0B308F
:10AEE00024F050BA0A21A171CCE700003C020060B6
:10AEF0007EEB0360D64D026072CE0160D66C0260BC
:10AF000094860260E194026070540360AE070060B2
:10AF100086070060C4B104607E03006030000060FA
:10AF200030BC70472DE9F0411446FC4B81221A7069
:10AF30000A225A70A51E2A0A9A70DD700A781A71C0
:10AF400008225A718A789A71CA78DA7101221A72C3
:10AF50005872A4F10C020C3103F10A0024F012FA29
:10AF6000EF4E3078092811D240F22D114843ED4FB1
:10AF7000A21E07EB4000E94924F004FA307840F2C1
:10AF80002D11484307EB4000A0F8585230780A28AA
:10AF900003D2401C3070BDE8F08100203070FAE729
:10AFA00030B54FF0FF35002804D00021DF4ADE4BDA
:10AFB00012780CE0284630BDC1EBC10403EB8404D9
:10AFC000647E844201D148B230BD491CC9B291426D
:10AFD000F2D3284630BD30B54FF0FF35002804D0FD
:10AFE0000021D44AD24B14780DE0284630BD01EB45
:10AFF000C10202EB42021A44527E824201D148B29F
:10B0000030BD491CC9B2A142F1D3284630BD30B58C
:10B010004FF0FF35002804D00021C84AC64B1478F1
:10B020000DE0284630BD01EBC10202EB42021A449A
:10B03000527E824201D148B230BD491CC9B2A14200
:10B04000F1D3284630BD2DE9FF5F04468A4601272B
:10B0500000264FF0020B4FF0AC0804F10B05002A5C
:10B0600043D0012A3FD194F801A05046FFF7B3FF27
:10B070008146B9F1FF3F6ED0B1480770E07A4428AD
:10B080006AD0912869D0617B5E292CD1217CB0EBFC
:10B09000410F0FD1607DA17C227D00EB0160E17C3E
:10B0A000090401EB0221084424F061FCA54924F0C5
:10B0B0009CFB0390A349039824F065FB24F07AFCE1
:10B0C000CDE901B6009009EBC900994900EB4000B9
:10B0D0000A5C0844521C4178D3B2491ECAB2C178F6
:10B0E0008078FEF7AEF8BDE8FF9FDFF85C9299F834
:10B0F0000500012802D0022832D08AE08748812149
:10B1000001700A2141700AF10605290A8170C57093
:10B110000771467152462146801D24F033F9804C58
:10B120002078092811D240F22D1148437D4F2A463C
:10B1300007EB4000794924F025F9207840F22D11E1
:10B14000484307EB4000A0F8585220780A2805D25F
:10B15000401C20705DE06CE05EE065E0267058E029
:10B160007A4960780978884253D179480770A07885
:10B17000122805D0E07A442822D0912828D02BE04C
:10B1800020792044017B5E2943D1817AC27BB1EBD7
:10B19000420F3ED1817C027D037E01EB0221827D44
:10B1A000120402EB03628B186A492B22097851437F
:10B1B000694A1144C1F8053090F82000887228E0EF
:10B1C00084F80B8003AA0A2128461CF040F903E00A
:10B1D000207B24F0CCFB03905A49039824F0D3FA47
:10B1E00024F0E8FBCDE901B600905C480078C0EBA4
:10B1F000C0014D4800EB8100B0F81720417D02F4FA
:10B200007F4301EBD301D3B2C9B2007D0022FDF729
:10B2100063FF89F8056066E784F80B8003AA0A21BA
:10B2200028461CF014F945E7207B24F0A0FB03908E
:10B2300040E74B4800785045EDD1E07A4428EAD108
:10B2400084F80B8003AA0A2128461CF000F945481F
:10B250000770039824F0C7FB4349087043E730B5F3
:10B26000ADF5197D04460D46D4F8060097AA98A9B5
:10B270001BF09CFA9DF86012062903D000200DF502
:10B28000197D30BDD4F8061001AA084497991BF027
:10B2900002FD9DF80A006328F1D19DF80C10297079
:10B2A000EDE710B50021314B2B4A1B780CE02B2425
:10B2B00004FB01242468844204D12B2000FB0120DC
:10B2C000007910BD491CC9B29942F0D3002010BDCD
:10B2D00010B50020264A254B1F49B2F807201B78DD
:10B2E0000CE02B2404FB00142468A24204D12B227E
:10B2F00000FB0210007910BD401CC0B29842F0D390
:10B30000002010BD0346012839D0022B32D0032B78
:10B3100039D141F69C7000EB410034E0724B026081
:10B320005801006082470160541E036057020060AC
:10B330009417036055020060F41A0360560200601F
:10B34000F102006000007A443C02006038030060B3
:10B350003903006033030060543A03603203006035
:10B36000F4020060F2020060F30200605902006023
:10B37000CA4D026041F63C5000EB410003E041F64B
:10B38000BC3000EB41000221117070472DE9FF4FE6
:10B39000ADF51D7D8246AA9FAB9C934699462246F9
:10B3A0004946584602F05EFD05464FF0FF367DB136
:10B3B00000200DF1140814B1022C28D008E0FE4939
:10B3C00091F82A20092A08D091F82810092904D0D8
:10B3D00030460DF5217DBDE8F08FF8498A790AB134
:10B3E0003046F6E702224A71F54A04211170F54908
:10B3F00081F80090CDE90080CDE9027655230494D0
:10B40000514628469E9A1FF0F2F80120E1E7EE4AE5
:10B41000012111708146ED4880F80090EC495846B2
:10B4200002F0EAFCEB4905200870CDE902765523CD
:10B43000CDE900890494514628469E9A1FF0D7F81A
:10B44000C7E7F0B5ADF53F7D07460E4615463421FA
:10B45000B2A823F0B0FF3421A5A823F0ACFF00244C
:10B46000A4944FF418710CA823F0A5FF0894099434
:10B470000A940B94142101A823F09DFFD648C5809F
:10B4800086804FF48270ADF820000120CDF82200B4
:10B490000720ADF818005E208DF81A00ADF81B608B
:10B4A000ADF81D50C54804810CAA06A906201AF063
:10B4B000B2FF0CA9A5A81AF097FCA5A9CDF82610F3
:10B4C000CDF82A0001AAA4A9384619F0E2FA38B149
:10B4D000022208A901A81EF01DFB0DF53F7DF0BD5D
:10B4E0006FF00600F9E72DE9F04F87B00446109D94
:10B4F0008A4693461F46FF262A463946584602F09A
:10B50000B1FC80465FEA08004FF0FF3105D04FF0F4
:10B510000209002225B1022D19D0084607B05AE7CA
:10B52000A64883790BB10846F8E780F80590A4494E
:10B5300003200870A3480770CDE900255523524623
:10B54000214640461EF0B7FFA4490870E6E79E4931
:10B55000012008709D48174602709D49584602F028
:10B560004BFC9C4905200870032C10D0022C0ED0F7
:10B57000012C0CD01C2C1BD01D2C23D01E2C2BD00E
:10B580001F2C33D0162C3BD0152C43D04BE00AF0A7
:10B59000FF0101AA2046FFF7B5FE014602ABCDF838
:10B5A00000909DF804204046FFF74BFFC6B23AE0FA
:10B5B000CDE9007555235246022140461EF07BFF1F
:10B5C000064630E0CDE9007555235246002140463D
:10B5D0001EF071FF064626E0CDE900755523524660
:10B5E000012140461EF067FF06461CE0CDE90075CC
:10B5F00055235246042140461EF05DFF064612E0E8
:10B60000CDE9007555235246052140461EF053FFF3
:10B61000064608E0CDE90075552352460321404611
:10B620001EF049FF0646304678E72DE9F843054607
:10B630000E461446002000210091002E0AD0002C56
:10B6400008D028466A461BF009FC4FF0FF38002856
:10B6500002DA4046BDE8F883074600982080E819E2
:10B660006A4601211BF0FAFB002801DA4046F1E7A7
:10B6700007440098C4F80200E81902211BF040F9C1
:10B6800040B17F1CE81944F8060FF01B401E6060B3
:10B690003046DFE74046DDE72DE9F04186B016464B
:10B6A000DDF830801F4602AAFFF7BFFF01A902A8FC
:10B6B000FFF7D5FDC5B2DDF81200404C08B90120F6
:10B6C000A070DDF81200B0F5FA7F39DADDF812204B
:10B6D000DDF80E10424823F055FEBDF812006081DF
:10B6E000632D06D0424639463046FFF7ACFC06B023
:10B6F00051E4B0F81510008801EB0045384C0934CE
:10B700006946284602F0D4FB401CF0D09DF80000AA
:10B710002B2148433349227B08444272617B81726A
:10B72000217A627AE37A01EB0221A27A120402EB17
:10B7300003621144C0F80510A17B01710560D6E7D2
:10B7400000206081D3E72DE9FF41ADF55A7D064623
:10B75000884614463421C0A823F02DFE3421B3A816
:10B7600023F029FE0025B2954FF418711AA823F092
:10B7700022FE1695179518951995142104A823F003
:10B780001AFE0CB1802C04D96FF003000DF55E7D1C
:10B7900005E43421CDA823F00EFE4FF48270ADF8FD
:10B7A00058000127CDF85A7004480721417001EB79
:10B7B0004401ADF8081017E07EEB03603C02006026
:10B7C000AE07006086070060ED020060F6020060D0
:10B7D0001E030060EF020060024F02603803006049
:10B7E000724B0260543A0360C2218DF80A10ADF822
:10B7F0000B80ADF80D404FF6FF7101EA4401018165
:10B8000002980990BDF80C00ADF828009DF80E00D4
:10B810008DF82A0064002246DDA9CDA823F0B2FDF0
:10B820009DF837038DF804009DF836038DF8050068
:10B830009DF835038DF806009DF834038DF8070058
:10B840000198CD902246CDA90DF12B0023F09AFD51
:10B850001AAA09A906201AF0DEFD1AA9B3A81AF03F
:10B86000C3FAB3A9CDF85E10CDF86200FE480770A8
:10B87000FE480570FE490520087004AAB2A93046AA
:10B8800019F007F928B1022216A904A81EF042F9FE
:10B890007CE76FF0010079E72DE9F043ADF2DC6D54
:10B8A00004460F460026CDF8C466CDF8C866CDF82C
:10B8B000CC66CDF8D0664FF418710DF2644023F0D9
:10B8C0007AFD4FF4167183A823F075FD00259420AE
:10B8D000ADF8C4064FF00108CDF8C6862078C22125
:10B8E0004FF00709102802D003281FD020E0BF1E08
:10B8F000ADF8D4768DF8D616A0788DF8D706E07816
:10B900008DF8D806ADF8D986DDF8D4060190BDF8DB
:10B91000D806ADF808009DF8DA068DF80A00A2797D
:10B92000E11D0DF10B0023F02DFD3AE0082F02D0B0
:10B93000062819D035E0ADF8D4965E208DF8D606ED
:10B94000A0788DF8D706E0788DF8D806ADF8D986BE
:10B95000DDF8D4060190BDF8D806ADF808009DF8D2
:10B96000DA068DF80A001CE0082F1AD10920ADF87C
:10B97000D4068DF8D616A0788DF8D706E0788DF825
:10B98000D806ADF8D986DDF8D4060190BDF8D80602
:10B99000ADF808009DF8DA068DF80A00A088ADF829
:10B9A0000B00B44F87F80190BDF8D40638810DF232
:10B9B000644201A906201AF02EFD0DF2644183A80D
:10B9C0001AF012FA83A9CDF8CA16CDF8CE068DF872
:10B9D000F88120788DF8F901ADF800628DF80262E7
:10B9E0007EA84119CE726D1C072DFADBB87928B1FB
:10B9F0004FF0FF300DF2DC6DBDE8F083022078716E
:10BA00009D49032008709D492078087000220DF29E
:10BA1000C4617EA81EF07EF8ECE770B505461646B8
:10BA20000020002D23D03288284600211BF041FA47
:10BA30000446D6F80220281901211BF03AFA0146E3
:10BA40000C44281902211AF052FE0444002105E09A
:10BA5000D6F80600405C2855641C491CD6F80A003C
:10BA60008842F5DC281902211AF054FE204470BDEA
:10BA700010B50A460021002809D0102101700421C8
:10BA8000417040F25621801CFFF7C7FF811C084619
:10BA900010BD70B515460022541E002803D006784C
:10BAA0001EB1204670BD204670BD86782E70C578C8
:10BAB000122D01D0204670BD042905D9091F001D93
:10BAC0001A46FFF7B2FD0246104670BD2DE9FF4F42
:10BAD000ADF20C5D0E4699464FF418742146ABA8A2
:10BAE00023F069FC214613A823F065FC4FF0000801
:10BAF000CDF83C80CDF84080CDF84480CDF848802A
:10BB0000CDF82C80CDF83080CDF83480CDF8388059
:10BB10000024002008905A4DB9F1A00F20D20BABA1
:10BB2000544A3146DDF80C05FFF7B3FFDDF832006B
:10BB300004AA05A91AF03AFE9DF81410062906D1A8
:10BB4000DDF832102A46084404991BF0A4F8BDF829
:10BB50002C00ADF83C00DDF82E00CDF83E000FE0E3
:10BB6000DDF80C05C179007A01EB002240F2522089
:10BB7000824277D8DDF80C15281DC91D23F002FC80
:10BB80003F488579DFF8FCB0DFF8E8A02846162D9D
:10BB900021D0172D1FD05F2D1DD0C32D1BD03849AC
:10BBA0000A794B7902EB0322ADF824208DF82600A8
:10BBB000CA798DF827200A7A8DF828204A7A897A5E
:10BBC00001F0010302EB0322ADF8292074285BD0B9
:10BBD000102859D05AE01A218AF801100146DBF8E2
:10BBE0000000274E8170F179C170317A017106F140
:10BBF0000902116840F8051F53684360926882602B
:10BC000008461FF0D9FA0146DBF8000040F8051F8E
:10BC100080681FF0D1FA0146DBF80000093041606E
:10BC200000681FF0C9FA0146DBF800000A3040F84E
:10BC3000011C717DC171B17EF27E737F01EB022127
:10BC4000327F120402EB03621144C160B17DF27DC8
:10BC5000737E01EB0221327E120402EB0362114477
:10BC6000816016E0F9E30000ED020060F60200607A
:10BC7000EF0200603C020060AE07006086070060D3
:10BC80002A5202607C0200604808079007208AF868
:10BC90000100F74E0127642D7BD9AAF80880B9F17D
:10BCA000A00F05D30E22F348DDF80C1523F06AFB34
:10BCB000F1487A2D13D0792D02D0C62D00D007700F
:10BCC000A5F16500DFF8B4B3182803DA0BEB050122
:10BCD00001F8657C8A2D05D0742D06D007E002217D
:10BCE0000170C4E18BF8177001E08BF80670862DA7
:10BCF00001D18BF81670BF2D01D18BF813708D2DEB
:10BD000001D18BF81870792D77D00CDC122824D251
:10BD1000DFE800F0322440B24D5B662323BECC2323
:10BD2000FEF5F4758AA18F2D68D00ADCA5F1860096
:10BD30000928ECD2DFE800F0E911E8E7E611D68443
:10BD4000E500A5F1BF000A28E1D2DFE800F0BD065A
:10BD5000060506F1F0DF06EFC94C66E19DF8280004
:10BD60004028FAD89DF82700C0EBC00101EB001174
:10BD7000C44800EB410458E19DF828004028ECD865
:10BD80009DF82700C049C0EB001000EB40004418AC
:10BD90004BE18AE39DF828008028DED89DF8270033
:10BDA000C0EBC00101EB4010B84944183DE19DF8DB
:10BDB00028000828D1D89DF82700B549C0EBC0005D
:10BDC00000EB400001EB40042FE19DF8280004281F
:10BDD00005D89DF82700AF4900EB4010441824E136
:10BDE0009DF82800102807D89DF8270000EB800157
:10BDF00001EB4011A8480C1817E13AE012E19DF858
:10BE0000280010280FD89DF8270000EB4001C1EB57
:10BE1000C010A24901EB0011079800EBC00202EB31
:10BE2000001001EB001400E19DF82800082806D856
:10BE30009DF8270000EBC001994800EB0114F4E0E5
:10BE40009DF82800082805D89DF8270000EBC000C1
:10BE500006EBC004E9E09DF82800042808D89DF806
:10BE60002700C0EBC00101EB00118E4800EB41043C
:10BE7000DBE08A4C0A3CD8E09DF82800102806D860
:10BE80009DF827008849C0EBC00001EB8004CCE09E
:10BE90009DF828000C2808D89DF8270000EB8001A9
:10BEA00001EBC001814800EBC104BEE09DF8280011
:10BEB000102808D89DF82700C0EBC00101EB001145
:10BEC0007B4800EB4104B0E09DF82800F02808D83A
:10BED0009DF827007749C0EBC00000EB800001EB24
:10BEE0004004A2E09DF82800802806D89DF827008D
:10BEF000C0EBC001704800EB810496E02FE018E031
:10BF000006E083E041E03EE039E01FE06B4C8CE06E
:10BF10009DF82800102808D89DF8270000EB001095
:10BF200000EB4001664800EB41047EE036E024E08F
:10BF300021E09DF82800082877D89DF8270000EB1D
:10BF4000C00101EB00115F480C186EE09DF827005E
:10BF5000C0EB0010C0EBC0015B480C1865E09DF819
:10BF60002800082861D89DF8270000EB40015748B9
:10BF700000EB011459E0564C57E0564C55E08BF855
:10BF80001970554C51E0554C4FE09DF82700C0EB1F
:10BF9000C00101EB401152480C1846E000269AF807
:10BFA000010081194F4808440079012816D14E48F4
:10BFB00040F82680F10716D0002106F16B0015F03D
:10BFC000D2FC494810F8261006F16C0015F0CBFCA5
:10BFD000B32000EB5600002115F0C5FC761CF6B22C
:10BFE000182EDCD321E0002106F1540015F0BBFC33
:10BFF0003D4810F8261006F1550015F0B4FCB320AA
:10C0000000EB5600002115F0AEFCE7E78BF8197045
:10C010009DF82700C0EBC00101EB0011334800EB95
:10C02000C10402E08BF80470314C002C1FD00120B9
:10C030000890C22D5ED09DF828009DF82710BDF80D
:10C040002920411A9AF80100491C02FB0102BDF89F
:10C0500024108A420BD1652D06D00A1A21490144C9
:10C06000091D204623F08EF9672D52D053E019E1C7
:10C0700051DC026010CC0160BE03006070540360AC
:10C08000D64D02601DBD0460DDC80460266F0260ED
:10C0900081D6026091DE0260D66C026072CE0160D1
:10C0A000D1D7026015DF02607A8402609486026054
:10C0B00001920260E1940260542C0360E25E02602F
:10C0C0004E6202608E6A026010BB0460566B0260B2
:10C0D000BA5B0260565B0260F25A0260EE58026080
:10C0E000CDDF02602A520260446F0160204B036082
:10C0F00054900260BDF824109AF801000A1AFE4913
:10C100000144091D204623F03DF909A8FEF704FD6E
:10C11000C8E0F7F733FB692D01D1F9F73FF9752D29
:10C1200014D100209DF82720F449521C01EBC003D4
:10C130001B79934206D101F8307001EBC00080F802
:10C14000078003E0401CC0B26428EFD36A2D01D100
:10C15000F9F724F9662D39D19DF827009DF82810AC
:10C16000884208D1C0EBC00101EB0011E44800EBAC
:10C17000410004F0AFFF9DF8276021E0C6EBC60048
:10C1800000EB0611DE4800EB410090F82710012972
:10C1900014D190F82D10192903D00F2901D01D2991
:10C1A0000CD1D0F81E001FF007F838B9D54840F878
:10C1B0002680D54840F82680D4488755761CF6B2AC
:10C1C0009DF82800B042D9D2F7F782FA652D38D110
:10C1D000CF480068F0F740F8CE4E3068F0F73CF8F2
:10C1E000BDF824109AF801000A1AC3490144091D38
:10C1F000204623F0C7F89DF8274015E0002120468F
:10C20000F9F7F4FBF9F79CFBC3480078844209D2A4
:10C21000C4EB041000EB4001C04801220844214651
:10C2200004F0ADFE641CE4B29DF82800A042E5D203
:10C230003068F0F755F8B6480068F0F751F8F7F7AE
:10C2400072FA892D01D104F09DFD8A2D17D19DF838
:10C250002700B34AC0EBC00101EB4014B149135CA5
:10C26000214449788B4208D01154A44901F8307018
:10C2700001EBC00181F807808F7005F027F8742D5D
:10C2800011D06E2D6FD0A84E792D6DD0C62D6CD0EB
:10C29000712D6BD0BF2D6AD08C2D69D0C42D01D0EB
:10C2A000C52D66D0FDE38AF8037005208AF80400E6
:10C2B0009DF8270000EB4001C1EBC0119B4800EB4B
:10C2C00001100178407801EB002000B21EF075FFEC
:10C2D00081B29DF82700964E00EB800202EB4010E1
:10C2E0003044C183F1B3B0F91E001EF066FF4FF475
:10C2F000C87190FBF1F0401C484300B21EF05DFF96
:10C3000001469DF8270000EB800202EB401030440C
:10C31000A0F82310BDF824009AF80110411A0798DC
:10C3200000EBC00202EB001001EB0010B0F5FA6F59
:10C3300008DD9DF8270000EB800101EB4010304440
:10C34000A0F823807B4FA7F80080002442F2D87821
:10C3500004EB840000EB44103044B0F923001EF0DD
:10C360002CFF07E013E015E019E035E03AE049E082
:10C3700074E081E03988084480B23880404501D3B8
:10C38000A7F80080641CE4B2102CE1D3CDE3A0F840
:10C390002380BFE79DF82700FCF7BCFCC5E363489A
:10C3A0000A3800681EF008FF0123634A6349F4F766
:10C3B0002CFC86F8EF80604801784278CDE90118BE
:10C3C00000928378C27841798079EFF703F9EFF72B
:10C3D000F8F8F4F72DFEA8E38BF81870524808F02F
:10C3E00027FAA2E39DF828109DF82700091A00EB10
:10C3F000001000EB40025248491C00EB4200F8F7E5
:10C40000E7FD92E39DF827404E4F1FE0F02C1BD232
:10C41000C4EBC40000EB800007EB4000C17A8DF84C
:10C420000810817A8DF80910017A8DF80A10407A87
:10C430008DF80B0096F832008DF80C0001231A4697
:10C4400001A902A8FEF725FA641CE4B29DF82800B1
:10C45000A042DBD8F9F72AFA67E395E39DF82700B5
:10C460000097C0EBC0013848012300EB8100411D5B
:10C470000022FDF7D1FE58E334480078112885D119
:10C480000020334A3349344B344C354E42F8208037
:10C4900041F8208023F8108024F8108026F81080BE
:10C4A000401CC0B20328F1D33FE31348807916281B
:10C4B00065D0172863D05F2D61D09DF826105E29C6
:10C4C00074D09DF828009DF82720801ABDF82920F7
:10C4D000401C5043AAF80800BAF80820B2F5FA7FC9
:10C4E00071D82048130A4370027081709DF827208C
:10C4F000C2709DF8282037E02A5202609DDA03605E
:10C500001DBD0460E4EB036054F4036004FB0360AE
:10C510000403006040040060D6020060DDC80460CF
:10C520007F060360CDDF0260E25E026072CE0160D2
:10C53000D66C026066020060E0170060065F016072
:10C540004E620260E1940260542C0360565B02600C
:10C550004CBD036040BD03600C030060120300602B
:10C560001803006010CC01600271BDF829204271EF
:10C57000120A8271102922D0742920D023E0DBF81E
:10C580000000FD4982788A70C278CA7002790A7107
:10C59000D0F80520C1F80520D0F80920C1F80920FD
:10C5A000D0F80D00C1F80D000DE0FFE7BDF829003F
:10C5B0004FF6FF7202EA4000AAF808008CE70799DC
:10C5C00042EA41018171152D79D00DDC132D34D251
:10C5D000DFE805F03334414FD75C6A783333FBF939
:10C5E00033F8F7F68AA3AF002A2D69D010DC252D89
:10C5F00067D006DC162D72D0222D71D0242D1CD1CF
:10C600004DE1262D6DD0282D6CD0292DF7D19EE03F
:10C61000602D68D006DC2B2D7BD05B2D7AD05E2D73
:10C62000EDD106E0612D76D0622D75D0632DE6D177
:10C630002AE109A8FEF770FAD04C49E29DF82800DB
:10C640004028FAD89DF82700CD49C0EB001000EB38
:10C65000400044183CE29DF82800402808D89DF886
:10C660002700C0EBC00101EB0011C64800EB4104FC
:10C670002EE29DF82800802807D89DF82700C0EBFF
:10C68000C00101EB4010C049441821E29DF8280088
:10C69000082808D89DF82700BC49C0EBC00000EB73
:10C6A000400001EB400413E29DF82800042805D85F
:10C6B0009DF82700B64900EB4010441808E251E00D
:10C6C000FBE1EEE09DF82800102807D89DF8270030
:10C6D00000EB800101EB4011AE480C18F8E1AAE034
:10C6E00000E1E0E09BE0A2E19DF8280010280FD8CF
:10C6F0009DF8270000EB4001C1EBC010A64901EBFB
:10C700000011079800EBC00202EB001001EB0014CF
:10C71000DEE1DCE175E0FAE0BDE09DF828000828E4
:10C7200006D89DF8270000EBC0019C4800EB0114DF
:10C73000CEE19DF82800042808D89DF82700C0EB1A
:10C74000C00101EB0011964800EB4104C0E19DF8E7
:10C750002800082805D89DF8270000EBC00006EB4C
:10C76000C004B5E101F069F91EF026FD8A490A39D5
:10C7700008608C48007808718B48007848710C4636
:10C78000A6E19DF82800102819D89DF82700DFF8A9
:10C790001C82C0EBC00008EB80040026C6EBC6007C
:10C7A00008EB8007F91C3846FDF7E2F907F10E01A6
:10C7B000C81EFDF7DDF9761CF6B2102EEED387E128
:10C7C00099E082E073E00EE0FFE79DF828000C2876
:10C7D00008D89DF8270000EB800101EBC0017448E8
:10C7E00000EBC10474E19DF82800102808D89DF8DA
:10C7F0002700C0EBC00101EB00116E4800EB4104C3
:10C8000066E19DF82800F02808D89DF827006A49BD
:10C81000C0EBC00000EB800001EB400458E19DF844
:10C820002800802806D89DF82700644900EB800086
:10C8300001EB80044CE1DBF80000FBF7D3FF06902E
:10C840004FF4C870AAF80800DBF800404A481234D8
:10C8500021798175A188090AC1756168090C017681
:10C860006168090E4176217881742188090AC174B2
:10C870002168090C01752168090E417514F8011C25
:10C88000123C41741A3423E100F0F4FE4C4880F865
:10C89000149004461CE100F0EDFE4A4C18E14A4CAD
:10C8A00016E14A4C14E104F034FC494C10E19DF8C7
:10C8B0002800102808D89DF8270000EB001000EB96
:10C8C0004001444800EB410402E19DF8280008289B
:10C8D00007D89DF8270000EBC00101EB00113E488E
:10C8E0000C18F5E09DF82700C0EB0010C0EBC0016C
:10C8F0003A480C18ECE09DF82800082806D89DF866
:10C90000270000EB4001364800EB0114E0E0002076
:10C910000021364A334CDFF8D0E092F800B023E033
:10C92000C1EBC10213199E79DC2E0DD2A35CDFF896
:10C93000C0C00CEBD30C03F007039CF800C007FA4F
:10C9400003F31CEA030F0DD0232E0BD0A35C00EBE6
:10C9500040020EEB42029370C2F8038082F801801D
:10C96000401CC0B2491CC9B25945D9D30021224A42
:10C97000204E147855E0000010CC0160D64D0260C6
:10C98000DDC804601DBD0460266F026081D60260B0
:10C9900091DE0260D66C026072CE0160D1D7026077
:10C9A00015DF02607C0300604C0300607A84026043
:10C9B0009486026001920260E194026010C20160FC
:10C9C000CB5E0260E25E0260F25A0260EE580260E4
:10C9D000CDDF02604E6202608E6A026010BB0460AE
:10C9E000566B026046D003604A5D0260D40200606C
:10C9F0007ED90360543A0360590200602B2201FB88
:10CA000002639A7C5AB900EB40020EEB4202577067
:10CA100082F802801B68C2F80330401CC0B2491C77
:10CA2000C9B2A142EAD38EF80000FD4C50E00024C8
:10CA3000FC4EFD4F56F824001EF0BEFB07EB8401B0
:10CA4000C1F80200641CE4B2182CF3D36FF0AA0002
:10CA50001EF0B3FB3880552087F892000024DFF8E1
:10CA6000CC83DFF8CCB358F824001EF0A5FB07EB0D
:10CA700084069336F0605BF824001EF09DFB306066
:10CA8000EC4830F914001EF098FB07EB440626F83A
:10CA9000AB0FE94830F914001EF08FFBF080E74837
:10CAA00000E042E030F914001EF087FBB081641C06
:10CAB000E4B2032CD7D3DC4C0AE09DF82700C0EB8E
:10CAC000C00101EB0011DE4800EBC10400E0DD4CC9
:10CAD0002CB3B9F1A00F0ED29AF80100BAF80820D1
:10CAE00040F2522183188B424ED2D7490844214646
:10CAF00022F048FC13E00E22D348DDF80C1522F09A
:10CB000041FC9AF80100BAF80820811840F252203E
:10CB1000814239D2CC4821460E3022F033FCABAAF8
:10CB2000C949062019F077FC08907A2D01D0C82D4C
:10CB300001D101200890B9F1A00F33D20898002844
:10CB400022D04FF41671C04822F035FCABA9BE4884
:10CB500019F04AF9BC49CDF84210CDF846000FA9AA
:10CB6000DDF80C05FEF784FF7A2D05D14A460FA9A2
:10CB7000DDF814051CF0A2FF162D09D04A460FA9B6
:10CB8000DDF814051CF09AFF0DF21C5DBDE8F08F76
:10CB900006980128F8D14A460FA9DDF814051CF0C3
:10CBA0008DFFF1E7A9F1A000044607F0BAFD9AF85D
:10CBB00008000E30C1B2A44807F03FFDA24ABAF8FF
:10CBC0000810030A0A449373D0731031E2B289B299
:10CBD0009D4807F04AFDD7E770B500235C1E00288A
:10CBE00004D00578102D03D0204670BD204670BDBE
:10CBF0004578042D01D0204670BD022904D9891E34
:10CC0000801CFEF712FD0346184670BD70B5044641
:10CC10000E4615460020002C0FD020704FF41671E0
:10CC200019F0BCFC6070A6701220E0704FF4157112
:10CC3000201D2A46FEF7F1FE001D70BD2DE9F041D2
:10CC40000446069E90461F460020002C3CD05020F3
:10CC5000207061701220A070E01C002119F047FDC7
:10CC60000546ED1C601941461AF070F9054460193B
:10CC700039461AF06BF905446019002119F04AFD94
:10CC800005443288601901211AF013F90544D6F8D9
:10CC90000220601902211AF00CF9054460190321E1
:10CCA00019F025FD0544002005E0D6F80610095CC2
:10CCB00061556D1C401CD6F80A108142F5DC6019E4
:10CCC000032119F027FD2844BDE8F0812DE9FE433A
:10CCD00004460A9E0F469146984600250020029081
:10CCE00001900090002F66D0002E64D020460021D5
:10CCF00019F006FEB0B3601C01AA02A919F056FD96
:10CD0000451C9DF80800092802D00020BDE8FE83DC
:10CD100060196A4601991AF0F6F80544B9F1000F56
:10CD200002D0009889F80000601901AA02A919F040
:10CD30003DFD05449DF80800092801D00020E5E7E5
:10CD400060196A4601991AF0DEF80544B8F1000F3F
:10CD500002D0009888F800006019002119F0E6FD63
:10CD600058B16D1C60196A4601211AF077F84FF02E
:10CD7000FF38002803DA4046C8E70020C6E705442C
:10CD80000098308060196A4602211AF067F800287E
:10CD900001DA4046BAE705440098C6F80200601977
:10CDA000032119F0ADFD40B16D1C601946F8060F66
:10CDB000781B401E70602846A8E74046A6E770B57D
:10CDC000044616460020002C28D0302020706170C8
:10CDD0001220A0703288E01C00211AF06AF8C51CED
:10CDE000D6F80220601901211AF063F801460D44BB
:10CDF0006019022119F07BFC0544002005E0D6F8FB
:10CE00000610095C61556D1C401CD6F80A10814261
:10CE1000F5DC6019022119F07DFC284470BD00008A
:10CE20004A5D0260446F0160BA5B02604CBD036002
:10CE300040BD03600C030060120300601803006033
:10CE4000204B03605490026010CC0160F0B5FE48A6
:10CE5000002140262D231022082404272E251729DF
:10CE600013D2DFE801F00C131A27313B45BB5C6697
:10CE700075BB7C909A86A6B3BBBBBBBB4F00DFF8EB
:10CE8000CCC3C0F800C003714671A7E0DFF8C0C38F
:10CE9000C0F800C005714671A0E0DFF8B8C3C0F863
:10CEA00000C04FF0270C80F804C04FF0800C80F8D1
:10CEB00005C093E0DFF8A0C3C0F800C04FF01C0C21
:10CEC00080F804C0427189E0DFF890C3C0F800C068
:10CED0004FF02A0C80F804C044717FE0DFF880C373
:10CEE000C0F800C04FF0210C80F804C0477175E015
:10CEF000DFF870C3C0F800C04FF0250C80F804C004
:10CF000042716BE0DFF860C3C0F800C04FF0690CFD
:10CF100080F804C04FF0050C80F805C05EE0DFF833
:10CF20004CC3C0F800C003714FF0020C80F805C07C
:10CF300054E0DFF838C30CF15A0CC0F800C04FF0D1
:10CF4000680C80F804C04FF00C0C80F805C045E078
:10CF5000DFF81CC3C0F800C0057142713EE0DFF885
:10CF600014C3C0F800C04FF0660C80F804C04271D2
:10CF700034E0DFF804C3C0F800C04FF01E0C80F8A6
:10CF800004C042712AE0DFF8F4C2C0F800C04FF0DC
:10CF9000190C80F804C0447120E0DFF8E0C20CF105
:10CFA000C80CC0F800C04FF0300C80F804C04471C9
:10CFB00014E0DFF8CCC2C0F800C04FF0900C80F84D
:10CFC00004C04FF0090C80F805C007E0DFF890C2FC
:10CFD0000CF1840CC0F800C005714771491C09B2FE
:10CFE00008301429FFF63BAFF0BD2DE9FC47A548FA
:10CFF00001250570A4484FF00008C0F80080A34840
:10D00000C0F800804FF43861914822F0D4F990487C
:10D01000009000260527009CC4F81E80761CB2B242
:10D020009BA1204623F088FC04F8227F84F801802D
:10D03000257184F80580A571E57184F8098084F86C
:10D040000A80223CB2B204F1150093A123F074FCD3
:10D05000B6B22E340094402EDDD34FF434617B48B9
:10D0600022F0A9F9794800900024DFF834920427CF
:10D070000098C0F81E8080F8288080F8238099F8F6
:10D08000231001290CD005290AD0022918D006291D
:10D0900016D0042923D0072921D00C292FD03CE019
:10D0A0000C2C04D280F8285080F8238035E0A4F1BD
:10D0B0000C010C2931D280F8287080F823502CE024
:10D0C000062C04D280F8285080F8238025E0A11F88
:10D0D000042922D280F8287080F823501DE0082C03
:10D0E00004D280F8285080F8238016E0A4F10801CB
:10D0F000062912D280F8287080F823500DE0052C04
:10D1000004D880F8285080F8238006E0A11F052964
:10D1100003D280F8287080F82350641CA2B206461F
:10D1200060A123F009FCA2B206F115005DA123F075
:10D1300003FC86F82280A4B206F12D000090402C5A
:10D1400096D34FF4E071444822F035F942480090FC
:10D15000002000994D75401C80B21C3100911028B0
:10D16000F7D34FF414713F4822F025F93D48009061
:10D170000021009880F8205080F82180A0F81E80BF
:10D18000491C89B2253000901029F2D3474EA6F8E9
:10D1900016804FF4FA41464822F00DF90021444B25
:10D1A0004FF4FA64002001EB4102C2EBC11203EB21
:10D1B000021202F80080401C80B2A042F9D3491C40
:10D1C00089B21029EED34FF49C51224822F0F3F893
:10D1D00020480090002102220098C0F81E8080F8AC
:10D1E000228080F8235080F8252080F82680491C72
:10D1F00089B2273000908029EED34FF438711C4853
:10D2000022F0D9F844F2A0112A4822F0D4F8A6F866
:10D210001280A6F81480164800900020009981F82A
:10D220002980401C80B22E3100911028F6D3C021F5
:10D23000214822F0C0F811484FF4C071C83022F0E4
:10D24000BAF840F20D2139E0625A0260DDC804608C
:10D250001DBD0460266F02607A84026081D6026080
:10D2600091DE0260D66C026010BB04603A860260F8
:10D27000019202604E620260AE6802608E6A0260D5
:10D28000D1D7026018020060200200602402006012
:10D29000494E202564000000494E2564000000002E
:10D2A0007EEB03604F55542564000000500200607F
:10D2B00072CE0160E19402602A6E0160FE4822F0A5
:10D2C0007AF84FF42061FD4822F075F84FF4587455
:10D2D0002146FB4822F06FF8F948009086F8068056
:10D2E00000204FF05535009AC2F8055082F80B80A7
:10D2F000401C80B21B3200922028F4D32146F14812
:10D3000022F059F8EF48009086F805800020009937
:10D31000C1F8055081F80B80401C80B21B31009190
:10D320002028F4D30024E84FC4EBC40007EB8009A5
:10D330001C21484622F03FF8C9F8055089F80B80B7
:10D34000641CA4B2802CEFD386F80780DF4880F8F5
:10D3500000800024DFF87893C4EBC40009EB800759
:10D360001C21384622F027F8C7F8055087F80B80B3
:10D37000641CA4B2802CEFD386F80880D54880F8CE
:10D3800000804FF4A871D44822F015F8D2480090DC
:10D390000020009981F81E8081F81F80401C80B217
:10D3A0002A3100910828F4D34FF490642146CB48E9
:10D3B00022F001F8FF222146C94821F0F5FF84211F
:10D3C000C84821F0F8FF0020009981F81E8081F8FC
:10D3D0001F80401C80B2213100910428F4D3C14841
:10D3E000B821843021F0E7FF42F2B261BE4821F05B
:10D3F000E2FFFE21BD4821F0DEFF4FF48051BC4822
:10D4000021F0D9FF0021BA4CBA4ABB4F0A250020AF
:10D4100004EB811343F82020401C80B21028F9D37C
:10D420007D54491C89B24029F1D35A21B34821F0D7
:10D43000C2FFC821B24821F0BEFFB0484FF49C643F
:10D4400021465A3021F0B7FF2146AE4821F0B3FF04
:10D4500042F62031AC4821F0AEFF4FF4C871AB4822
:10D4600021F0A9FF4FF41651A94821F0A4FFA348C9
:10D470005A30009000200F22009981F85E20401C55
:10D4800080B2683100910C28F6D3A248F0624FF4C4
:10D49000EE7121F090FF86F8028086F80180A6F8F0
:10D4A00010804FF4CC619C4821F085FF9A48009091
:10D4B0000021009880F8078080F80A80A0F8558045
:10D4C000491C89B2663000901029F2D34FF4F071F4
:10D4D000924821F070FF92481F2101701C22427077
:10D4E00081701E22C270017142718171C17102721C
:10D4F00041728272C17201A90D2014F025FA0DF15A
:10D5000005010C2014F020FA9DF804009DF8051088
:10D5100000EB0120834908804FF47A742246802171
:10D52000814821F041FF804822468021803021F04F
:10D530003BFF80217D4821F03EFF7C4880218030E8
:10D5400021F039FFFFF782FC40F28111784821F089
:10D5500032FF5C481421143821F02DFF60217548FA
:10D5600021F029FF744C45F2FF5020806021A01C5F
:10D5700021F021FF552084F8920004F11E00C0F82C
:10D580007580C0F87980C0F87D808030C0F8018057
:10D59000C0F80580C0F80980C0F80D80A0F811809F
:10D5A000C0F81380A0F81780C0F81980A0F81D807B
:10D5B000A0F5817080F800800A220021A0F27E4050
:10D5C00021F0E0FE41F2CC015C4821F0F4FE86F847
:10D5D00009804FF416742146594821F0ECFE594851
:10D5E000A0F800805848C0F80080C0F80480C0F857
:10D5F00008802146554821F0DEFEA6F8188020213B
:10D60000534821F0D8FE2021524821F0D4FE44484E
:10D6100064219C3021F0CFFE4FF4B4714E4821F0CC
:10D62000CAFE20214D4821F0C6FE20214C4821F0A1
:10D63000C2FE20214B4821F0BEFE2248142114389E
:10D6400021F0B9FE40F2AD11474821F0B4FE7C2133
:10D65000464821F0B0FEBDE8FC8710B517214448CC
:10D6600021F0A9FE4248BDE810404FF4C8711730C0
:10D6700021F0A1BE2DE9F84F3E4D3D4EE87BB07044
:10D68000287CF070687C3071A87C7071BA20B07111
:10D69000C020F0712878307268787072A878B07203
:10D6A000E878F07228793073334806F1170400786F
:10D6B00084F8CE00314863E010BB046010C2016002
:10D6C000F41A036094170360541E03603203006071
:10D6D000542C0360DE02006081D60260D1D7026064
:10D6E00051DC026091DE0260CDDF02607F060360E4
:10D6F0008007036000007F43EA6E01603A860260A3
:10D700008E6A0260748B0260B4960160A46F01603F
:10D7100034710160726002604E620260AE68026045
:10D72000565A02607C030060E2560260E2570260D3
:10D730004A5D0260446F0160BA5B0260543A036064
:10D74000724B026046020060CA4D02608054026063
:10D750009DC80460BDC80460EE580260206101608D
:10D76000606101604061016054900260E26C04609D
:10D77000CB5E02607EEB03604C0300604D030060F3
:10D78000007884F8ED00FE4F786A3080000CA6F82F
:10D790001500B5F82100A6F80F00E879F074694685
:10D7A0000D2014F0D1F80DF101010C2014F0CCF88B
:10D7B0009DF800109DF8010001EB0020F149088060
:10D7C000A4F8AF00B5F82100A4F8C300B86A1DF0B2
:10D7D000F3FCC4F8CA00EC48007884F8AB00EB48CE
:10D7E000008800B21DF0E9FCA4F8AC002022E84952
:10D7F00004F18A0021F0C6FD2022E64904F14A0026
:10D8000021F0C0FD2022E44904F16A0021F0BAFDB4
:10D8100004F1B500A0F6BF010A6802604A684260E0
:10D820000989018140F23F30A6F81100DB490988DF
:10D83000A4F8BF10E08228786978EA7800EB01202C
:10D84000A978090401EB02610844C4F8B10095F815
:10D850004F0084F8EE00E87C2073287D6073687DBB
:10D86000A073A87DE073E87D2074287E6074287919
:10D8700084F8C5003879B073E97B2170297C617028
:10D88000697CA170A97CE170697E2171A97E6171BA
:10D89000E97EA171297FE171697F2172A97F61729F
:10D8A000E97FA17295F82010E172BD49097801293C
:10D8B00042D0022945D095F82310E174193415F8A7
:10D8C000441FA1756978E175A9782176E978443D0E
:10D8D00084F89110B34A5188217092886270193C83
:10D8E0002A2901D3012A31D094F8F61001F0FE0163
:10D8F00084F8F61095F8481084F8AE1095F850109A
:10D9000084F8F0104FF00108012926D0002184F896
:10D91000EF10B5F8421084F83210090A84F80811A3
:10D9200095F823104FF02309491E4FF04A0A0329A6
:10D9300016D884F8339015E095F823108031E174FF
:10D94000BCE795F823104031E174B7E794F8F6107E
:10D9500041F0010184F8F610CCE784F8EF80D8E7B5
:10D9600084F833A00A3515F8031C04F8151F29782C
:10D97000A1716978E170A97F6174E97FA17495F85C
:10D980002010E17495F8471084F8E21095F84810DB
:10D9900084F8E31095F8491084F8E41095F84A10DB
:10D9A00084F8E51095F84B1084F8E61095F84C10C3
:10D9B00084F8E710697F61757B490978E1757B49D7
:10D9C000097821767A490978617684F83400786A92
:10D9D0001DF0F2FBC4F8B10084F8338014227549BD
:10D9E000754821F0CFFC7548007884F8AD00153CEF
:10D9F000687E0A3D28B1401F072805D886F80DA08B
:10DA000004E03220707301E086F80D906A481E220F
:10DA10006B499B3021F0B6FC35F8570F24F8F30F13
:10DA2000F878A070E87A6074287BA074687BE07452
:10DA3000A87B2075BDE8F88F704710B56148514C40
:10DA4000007800281FD060484D49B0F807008A8947
:10DA500090420ED3C98988420BD8EBF792FAB4F9F9
:10DA60000010494201EBC10100EB8100A0F56160AB
:10DA700010BDEBF786FAB4F90010494201EBC10181
:10DA800000EB810010BDEBF77CFAB4F900104942BD
:10DA900001EBC10100EB810010BDFFF7A6BA70B524
:10DAA0008EB081218DF804100B218DF80510002314
:10DAB0008DF806301C218DF8071001228DF8082002
:10DAC00028218DF80910FF218DF80A108DF80B1010
:10DAD0008DF80C303D49B1F842100C0A8DF80D401C
:10DAE0008DF80E108DF80F202B214843384908443B
:10DAF000417A8DF81010FE218DF8111010218DF84B
:10DB000012108DF81330D0F816100591817E8DF823
:10DB1000181022218DF819108DF81A20E0218DF8A7
:10DB20001B1091218DF81C1003211A248DF81D1053
:10DB3000C17E212909D00021C1F11A020244927943
:10DB4000212A04D0222A0AD013E00121F4E7C1F1EE
:10DB50000A010844C08AADF81E001C2409E0C1F186
:10DB60000A010844C18AADF81E10007E8DF820001D
:10DB70001D24184D40F22D11174E287848432DE0F2
:10DB8000500200607C03006088010060900100602A
:10DB90002061016040610160606101607E0300609E
:10DBA000C5030060E25802604F030060500300604C
:10DBB0005103006080170360165F02605404006028
:10DBC000225F01604C030060E01700607EEB0360A1
:10DBD000543A036021010060362F016006EB4000DB
:10DBE000224601A921F0CEFB287840F22D114143B5
:10DBF00006EB4101A1F85842401C2870F748006824
:10DC0000C088010241EA1020F54908700EB070BDCD
:10DC10002DE9F041F34890F82A10092903D090F833
:10DC20002800092829D1F04E707A002825D0EF4924
:10DC300000200870EE4F38700024EE4D09E02B20D4
:10DC400000FB0450807C10B92046FFF728FF641CBD
:10DC5000E4B2707A8442F2D3387800280DD0DF48DD
:10DC600000680168F161C088010241EA102080B2B9
:10DC70003062BDE8F041F2F7FCBBBDE8F0812DE970
:10DC8000F05F0C46DDE90B69DDF8288015460028B9
:10DC90007ED02DB9012E7DD1B9F1010F00D02579AB
:10DCA000DFF844B39BF80920642A73D89BF804106A
:10DCB00000278D4206D2012E04D1CA4981F84D7049
:10DCC000CD490F7000214FF0050CDFF828A310E0BC
:10DCD0004FF02B0E0EFB01AEDEF800E0864506D1BC
:10DCE0004FF02B0E0EFB01AE8EF813C003E0491C63
:10DCF000C9B29142ECD391424CD101462B2000FB9A
:10DD000002A00160867408218172D4F80110C160FC
:10DD1000B4F80510018280F813C0B8F1140F04D2D2
:10DD200016304246194621F02DFB9BF809102B2096
:10DD300000FB01A080F82A80012E07D09BF8042068
:10DD4000027145728772012E0ED01AE00571A27A17
:10DD5000012A03D0062A04D04572F4E7E27A42721F
:10DD6000F1E7A27B4272EEE7A27A52B9B9F1010F54
:10DD700007D1FF2D05D12279427222790271012249
:10DD800082724775491CC8B28BF809009B4900E0B4
:10DD900000E08887BDE8F09F70B5934E3078411C55
:10DDA0003170B0F5967F26D300203070914C00255D
:10DDB0001EE0E17C491E49B2E174002915DAA0B1E8
:10DDC000421B521E2B20424304F12B01204621F01E
:10DDD000D9FA707A2B21401E4843864908442B21EA
:10DDE00021F0E9FA707A401E70726D1CEDB22B348E
:10DDF000707A8542DDD370BD30B500227A4C7D4B00
:10DE0000647A10E02B2505FB02352D79854208D177
:10DE10002B2000FB0230C2680A60008A8880012043
:10DE200030BD521CD2B2A242ECD3002030BD30B57E
:10DE300000226D4C6F4B647A10E02B2505FB0235F8
:10DE40002D68854208D12B2000FB0230C2680A6091
:10DE5000008A8880012030BD521CD2B2A242ECD38D
:10DE6000002030BD70B5604B002909D112B1022AE3
:10DE700002D005E0002070BD1A79904200D0014622
:10DE800000225C4C5D7A0FE02B2303FB02431E79DA
:10DE9000864207D15B7A8B4204D12B2000FB0240E3
:10DEA000006870BD521CD2B2AA42EDD3002070BDF2
:10DEB00030B500224C4B4F4C5B7A0AE02B2505FB1A
:10DEC00002452D68854202D10A70012030BD521CE6
:10DED000D2B29A42F2D34FF0FF3030BDF0B5424C8F
:10DEE0004FF0FF36002909D113B1022B02D005E013
:10DEF0003046F0BD2379984200D0014600233D4DC5
:10DF0000677A0EE02B2404FB035494F804C0844584
:10DF100005D1647A8C4202D1137058B2F0BD5B1CFB
:10DF2000DBB2BB42EED33046F0BD4178027901F05E
:10DF30001F0102F060021144032905D0A1F118006D
:10DF400003280AD801207047274980780979884238
:10DF500001D000207047012070472139032901D8E2
:10DF6000012070470020704770B503461846FFF740
:10DF7000DCFF4FF0FF3501280FD01879010625D5B9
:10DF800040069978400A00EB0120D978084430B166
:10DF900018490022144C647A0FE0284670BD002016
:10DFA00070BD0E68864205D108799870487AD8709D
:10DFB000002070BD521CD2B22B31A242F1D31049C5
:10DFC000012008700F49002008709870284670BD25
:10DFD0000D488188491C818070470000D400006092
:10DFE000F80100607EEB03605002006022010060D7
:10DFF00021010060543A0360E102006048FA0360C6
:10E00000F7020060F80200600C0300601748818886
:10E01000491C8180E0E716488188491C8180DBE744
:10E0200010B5164A13480023917A90F84F00491C06
:10E03000114CC9B2002808D0FF2806D0917288423E
:10E0400002D29372C4F8983110BDFF2808D000287E
:10E05000FAD191720529F7D99372C4F8983110BD9D
:10E0600093720120C4F8980110BD000012030060F3
:10E07000180300607EEB0360000024425002006041
:10E08000FE4991F82310012905D0052903D0022962
:10E0900001D006290BD1FA4B195C01F00F0119547C
:10E0A000F84A125C22B1521E41EA0211195470471B
:10E0B00019547047F44931F810007047F34A22F8B8
:10E0C00010107047F14931F81000704710B5034641
:10E0D000EA4841F2883240F6B83490F8231003FB46
:10E0E00002F003FB04F2940AE44A800A0129D2797F
:10E0F0000ED005290CD002290ED006290CD00329F8
:10E1000005D1072A03D242F26C004343980A10BD9E
:10E11000162AFCD2204610BD042AFCD2204610BD8F
:10E120000246D64842F2107390F8231002FB03F027
:10E1300042F228335A43D14B800A920ADB790129F3
:10E140000BD0052909D002290BD0062909D00329B3
:10E1500002D1072B00D210467047162BFCD2104676
:10E160007047062BFCD21046704730B5C54A105C8C
:10E1700040F6B8324A43940AC04A0228D37992F84A
:10E18000232009D0012825D0032828D0042801D035
:10E19000002800D1204630BD41F2883501FB05F052
:10E1A000800A012A0ED0052A0CD0022A0ED0062A97
:10E1B0000CD0032AEFD1072BEDD242F26C00414381
:10E1C000880A30BD162BFCD2204630BD042BFCD271
:10E1D000204630BD44F620604143880A30BD42F2FB
:10E1E000107401FB04F042F228346143800A890A6A
:10E1F000012A0BD0052A09D0022A0BD0062A09D001
:10E20000032AEBD1072BE9D2084630BD162BFCD2EE
:10E21000084630BD062BFCD2084630BD9C4800782D
:10E2200070479C4800787047944890F82300012874
:10E2300018D0052816D0022816D0062814D0032896
:10E2400014D00A2814D0A8B1042815D0072813D058
:10E250000C2813D0092813D00B2813D00E2813D064
:10E260000020704720207047102070470B20704717
:10E270000620704718207047082070470B20704711
:10E280000D20704711207047152070477B4890F88B
:10E290002300012818D0052816D0022816D00628F9
:10E2A00014D0032814D00A2814D0A8B1042815D0FB
:10E2B000072813D00C2813D0092813D00B2813D00B
:10E2C0000E2813D000207047182070470A2070478E
:10E2D00008207047032070470A2070470E207047BF
:10E2E0000B20704709207047092070470B207047AA
:10E2F0000120704770B50446674E684D56F82400FB
:10E3000055F8241008444FF47A7148431CF054FF28
:10E31000C4EBC401624A01EB041102EB4101C1F8F4
:10E320001E0056F8240055F8241008444FF47A7162
:10E33000484370BDF0B500265A494FF46162096840
:10E34000B1FBF2F302FB1311002901D0012829D1FE
:10E350000020534B504C514D534A203620E0C0EB27
:10E36000C00101EB001103EB410191F82D101929B7
:10E3700003D00F2901D01D2910D154F8201055F8D1
:10E380002070394452F82070B94207D042F820106A
:10E39000464F01217970464F02213970401CC0B2AE
:10E3A000B042DCD3F0BD2DE9F04300270020DFF8B8
:10E3B000F8C03C490CF1800C0CF180068046DFF877
:10E3C000DC9006F1800520370A6832E0C0EBC0011E
:10E3D000334B01EB001103EB410191F82D101D2986
:10E3E00025D15CF8203059F820108B4219D8CB1A6F
:10E3F000C3EB031356F820409B00141BB3FBF4F34C
:10E400002C4C44F8203035F810305C1C25F81040B6
:10E41000052B0CD346F820204CF8201025F810804E
:10E4200005E025F8108046F820204CF82010401C0C
:10E43000C0B2B842CAD3BDE8F0831E4951F82000EB
:10E440004FF47A7148437047F0B500250020144E10
:10E45000194A124C194B20353FE0C0EBC00101EBCB
:10E46000001106EB410191F82D10192903D00F2955
:10E4700001D01D292FD152F8207021E07EEB0360DE
:10E48000ACFA03609DC80460E2560260E257026085
:10E49000D5020060D6020060E4EB0360D4F40360B0
:10E4A0001DBD04608C030060305203607054036033
:10E4B000BE03006054F40360F053036024FB036068
:10E4C00054F820108F4204D201271F5442F8201024
:10E4D00001E000211954401CC0B2A842BDD3F0BDD8
:10E4E000704730B50021334A314D14780CE001EB10
:10E4F000410205EB82025379527A1A44824201D9D1
:10E50000834203D9491CC9B2A142F0D3A14202D12E
:10E510004FF0FF3030BD2848C1EBC101405C2749B6
:10E5200000F0070201EBD001012009789040014280
:10E5300001D0012030BD002030BDF0B50246FFF70C
:10E54000A5FE4FF0FF36904201D93046F0BD0021C4
:10E550001848174D047813E001EB410005EB8000EB
:10E560000379077A1F44974201D993420AD9C378A5
:10E57000C0791844904201D9934203D9491CC9B2C9
:10E58000A142E9D3A14201D13046F0BD0A48C1EB16
:10E59000C101405C094900F0070201EBD0010120F4
:10E5A00009789040014201D00120F0BD0020F0BD6B
:10E5B00004A60360D402006046D003607ED90360E5
:10E5C00070B5002100200022F84EF94D0024182AD1
:10E5D00067D2DFE802F00C10151A1F242866662D9A
:10E5E00032663741453C4A4F535866665D620021AA
:10E5F0004FF4346055E0084481B24FF4386050E085
:10E60000084481B24FF49C504BE0084481B24FF46F
:10E61000E07046E0084481B24FF4A87041E008443D
:10E6200081B284203DE0084481B24FF4147038E098
:10E63000084481B24FF49C6033E0084481B24FF447
:10E6400038702EE0084481B24FF4CC6029E00844D1
:10E6500081B24FF4F07024E0084481B2C82020E079
:10E66000084481B24FF4C0701BE0084481B24FF4FB
:10E67000906016E0084481B2B82012E0084481B2EC
:10E6800040F2F2600DE0084481B244F2A01008E0CC
:10E69000084481B240F20D2003E0084481B240F604
:10E6A000E260430506D0012303EBD0204FF6FF7351
:10E6B00003EAC02006EB820319805880AC54521C38
:10E6C000D2B2182A83D30020BA4900EB800202EBB1
:10E6D00040120A44A2F82340401CC0B21028F4D3D0
:10E6E00070BD70B5B24C607E01282DD172B6ECF7CA
:10E6F00017FAB14D2846ECF741FA4FF40A72AF49C8
:10E700002846ECF710FBB822AD49AE48ECF70BFBFE
:10E71000EA14AD49AD48ECF706FBAA481422AC490F
:10E720002838ECF700FBA7481422AA491438ECF764
:10E73000FAFAA4486422A849B830ECF7F4FA0020A9
:10E740006076ECF7F3F962B670BD10B59848007EBC
:10E75000012843D172B6ECF7E3F9A04C2046ECF760
:10E760000DFA9E4814229E49A030ECF7DCFA9B4833
:10E7700020229C49C030ECF7D6FA984820229A49CA
:10E78000E030ECF7D0FA202298499948ECF7CBFA20
:10E7900097484FF4207297492030ECF7C4FA3022A2
:10E7A00095499648ECF7BFFA1E2295499548ECF733
:10E7B000BAFA94484FF4107293492030ECF7B3FA48
:10E7C0007D48642291499038ECF7ADFA7C2290495B
:10E7D0002046ECF7A8FAECF7A9F962B610BD2DE9CE
:10E7E000F04700248B4FDFF8CC818B4E4FF4FA6951
:10E7F00007EBC4252846ECF7C1F904EB840000EBD5
:10E80000441000EB080ABAF923001CF0D6FC0028DB
:10E810001ADDBAF923001CF0D0FC484514DCBAF923
:10E8200023001CF0CAFC81B206EBC420ECF7C3F94C
:10E8300004EB44007949C0EBC41001EB00112846F9
:10E840004A46ECF770FA04E006EBC4200021ECF72E
:10E85000B2F9641CE4B2102CCAD3BDE8F0872DE9EC
:10E86000F04FFFB00024DFF84891DFF8448109F150
:10E870001A098DF800404D4800EB84004188019151
:10E880000788182C14D2DFE804F00C141C242C3454
:10E890003BFDFD4B53FDFD636A5B727A8189FDFD93
:10E8A00043EC43484FF434625D491A3020F06AFD6E
:10E8B000E8E03F484FF438625A491A3020F062FDD0
:10E8C000E0E03B484FF49C5257491A3020F05AFD83
:10E8D000D8E037484FF4E07254491A3020F052FD26
:10E8E000D0E033484FF4A87251491A3020F04AFD65
:10E8F000C8E02F4884224F491A3020F043FDC1E080
:10E900002B484FF414722B491A3020F03BFDB9E02C
:10E91000274840F20D2248491A3020F033FDB1E07B
:10E9200023484FF49C6245491A3020F02BFDA9E0A2
:10E930001F484FF4387242491A3020F023FDA1E0FD
:10E940001B484FF4F0723F491A3020F01BFD99E04C
:10E950001748C8223C491A3020F014FD92E01448B0
:10E960004FF4C07239491A3020F00CFD8AE010488B
:10E970004FF4906236491A3020F004FD82E00C48D2
:10E98000B82234491A3020F0FDFC7BE0084840F200
:10E99000F26231491A3020F0F5FC73E0044844F289
:10E9A000A0122E491A3020F0EDFC6BE0AAA2036001
:10E9B00070540360D66C026000880708204B036027
:10E9C000484D0360588B0708004E0360288A0708EB
:10E9D000AC010060C0010060F25A026000800708CC
:10E9E0008017036020610160406101606061016027
:10E9F0001081070858BD03601C5C02600084070892
:10EA0000225F01601085070851DC026054900260AB
:10EA1000E26C046000000608D007060872CE0160B0
:10EA2000DDC804601DBD0460266F02607A84026048
:10EA300081D6026091DE026010BB046094860260A1
:10EA400001920260AE6802608E6A0260566B0260DC
:10EA5000D1D7026015DF026046D00360E194026006
:10EA6000FFE70025F84EC5EBC50000EB4510811906
:10EA7000C5EB051048440F2220F084FC6D1CADB29C
:10EA8000FE2DF0D318F80400012826D172B6ECF759
:10EA900047F80F2C05D00025DFF8B0A34FF4006B2A
:10EAA00011E0FFF79CFE12E007EBC52000EB0A0621
:10EAB0003046ECF763F809EBC52130465A46ECF7CF
:10EAC00032F96D1CEDB20198B5EBD02FECD3ECF719
:10EAD0002DF862B6002008F80400641CA4B2182CBB
:10EAE000FFF4C7AEFFF731FE7FB0BDE8F04FF8E5A9
:10EAF0002DE9F0471422D649D648ECF7FCF8D44863
:10EB00000178FF2906D14078FF2803D11421D0488D
:10EB100020F051FC0024CF4D20352022CE4928463C
:10EB2000ECF7E9F8641CA4B2202CF6D3CA480178AB
:10EB3000FF2906D14078FF2803D12021C64820F0C4
:10EB40003AFC0024C34D40352022C4492846ECF746
:10EB5000D2F8641CA4B2202CF6D3C0480178FF2957
:10EB600006D14078FF2803D12021BC4820F023FCA7
:10EB70000024B84D70352022B9492846ECF7BBF87F
:10EB8000641CA4B2202CF6D3B5480178FF2906D125
:10EB90004078FF2803D12021B14820F00CFCAD487B
:10EBA0004FF42072AF499030ECF7A5F83022AE490F
:10EBB000AE48ECF7A0F81E22AD49AE48ECF79BF842
:10EBC000AC484FF41072AC492030ECF794F84FF495
:10EBD0000A72AA49AA48ECF78EF8B822A949AA48AD
:10EBE000ECF789F8A8486422A849B830ECF783F814
:10EBF000A3486422A6499038ECF77DF895487C221A
:10EC0000A449A038ECF777F8A2480178FF2906D18B
:10EC10004078FF2803D17C219E4820F0CCFB4FF4A4
:10EC200080729D499D48ECF766F800219A489C4CFB
:10EC3000002250F82130A34201D140F82120491C84
:10EC400089B2DFF86092984E984D4FF4C068402921
:10EC5000EFD3424631464846ECF74DF8D6E900017D
:10EC600020F00AFF2BD1D6E9020120F005FF26D1C2
:10EC70003068A84223D0B168A94220D02746B842C4
:10EC80001DD0B9421BD072B6EBF74AFF4846EBF7EE
:10EC900075FF0023002106EB831040F82170491C0A
:10ECA00089B21029F9D35B1C9BB2182BF2D34246D0
:10ECB0007D494846ECF737F8EBF738FF62B600219C
:10ECC000002006EB811252F82030A34201D142F815
:10ECD0002050401C80B21028F5D3491C89B2182955
:10ECE000EED36948142272492838ECF704F8BDE8DD
:10ECF000F047654814226F491438EBF7FCBF2DE943
:10ED0000F0476D49002008800024DFF8B091DFF85B
:10ED1000B0816C4F4FF4FA6609EBC420EBF763FF48
:10ED2000B04200D9002000B21CF047FA04EB840185
:10ED300001EB441101EB0805A5F82300B5F9230008
:10ED40001CF03BFA002812DDB5F923001CF035FA5F
:10ED5000324690420BDC04EB4400C0EBC41007EBDE
:10ED60000011594800EBC420EBF7C5FF08E004EBA5
:10ED70004400C0EBC41007EB0010314620F01BFB31
:10ED8000641CE4B2102CC7D367E52DE9F04FFFB047
:10ED90000020ADF801000025DFF830B1DFF8AC80CD
:10EDA0004B4F8DF800500BEB850041880191068890
:10EDB0000024DFF820914FF4006A0BE006EBC4203A
:10EDC000404448450AD807EBC4215246EBF793FF6D
:10EDD000641CE4B20198B4EBD02FEFD33878FF284D
:10EDE0001AD17878FF2817D1B878FF2814D1F8788D
:10EDF000FF2811D13879FF280ED17879FF280BD15F
:10EE0000B879FF2808D1F879FF2805D1387AFF288A
:10EE100002D1787AFF2815D0182D13D2DFE805F03B
:10EE20000C5E656C737A80E4E48E95E4E4A3A99C9F
:10EE3000B0B7BDC4E4E487CB4FF43462244926481C
:10EE400020F0A0FAD0E00000CDDF026000800608CC
:10EE500080170360A08007082061016040610160A5
:10EE60006061016058BD03601C5C0260008407089B
:10EE7000225F01601085070851DC0260204B0360AF
:10EE800000880708484D0360588B0708F25A026053
:10EE900054900260E26C0460004E0360288A070808
:10EEA00000FF7F47009007088007036000007F4352
:10EEB000AC010060C001006066020060D007060877
:10EEC000D66C026072CE016000000608AAA2036040
:10EED0008A54036000F80708DDC804604FF4386204
:10EEE00069496A4820F04EFA7EE04FF49C52664928
:10EEF000674820F047FA77E04FF4E07262496548CE
:10EF000020F040FA70E04FF4A8725F49624820F0A8
:10EF100039FA69E084225C49604820F033FA63E002
:10EF20004FF4147258495E4820F02CFA5CE040F22D
:10EF30000D2255495B4820F025FA55E04FF49C62BC
:10EF40005149594820F01EFA4EE04FF438724E49AC
:10EF5000564820F017FA47E04FF4F0724A495448F7
:10EF600020F010FA40E0C8224749524820F00AFA3F
:10EF70003AE04FF4C07244494F4820F003FA33E0BE
:10EF80004FF4906240494D4820F0FCF92CE0B82243
:10EF90003D494B4820F0F6F926E040F2F2623A494A
:10EFA000484820F0EFF91FE044F2A01236494648E5
:10EFB00020F0E8F918E00024DFF81091DFF810A144
:10EFC000C4EB0410C119C4EBC40000EB441000EB07
:10EFD00009060F22304620F0D5F970780AF80400AF
:10EFE000641CE4B2FE2CEBD36D1CEDB2182DFFF4C3
:10EFF000D8AE0020254B0122C0EBC00101EB00116F
:10F0000003EB410191F82D400CB981F82820401CF8
:10F01000C0B24028F0D300202E4BC0EB001101EB12
:10F020004101194491F828400CB981F82320401C73
:10F03000C0B24028F1D30020154BC0EBC00101EB5A
:10F040004011194491F826400CB981F82320401C46
:10F05000C0B28028F1D3FFF752FE7FB0BDE8F04F79
:10F0600046E510B572B6EBF75BFD1B4C2046EBF79F
:10F0700085FD4FF4C06219492046EBF754FEEBF7CB
:10F0800055FD62B610BD00008A5403601DBD0460CA
:10F09000266F02607A84026081D6026091DE02608F
:10F0A000D66C026010BB046094860260019202601C
:10F0B000AE6802608E6A0260566B0260D1D7026051
:10F0C00015DF026046D00360E1940260CDDF02608C
:10F0D0007F060360DDC804600090070880070360B6
:10F0E00030B5FD4A0024C2F8A0410123C2F898318E
:10F0F0000021050602D5C2F8A43101E0C2F8A441FE
:10F10000C2F8A841C2F8A8314006000E491C49B215
:10F110000829EEDBC2F8A031C2F8A43130BD30B509
:10F12000ED4A0023C2F8A031C2F898310021012431
:10F13000050602D5C2F8A44101E0C2F8A431C2F824
:10F14000A831C2F8A8414006000E491C49B208295E
:10F15000EEDBC2F8A041C2F8A44130BD3830C0B2E5
:10F16000DDE710B504460020FFF7F8FF4034E0B2B9
:10F17000BDE81040D3E710B504460020FFF7EEFFCE
:10F1800004F00F002409E030C0B2FFF7C8FFF034EC
:10F19000E0B2BDE81040C2E72DE9F04107460C4659
:10F1A0001E46203AD5B20720FFF7B9FF641C04EBD6
:10F1B00044004FEA400808F0FF00FFF7DCFF780644
:10F1C000000EFFF7CEFF0024C44905EB450001EB1C
:10F1D0008005012E23D0285DC043C0B2FFF780FF19
:10F1E000641CE4B2062CF4D308F0FF00FFF7C3FF61
:10F1F000012000EB4700C0B2FFF7B3FF0024012E4F
:10F2000011D028198079C043C0B2FFF769FF641C90
:10F21000E4B2062CF3D3BDE8F04106207FE7285D79
:10F22000FFF75EFFDCE728198079FFF759FFEEE76B
:10F23000F8B501214FF4D070E9F73DFE4FF4E960D5
:10F24000ADF8000003248DF8024010258DF803501E
:10F250006946A348E9F729FC4020ADF800008DF885
:10F2600002408DF803509F4E69463046E9F71DFC79
:10F2700040213046E9F783FCEE01ADF800608DF8DF
:10F2800002408DF80350984C69462046E9F70DFC82
:10F2900031462046E9F773FCF8BD30B50720FFF78B
:10F2A0003EFF002442F6A0050020FFF719FF641C72
:10F2B000A4B2AC42F8D3BDE8304006202FE710B529
:10F2C0008A4890F82300012801D0052801D1FFF7D2
:10F2D000AFFF874C002020604FF47A7012F049FB9A
:10F2E00001202060642012F044FB0120FFF736FF6C
:10F2F0001120FFF714FFAE20FFF711FF0820FFF7E2
:10F300000EFF0020FFF72AFF0520FFF708FF0C2063
:10F31000FFF705FF0020FFF72EFF0020FFF721FF7A
:10F32000BDE81040B9E72DE9FF4F87B00646DDF88C
:10F3300050B00F4691460BF07F05152D00D91525CD
:10F34000484620F05FF8152802D8484620F05AF8C1
:10F35000484620F057F8152802D94FF00E0A04E06D
:10F36000484620F04FF800F0FF0A00240DF1040891
:10F370000FE05FEA0B6006D519F80400E8F738FFE4
:10F3800008F8040003E019F8040008F80400641CFD
:10F39000E4B25445EDD3554523D9484620F032F820
:10F3A000C4B208E03819C1B2F0B220220A9BFFF7BC
:10F3B000F3FE641CE4B2AC42F4D3002409E0381933
:10F3C000C1B218F80420F0B20A9BFFF7E5FE641CF6
:10F3D000E4B2484620F016F8A042F0D80BB0BDE8E1
:10F3E000F08F05B95546002409E03819C1B218F864
:10F3F0000420F0B20A9BFFF7CFFE641CE4B2AC42DB
:10F40000F3D3EBE72DE9FC43DDF8248044B24DB2A1
:10F410004FF47A70824201D3042608E0642A01D3B3
:10F42000032604E00A2A01D3022600E0012664270D
:10F430000A21E946012E5DDDCBB3761C76B24FF092
:10F440002E0C09F803C0B2FBF0FC8DF804C0B2FB2F
:10F45000F0FC00FB1C20012B2AD0022B14D0032B24
:10F4600062D1B0FBF7F28DF80220B0FBF7F207FB98
:10F470001200B0FBF1F28DF80120B0FBF1F201FBBC
:10F4800012008DF800004FE0B0FBF7F28DF803207A
:10F49000B0FBF7F207FB1200B0FBF1F28DF8012090
:10F4A000B0FBF1F201FB12008DF800003CE021E01E
:10F4B000B0FBF7F28DF80320B0FBF7F207FB120068
:10F4C000B0FBF1F28DF80220B0FBF1F201FB12006B
:10F4D0008DF8000028E0000000802242BF160408DA
:10F4E0000014014000200140001C01407EEB03603D
:10F4F000AC812342B2FBF0F38DF80330B2FBF0F3A2
:10F5000000FB1320B0FBF7F28DF80220B0FBF7F2FE
:10F5100007FB1200B0FBF1F28DF80120B0FBF1F215
:10F5200001FB12008DF80000701E47B216E019F9B9
:10F5300007002E2819D0174943460A5CE9B2E0B209
:10F54000FFF72AFE6D1C6DB2152D05DB0025641C2E
:10F5500064B2052C00DB00247F1E7FB2002FE6DAA8
:10F56000042E14DA0427AD1B0FE0E9B2E0B24346E3
:10F570002E22FFF711FEE5E7E819C1B2E0B24346DB
:10F580002022FFF709FE7F1E7FB2B742F4DABDE802
:10F59000FC830000B516040870B500240020FFF7B6
:10F5A000EAFD6006000EFFF7DCFD00250020FFF7F6
:10F5B00097FD6D1CEDB2062DF8D30020FFF7DBFDA3
:10F5C000012000EB4400C0B2FFF7CBFD0025002076
:10F5D000FFF786FD6D1CEDB2062DF8D3641CE4B276
:10F5E000052CDBD370BD10B5FFF7D6FFBDE810408A
:10F5F000FFF753BE10B5FFF7F6FF31490020087042
:10F600003049086030490860BDE8104014222FA13D
:10F6100033481FF0B7BE70B58AB0324DA87C697C04
:10F62000CDE900102B7CEA7B2FA104A821F084F9FE
:10F6300000241526CDE90064012304AA21462046B2
:10F640000294FFF770FEB5F82100009003233F22DB
:10F6500029A104A821F070F9CDE90064012304AACE
:10F66000002118460294FFF75EFE284829A103787E
:10F670002748027804A821F05FF9CDE9006401234E
:10F6800004AA002102200294FFF74DFE0D480268F3
:10F690002448824208D20C4803682348834203D29C
:10F6A00022A104A821F048F9CDE90064012304AAAD
:10F6B000002103200294FFF736FE0AB070BD00005F
:10F6C000BC02006004040060080400603230313283
:10F6D0002D30392D31392031373A31363A31300039
:10F6E000CE6804607EEB036049503A25752E25757F
:10F6F0002E25752E2575000053573A2025752E2589
:10F700007520506F72743A2025750000DF0200608A
:10F71000D402006044423A202575204F4E3A2025FD
:10F72000750000003F420F009F86010052583A25A5
:10F730006C752054583A256C750000007047464897
:10F7400000218180C180454A012111604FF49661FA
:10F75000018170474FF0320ADFF804910026DFF88C
:10F76000F8800127002400255046ECF7C8FC98F8E3
:10F770000000022803D2401C88F8000003E088F84B
:10F78000006088F8017098F8010028B188F80160DD
:10F79000D9F8240118B103E088F80260E2E70424F4
:10F7A000D9F8280100B90324D9F8200100B90124AF
:10F7B000D9F8300100B902242A4844825CB1B8F873
:10F7C0000400C82802D2401CA8F80400B8F80410AD
:10F7D000012905D00DE0A8F8046088F80260C1E7AF
:10F7E000A8F806704FF49660A8F808001B48076058
:10F7F00025460F2904D9042C01D0032C00D125461D
:10F800001E290CD1012C07D0062C05D0022C03D0C8
:10F81000072C01D0082C02D104F18000C5B2322996
:10F8200002D1052C00D1852588F802509AE71CB535
:10F83000094900230C31CDE9000164220AA1AFF28D
:10F84000EB00ECF7E6FA002201210320EDF7C0F906
:10F85000014908611CBD0000C002006098012442FB
:10F860000000234248FA03606B65795F7461736B33
:10F8700000000000F0B4FE481825002390F8230093
:10F88000FC4901281DD005281BD00A2602281CD0BF
:10F8900006281AD00B22082403281AD00A281BD0C5
:10F8A000F8B1042820D007281ED00C2820D0092425
:10F8B000092820D00B2822D00E2824D0082826D0B2
:10F8C00027E0202048708D7023E0102048708E7053
:10F8D0001FE04A708C701CE006204870032088707E
:10F8E00017E04D708E7014E04C700E20887010E0A0
:10F8F0004A708A700DE00D2048708C7009E011206C
:10F9000048708C7005E0152048708A7001E04B70DB
:10F910008B70CB70F0BC40F6E831D7481FF04BBD80
:10F92000010EC0F30742C0F3072301EB02211A04C2
:10F9300002EB0060084470472DE9FF5F81468A466C
:10F940004FF4B471CD481FF036FDCC4CC84F97F83A
:10F950002300401E032802D82320207001E04A2003
:10F9600020703879A070C648D0F8B1001BF024FC94
:10F97000C4F80B0000216170C4F803100120E0718D
:10F98000607297F82300012812D0052810D00228B1
:10F9900013D0062811D00B220823032812D00428E4
:10F9A00013D0072811D00C2813D0082814D017E042
:10F9B000202020721820A07212E0102020720A204D
:10F9C000A0720DE02272A3720AE023720E20A072D0
:10F9D00006E02272A27203E0E17161722172A172EB
:10F9E0000027A64C1E34B84646E0A64AC8EBC8011C
:10F9F00001EB020B9BF806002B2805D02C2803D026
:10FA00005F2801D02E2833D17F1CFFB20C2F37D2B4
:10FA10002070505CA070DBF80100C4F80B009BF86C
:10FA2000050000F00E0060700E98012810D1505CA7
:10FA3000954900F0070201EBD001012009789040C0
:10FA4000014205D0FDF7F9FFFFF76AFFC4F8030094
:10FA5000029949EA0A00084301D1039890B184F859
:10FA6000079084F808A0029860720398A0721E3470
:10FA700008F1010808F0FF087E4800788045B4D3FB
:10FA8000BDE8FF9F9BF806002B2806D02E2807D044
:10FA90002C2808D05F2809D00AE01625002607E0A8
:10FAA0000C25002604E008250E2601E01425022678
:10FAB000781EC0EB0011714800EB4101087A401C30
:10FAC000E0716A1E10442072887A401C6072711EB8
:10FAD0000844A072CBE72DE9F34F85B00E46002E07
:10FAE00064D00598644900EB400001EB8004049069
:10FAF000E07A00285AD181460598DFF890B1DFF806
:10FB000084814FF0030AC0EBC005152E51D0142E8E
:10FB10007ED01C2E7DD0162E7CD0482E7BD05F2E22
:10FB20007AD02B2E79D02E2E78D02C2E77D084F828
:10FB3000079084F8089084F809904E4FDFF838A1B8
:10FB4000B878E070E2791044207194F808C06044FD
:10FB5000C3B2BB7079786171607A0144C9B27970BF
:10FB60009A1AA2EB0C02081A4FF00109521C401C11
:10FB7000D2B2C0B2CDF80090FFF7DEFEDDE904108E
:10FB80000AF82100667018F80500A07084F80B9040
:10FB9000B9784020402900D9B8707978402900D937
:10FBA0007870F878802801D98020F87007B0BDE817
:10FBB000F08F002707F16C008DF80800000A0AEBAF
:10FBC00040108DF809009BF800008DF80A0018F825
:10FBD00005008DF80B008DF80C9000231A4601A942
:10FBE00002A8FAF756FE7F1CFFB2082FE2D30027C7
:10FBF00007F164008DF80800000A0AEB40108DF848
:10FC000009009BF800008DF80A0018F8050007E0CD
:10FC10001AE06EE0CEE0F2E031E171E195E1B9E1A8
:10FC20008DF80B008DF80C9000231A4601A902A84C
:10FC3000FAF72FFE7F1CFFB2082FD9D384F8079064
:10FC400008202072607278E70027762000EB4700DA
:10FC50008DF80800000A0AEB40108DF809009BF8A7
:10FC600000008DF80A0018F805008DF80B000FE071
:10FC70007EEB0360D402006004A60360EE580260CD
:10FC8000E25E026046D003607ED9036054020060E9
:10FC90008DF80C9000231A4601A902A8FAF7F9FD85
:10FCA0007F1CFFB2082FD0D3002707F164008DF826
:10FCB0000800000A0AEB40108DF809009BF80000CC
:10FCC0008DF80A0018F805008DF80B008DF80C90DF
:10FCD00000231A4601A902A8FAF7DBFD7F1CFFB238
:10FCE0000D2FE2D30D20E07184F808900820607297
:10FCF00023E7002707F164008DF80800000A0AEBEB
:10FD000040108DF809009BF800008DF80A0018F8E3
:10FD100005008DF80B008DF80C9000231A4601A900
:10FD200002A8FAF7B6FD7F1CFFB2082FE2D3002726
:10FD300007F16C008DF80800000A0AEB40108DF8FE
:10FD400009009BF800008DF80A0018F805008DF8EE
:10FD50000B008DF80C9000231A4601A902A8FAF7AF
:10FD600098FD7F1CFFB2042FE2D3002707F1BE00ED
:10FD70008DF80800000A0AEB40108DF809009BF886
:10FD800000008DF80A0018F805008DF80B008DF8BA
:10FD90000C9000231A4601A902A8FAF77AFD7F1CED
:10FDA000FFB20A2FE2D30820E071042020720A205B
:10FDB0006072C2E6002707F164008DF80800000AAF
:10FDC0000AEB40108DF809009BF800008DF80A003E
:10FDD00018F805008DF80B008DF80C9000231A46DA
:10FDE00001A902A8FAF755FD7F1CFFB2202FE2D32C
:10FDF00084F8079084F80890202060729DE6002720
:10FE000007F16F008DF80800000A0AEB40108DF82A
:10FE100009009BF800008DF80A0018F805008DF81D
:10FE20000B008DF80C9000231A4601A902A8FAF7DE
:10FE300030FD7F1CFFB2072FE2D3002707F16500DA
:10FE40008DF80800000A0AEB40108DF809009BF8B5
:10FE500000008DF80A0018F805008DF80B008DF8E9
:10FE60000C9000231A4601A902A8FAF712FD7F1C84
:10FE7000FFB2072FE2D30720E07160725DE6002732
:10FE800007F164008DF80800000A0AEB40108DF8B5
:10FE900009009BF800008DF80A0018F805008DF89D
:10FEA0000B008DF80C9000231A4601A902A8FAF75E
:10FEB000F0FC7F1CFFB2022FE2D3002707F168009D
:10FEC0008DF80800000A0AEB40108DF809009BF835
:10FED00000008DF80A0018F805008DF80B008DF869
:10FEE0000C9000231A4601A902A8FAF7D2FC7F1C45
:10FEF000FFB2142FE2D30220E071142060721CE6DE
:10FF0000002707F164008DF80800000A0AEB401092
:10FF10008DF809009BF800008DF80A0018F805001C
:10FF20008DF80B008DF80C9000231A4601A902A849
:10FF3000FAF7AFFC7F1CFFB2162FE2D384F80790CC
:10FF400084F8089016206072F7E5002707F1640036
:10FF50008DF80800000A0AEB40108DF809009BF8A4
:10FF600000008DF80A0018F805008DF80B008DF8D8
:10FF70000C9000231A4601A902A8FAF78AFC7F1CFC
:10FF8000FFB20C2FE2D384F8079084F808900C207D
:10FF90006072D2E5F8490888401C0880002707F104
:10FFA0006C008DF80800000A0AEB40108DF809007B
:10FFB0009BF800008DF80A0018F805008DF80B007A
:10FFC0008DF80C9000231A4601A902A8FAF761FCEB
:10FFD0007F1CFFB2062FE2D3002707F164008DF8E3
:10FFE0000800000A0AEB40108DF809009BF8000099
:10FFF0008DF80A0018F805008DF80B008DF80C90AC
:020000040802F0
:1000000000231A4601A902A8FAF743FC7F1CFFB29D
:10001000082FE2D3002707F174008DF80800000ACA
:100020000AEB40108DF809009BF800008DF80A00DB
:1000300018F805008DF80B008DF80C9000231A4677
:1000400001A902A8FAF725FC7F1CFFB2082FE2D312
:100050000620E0710820207260726EE52DE9F04FF5
:100060008FB0894616461C460EA901F0FAFB0128FE
:100070007ED19DF83800C14FC0EBC002D1198979FB
:100080001C290FD015290DD014290BD0162909D001
:100090002B2907D02C2905D05F2903D0482901D06E
:1000A0002E2965D1DFF8D8B2DFF8D8824FF0000CE6
:1000B000A9F16C03A9F164051C291CD04FF47A7EC8
:1000C00006FB0EFA15297DD014297CD016297BD089
:1000D000A9F5005A40F2BF52AAF54D6A2B2974D0F7
:1000E0002E2973D00AF5B8622C2970D048296FD018
:1000F0005F296ED02CE24FF01C0A082D1ED2ECB204
:1001000000EB400108EB8101C978214440292FD838
:10011000012E75D0C1EB011505EB45055D4485F851
:1001200025C0C1EB011101EB41015944012501F842
:10013000245FBD5C4D7181F806A0CC71B408042B1E
:1001400021D2DBB200EB400108EB810109791944AF
:1001500040290DD88C4D25F81140C1EB011101EB60
:10016000410104EB840559446D0041F81E5F00E035
:1001700096E001254D718D728D71BD5CCD7281F857
:100180000CA080334B73A9F1BE09B9F10A0FB1D2AB
:1001900009F0FF0100EB400008EB800040790844C3
:1001A00040287DD8794B23F810404FF47A735C4394
:1001B000C0EBC00303EB0013754800EB4300C0F82D
:1001C0001E4007E028E081E0E4E014E17CE1E6E1A4
:1001D00030E3FCE3EEB1012380F82630223080F8D2
:1001E00005C080F800C080F807C080F809C080F81A
:1001F0000AC0BA5C827080F803A00172A8E1FFE730
:10020000C1EB011E0EEB4E0EDE4401258EF825508B
:1002100087E780F826C0E1E71524082D26D2EDB245
:1002200000EB400108EB810109792944402937D8C6
:10023000DFF8549129F81160C1EB011101EB410184
:1002400006EB860959444FEA490941F81E9F4FF0D1
:10025000010981F8059081F80A9081F8069017F855
:10026000029081F80B900C7380354D73082BC5D22A
:10027000D9B200EB400008EB8000407908444028E8
:100280000ED8424B23F81060C0EBC00303EB001301
:100290003F4800EB4300C0F81EA0A6B1012300E0D8
:1002A0009DE080F82630223080F805C080F800C03C
:1002B00080F807C080F809C080F80AC0BA5C827074
:1002C000C470017244E180F826C0ECE714230D2DC0
:1002D0001CD2ECB200EB400108EB8101C97821444B
:1002E00040297CD8C1EB011101EB4101594481F84F
:1002F00023C0012581F82850B6B381F8255041F874
:100300001E6F8D71BD5CCD720B734C73A9F17609B4
:10031000B9F1100FD6D209EBD971C1F3470100EB47
:10032000400008EB800040790844402857D8C0EBD3
:10033000C00404EB0014164800EB4400C0F81EA0F3
:10034000B6B1012480F82640223080F805C080F83C
:1003500000C080F807C080F809C080F80AC0BA5C05
:100360008270C3700172F3E0FFE781F825C0C6E731
:1003700080F826C0E8E7000090FA036046D00360EA
:10038000DDC8046004A60360E2570260E256026022
:100390001DBD0460202D95D2E9B200EB400008EBB2
:1003A000800040790844402819D8FE4B23F810609B
:1003B000C0EBC00303EB0013FB4800EB4300C0F8A5
:1003C0001E60AEB1012380F82630223080F805C0CF
:1003D00080F800C080F807C080F809C000E094E011
:1003E00080F80AC0BA5C82701622C2700172D1E332
:1003F00080F826C0E9E74FF02B09162D3ED2EDB26A
:1004000000EB400008EB800040794319402B7CD87A
:10041000002001AA04EB400191F804C002F810C0CA
:1004200002EB400CC9788CF80110401CC0B21728B0
:10043000F0D3C3EBC300DC4C00EB031004EB400033
:100440002E2201A91EF09EFF9DF83800C0EBC001CE
:1004500000EB400008EB80007A5C40792844C0EB58
:10046000C00101EB001104EB410101F8242F81F8D8
:1004700001908D71CB4921F810608BE39245B6D283
:100480001721BAFBF1F1CEB200EB400008EB80007F
:1004900040793044C0B2402837D8C0EBC00101EBEE
:1004A0000011C1482E2200EB4105214628461EF0CE
:1004B00069FF9DF83800C0EBC000385C05F8240FD8
:1004C00085F80190AE7165E34FF02E090C2D40D2F6
:1004D000EDB200EB400008EB800040794319402B5F
:1004E00013D8002001AA04EB400191F804C002F8DF
:1004F00010C002EB400CC9788CF80110401CC0B24F
:100500001728F0D3C3EBC30000E0AFE0A64C00EB2C
:10051000031004EB40002E2201A91EF033FF9DF8CA
:100520003800C0EBC00100EB400008EB80007A5CB3
:1005300040792844C0EBC00101EB001104EB4101FC
:1005400001F8242F81F801908D71964921F81060EF
:1005500020E3924591D21721BAFBF1F1CEB200EB24
:10056000400008EB800040793044C0B240287DD87C
:10057000C0EBC00101EB00118B482E2200EB4105BE
:10058000214628461EF0FEFE9DF83800C0EBC00054
:10059000385C05F8240F85F80190AE71FAE2062B5D
:1005A00038D2DEB200EB400008EB8000C07800EBF0
:1005B000060CBCF1400F59D8002001AA04EB400101
:1005C0000B7902F8103002EB4003C9785970401CD7
:1005D000C0B21728F2D3CCEB0C1000EB400058440B
:1005E0002D2201A91EF0CEFE9DF83800C0EBC001FF
:1005F00000EB400008EB8000795CC0783044C0EB31
:10060000001000EB4000584400F8291F2C214170D5
:1006100086702DE08A2A2BD21721B2FBF1F1CEB2DF
:1006200000EB400008EB8000C078304440281DD823
:10063000C0EB001000EB400058442D2221461EF074
:10064000A1FE9DF83800C0EBC00100EB400008EBB4
:100650008000795CC0783044C0EB001000EB4000B3
:10066000584400F8291F2C21417000E08CE086706E
:10067000082D39D2EDB29DF8380000EB400008EBB0
:10068000800000794219402A7ED8002001AB04EB9B
:1006900040010E7903F8106003EB4006C9787170D1
:1006A000401CC0B21728F2D3C2EB021000EB40008E
:1006B00058442D2201A91EF065FE9DF83800C0EBBC
:1006C000C00100EB400008EB8000795C0079284411
:1006D000C0EB001000EB4000584400F8291F2C210B
:1006E00041708035857032E0A9F51C509A3840F28F
:1006F000355188422BD21721B0FBF1F0C5B29DF8DD
:10070000380000EB400008EB8000007928444028C6
:100710003AD8C0EB001000EB400058442D2221468F
:100720001EF030FE9DF83800C0EBC00100EB400029
:1007300008EB8000795C00792844C0EB001000EBE6
:100740004000584400F8291F2C2141708570A9F100
:100750007409B9F1080F43D209F0FF059DF838007C
:1007600000EB400008EB800040794319402B0BD888
:10077000002001AA04EB40010E7902F8106002EBA0
:100780004006C978717000E0BCE0401CC0B2172878
:10079000F0D3C3EBC300044C00EB031004EB4000A8
:1007A0002E2203E0E25602601DBD046001A91EF086
:1007B000E9FD9DF83800C0EBC00100EB400008EBFC
:1007C0008000795C40792844C0EBC00202EB001045
:1007D00004EB400000F8241F2C2141708571D9E101
:1007E00040F277608245FAD21720BAFBF0F0C6B229
:1007F0009DF8380000EB400008EB80004079304461
:10080000C0B240287ED8C0EBC00101EB0011FE4809
:100810002E2200EB4105214628461EF0B3FD9DF82F
:100820003800C0EBC000385C05F8240F2C2068703D
:10083000AE71AFE1A9F16F014826072937D2CDB2D9
:1008400000EB400008EB8000C07800EB050CBCF129
:10085000400F57D8002001AA04EB40010B7902F8A1
:10086000103002EB4003C9785970401CC0B2172801
:10087000F2D3CCEB0C1000EB400058442D2201A920
:100880001EF080FD9DF83800C0EBC00100EB400079
:1008900008EB8000795CC0782844C0EB001000EBC6
:1008A0004000584400F8291F467085702CE0A12AAA
:1008B0002AD21721B2FBF1F1CDB200EB400008EBD8
:1008C0008000C078284440281CD8C0EB001000EB02
:1008D000400058442D2221461EF054FD9DF838005A
:1008E000C0EBC00100EB400008EB8000795CC078F1
:1008F0002844C0EB001000EB4000584400F8291FCA
:10090000467000E08FE08570A9F16509B9F1070F25
:100910003DD209F0FF059DF8380000EB400008EBE0
:10092000800040794319402B7DD8002001AA04EBB8
:10093000400191F804C002F810C002EB400CC978E5
:100940008CF80110401CC0B21728F0D3C3EBC300D1
:10095000AD4C00EB031004EB40002E2201A91EF069
:1009600011FD9DF83800C0EBC00100EB400008EB22
:100970008000795C40792844C0EBC00202EB001093
:1009800004EB400000F8241F4670857102E1BAF5BF
:10099000CC6F27D21720BAFBF0F000F0FF099DF8CA
:1009A000380000EB400008EB800040794844C0B2BA
:1009B000402838D8C0EBC00101EB001192482E222C
:1009C00000EB4105214628461EF0DCFC00E00AE071
:1009D0009DF83800C0EBC000385C05F8240F6E703D
:1009E00085F80690D6E05F26022D39D2EDB200EBF5
:1009F000400008EB8000C07800EB050CBCF1400F14
:100A000011D8002001AA04EB40010B7902F8103044
:100A100002EB4003C9785970401CC0B21728F2D3CA
:100A2000CCEB0C1000E0A7E000EB400058442D2276
:100A300001A91EF0A7FC9DF83800C0EBC00100EB37
:100A4000400008EB8000795CC0782844C0EB0010BF
:100A500000EB4000584400F8291F467085702AE0DA
:100A60002E2A28D21721B2FBF1F1CDB200EB4000C3
:100A700008EB8000C078284440287DD8C0EB0010E7
:100A800000EB400058442D2221461EF07BFC9DF8CF
:100A90003800C0EBC00100EB400008EB8000795C3F
:100AA000C0782844C0EB001000EB4000584400F828
:100AB000291F46708570A9F16809B9F1140F3DD25C
:100AC00009F0FF059DF8380000EB400008EB8000BE
:100AD00040794319402B63D8002001AA04EB400160
:100AE00091F804C002F810C002EB400CC9788CF8F1
:100AF0000110401CC0B21728F0D3C3EBC300424C16
:100B000000EB031004EB40002E2201A91EF03AFC7A
:100B10009DF83800C0EBC00100EB400008EB8000FE
:100B2000795C40792844C0EBC00202EB001004EB72
:100B3000400000F8241F467085712BE040F28B7056
:100B4000824527D21720BAFBF0F000F0FF099DF88C
:100B5000380000EB400008EB800040794844C0B208
:100B600040281DD8C0EBC00101EB001126482E2201
:100B700000EB4105214600E012E028461EF002FC91
:100B80009DF83800C0EBC000385C05F8240F6E708B
:100B900085F80690F2F79CFDF2F7C5FDF2F7EEFD41
:100BA0000FB0BDE8F08F2DE9F04F06460020DFF8CA
:100BB0005C9099F80030002BF3D000233370DFF8FD
:100BC0005080144FD8E0C3EBC30404EB080C9CF82E
:100BD00006401C2C09D0142C07D0152C05D02C2C29
:100BE00003D05F2C01D0482C7ED1022973D103EBB6
:100BF000430407EB8404E579F5B303F1010BD34516
:100C000048D2E478944207E01DBD0460D40200603D
:100C100046D0036004A603605DD82C4494425AD9A0
:100C20003370C3EBC301414489791C2907D103EB1D
:100C3000430007EB8000C078101A643080B214299A
:100C400007D103EB430007EB8000C078101A643033
:100C500080B22C2907D103EB430007EB8000C0785A
:100C6000101A6C3080B25F2909D103EB430007EB07
:100C70008000C078101A00E02DE0643080B248296E
:100C80008FD103EB430007EB8000C078101A6F3060
:100C900080B286E733709CF806501C2D03D1E078B3
:100CA000101A643080B2142D03D1E078101A643029
:100CB00080B22C2D03D1E078101A6C3080B25F2DF9
:100CC00003D1E078101A643080B2482D03D1E07867
:100CD000101A6F3080B203294CD103EB430407EBA9
:100CE0008404257A05B100E044E099F800B003F1EE
:100CF000010ADA4529D2247994423BD82C44944203
:100D000038D93370C3EBC301414489791C2907D119
:100D100003EB430007EB80000079101A6C3080B2BF
:100D2000152907D103EB430007EB80000079101A67
:100D3000643080B22C29ACD103EB430007EB800078
:100D40000079101A643080B22BE733709CF806509B
:100D50001C2D03D12079101A6C3080B2152D03D1CF
:100D60002079101A643080B22C2D03D12079101A0A
:100D7000643080B25B1CDBB299F800A05345FFF4ED
:100D800022AF0EE72DE9F84FF84C0020F84D01276F
:100D9000F84E95F800C02AE0C0EBC00291198B799B
:100DA0002B2B03D02C2B01D02E2B1ED1B35CDFF8C4
:100DB000C88303F0070B08EBD30907FA0BF899F87F
:100DC00000A02AEA080A89F800A0DFF8B09309EB2E
:100DD000D30393F8009029EA080983F800900023D0
:100DE000B354C1F801304B718B71401CC0B26045E7
:100DF000D2D30021002015E0C0EBC003F25C7AB131
:100E0000C1EBC10233443244D3F80080C2F8008001
:100E1000B3F80480A2F804809B799371491CC9B28D
:100E2000401CC0B26045E7D3D54801704FF00008C0
:100E300020782B2803D02C2801D02E280FD1002079
:100E400000F07DFE8146D4F80B00FEF769FD0146F7
:100E5000207800906278A0784B4600F02EFD08F1D3
:100E6000010808F0FF081E34B8F10B0FE0D300F0C2
:100E700099FAC4480770C4488774FEF7FBFC002445
:100E800008E0C4EBC400304481792046FEF723FE1D
:100E9000641CE4B228788442F3D3BDE8F88F10B51F
:100EA0000C4601460120F2F796FC40B2411C02D0EC
:100EB0002070012010BD002010BD10B50C46014669
:100EC0000420F2F788FC40B2411C02D020700120BF
:100ED00010BD002010BD10B50C4601460220F2F7EF
:100EE00079FD40B2411C02D02070012010BD0020CD
:100EF00010BD10B50C4601460520F2F76BFD40B25F
:100F0000411C02D02070012010BD002010BD10B582
:100F10000C4601460020F2F75DFD40B2411C02D0B4
:100F20002070012010BD002010BD10B50C460146F8
:100F30000320F2F74FFD40B2411C02D02070012087
:100F400010BD002010BD10B50C4601460120F2F77F
:100F500041FD40B2411C02D02070012010BD002094
:100F600010BD10B50C4601460420F2F733FD40B227
:100F7000411C02D02070012010BD002010BD2DE9C1
:100F8000FE4304460D4694F82A002C2801D05F2821
:100F900001D1012A14D0142803D01C2801D02C28F8
:100FA00024D194F82B00DFF8E481724F00064FF053
:100FB00001065ED494F8250068B34FF47A702BE0F4
:100FC00094F82B104FF02E020B0611D401F07F0085
:100FD000C0EBC00101EB001042F210710092421808
:100FE00094F829102346102001F000FDBDE8FE838F
:100FF0002C28FBD101F07F00C0EBC00101EB0010F9
:1010000042F29A710092421894F829102346102057
:1010100001F0ECFCEAE7002028F815002A4602213E
:1010200002A8FFF7C0FD0246002ADFD094F82B008B
:101030000006DBD438F81500B0F5007F0BD301961D
:101040009DF808000096C0EBC00001AB395C06209B
:1010500001F0CCFCCAE70028C8D101909DF8080037
:101060000096C0EBC00001AB395C062001F0BEFC6D
:10107000BCE72A46032102A8FFF795FD044620009D
:10108000B4D09DF80810DFF8089101EB410009EB9E
:10109000800040781C2809D1C1EBC1000096395C62
:1010A00008EB45032246062001F0A0FC9DF808103D
:1010B00001EB410009EB800040782C2896D1C1EB70
:1010C000C1000096395C08EB45032246062001F07A
:1010D0008DFC8BE708B590F825102C2905D02B291D
:1010E00003D05F2901D02E2912D12F21009190F831
:1010F0002A10034601F07F01C1EBC10202EB01118E
:1011000042F6D0420A4490F82410102001F06EFC00
:1011100008BD2DE9FC5F00271E4C0026DFF8788013
:101120004FF47A79CBE0DFF84CA0C6EBC60505EBAF
:101130000A008079092803D0072801D05D287DD1D5
:101140007F1CFFB2FE2F7AD21AF8050020701AF821
:101150000500124900F0070201EBD00101200978D7
:10116000904001421CD001201BE000000C5902609D
:10117000D402006046D003603ED903605ED90360AC
:10118000DC020060BE03006070540360E25702603E
:1011900004A60360CDDF0260A40200607ED9036074
:1011A0000020E07359208DF800004FF0230B8DF8DC
:1011B00001B0764800788DF802001AF805008DF825
:1011C000030000208DF804000023012270496846C6
:1011D000F9F75FFB012805D1D8F8000090FBF9F082
:1011E000A4F81F005E208DF800008DF801B0DFF834
:1011F0009CB19BF800008DF802006648405D8DF8B8
:1012000003004FF0000A8DF804A00023012260497A
:101210006846F9F73EFB012805D1D8F8000090FB9D
:10122000F9F0A4F821000C208DF8000063208DF85F
:101230000100564800788DF8020001E03DE043E0EF
:10124000DFF850B11BF805008DF803008DF804A0FD
:10125000002301224E496846F9F71BFB012805D1FE
:10126000D8F8000090FBF9F0A4F8230005208DF8D1
:10127000000063208DF80100444800788DF80200DA
:101280001BF805008DF803008DF804A0002301224F
:101290003F496846F9F7FDFA012805D1D8F8000062
:1012A00090FBF9F0A4F825003B480F2200EB061153
:1012B00004F110001EF066F82734761CF6B23748A9
:1012C00000788642FFF42FAFBDE8FC9F7FB533491D
:1012D0000978884258D2C0EBC00101EB4010304978
:1012E00044182A4800788DF80A00641C14F8010C90
:1012F0008DF80B0000208DF80C00E08B4FF47A7114
:101300004843019059208DF8080023268DF8096084
:1013100002250123002201A902A80095F8F77CFF0D
:10132000208C4FF47A71484301905E208DF80800BC
:101330008DF809600123002201A902A80095F8F7A1
:101340006BFF608C4FF47A71484301900C208DF84C
:10135000080063268DF809600123002201A902A874
:101360000095F8F759FFA08C4FF47A71484301902B
:1013700005208DF808008DF809600123002201A9DD
:1013800002A80095F8F748FF7FBD000054020060F6
:10139000A402006046D0036058BD0360D402006020
:1013A000CDDF0260F8B50021002200230020FF4CB1
:1013B000FD4E277828E0C0EBC004A5196D7905F033
:1013C0000F05012D04D0022D0BD0032D12D019E0F2
:1013D000355D0C46DFF8D8C3491CC9B20CF804507F
:1013E00010E0355D1446DFF8CCC3521CD2B20CF8C5
:1013F000045007E0355D1C46DFF8BCC35B1CDBB264
:101400000CF80450401CC0B2B842D4D3EB48017071
:10141000EB4CEC480270EC480370881818442070BC
:1014200000200346024601460090FEF785FABDE81B
:10143000F840FFF76EBE2DE9F84F0022002300248C
:10144000DFF86893002789F800700020DFF87CB38C
:10145000D54E4FF0010A0BF1200EC0EBC005A919C3
:10146000497901F00F01012903D0022901D0032994
:101470003ED1715D09B3FF293AD0F8B1451EC5EBE5
:10148000C505755DA94233D00BEBD10C01F0070502
:101490009CF800800AFA05F548EA05088CF80080F7
:1014A0000EEBD10191F800C02CEA050C81F800C0C8
:1014B00099F80010491C89F8001019E031780BEBFD
:1014C000D10C01F007059CF800800AFA05F548EAFE
:1014D00005088CF800800EEBD10191F800C02CEAD1
:1014E000050C81F800C099F80010491C89F800101B
:1014F000401CC0B2FE28B0D3002099F800C028E0FC
:10150000C0EBC0018D196D7905F00F05012D04D0D8
:10151000022D0BD0032D12D019E0755C1146DFF8B7
:101520009082521CD2B208F8015010E0755C194646
:10153000DFF880825B1CDBB208F8015007E0755CC5
:101540002146DFF87482641CE4B208F80150401CA4
:10155000C0B26045D4D399480270994D9948037040
:1015600099480470D01820442870002408E0C4EB87
:10157000C400304481792046FEF7ADFA641CE4B221
:1015800028788442F3D300231A4619461846009758
:10159000FEF7D2F9BDE8F84FFFF7BBBD70B50446C2
:1015A0000D460721204603F048F82178FF2922D173
:1015B000617819291FD1E179B1EB102F1BD1217A64
:1015C000C0B2884217D17948A17848300170E178DB
:1015D000A279237941EA02626179090441EA03218F
:1015E0000A43C0F801207A480088854201D10120D1
:1015F00070BD032070BD022070BD2DE9FC4107467F
:1016000088461446022C02D90020BDE8FC8124B192
:10161000022C05D0012C06D007E06E48056804E0D6
:101620006D48056801E06D4805686D4E3089401CC5
:10163000308132212846EBF795FC98B3204603F021
:1016400070F8FF208DF8000019208DF801008DF84A
:1016500002708DF803800421684602F0EEFF010A53
:101660008DF804108DF8050022460621684602F028
:10167000FCFF22460921002007F0B0FC7089401CC5
:101680007081012C11D03220214607F0EDFC10F0C2
:10169000FF010CD0B089401CB0815248FFF77EFF9B
:1016A000064605E0FFE7FF20AFE75020ECE7002605
:1016B00022460021012007F091FC2846EBF79DFB14
:1016C0003046A2E710B504460A21204602F0B5FFD5
:1016D000A17AB1EB102F05D1E17AC0B2884201D1D5
:1016E000042010BD002010BD2DE9FE4307468846AA
:1016F00014461D460026284603F013F88DF80070A6
:1017000006208DF8010000208DF802000A208DF8D7
:10171000030055208DF804008DF805808DF80640F3
:10172000200A8DF80700200C8DF80800200E8DF897
:1017300009000A21684602F080FF010A8DF80A10AC
:101740008DF80B002A460C21684602F08EFF2A46CF
:101750000C21002007F042FC29464FF4FA7007F0F4
:1017600083FC10F0FF0F04D00C211E48FFF7AAFFE6
:1017700006462A460021012007F030FC3046BDE82D
:10178000FE8370B50120114C012504F1200304EB08
:10179000D00100F007060A7805FA06F10A4225D1C1
:1017A00003EBD00212781FE046D00360DC02006039
:1017B0000AA3036008A4036006A50360D9020060C1
:1017C000D4020060DA020060DB0200603ED90360F0
:1017D000820300609C030060A0030060A40300601B
:1017E00048FA036060F203600A4204D0401CC0B2B1
:1017F000FF28CCD3FF2070BDF0B500210020FF4AA8
:10180000FD4B012403F6381716780FE0C0EBC00239
:101810009A5C07EBD20502F007022D7804FA02F277
:10182000154201D0491CC9B2401CC0B2B042EDD330
:10183000F348C170F0BD10B5EF49C0EBC000085CC3
:1018400001F6381101EBD00100F007030A780120FE
:10185000984002430A70FFF7CFFFBDE81040FFF742
:1018600058BC30B50022E54BE34C1B7809E0C2EBD5
:10187000C205655D854202D10A70012030BD521C4F
:10188000D2B29A42F3D3002030BD70B5049DDC4E35
:10189000747F132C10D2641CE4B2747704EB8406BA
:1018A00006EBC404D74E3055A01940F8011F426022
:1018B000037245720021418170BD2DE9FF5F04462E
:1018C0000E980D46914600210191002C0CD0DFF8B6
:1018D00030B309EB0312521CD2B2DFF81C834FF075
:1018E000010A9BF800701BE0002004B0BDE8F09FE7
:1018F000C1EBC10318F80360A6420FD14344D3F8EB
:101900000160AE420AD15E7906F00F06761E4E45A2
:1019100004D05A7100B198718BF804A0491CC9B267
:10192000B942E5D34FF0FF0CB74901260B7904F01B
:1019300007018E40B549A34201EBD4011BD10878C1
:101940003043087000222B4621461046F3F732FA46
:10195000AD484B46817900910178427801EB022134
:101960008278C078120402EB006001442A462046C7
:10197000FFF78BFFC0E0A54B203B03EBD40393F8AC
:1019800000E0CDF80CE01EEA060F48D0002343E04B
:10199000C3EBC30C18F80CC0A4453BD1C3EBC30B7D
:1019A0000BEB0807D7F801C0AC452CD0964B93F849
:1019B000273013B10B7833430B7015B1BCF1000F16
:1019C00022D0002D1FD0BCF1000F1CD02B46624648
:1019D00021460120F3F7EEF98C4918F80B0020316D
:1019E00001EBD00100F0070009780AFA00FA11EAC9
:1019F0000A0F08D009200090D7F801104B462A465C
:101A00002046FFF742FF77E0C7F801507A71E0B354
:101A1000B87171E05B1CDBB2BB42B9D36CE04FF034
:101A2000000911E0C9EBC90BC344DBF801B0AB45B9
:101A300006D12DB1C9EBC90C08F80C40CC4605E025
:101A400009F1010909F0FF09B945EBD3BCF1FF0F1A
:101A500037D0CCEBCC07DFF8B49118F807C0A9F168
:101A6000200909EBDC09CDF8089099F800B00CF0DA
:101A7000070E0AFA0EF9CE462BEA090BDDF808909C
:101A800089F800B0DFF8849100E035E009EBDC0C68
:101A90009CF800B02BEA0E0B8CF800B093F800C055
:101AA0004CEA060C83F800C00B78B3430B7008F8BF
:101AB000074007EB0801C1F801504A71C8B18871AD
:101AC00017E0DDF80CC04CEA060C83F800C00B7878
:101AD000B3430B70C7EBC701494B08F801404144C1
:101AE000C1F801504A7100B188717F1C1F7001203C
:101AF0000190434880F804A0444900204031085533
:101B0000A1F25E214FF4167021F8140001F23E207C
:101B100000EBD400007830420FD169462046FFF731
:101B2000A0FE012809D19DF80000C0EBC00141448E
:101B30008979DC2901D2FFF77EFE0198D5E6344988
:101B4000344A00280978127807D001281BD00228CF
:101B50001BD0032800D1084670472B4890F82A3044
:101B6000072B09D090F82810072907D090F82900F2
:101B7000072805D006207047084670471046704772
:101B8000254800787047104670470620704710B50A
:101B9000002000211A4A1C4B22321C1894F82840BD
:101BA000072C02D15054491CC9B2401CC0B20328B2
:101BB000F3D31348817210BD38B50446124820444F
:101BC00090F82810072908D0072180F8281004F180
:101BD0001D000FF0C8FEFFF7DAFF64B9694609205F
:101BE0000FF0B2FE0B489DF8002001788A4202D027
:101BF00009200FF0B8FE11E046D00360D402006067
:101C0000DC02006095E203607EEB03605ED9036056
:101C1000510300604F03006050030060012C0CD1A1
:101C2000694652200FF090FEF9489DF80020017897
:101C30008A4202D052200FF096FE022C0CD1694647
:101C400053200FF081FEF3489DF8002001788A426E
:101C500002D053200FF087FE38BD2DE9F74F82B038
:101C600004460D46AC4269D821462846049AFFF73F
:101C7000C4FC002862D00122611902EB5108DDF892
:101C800010904908DFF890B309F10109019101288A
:101C900015D0E2490126A1F1200202EBD40A04F09A
:101CA0000702964001EBD407022828D0032855D01C
:101CB000049A05B029462046BDE8F04FCDE70498C8
:101CC000FFF77AFF09F0FF00FFF739FF0346002016
:101CD0000090DBF801109BF80000049AFFF7EDFD7F
:101CE000AC422BD02046049A0199FFF7B6FF049A24
:101CF00005B008F0FF002946BDE8F04FADE70498B5
:101D0000FFF75AFFAC421CD13878304338709AF84C
:101D10000000304212D0C24890F8270000280DD1B0
:101D2000BD4AC049483A127806E0C0EBC003CB5C1C
:101D3000A34203D0401CC0B29042F6D305B0BDE828
:101D4000F08F2046049A0199FFF787FF049A05B0A7
:101D500008F0FF002946BDE8F04F7EE70498FFF742
:101D60002BFFAC421AD13878304338709AF8000013
:101D70003042E3D0AA4890F827000028DED1A64AD6
:101D8000A849483A127806E0C0EBC003CB5CA342F6
:101D9000D4D0401CC0B29042F6D3CFE709F0FF0088
:101DA000FFF7CDFE034600200090DBF801109BF802
:101DB0000000049AFFF781FD2046049A0199FFF77D
:101DC0004CFF049A05B008F0FF002946BDE8F04F2B
:101DD00043E730B40022944C924B247811E0C2EBDC
:101DE000C2055D5D8D420AD1C2EBC2011944497939
:101DF0000A0902D030BC0809704730BC9FE6521C6B
:101E0000D2B2A242EBD330BC99E6884A1154884A38
:101E10000121115470470246FE2101201DE710B533
:101E20007E48202120381DF0C6FA20217B481DF075
:101E3000C2FA7A48202120301DF0BDFA40F2F96143
:101E400078481DF0B8FA744800244838C47004700B
:101E5000FE2178481DF0AFFAFE2177481DF0ABFA5D
:101E60007648047076480470FE2176481DF0A3FA87
:101E70006D480470744804707448047010BD66495D
:101E80000020483948774FF4827171481DF093BAA9
:101E90002DE9F8436048002548380570012141725A
:101EA0000584FDF7E7FCFFF7BAFF0024694E1E2703
:101EB00006F58078A6F57F69355528F8147009EB8A
:101EC000041010211DF077FA641CE4B2FF2CF3D348
:101ED000614805704FF46064214660481DF06BFA5C
:101EE0005F48057021465F481DF065FAFFF711F95C
:101EF000FFF7C5FF00231A46194618460095FDF75F
:101F00001BFD41F2CC0158481DF055FA57480570A9
:101F1000BDE8F8834349C0EBC000085C01F6381106
:101F200001EBD00100F007030A78012098408243BA
:101F30000A7061E470B505460C46394804713948A9
:101F40000470214606200FF00EFD344805F0070608
:101F5000203800EBD50101250B7805FA06F29343F2
:101F60000B7000EBD40004F00703017805FA03F2CC
:101F70001143017070BD10B500212B4B294A1B780D
:101F80000DE0C1EBC104145D844206D1C1EBC10078
:101F90001044407900F00F0010BD491CC9B29942AD
:101FA000EFD300201E490A1892F82820072A05D0EE
:101FB000401CC0B20328F6D3002010BD401CC0B2A4
:101FC00010BD10B5A0F51C52103A40F2BF541723B3
:101FD000A2420BD2B2FBF3F003FB102008B10020A9
:101FE00010BDB2FBF3F00870012010BDA0F5305019
:101FF000D038A0423CD2B0FBF3F203FB12020AB18C
:10200000002010BDB0FBF3F00870022010BD0000EE
:102010005003006051030060240300605ED9036038
:102020007EEB036046D00360D4020060B40300601E
:10203000B703006008A4036006A50360DA0200602D
:10204000DB0200600AA30360D8020060D9020060CE
:1020500095E2036048CD036058020060542C036091
:1020600057020060541E0360543A03605902006036
:10207000002010BDF0B501231080CB2926D0A0F19F
:102080006404C4EBC40542F6D04705EB041542F2E4
:1020900010765F2977D02546C5EBC50C0CEB0515EE
:1020A000BC466544ADB22B296ED02E296DD0A0F16F
:1020B0006C052C296AD064266C271C2967D014294A
:1020C00075D0152974D0162973D0D7E0B4286CD0F8
:1020D00032DC1C2869D016DC102866D00CDC0828FD
:1020E00063D004DC032861D004285FD15DE00B28B5
:1020F0005CD00C285AD158E0132857D0142854D05B
:10210000182853D151E03C284FD00CDC28284CD063
:1021100004DC202849D0242848D146E02C2844D08B
:10212000382843D141E03F2840D040283ED04328C2
:102130003CD055283AD138E0D92836D018DCC82808
:1021400033D00CDCBE2830D004DCB7282DD0BA2820
:102150002CD12AE0C22828D0C52827D125E0CB28B9
:1021600023D0CE2821D0D2281FD0D6281ED11CE0C3
:10217000ED281AD011DCE22817D009DCDC2814D0B5
:10218000DF287BD111E015E024E028E02CE04AE0D4
:10219000E6280AD0EA2871D107E0F02805D0F32814
:1021A00003D0F62801D0FA2868D1822366E04BE0FC
:1021B00056E05FE06838142806D2C0EBC00101EB9E
:1021C0000010384410809723022C57D2A819108091
:1021D000972353E0162C51D2158097234EE00C2CF8
:1021E0004CD21580972349E0A0F17401082906D24A
:1021F000C1EBC10303EB0111394411809723062D74
:1022000006D2C5EBC50101EB0511314411809723BE
:10221000082C33D25E38C0EBC00101EB0010304413
:10222000108097232AE0082C02D21680082325E08C
:10223000042D02D21780042320E0BE380A281DD2C4
:10224000BE2010800A2319E00D2C02D216800D2327
:1022500014E07638102811D27620108090230DE0FB
:10226000082C02D21680082308E0082D06D2178019
:10227000082303E0202C01D2168020231846F0BD4D
:1022800010B50021F74BF64A1B780BE0C1EBC104F7
:10229000145D844204D1C1EBC1001044807910BDAB
:1022A000491CC9B29942F1D3002010BD2DE9F04F6D
:1022B0008BB081460E46EC48407A01287ED000253E
:1022C000C9EBC900E649099008440A90E749099812
:1022D000AB4601EB800456B3217D8DF81810B4F89D
:1022E000150000F07F028DF81920050AB4F81700D8
:1022F000020A8DF81A208DF81B000846FFF73BFEF6
:1023000007469DF818103846FFF763FD8046002FFA
:1023100054D07F1EFFB2D648384490F828000728D2
:102320004CD1FFB1012F21D0022F23D025E00A98F4
:10233000CB498079DC2841D80998085C8DF81800D1
:1023400003218DF819108DF81AB007218DF81B1094
:10235000FFF711FE07469DF818103846FFF739FDC4
:102360008046D4E7C3480068059006E0C24800688C
:10237000059002E0C1480068059032210598EAF70F
:10238000F1FD00281AD000208DF81C004FF0010B41
:10239000E6B1207DFFF774FF0146B4F8170004AAE8
:1023A000FFF768FE05B1822000F07F018DF81D1057
:1023B000BDF810100A0A8DF81A2000E013E38DF81A
:1023C0001B10000605D54FF0010A04E08DF81DB082
:1023D00001E04FF0000A062106A802F02EF9010ADA
:1023E0008DF81E108DF81F0041463846FFF70DFD91
:1023F000384602F096F93A46082106A802F035F967
:102400009DF81900052101284ED002284CD09DF8D6
:102410001D0001EB400000F0FF083A464146002055
:1024200006F0DCFD012F45D0EEB39DF8180004A99D
:10243000FFF717FA0A2101284ED09DF81D0000EB86
:10244000800001EB4000C0B2394606F00DFE0028C6
:102450007AD0A8F10200C1B2894802F0EEF8884AA9
:1024600002EB080111F8023CB3EB102F6DD111F80B
:10247000011CC0B290468842F8D1EEB39DF8180016
:1024800004A9FFF7EEF99DF81000C0EBC0017448F5
:10249000084480792B287DD02C287BD05F2879D0E8
:1024A0002E2877D089E00EE09DF81D00C01D01EBBD
:1024B000D008B2E79DF81D00322100EB800001EB4F
:1024C0004000C0B2C0E79DF81D0000EB800128204D
:1024D00000EB4100C0B2B7E79DF81000C0EBC002AE
:1024E0005F48104480795D280BD0092809D09DF8F9
:1024F0001D0000EB800000E00CE001EB4000C0B2EA
:10250000A2E79DF81D0000EB8001282000EB4100B0
:10251000C0B299E798F80400DC2845D20A99504CDB
:1025200088712B2805D02C2803D05F2801D02E28B5
:1025300007D100231A4619461846CDF800B0FDF71A
:10254000FBF900204F4909E0F9E1F0E100EB40021E
:1025500001EB8202D27A1AB1401CC0B24845F5D9CB
:10256000099849499DF81820205C02F0070201EB08
:10257000D0010BFA02F20978114210D104A9FFF739
:1025800070F901280BD19DF81000C0EBC001214467
:10259000897900E009E0DC2901D2FFF74CF90A98BB
:1025A00081794846FDF797FA99E100231A461946C2
:1025B0001846CDF800B0FDF7BFF9BAF1000F01D011
:1025C00000262AE1002685E009EB0600C0EBC001E9
:1025D000264800EB8100089080F80BB0207DFFF7C3
:1025E0004FFE014608980173B4F8150000F07F0112
:1025F00001291DD002291BD0B4F81710FF2954D986
:1026000098F8043098F803C0C0F3C012CDE9012552
:1026100003EB0C230A0A009362F35F10C0B2CBB243
:10262000CA0A94F814C001466046F6F755FD4FE01B
:10263000B4F81710FF2929D9C0F3C01298F8033055
:10264000CDE901250A0A009362F35F10C0B2CBB254
:10265000CA0A94F814C001466046F6F73DFD37E01B
:1026600046D00360D4020060DC020060542C03609A
:102670007EEB03609C030060A4030060A003006085
:1026800060F2036004A603607ED90360C0F3C01249
:1026900098F80330CDE901250093CBB200F01F017B
:1026A000207D0022F6F718FD12E008EB4602C0F389
:1026B000C01392F804C0D27831440CEB02228DE8AA
:1026C0002C00CBB200F01F01207D0022F6F704FDA4
:1026D000761CF6B29DF81D00B0423FF675AFA2E041
:1026E000207DFFF7CDFDCB2830D0207DFFF7C8FD42
:1026F0002C284ED02B284CD05F284AD02E2848D0EA
:10270000B4F81700FF285FD908EB860194F815E0AC
:102710008B7991F803C0CEF3C01203EB0C6391F8F0
:1027200004C049794FEA0C4C0CEB012119448DE8A7
:10273000260000EB4601CBB2010A61F35F1EC20A1C
:102740000EF0FF01207DF6F7C7FC5BE098F804105F
:1027500098F8033098F805C001EB03214FF47A7321
:10276000594398F80630607D03EB0C234FF47A7CD4
:1027700003FB0CF3C0F3C01201EB13418DE82600FC
:10278000B4F81710CBB2CA0AC1B2207DF6F7A4FC88
:1027900038E098F8222098F82330607D02EB03623D
:1027A00098F8243098F821C0C0F3C011CDE9011584
:1027B0001B0403EB0C231A440092C1B2E37D207D7D
:1027C0000022F6F789FC1DE008EB860194F815E07D
:1027D0008B7991F803C0CEF3C01203EB0C6391F830
:1027E00004C049794FEA0C4C0CEB012119448DE8E7
:1027F000260000EB4600C3B20EF01F01207D002230
:10280000F6F76AFC09EB0600C0EBC001FC4800EBE0
:10281000810080F80BB0761CF6B29DF81D00B6EB77
:10282000500FFFF45DAFBAF1000F0CD0207DFFF721
:1028300027FD2C2826D02B2824D05F2822D02E2814
:1028400020D000253EE0002510E008EB4500ED4BD0
:102850000179C07801EB002082B2B4F81700284457
:1028600081B2207DFDF7FAFB6D1CEDB29DF81D00D5
:10287000A842EAD8E4499DF81D208878401E1044FB
:1028800088702CE0B4F81710207DDE4B0022FDF795
:10289000E5FB24E008EB8500DA4B8179C27801EB97
:1028A000026102794079120402EB0020084482B2EE
:1028B000B4F8170000EB450081B2207DFDF7CEFB98
:1028C0006D1CEDB29DF81D00B5EB500FE2D3CE4963
:1028D0009DF81D20887800EB5200401E88709DF8FE
:1028E0001800CA4A00211154A2F25E224FF4167158
:1028F00022F8101002F23E2101EBD00100F0070295
:1029000009780BFA02FB11EA0B0F3DD104A9FEF77F
:10291000A8FF012838D19DF81000BD49C0EBC002C6
:1029200011448979DC292FD2FEF785FF2CE0B649C6
:10293000363131F81700401C21F8170024E0B24866
:102940003C3030F81710491C20F817109DF818007B
:10295000AE4A115C491C1154012E15D1BAF1000F79
:102960001ED0207DFFF78CFC2C2821D02B281FD0D7
:102970005F281DD02E281BD0A3489DF81D108278FB
:1029800002EB5101491E81709DF818009F49095CB6
:102990000A291DD304A9FEF764FF01280DD017E012
:1029A00099489DF81D208178491E11448170EBE7FC
:1029B0009548817816318170E6E79DF810009449BA
:1029C000C0EBC00211448979DC2901D2FFF7A2FAD9
:1029D00038460FF028F83A460021012006F0FEFAAA
:1029E0000598EAF70AFA0BB0BDE8F08F2DE9F0433D
:1029F0008DB00446149D0F4691461E463846FFF79B
:102A00003FFC4FF0010850B1804807F00701203823
:102A100000EBD70008FA01F10078084243D000200B
:102A20007C4A00EBC00101EB410102EB810191F80E
:102A3000691019B1401CC0B21428F2D3142832D046
:102A4000322D30D200EBC00000EB400002F82040F5
:102A500002EB80046770A4F8029084F86850012D9E
:102A600002D0002069460EE03088A08016E036F8DB
:102A70001020120A01F8102001EB400316F8102074
:102A80005A70401CC0B2B0EB550FF0D3680884F800
:102A90006800201D2A4669461CF074FC84F8698091
:102AA000002084F86A000DB0BDE8F0832DE9F04FF6
:102AB0009DB00546002D02D15748D0F80080012D69
:102AC00002D0022D04D006E05448D0F8008002E085
:102AD0005348D0F800800020DFF83891002700EB41
:102AE000C00101EB410109EB810191F86920012A44
:102AF00012D191F86A20032A0BD200EBC00202EB3C
:102B0000420209EB820292F86A20521C81F86A2084
:102B100006E001F8697F4F70401CC0B21428DED374
:102B200014287FD200EBC00000EB400609EB8604BE
:102B30006078FFF7A5FB4FF0010A58B13349607880
:102B4000203901EBD00100F0070009780AFA00F003
:102B5000014267D032214046EAF704FA002861D0EA
:102B600061788DF810102846FFF733F901462846A2
:102B7000FFF74BF9284601F0D4FD6088010A8DF873
:102B800012108DF8130094F86820012A7AD919F8E8
:102B900026008DF811008DF814708DF8152004AB07
:102BA0000F2804D050008DF8160000204EE00021C0
:102BB000D01DC0088DF8160000201EE004EB400C6C
:102BC000BCF804C0BCF1000F02D04FF0010C01E0D2
:102BD0004FF0000C00F0070B0CFA0BFC4CEA010C58
:102BE0000CF0FF01401C5FEA407C1CD0824203D104
:102BF00003EBD00C8CF80710C0B28242DED827E07D
:102C0000542C036060F20360DC0200609ED9036014
:102C100046D00360E0B303609C030060A40300603F
:102C2000A0030060F8E003EBD00C8CF80610002144
:102C3000E2E704EB400103EB400C89884FEA112BDB
:102C40008CF807B08CF80810401CC0B28242F0D853
:102C50009DF81600C01DC1B204A801F0EEFC9DF85D
:102C600016300DF11701020A5A549DF8162006A9D4
:102C700050549DF816102A46093104A801F0F5FCBD
:102C80001AE0FFE719F826008DF81100052853D047
:102C9000A088010A8DF814108DF81500062104A8EB
:102CA00001F0CBFC010A8DF816108DF817002A46AA
:102CB000082104A801F0D9FC2A460821002006F0CA
:102CC0008DF92946642006F0CFF9DFF82CB410F016
:102CD000FF0F73D084F8697094F86800032101280D
:102CE00037D0A088CDE901A700909DF812009DF88B
:102CF0001330C20801EB4010C1B29DF81000F6F786
:102D0000EBF99DF810000BF80070FC4A4FF41671B7
:102D100022F8101002F23E2101EBD00100F0070270
:102D200009780AFA02FA11EA0A0F54D103A9FEF748
:102D300098FD012835D04EE0A08828B1FF208DF8FD
:102D400014008DF81570A9E78DF814708DF81570C2
:102D5000A4E719F82600052812D00628D1D1A088AA
:102D6000CDE901A700909DF812009DF81330C2082C
:102D700001EB4010C1B29DF81000F6F7ADF9C0E7C5
:102D8000A088CDE901A700909DF812009DF81330AE
:102D9000C2080AEB4010C1B29DF81000F6F79CF98A
:102DA000AFE79DF80C00D649C0EBC0021144897909
:102DB000DC2910D2FEF73FFD0DE0FFE7D14931F8E5
:102DC0001500401C21F815009DF810001BF800109C
:102DD000491C0BF800109DF810001BF800100A2980
:102DE0000FD303A9FEF73DFD01280AD19DF80C0081
:102DF000C349C0EBC00211448979DC2901D2FFF735
:102E000089F828460EF00FFE2A460021012006F020
:102E1000E5F84046E9F7F1FF1DB0E5E52DE9FE4391
:102E20008146B74DC9EBC90041198979DC297CD8A5
:102E3000285C8DF8040003218DF8051002218DF81F
:102E40000610CA218DF807104FF000088DF8088091
:102E500009218DF80910FFF78EF804469DF804103B
:102E60002046FEF7B6FF0646002C5ED0641EE4B294
:102E7000A548204490F82800072856D1062101A82B
:102E800001F0DBFB010A8DF80A108DF80B003146CA
:102E90002046FEF7BAFF204601F043FC22460821F7
:102EA00001A801F0E2FB22461721002006F096F867
:102EB0002146642006F0D8F88F4F061E4ED015210B
:102EC000924801F0BAFB91494A7DB2EB102F3DD1F7
:102ED0008A7DC0B2904239D10879CA7800EB0222CB
:102EE0008B48562A00EB091020D010211CF063FA01
:102EF0008848012100F809109DF8040007F80080B7
:102F00007E4B4FF4167223F8102003F23E2202EBA0
:102F1000D00200F00703127899400A4229D169468D
:102F2000FEF79FFC012806D023E042E01022491D55
:102F30001CF028FADCE79DF80000C0EBC001294432
:102F40008979DC2915D2FEF776FC12E06D48801FE6
:102F500030F81410491C20F814100AE0694830F8C1
:102F60001410491C20F814109DF80400395C491C09
:102F700039549DF80400395C0A290ED36946FEF7DE
:102F800070FC012809D19DF80000C0EBC001294464
:102F90008979DC2901D2FEF7BDFF31465B481CF080
:102FA0000AFA20460EF03FFD22460021012006F0DD
:102FB00015F8BDE8FE8370B557480178002931D077
:102FC000504C491E3C3C207B884202DA401C207356
:102FD00001E000202073207B494BC0EBC00103F6C9
:102FE00038155A5C05EBD20502F007062D78012250
:102FF000B24015420AD04749095C21B1BDE8704092
:103000000021FFF753B9BDE8704007E719448979FB
:10301000DC2901D9FEF70FFC207BBDE870400021C0
:10302000FFF744B970BD37493C39487A012808D1C7
:10303000088C401C80B208840A2802D900204872FB
:10304000088470472DE9F041002033492B4D2C4C6A
:103050000B7865E0C0EBC001625C35F912104E1EC2
:1030600025F81260002959DAC0EBC006224AA15D9A
:10307000603A02EBD10701F0070897F800C001227F
:1030800002FA08F22CEA020C87F800C01A4F403FFF
:1030900007EBD1010F7897430F7014E0411C0F46E6
:1030A000C1EBC102C0EBC00114F802C004F801C0BA
:1030B00010192144D0F80120C1F8012042794A7149
:1030C00080798871F8B29842E8D30027401CC0EBA1
:1030D000C00027542044C0F8017047718771094926
:1030E0003C39087808B1401E0870FEF75BF9A05D16
:1030F00025F81070BDE8F0819ED9036040D70360C9
:1031000046D00360180300607EEB036060F203604A
:1031100058BD036048CD0360D4020060401CC0B2BB
:10312000984297D3E6E71CB500208DF800000321F4
:103130008DF801108DF8020015218DF803108DF81F
:10314000040001208DF805000621684601F075FA9B
:10315000010A8DF806108DF80700012001F0E1FA50
:1031600001220821684601F080FA0122072100208F
:1031700005F034FF0121052005F076FF002813D06B
:103180000521FE4801F059FAFC494A79B2EB102FAB
:103190000BD18A79C0B2904207D10879C97800EB87
:1031A0000120F749A1F857001CBDF6484188491C89
:1031B00041801CBD0EB5FF208DF8000003208DF866
:1031C000010004208DF8020000208DF80300EC4976
:1031D00009798DF804108DF8050023208DF806007C
:1031E0000721684601F029FA010A8DF807108DF8C9
:1031F0000800012001F095FA01220921684601F03A
:1032000034FA0EBD1CB500248DF8004006208DF860
:1032100001008DF8024022208DF803008DF8044053
:1032200001208DF805000621684601F006FA010A22
:103230008DF806108DF80700012001F072FA0122C6
:103240000821684601F011FACE483638C4721CBD18
:1032500008B50024CB4E0F20363E70730025B573A1
:10326000F573FEF794FC4FF0010886F80980358469
:10327000DFF814A38AF83E80FF21C4481CF09BF8B5
:1032800035733574FFF7BEFFC0484FF4FF61FF3060
:103290001CF091F8DFF8F8B206F12209BD490220CE
:1032A00008700020F2F72BF9ECF792FCECF74DFDDB
:1032B000FFF7B9FE707B64280FD3B27A5AB1B17BA5
:1032C00019F80100521E914202DA491CB17300E064
:1032D000B573FEF7A0FD757384E0307C01280DD135
:1032E000F07A0A2809D2401CF072C00702D0FFF71A
:1032F0001AFF03E0FFF75EFF00E03574FFF7A2FE60
:103300006420E8F7FCFE707B401C7073BAF8040080
:10331000401CAAF80400322C02D2641CE4B200E083
:10332000002454B1B17A39B3F07B19F80070491E0A
:10333000884205DA401CF07303E0FFF73CFE51E0E1
:10334000F573012F03D14FF4C870E8F7D8FE384663
:10335000FFF7ACFB9048017829B1B07888420CD2D5
:10336000401CB0700AE0FFF726FE41F28830E8F713
:10337000C6FE707B3230707334E0B570B078694649
:10338000C0EBC0000BEB8000007DFEF76AFAB0785E
:103390007E4AC0EBC0010BEB8103203A197D02EBA2
:1033A000D10201F0070C177808FA0CF29446174284
:1033B00010D19DF80020794FC2EBC2023A449279B5
:1033C000DC2A07D207F6F80202EBD102127812EAE1
:1033D0000C0F04D1A1B12146FEF768FF02E0DD72B7
:1033E000FFF7E9FD307901287FF458AFFDF7DAFFE8
:1033F0006B4880F800806B4880F8128035714DE78B
:10340000FFF7D9FDEEE75F4A0023363A507C0028EB
:1034100009D0917E481CC0B29076052902D2401C8A
:10342000907600E05374907C002807D0117D481CF2
:10343000C0B21075052902D2401C107570479374F4
:1034400070471CB54E4CB4F84900F0F73FFE4FF002
:10345000000884F84D804C4C4FF0010A84F83FA0DE
:10346000EDF7E6FD0127DFF81C91A9F13609A9F86F
:103470001E804FF0020B4FF4FA70E8F740FE42480E
:10348000C188491CC18043490320087099F8050090
:10349000401CC0B289F80500B42804D3384880F82D
:1034A0004DA089F80580B9F81E00402802D94020B7
:1034B000A9F81E00B9F81E00B0FBF7F107FB1100D8
:1034C00008B10026C1E0322F01D27806070E99F824
:1034D0001B0001282ED199F81C00411C89F81C10F2
:1034E000022823D2052089F8130089F811A089F851
:1034F0001A8099F80800411C89F80810C0070DD0FF
:103500004FF0FF342046F0F76FFE2046F0F768FEDC
:103510000222D01E014616F0CAFB0BE0224C2068A6
:10352000F0F762FE2068F0F75BFEF1E789F81C8097
:1035300089F81B80A9F81E80F6E02B2106FB01F01C
:103540001A494418A07C01287DD1A07A01287AD19B
:1035500089F8168089F811A089F81A80094920682D
:103560000C31FAF764FC052089F81300CDE9008BD3
:1035700055230122206880211AE0000060F20360D8
:103580007EEB03601203006054F503609ED9036074
:10359000542C0360C60300605802006046D00360EC
:1035A000BE0300607054036040010060543A036041
:1035B00016F081FF89F8180089F81780607D401C9B
:1035C0006075002504E0E5F754FB6420E8F797FDFB
:1035D00099F8160020B928466D1CEDB21E28F2D3CA
:1035E00099F8160001281ED184F80AB00020FD4980
:1035F000DFF8F4C30B780FE000EBC00101EB4101F1
:10360000614425680A69AA4204D199F817200AB1D1
:103610008A70CA70401CC0B29842EDD399F8170066
:1036200008B120716072607D0A2803D984F80AB05D
:1036300084F815804FF47A70E8F761FDB9F81E0040
:10364000401CA9F81E00761CF6B2E84800788642B5
:10365000FFF473AFE3480178F1B3002660E006EBB6
:10366000C600E14900EB40004418A27E052A03D9B8
:1036700084F81A8084F80B8089F8158084F8198002
:10368000CDF800B0095C6078E37800F0E00201EB6F
:10369000C201A27800F01F00F7F725FF054664205D
:1036A000E8F72DFD002D2DDB6576002504E0E5F71C
:1036B000E0FA3220E8F723FD99F8150020B92846F2
:1036C0006D1CEDB21E28F2D399F81500012804D024
:1036D000A07E401CA07618E026E084F81A8084F8CA
:1036E0000BA0E178A078022301AAFAF7F7FB401CAF
:1036F0000BD09DF8042005212B204243BC481044E8
:10370000C17402E0A07E401CA0764FF4FA70E8F786
:10371000F6FCB9F81E00401CA9F81E00761CF6B293
:10372000B048007886429AD3B9F81E00401CA9F828
:103730001E00A0E62DE9F04781460E460024AD4F5D
:103740004FF0FF3804EB840000EB4410C51904224D
:10375000494628461BF075FE58B9E888B04208D1A2
:10376000687E20B1072802D060B2BDE8F0874046ED
:10377000FBE70422494628461BF063FE20B9A888CF
:10378000B04201D160B2F0E7641CE4B20A2CD9D394
:103790004046EAE700EB800202EB4010954A1044F5
:1037A0000222427640F6CA72428282820A880280EF
:1037B0004988418070472DE9F04F8BB000EBC00085
:1037C00000EB40018C480D1895F802A02E7D687D15
:1037D00000F07F04B5F81790DFF8208298F8100009
:1037E00098F80F1040EA0120010241EA1020ADF8DC
:1037F000280098F811004AEA0020010241EA10204E
:10380000ADF82A007E4FB8F82100E9F7D0FF014655
:103810000AA8FFF78FFFB871401C0BD1B8F8210040
:10382000E9F7C5FF01460AA8EAF77DF897F906000F
:10383000401CE8D097F906006E4A00EB800101EBCE
:1038400040111144EB464DF82010487E58B9B8F8A5
:103850002100E9F7ACFF01460AA8EAF764F897F9F6
:1038600006104BF8210097F906105BF82100C8B349
:10387000F87901237F2802D2401CF87100E0FB7127
:10388000604A01EB810102F821A002EB8101F87985
:10389000487000228A70CA700A7106274F7106B9F3
:1038A000FF268E71CC71032C05D0012C03D0022C85
:1038B00001D0042C11D14FEA19260E7281F809901B
:1038C0008A72B5F81520120A042C00D101224E4D3F
:1038D0000C2442B10222CA722C704C490B700BB0FE
:1038E000BDE8F08F02E0CB722C70F6E70020F6E71F
:1038F000F0B58DB0DDE912650024454F04EB440CB2
:1039000007EB8C0C9CF80AC0BCF1000F03D0641CC0
:10391000E4B2142CF2D34FF0FF3C142C04D0022D4F
:1039200004D960460DB0F0BD6046FBE704EB4404EB
:1039300007F8240007EB84046170A270A4F8033038
:103940006572012D02D0002168460FE03088A4F88E
:10395000050012E016F8112000F8112036F81120A9
:1039600000EB4103120A5A70491CC9B2A942F1D3B3
:103970006A00601D69461BF005FD65720120A0729A
:103980000020E072CEE72DE9F04F8BB00025DFF884
:103990006C801B4FDFF878A0E946AB4605EB450687
:1039A0000AEB8604A07A012879D1E07A032831D283
:1039B000401CE07298F8100098F80F1040EA0120BF
:1039C000010241EA1020ADF828001AF8260098F804
:1039D000111040EA0120010241EA1020ADF82A004E
:1039E00022E0000055020060941703605902006055
:1039F000543A0360E2190160F41A03607EEB03603D
:103A0000DC020060BA460160230100605A010060D8
:103A100050BC036005EB45000AEB800080F80AB05B
:103A200084F80BB000205AE7B8F82100E9F7BFFE90
:103A300001460AA8FFF77EFEB871401C0BD1B8F80A
:103A40002100E9F7B4FE01460AA8E9F76CFF97F9EF
:103A50000600401CE8D097F90600F84A00EB800108
:103A600001EB4011114449F82010487E58B9B8F8CC
:103A70002100E9F79CFE01460AA8E9F754FF97F9EF
:103A8000061049F8210097F90620394659F8220016
:103A900080B3C8797F2803D2401CC87102E06EE071
:103AA0000120C8711AF82630E54E02EB820006F8B4
:103AB000203006EB8000CA79427080F802B080F8AE
:103AC00003B080F804B006224271A2780AB9FF223E
:103AD000A270A27882716278C271B4F803301E0AB3
:103AE00006724372637A012B15D1062A03D0052A88
:103AF00007D00DE02FE0B4F80520160A8672C272D6
:103B000006E0B4F805204AB1FF22827280F80BB0BB
:103B1000CC4A0C261670022B05D019E080F80AB0AA
:103B200080F80BB0F4E70B22427180F80AB0022251
:103B3000C27204220273B4F805204273120A82731F
:103B4000B4F80720C273120A0274BE481122027030
:103B5000BD4A0120107081F819B000260F4602E01E
:103B60003220E9F79EFD787E20B93046761CF6B209
:103B70001428F5D3787E012801D184F80AB06D1C91
:103B8000EDB2142DFFF40AAFF879A8E6AF484FF074
:103B9000010A80F840A0AE4FFF21B971AA494FF049
:103BA000000881F80080DFF8ACB2DFF8AC92A748DB
:103BB0000189491C018199F8000080B3FFF7E3FEF9
:103BC000002632E006EBC60000EB400000EB0B04E1
:103BD000A07E0A2803D984F81A8084F80B8087F81D
:103BE00019803046FFF7E7FDC0B26076C0B100250E
:103BF00002E03220E9F755FD787E20B928466D1C99
:103C0000EDB21428F5D3787E012803D0A07E401CA5
:103C1000A07608E084F81A8084F80BA003E00CE09A
:103C2000A07E401CA076761CF6B299F80000864271
:103C3000C8D33220E8F763FAB9E741F28830E8F7F1
:103C40005EFAB4E72DE9FF4F81B004468846164678
:103C50004FF0000960784FF4FA73032810D004285D
:103C60000ED001280CD002280AD006281AD010281D
:103C700018D0052816D00F2814D0FF282FD044E0E4
:103C80000521012809D0022807D0627901EB4205FD
:103C90000A2101EB45018FB237E06279D21D01EBB9
:103CA000D205F5E70825062802D161793F2903D01E
:103CB000E178102902D004E01F4626E062797F2ACD
:103CC0000AD0A27801EB022142F21072914201D394
:103CD0004FF00109642718E04FF47A7715E0617A14
:103CE000642910D2627B217B02F0010201EB0221E8
:103CF000E27AA57A521B521C4A43103295B205F162
:103D000032018FB201E01025642719280AD02178EA
:103D1000FF2911D00020FEF75CF801463046FEF77F
:103D200074F820E04D4806784D4801783046FEF79B
:103D30006CF809251F4616E026B1012E08D0022E88
:103D40000CD010E0474801783046FEF75EF80AE0F4
:103D5000454801783046FEF758F804E043480178BA
:103D60003046FEF752F8304600F0DBFC6078DFF8B2
:103D700000A1FF280AEB080B5FD0424621465046BF
:103D80001BF000FB08F0FF01504600F056FC010A52
:103D90000AF808108BF8010008F102081FFA88F1F0
:103DA0003246504600F061FC32462946002005F0BC
:103DB00015F960784FF00008192867D04FF6FF70AA
:103DC00000EA4700314605F04FF9DFF8A8B0071EBA
:103DD00074D0B81EC1B2284800F02FFC0146264816
:103DE0003844801E4278007802EB002088427DD162
:103DF00004980168CAF800108088AAF80400607866
:103E0000FF2874D0BA1E1C490AF106001BF0BAFA4A
:103E10002A1D174919481BF0B5FA1949281D824671
:103E200008802A1D124917481BF0ACFA1648A0F862
:103E300000A0A07802287DD0D1E028E0E21901603E
:103E4000BA460160230100605A01006054F5036026
:103E5000DC020060F41A0360560200604A0300604E
:103E60004B0300604F03006050030060510300608B
:103E7000ECB103609ED9036060F203609F1F016094
:103E8000EE000060B66F04607A04006017E0A8F1ED
:103E900002022146FE481BF075FAA8F10200C1B2E9
:103EA000FB4800F0CAFB010A0BF8021C0BF8010CDE
:103EB00032464146F64800F0D8FB75E7D3E031467C
:103EC000384605F0D1F8074605285BD904995046D5
:103ED0000A68CAF800208988AAF804103A46ED4911
:103EE000801D1BF04FFABA1DE94901E0B3E04AE03A
:103EF000E9481BF047FAE949B81D04460880BA1D95
:103F0000E349E7481BF03EFAE6480480F9B2E1488D
:103F1000FDF744FB012801D0032833D1E248CDF856
:103F20000080E24CD0F80110007823783246FDF78B
:103F3000C4FC00E03FE0DE48304490F82810072938
:103F400006D0072180F8281006F11D000DF00BFDAA
:103F500016B1022E07D00CE0D64821780170092056
:103F60000DF001FD05E0D4482178017053200DF0DB
:103F7000FAFCCD4C483C2079012803D1FDF712FA18
:103F800084F8048092E03A46C2490AF106001BF028
:103F9000F9F9AA1DBE49C0481BF0F4F9BF49A81D94
:103FA00082460880AA1DBA49BD481BF0EBF9BD48FE
:103FB000A0F800A03DE7E078CB2810D16079102868
:103FC0000DD120786946FDF74CFC40B1BB489DF807
:103FD0000010102200EB0110E11D1BF0D3F9B9F124
:103FE000010F09D1E078A178E31D00EB012081B237
:103FF00020780022FCF732F8012E05D1B04880F875
:104000000080B048A0F8008020780BF8008021786C
:10401000AD4A4FF4167022F81100207802F23E21CA
:1040200001EBD00100F00702097801209040014225
:1040300026D120786946FDF714FC012820D19DF88F
:104040000000A249C0EBC00211448979DC2917D2D3
:10405000FDF7F1FB14E09448123830F81610491CB3
:1040600020F816100CE090490C3931F81600401C6D
:1040700021F8160020781BF80010491C0BF80010DE
:1040800020781BF800000A2810D320786946FDF735
:10409000E8FB01280AD19DF800008C49C0EBC00262
:1040A00011448979DC2901D2FDF734FF394679487A
:1040B0001BF081F930460DF0B6FC05B03246BDE884
:1040C000F04F0021012004F089BF2DE9F0410646A0
:1040D0000D461446022C7DD87078032813D006288C
:1040E00019D0102817D0192874D10C274FF0320896
:1040F0003178FF291BD00020FDF76BFE01462046DA
:10410000FDF783FE2AE07079052101EB4000C7B27C
:104110004FEA4708ECE70827062802D170793F28C4
:1041200002D04FF06408E3E74FF47A78E0E724B177
:10413000012C08D0022C0CD010E05E4801782046FB
:10414000FDF763FE0AE0624801782046FDF75DFE58
:1041500004E0594801782046FDF757FE204600F05C
:10416000E0FA2A4631464A481BF00CF9E9B24848C1
:1041700000F063FA4649020A4A5529444870AD1CCA
:10418000A9B22246424800F070FA22463946002081
:1041900004F024FF2146404604F066FF051E22D0AD
:1041A000A81EC1B23B4800F048FA014639482844ED
:1041B000801E4278007802EB002088420BD13C4EF2
:1041C0002636307800F0ADFA32782946314800F0D2
:1041D0004CFA0FE01CE03449123931F81400401C4D
:1041E00021F8140006E030480C3830F81410491C4F
:1041F00020F81410294627481BF0DDF820460DF062
:1042000012FC2246BDE8F0410021012004F0E6BE88
:10421000BDE8F0812DE9FC4706464FF407612D48C3
:104220001BF0C9F8F0212C481BF0C5F81E480024EB
:104230002638847044700470A0F12205AC726C7052
:10424000EC70EC72AC7000211C4A00F10E0700F11A
:10425000140C00F11A08183ADFF88090204802F197
:104260000C0342F8214043F8214027F811402CF874
:10427000114028F8114009F801404454491CC9B2C2
:104280000329EED3EC620021164B1E222CE0000025
:10429000ECB1036060F203609F1F0160EE000060FC
:1042A000B66F04607A040060240300604B03006072
:1042B0007EEB03604F0300605103006058BD036054
:1042C000FE0100600802006040D7036046D0036032
:1042D00050030060E0B3036050BC0360B7030060AC
:1042E000B403006048CD036003F580704FF4167787
:1042F00000F6F80C5C5420F811202CF81170491CC1
:10430000C9B2FF29F6D3FDF7BAFD45F84F4FAC808F
:10431000AC718349FF20087082490870824804709C
:1043200082480023CDE900604FF4006280A18348F9
:10433000E7F76FFDBDE8FC87FEB50C46154600218A
:104340008DF8001003268DF80160A0F598507338A1
:10435000020A8DF802208DF803008DF804108DF804
:1043600005400621684600F068F9010A8DF806103C
:104370008DF80700012000F0D4F9012208216846D9
:1043800000F073F9052000EB44010122002004F045
:1043900025FE0121642004F067FEE8B106EB44002D
:1043A000C1B2674800F049F9654901EB4402D3788E
:1043B000B3EB102F10D11279C0B290420CD1002073
:1043C00005E00A18D27805F8012B401CC0B2B0EB0A
:1043D000440FF6D30120FEBD0020FEBD1CB50446EF
:1043E00000208DF8000006218DF801108DF80200E4
:1043F00015208DF80300200A8DF804008DF8054083
:10440000684600F01AF9010A8DF806108DF80700C9
:10441000012000F086F901220821684600F025F904
:1044200001220821002004F0D9FD0121052004F01B
:104430001BFE00280FD00621414800F0FEF840493D
:104440008A79B2EB102F07D1C979C0B2884203D163
:104450003C48A0F857401CBD34480E304188491CE8
:1044600041801CBD70B5314C374E1434A4F13C056D
:104470006088E96A401A142802D83088142803D9C1
:10448000FEF7C0FE002030806088E86270BD70B525
:1044900000202F492D4A00240B78A2F58075C3EB2C
:1044A00003114E000BE032F8101019B1491E22F82A
:1044B000101002E02C5422F81060401CC0B2984248
:1044C000F1D370BD70B50024184D224E283D22E076
:1044D00004EB840000EBC4003044B0F80B20531C04
:1044E000A0F80B30B2F5967F13D901EB810202EBF5
:1044F000C10131440D221AF045FF687F00EB8001B5
:1045000001EBC00030440D211AF055FF687F401EBA
:104510006877641CA4B2697F8C42D9D370BD000057
:104520004A0300604B0300604D0300600403006019
:104530005363616E5461736B0000000051320208D6
:1045400060F203607EEB03600802006048CE036007
:10455000D402006095E20360F8B5FE4890F82300AD
:10456000022801D006282ED10121C020E4F7A3FCA7
:104570004FF46040ADF8000010258DF8035003247F
:104580008DF80240F44E69463046E4F78EFA402139
:10459000ADF800108DF803508DF80240EF4C6946DD
:1045A0002046E4F782FAE9023046E4F7E8FA4021CF
:1045B0002046E4F7E6FA61143046E4F7E0FAA9028F
:1045C0003046E4F7DEFAF8BD022818D8E149E44B9A
:1045D000002291F8231098B1012824D002280ED18E
:1045E000DA86DA70DF48032921D004291FD0072991
:1045F0001DD00C291BD00A291CD0C0F8AC21704753
:10460000A3F84020DA7303290AD0042908D0072927
:1046100006D00C2904D0082902D0D3480260704784
:10462000D24802607047A3F842201A747047C0F85D
:10463000AC217047CE4802607047F0B5FF23FF24DD
:104640000022CC4E06F5807708E01546521C455DE9
:10465000D2B25D40EDB2735D63407C5D491EC9B26C
:10466000F3D244EA032080B2F0BD70B50C46BC4ED4
:1046700040F22775022A18D818D101462246BE48B2
:104680001AF080FEF48501222946BC48E5F749FC72
:104690000024F58D04E0641CA4B20220E7F72FFD8E
:1046A000F08D002801D0AC42F5D370BDAAB1012A2B
:1046B000FBD101462246B2481AF064FEB4850122BD
:1046C0002946B048E5F72DFC0024B08D4FF6FF7168
:1046D00000EB800001EA40051DE001462246AA48A1
:1046E0001AF050FE748501222946A848E5F719FC06
:1046F0000024758D04E0641CA4B20220E7F7FFFCDF
:10470000708D0028D1D0AC42F5D370BD641CA4B22A
:104710000220E7F7F4FCB08D0028F6D0AC42F5D3C8
:1047200070BD70B50446022C19D820460DF07BF9F7
:104730000121974B874A012C12D03CB3022C0ED199
:1047400092F82300874A032832D0042830D0072863
:104750002ED00C282CD00A282DD0C2F8AC1170BD58
:1047600092F829000024022801D17D4D6C7592F841
:104770002320052A01D0062AF1D1072803D010B141
:10478000C3F88C4170BDC3F88C1170BD92F8230042
:1047900003280AD0042808D0072806D00C2804D003
:1047A000082802D0C3F8881170BD7048016070BD40
:1047B000C2F8AC1170BD6E48016070BD012080F37D
:1047C000138874480168744A01F4E0611143016080
:1047D000BFF34F8FFEE7624C48342088A18808441D
:1047E00081B2DB200DF0BFF82088A1880844C0F317
:1047F0000721DC200DF0B7F8D4E900010844C0F32C
:104800000741DD200DF0AFF803CC0844010EDE2097
:104810000DF0A9F855212720E5F7CDFE5F4908885E
:10482000401C0880C1B21820E5F7C5FEFFF7C6FF9F
:104830002DE9F05F0446474E30787178F27800EB4E
:104840000120B178090401EB0261084416F0B4FCC0
:10485000D4F8B11088427BD104F1340114220F4600
:104860004F481AF0EEFD002548B184F84750142255
:1048700039464B481AF086FD4948EEF720FD96F878
:10488000500094F8F010DFF81CA1012788420ED0E8
:104890004548057045480570454805608AF8EF7041
:1048A00094F8F01086F85010CB200DF05CF8B4F9B5
:1048B000AF0016F082FCDFF8A890B9F938108842F2
:1048C00019D0B4F9AF0016F078FC00231A46B9F9F4
:1048D0003810ECF7AEFAB4F9AF0016F06EFCA9F898
:1048E0003800C0F307210C200DF03DF899F838107E
:1048F0000D200DF038F894F8CE2099F808309A423F
:104900000AD000210846ECF794FA94F8CE1089F802
:10491000081019200DF027F896F8480094F8AE100A
:10492000DFF88080884208F1CF0807D105286AD1D6
:104930001E2241461F481AF084FD50B194F8AE1073
:1049400086F8481005295ED807200DF00CF833E0F2
:10495000B0E358E07EEB036000180140001C01400A
:10496000440300600000234288012242A0812242C9
:10497000800121423F1B040884E703600048004097
:1049800090E50360004400409CE303600038014070
:10499000000022420CED00E00400FA05AAFA0360D0
:1049A00080170360E25E0260C9030060CA03006012
:1049B000E4030060225F016096F84800022822D3D9
:1049C000052807D11E224146FE481AF0DBFCFD48AF
:1049D000ECF7A9FF96F84800ECF74DFBFA48057094
:1049E000FA480570FA480560FA48C178027841EA49
:1049F000026142788078120442EA00200143B9F94A
:104A00003800ECF786FA96F8471094F8AA00DFF819
:104A1000C883814212D086F84700012809D198F84E
:104A20000000ECF702FEED480570ED480570ECF76C
:104A3000EFFB96F847100A200CF095FF94F8AB10A6
:104A400098F80000814204D088F8001004200CF08F
:104A50008AFFB4F9AC0016F0B0FBDFF88883B8F831
:104A6000001088420FD0B4F9AC0016F0A6FB81B25A
:104A7000A8F800101B200CF076FFB8F80000010A1F
:104A80001C200CF070FF202204F18A01D6481AF095
:104A900079FC202204F14A01D4481AF073FC202248
:104AA00004F16A01D2481AF06DFCDFF84883E0682F
:104AB000C8F87500208AA8F8790096F8281094F8AC
:104AC0002600814217D086F82800022800D010B9AD
:104AD0000020FFF779FD96F82800012801D0092869
:104AE00002D1002014F098FFFDF751F896F8281035
:104AF0001D200CF038FF96F8291094F82700814209
:104B000023D086F82900022800D010B90120FFF731
:104B10005BFD96F82900072803D1FDF738F8B64861
:104B20000570FDF734F896F82300052801D0062813
:104B300006D196F82910B148072912D0C0F88C5137
:104B400096F829101E200CF00EFF96F82A1094F803
:104B5000280081421BD086F82A00022804D018B110
:104B600005E0C0F88C71EBE70220FFF72DFD96F809
:104B70002A00012801D0092802D1022014F04CFF9C
:104B8000FDF705F896F82A101F200CF0ECFE96F8B9
:104B9000510094F8F710884207D086F85110BF20D2
:104BA0000CF0E1FE00200CF03EFF96F8530094F864
:104BB000F910884207D086F85310C0200CF0D3FEBD
:104BC00002200CF030FF96F8540094F8FA10884256
:104BD00007D086F85410C4200CF0C5FE00200CF05D
:104BE00022FF96F8560094F8FC10884207D086F809
:104BF0005610C5200CF0B7FE02200CF014FF96F8FA
:104C0000440094F82F10884204D086F844109A206B
:104C10000CF0A9FE96F8450094F83010884204D0B4
:104C200086F845109A200CF09EFE307994F8C51055
:104C3000DFF8CCB188420ED0481EFE280BD231716D
:104C400006200CF090FE30798BF800008AF8F20014
:104C5000002013F0DFFD94F8F2109BF80000814271
:104C60000DD061B1FF290AD08BF800108AF8F2103C
:104C7000317106200CF077FE002013F0CBFDDFF839
:104C800084B194F849109BF80000814211D0481E6D
:104C9000FE280ED28BF800109C200CF064FE9AF8CF
:104CA00049009BF80010F5F78CFF9BF800008AF88C
:104CB000490094F8320094F8081100EB0120B6F88E
:104CC000421088420BD0A6F8420094F83210E72038
:104CD0000CF049FE94F80811E6200CF044FED4F8DC
:104CE000C60016F069FADFF820A1DAF80010884251
:104CF0000CD0D4F8C60048B116F05EFACAF800002D
:104D000013F0BDF8DAF80000EFF70AF896F827007C
:104D100094F82A10884204D086F8271020200CF03E
:104D200022FE94F82C1099F80B00814212D089F8D9
:104D30000B1096F82800022806D028B1072803D0C7
:104D4000012801D0092802D109200CF00CFE002016
:104D50000CF069FE94F82E1099F80D00814212D0E3
:104D600089F80D1096F82A00022806D0012804D0F0
:104D7000092802D008B1072802D153200CF0F3FD16
:104D800002200CF050FE94F82B00582803D11F4845
:104D9000077084F82B5094F82B006F2802D09628C7
:104DA00002D005E0FFF717FD84F82B50FDF770F8EF
:104DB00094F82B004D2830D184F82B5014480770FC
:104DC000144829E0225F0160C9030060CA03006043
:104DD000E40300608803006088010060CB0300608A
:104DE000CC030060900100602061016040610160BF
:104DF000606101601CEB0360E7020060000022427A
:104E00008D0200605402006074020060CD030060F7
:104E10002104006022040060057096F84F0094F8A9
:104E2000EE10884204D086F84F10D6200CF09BFD7F
:104E300094F82B00632818D184F82B5084F8F15093
:104E4000FB480570FB480570FB480560FB48C178CE
:104E5000027841EA026142788078120442EA002036
:104E60000143B9F93800ECF754F8F548042221461B
:104E700083461AF0E6FADFF8C89304F1080AA9F1AC
:104E80000F0909F1190509F11D0938B1207878BB1E
:104E9000607868BBA07858BBE07848BB0422211D2D
:104EA00028461AF0CEFA38B1207908BB6079F8B9F3
:104EB000A079E8B9E079D8B90422514648461AF0F9
:104EC000C0FA38B1207A98B9607A88B9A07A78B9EE
:104ED000E07A68B9B4F9C30016F06FF90146B6F884
:104EE0002100814200D018B9B07BA17C88427CD0DF
:104EF0000422214658461AF0A4FA40B3207828B973
:104F0000607818B9A07808B9E07800B32068C8F8CC
:104F10007100F17B2F200CF026FD317C30200CF04D
:104F200022FD717C31200CF01EFDB17C32200CF092
:104F30001AFD96F82A00012807D0092805D096F80E
:104F40002800012801D0092801D1BE480770042299
:104F5000211D28461AF075FAD0B1207928B9607958
:104F600018B9A07908B9E07990B16068C8F87B00F9
:104F7000717E33200CF0F7FCB17E34200CF0F3FC92
:104F8000F17E35200CF0EFFC317F36200CF0EBFC8D
:104F90000422514648461AF054FAD8B1207A28B96A
:104FA000607A18B9A07A08B9E07A98B1A068C8F810
:104FB0007F00717F37200CF0D6FCB17F38200CF0D9
:104FC000D2FCF17F39200CF0CEFC96F820103A206C
:104FD0000CF0C9FCB4F9C30016F0EFF80146B6F8BE
:104FE0002100814212D088B100E01BE0B4F9C30077
:104FF00016F0E3F881B2A6F821103D200CF0B3FCC6
:10500000B6F82100010A3C200CF0ADFCB07BA17C7D
:10501000884205D0012903D8B1732E200CF0A3FCDF
:1050200089480770B6F85710B4F8F300814201D0F0
:10503000FFF7D4F9854894F8F5100278914203D02F
:1050400001709D200CF08FFC96F8620094F804111A
:10505000884206D086F86210E2200CF084FCEBF760
:10506000ADFE96F8630094F80511884206D086F8E4
:105070006310E3200CF077FCEBF7A0FE96F86400D9
:1050800094F80611884206D086F86410E4200CF0EB
:105090006AFCEBF793FE96F8650094F807118842D6
:1050A00008D086F86510E5200CF05DFCBDE8F05FE7
:1050B000EBF784BEBDE8F09F2DE9F041A0F5185351
:1050C000483B1144C72B1BD8642093FBF0F200FB34
:1050D0001232002A3AD193FBF0F0C4B204EBC400C0
:1050E0005B4A00EB041002EBC000C91DC8221AF095
:1050F00049F9012C2AD1BDE8F0415548FFF798BB8A
:10510000A0F51C52103A4FF4B8670124514D524E8D
:105110001723BA421CD2B2FBF3F003FB1020002885
:1051200014D1B2FBF3F0C7B2C7EB07104B4A00EB48
:1051300040001044C91D2D221AF024F900213846E0
:10514000F0F754FCF0F7FCFB2C703470BDE8F081F4
:10515000A0F53052D03ABA4216D2B2FBF3F003FBBC
:1051600010200028F2D1B2FBF3F0C0B2C0EBC002B5
:1051700002EB00103A4AC91D02EB40002E221AF041
:1051800001F96C703470E1E7A0F54852903AB2F53D
:10519000206F16D21420B2FBF0F300FB1323002B78
:1051A000D4D1B2FBF0F0C0B2C0EBC00202EB4010B1
:1051B0002C4AC91D104427221AF0E4F8AC70347050
:1051C000C4E7A0F57052903AB2F5987F15D213203B
:1051D000B2FBF0F300FB132363B9B2FBF0F0C0B2F3
:1051E00000EB800202EB40101F4AC91D104425222B
:1051F0001AF0C8F8AC713470A8E7A0F57752A72A66
:1052000036D81520B2FBF0F300FB13236BB9B2FBC9
:10521000F0F0C0B2C0EBC000144A00EB400002EB5B
:105220004000C91D2A221AF0ADF82C7134708DE7A8
:10523000C9030060CA030060E403006088030060E3
:105240008DEB0360AC070060F20000605302006069
:10525000E25E026070540360BE030060DDC804605B
:105260001DBD0460266F0260D66C026081D60260AC
:10527000A0F57852683A432A13D81120B2FBF0F314
:1052800000FB132353B9B2FBF0F0C0B2FD4A00EBB0
:1052900040101044C91D21221AF074F86C7134704A
:1052A00054E7A0F5FA422C3AB2F5107F14D2482008
:1052B000B2FBF0F300FB13235BB9B2FBF0F0C0B21A
:1052C000F14A00EBC00002EB0010C91D90221AF059
:1052D00059F82C74347039E7A0F5FE426C3A5B2A19
:1052E00015D892FBF3F003FB102068B992FBF3F0A2
:1052F000C0B2C0EBC00202EB0010E44AC91D02EBD1
:1053000040002E221AF03EF86C7434701EE7A0F5AF
:10531000FE42C83ADF2A14D80E20B2FBF0F300FB9D
:1053200013235BB9B2FBF0F0C0B2D94AC0EBC000A6
:1053300002EB8000C91D1C221AF024F8EC703470B6
:1053400004E7A0F50140B138B0F5907FA8D224223F
:1053500090FBF2F302FB13035BB990FBF2F0C0B2D7
:10536000CC4A00EBC00002EBC000C91D48221AF075
:1053700009F82C763470E9E67CB5C74B0125C74E99
:105380005418B0F5FA6F30D0A0F5E061D3391ED0D3
:10539000A0F5E061D13931D0A0F5E061D53930D048
:1053A000A0F5E061D43933D0891F1F2937D8C8064A
:1053B00026D103F10A004021054619F0FCFFE11D4A
:1053C00002B02846BDE87040402219F0DBBF60798A
:1053D000012815D10CF08DFD7C21AF4819F0EBFFB1
:1053E0003576F9F73CFAFFF7F6F9607918703576FB
:1053F000F9F735FA0CF07DFDFFF7E0F960795870A8
:105400007CBD6079217900EB0120A3F805007CBD0B
:105410006079217900EB0120A3F803007CBDA0F2A4
:10542000FA710F290FD80807F8D19B4820214A307C
:10543000054619F0C0FFE11D02B02846BDE87040E6
:10544000202219F09FBFA0F500610A3924D0A0F5F1
:1054500000611639E2D1A0F61600062190FBF1F2A8
:1054600001FB12000028D9D1207A8DF80000A07A23
:105470008DF80100207B8DF80200A07B8DF80300E1
:10548000207C8DF80400A07C8DF8050068460DF0A6
:10549000ADFF834805707CBDA0F60A000C2190FB8F
:1054A000F1F201FB12000028F5D1207A03F86A0F0F
:1054B000A07A5870207B9870A07BD870207C1871DF
:1054C000A07C5871207D9871A07DD871207E1872C3
:1054D000A07E5872207F9872A07FD8727CBD70B574
:1054E000A0F51853483B6425C72B0FD893FBF5F064
:1054F000C1B201EBC10000EB01106A4901EBC0022F
:1055000093FBF5F005FB1030C1B200E1A0F51C5390
:10551000103B4FF4B8661724B3420DD2B3FBF4F03E
:10552000C0B2C0EB0010604900EB40004218B3FB72
:10553000F4F004FB1031EAE0A0F53053D03BB34265
:105540000ED2B3FBF4F0C1B2C1EBC10000EB01100D
:10555000564901EB4002B3FBF4F004FB1031D6E0F6
:10556000A0F54853903BB3F5206F0ED21420B3FB47
:10557000F0F1C9B2C1EBC10202EB41114C4A0A443D
:10558000B3FBF0F100FB1131C1E0A0F57053903B8B
:10559000B3F5987F0ED21320B3FBF0F1C9B201EB43
:1055A000810202EB411243490A44B3FBF0F100FBD4
:1055B0001131ACE0A0F57853AC3BB3F57A5F12D271
:1055C00093FBF5F0C0B20A21B0FBF1F101EB410011
:1055D000C0EBC110384901EB001293FBF5F005FB5D
:1055E0001030C1B293E0A0F57753A72B0FD8152048
:1055F000B3FBF0F1C9B2C1EBC101304A01EB41018B
:1056000002EB4102B3FBF0F100FB11317FE0A0F5AA
:10561000FA432C3BB3F5107F0DD24820B3FBF0F1D9
:10562000C9B2194A01EBC10102EB0112B3FBF0F15F
:1056300000FB11316BE0A0F57853683B432B0CD88D
:105640001120B3FBF0F1C9B20E4A01EB41110A443B
:10565000B3FBF0F100FB113159E0A0F5FE436C3BC8
:105660005B2B2DD893FBF4F0C1B2C1EBC10000EB72
:105670000110064901EB400293FBF4F004FB1030EB
:10568000C1B244E091DE0260D1D7026015DF026052
:105690007A84026051DC0260E26C04607054036042
:1056A00073040060E25E0260DDC804601DBD04603A
:1056B000266F0260D66C026072CE016081D60260F5
:1056C000A0F5FE43C83BDF2B0DD80E20B3FBF0F155
:1056D000C9B2F84AC1EBC10102EB8102B3FBF0F1A0
:1056E00000FB113113E0A0F50140B138B0F5907F17
:1056F0000DD2242190FBF1F2D2B202EBC203EE4AAA
:1057000002EBC30290FBF1F301FB1300C1B232F8CC
:10571000110070BDE949B0F5FA6F27D0A0F5E0623D
:10572000D13A21D0A0F5E062D23A21D0A0F5E062D2
:10573000D43A1FD0A0F5E062D53A1ED0B0F5FB6F89
:1057400020D0A0F5E062D63A1AD0111F1F291BD82D
:10575000DA480A30CA1701EBD26222F01F02891A16
:10576000C9B230F811007047487870470878704720
:1057700088787047B1F803007047B1F805007047AA
:10578000C8797047087A7047A0F2FA710F290BD8D0
:10579000CA484A30CA1701EB127222F00F02891A66
:1057A000C9B230F811007047A0F60A0103290AD8DF
:1057B000C2486A30CA1701EB927222F00302891ABA
:1057C000C9B2405C7047A0F60E0103290AD8BB4855
:1057D0006E30CA1701EB927222F00302891AC9B225
:1057E000405C7047A0F6120103290AD8B348723012
:1057F000CA1701EB927222F00302891AC9B2405C07
:105800007047A0F61600052809D8AC4A7632062162
:1058100090FBF1F301FB1300C0B2105C7047002055
:1058200070472DE9F34FE1B08A46A5484FF00109D2
:1058300080F80590619800270DF1140E002838D0EB
:105840006198022835D06198042832D006240020BF
:1058500071460F54401C80B20628FAD30AEB040BA1
:105860009BF8010004909BF803009BF8021000EBEA
:10587000012085B29BF8050050900498DFF844821F
:10588000032818D00498012815D0049906208E4AC0
:105890008E4B8F4E06297CD004990529FBD00499A4
:1058A000102902F089850498192803F0B68003F0C6
:1058B000CCB80024D2E71AF8040076460EF80400AB
:1058C0009BF801103019609041700498032803D0B0
:1058D0000498012805D009E050986099400088702C
:1058E00004E05098C01DC10860988170609881786C
:1058F000C01C19F060FD01200390A5F59850A63852
:1059000063280BD85098609AC1B2D21C2846FEF783
:1059100013FD012801D000200390F1E30498012831
:1059200002D04FF0000BECE300224CE0AB18082B48
:105930001FD200200021DFF89CB101EBC30CCCEB9F
:105940000C1C0CEB4C0CDC449CF825C0BCF1000F8B
:1059500006D009FA01FC4CEA000C0CF0FF0003E051
:1059600009FA01FC20EA0C00491CC9B20829E4D359
:1059700024E0403B082B21D800200021DFF858E12B
:1059800001EBC30CCCEBCC0B0BEB0C1C0EEB4C0C5F
:1059900000E0F0E39CF826C0BCF1000F06D009FA45
:1059A00001FC4CEA000C0CF0FF0003E009FA01FCDA
:1059B00020EA0C00491CC9B20829E1D3A1183144DE
:1059C000C870521C92B250998A42AFD3A5E705EB3A
:1059D0000B00032807D804EB4B013144CF7018F8B3
:1059E0000000087102E2A0F59851EC3976D0042845
:1059F00075D0052874D0082873D0062872D00728DF
:105A000071D00E2870D009286FD01A286ED01C28AB
:105A10006DD016286CD017286BD018286AD019289A
:105A200069D01B2868D00C2867D0122876D013289C
:105A300075D00D2874D0102873D0222872D0232856
:105A400071D0202870D024286FD02A286ED01D282D
:105A50006DD0A0F57D41E83958D0A0F57D41E939F8
:105A600074D0A0F57D41EA3971D0A0F57D41F239BD
:105A70006ED028286DD029286CD02B286BD05E28BA
:105A80006AD05F2869D02E2868D02F2867D03028A8
:105A900076D0622875D0272874D0A0F1640105293A
:105AA00071D804EB4B013144CF70404410F8510CD5
:105AB000087197E77A84026051DC0260E26C04604E
:105AC000440300607EEB0360B66F04609F1F0160BB
:105AD00070540360DDC804601DBD04600EE027E063
:105AE0002DE03DE044E04FE062E069E070E079E005
:105AF00081E089E091E099E0A1E0A8E004EB4B00AF
:105B00003044C770F949097801716BE704EB4B0029
:105B10003044C770F6490978017163E7A0E0A8E056
:105B2000B0E0B7E0BEE0C5E0CDE0D6E0DDE0E4E027
:105B300004EB4B003044C7700321017152E704EBC2
:105B40004B003044C7703F2101714BE7DDE0E6E0D8
:105B5000F0E0F7E0FEE005E10CE117E123E12BE1E5
:105B600004EB4B003044C77098F80710017139E717
:105B700004EB4B003044C77098F80410017131E712
:105B800024E12CE133E13AE104EB4B003044C770EF
:105B900098F823100A2905D0491E032905D8232186
:105BA00001711FE7232101711CE74A21017119E7E7
:105BB00004EB4B003044C77098F80A10017111E7EC
:105BC00004EB4B003044C77098F80B10017109E7E3
:105BD000C74804EB4B0164383144008F020ACA7095
:105BE0000871FFE604EB4B003044C770C0496439CC
:105BF000097A0171F6E604EB4B003044C770BC49EA
:105C0000203909780171EDE604EB4B003044C77090
:105C1000B749203949780171E4E604EB4B00304480
:105C2000C770B349203989780171DBE604EB4B007A
:105C30003044C770AE492039C9780171D2E604EB0F
:105C40004B003044C77098F848100171CAE604EB65
:105C50004B003044C770A6496439C97A0171C1E666
:105C600004EB4B003044C770A1496439097B0171D2
:105C7000B8E604EB4B003044C7709D496439497B5A
:105C80000171AFE604EB4B003044C77098F8271061
:105C90000171ABE004EB4B003044C77098F80C1076
:105CA0000171A3E004EB4B003044C77098F8231057
:105CB00001719BE08F4804EB4B0131440088020ADC
:105CC000CA70087192E08B4804EB4B0131440068C4
:105CD000020ECA70000C087188E004EB4B003044DF
:105CE000C77085490978017180E004EB4B003044AE
:105CF000C77082490978017178E004EB4B003044A9
:105D0000C7707F490978017170E0794804EB4B0155
:105D10003144B0F80100020ACA70087166E07448A4
:105D200004EB4B013144D0F80100020ECA70000CA4
:105D300008715BE004EB4B003044C770714909788F
:105D4000017153E004EB4B003044C77098F84410E5
:105D500001714BE004EB4B003044C77098F84510DC
:105D6000017143E004EB4B003044C77098F84710D2
:105D700001713BE05E481C3801888088084404EBD0
:105D80004B013144020ACA7008712FE05848643848
:105D9000D0E91210084404EB4B013144020ECA70E2
:105DA000000C087122E0B8F8420004EB4B013144CA
:105DB000030ACB70087119E04D4804EB4B016438BD
:105DC0003144408F030ACB7008710FE004EB4B00A5
:105DD0003044C77046496439897A017106E004EBA2
:105DE0004B003044C77098F84F10017112E204EB79
:105DF0004B003044C77098F8501001710AE26A28CD
:105E00000CD0A0F16B01032910D804EB4B013144F5
:105E1000CF70404410F85C0C0871FBE104EB4B00C0
:105E20003044C77098F80E100171F3E1A0F16F01D2
:105E3000032908D804EB4B013144CF70404410F8DB
:105E4000560C0871E6E1A0F17301032908D804EBB0
:105E50004B013144CF70404410F8560C0871D9E121
:105E6000782822D0262829D01E2830D0A0F580718D
:105E70002B3912D0491E64294CD82348C1EBC101EB
:105E8000405C224900F0070201EBD00109FA02F25E
:105E90000978114223D0012222E004EB4B00304468
:105EA000C7701B4909780171B4E1B8F8210004EB0F
:105EB0004B013144020ACA700871ABE1B8F84900DD
:105EC00004EB4B013144020ACA700871A2E104EBF1
:105ED0004B003044C77098F8591001719AE10022C4
:105EE00004EB4B013144CA70087193E12B0300604D
:105EF000A803006074020060540200608D0200601C
:105F000053020060C503006046D003607ED9036081
:105F1000D4020060362810D037281AD0382820D074
:105F2000A0F13B01022924D804EB4B013144CF708E
:105F3000404410F8130C08716CE104EB4B00304442
:105F4000C770FC49898809B1022100E00021017174
:105F500060E104EB4B003044C770F6498978017169
:105F600058E104EB4B003044C770F24909780171E5
:105F700050E13E2811D03F2817D0A0F14601092951
:105F80001CD8453808EB400004EB4B01B0F82B005F
:105F90003144020ACA7008713CE104EB4B00304402
:105FA000C77098F84110017134E1E34804EB4B01EC
:105FB00031440088020ACA7008712BE1A0F1D201B5
:105FC0000F2909D8DD4830F8110004EB4B013144AA
:105FD000020ACA7008711DE1532824D054282BD01E
:105FE00050284BD0512852D05A2858D05B285FD027
:105FF000A0F50071CA390FD0491E0A2960D888B2AD
:10600000CF4A04EB4B01314412F81030CB7002EB55
:10601000400040780871FDE004EB4B003044C7704D
:1060200056210171F6E0B8F84B0004EB4B01314406
:10603000020ACA700871EDE0C24890F82D000928E4
:106040000AD00A2808D0C04804EB4B01314400882C
:10605000030ACB700871DDE0BB48BC4942F2107204
:106060000088098D4843B0FBF2F10B0A04EB4B01A9
:106070003144CB70B0FBF2F00871CBE0B34804EBD5
:106080004B013144C08B020ACA700871C2E004EBB4
:106090004B003044C770AD49897B0171BAE0AC4810
:1060A00004EB4B0131440088020ACA700871B1E068
:1060B00004EB4B003044C77098F84E100171A9E012
:1060C000962828D097282ED0982834D099283AD0CE
:1060D0009A2840D09B2846D0A0F58071293911D04C
:1060E000522849D0A0F5FA6164294DD880B2FFF753
:1060F00011FB04EB4B013144030ACB70087189E0BA
:10610000F3E3F3E3B8F8570004EB4B013144030A1F
:10611000CB7008717EE004EB4B003044C77098F8F8
:106120005110017176E004EB4B003044C77098F8D1
:10613000521001716EE004EB4B003044C77098F8C8
:106140005310017166E004EB4B003044C77098F8BF
:10615000541001715EE004EB4B003044C77098F8B6
:106160005510017156E004EB4B003044C77098F8AD
:10617000561001714EE0F2E304EB4B003044C7705F
:1061800074490978017145E0A0F5D851BC397F29DF
:106190007FD801EBD171C1F34701C0071DD0C1EB1E
:1061A000011000EB40016C4808445D9090F823001A
:1061B00088B35D98D0F81E0014F0FEFF010A04EBCE
:1061C0004B0030445C90C1705D98D0F81E0014F014
:1061D000F3FF01465C9801711CE0C1EB011000EB7C
:1061E00040015D4808445F9090F82300A0B15F989B
:1061F000D0F81E0014F0E0FF010E04EB4B00304419
:106200005E90C1705F98D0F81E0014F0D5FF010CAD
:106210005E98017133E205E004EB4B003044C77037
:1062200007712CE25D9890F92800A0F10C010A2971
:1062300015D91738072807D800EBC00101EB00116A
:106240004648405C01280AD05D9890F82500012856
:1062500018D004EB4B003044C77007710FE25D9813
:1062600090F82500012807D004EB4B003044C7709C
:1062700080F8049003E20CE004EB4B003044C7705C
:106280000771FCE104EB4B003044C77080F80490C8
:10629000F5E1A0F5E0513C393F290ED8C9B204EB35
:1062A0004B003044C770C1EB011101EB41022A4998
:1062B000114491F824100171F4E3A0F5E0517C3908
:1062C0003F290ED8C9B204EB4B003044C770C1EB74
:1062D000011101EB41022049114491F8281001718C
:1062E000E0E3A0F5E051BC393F290ED8C8B204EB79
:1062F0004B013144CF70C0EB001000EB4002164858
:10630000104490F822000871CCE3A0F5E051FC396C
:106310003F2925D8C9B204EB4B003044C770C1EB0C
:10632000011101EB41020C49114491F82310017154
:10633000B8E30000E2580260D4030060DAFB0360B7
:10634000801703601DBD0460E256026044030060D4
:10635000AA01006033040060DDC804608E6A026038
:10636000A0F5E8513C397F2903D9A0F291227F2A78
:106370006FD87F2902D841F63C5101E040F29121CB
:10638000411A01EBD170C0F34700C9071ED0C0EB22
:10639000C00101EB0011FB4800EB4100599090F85F
:1063A000280090B35998D0F81E0014F005FF010A98
:1063B00004EB4B0030445890C1705998D0F81E003F
:1063C00014F0FAFE0146589801716BE3C0EBC0016E
:1063D00001EB0011EB4800EB41005B9090F82800C6
:1063E000A0B15B98D0F81E0014F0E6FE010E04EB9D
:1063F0004B0030445A90C1705B98D0F81E0014F0E6
:10640000DBFE010C5A9801714CE305E004EB4B00F4
:106410003044C770077145E3599890F82D00A0F1FA
:106420000C010A2916D91738072807D800EBC00134
:1064300001EB0011D448405C01280BD0599890F82A
:106440002600012818D004EB4B003044C7700771B8
:1064500028E318E0599890F82600012806D004EBAC
:106460004B003044C77080F804901BE304EB4B00F2
:106470003044C770077115E304EB4B003044C7701C
:1064800080F804900EE3A0F5E851BC393F290FD8FD
:10649000C8B204EB4B013144CF70C0EBC00202EB39
:1064A0000012B84800EB420090F822000871F9E2AF
:1064B000A0F5E851FC393F2910D8C8B2C0EBC001A3
:1064C00001EB0011AF4800EB410004EB4B013144FC
:1064D00010F82B2FCA7040780871E3E2A0F5F05154
:1064E0007C393F2910D8C8B2C0EBC00101EB0011C4
:1064F000A44800EB410004EB4B01314410F8283F65
:10650000CB7040790871CDE2A0F5F051BC393F293C
:106510000FD8C8B204EB4B013144CF70C0EBC002BE
:1065200002EB0012974800EB420090F82700087138
:10653000B8E2A0F5F0513C393F290FD8C8B204EBBE
:106540004B013144CF70C0EBC00202EB00128D480A
:1065500000EB420090F829000871A3E2A0F5F05189
:10656000FC393F2935D801EBD171C1F347010291C4
:10657000C00716D00298F7F7BDFE4FF47A7190FB72
:10658000F1F0010A04EB4B0030445690C1700298C0
:10659000F7F7B0FE4FF47A7190FBF1F15698017164
:1065A00080E20298F7F7A6FE4FF47A7190FBF1F0C3
:1065B000010E04EB4B0030445790C1700298F7F77E
:1065C00099FE4FF47A7190FBF1F0010C579801712C
:1065D00068E2A0F5F8513C391F290BD804EB4B01B8
:1065E0003144CF70694A1044A0F5005090F8C400BF
:1065F000087157E2A0F5F8515C393F290BD804EB3C
:106600004B013144CF70624A1044A0F5005090F81D
:10661000A400087146E2A0F5F8519C39FF2903D97E
:10662000A0F29112FF2A79D8FF2902D841F69C7175
:1066300001E040F29111411A01EBD170C0F3470023
:10664000C9071DD0C0EBC00101EB401151480844FF
:10665000539090F8230088B35398D0F81E0014F09C
:10666000ABFD010A04EB4B0030445290C1705398CB
:10667000D0F81E0014F0A0FD01465298017111E2FD
:10668000C0EBC00101EB401142480844559090F81E
:106690002300A0B15598D0F81E0014F08DFD010E16
:1066A00004EB4B0030445490C1705598D0F81E0054
:1066B00014F082FD010C54980171F3E105E004EB44
:1066C0004B003044C7700771ECE1539890F82600F6
:1066D000A0F10C010A2915D91738072807D800EBB3
:1066E000C00101EB00112848405C01280AD05398F2
:1066F00090F82400012818D004EB4B003044C770F8
:106700000771CFE1539890F82400012807D004EBDB
:106710004B003044C77080F80490C3E10CE004EBF8
:106720004B003044C7700771BCE104EB4B003044B0
:10673000C77080F80490B5E1A0F500519C397F291D
:106740000DD804EB4B003044C770C1EBC10202EB23
:1067500041121049114491F822100171A2E1A0F5F3
:10676000045154397F2917D804EB4B003044C770CB
:10677000C1EBC10202EB41120649114491F8261007
:1067800001718FE11DBD04608E6A026064EC0360DC
:106790009DC80460266F0260A0F50451D4397F299A
:1067A0000DD804EB4B003044C770C1EBC10202EBC3
:1067B0004112F849114491F82310017172E1A0F5DA
:1067C00004511C3907290DD804EB4B003044C77025
:1067D000C1EBC10101EB4102EF4901EB4201C97F6D
:1067E00001715FE1A0F50451243907290DD804EBAC
:1067F0004B003044C770C1EBC10101EB4102E649D7
:1068000001EB4201897F01714CE1A0F504512C3963
:1068100007290ED804EB4B003044C770C1EBC1010F
:1068200001EB4102DC4901EB420191F824100171B6
:1068300038E1A0F50451343907290ED804EB4B0098
:106840003044C770C1EBC10101EB4102D24901EBF9
:10685000420191F82010017124E1A0F504513C3966
:1068600007290ED804EB4B003044C770C1EBC101BF
:1068700001EB4102C84901EB420191F82710017177
:1068800010E1A0F50451443907290ED804EB4B0060
:106890003044C770C1EBC10101EB4102BE4901EBBD
:1068A000420191F821100171FCE0A0F504514C392E
:1068B00003290AD804EB4B003044C77001EB4112A6
:1068C000B6491144C97F0171ECE0A0F5045150397B
:1068D00003290CD804EB4B003044C77001EB411284
:1068E000AE491144897F0171DCE0E3E0DEE0A0F510
:1068F000FE426C3A5B2A16D82E2092FBF0F1C9B208
:1069000092FBF0F300FB1320C2B204EB4B003044C7
:10691000C770C1EBC10303EB0111A14B03EB4101B4
:10692000895C0171BEE0A0F1C801082920D2CF28FE
:106930000BD0CA2814D004EB4B013144CF70994AD4
:10694000104410F8C80C0871ACE0964804EB4B01F9
:106950003144B0F80700020ACA700871A2E09CE155
:1069600004EB4B003044C7708E498978017199E07F
:10697000A0F5B85170390B2909D88B4830F831008F
:1069800004EB4B013144030ACB7008718AE0A0F597
:10699000B8517C390B290BD8834809EB410130F8F9
:1069A000210004EB4B013144020ACA70087179E0FE
:1069B000A0F5B85188390B290ED87B4B09EB410063
:1069C00053F82000020C04EB4B003044C27053F823
:1069D0003110090C017165E0A0F5D8515839312901
:1069E00009D8724830F8110004EB4B013144030A16
:1069F000CB70087156E0A0F51851483945F6884229
:106A0000914209D880B2FEF76AFD04EB4B01314494
:106A1000C870000A087145E0A0F51C4040383B28CA
:106A20003AD8C11700EB9172C2F38F0122F0030232
:106A3000801A80B230B101280FD0022818D0032864
:106A400020D02FE05A4800EB410004EB4B010088B6
:106A50003144020ACA70087124E0554800EB410035
:106A600004EB4B01C08B3144030ACB70087119E071
:106A700004EB4B003044C7704D4A114491F83C1070
:106A800001710FE004EB4B003044C770484A1144D9
:106A900091F84B10017105E004EB4B003044C770D6
:106AA00080F804900BF1010B1FFA8BFB5098834583
:106AB000FEF48DAF619850B36198022827D0619899
:106AC000042824D06198052863D09AF801009AF828
:106AD000001040EA01203749C884010A8DF81410DB
:106AE0008DF815008DF816708DF817700498012830
:106AF0007DD05099032000EB4100010A8DF8181059
:106B00008DF819000398012872D001F09EBF0498F7
:106B1000012813D05098032101EB4000C1B205A811
:106B2000FDF78BFD5099020A06EB4101CA7008710E
:106B30006198042814D06198C8B1E6E7609880781D
:106B4000C01CC1B205A8FDF778FD6099020A8B78D8
:106B50000DF117015A5460998A7806A95054E7E755
:106B60005098F11C4200144818F00CFCCDE798F83E
:106B70002600FDF7D6FD049801281FD05098052166
:106B800001EB400081B298F8262005A8FDF76DFDC5
:106B9000BBE71CE0266F026081D6026091DE0260D6
:106BA00015DF0260E0170060446F016048FA03607F
:106BB00054F5036044030060D64D0260609898F875
:106BC0002620817805A8491DFDF74FFD9DE79AF81D
:106BD00001009AF8001040EA0120FE49C884010A29
:106BE0008DF814108DF815008DF8167001E027E06F
:106BF00032E08DF817705099032000EB4100010A34
:106C00008DF818108DF81900049801280CD05098B0
:106C100005A904EB40021446D21CEF4818F0B2FB61
:106C2000EE48E41C048070E7509805A90219144648
:106C3000D21CE94818F0A6FBE848E41C048064E78D
:106C400060988078C01C000A8DF8180060988078E1
:106C5000C01C8DF8190055E76198012886D1049869
:106C600001280CD0509805A904EB40021446D21C10
:106C7000DB4818F087FBDB48E41C048045E75098AC
:106C800005A90219D21CD64818F07CFB6098E41CB8
:106C900080780119D348018037E76199E1B16199A2
:106CA000022919D06199042916D09AF800C08DF8EC
:106CB00014C09AF801C08DF815C08DF816708DF8C3
:106CC00017708DF818708DF819006198012810D090
:106CD0006198052821D033E0619888BB98F8260098
:106CE000FDF71FFD98F8262008215046FDF7BDFC52
:106CF00026E0002021181AF801200EF80120401C7F
:106D000080B20628F6D30598186006985860079850
:106D10009860B4490C20088012E0002021181AF86D
:106D200001300EF80130401C80B20628F6D30598D9
:106D300010600698506007989060A8490C20088061
:106D40000498052842D0A5F5D851BC394FF41072EB
:106D5000B1F5B36F2FD24FF4C070814201D286F8E3
:106D60000090A5F5E8533C3BB3F5187F01D286F8B7
:106D70000190A5F5F8539C3B834201D286F802901E
:106D8000A5F504501C382F2804D9A5F5FA402C3855
:106D9000904201D286F80490A5F504504C3807289B
:106DA00004D9A5F5FE406C385B2801D886F805901B
:106DB0008D4880F80090032D74D8864CE07D00F05B
:106DC000010129436FD0022D6ED09EE63F2D6CD875
:106DD000EDB2C5EB051000EB400184480C1894F8A7
:106DE00023000028F1D1F7F751FAA8423DDD94F9CC
:106DF0002800A0F10C010A290FD91738072807D855
:106E000000EBC00101EB00117948405C012804D07F
:106E10009BF80400C0B1012017E09BF8040078B192
:106E2000002018F0A4FD0146724800EB8510816235
:106E300028460EF076FD28B1002084F825003AE0BF
:106E40000120EEE70120F8E7002018F090FD6949E5
:106E500001EB8511886228460EF063FD08B1012020
:106E600000E0002084F8250025E094F92800A0F136
:106E70000C010A290FD91738072807D800EBC001E1
:106E800001EB00115A48405C012804D09BF8040033
:106E900070B101200DE09BF8040038B1002084F8A7
:106EA000250008E07EE051E065E01CE00120F6E707
:106EB000002084F8250094F8250028B14FF47A7159
:106EC0002846F7F7FBF803E000212846F7F7F6F825
:106ED00028460EF026FD4FF47A714843C4F81E0090
:106EE00086F8009011E6403D3F2DFBD8E8B2C0EB9C
:106EF000C00101EB0011404800EB410090F8281060
:106F000009BB90F82D10A1F10C020A2A0FD91739EC
:106F1000072907D801EBC10202EB01123449895C51
:106F2000012904D09BF8041051B1012109E09BF81C
:106F3000041019B1002180F8261004E00121FAE7BD
:106F4000002180F8261086F80190DEE59BF80510F8
:106F500088F800109BF8040088F8010000200AF06F
:106F600002FD98F8011001200AF0FDFCE07D40F0E0
:106F70000100E075C9E58007B4D49BF8051088F8D6
:106F800002109BF8040088F8030002200AF0EBFCD2
:106F900098F8031003200AF0E6FCE07D40F00200C0
:106FA000E075B2E5062D5FD0082D7BD00C2D70D09A
:106FB000122D6FD0132D6ED01A2D6DD01C2D6CD0CC
:106FC0001B2D6BD0102D6AD00D2D69D0222D68D0CD
:106FD000242D13E044030060B66F04607A0400605F
:106FE0009F1F0160EE000060BE030060DDC804600A
:106FF0008E6A0260800703601DBD046069D02A2D7F
:1070000068D01D2D67D0A5F57D40E83824D0A5F5C2
:107010007D40E9387CD0A5F57D40EA3879D0232D34
:1070200078D0202D77D0282D76D02B2D75D05D2DC2
:1070300074D0602D73D0612D72D0A5F13B00022871
:107040006FD8C4B208EB04059BF8050095F828102A
:10705000814267D0E4B3ABE1F8489BF805100170BA
:10706000D1200AF080FC50E59BF8051088F8041048
:1070700006200AF078FCF24998F804000873F149F8
:107080000870F14981F8F200002011F0C3FB3CE5E3
:1070900008E00FE020E02DE045E066E079E08EE0DA
:1070A000A2E0A9E09BF8051088F8071008200AF074
:1070B0005AFC2AE5E1489BF805106438C1729BF838
:1070C000051009200AF04FFC00200AF0ACFC1CE57A
:1070D00065E19EE0B1E0C5E0D8489BF80510643852
:1070E00001739BF8051052200AF03DFC01200AF0C4
:1070F0009AFC0AE5D1489BF80510643841739BF867
:10710000051053200AF02FFC02200AF08CFCFCE44E
:10711000B2E0C9E0E0E0FCE01AE121E12EE132E179
:1071200037E1ABE185E1C54C9BF805009BF8041005
:10713000643C00EB0120B4F93810884293D000235E
:107140001A46E9F776FE9BF805009BF8041000EB61
:10715000012020879BF804100C200AF004FC9BF807
:1071600005100D200AF0FFFBCFE4B44C9BF805207E
:10717000643C237A9A428AD000210846E9F759FEF6
:107180009BF8050020729BF8051019200AF0EBFB14
:10719000BBE49BF8050005288BD888F84800E9F780
:1071A0006AFF9BF8051007200AF0DDFB98F84800FD
:1071B00002288CD3A5480770A5480770A5E49BF862
:1071C00005007F2804D08E2804D08F2802D09CE4AC
:1071D000FDF7F4FA8E288CD1984839466438C77583
:1071E0009E200AF0C0FB90E49BF8051088F8271059
:1071F00020200AF0B8FB88E49BF805009BF80410F7
:1072000000EB0120C1B288F823100E200AF0ABFB7E
:107210007BE49BF805100029A6D0FF29A4D08D4C53
:1072200021709C200AF09FFB874D217849352878F2
:10723000F3F7C7FC2078287067E49BF80510002955
:1072400092D0FF2990D07F4C217088F8041006203E
:107250000AF089FB7C48217880F8F210002011F0B8
:10726000D9FA52E49BF80510012991D97A480170A6
:107270009D200AF078FB48E4704A521C1068010C0B
:1072800009049BF805009BF8043000EB0320084339
:1072900010609BF80510D2200AF065FB9BF80410E3
:1072A000D3200AF060FB30E46449491C088880B2AE
:1072B0009BF805209BF8043002EB032240EA0240D1
:1072C00008609BF80510D4200AF04DFB9BF80410D1
:1072D000D5200AF048FB18E4604C21689BF80500B3
:1072E0009BF8042000EB0220B0EB114F90D06FF31D
:1072F0000F01084320609BF80510A3200AF033FB20
:107300009BF80410A4200AF02EFB206810F0B7FDB3
:1073100013E4524C9BF805009BF80410226800EB24
:107320000123B3EB124F87D0000400EB016091B250
:10733000084420609BF80510A5200AF014FB9BF878
:107340000410A6200AF00FFB206810F098FD0DE451
:107350009BF8051088F844109A200AF004FB05E415
:107360009BF8051088F84710022903D13C480770A4
:107370003C4807700A200AF0F6FA09E42F486438FE
:1073800080F8009004E42D489BF805106438817162
:107390001CE42A489BF805106438C17116E4D8B182
:1073A000022819D0072817D0012815D0092813D092
:1073B000012C06D180B102280ED007280CD0082855
:1073C0000AD0022C35D138B1022805D0072803D0C5
:1073D000012801D009282CD185F82800022802D1E3
:1073E0002046FDF7F1F895F82800012801D009287A
:1073F00002D1204612F010FB95F82800072805D18D
:10740000FAF7C5FB012C01D11748077098F8230043
:10741000052801D0062806D198F829101348072915
:1074200009D0C0F88C7195F8281004F11D000AF0FD
:107430009AFAECB122E4C0F88C91F4E7A80300605A
:10744000CB5E02608D020060E25E0260C9030060F4
:10745000CA030060540200605302006074020060BE
:10746000CB030060CC030060E70200600000224212
:10747000FF4898F8281080F826100DE43E2D24D0FF
:10748000A5F146005190092827D89BF805009BF8E4
:107490000410453D00EB012008EB4501A1F82B004D
:1074A00051983E2202EB40009BF8041080B20AF093
:1074B0005AFA51983F2202EB40009BF8051080B227
:1074C0000AF051FA05F05DFF7FE49BF8051088F89B
:1074D000411022200AF047FA77E4532D22D0502D94
:1074E00033D0512D3DD05A2D40D05B2D4AD02E2D7A
:1074F00052D02F2D63D0302D79D0622D73D0272D0F
:1075000072D06A2D71D0A5F16B0003286ED808EBFC
:1075100005009BF8051000F85C1C3C3DA8B20AF081
:1075200022FA52E49BF805009BF8041000EB0120BE
:1075300081B2A8F84B10B0200AF015FAB8F84B0049
:10754000010AB1200AF00FFA3FE4CA48817B012901
:1075500093D19BF805109BF8042001EB0221C18315
:1075600033E4C4489BF8051081732EE49BF80500B2
:107570009BF8041000EB0120BF4980B20880EBF7B4
:10758000B9FF22E49BF8050088F84E009BF805102F
:10759000B2200AF0E8F918E49BF805009BF8041003
:1075A00000EB0120A8F842009BF80510E7200AF044
:1075B000DAF99BF80410E6200AF0D5F905E49BF807
:1075C00005009BF8041000EB0120AA4948879BF8AE
:1075D000051016200AF0C7F99BF8041015200AF0D0
:1075E000C2F97FE403E00CE017E020E02EE0A148C0
:1075F0009BF8051081729BF8051017200AF0B3F96B
:1076000070E49BF8050088F84F009BF80510D62021
:107610000AF0A9F999480770A1E39BF8050088F8DA
:1076200050009BF80510CB200AF09DF997E39BF8DA
:107630000500012888D89BF8041000EB0120C1B296
:1076400088F80E102E200AF08EF988E3A5F16F005D
:1076500003280AD808EB05009BF8051000F8561C13
:107660003C3DA8B20AF07FF979E3A5F17300032845
:107670000AD808EB05009BF8051000F8561C3C3DA5
:10768000A8B20AF070F96AE3782D26D0262D37D0FB
:107690001E2D48D0962D52D0982D5DD0992D68D0B2
:1076A0009B2D76D0A5F5807029380CD0212D7DD06A
:1076B000A5F5FA6064286BD8524621462846619B9E
:1076C000FDF75AFE4BE39BF805009BF8041000EB16
:1076D000012080B2FCF782FE41E39BF805009BF895
:1076E000041000EB0120A8F821009BF805103D20B4
:1076F0000AF039F99BF804103C200AF034F92EE323
:107700009BF805009BF8041000EB0120A8F8490045
:107710009BF80510C8200AF026F99BF80410C92030
:107720000AF021F91BE39BF8050088F859009BF843
:107730000510C7200AF017F9EEF702F90FE39BF8DE
:10774000050088F851009BF80510BF200AF00BF9DE
:1077500000200AF068F902E39BF8050088F853005E
:107760009BF80510C0200AF0FEF802200AF05BF931
:10777000F5E29BF8050088F854009BF80510C4203A
:107780000AF0F1F800200AF04EF9E8E201E00DE01D
:107790001FE09BF8050088F856009BF80510C520EF
:1077A0000AF0E1F802200AF03EF9D8E29BF8050061
:1077B0006F2803D132480188491C01809BF80500DD
:1077C000972889D12F4880F800902A480521818781
:1077D000C5E2A5F5D850583831280AD89BF80510CD
:1077E0009BF8042001EB022225495A3921F8102088
:1077F000B5E2A5F5B854703C0B2C20D8224951F8BD
:10780000340000F4702041F834009BF805209BF808
:10781000043002EB0322024341F83420542000EBF1
:1078200044009BF8051080B20AF09DF8552000EB4B
:1078300044009BF8041080B20AF095F88FE2A5F599
:10784000B8547C3C0B2C32D80F4A09EB440052F858
:10785000201001F4702142F820109BF805309BF8AD
:10786000045003EB05230B4342F820300EE00000E8
:10787000E25E026044030060AA0100605A020060F8
:10788000A2FA03603C000060446F01606C2000EBD2
:1078900044009BF8051080B20AF065F86D2000EBFB
:1078A00044009BF8041080B20AF05DF857E2A5F599
:1078B000B85088380B2828D8FE4931F8302092B2C9
:1078C00041F830209BF8053042EA034241F830206D
:1078D00009EB400031F8202092B241F820209BF8BB
:1078E000043042EA034241F820209BF805009BF84F
:1078F000041000F00F0001F0F001A5F5B0550144AF
:10790000D53DA8B20AF02FF829E2A5F1C800072852
:1079100063D89BF805009BF8041000EB0121E648B2
:10792000421902F8C81CC82D0AD0C92D15D0CA2D7D
:1079300020D0CB2D2AD0CD2D35D0CE2D40D00EE26B
:10794000DD4942780978CDE9011700928378C27841
:1079500041798079E3F73EFE01E2D74A0178527817
:10796000CDE9011700928378C27841798079E3F7F5
:1079700031FEF4E1417802788DE88600CE49C27884
:107980008B7841798079E3F725FEE8E10178427848
:10799000CDE90117C84900928378CA784179807986
:1079A000E3F718FEDBE101784278CDE90117009298
:1079B000C1498378C27849798079E3F70BFECEE13B
:1079C00001784278CDE9011700928378C278417935
:1079D000B9488079E3F7FEFDC1E17F297CD801EB4E
:1079E000D170C0F34708C8EB081000EB4001B34862
:1079F0000C18D4F81E0013F0DFFBE90726D06FF354
:107A00000F009BF804209BF8051000EB02200844AF
:107A1000029094F92300002823D021D0F6F736FCF9
:107A2000404512DDA64800EB8815A648696A8142E8
:107A30006FD19BF805009BF8041000EB012017F0B4
:107A400096FFA14917F0D1FEE86101E180B29BF8F1
:107A500005109BF8042001EB022100EB014002908D
:107A600059E1F6F713FC404574DD94F92800A0F1C4
:107A70000C010A291BD91738072807D800EBC001C9
:107A800001EB00119148405C012810D08C4800EBBC
:107A9000881A8C48DAF82410814243D19BF80500FB
:107AA0009BF8041010EB012036D0012035E084480B
:107AB00000EB881A8348DAF8241081420FD19BF832
:107AC00005009BF8041010EB012006D0002017F0F1
:107AD0004EFFCAF81C000EE045E10120F7E79BF8D5
:107AE00005009BF8041010EB012010D0002017F0C7
:107AF0003EFFCAF82800764894F8251041764046A3
:107B00000DF00FFF30B1002084F8250026E00120A1
:107B1000EDE791E00120F7E7002017F028FFCAF811
:107B20001C000DE09BF805009BF8041010EB0120F1
:107B300001D0012000E0002017F019FFCAF828004A
:107B4000634894F82510417640460DF0EAFE10B1E6
:107B5000012001E00CE0002084F825005C4894F945
:107B60002510427E91422FD080F8189087762BE026
:107B700094F9255094F92800A0F10C010A2913D991
:107B80001738072807D800EBC00101EB00114F4858
:107B9000405C012808D09BF805009BF8041010EB0E
:107BA00001200ED001200DE09BF805009BF8041089
:107BB00010EB012003D0002084F8250004E0012010
:107BC000FAE7002084F8250094F8250028B14FF446
:107BD0007A714046F6F772FA03E000214046F6F764
:107BE0006DFAF6F753FB40451DDC94F92500A842D9
:107BF00019D038480078804515D2374D2868E4F709
:107C00002BFBDFF8D8A0DAF80000E4F725FB2046CC
:107C100000224146F9F7B3F9DAF80000E4F760FB17
:107C20002868E4F75DFB40460DF07BFE4FF47A7167
:107C30004843C4F81E006EE09BF805009BF8041052
:107C400000EB012017F093FE1F4917F0CEFDA8624C
:107C5000F6F71CFB40454EDCD4F81E509BF805009F
:107C60009BF8041000EB01201D4921F818009BF837
:107C700005009BF8041000EB012017F078FE824607
:107C8000284617F06BFE514617F0F6FE33D0114828
:107C9000007880452FD2104D2868E4F7DDFADFF830
:107CA0003CA0DAF80000E4F7D7FA2046002241466B
:107CB00018E00000446F0160E0170060DDC8046058
:107CC0008007036000007F4300007A448E6A0260F0
:107CD00044030060D60200600403006040040060BA
:107CE000E2570260F9F74BF9DAF80000E4F7F8FA26
:107CF0002868E4F7F5FA40460CF099F9FA4917F0CC
:107D000042FD17F057FEC4F81E0017F027FE01468B
:107D10004046EDF719FEEDF713FEF6F7B7FA4045CA
:107D200018DC94F92800401E0A2809D89BF80500A1
:107D30009BF8041000EB0120012811D084F8257075
:107D4000029813F039FAC4F81E002046002241467A
:107D5000F9F715F986F80090E44880F800900DE2F4
:107D600084F82590ECE7A5F5E0507C383F2813D83F
:107D7000C1B2C1EB011000EB4003DD489BF80520C8
:107D8000184480F8282086F80090D84A82F800909D
:107D90000122F9F7F4F8F1E1A5F5E050BC383F28ED
:107DA00017D8C1B2C1EB011000EB4002D04810441B
:107DB00090F82420012A03D19BF8052080F8222086
:107DC00086F80090C94A82F800900122F9F7D7F8A6
:107DD000D4E1A5F5E050FC383F2813D8C1B2C1EB7F
:107DE000011000EB4003C2489BF80520184480F8BE
:107DF000232086F80090BD4A82F800900122F9F70E
:107E0000BEF8BBE1A5F5E8503C387F287DD800EBF3
:107E1000D070C0F34708C8EBC80000EB0811B548A4
:107E200000EB4104D4F81E0013F0C6F9E9070ED0A8
:107E3000020C12049BF804109BF8050002EB0122CF
:107E4000851894F9282062B1012A2FD037E080B23A
:107E50009BF805109BF8042001EB022100EB014583
:107E600044E094F82D20A2F10C030A2B11D9173A03
:107E7000072A07D802EBC20303EB02139E4AD25C27
:107E8000012A06D000EB012001280CD084F82670CE
:107E900015E000EB0120012802D084F826900EE0C6
:107EA00084F826700BE084F8269008E000EB0120AF
:107EB0004FF47A71484313F07FF9C4F81E0094F828
:107EC0002700012812D194F82D00192803D00F287B
:107ED00001D01D280AD1D4F81E0013F06DF928B97D
:107EE000864840F82870864800F80890284613F025
:107EF00063F9C4F81E0086F801907C4880F8009071
:107F00002046F9F7E7F839E1FFE7A5F5E850BC3876
:107F10003F2813D8C0B2C0EBC00202EB0012754874
:107F20009BF8051000EB420080F8221086F80190C3
:107F30006E4981F80090F9F7CDF81FE1A5F5E850FA
:107F4000FC383F2817D8C0B2C0EBC00202EB0012C9
:107F500068489BF8041000EB420080F82B109BF857
:107F6000051080F82C1086F80190604981F8009087
:107F7000F9F7B0F802E1A5F5F0503C383F2813D8E6
:107F8000C0B2C0EBC00202EB00125A489BF80510C9
:107F900000EB420080F8291086F80190534981F8DF
:107FA0000090F9F797F8E9E0A5F5F0507C383F2804
:107FB00017D8C0B2C0EBC00202EB00124D489BF8CC
:107FC000041000EB420080F828109BF8051080F8A0
:107FD0002D1086F80190454981F80090F9F77AF85C
:107FE000CCE0A5F5F050BC383F2813D8C0B2C0EBA8
:107FF000C00202EB00123F489BF8051000EB420064
:1080000080F8271086F80190384981F80090F9F738
:1080100061F8B3E0A5F5F8503C381F280BD8C0B282
:10802000364A9BF805108032115486F801902F488B
:1080300080F80090A2E0A5F5F8505C383F2805D8FC
:10804000C0B2304A9BF80510115497E0A5F5F850DE
:108050009C38FF2867D800EBD070C0F34700C0EB16
:10806000C00101EB401128480C18D4F81E0013F091
:10807000A3F8E9070CD06FF30F009BF804309BF8CE
:10808000052000EB0320104494F8231051B120E0A8
:1080900080B29BF805109BF8042001EB022100EB55
:1080A000014016E094F82610A1F10C050A2D2DD9F7
:1080B0001739072907D801EBC10505EB01150E4952
:1080C000495D012922D002EB0321012928D084F83F
:1080D000247013F071F8C4F81E0086F8029003486B
:1080E00080F800904AE0000000007A44BE0300607F
:1080F000DDC804601DBD04608E6A0260E4EB0360AD
:1081000004FB03609DC80460266F026002EB03213C
:10811000012902D084F82490DBE784F82470D8E7A2
:1081200084F82490D5E7A5F500509C387F2810D816
:10813000C0B2C0EBC00202EB4012FF489BF8051032
:10814000104480F8221086F80290FC4880F80090D5
:1081500014E0A5F50450D4387F2810D8C0B2C0EB85
:10816000C00202EB4012F4489BF80510104480F85E
:10817000231086F80290F14880F800901BE1A5F5E5
:10818000045054387F2810D8C0B2C0EBC00202EBB4
:108190004012E9489BF80510104480F8261086F834
:1081A0000290E64880F8009005E1A5F504501C38DF
:1081B000072810D8C0B2C0EBC00000EB4002E04876
:1081C0009BF8051000EB4200C17786F80490DB486D
:1081D00080F80090EFE0A5F504502438072814D863
:1081E000C0B29BF8051009B1012100E00021C0EBED
:1081F000C00000EB4002D24800EB4200817786F8D5
:108200000490CE4880F80090D5E0A5F504502C38B5
:10821000072811D8C0B2C0EBC00000EB4002C8482C
:108220009BF8051000EB420080F8241086F80490BB
:10823000C24880F80090BEE0A5F504503438072805
:1082400011D8C0B2C0EBC00000EB4002BC489BF8A4
:10825000051000EB420080F8201086F80490B74823
:1082600080F80090F1E3A5F504503C38072811D8B8
:10827000C0B2C0EBC00000EB4002B1489BF8051053
:1082800000EB420080F8271086F80490AB4880F895
:108290000090DAE3A5F504504438072811D8C0B29D
:1082A000C0EBC00000EB4002A5489BF8051000EBB6
:1082B000420080F8211086F80490A04880F80090D1
:1082C000C3E3A5F5FA402C3890422DD2482290FB0A
:1082D000F2F1CBB290FBF2F102FB1101CC1701EBF2
:1082E0005471C1F3C70190FBF2F402FB1400C217F2
:1082F00000EB527222F00702801AC0B203EBC304F3
:10830000904B9BF8042003EB041303EB011101EBEA
:1083100040035A709BF8052001F8102086F8109051
:10832000864880F8009090E3A5F504504C38032867
:108330000DD8C0B200EB401283489BF805101044E2
:10834000C17786F805907D4880F800907DE3A5F51B
:1083500004505038032811D8C0B29BF8051009B159
:10836000012100E0002100EB4012774810448177A2
:1083700086F80590714880F8009066E3A5F5FE4503
:108380006C3D5B2D17D82E2195FBF1F0C0B295FB0B
:10839000F1F201FB1251C9B2C0EBC00303EB0010B4
:1083A0006A4B9BF8052003EB4000425486F811907D
:1083B000624880F8009048E36199C1B3619902294D
:1083C00036D06199042933D0619905294ED09AF8A5
:1083D00000208DF814209AF801208DF815208DF8D2
:1083E00016708DF817708DF818708DF81900002030
:1083F00021181AF801200EF80120401C80B206282E
:10840000F6D3059818600698586007989860504908
:108410000C200880642D4DD0A5F2CB200A287DD8F1
:108420009BF8060014287AD800204A499EE0FFE70E
:10843000DAF800000190BAF80400ADF8080006214F
:1084400001A8FCF7FAF8020A8DF80A208DF80B0053
:1084500061980028DED198F82600FCF762F998F8B8
:108460002620082101A8FCF700F9D3E79AF800308C
:108470008DF814309AF801308DF815308DF816709B
:108480008DF817708DF818708DF8190000202118DC
:108490001AF801300EF80130401C80B20628F6D3DD
:1084A0000598106006985060079890602A490C2043
:1084B0000880AFE7294C207888B39BF806000C2889
:1084C00017D19BF8080088F813009BF80A0088F879
:1084D00014009BF80C0088F815009BF80E0088F833
:1084E00016009BF8100088F817009BF8120088F817
:1084F000180098F81310282009F035FA98F814108D
:10850000292009F030FA98F815102A2009F02BFAE2
:1085100098F816102B2009F026FA01E030E06FE001
:1085200098F817102C2009F01EFA98F818102D2032
:1085300009F019FA277088E2266F0260BE03006016
:1085400081D60260D1D7026091DE026015DF026041
:10855000EE000060801703607A040060440300604E
:1085600022185244D2790A54401CC0B29BF806200B
:108570008242F5D8FE4880F8009086F8189064E2B0
:10858000B5F58C7F0CD0C82D66D0A5F5FA606428AF
:1085900078D8524621462846619BFCF7EDFE54E20E
:1085A0009BF8060020282BD19BF80A00DC2827D353
:1085B0009BF80E009BF810109BF8142000EB012094
:1085C0009BF81210090401EB026144189BF80C009F
:1085D000401CC0B2F9F7B3FA009703469BF80C2091
:1085E0009BF808002146F9F768F9E24CE24D0128B2
:1085F00007D09BF8080002A9F9F733F9012816D033
:1086000023E2DE4EDE499BF80A203078401EC0EBA4
:10861000C00319448A710BF1150104EB00101022FC
:1086200016F0B0FE3078284400F8019C0DE29DF869
:108630000800D349C0EBC00319449BF80A208A7193
:108640000BF1150104EB0010102216F09BFE9DF8B3
:10865000080005F80090F8E19BF80500082836D1DD
:108660009BF8060008280ED09BF8080050F0800008
:108670008BF808002CD09BF80C0040F080008BF8A1
:108680000C002BE03CE09BF8070050F080008BF8DA
:10869000070006D09BF8090040F080008BF8090025
:1086A00005E09BF8090000F07F008BF809009BF8BB
:1086B0000D009BF80E108DE883009BF80C309BF8A2
:1086C0000B209BF809109BF80800E2F783FFBCE140
:1086D0009BF80C0000F07F008BF80C009BF8160054
:1086E0009BF81410CDE9010700919BF812309BF81C
:1086F00010209BF80C109BF80A00E2F76BFFA4E136
:10870000A5F51850483845F68841884205D85246A4
:1087100021462846FCF7D0FC97E1A5F59850EC38A7
:1087200008D0A0F5FA607F287DD89BF805100229B3
:1087300032D059E09BF80500072829D19BF80A00A0
:108740009BF80C109BF8102000EB01209BF80E10FA
:108750008C4C090401EB02610844C4F801009BF849
:10876000120060719BF81410A171F9F704FC034624
:10877000012B01D95B1EDBB2D4F80120A17960790D
:10878000F8F7B2FF042804D003202070F9F777FB34
:108790005BE102202070F9E700EBD070C0F34704E2
:1087A0009BF80A009BF809109BF8072000EB0120BA
:1087B0009BF80810090401EB02614518284612F0E5
:1087C000FBFC0146C4EB041000EB40026E48104471
:1087D000C0F81E1090F8232062B1084617F0BEF8CA
:1087E00001462046EDF7B0F886F80090604880F822
:1087F00000902AE190F92810A1F10C020A2A19D957
:108800001739072907D801EBC10202EB01125F49B2
:10881000895C01290ED0012D14D080F8257090F8C4
:10882000250090B100E015E04FF47A712046F5F78D
:1088300045FCD9E7012D02D080F82590EFE780F8BC
:108840002570ECE780F82590E9E700212046F5F750
:1088500035FCC9E7A5F5E8503C387F2851D89BF88E
:10886000051002293CD100EBD070C0F347029BF801
:108870000A009BF809109BF8073000EB01219BF8D8
:108880000800000400EB03600844C2EBC20101EBE6
:1088900002133F4901EB430494F82810E1B994F81E
:1088A0002D100C2909D3C2EBC20303EB4213394A42
:1088B0001A4492F82620162A18D91739072907D8FA
:1088C00001EBC10202EB01123049895C01290DD094
:1088D000012813D084F8267012F06EFCC4F81E0034
:1088E00086F80190224880F80090AEE0012802D07E
:1088F00084F82690F0E784F82670EDE784F8269057
:10890000EAE7A5F5F8509C38FF285ED89BF80510DB
:10891000022949D100EBD070C0F347019BF80A004F
:108920009BF809209BF8073000EB02209BF80820F9
:10893000120402EB03621044C1EBC10202EB4112CC
:108940001449541894F8231031BB94F82610A1F15F
:108950000C020A2A2ED91739072907D801EBC102C0
:1089600002EB01120949895C012923D0012814E096
:10897000BE03006058BD036048CD0360DC020060A8
:1089800046D003602B030060DDC804608E6A02607D
:108990001DBD0460266F026002E013D084F82470CD
:1089A00012F00AFCC4F81E0086F80290FE4880F817
:1089B00000904AE0012802D084F82490F0E784F87F
:1089C0002470EDE784F82490EAE7462D3DD19BF82A
:1089D0000600142839D101254FF03D094FF03C0B1A
:1089E00004EB450000EB0A06B079717900EB012039
:1089F00008EB4501A1F82B0071790BEB450008F05D
:108A0000B2FFB17909EB450008F0ADFF6D1CEDB286
:108A10000A2DE5D904F0B5FC17E06198D0B1619852
:108A2000022817D0002001A90AEB000292790A540B
:108A3000401CC0B20428F7D3042101A8FBF7FDFDB8
:108A4000010A8DF808108DF80900D848477163B005
:108A5000BDE8F08F1AF804008DF800009BF80100C3
:108A60008DF8010098F804008DF8020098F80000D5
:108A70008DF8030098F801008DF8040098F80200C2
:108A80008DF8050098F803008DF806000721684668
:108A9000FBF7D3FD020A8DF807208DF808006198D6
:108AA0000028D2D19BF801001928CED198F80400F3
:108AB0009BF802108842C8D89BF803108842C4D3A0
:108AC00098F82600FBF72DFE98F826200921684625
:108AD000FBF7CBFDB9E7B5484079002802D1B4498E
:108AE000FCF79FBE7047B148FF218170417070470D
:108AF00070B50446AE4E7178122905D0AB4DAA8CE4
:108B0000921EFF2902D010E0012070BDB0785428D9
:108B10000BD1F078452808D130794D2805D17079EE
:108B2000432802D1B0794F280DD019291CD0032930
:108B300045D0062943D0102941D001293FD005292D
:108B40003DD0002070BDD1B29948FBF776FDA98CCD
:108B50003144891E4A78097842EA0121814201D1D3
:108B6000012070BD002070BD04219148FBF765FD18
:108B70007179327901EB0221814201D0002070BD70
:108B8000B178F278914201D3134600E00B4600D24F
:108B900011469C4201D38C4201D9002070BD16F0D1
:108BA000DFFB142190FBF1F201FB1200C1B20020A7
:108BB00001E0401CC0B28842FBD3012070BDD1B29D
:108BC0007B48FBF73AFDA98C3144891E4A78097825
:108BD00042EA0121814201D1012070BD002070BD17
:108BE00008B519200090DFF8CCA101208AF84600D2
:108BF0000024DFF8BCB1DFF8C0816C4D4FF00009F4
:108C0000ABF2EE470098E3F77AFA6C48B0F86010E0
:108C1000A1F5A850B33803D169480068E3F71CFBFD
:108C200068490A200870BAF81400401CAAF8140019
:108C300097F82800022807D097F82900022803D0C7
:108C400097F82A0002287DD197F82660022E09D1D4
:108C50004FF4FA725C49564816F094FBE878687451
:108C6000A88BA8844EB94FF4FA725849504816F0B0
:108C700089FBE87B6874288CA884012E09D14FF405
:108C8000FA7253494A4816F07DFB287C6874688C58
:108C9000A884687C02280ED0641CE4B2642C03D93A
:108CA00000243046FBF790FC85F8119097F82A00D5
:108CB000022837D03FE09BF803009BF8021000EB3E
:108CC0000120C0B2FFF714FFE0B19BF80000397932
:108CD000884201D0FF281DD197F82600FBF721FD1F
:108CE0009BF80100FF2808D197F826000022A03049
:108CF000C3B211462E48F2F7E9FEFFF7F4FEFFF784
:108D0000EAFE07E097F82600324A32F81010491CB4
:108D100022F8101097F82600FBF756FC85F8119002
:108D20000024C3E7E87C30B1401EC0B2E87410B93B
:108D30000220FBF749FC97F8280002280AD1A87CFA
:108D400000B100E006E0401EC0B2A87410B90020D7
:108D5000FBF73AFCE87E401CC0B2E8760A287FF6B2
:108D600051AF85F81B9097F82800072800D080B9EC
:108D70000021A86DE4F7F6F8012807D198F8000063
:108D800008B1022802D10020FBF71EFCA86DE4F711
:108D900034F897F82900072800D048BB0021286E36
:108DA000E4F7E0F8012817E0BE0300604403006028
:108DB0006CF0036054F50360BF03006048FA036081
:108DC000FC030060C603006078E9036084EC036084
:108DD00078EE03601203006007D198F8000008B134
:108DE000022802D10120FBF7EFFB286EE4F705F81B
:108DF00097F82A00072802D000287FF403AF00214B
:108E0000E86DE4F7AFF8012807D198F8000008B141
:108E1000022802D10220FBF7D7FBE86DE3F7EDFF54
:108E2000F0E61CB50446FBF797FBFE490023CDE9AD
:108E300000414FF48062FCA1AFF25B20E2F7E9FF52
:108E40001CBD70B5F74C0120503CE084FA4E96F8FA
:108E50002800022800D010B90020FBF7B5FB96F8D7
:108E60002900022800D010B90120FBF7ADFB96F8CD
:108E70002A00022800D010B90220FBF7A5FB00252C
:108E8000A4F84050E5732584A4F842502574658405
:108E9000A5846574E586E570A583E249FA201A3158
:108EA0000880488088800020E3F795FFA0650020B7
:108EB000E3F791FF20660020E3F78DFFE0650020D7
:108EC000E3F789FF6065657196F8280002280CD0E9
:108ED00001280AD0092808D096F82A00022816D0BE
:108EE000012814D0092812D020E096F82300032886
:108EF0000AD0042808D0072806D00C2804D0082857
:108F000002D0CE48056011E0CD4805600EE096F82D
:108F10002300CC4903280ED004280CD007280AD0FF
:108F20000C2808D00A2809D0C1F8AC510320A0753C
:108F3000E074A07470BDC1F8AC51F7E7C248056099
:108F4000F4E7B84A503A51784140C0489378405CC1
:108F500058405070BE48405C907070470120704788
:108F6000B54991F82A00092809D0012807D091F8BD
:108F70002800092805D0012803D0FF2070470220CF
:108F800070470020704770B50546022925D80BD1DF
:108F9000B04C4FF040012046E1F777F829462046D3
:108FA000BDE87040E1F709B861B1012915D1AA4CBB
:108FB00040212046E1F769F829462046BDE8704087
:108FC000E0F7FBBFA54C40212046E1F75EF82946BB
:108FD0002046BDE87040E0F7F0BF70BD2DE9F041DC
:108FE000044615468F4E503EF187022D3AD8DFF8E1
:108FF000488200278DB9A6F8407008F5837016F0F6
:10900000DAF998F8230003280AD0042808D00728A2
:1090100006D0082804D089480460022D03D014E04B
:1090200087480460F9E7F786F18F8D4816F0C3F999
:1090300098F823008349032811D004280FD007286B
:109040000DD00C280BD0C1F8AC41012D0AD1A6F8E7
:109050004270F18FBDE8F041824816F0ACB9C1F81A
:10906000AC41F2E7BDE8F0812DE9F04180460C46C5
:10907000022C01D90020F5E700256A4F503F2FE070
:1090800064B9B7F84060F88F864207D37649324614
:1090900001F2DC5016F076F93046E3E7022C0BD1F2
:1090A000FE8EF88F864207D36D49324601F6E800FE
:1090B00016F068F93046D5E7012C0CD1B7F84260BC
:1090C000F88F864207D36749324601F57A7016F069
:1090D00059F93046C6E70220E3F711F86D1CADB22E
:1090E0004545CDD3614830F81410491C20F81410C0
:1090F0000020B7E72DE9F041DFF85C8140F225510F
:109100004046E0F7C5FF474C01260025503C0128AA
:1091100030D040F2277739464046E0F7B9FF0128C2
:10912000A0D153484168491C41606675514806709A
:10913000628E501C60865048815C4046E0F73DFFDF
:10914000618EA08D81428DD340214046E0F796FF8D
:109150000028F9D040214046E0F797FF0022394629
:109160004046E0F7DEFE6586A585BDE8F0410120BA
:10917000FBF72ABA41484168491C416040480670E3
:10918000B4F84200B0F5F97F0AD84046E0F719FF7D
:10919000B4F842104A1CA4F84220324A505401E06C
:1091A000A4F8425037A12F4816F010F9224F90B181
:1091B000DFF8D48098F8000068B9A4F8425097F816
:1091C0002900072805D0072187F829101E2008F05C
:1091D000CAFB88F8006097F82900072801D000280A
:1091E00005D1B4F84200012801D97420607239E732
:1091F0002DE9F05F10480026012490F826001F4F4B
:10920000DFF86C80FA254FF010094FF00C0A4FF090
:10921000080B40F22551002874D001287DD0022887
:109220007CD133E0940300606D61696E7365726197
:10923000696C7461736B00007EEB036088012242ED
:10924000A081224200002342800121423F1B0408EA
:109250003F1C040800480040004400400038014022
:1092600078E9036078EE036084EC03601803006023
:109270004CBD03601704006090E5036040BD0360CF
:10928000160400607A690000EC020060FB48E0F719
:10929000FFFE01287DD0DFF8E49340F227773946BE
:1092A0004846E0F7F5FE012838D1D8F80800401C00
:1092B000C8F80800F24D2C71F2480470AA8E501CB8
:1092C000A886F148815C4846E0F777FE10F0C7FBBE
:1092D000A98EE88D814221D340214846E0F7CEFE99
:1092E0000028F9D040214846E0F7CFFE0022394659
:1092F0004846E0F716FEAE86EE85BDE8F05F022038
:10930000FBF762B940F22551E048E0F7C1FE0128C1
:1093100035D040F22777394601E0C6E070E0DFF84B
:109320006C934846E0F7B4FE012869D1D44D2C7502
:10933000D7480470D8F80000401CC8F800002A8EF6
:10934000501C2886D348815C4846E0F736FE10F072
:1093500086FB298E688D814252D340214846E0F732
:109360008DFE0028F9D0002239464846E0F7D9FDA5
:109370002E866E85BDE8F05F0020FBF725B9C64854
:1093800004703868401C3860DFF8F48208F16A081D
:1093900000E00CE1B8F8000008B9A8F80050B84F98
:1093A000B8F80000BD4CB7F84010884212D920210F
:1093B000B648E0F76AFE40F22551B448E0F787FE70
:1093C000B248E0F7FEFDB7F840104A1CA7F840206D
:1093D000605402E00020FBF7F7F8B7F840000128DE
:1093E00010D0032814D004281CD0072828D00E2819
:1093F00040D0398C884203D30220F873A7F840602C
:10940000BDE8F09F3D84A8F80050B87DB874F7E738
:109410006078192801D106213984FF28F0D1A7F8F6
:109420002090EDE7E078A17800EB01200A28E7D151
:1094300060780628E4D1A7F820A0B87DB874DFE7EB
:109440006078032809D0062807D0012805D0052810
:1094500003D0102804D03D84D2E7A7F820B0CFE78E
:109460006179092000EB410038848D48807908300B
:10947000B874C5E76078FF28C2D1607A642802D248
:10948000A7F82090BCE7617B207B01F0010100EB95
:109490000121E07AA27A801A401C484310303884B7
:1094A000A8F800006420B874AAE7DFF8F8910D4628
:1094B0004846E0F7EDFD012832D040F227773946E3
:1094C0004846E0F7E5FD01289AD1D8F80400401C91
:1094D000C8F804006A4D6C75734804706A8E501C9D
:1094E00068867248815C4846E0F767FD698EA88D02
:1094F000814285D340214846E0F7C0FD0028F9D0DD
:1095000040214846E0F7C1FD002239464846E0F7D1
:1095100008FD6E86AE85BDE8F05F0120FBF754B80C
:109520007868401C786062480470554C614EB4F80D
:109530004200B0F5F97F11D820214846E0F7A5FD9B
:1095400029464846E0F7C3FD4846E0F73AFDB4F83F
:1095500042104A1CA4F84220705402E00120FBF79C
:1095600033F8B4F84200012809D004280AD00728AB
:1095700014D0618C884285D30220207440E7A4F87F
:1095800022B03DE7F078B17800EB01200A288BD1BA
:109590007078062888D1A4F822A031E770781028C6
:1095A000ECD17179092000EB4100608428E7B868AC
:1095B000401CB86040480470DFF8C48008F16A08B5
:1095C000B8F8040008B9A8F804502D4FB8F8040002
:1095D0003A4CF98E884207D92848E0F7F2FCF98E18
:1095E0004A1CFA86605402E00220FAF7EDFF2021BF
:1095F0002648E0F74AFD40F225512448E0F767FD90
:10960000F88E01280ED0032812D004281AD007287B
:1096100026D00E285FD0B98B8842AFD10220F870D7
:10962000FE86EDE6BD83B87DF874A8F80450E7E641
:109630006078192801D10621B983FF289ED10E2018
:10964000B883DDE6E078A17800EB01200A2895D107
:109650006078062892D1A7F81CA0B87DF874CFE6F0
:10966000607803282CD006282AD0012828D0052885
:1096700026D0102827D0BD83C2E600000048004055
:10968000440300601904006084E70360003801406F
:10969000150400609CE303601404006084EC036024
:1096A0006CF00360004400401704006090E5036024
:1096B0001604006078EE03601804006078E9036027
:1096C000A7F81CB09CE6A0790930B883FB488079E4
:1096D0000830F87494E66078FF28A2D1607A642894
:1096E00002D2A7F81C908BE6617B207B01F0010180
:1096F00000EB0121E07AA27A801A401C4843103026
:10970000B883A8F804006420F87479E62DE9F047DE
:109710000026DFF8AC83EB4F0125EB4C40F2255AD5
:1097200040F2277902280CD0002852D110F097F986
:109730005146DFF898A35046E0F7AAFC01284AD02A
:1097400057E010F08CF95146DFF884A35046E0F75B
:109750009FFC01280DD1DF4805705046E0F731FC31
:10976000C1B2DD480FF0EAFDD8F80800401CC8F887
:109770000800C846D14641464846E0F789FC012822
:1097800027D110F06CF9A28E501CA086D348815CC2
:109790004846E0F712FCA08EE18D884213D34021A9
:1097A0004846E0F76BFC0028F9D040214846E0F736
:1097B0006CFC002241464846E0F7B3FBA686E685EE
:1097C0000220FAF701FF2571C5480570B868401CF2
:1097D000B860BDE8F087C3480570D8F80000401CA9
:1097E000C8F800005046E0F7ECFBC1B2BA480FF0F1
:1097F000A5FDC846D14641464846E0F749FC012848
:10980000E7D110F02CF9228E501C2086B648815CDE
:109810004846E0F7D2FB208E618D884213D3402169
:109820004846E0F72BFC0028F9D040214846E0F7F5
:109830002CFC002241464846E0F773FB26866685ED
:109840000020FAF7C1FE2575A84805703868401C4D
:109850003860BEE72DE9F05FA54F994DDFF86492BF
:1098600097F824000126984C4FF0000840F225514B
:109870004FF0020B40F2277A002807D002283DD192
:109880009348E0F705FC01287ED0BDE08F48E0F763
:10989000FFFB012833D08D4D51462846E0F7F8FBF9
:1098A00001282BD1228E501C20868F48815C2846AF
:1098B000E0F783FB10F0D3F8208E618D884215D33A
:1098C00040212846E0F7DAFB0028F9D0402128465D
:1098D000E0F7DBFB002251462846E0F722FBA4F824
:1098E0003080A4F82A800020FAF76EFE26757F48A3
:1098F0000670D9F80000401CC9F8000080E57948DE
:1099000006702868401C2860B4F84000794DB0F516
:10991000F97F09D86D48E0F754FBB4F840104A1CB1
:10992000A4F84020685402E00020FAF74DFE97F8B2
:109930004E000028E2D1B4F84000062805D129786D
:10994000FF2902D16978192907D00828D6D169786A
:109950000329D3D1E9790029D0D0801EC1B265484E
:10996000FAF76BFEB4F840102944891E4A7809784A
:1099700002EB01218142C1D187F828B0F8F707F93D
:10998000BDE8F05F002000E001E0FAF71DBE51489D
:109990000670A868401CA860E08E574DB0F5FA7FAD
:1099A00007D24B48E0F70DFBE18E4A1CE286685473
:1099B00002E00220FAF708FE97F84E0020BBE08E86
:1099C000062805D12978FF2902D16978192906D0FE
:1099D000082819D16978032916D1E979A1B1801E27
:1099E000C1B24548FAF729FEE18E2944891E4A781A
:1099F000097802EB0121814206D187F82AB0F8F7F5
:109A0000C6F80220FAF7E0FD314D51462846E0F74E
:109A10003FFB01288ED1A28E501CA0862F48815C6E
:109A20002846E0F7CAFA10F01AF8A08EE18D8842B5
:109A300015D340212846E0F721FB0028F9D040212A
:109A40002846E0F722FB002251462846E0F769FA53
:109A5000A4F83480A4F82E800220FAF7B5FD267110
:109A60001F480670D9F80800401CC9F80800C7E470
:109A70001F49022291F82A00022806D0012808D0A6
:109A8000092806D081F82420E4E681F82620FFF793
:109A9000AFBB02203AE6164991F82900072809D001
:109AA00040B1082806D0022806D1012081F82600FE
:109AB000FFF79EBBFFF71EBB704700006CF0036012
:109AC00040BD03604CBD03604403006000380140AA
:109AD0000048004018040060A8B8046084E70360F0
:109AE00019040060140400609CE303601504006026
:109AF0007EEB036084EC036078E903604149002257
:109B000091F82800022806D0012808D0092806D09C
:109B100081F824209EE681F82620FFF769BB00200B
:109B2000F4E53948407BC7E7C6E770B5354890F89B
:109B30002300012801D005285ED1324C324D123C61
:109B40002088B0F5165F01D105202873012007F0A9
:109B50006AFF287B05284FD1A07801284CD1E178F5
:109B60000A2903D20122201DFAF77FFD207952280D
:109B700042D101220D210020FFF730FA012164209B
:109B8000FFF772FA10F0FF0F36D02049C87A0D287F
:109B900032D1087B0A282FD1087877282CD1487831
:109BA0006E2829D188781A4A30385043CA7840F64E
:109BB0003543303A5A4300EB4212087940F27123A0
:109BC0003038584302EB00124879303800EB40033C
:109BD000C3EBC01002EBC002C879303800EBC00301
:109BE00003EB001002EB8002087A303800EB8000B3
:109BF00002EB4000C4F80E0070BD024890F823004C
:109C00005AE700007EEB03604403006060F20360EB
:109C100040420F0070B5FE4C0025A078012805D108
:109C2000A570208B052801D205202083A07802286A
:109C300006D10120F4F77EFBA570F4F710FE258312
:109C4000208B002808D0401E80B22083002803D13A
:109C5000BDE87040F4F703BE70BD2DE9F04F8DB044
:109C60006621EC4815F0A7FB0024DFF8A8A32046E6
:109C70000AEB040107F068FE641CE4B2042CF6D37E
:109C800000240DF1040909EB040104F1A30007F01D
:109C90005BFE641CE4B2042CF5D39DF804009DF82F
:109CA00005109DF8072000EB01209DF8061009041F
:109CB00001EB02610844D8490860421C02D0B0F5AB
:109CC000800F0ED39AF800009AF801209AF803301A
:109CD00000EB02209AF80220120402EB0362104407
:109CE00008600AF10701082007F02EFE002409EBA6
:109CF000040104F1A70007F027FE641CE4B2042C61
:109D0000F5D30AF10401062007F01EFE9AF80400BC
:109D10000126FF2800D028B931468AF804600620C1
:109D200007F021FEBD499AF804000870B9492020C7
:109D3000273107F009FE9AF827000025012801D9EC
:109D40008AF82750B649212007F0FEFDB448017873
:109D5000012904D905700021212007F004FEAD4936
:109D60002E200E3107F0F0FD9AF80E00022805D3E0
:109D70008AF80E5000212E2007F0F5FDA449262078
:109D8000093107F0E1FDA3490E20233107F0DCFD86
:109D90009AF823000E2801D98AF82360A14864218B
:109DA0000180C82141804FF4967181804FF4C871C1
:109DB000C1804FF4FA7101814FF4167141814FF463
:109DC0002F7181814FF44871C1814FF4617101821B
:109DD0004FF47A7141828F490F200A3107F0B4FDA8
:109DE0009AF80A0006274FF00508312811D39AF88F
:109DF0002300012804D0022805D0042806D008E05A
:109E00008AF8238005E08AF8237002E007208AF8A8
:109E100023009AF823008449844A012875D0052834
:109E200073D00423022874D0062872D0032873D07C
:109E30000A2868D0002867D004287DD007287BD066
:109E40000C287AD0092879D00B2878D00E2877D022
:109E500015700D709AF80E0018B1012801D08AF81B
:109E60000E5000240AEB040B0BF10F0104F12F003C
:109E700007F06AFD0BF1190104F1330007F064FDEE
:109E80000BF11D0104F1370007F05EFD641CE4B224
:109E9000042CE7D300240AEB0401133104F1280059
:109EA00007F052FD641CE4B2062CF4D39AF81300B8
:109EB00010B300249AF81810282007F054FD9AF8DF
:109EC0001710292007F04FFD9AF816102A2007F0E6
:109ED0004AFD9AF815102B2007F045FD9AF814104A
:109EE0002C2007F040FD9AF813102D2007F03BFDC1
:109EF000641CE4B2062CDDD39AF80F0080B358E05E
:109F000003E006E008E023E026E00C200870107073
:109F1000A0E70F7013709DE70B7002201070444B88
:109F200093F8D70068B10320107093F8040158B17A
:109F30001078401C10708DE713E016E019E01CE06B
:109F40001FE081F80080F0E70878401C087081E786
:109F50000E70022010707DE70A200870157079E7F6
:109F600013E008200870177074E70F7082F8008003
:109F700070E781F8008013706CE781F8008013703F
:109F800068E707200870137064E79AF8100080B93A
:109F90009AF8110068B99AF8120050B9C0208AF8EE
:109FA0000F00A8208AF810008AF8115003208AF8C0
:109FB00012009AF82A00012807D0092805D09AF83B
:109FC0002800012801D0092801D11A48067001A9EA
:109FD0003D2007F0B9FC09F101013C2007F0B4FC79
:109FE0009DF804009DF8051000EB012080B2AAF84E
:109FF00021004FF6FF7B584500D008BB4FF4FB71A2
:10A00000AAF821103D2007F0AEFCBAF8210013E0B9
:10A01000BC0300607EEB0360740200608D02006090
:10A0200033040060BAF50360890200608A020060B0
:10A03000DDC80460AC070060010A3C2007F093FC17
:10A0400001A9C82007F080FC09F10101C92007F02F
:10A050007BFC8AF85250FE49BF2007F075FCFC4992
:10A06000C020891C07F070FC9AF85100022805D91D
:10A070008AF851500021BF2007F075FC9AF8530070
:10A08000022805D98AF853500021C02007F06BFC44
:10A090008AF85550EE49C420C91C07F055FCEC491C
:10A0A000C520491D07F050FC9AF85400022805D934
:10A0B0008AF854500021C42007F055FC9AF8560045
:10A0C000022805D98AF856500021C52007F04BFC1C
:10A0D0009DF804009DF8051000EB012080B2AAF85D
:10A0E0004900584502D008B1FF280CD14BF6C021D9
:10A0F000AAF84910C82007F036FCBAF84900010A4E
:10A10000C92007F030FCD249C720083107F01CFCF9
:10A110009AF85900FF2801D18AF85950CC491D20DE
:10A12000293907F011FC9AF8280068B102280BD0F1
:10A13000072809D0012807D0092805D08AF8285017
:10A1400000211D2007F00FFCC1491E20283907F00F
:10A15000FBFB9AF8290058B1022809D0072807D03C
:10A16000082805D08AF8295000211E2007F0FBFBA3
:10A17000B7491F20273907F0E7FB9AF82A0068B192
:10A1800002280BD0072809D0012807D0092805D0BC
:10A190008AF82A5000211F2007F0E5FBAC49222055
:10A1A000103907F0D1FB9AF84100FF2801D18AF855
:10A1B00041809AF8230020B19AF82810FF2938D05E
:10A1C0003AE08AF829509AF8280048B1022807D0C6
:10A1D000012805D08AF8285000211F2007F0C3FB72
:10A1E0009AF82A0068B102280BD0072809D0012864
:10A1F00007D0092805D08AF82A5000211F2007F02F
:10A20000B2FB94480770944805709449532007F0B6
:10A210009BFB92480178FF2904D1394607705320EF
:10A2200007F0A1FB002007F0FEFB022007F0FBFB7C
:10A230001FE002218AF828109AF82910FF2901D17D
:10A240008AF829509AF82A10FF2902D107218AF8A2
:10A250002A109AF82910072901D1814A157005287A
:10A2600001D0062805D17F4807292CD059B3C0F862
:10A270008C510020AAF82B0000240DF1040A3E2086
:10A280000AEB440500EB44082946404607F05CFB16
:10A290003F2000EB4409691C484607F055FB6878ED
:10A2A0001AF814106A4A00EB012081B2513A601C7E
:10A2B00002EB40058246A5F82B10A1F57F40FF3840
:10A2C00004D019B113E0C0F88C61D2E7DFF898B17F
:10A2D0003BF81400010A404607F045FB1BF8141038
:10A2E000484607F040FB3BF81400A5F82B000AF0A5
:10A2F000FF04092CC1D903F044F855499A200D39BF
:10A3000007F022FB52499B200C3907F01DFB504CF3
:10A310000025513C84F8465004F147010A2007F01B
:10A3200013FB94F84700FF2805D184F8476001210A
:10A330000A2007F018FB4D49042007F005FB4B48A5
:10A340000178032904D903210170042007F00BFBD5
:10A3500001A91B2007F0F8FA0DF104090DF1050120
:10A360001C2007F0F1FA9DF804009DF8051000EBA1
:10A3700001203F4980B208804FF6FF7B584509D144
:10A380000A2008800A211B2007F0EDFA00211C207A
:10A3900007F0E9FA3149532007F0D6FA2F4801783F
:10A3A000FF2904D139460770532007F0DCFA294908
:10A3B000092007F0C9FA27480178FF2904D1394656
:10A3C0000770092007F0CFFA2349522007F0BCFAA2
:10A3D00021480178FF2904D139460770522007F03F
:10A3E000C2FA012007F01FFB022007F01CFB00202F
:10A3F00007F019FB1648513890F823000A2807D1B6
:10A40000012007F010FB12490820513981F829007A
:10A41000002409EB0401884604F1B3001831074613
:10A4200007F092FA98F81800FF2805D10021384665
:10A4300007F099FA88F81850641CE4B20C2CE8D3A1
:10A440000024DFF830A0542000EB440701A913E0FA
:10A45000CFEB03604F0300605003006051030060C6
:10A46000E702006000002242BAF503608801006044
:10A4700090010060446F0160384607F065FA55208E
:10A4800000EB440809F10101404607F05DFA9DF830
:10A4900005009DF8041000EB012058450AD14AF848
:10A4A00034503846002107F05EFA4046002107F09C
:10A4B0005AFA01E04AF8340009EB04015AF8340072
:10A4C000097E01F00F0100EB01404AF83400641CE2
:10A4D000E4B20C2CB7D300243746CB466C2000EBFB
:10A4E000440801A9404607F02FFA6D2000EB44090B
:10A4F0000BF10101484607F027FA9DF805009DF889
:10A50000041007EB440600EB01204AF82600A0F5F2
:10A510007F41FF3908D14AF82650404607F023FA18
:10A520004846002107F01FFA0BEB04015AF82600F9
:10A53000097E090900EB01404AF82600641CE4B2D8
:10A540000C2CCBD301A90D2007F0FEF90BF1010172
:10A550000C2007F0F9F99DF805009DF804104FF65E
:10A56000FF7600EB0120B0420DD1FF4C4FF4487153
:10A5700021800D2007F0F7F9B4F90000C0F30F2196
:10A580000C2007F0F0F9F949192007F0DDF9F74838
:10A590000178012904D905700021192007F0E3F999
:10A5A000F349072007F0D0F9DFF8C483A8F1480881
:10A5B00098F84800FF2805D188F848700121072045
:10A5C00007F0D1F998F84800052802D9022088F848
:10A5D0004800E8499C2007F0B7F9E649087808B137
:10A5E000FF2809D198F8120008B1087000E00F7038
:10A5F00009789C2007F0B7F901A9E72007F0A4F932
:10A600000BF10101E62007F09FF99DF804009DF889
:10A61000051000EB012080B2A8F8420058B931467D
:10A62000A8F84260E72007F09EF9B8F84200010A56
:10A63000E62007F098F901A9162007F085F90BF13B
:10A640000101152007F080F99DF804009DF8051020
:10A65000C94C00EB012080B2208008B1B04209D182
:10A6600039462780162007F07EF92088010A152038
:10A6700007F079F9C149172007F066F9BF4801785A
:10A68000FF2904D129460570172007F06CF9B84955
:10A69000D620C91D07F058F9B549CB20083107F07D
:10A6A00053F998F85000FF2805D1294688F85050F2
:10A6B000CB2007F058F900240BEB040104F1AB00A8
:10A6C00007F042F9641CE4B2042CF5D39DF80400B1
:10A6D0009DF805109DF8072000EB01209DF806105D
:10A6E000090401EB02610844A549086001A9AF20F3
:10A6F00007F02AF90BF10101E12007F025F99DF897
:10A7000004009DF8051000EB01209E49088001A976
:10A71000B02007F019F90BF10101B12007F014F98D
:10A720009DF804009DF8051000EB012080B2A8F808
:10A730004B00B04200D060B940F2FF31A8F84B1096
:10A74000B02007F010F9B8F84B00010AB12007F06B
:10A750000AF901A9CC2007F0F7F80BF10101CD208F
:10A7600007F0F2F89DF804009DF80510864C00EB08
:10A77000012080B22080B0420AD142F210712180C3
:10A78000CC2007F0F0F82088010ACD2007F0EBF884
:10A790007749B220891D07F0D7F898F84E00FF28B6
:10A7A00005D1294688F84E50B22007F0DCF87749E9
:10A7B0009D2007F0C9F8754A1078FF2801D00128BC
:10A7C00004D8FE2111709D2007F0CDF87049D120EA
:10A7D00007F0BAF86E4C20785538102836D801A901
:10A7E000D22007F0B1F80BF10101D32007F0ACF84B
:10A7F0000BF10201D42007F0A7F80BF10301D520DB
:10A8000007F0A2F89DF804009DF805109DF80720B8
:10A8100000EB01209DF80610090401EB02610844D9
:10A82000C4F80100B04211D1C4F801500021D22077
:10A8300007F099F80021D32007F095F80021D420E3
:10A8400007F091F80021D52007F08DF801A912201A
:10A8500007F07AF80BF10101132007F075F89DF865
:10A8600004009DF8051000EBC00202EB001001EBA4
:10A870008001A1F5C0509F3807D03F21122007F07A
:10A8800072F80321132007F06EF83949E2201A31DB
:10A8900007F05AF898F86200FF2800D010B903209A
:10A8A00088F862003249E3201B3107F04DF898F830
:10A8B0006300FF2800D010B90E2088F863002C49EF
:10A8C000E4201C3107F040F898F86400FF2802D01B
:10A8D00098F8620010B90B2088F864002449E5203C
:10A8E0001D3107F031F898F86500FF2800D010B945
:10A8F000072088F86500E6F761FA01A9182007F03B
:10A9000023F8244C9DF80400208301A9E82007F0D7
:10A910001BF89DF8040020800DB0BDE8F08F2DE9F4
:10A92000F0414FF4FB713D2007F01DF801213C2060
:10A9300007F019F80121062007F015F80121202061
:10A9400007F011F80021BF2007F00DF80021C0200A
:10A9500007F009F80021C42007F005F80021C52000
:10A9600007F001F8002117E07C0300604C03006051
:10A97000C6EB0360540200607E0300604E0300607B
:10A9800078020060AA0100606C030060530200605E
:10A99000A803006092FA03609A2006F0E4FF002109
:10A9A0009B2006F0E0FF0024542555266C274FF02D
:10A9B0006D08002104F1B30006F0D5FF05EB44005B
:10A9C000002106F0D0FF06EB4400002106F0CBFF8B
:10A9D00007EB4400002106F0C6FF08EB440000210D
:10A9E00006F0C1FF641CE4B20C2CE2D3002122204B
:10A9F00006F0B9FFFE219D2006F0B5FF0021C7201B
:10AA000006F0B1FFF3F749F872B6E0F789F80024D1
:10AA1000FD4D05EBC420E0F7B1F8641CE4B2402C16
:10AA2000F7D3E0F783F862B60020F84A0121115409
:10AA3000401CC0B21A28FAD3F548022282708174F1
:10AA4000BDE8F08110B5F34908200AF038FAF24960
:10AA500000200AF034FAF1480AF02EFAF0490C20EE
:10AA60000AF024FAEF490E200AF020FAEE490F20EE
:10AA70000AF01CFABDE81040EC4910200AF016BAA2
:10AA800010B5EB480146027848788978002A01D150
:10AA900000B9D9B1FF2A03D1FF2801D1FF2915D070
:10AAA000E348E8F70CFC0DF0E3F9FFF7CBFFE148D2
:10AAB00000680DF0E4F909F0B4FF4FF0FF30E9F75A
:10AAC0008FFBDD480078012824D025E0DB4C94F88A
:10AAD0002300012806D0052804D0022806D0062825
:10AAE00004D006E0D6A0E8F7EAFB02E0D6A0E8F73B
:10AAF000E6FB94F82300032801D0072802D1D4A054
:10AB0000E8F7DDFB94F823000828CCD1D2A0E8F7C1
:10AB1000D6FBC8E70CF020FDD14908200870D149C8
:10AB200004200870D04905200870D049032008701F
:10AB3000E8F7CEFDE8F7F7FDBDE81040E8F71EBEE8
:10AB400086B0DFF82CA34FF001088AF8438000207C
:10AB50000DF060FEDFF81C93002489F80040B74D2B
:10AB6000C54E95F82A00012808D0092806D095F886
:10AB70002800012808D0092806D00AE002200EF09B
:10AB80004BFF86F8008004E000200EF045FF86F8B9
:10AB900000809F4E748395F82A00092803D095F809
:10ABA0002800092802D1B54880F80080B44F3C70D5
:10ABB000B44804703473F483DFF8CCB2AC48C18974
:10ABC000491CC1810720B0729C4D95F828000928C6
:10ABD0000CD001280AD095F82A00092806D00128AF
:10ABE00004D041F28830E2F75CFDE7E70520E1F7A9
:10ABF00086FA708B42F6E061B0FBF1F201FB1201C4
:10AC000041B195F82A10092911D095F82810092981
:10AC10000DD0BCE095F82A00092803D095F828004B
:10AC2000092802D1954880F800807483AFE0C821DC
:10AC3000B0FBF1F201FB120000287CD1387801282A
:10AC400018D099F80000C0EBC001904800EB8100DB
:10AC5000817E491CC9B281760A2901D98476C472E1
:10AC60008B4899F800100078814225D2491C89F858
:10AC7000001023E099F80000DFF810A2C0EBC0003C
:10AC80000AEB80000023C17880786A46F3F726F942
:10AC9000401C07D09DF8000005222B2148437D4928
:10ACA0000844C27499F80000C0EBC0000AEB8000B1
:10ACB000847680F80B80D3E789F8004099F800107B
:10ACC000814239D170799BF8001088422AD22B2218
:10ACD000DFF8C0A100FB02F151448A7CB2B9D1F87F
:10ACE00005209AB94A7D521C4A753C70E9F766F90D
:10ACF00069497079087002E0C820E2F7D2FC387820
:10AD000020B928466D1CEDB21428F5D370792B219B
:10AD100000FB01A0417D052904D90168C0F8051098
:10AD2000447584727079401CC0B270719BF8001039
:10AD300088422CD974712AE0F8B195F82A000928C4
:10AD400003D095F82800092821D13C704F4DC1EB64
:10AD5000C10005EB80000094504A037DB0F8171045
:10AD6000407D1278F0F7BFFB002807DB99F8001050
:10AD7000C1EBC10105EB8101487608E099F80000BC
:10AD8000C0EBC00005EB8000817E491C8176708B92
:10AD9000401C7083307B00287FF427AF34490023A8
:10ADA0004FF416727A3101A800940DF03BF8024678
:10ADB000002A3FF41AAF2E4900237A3101A80EF081
:10ADC00076FBFBE62DE9F04F89B0114E0025F08AA5
:10ADD000B0F5616F68D2401CF082DFF8C4B0314832
:10ADE000234C31789BF8002003785A340DF10C097C
:10ADF0004FF0010A4FF015084FF6FF77914202D14C
:10AE00007178994272D050E00000060870540360D7
:10AE1000BC030060F5970308DD930308C599030898
:10AE20000D97030843A703083D98030815AA0308D4
:10AE300080170360740200604E0300607EEB0360C5
:10AE400054332D424200000054332D4C4200000088
:10AE500054332D544200000054332D4E4200000064
:10AE6000B4070060B2070060C2070060C30700605B
:10AE700054F5036032030060AC070060AD0700606A
:10AE8000390300604202006059020060541E0360F2
:10AE900057020060543A03603303006054020060BC
:10AEA000D4020060DF0200605DE0FBA103A815F0A2
:10AEB00043FD0220207029466570C4F802904A467E
:10AEC00084F806A084F8078021816781CDE900819C
:10AED00001230297F4F727FA9BF800003070F2483C
:10AEE00000787070012009B017E5FFE7EF49B26CF8
:10AEF000306ACB6C904202D1706A984218D03262AC
:10AF00007362EBA103A815F017FD032020702946FA
:10AF10006570C4F8029084F806A084F80780218147
:10AF20006781CDE9008101234A460297F4F7FBF9D6
:10AF300006F026FDE24AE3A103A815F0FDFC04207B
:10AF4000207029466570C4F802904A4684F806A02D
:10AF500084F8078021816781CDE900810123029770
:10AF6000F4F7E1F904E0F4F7AAF9F4F754FBF582F9
:10AF70000020B8E7CD4C0020207060702062606235
:10AF8000E0826073A073A062CF4D012685F83D601A
:10AF90002083A070CD4FFA20E1F7B1F8288808B9D6
:10AFA000DDF767FE6888401C6880A672A07980077C
:10AFB0000DD1E6F784F801F0ADFD97F823000128E4
:10AFC00001D0052801D1FFF7FDFEE0F7FAFAA079DC
:10AFD000401CA071DFE72DE9F041B44C0025BC4FC7
:10AFE000E16AA06CBB4E4FF03C08814202D0E062A7
:10AFF000657511E0217A491CC9B221720A290BD367
:10B0000048B1708C401C7084E5F792F8A7F8008076
:10B01000607D401C607525723888A6F85600411E78
:10B0200039800BD2B6F85400401CA6F85400E5F75E
:10B030007FF8A7F80080607D401C6075607D052862
:10B040000BD3657536F85E0F401C3080A06C00286D
:10B0500003D0BDE8F041F9F7BEBBF1E40EB5934D66
:10B060000024EC746C74AC74EC732C74DFF858929C
:10B070004FF0010889F84A80EC702C71AC83964837
:10B0800000680CF0FCFE92494FF416700880DFF85F
:10B090004CA28E4F924E4FF00A0B4FF47A70E1F7AC
:10B0A0002EF8B9F81C00401CA9F81C000E20A8724C
:10B0B000EBF71EF98749A86C08828A49884202D8B2
:10B0C000E86C884201D9AC64EC64F2F7A9FFFFF7A1
:10B0D00082FFB7F84900E2F7DAFB307958B9B07867
:10B0E000022808D1707830B97F480068B0F5616FE8
:10B0F00001D9F9F770FBF9F7E5F9F8F784F9E8F702
:10B1000025FEEBF70AF97949087808B1401E087066
:10B11000F2F742FE97F8230001280DD005280BD046
:10B12000022809D0062807D0042805D0072803D014
:10B13000032801D0082829D1A98BB1F5966F25D213
:10B140006B4A1278012A21D1491C89B2A983B1FB2B
:10B15000FBF20BFB1211C9B9022801D0062806D157
:10B16000DAF80000E1F778F80120DFF7DBFA03F006
:10B17000FBFF97F82300022801D0062806D1002003
:10B18000DFF7D0FADAF80000E1F7AAF8EEF78EFB65
:10B19000A87C012801D1F9F711FBE87A01280DD12B
:10B1A00030787178CDE901040091B378F278717943
:10B1B000B079E0F70FFAE0F704FAEC72F9F767F903
:10B1C00097F84700022835D1E879401CE871E6F786
:10B1D00066FAE87B08BBE6F7CFF9052809D0287C9A
:10B1E000052817D2E879B0FBFBF10BFB110058B131
:10B1F00013E085F80F803F48316801607168416055
:10B20000318901812C7408E0E6F73FFA287C401C64
:10B21000287402E02C7485F80F803748E97900889B
:10B22000C0EB0010B1EB800F04D9E6F72EFAEC71F9
:10B23000EC732C74E87801280CD12879401CC0B23A
:10B240002871052806D92D480068E1F749F8022041
:10B25000E8702C71287D3C2802D2401C287502E041
:10B260002C75E9F744FC687C012802D1FFF757FBF5
:10B270006C74002009EB000191F83C20012A43D1B5
:10B2800009EB40031A88B3F81EC0624538D0DA8350
:10B2900081F84B4038E0000044423A202575204FA9
:10B2A0004E3A202575000000DF020060BC030060FC
:10B2B00052583A256C752054583A256C7500000098
:10B2C000CE6804602573000054F503607EEB0360D4
:10B2D0008003006048FA0360740200602804006084
:10B2E000E01700603F420F008C03006042020060E4
:10B2F00054040060D85602609001006004030060AE
:10B3000011F84B2F521C0A7099F84B10142903D9CD
:10B3100089F84B4085F81280401CC0B20F28A9D391
:10B32000FEF778FCB9E610B545F25550DDF798FC0C
:10B330000520DDF798FC4FF47A60DDF797FCDDF728
:10B3400098FCBDE81040DDF799BC38B501210D200F
:10B35000DDF7B1FD0121FB48DDF732FC4FF4C044BD
:10B36000ADF8004010208DF8030003208DF8020096
:10B37000F54D69462846DDF798FB21462846DDF75E
:10B3800000FC38BD08B501218020DDF794FD802048
:10B39000ADF8000003208DF8020010208DF80300A6
:10B3A0006946EA48DDF781FB08BD2DE9FE4FE84814
:10B3B00000240460E7490803DDF77CF8FFF7C5FFC8
:10B3C0004FF4A060DDF742F801212020DDF773FD86
:10B3D0004820E2F733F906F0B5FA0020DE4921F8FB
:10B3E0001040401C80B23228F9D301F075FD4FF4B3
:10B3F000E130E1F799FF2720DFF7BCF8D74DD84EB1
:10B40000552836D00021DB2006F0ADFA0021DC20E3
:10B4100006F0A9FA0021DD2006F0A5FA0021DE20C1
:10B4200006F0A1FA2C6000212720DFF7C4F8CD49EF
:10B43000262006F089FACA490E20233106F084FA44
:10B4400096F82300C84FDFF82483012504283ED056
:10B4500007283CD00C283AD0082838D0C8F88851A2
:10B46000FFF790FF96F82300022835D0062833D046
:10B4700036E002A9DB2006F067FA02AF791CDC2077
:10B4800006F062FAB91CDD2006F05EFAF91CDE2037
:10B4900006F05AFAB2490F200A3106F055FA9DF823
:10B4A00008009DF809109DF80B2000EB01209DF885
:10B4B0000A10090401EB026108442860B17A4229AC
:10B4C00002D20A302860AEE7C01C2860ABE7C7F89C
:10B4D000A05102F057FFC5E7C8F88451C7F88C4166
:10B4E000A3A015F019FAE0F7D7F85A21A34813F0F2
:10B4F00062FFF2F7D2FAFEF7B0FB96F823004FF6A0
:10B50000FF774FF01508012801D9052817D1F3F767
:10B51000D6FEF4F76FF8F4F712F9CDE900840021B4
:10B52000012397A208460297F3F7FDFECDE90084B8
:10B53000012398A2002118460297F3F7F4FE96F82B
:10B540002310DFF860A24FF4FA79012908D0052909
:10B5500006D002290CD006290AD0032910D021E0F8
:10B56000CAF89C41484606F004FACAF89C5119E012
:10B57000CAF89C41484606F0FCF9CAF89C5111E013
:10B58000F079072807D3CAF89C41484606F0F1F93C
:10B59000CAF89C5106E0CAF89C51484606F0E9F901
:10B5A000CAF89C41F4F766F9F6F739FCF3F708F8A6
:10B5B000F3F7EBFBF5F73FFF40F2CF216420DFF715
:10B5C00079FCDFF8E4A18AF8005003F0CDFD9AF889
:10B5D0000000022806D096F82300012812D9052879
:10B5E00010D018E096F82300012801D9052812D1BF
:10B5F000CDE9008401236DA2002103200297F3F717
:10B6000092FE08E0CDE9008401236CA20021032012
:10B610000297F3F788FEEFF743FAEDF718FAF2F71F
:10B620001CF8F2F727F8FDF70CFC6948047001F0EC
:10B6300066FA0A2007F024FA4A4802212B30CDE9A5
:10B6400000104FF4807A0023524662A1AFF2DB6013
:10B65000E0F7DFFBFFF714FA0C20FDF7E2FB96F8AA
:10B660002300012801D9052808D1CDE90084012350
:10B670005BA2002104200297F3F755FEF3F7CBFFFE
:10B68000384800232F30CDE9005040F6B83259A198
:10B690005B48E0F7BEFB96F8231001290CD0052982
:10B6A0000AD0022908D0062906D0042908D0072983
:10B6B00006D00C2904D00EE0072001F0FFF80AE0C4
:10B6C000284803213B30CDE9001000234A464DA114
:10B6D0005148E0F79EFB514C0023CDE900544FF454
:10B6E00000724FA15548E0F794FBCDE900540023C8
:10B6F000524653A15948E0F78CFB0320F8F78AFD26
:10B7000018480B212730CDE900104FF400640023C6
:10B71000224653A1AFF6D730E0F77BFB1148082152
:10B720003330CDE900100023224652A15648E0F7FD
:10B7300070FB0C480D213730CDE9001000234FF489
:10B740007A72A3E00004300000080140001C0140B0
:10B750008C0300600080000848FA036090030060DA
:10B760007EEB0360C503006000802242000022429D
:10B770006D696E69206170700D0A000054F50360F8
:10B7800073746570313A204C43442026204B455950
:10B790002000000073746570323A204532204F4B10
:10B7A0002000000000802342540400607374657020
:10B7B000343A2053442045584953540073746570FB
:10B7C000343A20534420494E455849535400000010
:10B7D000DF020060436F6D6D6F6E5F7461736B00AD
:10B7E00073746570353A20494E495449414C204F95
:10B7F0004B00000054435049505F7461736B00006C
:10B8000031030108726566726573685F6C65645F19
:10B810007461736B00000000E9F0020834030060FB
:10B820005363616E5F6E6574776F726B5F626163A5
:10B830006E65745F5461736B00000000433402084E
:10B840005363616E5F6E6574776F726B5F6D6F646B
:10B850006275735F5461736B000000008D3B0208DA
:10B860004D61737465725F4E6F64655F7461736B75
:10B87000000000004241435F436F6E74726F6C5F63
:10B880007461736B00000000575C010806A1AFF6FD
:10B890003300E0F7BEFA052002F00BFDBDE8FE4FD5
:10B8A000E0F791BD704700006D6F6E69746F725F55
:10B8B0007461736B0000000010B50E21864B9A7BFB
:10B8C000824202D94FF4AF6010BD491EC9B25C5C20
:10B8D000224482421CD9101A642250435A5C90FBC5
:10B8E000F2F0042909D3091F01EBC10202EB011197
:10B8F00000EB8100C0F30E0010BD01EBC10202EBB2
:10B90000011100EB8100C0F5C87040F4004010BD8B
:10B910000029DAD148F2E83010BD70B504461E4661
:10B92000002C1AD0012C1BD06C4E022C2DD0032CD5
:10B9300001D0052C13D1084614F010F8314613F04D
:10B9400054FF674913F01FFF14F034F818282DDC5A
:10B95000052C27D0032C27D032E08819803870BD01
:10B960000846FFF7A9FF010402D5C0F30E004042CC
:10B970005C49497A31B100EBC000052190FBF1F040
:10B9800000F5A0703044803870BD084613F0E6FF23
:10B99000314613F02AFF544913F0F5FEBDE870401C
:10B9A00014F008B801250BE0002509E01A2807DB90
:10B9B000052C02D0032C02D002E0002500E0012576
:10B9C000284670BD10B58021484813F0F4FC474864
:10B9D0004021803013F0EFFC44484021C03013F088
:10B9E000EAFCBDE810402021414813F0E4BC2DE9F9
:10B9F000F047C0EBC00202EB00133E4A02EB4304E7
:10BA000094F82D200F2A41D0192A3FD01D2A3DD06D
:10BA1000394A527E282A39D84FF6FF79B1F5806F1E
:10BA200002D34846BDE8F087DFF8C4C02F4FACF121
:10BA300080051CF800304FF0000805F140060AB2FE
:10BA40009BB335F910A08A4501D225F8102036F9AC
:10BA500010A08A4501D926F8102057F8202011445B
:10BA600047F820105B1CDAB20CF800200A2A24D315
:10BA70000CF8008035F91020891A36F91020891A3F
:10BA800047F82010CA1701EB5271C910174D803DBD
:10BA900055F82030CA1A642A02DA12F1640F0EDC5B
:10BAA00003EB620145F8201012E0FFE725F81020B3
:10BAB00026F8102047F82080CFE74846B2E794F9EF
:10BAC000222053431944521C91FBF2F145F82010F7
:10BAD00055F82000A6E700003F1D040800C07F4481
:10BAE000000048427EEB03600000C842A8F80360F3
:10BAF000A8F903601DBD0460E25E026010B58020FD
:10BB000005F03CFFF74890F82300BDE8104005F031
:10BB100035BF2DE9F05F82468946F24F97F8230042
:10BB2000022801D0062806D1EF4805210068E1F778
:10BB300019FA00287ED0504605F020FFFF2005F0BE
:10BB40001DFF09F10200C6B20024E84D05E0FF2008
:10BB5000DEF7BCFD2855641CE4B2B442F7D3BAF159
:10BB6000250F05D0281910F8021C552914D017E00C
:10BB7000A01EC1B2DD48F8F760FD291911F8022CAA
:10BB8000B2EB102F06D111F8011CC0B2884201D1CE
:10BB9000002206E0012204E010F8010CAA2804D0DB
:10BBA00001222878552802D010E00022F9E76878B1
:10BBB00055280BD1A878552808D1E878552805D103
:10BBC0002879552802D1FFF799FF0122C74CC84BAD
:10BBD000FC3C012692B12088401C20809E70D878C1
:10BBE000401CD87097F82300022801D0062821D1E4
:10BBF000BD480068BDE8F05FE1F7FFB86088401C11
:10BC0000608000229A70DA70DFF8E882BAF1230FC0
:10BC100014D0BAF1240F02D0BAF1250FE2D197F86F
:10BC20002300DFF8D492DFF8D4B24FF6FF7A012870
:10BC300064D000E011E1052860D09DE097F8230072
:10BC4000AF49032801D000202CE000202C5C21F813
:10BC500010408C7888F819400C7988F81A4098F8C8
:10BC6000F64004F0FE0488F8F640401CC0B20428F8
:10BC7000ECD35E70DA75B5E7062809D205EB400C07
:10BC800015F810A09CF801C00CEB0A2C21F810C08C
:10BC900091F802C088F819C091F800C088F81AC05D
:10BCA000401CC0B2B0EB590FE6D348882A2802D313
:10BCB000888801280DD098F8F60000F0FE0088F87A
:10BCC000F60098F8190058B198F81A5045B15E700E
:10BCD00009E098F8F60040F0010088F8F600F0E777
:10BCE0001625A4F850500C890CB9498901B15A7035
:10BCF000092801D3DA7575E7DE7573E700210020A6
:10BD00002A5C022A00D90121401CC0B21828F7D3AE
:10BD100091BB7C4806700024C4EB041101EB410187
:10BD20004944285D91F92420904207D0022805D883
:10BD3000285D81F824002046EAF7B2F8641CE4B2DA
:10BD4000182CE9D3002405EB4400417E007E01EB72
:10BD5000002081B22046FFF74AFE80B2504507D04E
:10BD6000B7F84B10C0EB8020B0FBF1F02BF81400BB
:10BD7000641CE4B2202CE6D397F82300022801D0FB
:10BD800006283DD1002100202A5C022A00D9012189
:10BD9000401CC0B20A28F7D391BB5A480670002451
:10BDA000C4EB041101EB41014944285D91F92420C1
:10BDB000904207D0022805D8285D81F8240020464B
:10BDC000EAF76EF8641CE4B20A2CE9D3002405EB10
:10BDD0004400417E007E01EB002081B22046FFF747
:10BDE00006FE80B2504507D0B7F84B10C0EB80205C
:10BDF000B0FBF1F02BF81400641CE4B2102CE6D375
:10BE000098F819001E28FFF436AF0024DFF8F880F8
:10BE100097F82300012806D0052804D0022804D072
:10BE2000062802D002E01A2600E00A2605EB84016B
:10BE300011F8580F4A7840EA02208A78C97812042B
:10BE400042EA016108430FF0B7F9311948F82100BF
:10BE5000641CE4B2062CDBD3C4E6BDE8F09F2DE9F8
:10BE6000F04781460D4616461E4FDFF87C8097F856
:10BE70002300022801D0062806D10521D8F80000A9
:10BE8000E1F770F8002841D0484605F077FD00241E
:10BE900004E0285D05F072FD641CE4B2B442F8D3FE
:10BEA000B9F1150F11D0552005F068FDAA2005F055
:10BEB00065FD97F82300022801D0062826D1D8F87E
:10BEC0000000BDE8F047E0F798BF31462846F8F794
:10BED000B4FB0446200A05F051FDE0B205F04EFD2A
:10BEE000E7E700007EEB03603402006044FB036080
:10BEF0000C040060E25E0260DDC80460E25602608D
:10BF0000E258026035040060D4F40360BDE8F087B5
:10BF10002DE9F041FE4CFF4DE078A880A178002982
:10BF20001AD01E2818D90120E8F77EFFFA4800260B
:10BF300090F82300052801D006280BD1F74F3E606A
:10BF4000642005F018FD0120386020702675E8880F
:10BF5000401CE880E670A670BDE8F0812DE9F84F3E
:10BF600000200023EA49193191F800E04978009156
:10BF7000E74AE949157B91F82340567B177A92F8F6
:10BF800009C092F8078092F8069092F80AA092F8F9
:10BF90000BB00021012C08D0052C06D0022C55D066
:10BFA000062C53D0032C7CD098E0DB4CE479152C84
:10BFB00011D30DB10220117316B140F0010051737D
:10BFC00017B140F008001172BCF1000F14D040F01E
:10BFD0000400517210E00FB102201172BCF1000F89
:10BFE00002D040F00100517215B140F00800117309
:10BFF00016B140F004005173B8F1000F02D040F0C8
:10C000002000D171B9F1000F02D040F01000917101
:10C01000C14C94F82940072C0BD0BAF1000F01D085
:10C0200002239172BBF1000F58D043F00103D1728B
:10C0300054E0BAF1000F02D040F080009172BBF1E1
:10C04000000F4BD040F04000D17247E00DB102200C
:10C05000117316B140F001005173B8F1000F02D016
:10C0600040F00800D171B9F1000F02D040F0040097
:10C07000917117B140F020001172BCF1000F02D095
:10C0800040F010005172BBF1000F02D040F04000B0
:10C09000D172BAF1000F21D040F0800091721DE002
:10C0A000FFE70DB11020117316B140F0200051735D
:10C0B000B8F1000F02D040F00400D171B9F1000FC7
:10C0C00002D040F00800917117B140F001001172E8
:10C0D000BCF1000F02D040F0020051728C491931BE
:10C0E00008700124704500D094744B70009883420E
:10C0F00000D09474BDE8F88F2DE9FF5F8848408830
:10C100002A2802D34FF0040B01E04FF0010B8248C4
:10C1100090F8230001280CD005280AD002280FD05F
:10C1200006280DD0042812D0072810D00C2822D0C1
:10C1300026E020200190182000904FF00C091FE00D
:10C14000102001900A2000904FF0060918E0082006
:10C1500001900E2000904FF00609724890F83111BE
:10C1600009B94FF0070990F85E0148B909F10109D2
:10C1700009F0FF0904E00B20019000904FF0060940
:10C180000024644D4FF0050864354FF0010A002784
:10C190008FE1285D02905F496348403930F8140010
:10C1A00031F81410884203D9411AC9B2039102E050
:10C1B000091AC9B20391C4EBC40101EB04125B4933
:10C1C00001EB420696F82D10B9B196F82720B2B1CE
:10C1D00096F82800B0B356F81E0F0EF0EDFF4FF49E
:10C1E0007A7190FBF1F0F17B0A2973D8002872D0A4
:10C1F0000A2871D205F804A037E12F5535E196F9E8
:10C200002820012A01D08AB32FE10A2932D8CBEBAA
:10C210008B1101EBCB11B0EB810F01D92F5524E12C
:10C22000A7210BFB01F1B0EB810F02D905F804A0A7
:10C230001BE18D210BFB01F1B0EB810F03D9022033
:10C24000285512E186E073210BFB01F1B0EB810F61
:10C2500002D90320285508E1CBEBCB0101EB0B11F0
:10C26000B0EB011F03D904202855FEE03EE005F89D
:10C270000480FAE019290CD00F290AD01D2908D012
:10C280000BEBCB0101EB0B11B0EB410F0CD22F5597
:10C29000EBE02048DC30015D012901D02F55E4E0BE
:10C2A00005F804800755E0E0B0EBC10F02D205F8B5
:10C2B00004A0DAE0B0EB011F02D202202855D4E03E
:10C2C000CBEB0B1202EB8202B0EBC20F05D20320C4
:10C2D0002855CAE073E05EE05FE0B0EB411F02D298
:10C2E00004202855C1E005F80480BEE0A1F10C004F
:10C2F0000A2823D91739072907D801EBC10000EB19
:10C3000001110B48405C012818D096F8260011E076
:10C310000C04006048FA03607EEB03609C812342BA
:10C32000E2580260DDC80460E25602601DBD046090
:10C330008E6A026001280AD02F5596E096F82600F2
:10C34000012802D005F804808FE02F558DE005F814
:10C3500004808AE0A1F10C000A2810D917390729B6
:10C3600007D801EBC10000EB0111FC48405C01283B
:10C3700005D096F8260001280AD02F5575E096F8CA
:10C380002600012802D005F804806EE02F556CE0ED
:10C3900005F8048069E02F5567E0142802D20220D6
:10C3A000285562E01E2802D2032028555DE0282887
:10C3B00002D20420285558E005F8048055E00B29E6
:10C3C00001D0112918D120B1012804D805F804A002
:10C3D00012E02F5510E0022802D802222A550BE065
:10C3E000032802D803222A5506E0042802D8042292
:10C3F0002A5501E005F804800D2919D1042801D837
:10C400002F5515E0072802D805F804A010E00A28E7
:10C4100002D802222A550BE00E2802D803222A5500
:10C4200006E0122802D804222A5501E005F804800B
:10C43000132901D0102918D120B1022804D805F8F9
:10C4400004A012E02F5510E0042802D8022028553D
:10C450000BE0062802D80320285506E0082802D859
:10C460000420285501E005F80480285D02998842DF
:10C470000BD00BEBCB0101EB0B120399B1EB420F8D
:10C4800003D9B74981F811A00F71B64931F81420CA
:10C49000B54921F8142000F00F002855B349095D73
:10C4A00021B1491E40EA0110285500E02855641CBE
:10C4B000E4B201988442FFF46CAEAD48AA4D007816
:10C4C000C435012801D000208AE00024DFF8A4B29E
:10C4D0007EE02E5DC4EB041000EB4001A64808444A
:10C4E00090F92410012903D091B3022962D066E0AB
:10C4F00090F9281049B14C450BD2D0F81E000EF02F
:10C500005BFE20B105F8048059E02F5557E02F5508
:10C5100055E090F82320012A14D0A1F10C020A2A38
:10C520003AD91739072907D801EBC10202EB0112EA
:10C530008A49895C01292FD090F82500012834D040
:10C540002F553CE03BF81400322802D22F5536E03C
:10C550002EE0A0F13201962902D205F804A02EE0C7
:10C56000A0F1C801C82902D20220285527E0A0F571
:10C57000C871C82902D20320285520E0A0F5167101
:10C58000C82902D20420285519E0A0F54870DF28F8
:10C5900015D205F8048012E090F82500012802D099
:10C5A00005F804800BE02F5509E005F8048006E04B
:10C5B0002F5504E090F8280008B105F80480285DA4
:10C5C000B04203D0664880F810A04771641CE4B202
:10C5D00000988442FFF47DAF05E02F54401CC0B2A8
:10C5E00000998842F9D3BDE8FF5FB7E42DE9F04F29
:10C5F0000127624840882A2800D3042700205A4E89
:10C60000DFF87C8107EBC701DFF878C1DFF85491D0
:10C610005D4D002401EB0711DC3616F800A0BAF1DD
:10C62000010F14D13CF8102039F810309A420ED086
:10C63000C7EB071B0BEB8B0BB3EBCB0F07D9B2EBA5
:10C64000011F04D258F82020521C48F82020BAF1CB
:10C65000020F09D148F82040C0EBC00202EB0012E3
:10C6600005EB4202C2F81E4039F810203CF81030A9
:10C6700002EB011A9A4503D303EB0113934201D253
:10C680002CF81020401CC0B22028C6D30020364B06
:10C69000FC33A3F59E72195C012914D0C0EBC001D4
:10C6A00001EB001105EB410191F82D10192918D06B
:10C6B0000F2916D01D2914D03454401CC0B2202894
:10C6C000E9D3BDE8F08F0221315432F81010491C33
:10C6D00089B222F810101429EFD922F810401C5406
:10C6E000EBE701213154E8E79AB0DFF8A0B04FF052
:10C6F00001088BF844801A4D00242C76DFF868A0DE
:10C70000DFF88C900AF1C00ABBF81000401C80B220
:10C71000ABF810002821B0FBF1F201FB120008B9C0
:10C72000FFF764FFFFF7E8FC1A4908200870FFF7DD
:10C73000EFFB0D4E4036B6F8500037282CD00B28B2
:10C7400031D0162838D03220DFF7D9FC287890B3C2
:10C75000287D1E283AD2401C2875D5E78E6A0260D3
:10C760000C040060E256026008FA03609DC8046091
:10C7700035040060E2570260DDC80460E2580260E0
:10C78000D4F40360625702601DBD046054F5036079
:10C79000E25E0260C6030060552005F0EFF84B2012
:10C7A000DFF7ADFCB0E7112005F0E8F84FF4FA70C0
:10C7B000DFF7A5FCA8E70DE0824F3C60642005F0A0
:10C7C000DAF8C7F80080A6F850409DE7FFF796F921
:10C7D0002C7099E7687850B1287E68B199F81900F3
:10C7E0002D2865D370212520FFF793F964E00C21F3
:10C7F0002320FFF78EF987E7B5F81900ADF804009C
:10C80000182271490DF1060012F0BCFD6E4920227C
:10C8100020390DF11E0012F0B5FD99F819600A2EAD
:10C820003FD36A4890F82300012806D0052804D099
:10C8300002280BD0062809D010E0DAF83600CDF82F
:10C840003E00BAF83A00ADF8420007E0DAF82600F8
:10C85000CDF83E00BAF82A00ADF84200687D012804
:10C860000DD1A87D411CCFB2AF75C0070FD00522F6
:10C87000402101A812F098FD322F00D96C752D2EA1
:10C880000AD3402201A91520FFF7E9FA09E0402167
:10C8900001A812F090FDEFE7402201A91420FFF754
:10C8A000DEFA85F81880A87C00288ED0AC742BE7BF
:10C8B00070212420FFF72DF92C7625E72DE9FC5F68
:10C8C00081460020DDF72EFF3F4835222021203809
:10C8D00012F06AFD052218213B4812F065FD3A4826
:10C8E0009621783012F067FD394D0026A5F81960C1
:10C8F0003848066046608660EE75012028706E70CC
:10C900002E75AE70EE702E716E71AE71EE712E726C
:10C910006E72AE72EE722E736E73AE73EE732E7411
:10C920006E74AE74EE7480212B4812F044FD8021A9
:10C930002A4812F040FD0024DFF8A880284FDFF8D5
:10C94000A8A008F58E7BC4EBC40000EB041007EB35
:10C95000400191F82D00192803D00F2801D01D287F
:10C960000DD1D1F81E000EF027FC4FF47A7190FB28
:10C97000F1F0194941F82400184840F8246028F8DB
:10C9800014600AF804600BF80460641CE4B2202C04
:10C99000D9D30E4890F82300032811D0FFF712F8DE
:10C9A000FFF7ACF80A484FF480721C30CDE90090D4
:10C9B00000230EA1AFF2CF20DFF72BFABDE8FC9FDA
:10C9C000EE75EFE79C812342CCFA03607EEB0360B7
:10C9D0000C040060E2580260E4EB0360D4F40360EE
:10C9E0001DBD0460C8F9036064EC036053504954F2
:10C9F00061736B0070B504460D461646DDF7B5FC55
:10CA0000C020DDF75CFDDDF7EDFC2046DDF757FDCE
:10CA1000DDF7E8FCDDF7A9FCC120DDF750FDDDF70F
:10CA2000E1FC0024761E06E00120DDF771FD05F82B
:10CA3000010B641CE4B2B442F6DB0020DDF768FDB4
:10CA40002870DDF7B0FC012070BD70B505460C46BE
:10CA5000DDF78BFCC020DDF732FDDDF7C3FCE8B26B
:10CA6000DDF72DFDDDF7BEFCE0B2DDF728FDDDF7DB
:10CA7000B9FCDDF798FC0320E0F713FE012070BD40
:10CA800010B500227D4B03EB8204A4781CB1521C2C
:10CA9000D2B2322AF7D3322A08D003F8220003EBAD
:10CAA00082004170012181700021C17010BD70B5FC
:10CAB0000020724A002402EB80018B78012B09D1FF
:10CAC000CB78052B05D202EB8003DB785B1CCB70A7
:10CAD00004E08C70401CC0B23228ECD3322809D05C
:10CAE00002EB800512F820006978FFF7AEFF0128FD
:10CAF00002D002E0002070BDAC70012070BD70B5A6
:10CB00005F4C002565702570C8215C4812F053FC0D
:10CB1000A57070BD2DE9F05F5A4D95F823000428EB
:10CB20000FD007280DD00C280BD0082809D00027DB
:10CB3000DFF85481032806D1E979072903D388F85F
:10CB40000070BDE8F09F0228FBD00628F9D0DFF87E
:10CB500030A14FF064099AF800000A2809D305D1E2
:10CB60008AF800904FF00400E8F75EF988F800704A
:10CB7000E7E7FFF79CFF9AF801006428E1D03F4EF9
:10CB80004FF0010BC83620B1012815D01B2835D035
:10CB900054E09AF80000401C8AF80000374901224E
:10CBA000C8310020FFF726FF012847D13078E8720E
:10CBB00018B38AF802B041E03449497E1E293DD2BB
:10CBC00095F82310032939D12C491822C831FFF7D1
:10CBD00011FF012832D1002406EB440016F814108E
:10CBE000407800EB01212046FEF701FF284921F89B
:10CBF0001400641CE4B20B2CEED31FE0002404F1FB
:10CC00001B003119C0B20122FFF7F4FE641CE4B22C
:10CC1000182CF4D30020194A203A16F810104FF4BB
:10CC20007A740B0206EB40014978614303EB9121D2
:10CC300022F81010401CC0B20C28EED39AF8020063
:10CC4000012802D08AF801707BE795F823000328B9
:10CC500006D0012807D0052805D08AF8019070E792
:10CC60008AF801B06DE798F80000012802D08AF830
:10CC7000019066E71B208AF8010062E7FAFB036077
:10CC80002C0400607EEB036033040060E25E02600F
:10CC9000E256026070B500240121FD4AFD4DFE4BB5
:10CCA0000C2811D2DFE800F006111C27323D485352
:10CCB0005E69747FC2F89C11C5F88011C3F8B44155
:10CCC000C3F8B841C2F8984170BDC2F89C11C5F8CC
:10CCD0008011C3F8B411C3F8B841C2F8984170BDCF
:10CCE000C2F89C11C5F88011C3F8B441C3F8B8115B
:10CCF000C2F8984170BDC2F89C11C5F88011C3F804
:10CD0000B411C3F8B811C2F8984170BDC2F89C11B3
:10CD1000C5F88011C3F8B441C3F8B841C2F89811FE
:10CD200070BDC2F89C11C5F88011C3F8B411C3F8E6
:10CD3000B841C2F8981170BDC2F89C11C5F88011B5
:10CD4000C3F8B441C3F8B841C2F8984170BDC2F805
:10CD50009C11C5F88011C3F8B411C3F8B841C2F8EA
:10CD6000984170BDC2F89C11C5F88011C3F8B44158
:10CD7000C3F8B811C2F8984170BDC2F89C11C5F84B
:10CD80008011C3F8B411C3F8B811C2F8984170BD4E
:10CD9000C2F89C11C5F88011C3F8B441C3F8B8417A
:10CDA000C2F8981170BDC2F89C11C5F88011C3F883
:10CDB000B411C3F8B841C2F8981170BD70B590B005
:10CDC00001214FF40570DCF776F82920ADF82C002E
:10CDD00000248DF82F400BA9B048DBF766FE102029
:10CDE000ADF82C008DF82F400BA9AD48DBF75DFEA8
:10CDF00001210846DCF756F8AA4E3046DBF71AFD4B
:10CE0000A9480090A9480190029404250395049430
:10CE1000802105914800069080000790202008900E
:10CE2000000209900A9469463046DBF770FD012143
:10CE30003046DBF796FD6803DBF7D1FF012148029E
:10CE4000DCF739F80C9401208DF834008DF83500AA
:10CE50004FF46020CDF83600CDF83A408DF83E50C2
:10CE6000914C0CA94C3C2046DBF764FB05230122C6
:10CE700004212046DBF7E2FB052302220A2120469B
:10CE8000DBF7DCFB052303220D212046DBF7D6FB75
:10CE9000052304220F212046DBF7D0FB0121204689
:10CEA000DBF77EFB01212046DBF770FB2046DBF73A
:10CEB0008AFB2046DBF78CFB0028FAD12046DBF703
:10CEC0008EFB2046DBF790FB0028FAD1012120469B
:10CED000DBF791FB10B070BD2DE9F04F89B07448BD
:10CEE0000025032490F8230018271026DFF8C4A19A
:10CEF0004FF001084FF002094FF47A7B01287DD0F2
:10CF000005287BD002287AD00628FCD0042877D0C8
:10CF10000728FCD00C2874D101210A20DBF7D4FFAC
:10CF200001213C20DBF7C7FFC820ADF820008DF8B9
:10CF300023608DF8224008A95848DBF7B6FDC821C8
:10CF40005648DBF71EFE4FF4A070ADF820008DF8B8
:10CF500023608DF8224008A95748DBF7A6FD4FF45F
:10CF6000A0715548DBF70DFEADF820908DF82360D9
:10CF70008DF822404A4E08A93046DBF796FD022183
:10CF80003046DBF7FEFD4C20ADF820008DF8237015
:10CF90008DF8224008A93046DBF787FDADF8204028
:10CFA0008DF823708DF8224008A94348DBF77DFDFA
:10CFB000ADF818B0ADF81450ADF81A50ADF81650E1
:10CFC00005A95046DCF720FA3C4C05A92046DCF7C1
:10CFD0001BFA7021ADF80410ADF80680ADF80C9086
:10CFE00001A92046DCF7BAFA01A92046DCF7F0FADD
:10CFF00001A95046DCF7B2FA01A903E028E0A1E05C
:10D0000013E122E05046DCF7E3FA01A95046DCF7D1
:10D0100034FA08212046DCF797FD08212046DCF78A
:10D0200099FD08215046DCF78FFD08215046DCF7BA
:10D0300091FD08215046DCF76DFD01215046DCF7DB
:10D040008BFC01212046DCF787FC09B0BDE8F08F9E
:10D0500001210220DBF738FF01210820DBF72BFF3D
:10D06000ADF820408DF823708DF82240124F08A9AA
:10D070003846DBF71AFD01210820DBF71CFFC02032
:10D08000ADF820008DF823608DF8224008A917E044
:10D090000080214200002242000021420010014095
:10D0A00000080140080002404C2401404404006094
:10D0B0007EEB036000040040000C0140000C0040C7
:10D0C0003846DBF7F2FCC0213846DBF75AFD012178
:10D0D0001020DBF7F0FEADF820808DF823608DF88E
:10D0E0002240FF4C08A92046DBF7DFFC0121204647
:10D0F000DBF747FDADF818B0ADF81450ADF81A5095
:10D10000ADF8165005A95046DCF77EF97021ADF850
:10D110000410ADF80680ADF80C9001A95046DCF77C
:10D120001DFA01A95046DCF753FA08215046DCF7F6
:10D130000BFD08215046DCF70DFD01215046DCF7C0
:10D140000BFC82E701210220DBF7BEFE012140F249
:10D150004D10DBF7B0FE0C20ADF820008DF82360F9
:10D160008DF8224008A9DF48DBF79FFC0C21DD4841
:10D17000DBF707FD4FF4F060ADF820008DF8236079
:10D180008DF82240D84E08A93046DBF78EFC4FF4CC
:10D19000F0613046DBF7F5FC3320ADF820008DF868
:10D1A00023708DF8224008A9D048DBF77EFC0121CE
:10D1B000CF48DBF705FDADF818B0ADF81450ADF869
:10D1C0001A50ADF8165005A95046DCF71DF970212C
:10D1D000ADF80410ADF80680ADF80C9001A95046EA
:10D1E000DCF7BCF901A95046DCF7F2F901A9504679
:10D1F000DCF743F901A95046DCF774F908215046E1
:10D20000DCF7A2FC08215046DCF7A4FC08215046BC
:10D21000DCF780FC08215046DCF78CFC01215046ED
:10D22000DCF79AFBFFF7CAFD0FE701210A20DBF7C5
:10D230004BFE01213C20DBF73EFEC820ADF820006C
:10D240008DF823608DF8224008A9A548DBF72DFC56
:10D25000C821A348DBF795FC4FF4A070ADF820007F
:10D260008DF823608DF8224008A9A048DBF71DFC4B
:10D270004FF4A0719D48DBF784FCADF820408DF899
:10D2800023608DF8224008A99A48DBF70EFC0321A1
:10D290009848DBF776FC8020ADF820008DF82360FD
:10D2A0008DF82240944E08A93046DBF7FEFB802122
:10D2B0003046DBF766FCCC20ADF820008DF82370FB
:10D2C0008DF8224008A98B48DBF7EFFBADF8204032
:10D2D0008DF823708DF8224008A98448DBF7E5FB20
:10D2E000ADF818B0ADF81450ADF81A50ADF81650AE
:10D2F00005A95046DCF788F8804C05A92046DCF7E4
:10D3000083F87021ADF80410ADF80680ADF80C90EC
:10D3100001A92046DCF722F901A92046DCF758F9DB
:10D3200001A95046DCF71AF901A95046DCF750F97B
:10D3300001A95046DCF7A1F801A95046DCF7D2F864
:10D3400008212046DCF700FC08212046DCF702FC1F
:10D3500008215046DCF7F8FB08215046DCF7FAFBC1
:10D3600008215046DCF7D6FB08215046DCF7E2FBEB
:10D3700001215046DCF7F0FA01212046DCF7ECFAF7
:10D3800063E630B500205E4A5E4B411C02EB41046F
:10D3900002EB400594F82B4095F82B50641B1C546D
:10D3A000C8B20A28F1D330BD10B5002805D04FF41B
:10D3B0007A73984203D3184610BD002010BD642232
:10D3C000B0FBF2F1C9B2B0FBF2F402FB14004D4C19
:10D3D000645C6043B0FBF2F0494A02EB4101B1F8F2
:10D3E0002B10084480B29842E8D9184610BD7FB58A
:10D3F000002000900190029003900024424D0220F2
:10D40000DBF7C7FA0028FAD00220DBF7D0FA298828
:10D410000098084400906988019808440190A98800
:10D42000029808440290E988039808440390641C19
:10D43000E4B20A2CE3D300984FF47A7148432821D0
:10D44000B0FBF1F22E48B0F84B00B2FBF0F32F4ADC
:10D450001380019B4FF47A746343B3FBF1F3B3FB86
:10D46000F0F35380029B6343B3FBF1F3B3FBF0F3A0
:10D470009380039B6343B3FBF1F1B1FBF0F0D080E9
:10D480007FBD2DE9F05F05460C46DFF874B09BF8D0
:10D490002300052810D1DEF7C3FF1A4E303E56F8A0
:10D4A0002510401AB0F5FA6F02D22046BDE8F09F71
:10D4B000DEF7B6FF46F82500DFF84880012108F1C5
:10D4C0003A0818F8050050B1401CC0B208F8050031
:10D4D0004FF00009142801D908F8059018E025E05C
:10D4E000001001400018014000200140000C0140E4
:10D4F00000081A0000080140001C0140000C004018
:10D500007EEB036024FD036044040060DAFB0360EB
:10D510009BF8230001280DD005280BD002280BD042
:10D52000062809D0032809D00020BFE708F8051015
:10D530002046BBE70C2002E0062000E004204FF468
:10D540007A718C4200D90C46F74B4719012633F803
:10D55000170040F2DE3CAE40DFF8D0A3F44A60454D
:10D560000DD332F81500B0F5757F04D9BAF808006C
:10D57000B043AAF8080008F80590084696E70A287C
:10D580000CD832F815000A2804D2BAF80800B043C3
:10D59000AAF8080008F80590002087E732F815106F
:10D5A000A0F1050C61453FDD421D91423CD2642152
:10D5B000B0FBF1F201FB12020ABBB0FBF1F0401E1E
:10D5C0003E2101EB400080B2210A04F0CCF9D6489C
:10D5D00030F817106420B1FBF0F0401E3F2101EB42
:10D5E000400080B2E1B204F0BEF9CF4830F8171025
:10D5F0006420B1FBF0F00BEB4000A0F82B4008F8E2
:10D600000590BAF80800B043AAF80800C84830F8F6
:10D610001510C54830F81700814202D9641EA0B227
:10D6200044E7641CA0B241E7814210D9081A80B2D5
:10D63000844207D9A4EB5000002801D480B235E71A
:10D64000204633E70CB1204630E720462EE7401A4B
:10D6500080B2BBF83F100A1AA24203DD04EB50006F
:10D6600080B223E7A14201D920461FE720461DE7EB
:10D6700010B5FFF731FCAD48002444708470AD490B
:10D680000C80AD490C7004812021A94811F093FE53
:10D690003021AA4811F08FFEA84830300460446061
:10D6A00084600020A64B0122C0EB001101EB410178
:10D6B000194481F82420401CC0B21828F4D310BDAE
:10D6C0002DE9FC5F0446DFF87C9299F823000128DD
:10D6D00001D0052802D12046FFF7DCFA99F8231083
:10D6E000914EDFF858829648924FA51D012925D00A
:10D6F000052923D0A21DC2EB021202EB420203460F
:10D700004FF47A7A02EB030B02297DD006297BD0F5
:10D7100004297AD00729FCD00C2977D19BF8230063
:10D72000002874D036F815008049C97801296FD0D7
:10D7300080B2FFF739FE002C6BD069E104F10C0BCD
:10D74000CBEB0B117E4801EB41010844019090F8AE
:10D75000230000B336F81B007449C978012925D08D
:10D7600080B2FFF721FE824604F1120BCBEB0B10C7
:10D7700000EB400172480844009090F82300F0B19B
:10D7800036F81B006949C978012922D080B2FFF719
:10D790000BFE34B32DE036F81B00B0F5007F02D34A
:10D7A000B9F83FA0E0E74FF0000ADDE738F81B10BA
:10D7B0002046FFF766FE824628F81BA0D4E736F81D
:10D7C0001B00B0F5007F02D3B9F83F00E1E700206D
:10D7D000DFE738F81B10E8B2FFF753FE28F81B000C
:10D7E000D7E755490978012901D1B7F800A0A7F872
:10D7F00000A0019991F8281009B94FF0000A00998A
:10D8000091F8281039B905E01AE06DE0D1E0E7E0C1
:10D81000F0E0F7E00020B9F83F10514500D28A4609
:10D820000446A14200D20C46474D1FFA8AF1284611
:10D83000DCF797FAA1B22846BDE8FC5FDCF793BAA3
:10D840009BF8230050B136F815003849C9780129F2
:10D850000ED080B2FFF7A8FD94B117E036F815009E
:10D86000B0F5007F02D3B9F83F00F5E70020F3E7F9
:10D8700038F815102046FFF704FE28F81500EBE7EE
:10D880002D490978012900D1388838809BF8281063
:10D8900001B90020B9F83F10814200D20846C0F516
:10D8A0007A71C1EB0121B1FBFAF15CB1012C0FD00F
:10D8B000022C13D0032C7CD1BDE8FC5F81B222483E
:10D8C000DCF74DBABDE8FC5F81B21F48DCF749BA0E
:10D8D000BDE8FC5F81B21C48DCF745BABDE8FC5FDF
:10D8E00081B21948DCF739BA04F10805C5EB051116
:10D8F00001EB4101084490F8230050B136F81500BF
:10D900000A49C978012921D080B2FFF74DFD2CB317
:10D910002AE036F81500B0F5007F02D3B9F83F00D1
:10D92000F5E70020F3E70000E257026030040060F2
:10D93000DAFB036062030060520300602EFD0360A7
:10D94000DDC804607EEB03600004004038F8151069
:10D950002046FFF796FD28F81500D8E7FB4909781F
:10D96000012900D138883880B9F83F10814200D2AF
:10D970000846C0F57A71C1EB0121B1FBFAF17CB127
:10D98000012C13D0022C19D0032C1DD0042C21D033
:10D99000052C6FD1BDE8FC5F81B2ED48DCF7DFB943
:10D9A000BDE8FC5F81B2EB48DCF7DBB981B2E94846
:10D9B00000E05FE0BDE8FC5FDCF7D5B9BDE8FC5FE7
:10D9C00081B2E348DCF7CDB9BDE8FC5F81B2E04845
:10D9D000DCF7C9B9BDE8FC5F81B2DD48DCF7BDB951
:10D9E00036F81500B0F5007F02D3B9F83F00A2E683
:10D9F0000020A0E638F815102046FFF742FD28F871
:10DA0000150098E6D1490978012900D13888388075
:10DA1000B9F83F10814200D20846C0F57A71C1EBD7
:10DA20000121B1FBFAF16CB1012C11D0022C15D0FF
:10DA3000032C19D0042C1DD1BDE8FC5F81B2C44871
:10DA4000DCF78BB9BDE8FC5F81B2C248DCF789B96D
:10DA5000BDE8FC5F81B2BF48DCF785B9BDE8FC5F7B
:10DA600081B2BB48DCF77DB9BDE8FC5F81B2B84844
:10DA7000DCF779B9BDE8FC9F8AB00020B64A0121E5
:10DA800082F841100025002401A921F81040401C13
:10DA9000C0B20C28F8D300200090B0484471B048C0
:10DAA0000470B0480470B0480470DFF8C092DFF82A
:10DAB000C0A2DFF8C0823220DEF721FBA6484189F0
:10DAC000491C4181AC49052008701420E7F71EFF6E
:10DAD000A24840790128EED1A84890F823000128F7
:10DAE00025D0052823D0022871D00628FCD0042890
:10DAF0006ED00728FCD00C28DDD100200121C0EB1E
:10DB0000001202EB42039E4A03EB020C9CF8232016
:10DB1000002A70D09B4A4FF47A7E32F8102072456A
:10DB20006AD1079A01FA00F31A43079239E38C4B42
:10DB30001878012805D18B4A1078411C11700528EE
:10DB4000B9D31C70874804708448C08807900020AF
:10DB50004FF0010BC0EB001101EB41028849561850
:10DB600096F8231061B187494FF47A7E31F810108E
:10DB7000714517D1079A0BFA00F10A43079241E069
:10DB8000804931F81010B1F5007F05D307990BFAE1
:10DB900000F21143079135E007990BFA00F2914327
:10DBA00007912FE069B101AB96F82C6033F8102093
:10DBB00006EB860CB2EB8C0F0BD2521C23F8102014
:10DBC00009E007990BFA00F2914307911AE082E00D
:10DBD000ABE123F810404E4306EB86018900B1FB10
:10DBE000FEF133F81020914207D907990BFA00F2A1
:10DBF0001143079106E095E2A6E207990BFA00F2BD
:10DC000091430791401CC0B20C28A3D3534E9DF8FA
:10DC10001C100A363078814205D00127002531706A
:10DC20000220FEF72DFF9DF81D107078814205D06F
:10DC30000127002571700320FEF722FF6FB16D1CD4
:10DC4000EDB2C82D09D90027002531780220FEF752
:10DC500017FF71780320FEF713FF0026494A06F1EB
:10DC60000C000146099032F81000474A32F81110B2
:10DC7000884211D0099922F81100FFF795FB43491A
:10DC8000099A21F8120035490BFA06F00A89104367
:10DC900008813E48303084553C483030815D14293D
:10DCA00005D984552D48C4700220E7F7BDF8761CCD
:10DCB000F6B20C2ED2D30098401CC0B20090274E72
:10DCC0003078FFF7FDFC3078052802D2401C307018
:10DCD000F1E63470EFE60020DFF8A4C0DFF8A4E03E
:10DCE0000126C0EB001101EB4101614491F82320B2
:10DCF0006AB101AB91F82C1033F8102001EB810BC5
:10DD0000B2EB8B0F14D2521C23F8102012E03EF815
:10DD10001010B1F5007F05D3079906FA00F2114300
:10DD2000079151E0079906FA00F2914307914BE001
:10DD300023F810403EF810204FF47A7B5A4527D143
:10DD4000079906FA00F2114307913DE05203006083
:10DD500000040040000C004054F5036030040060F3
:10DD60005C0300605E0300605D030060000024420D
:10DD70000080214200002242C60300607EEB036067
:10DD8000DDC80460E2570260625802602EFD036045
:10DD90007AB1514301EB81018900B1FBFBF133F80A
:10DDA000102091420BD9079906FA00F2114307910E
:10DDB0000AE0079906FA00F29143079104E00799F7
:10DDC00006FA00F291430791401CC0B2062888D39E
:10DDD0004FF0000BFD4A0BF106000146089032F8A7
:10DDE0001000FB4A32F81110884212D0089922F82C
:10DDF0001100FFF7D9FAF749089A21F81200F649FD
:10DE000006FA0BF00A8910430881F248303000F816
:10DE10000B400BF1010B0BF0FF0BBBF1040FD9D33F
:10DE2000ED4907980A310A6890422FD00127002552
:10DE300008600878C20702D0E84A166001E0E74AA5
:10DE40001460820703D5E54A121D166002E0E34A1A
:10DE5000121D1460420702D5C9F89C6101E0C9F89F
:10DE60009C41020702D5C9F8A06101E0C9F8A041B0
:10DE7000C20602D5C9F8A46101E0C9F8A441800630
:10DE800002D5C9F8A86101E0C9F8A8417FB36D1CAB
:10DE9000EDB2C82D2ED9002700250878C10702D081
:10DEA000CE490E6001E0CD490C60810703D5CB4916
:10DEB000091D0E6002E0C949091D0C60410702D529
:10DEC000C9F89C6101E0C9F89C41010702D5C9F875
:10DED000A06101E0C9F8A041C10602D5C9F8A4615A
:10DEE00001E0C9F8A441800602D5C9F8A86101E0A3
:10DEF000C9F8A841FFF77BFA0098401CC0B2009017
:10DF000000980521B0FBF1F201FB120000287FF41C
:10DF1000DFAEB14E3078FFF7D3FB3078032802D262
:10DF2000401C3070C7E53470C5E500200121C0EB0E
:10DF3000001202EB4203AA4A03EB020C9CF82320D6
:10DF400062B1A24A4FF47A7E32F81020724517D19E
:10DF5000079A01FA00F31A4307923EE09B4A32F80F
:10DF60001020B2F5007F05D3079A01FA00F31A4397
:10DF7000079232E0079A01FA00F39A4307922CE0E5
:10DF80006AB101AE9CF82CC036F810300CEB8C0B4B
:10DF9000B3EB8B0F09D25B1C26F8103007E0079A11
:10DFA00001FA00F39A43079217E026F810400CFBA1
:10DFB00002FC0CEB8C029200B2FBFEF236F8103041
:10DFC0009A4205D9079A01FA00F31A43079204E02E
:10DFD000079A01FA00F39A430792401CC0B208283E
:10DFE000A5D37D4A07980A321368984244D0012786
:10DFF000002510601078C30702D0C8F8981101E01E
:10E00000C8F89841830702D5C8F89C1101E0C8F808
:10E010009C41430702D5CAF8A01101E0CAF8A0410B
:10E02000030702D5CAF8981101E0CAF89841C3065F
:10E0300002D56C4B196001E06A4B1C60830603D566
:10E04000684B1B1D196002E0664B1B1D1C60644E73
:10E0500096F8313133B9430602D5634B196001E0BC
:10E06000614B1C6096F85E3133B9000602D5C8F8E2
:10E070008C1101E0C8F88C417FB36D1CEDB2C82D46
:10E0800044D9002700251078C20702D0C8F898119B
:10E0900001E0C8F89841820702D5C8F89C1101E058
:10E0A000C8F89C41420702D5CAF8A01101E0CAF89D
:10E0B000A041020702D5CAF8981101E0CAF89841B8
:10E0C000C20602D5474A116001E0464A1460820642
:10E0D00004D5444A121D116003E017E0414A121DA5
:10E0E00014603F4A92F8313133B9430602D53E4BB2
:10E0F000196001E03C4B1C6092F85E2132B90006C9
:10E1000002D5C8F88C1101E0C8F88C41324E307845
:10E11000FFF7D6FA3078062802D2401C3070CAE4E5
:10E120003470C8E4294A32F81020B2F5007F05D3D4
:10E13000079A01FA00F31A43079232E0079A01FAAC
:10E1400000F39A4307922CE06AB101AE9CF82CC010
:10E1500036F810300CEB8C0BB3EB8B0F09D25B1C39
:10E1600026F8103007E0079A01FA00F39A43079265
:10E1700017E026F810400CFB02FC0CEB8C0292001E
:10E18000B2FBFEF236F810309A4205D9079A01FA2E
:10E1900000F31A43079204E0079A01FA00F39A4346
:10E1A0000792401CC0B20628FFF4A9AC0A4A07989F
:10E1B0000A32136898423ED001270025106010787B
:10E1C000C30713D0C8F8981112E00000E2570260AC
:10E1D000625802602EFD0360300400608801234213
:10E1E000DDC80460800121429C812342C8F8984127
:10E1F000830702D5C8F89C1101E0C8F89C41430789
:10E2000002D5CAF8A01101E0CAF8A041030702D55F
:10E21000CAF8981101E0CAF89841C30602D5C8F8B7
:10E220008C1101E0C8F88C41800602D54F4801608E
:10E2300001E04E4804606FB36D1CEDB2C82D2CD9BF
:10E24000002700251078C20702D0C8F8981101E015
:10E25000C8F89841820702D5C8F89C1101E0C8F8B7
:10E260009C41420702D5CAF8A01101E0CAF8A041BA
:10E27000020702D5CAF8981101E0CAF89841C2060F
:10E2800002D5C8F88C1101E0C8F88C41800602D58F
:10E290003648016001E035480460354E3078FFF7BC
:10E2A0000FFA3078052802D2401C307003E4347035
:10E2B00001E41CB50446FFF7DBF92D494FF48062F9
:10E2C0001031CDE9004100232AA1AFF65300DDF75C
:10E2D000A0FD274900200A3108601CBD10B5044686
:10E2E0000120F6F71EFA0121FF20FAF74CFE01216A
:10E2F0000020FAF748FE01212046FAF744FE641E8A
:10E30000E0B2BDE810400121FAF73DBE10B5044669
:10E310000120F6F706FA0121FF20FAF734FE012169
:10E320000846FAF730FE01210020FAF72CFE012101
:10E330000020FAF728FE012204210020FAF74EFE01
:10E3400001214FF4FA70FAF78FFE10F0FF0F0CD096
:10E350000B4A1078FF2808D15078012805D1917810
:10E36000D278C8B2904200D1217010BD8401214200
:10E37000300400604F75747075745461736B3100B4
:10E3800060F203602DE9F843FE481024032590F85D
:10E390002300FD4F08287DD001214FF4F670DAF7F5
:10E3A0008AFD4FF40166ADF800608DF803408DF8EA
:10E3B0000250DFF8D88369464046DAF776FB3146EB
:10E3C0004046DAF7DCFB6601ADF800608DF80340EB
:10E3D0008DF80250DFF8B88369464046DAF765FBEE
:10E3E00031464046DAF7CBFB4FF48966ADF8006062
:10E3F0008DF803408DF80250DFF898836946404657
:10E40000DAF753FB31464046DAF7B9FB42F21F0612
:10E41000ADF800608DF803408DF80250DFF8788386
:10E4200069464046DAF741FB31464046DAF7A7FB3A
:10E43000E601ADF800608DF803408DF80250DFF87A
:10E440005C8369464046DAF730FB31464046DAF7EE
:10E4500096FB4FF4E046ADF800608DF803408DF870
:10E46000025069463846DAF720FB31463846DAF77B
:10E4700086FB0020CA4900220A54401CC0B216285C
:10E48000FAD30021C64C1634002001EB410304EB03
:10E49000830300E00DE023F81020401CC0B20628E2
:10E4A000F7D3491CC9B20829EED3BE480270BDE8B3
:10E4B000F88301210802DAF7FEFC4FF4F866ADF8A4
:10E4C00000608DF803408DF8025069463846DAF74F
:10E4D000ECFA31463846DAF752FBE8E72DE9F84323
:10E4E00001214FF4F670DAF7E6FC2020ADF80000C9
:10E4F00048258DF8035003248DF80240DFF88C8204
:10E5000069464046DAF7D1FA8020ADF800008DF870
:10E5100003508DF802409E4F69463846DAF7C5FA37
:10E5200042F20100ADF800008DF803508DF8024072
:10E5300069469D48DAF7B9FA4DF22000ADF80000BF
:10E540008DF803508DF8024069469348DAF7ADFA2A
:10E5500048F6C060ADF800008DF803508DF8024019
:10E5600069468948DAF7A1FABD14ADF800501026C3
:10E570008DF803608DF8024069464046DAF795FA57
:10E5800029464046DAF7FBFA0420ADF800008DF882
:10E5900003608DF8024069463846DAF786FA0421AE
:10E5A0003846DAF7ECFA82E72DE9F04788B0DFF871
:10E5B000FC810026C8F88861DFF8F4910127C9F8CA
:10E5C000B0710120DFF76DF8D8F81C018DF810004C
:10E5D000784C20688DF8110060688DF81200E068B2
:10E5E0008DF81300606A8DF81400DFF8CCA1DAF81A
:10E5F00000018DF8150020698DF81600DAF8340155
:10E600008DF8170060698DF818006C4D28688DF83A
:10E610001900D9F814018DF81A00E8698DF81B006B
:10E62000686A8DF81C00A86A8DF81D00C8F888710A
:10E63000C9F8B0610120DFF734F8D8F81C018DF873
:10E64000000020688DF8010060688DF80200E06825
:10E650008DF80300606A8DF80400DAF800018DF887
:10E66000050020698DF80600DAF834018DF80700FE
:10E6700060698DF8080028688DF80900D9F8140140
:10E680008DF80A00E8698DF80B00686A8DF80C00B7
:10E69000A86A8DF80D003B4890F823000C2806D09E
:10E6A00000252C460DF11008DFF8149120E0032519
:10E6B000F7E7611BC1EB011000EB4000484490F804
:10E6C000243018F804201DF804C0624502D180F8F7
:10E6D000246004E0012A10D0022280F8242090F95E
:10E6E0002400984202D0C8B2E7F7DAFB641CE4B217
:10E6F0000E2CDED308B0BDE8F08780F82470EEE77A
:10E7000010B500232C4905280ED001222D4C0228DB
:10E710000DD0032812D0012817D0C1F88821C1F8E4
:10E720009421C4F8982110BDC1F8883110BDC1F8FA
:10E730008821C1F89421C4F8983110BDC1F888210E
:10E74000C1F89431C4F8982110BDC1F88821C1F8EE
:10E750009431C4F8983110BD1FB54FF40040DAF77A
:10E760003EFB01214802DAF7A6FB002000908DF85D
:10E7700004008DF805004FF46021CDF80610CDF8A7
:10E780000A0021E07EEB0360002001400008014008
:10E79000000C01400014014000180140001C014021
:10E7A0006AFD03604C0400600010014000802142BB
:10E7B0000000214218012442000022421401234299
:10E7C000DDC804600080234201208DF80E00FA4C61
:10E7D00069462046D9F7AEFE052301220B212046CB
:10E7E000D9F72CFF01212046D9F7D0FE2046D9F7D2
:10E7F000EAFE2046D9F7ECFE0028FAD12046D9F7E8
:10E80000EEFE2046D9F7F0FE0028FAD1012120467D
:10E81000D9F7F1FE1FBD08B501218020DAF74BFBC7
:10E820004FF40070ADF8000028208DF80300694611
:10E83000E248DAF73AF90520DEF733FFE0480268EC
:10E84000E049E14842B101228A8090F8F62042F086
:10E85000010280F8F62007E000228A8090F8F62076
:10E8600002F0FE0280F8F6202A224A80427608BD95
:10E87000F8B501214FF42470DAF71DFB0220ADF842
:10E88000000000208DF80300D04D69462846DAF7D5
:10E890000CF92421ADF8001010268DF80360032434
:10E8A0008DF8024069462846DAF7FFF80421284629
:10E8B000DAF765F920212846DAF763F94FF4F865AD
:10E8C000ADF800508DF803608DF80240BB4C6946EE
:10E8D0002046DAF7EAF829462046DAF752F9F8BD79
:10E8E00070B506460C46154602213046D9F781FF21
:10E8F00005232A4621463046D9F7A0FE012130469D
:10E90000D9F779FE02213046D9F76CFF0028F9D0FB
:10E910003046BDE87040D9F7D5BE2DE9F0474FF03D
:10E9200000084FF001090027DFF88CA201220B211B
:10E930005046FFF7D5FF84B2A044B9F1010F3BD098
:10E94000A64200D82646A54200D22C4625460A20DB
:10E95000DEF788FE7F1CFFB20C2FE7D3A8EB060082
:10E96000401BC0EB80200A21B0FBF1F0984CB4F8BA
:10E970004B10B0FBF1F080B2964D81086878FDF73E
:10E9800036F880B24FF6FF71884205D201EA800066
:10E9900091496A7821F812006878401CC3B26B7004
:10E9A00094F82340002101228C48042C09D0072C24
:10E9B00007D00C2C40D09BE0264625464FF000099E
:10E9C000C5E703F007036B70082B0AD2DFE803F0FA
:10E9D000040A10161C22282E00F5D07081604160B8
:10E9E000016085E000F5D0708260416001607FE0E9
:10E9F00000F5D07081604260016079E000F5D07070
:10EA000082604260016073E000F5D0708160416017
:10EA100002606DE000F5D07082604160026067E0E6
:10EA200000F5D07081604260026061E000F5D07056
:10EA30008260426002605BE00B24B3FBF4F604FBEF
:10EA400016336B700B2B53D2DFE803F0060D141B4B
:10EA5000222930373E454C0000F5CE70C160816000
:10EA60004160016044E000F5CE70C26081604160A9
:10EA700001603DE000F5CE70C160826041600160E0
:10EA800036E000F5CE70C2608260416001602FE028
:10EA900000F5CE70C16081604260016028E000F541
:10EAA000CE70C26081604260016021E000F5CE70EE
:10EAB000C1608260426001601AE000F5CE70C26001
:10EAC00082604260016013E000F5CE70C160816039
:10EAD000416002600CE000F5CE70C2608160416070
:10EAE000026005E000F5CE70C160826041600260A6
:10EAF0003B486978405CBDE8F04701E62DE9F0410C
:10EB000033483849384C90F823000D684E68042883
:10EB100004D0072802D00C2823D034E00E22334939
:10EB2000314810F02FFCC4F80E50C4F81260304E7B
:10EB30003078012827D12F490878421CD5B20D70B2
:10EB4000C00709D005221621274810F02DFC322DD0
:10EB500019D90020307016E01621234810F02BFC44
:10EB6000F5E72248026822604268626002892281D9
:10EB7000807AA072C4F80B50C4F80F600889A4F81A
:10EB80001300887A60750021174E01251636002083
:10EB9000225C02F00F028A422ED8020902EB4202E6
:10EBA00006EB820200F00F0732F8113005FA07F782
:10EBB0003B4322F811302DE000240140001C0140AD
:10EBC00024812342E2580260E25E026000100140AC
:10EBD0007EEB03604C040060E2560260008023423A
:10EBE0009DC80460ACFA03606AFD0360CCFA036060
:10EBF0002104006022040060020902EB420206EBDD
:10EC0000820200F00F0732F8113005FA07F7BB4314
:10EC100022F81130401CC0B21628B9D3491CC9B221
:10EC20000629B4D3BDE8F0812DE9FC4FFE48FF4B27
:10EC3000DFF8FCE390F823000022042803D0072823
:10EC400001D00C2861D1FB4E317801297ED1F188A9
:10EC50004FF4FA74B1FBF4F504FB151414B93479CC
:10EC6000E4433471491C1FFA81FBA6F806B0F64C48
:10EC7000EF4DF149DFF8C493DFF8C4A3DFF8C48394
:10EC800024782D785FEA8B7740D0F04EF24F0BF06E
:10EC9000030C36780196EE4EBCF1020F36780096E2
:10ECA000EC4E3F7836787DD0DFF8B0C30121CCF848
:10ECB0008C11DFF8ACC3CCF88411C8F89011CCF8F3
:10ECC0009011CCF88C11DFF89483C8F8A811C9F81A
:10ECD000A411CCF88811CCF8B411CCF88011C3F889
:10ECE000B811CAF8AC11C3F8B411C446CCF89811E5
:10ECF000C3F8B011DFF84CC3CCF8AC111521BBFB45
:10ED0000F1FC01FB1CB100297DD072E1DFF850C39A
:10ED10000127CCF88471DFF844C3CCF88C21042897
:10ED20004DD007284BD0C44996F802B0DFF81483C1
:10ED300031F81B10C1F3C027C8F89071C84FC1F358
:10ED40000038C7F89081C1F3403800E0CAE1C7F845
:10ED50008C81C1F38038CCF8A881C90BC9F8A41103
:10ED6000B54901EB4B01097B01F00108C7F8888127
:10ED7000C1F34008C7F8B481C1F38008C7F88081A7
:10ED8000C1F3C007C3F8B871C1F30017CAF8AC717A
:10ED9000C1F34011C3F8B411B5B30021CCF89811F8
:10EDA0009CB300E05CE00021C3F8B011AD493479B8
:10EDB0000C60B178052951D2491CB17019E19E4906
:10EDC00096F802B0DFF87C8231F81B1001F00107E1
:10EDD000C8F89071A24FC1F34008C7F89081C1F301
:10EDE0008008C7F88C81C1F38038CCF8A881C90BA2
:10EDF000C9F8A411904901EB4B01097B01F001080E
:10EE0000C7F8888102E0D6E024E025E0C1F340089D
:10EE1000C7F8B481C1F38008C7F88081C1F3C00787
:10EE2000C3F8B871C1F30017CAF8AC71C1F340114F
:10EE3000C3F8B41155B10021CCF8981144B10021A8
:10EE4000C3F8B011874934790C60B2E70121F3E7C8
:10EE50000121F5E70121A1E70121A5E7B270C8E092
:10EE60007E4D0124C5F88C417F4C2260784C0428EB
:10EE700094F800C0754C247844EA0C0448D0072864
:10EE800046D0DFF8B0C19CF803C031F81C1001F087
:10EE9000010CC8F890C1DFF8C8C1C1F3400BCCF831
:10EEA00090B1C1F3800BCCF88CB1C1F3C00BC5F8A5
:10EEB000A8B1C1F3001BC9F8A4B1C1F34019CCF843
:10EEC0008891C1F38019CCF8B491C1F3C019CCF882
:10EED0008091C1F3002CC3F8B8C1C1F3402CCAF82B
:10EEE000ACC1C1F38021C3F8B411E6B30021C5F869
:10EEF0009811CFB30021C3F8B011B4B30021C8F802
:10EF0000AC114C4CE178052953D2491CE17070E0FA
:10EF1000DFF820C19CF803C031F81C10C1F3C00C0D
:10EF2000C8F890C1DFF838C1C1F3001BCCF890B12C
:10EF3000C1F3401BCCF88CB1C1F3801BC5F8A8B15C
:10EF4000C1F3C01BC9F8A4B1C1F30029CCF8889162
:10EF5000C1F34029CCF8B491C1F38029CCF8809159
:10EF6000C1F3C02C02E01EE01FE020E0C3F8B8C1EE
:10EF7000C1F3003CCAF8ACC1C1F34031C3F8B411CD
:10EF80005EB10021C5F898114FB10021C3F8B0114E
:10EF90003CB10021C8F8AC11B3E70121F2E701212F
:10EFA000F4E70121F6E70121A1E70121A3E701210F
:10EFB000A5E7E2701DE0DDF804C02449BCF1010FB3
:10EFC00000D10A70DDF800C02149BCF1010F00D169
:10EFD0000A701D49012C00D10A70012D01D18EF853
:10EFE00000201D49012F00D10A701A49012E00D1BD
:10EFF0000A70082876D10F4C4FF4FA71E088B0FB04
:10F00000F1F501FB150121B9D3F89811C943C3F8F3
:10F010009811401C80B2E0801421B0FBF1F401FB98
:10F020001401D1BB0B4921E07EEB036000002442B8
:10F03000190400604C04006080FD036000802142E0
:10F040000080234200002142180400601304006085
:10F050001204006015040060140400600080224265
:10F0600000002342AC01214284012342097801B30C
:10F070000021C3F8A01136490978E1B10021C3F895
:10F080009C1134490978C1B10021C3F8A4119EF83C
:10F090000010A1B10021C3F8A8111521B0FBF1F3B4
:10F0A00001FB130000281DD12A480178012908D04E
:10F0B00008E00121DDE70121E1E70121E5E7012188
:10F0C000E9E702709EF80000012801D18EF80020C7
:10F0D0001F480178012900D102701F4801780129D9
:10F0E00000D10270BDE8FC8FFFF795FBFFF74AF9EE
:10F0F000FFF7F4F9FFF7BCFBFFF72EFBFFF754FA1D
:10F1000016480127077016480078FFF7F9FADFF86C
:10F1100054800A261420DCF7F2FFFFF7FEFB284696
:10F12000B0FBF6F16D1C06FB1100ADB238B9FDF76E
:10F130005DFAFCF7E1FFFFF7E1FCFFF735FA052C7C
:10F1400002D2641CE4B2E5E788F80070E2E7000050
:10F1500014040060180400601504006035040060A9
:10F160009DC804604C04006010B5FF4C0120207065
:10F17000DCF7A2FC08B12A2812D1FC48007808B1BB
:10F1800002202070FA49002001F0B5FA2071002019
:10F19000A070FF216170F74A2178A2F85210E07048
:10F1A00010BD70B5F44C94F8230001280FD0052849
:10F1B0000DD002280BD0062809D0042807D0072834
:10F1C00005D00C2803D0032801D008281ED1E64919
:10F1D000097801291AD1E94D022801D0062805D164
:10F1E0002868DDF739F80120DBF79CFAFFF7BCFF50
:10F1F00094F82300022801D0062807D10020DBF76D
:10F2000091FA2868BDE87040DDF76AB870BD2DE955
:10F21000F04F85B005460C46302C03D3012005B0D5
:10F22000BDE8F08F30270A264FF031084FF0410932
:10F230004FF0440A4FF0010B182C44D21422D0A1F5
:10F24000684610F09FF80BEB54000A280CD3B0FB73
:10F25000F6F130318DF80710B0FBF6F106FB110026
:10F2600030308DF8080005E08DF8077008EB540089
:10F270008DF80800E00723D08DF809A04FF47A70CC
:10F28000B5FBF0F130318DF80310B5FBF0F100FB68
:10F2900011516420B1FBF0F130318DF80410B5FB51
:10F2A000F0F100FB1150B0FBF6F030308DF80500A6
:10F2B000B5FBF6F006FB105030308DF8060032E05A
:10F2C0008DF80990DAE71422ADA1684610F05AF8DB
:10F2D000A4F1180000EBD0710BEB61000A280CDBE5
:10F2E00090FBF6F130318DF8071090FBF6F106FB3C
:10F2F000110030308DF8080005E08DF8077008EB3C
:10F3000061008DF80800E0071ED08DF809A0542098
:10F310008DF8030049208DF804004D208DF805007C
:10F320005F208DF8060004EBC400994900EBC4107F
:10F3300001EB80001322694601F0ECF900287FF40C
:10F340006EAF89494C706AE78DF80990DFE72DE9C7
:10F35000FF5F0C461546844F3878022803D0012001
:10F3600004B0BDE8F09F387908B10020F8E7DFF875
:10F370002492C821D9F80000DDF7F4FD50B1DFF880
:10F38000F881DFF8F8A198F82300022804D00628B5
:10F3900002D008E00020E3E7DAF80000DCF75CFFC9
:10F3A0000120DBF7BFF9012D0BD0012000EB440059
:10F3B000C6B27878B04207D031460098FFF727FFF1
:10F3C00003E06006060EF4E7002038B1002498F848
:10F3D0002310022949D0062947D04DE006EBC6008C
:10F3E00000EBC6116A4800EB81052846039901F03D
:10F3F00054FC04464FF0000BECB131460098FFF787
:10F4000006FF2846039901F048FC0446B878401CE2
:10F41000B87058491CB1088C401C088401E087F87A
:10F4200002B0B878052806D987F802B001204885CF
:10F430000520E5F7F9FCB4B987F802B04A4B4FF460
:10F44000C87428460C332246534901F00AFA224672
:10F45000514952480FF096FF51490398884202D112
:10F46000284601F010FC0124B1E70020DBF75AF92F
:10F47000DAF80000DCF734FFD9F80000DDF7BDFC56
:10F4800020466DE72DE9FF4F83B00446DDF840804C
:10F490001F4600260025DFF8D0B0A9469BF80000E3
:10F4A000022807D0C7F800900120C8F8000000200B
:10F4B00007B0B5E6182C01D30020F9E7DDE9040117
:10F4C000884201D90020F3E79BF8040008B100202E
:10F4D000EEE73048C8210068DDF744FD38B1264822
:10F4E00090F82300022804D0062802D008E000206B
:10F4F000DEE722480068DCF7AFFE0120DBF712F9F7
:10F500001834E1B200200294FFF781FE0446C7F8E8
:10F510000090C8F800904FF400711F480FF04BFFA7
:10F520004CB100200090144890F82300022879D0B4
:10F53000062877D0C6E01198C409B4F5005F31DB26
:10F540000D4890F82300022801D0062806D100209B
:10F55000DBF7E8F809480068DCF7C2FE0D480068F0
:10F56000DDF74BFC0020A3E754040060400000607E
:10F57000E0FD036048FA03607EEB0360280400604E
:10F58000303A2F202020202020202E62696E00009B
:10F590000E00046034020060CE660460A46F016057
:10F5A000708E0100029800EBC00101EBC010CE4943
:10F5B00001EB800001906102019801F06EFB10B137
:10F5C0000020009069E0C94B4FF40072C8490198CF
:10F5D00001F047F910B1002000905EE07F20119902
:10F5E000A1F1010E00EBC412724553D2DAB1C04949
:10F5F00001EB80010968E9B3BE4BDFF8FCC20B44A4
:10F60000634526D300EBC410401E002801DD921E86
:10F610003A600120C8F80000841E01260125CBF8BD
:10F6200008903AE047E056EA050002D0012D05D0E7
:10F630000AE0C7F80090C8F8009005E0C7F800900D
:10F640000AF10100C8F800004FF0FF34CBF8089031
:10F6500023E0059B994205D225B902F1010A012553
:10F66000CBF80890049B99420CD25EB93A6001260F
:10F67000012D00E00EE003D1AAEB0201C8F8001052
:10F68000CBF80890012E05D1012D03D1A81E044608
:10F69000CBF80890401E0028A4DA641E002C8ADAF9
:10F6A000DBF8080000287FF43EAF012000900198AD
:10F6B00001F0E9FA37E70020DBF734F88F480068FB
:10F6C000DCF70EFE8E480068DDF797FB0098EFE64A
:10F6D0002DE9FF4F81B08846844F0C3F38780228CF
:10F6E00001D001209BE5864864210068DDF73AFCE3
:10F6F00038B1844890F82300022804D0062802D0AC
:10F7000008E000208BE57D480068DCF7A5FD0120BE
:10F71000DBF708F80121039801EB480901280DD017
:10F7200009F0FF04002504F11806F1B20020FFF7EC
:10F730006EFDAA4630B10D284ED052E04FEA486027
:10F74000040EEFE7EEF779F983466A49491E0BEBA1
:10F7500001006949891E884234D26B4850F8240060
:10F76000810006EBC60000EBC6125F4800EB82008A
:10F77000009001F092FA18B164480221418521E01D
:10F780005B486E38C0F86EB0584B04221B1D5849B8
:10F79000009801F026F990B15C4903224A850A8E4F
:10F7A000521C0A864886B878401CC0B2B87005283A
:10F7B00008D987F802A00520E5F736FB02E087F8B4
:10F7C00002A0012506EBC60000EBC611464800EB7F
:10F7D000810001F058FA04E0032038704C4981F8A8
:10F7E000C200012D6AD1DFF824B1BBF83400401CFF
:10F7F000ABF83400002521460198FFF708FD38BB1F
:10F80000BBF81400401CABF8140004EBC40000EB80
:10F81000C411354800EB81063046049901F03DFAE9
:10F82000B8B1BBF81600401CABF816002146019891
:10F83000FFF7EDFCB878401CC0B2B8700421ABF8FB
:10F840002A1005283AD987F802A00520E5F7ECFA36
:10F8500034E0BBF81800401CABF8180087F802A091
:10F8600003992C484FF4C874012918D009EBC90139
:10F8700001EB091100EB011122461D480FF082FD3A
:10F880001A4B30461B1D2246194901F0AAF822499D
:10F89000049888420ED1304601F0F5F90DE008EBEE
:10F8A000C80101EB081100EB4111224610480FF08E
:10F8B00069FDE5E7304601F099F90125114890F816
:10F8C0002300022801D0062806D10020DAF72AFFFB
:10F8D0000A480068DCF704FD09480068DDF78DFA86
:10F8E00028469CE4012070470E000460600400601C
:10F8F000CE66046080F6B6A5815E9216280400608C
:10F90000340200607EEB0360446F016048FA0360DC
:10F91000E25E026034710160708E010010B5002853
:10F9200003D0012020B1012010BDDCF7C5F8F9E7B4
:10F93000002010BD0020704770B50D4611460446EA
:10F940001A460120002A01D02CB901E0042070BD24
:10F950002846DCF787F908B1012070BD002070BD92
:10F960002DE9F04184460E4617461D4600201F240F
:10F97000002D07D0BCF1000F0FD0012080B1012075
:10F98000BDE8F0810420FBE72A4639463046DCF723
:10F990009EF90028F2D0641EE4B2002CF4D1EDE709
:10F9A0000020EDE7002801D00120704739B101297E
:10F9B00010D0022905D0032908D004207047002068
:10F9C00070474FF4007010800020704708201080AE
:10F9D00000207047002070470020704711F0B8BD2C
:10F9E00011F0E0BB03E011F8013B00F8013B521EAF
:10F9F000531CF8D17047C9B201E000F8011B521E38
:10FA0000531CFAD1704710B50023521E541C05D068
:10FA100010F8013B11F8014B1B1BF6D0184610BD26
:10FA200000E0401C02780AB18A42FAD1007870479F
:10FA30002DE9F04104460F46D4F82A50BD4231D09A
:10FA4000207904F12E0808B3607801232A46414644
:10FA5000FFF786FF10B10120BDE8F0810020207182
:10FA6000D4F81E00D4F81A100844A8420ED9E6783B
:10FA70000AE0D4F81A000544607801232A4641467A
:10FA8000FFF76EFF761EF6B2012EF2D857B16078FE
:10FA900001233A464146FFF74FFF08B10120DBE75B
:10FAA000C4F82A700020D7E72DE9F0410446002170
:10FAB0002046FFF7BDFF0546280053D120780328D4
:10FAC00049D16079E8B30026C4F82A6004F12E0019
:10FAD0004FF4007200210746FFF78DFF55201234C6
:10FAE00084F81A02AA2084F81B025220207760773B
:10FAF0006120A0774121E177722284F8002284F806
:10FB0000012284F8021284F8030254F8040C84F8E9
:10FB10000402010A84F80512010C84F80612000E92
:10FB200084F8070254F8080C84F80802010A84F8E3
:10FB30000912010C84F80A12000E84F80B022268E4
:10FB400000E008E014F8110C01233946FFF708FF24
:10FB500004F80D6C123C002260781146FFF722FF7A
:10FB600000B10125284677E7891ED0F81620921E9D
:10FB70008A4201D800207047D0F82620807801FB07
:10FB8000002070472DE9F04104460D46022D03D3B5
:10FB9000D4F81600A84201D801205DE7207801289A
:10FBA00004D0022828D003283FD136E005EB5506C3
:10FBB000D4F81E0000EB56212046FFF739FFA0BB0A
:10FBC000C6F30800204490F82E70761CD4F81E006E
:10FBD00000EB56212046FFF72BFF30BBC6F3080091
:10FBE000204490F82E0047EA0020E90701D00009E0
:10FBF00032E7C0F30B002FE7D4F81E0000EB15210D
:10FC00002046FFF715FF80B9E8B204EB40002E3024
:10FC10000178407841EA00201EE7D4F81E0000EB8E
:10FC2000D5112046FFF704FF10B14FF0FF3013E766
:10FC300040F2FF1000EA850020442E300178C2789F
:10FC400041EA026182784078120442EA00200143CE
:10FC500021F0704000E72DE9F04704460D461646B6
:10FC6000022D03D3D4F81600A84202D80220BDE822
:10FC7000F087207806F0FF094FF00108012807D02F
:10FC8000022839D0032849D0022084F80480EEE706
:10FC900005EB5507D4F81E0000EB57212046FFF76F
:10FCA000C7FE0028F1D1C7F3080020442E30E90731
:10FCB00003D0017869F31F1100E0314601707F1C09
:10FCC00084F80480D4F81E0000EB57212046FFF78B
:10FCD000AFFE0028D9D1C7F3080121442E31EA072D
:10FCE00002D0C6F3071205E00A78C6F3032302F038
:10FCF000F0021A430A70C8E7D4F81E0000EB152181
:10FD00002046FFF795FE0028BFD1E9B204EB410180
:10FD100081F82E90320A81F82F20B6E7D4F81E0021
:10FD200000EBD5112046FFF783FE0028ADD140F24D
:10FD3000FF1101EA850121442E314FF07043CA784A
:10FD400003EA026232430A70130A4B70130C8B7081
:10FD5000120ECA7099E72DE9F04105460F46022FB1
:10FD600003D3D5F81600B84201D8022628E00026B1
:10FD70004FF0010820E039462846FFF703FF04460C
:10FD8000F4B1012C0AD0601C0AD000223946284662
:10FD9000FFF761FF0646300012D103E002260FE0B4
:10FDA00001260DE0D5F80E00411C04D0401CC5F81A
:10FDB0000E0085F805802746D5F81600B842DAD837
:10FDC000304649E62DE9F04106460F46002F07D0A0
:10FDD00039463046FFF7D6FE02280AD201203BE61C
:10FDE000D6F80A501DB1D6F81600A84206D801254B
:10FDF00004E0D6F816108142F1D83D462C46641C2A
:10FE0000D6F81600A04204D80224022D01D2002008
:10FE100022E621463046FFF7B5FE38B1411CDED060
:10FE20000128DCD0AC42EAD1002015E66FF0704228
:10FE300021463046FFF70FFF28B927B12246394641
:10FE40003046FFF708FF20B101280ED001242046DC
:10FE500002E6C6F80A40D6F80E00411CF7D0401E54
:10FE6000C6F80E0001207071F1E74FF0FF34EEE7A5
:10FE700070B504460D46E580A168012904D02068CC
:10FE8000D0F816208A4201D8022070BD21B902782C
:10FE9000032A01D1D0F8221011B1807806011EE0AA
:10FEA000E1600189A94201D8022070BDD0F822008A
:10FEB00000EB151020611BE02068FFF763FE014690
:10FEC000481C08D0022904D32068D0F816008842C4
:10FED00003D8022070BD012070BDA81B85B2B542B9
:10FEE000EAD2E1602068FFF73FFE00EB15102061C9
:10FEF000206805F00F012E2202EB411108446061D9
:10FF0000002070BD2DE9F04104460E46E088401CFB
:10FF100087B2002F04D0206910B1390702D06EE0FB
:10FF2000042099E5401C2061E16831B120688278A5
:10FF3000521E12EA171F06D061E020680089B842FD
:10FF40005DD8042088E5FFF71DFE0546012D01D888
:10FF5000022081E5681C16D02068D0F81610A9424E
:10FF600047D896B1E168FFF72DFF054628000ED06F
:10FF7000012D0ED0681C0ED020680021FFF758FD1F
:10FF800058B1012068E5012066E5042064E50720FA
:10FF900062E5022060E501205EE520684FF4007212
:10FFA0002E300021FFF727FD20682946FFF7DCFDF2
:10FFB0002168C1F82A0000264FF001080FE080F800
:10FFC000048020680021FFF733FD08B1012043E5DC
:10FFD000206850F82A1F491C0160761CF6B2206880
:10FFE0008178B142EBD82168D1F82A10891BC0F87A
:10FFF0002A10E56020682946FFF7B6FD2061E780FA
:020000040803EF
:10000000206807F00F012E2202EB411108446061C5
:10001000002021E50246887ECB7E40EA032012784C
:10002000032A05D10A7D497D42EA012140EA0140C7
:10003000704781760A0AC2760A0C0275090E41756C
:1000400070472DE9F041054600212846FFF710FFD3
:100050000446200000D0FFE400264FF4FA77761C17
:10006000B6B2BE4217D829692868FFF7E1FC0446FA
:100070008CB96869017881B1C17A090704D4A9698A
:100080000B22FFF7C0FC30B100212846FFF73AFFF2
:100090000446002CE3D02046DEE40424FBE710B540
:1000A0000446042015E02068FFF7C2FCA0B962698D
:1000B000117861B1E52904D02E2902D0D17A09073F
:1000C0000AD500212046FFF71DFF10B104E00420EF
:1000D00002E021690029E6D1002801D00021216138
:1000E00010BD70B5054600212846FFF7C1FE044645
:1000F000200011D129692868FFF79AFC04465CB9F1
:1001000068690078E52807D030B101212846FFF75B
:10011000F9FE0446002CEDD0A4B929692868FFF740
:1001200087FC044620000DD16E6920220021304654
:10013000FFF761FCA9690B223046FFF753FC2968E1
:1001400001200871204670BD10B504462046E188A4
:10015000FFF78EFE00280BD121692068FFF768FCAD
:10016000002805D16269E521117022680121117111
:1001700010BD2DE9F05F8B46DBF8007000E07F1CBE
:1001800039782F29FBD05C29F9D0D0F818A00B22A0
:1001900020215046FFF72FFC00252E46A8464FF0A1
:1001A0000809404608F101083C5C202C0BD92F2C93
:1001B00009D05C2C07D02E2C01D04E4516D3B9F1B6
:1001C000080F0AD107E007EB0800CBF80000202C4D
:1001D0002BD804202AE02E2C02D00620BDE8F09F68
:1001E00008264FF00B09A806050EDAE7802C01D38C
:1001F0000620F3E72146F7A0FFF712FC08B106201E
:10020000ECE7A4F14100192802D845F0020507E007
:10021000A4F16100192803D845F00105203CE4B29F
:100220003046761C0AF80040BBE7002026B19AF859
:100230000010E52902D004E00620CFE705218AF866
:100240000010B9F1080F01D1A9060D0E05F0030148
:10025000012901D140F01000C5F38101012901D12C
:1002600040F008008AF80B000020B7E730B501F134
:1002700009020369002B32D040690024035D202B62
:1002800007D0052B00D1E52302F8013B641C082CA4
:10029000F4D3037A202B0BD02E2302F8013B082342
:1002A000C45C202C04D002F8014B5B1C0B2BF7D351
:1002B000C37A0B72037FC47F457F43EA0463847F64
:1002C000240444EA052423430B60037E447E43EA6E
:1002D00004238B80837DC07D43EA0020C8800020FA
:1002E000107030BD73B50446019908782F2801D0ED
:1002F0005C2801D1491C01910025A5600198007876
:10030000202805D200212046FFF7B2FD65617CBDA3
:1003100001A92046FFF72DFF0028F8D12046FFF75E
:1003200090FEA169C97A28B10428F0D14907EED41A
:1003300005207CBD4907FCD46169C87AC00601D498
:1003400005207CBD2068FFF765FEA060E0E710B5E2
:1003500004460A466078012304F12E01FFF7ECFA07
:1003600008B1032010BD94F82C0294F82D1240EA35
:100370000120A0F52A41553901D0022010BD14F802
:10038000640FE178627840EA0161A078643C00047F
:1003900040EA022001439348B0EB012F01D1002035
:1003A00010BD14F8801FE278637841EA0261A278F8
:1003B000120442EA03221143B0EB012F01D10020C5
:1003C00010BD012010BD2DE9F0470E46154601680D
:1003D0000B78303B092B02D84A783A2A05D0002303
:1003E0000027376023B10B2041E4891C0160F7E747
:1003F0007D48046884B13460207820B16078FFF7CC
:1004000099FAC1070AD0384627706070FFF786FA5C
:10041000C1070AD003202AE40C2028E41DB14007BC
:1004200001D50A2023E4002021E41DB1400701D5B5
:100430000A201CE4002631462046FFF788FF0146CB
:10044000012912D104F5F670027972B1017AC27AEB
:1004500041EA0266817A407A090441EA00200643B3
:1004600031462046FFF773FF0146032902D019B138
:100470000D200CE401200AE494F8390094F83A10B5
:1004800040EA0120B0F5007F01D00D20ACE794F8E0
:10049000440094F8451040EA012058B914F8520F6E
:1004A000E178627840EA0160A1780904523C41EAAF
:1004B00002210843C4F81A00814694F83E10E17006
:1004C000012903D0022901D00D208DE7484394F87B
:1004D0003B20A27012B1531E1A4201D00D2083E7B7
:1004E00094F83F1094F8403041EA03232381190720
:1004F00001D00D2078E794F8411094F8425041EA79
:10050000052161B914F84E1FE57894F801C041EA5D
:100510000561A5782D044E3C45EA0C25294394F845
:100520003C5094F83DC045EA0C28B8F1000F07D0C4
:1005300008EB000505EB131C614503D20D2053E7C2
:100540000D2051E7A1EB0C01B1FBF2F149B30125FC
:1005500040F6F672914200D302254FF6F6729142B0
:1005600000D30325891C44F8161F06EB0C022261F8
:1005700006EB0802A260163C032D14D033B31044DE
:10058000C4F82200022D23D001F0010001EB41014B
:1005900000EB510000F2FF10B9EB502F26D20D20D6
:1005A00022E70D2020E70BB10D201DE714F85A0FAC
:1005B000E278637840EA0260A278120442EA0322F9
:1005C000104344F8380C5A3C8800E3E70D200BE751
:1005D0004800DFE7222A2B2C3A3B3C3D3E3F5B5D47
:1005E0007C7F0000004641546C0400604FF0FF30F7
:1005F000C4F80E00C4F80A70032D5CD1677194F83A
:100600005E0094F85F1040EA01208219C4F81220BD
:100610006078012304F12E01FFF78EF9F0BB94F806
:100620002C0294F82D1240EA0120A0F52A415539F8
:1006300041D114F82E0FE178627840EA0160A17888
:100640002E3C090441EA02210843F749884232D18D
:1006500094F8120294F8151294F8132240EA0160FB
:1006600094F81412090441EA02210843EF49884230
:1006700021D194F81A0294F81D1294F81B2240EA32
:10068000016094F81C12090441EA02210843C4F8ED
:100690000A0094F8160294F8191200E00BE040EA00
:1006A000016094F8181294F81722090441EA022113
:1006B0000843C4F80E002570DD490888401C0880F6
:1006C000E080C4F82A70277100208DE610B501681B
:1006D000002905D00A781AB1CA888088824201D0E0
:1006E000092010BD4878FFF725F9C00701D0032085
:1006F00010BD002010BD002801D00B207047CC4A4F
:10070000121D1068002300B1037001B10B7011605D
:10071000002070472DE9F7478BB00746002F0FD018
:100720004FF00008C7F8008002F01F0626F0010213
:1007300004A90CA8FFF747FE0546280003D08EE069
:1007400009200EB050E601A80A9004A80C99FFF702
:10075000C9FD0546099C0DB904B9062516F01C0F04
:100760004DD04DB1042D03D104A8FFF7BAFC0546C6
:1007700046F00806099C08E0E07A10F0110F01D05D
:10078000072502E0700700D50825BDBB300741D51D
:10079000FFF722F9A073010AE173010C2174000E26
:1007A000607484F80B8084F81C8084F81D8084F8C1
:1007B0001E8084F81F8021460498FFF72BFC814699
:1007C00000212046FFF735FC049901200871B9F19A
:1007D000000F1FD00498D0F82AA049460498FFF7CC
:1007E000BAFA0546280015D10498A9F10109C0F804
:1007F0000A9051460498FFF71BF905460AE04DB9E7
:10080000E07AC10601D5042504E0B10702D5C0078E
:1008100000D0072545B9300701D546F020060498D9
:10082000D0F82A00F8613C62CDB9BE712146049827
:10083000FFF7F0FB3861207FE17F627F40EA0160D3
:10084000A17F090441EA02210843F860C7F8088043
:10085000C7F81880049838600498C088B880284683
:100860006FE72DE9F05F04460F46164698460020D4
:10087000C8F800002046FFF729FF002803D1A0791F
:10088000010601D50220A9E4C00708D0E068A168EC
:10089000401A864200D9064604F124099CE007204C
:1008A0009CE4A068C1057FD122689178491E01EAC5
:1008B000502101F0FF0ABAF1000F11D158B161695E
:1008C0001046FFF75FF9022807D2A07940F08000B8
:1008D000A071022082E42069F5E7411C1ED060610E
:1008E00061692068FFF740F9F0B100EB0A0B750A67
:1008F0008DB320680AEB050281788A4201D9A1EB09
:100900000A05EBB240785A463946FFF715F888B128
:10091000A07940F08000A07101205FE4A07940F050
:100920008000A071012059E4A07940F08000A071FE
:10093000022053E4A07940060BD5A069A0EB0B0080
:10094000A84206D207EB40204FF400724946FFF759
:1009500049F86D0236E0FFE7A2695A4522D0A07936
:10096000400610D52068012349464078FEF7F8FF7D
:1009700028B1A07940F08000A07101202EE4A07978
:1009800020F04000A071206801235A464078494673
:10099000FEF7D2FF30B1A07940F08000A0710120B5
:1009A0001CE401E0C4F818B02089C0F30800C0F5C9
:1009B0000075B54200D93546011924312A4638461A
:1009C000FFF710F82F44A0682844A060D8F8000072
:1009D0002844C8F80000761B002E7FF462AF002088
:1009E00007E42DE9F84F04460F46164699460020C5
:1009F000C9F800002046FFF769FEDFF8388020B113
:100A00000121A8F82C10BDE8F88FA079010603D5C4
:100A10000220A8F82C00F6E780070DD40320A8F8E0
:100A20002C000720EFE700005252614172724161D1
:100A30006804006048FA0360E068811900D300266A
:100A400004F124000090C0E0A068C10572D12268C2
:100A50009178491E01EA502101F0FF0ABAF1000F16
:100A60000BD1F0B161691046FFF7ACF9002874D0E2
:100A700001281FD0411C26D06061A07940062FD5E7
:100A80002068A269012340780099FEF769FF18B336
:100A90000620A8F82C00A07940F08000A071012069
:100AA000B1E720690028E1D100211046FFF78AF95B
:100AB0002061DBE70420A8F82C00A07940F080003A
:100AC000A07102209FE70520A8F82C00A07940F033
:100AD0008000A071012096E7A07920F04000A0716D
:100AE00061692068FFF740F8D8B100EB0A0B750A7E
:100AF000A5B320680AEB050281788A4201D9A1EBEF
:100B00000A05EBB240785A463946FEF729FF90B104
:100B10000820A8F82C00A07940F08000A0710120E6
:100B200071E70720A8F82C00A07940F08000A071A0
:100B3000022068E72DE0A069A0EB0B00A8420AD2D2
:100B400007EB40214FF400720098FEF74BFFA079AD
:100B500020F04000A0716D022DE039E0FFE7A069B0
:100B6000584514D0A068E168884210D2206801235B
:100B70005A4640780099FEF7DFFE40B10820A8F8F9
:100B80002C00A07940F08000A07101203BE7C4F860
:100B900018B02089C0F30800C0F50075B54200D92F
:100BA0003546204424302A463946FEF71BFFA079FB
:100BB00040F04000A0712F44A0682844A060D9F8FC
:100BC00000002844C9F80000761B002E7FF43CAFDB
:100BD000A068E168884200D9E060A07940F0200078
:100BE000A0710920A8F82C0000200CE770B504467D
:100BF0002046FFF76BFD00280ED1A1798A060BD5A0
:100C000048060ED52068A2690123407804F124012A
:100C1000FEF7A6FE08B1012070BDA07920F04000CB
:100C2000A071E1692068FEF703FF0028F4D1256A6E
:100C3000E87A40F02000E872207B2877A089000A3B
:100C40006877E068000CA877E068000EE877216913
:100C50002846FFF7EEF9FEF7BFFEA875010AE97511
:100C6000010C2976000E68760020A874E874A0793B
:100C700020F02000A0712168012008712068BDE8E3
:100C80007040FEF711BF10B504462046FFF7AEFFD7
:100C9000002801D10021216010BD2DE9F04104465A
:100CA0000D462046FFF712FD80465FEA080001D09E
:100CB000BDE8F081A079010601D50220F8E7E168DE
:100CC000A94202D2800700D40D46A0680027A76081
:100CD000002D62D0226891784E0268B1691E401ED4
:100CE000B1FBF6F1B0FBF6F3994205D3711E8843D0
:100CF000A0602D1A61690CE0216949B900211046F4
:100D0000FFF760F80146012905D0481C09D0216190
:100D1000616179BB41E0A07940F08000A0710220C0
:100D2000C6E7A07940F08000A0710120C0E7A0795B
:100D3000800706D52068FFF745F8014629B93546F2
:100D400020E02068FEF71EFF0146481C0CD0012958
:100D500004D92068D0F8160088420CD8A07940F059
:100D60008000A0710220A3E7A07940F08000A0716C
:100D700001209DE704E06161A0683044A060AD1BE4
:100D8000B542D4D8A0682844A060E80505D0206802
:100D9000FEF7EAFEC8B100EB55272089C0052DD02B
:100DA000A269BA422AD0A07904F12405400616D5DA
:100DB0002068012329464078FEF7D2FD58B1A0797A
:100DC00040F08000A071012072E7A07940F080001F
:100DD000A07102206CE7A07920F04000A07120688B
:100DE00001233A4640782946FEF7A6FD28B1A079AE
:100DF00040F08000A07101205AE7A761A068E16877
:100E0000884204D9E060A07940F02000A0714046FB
:100E10004EE7F3B583B00546002D0CD000222946DD
:100E200004A8FFF7D0FA04462E6800272CB12F60E3
:100E3000204605B0F0BD0920FBE7C5F818D02846CC
:100E40000499FFF74FFA044694B9696941B1C87A29
:100E5000C00604D53046FFF7DDF8A86000E00524A1
:100E600034B9F088A88000212846FFF701F804462D
:100E7000042C00D10524002CDAD02F60D8E7FEB571
:100E800004460E462046FFF721FC00280DD146B14E
:100E9000C4F818D02046FFF702F90025042805D031
:100EA00006E000212046FEF7E3FFFEBD256100209D
:100EB0000028FAD131462046FFF7D8F90021204614
:100EC000FFF720F80428F0D125610020FEBD33B5DE
:100ED0008BB00D46002204A90BA8FFF774FA044654
:100EE0007CB901A80A9004A80B99FFF7FBF9044606
:100EF0003CB9099820B1294604A8FFF7B7F900E0EA
:100F0000062420460DB030BD2DE9F74F8B46144620
:100F1000002221466846FFF756FA804626685FEAB7
:100F2000080063D1D6F81690D6F80E00A9F1020198
:100F3000884202D8CBF8000058E096F800A00025BF
:100F4000BAF1010F05D0D6F81E7000200024C0B100
:100F500024E0022421463046FEF714FE411C03D053
:100F6000012804D030B106E04FF0010835E04FF021
:100F7000020832E06D1CD6F81600641C8442E9D3E6
:100F80002BE039467F1C3046FEF752FD80465FEA73
:100F9000080022D106F12E044FF40070BAF1020FBE
:100FA0000CD02178E278637841EA0261A2781204D9
:100FB00042EA03221143090109D009E0217862784D
:100FC00051EA022100D16D1CA41C801E02E06D1CA0
:100FD000241D001FB9F10109B9D1C6F80E50BAF1AC
:100FE000030F01D101207071CBF800504046BDE8DD
:100FF000FE8F70B50446002C06D02046FFF766FB36
:101000000546280002D009E0092070BDA07901063C
:1010100001D5022502E0800700D40725ADBBE168B9
:10102000A06881422CD9E060A17941F02001A17132
:1010300038B161692068FEF7A5FD0646701C08D02E
:1010400008E021692068FEF786FE05460020206141
:1010500016E00125012E00D102258DB92068D0F8B7
:101060001610B1420CD961696FF07042FEF7F3FDC2
:101070000546280004D120683146FEF76CFE05467F
:101080001DB1A07940F08000A071284670BD71B5F7
:1010900091B001220AA911A8FFF795F90446E4BB13
:1010A000CDF840D00AA81199FFF71CF90446A4BB5B
:1010B0000F9E56B1F07AC00700D0072431460A9837
:1010C000FEF7A8FF054614B11DE00624F6E7F07A06
:1010D000C00618D5022D01D2022414E01C220AA950
:1010E00003A8FEF77FFC0595022103A8FEF7C0FECA
:1010F000044644B903A8FEF7D2FF044604B9072406
:10110000042C00D1002444B90AA8FFF71DF80446B6
:101110001CB935B129460A9800E007E0FEF71BFE2E
:1011200004461CB90A98FEF7BFFC044612B02046DC
:1011300070BD2DE9F14F8CB0FEF74EFC0646012242
:1011400004A90CA8FFF73FF9044620007ED101A8AE
:101150000A9004A80C99FFF7C5F80446200000D1B6
:101160000824042C72D100210498FEF72BFE80463F
:101170000024B8F1000F00D10724B8F1010F00D10D
:101180000224B8F1FF3F00D1012424B900210498C2
:10119000FEF74EFC04464FF0100A4FF00109D4BB95
:1011A00041460498FEF7E0FC8346049D2E354FF43B
:1011B000007200212846FEF71EFC0B222021284643
:1011C000FEF719FC2E272F7085F80BA0AE75300A9C
:1011D000E875300C2876300E687641462846FEF7D2
:1011E00028FF05F12000202229460B90FEF7FAFB8C
:1011F00085F82170069904980078032805D1049891
:10120000D0F82200884200D100210B98FEF711FF90
:101210000498877817E018E00498C0F82AB00BF11A
:10122000010B049880F8049000210498FEF700FC5C
:101230000446200009D14FF4007200212846FEF731
:10124000DAFB7F1EFFB2002FE6D100E01EE01CB9E2
:1012500004A8FEF746FF044624B141460498FEF771
:101260007AFD13E0099880F80BA08675310AC175E4
:10127000310C0176310E41764146FEF7DAFE0498D4
:1012800080F804900498FEF70FFC04460DB0204649
:10129000BDE8F08F37B58AB00C461546012203A988
:1012A0000AA8FFF790F8002816D1CDF824D003A89B
:1012B0000A99FFF717F800280ED1089868B105F0D1
:1012C0002702C17A144091430C43C4720399012050
:1012D00008710398FEF7E8FB14E6062012E613B542
:1012E0008AB00C46012203A90AA8FFF76CF800286F
:1012F00019D1CDF824D003A80A99FEF7F3FF0028EE
:1013000011D1089888B1A1798175E188090AC17560
:1013100021790176A188090A417603990120087193
:101320000398FEF7C1FB0CB010BD0620FBE773B5B8
:1013300098B00D46012211A918A8FFF744F80446F9
:10134000002C72D111980A9001A8179011A8189931
:10135000FEF7C8FF0446002C67D1169888B116998D
:1013600015220B3104A8FEF73DFB1C2211A90AA887
:10137000FEF738FB29460AA8FEF7B4FF044614B16D
:1013800002E0042451E00824042C4ED10AA8FEF700
:10139000A8FE0446CCBB0F9D13220DF1120105F1EE
:1013A0000D00FEF71FFB9DF8100040F02000E872D2
:1013B0001198012606710C99139888422BD0E87A6F
:1013C000C00628D529461198FEF724FE014611983B
:1013D000FEF7CAFB014639B11198FEF729FB044616
:1013E00011984E3014B116E0022414E041782E29F1
:1013F00011D111990978032908D1119A0C99D2F8C1
:101400002220914202D1002101E00EE00C99FEF76A
:1014100010FE1198067144B911A8FEF795FE044616
:101420001CB91198FEF740FB04461AB0204670BD67
:101430002DE9F74F88B01546002802D00B200BB0DD
:1014400026E70998012801D91320F8E7681E05420C
:1014500001D01320F3E7FA48046844B1002020705B
:101460000490FEF75BFAC10703D00320E7E70C20E6
:10147000E5E7400701D50A20E1E76A460121049823
:10148000FEF790FA10B90098802801D20120D6E723
:10149000099911B14FF0000801E04FF03F08A0EBAF
:1014A000080100917DB94FF4FA60B1FBF0F2002021
:1014B000E44B00E0401C33F810509542FAD8E14A62
:1014C000163232F810504FEA5529B9F1000F01D108
:1014D0004FF00109B9F1800F01D94FF08009B1FB3C
:1014E000F9F0012640F6F672904200D302264FF63C
:1014F000F672904200D30326032E17D0012E1ED081
:101500004000001D00F2FF10470A01254FF0200A9D
:1015100008EB050B0BEB0700504401900198484481
:10152000A0EB0800884210D90E2088E740F207227D
:1015300002EB8000470A20254FF0000AE8E700EBA5
:101540004000401C4008C01CDCE702AA03210498AC
:10155000FEF728FA20B9029810B1B0F5004F01D972
:1015600001200290DDE901100144491E401E814323
:101570000198081A0290032E0BD007440098411BD3
:10158000C91BA1EB0A01B1FBF9F10391022E03D0B3
:1015900007E005448344F1E7039940F6F67291426F
:1015A00006D3032E06D103994FF6F672914201D26B
:1015B0000E2044E7012E08D0022E09D00C20059001
:1015C000099868B1F020069047E001200590F7E700
:1015D000B0F5803F01D2042000E006200590EFE73F
:1015E00004F12E004FF4007200210790FEF703FA79
:1015F00004F5F6700121417081700022C2700599D6
:101600000171FE214171009943F6C1634144B1FB70
:10161000F3F102913F2343EA910C80F806C0C171B7
:10162000037242728272C272009901730A0A427393
:101630000A0C8273090EC173552084F82C02AA206B
:1016400084F82D020123002207990498FEF788F9F7
:1016500008B10120F3E6F82006902E344FF4007212
:1016600000212046FEF7C7F90B2277A12046FEF79E
:10167000B9F90021E1720220207384F80D90A5735E
:10168000280AE07301202074032E0BD040026074FE
:10169000000AA0740098B0F5803F05D2E074000AFB
:1016A00020750AE00020F2E704F8200F020A6270B9
:1016B000020CA270000EE070203C069860753F207E
:1016C000207600206076FF21A176E07684F81C80E9
:1016D0004FEA182060774FEA1840A0774FEA186069
:1016E000E077FEF779F9029080222921032E22D09B
:1016F00016346074030AA374030CE374000E20759F
:101700002770380A6070A2732174163C132251A10D
:1017100004F12B00FEF766F9552084F8FE01AA209B
:1017200084F8FF010123424621460498FEF718F988
:1017300048B3012083E62434E077030A84F820309C
:10174000030C84F82130000E84F822002770380A38
:101750006070380CA070380EE070022020720020FB
:101760006072A072E0720123237360730623A37377
:10177000E0732277A177243C13223BA104F14700B8
:10178000FEF730F9C8E7032E06D1012308F106025F
:1017900021460498FEF7E4F85D464FF0000B4FF445
:1017A000007200212046FEF726F906980290032ECB
:1017B00012D0012E0ED06FF0FF0101430291217073
:1017C0000298000A60700298000CA0700298000E47
:1017D000E07018E02949F0E760F0FF000290207007
:1017E0000298000A60700298000CA0700298000E27
:1017F000E070FF2020716071A071E0712072607252
:10180000A0720F20E0722A466D1C01232146049825
:10181000FEF7A6F808B1012011E64FF4007200218E
:101820002046FEF7E8F8012002902CE02A466D1CC5
:10183000012321460498FEF793F808B30120FEE542
:101840006C0400604E1D0408EBFE904D53444F5352
:10185000352E30004E4F204E414D45202020204651
:1018600041542020202020004E4F204E414D452045
:1018700020202046415433322020200000FFFF006A
:101880000298401C02900298B842CFD30BF1010B92
:10189000BBF1000F83D0032E00D0D1462A466D1C29
:1018A000012321460498FEF75BF808B10120C6E544
:1018B000B9F10109F2D1032E3AD1522020706070A3
:1018C0006120A0704121E170722284F8E42184F843
:1018D000E52184F8E61184F8E7010398401E84F8B6
:1018E000E801010A84F8E911010C84F8EA11000EFC
:1018F00084F8EB01022084F8EC01002084F8ED016B
:1019000084F8EE0184F8EF01552084F8FE01AA2046
:1019100084F8FF01012308F1010221460498FEF733
:101920001FF8012308F1070221460498FEF718F872
:10193000002211460498FEF735F808B101207EE533
:1019400000207CE5D8F714BE10B50C46D8F712FE7F
:101950002070012010BD10B50C460221D8F75FFEA3
:101960002080012010BD10B5C9B2D8F724FE012097
:1019700010BDDBF777BE80B2DBF793BED8F7A6BE0B
:1019800030B5B7483221017030214170B54A0A2183
:101990009379B3FBF1F430348470B3FBF1F401FBC1
:1019A00014333033C3702D2505715379B3FBF1F433
:1019B00030344471B3FBF1F401FB143330338371E1
:1019C000C571D378B3FBF1F430340472B3FBF1F496
:1019D00001FB143330334372202383729378B3FBBB
:1019E000F1F43034C472B3FBF1F401FB143330333F
:1019F00003733A2444735378B3FBF1F530358573A0
:101A0000B3FBF1F501FB15333033C3730474127863
:101A1000B2FBF1F330334374B2FBF1F301FB13215A
:101A20003031817430BD2DE9F05F4FF496614FF491
:101A30006163DFF834E24A008C005D00CE000F01E4
:101A4000DFF828B24FF4164C4FF461484FF4963942
:101A50004FF4E13A022819D078B3012874D18448B0
:101A600090F8230004286FD007286DD00C286BD085
:101A7000082869D07F4800780C2865D2DFE800F09C
:101A8000B1B6BBC0C5CACFD4DEE3E8D99BF802002B
:101A900001280BD0784800780C2855D2DFE800F0F8
:101AA0000E13181D22272C313B4045369EF80200AC
:101AB0004FF0000E8BF802E0EEE73CE0BDE8F05F8F
:101AC0000846DBF7BDBCBDE8F05F1046DBF7B8BCED
:101AD000BDE8F05F1846DBF7B3BC2046BDE8F05F19
:101AE000DBF7AEBC2846BDE8F05FDBF7A9BC3046AB
:101AF000BDE8F05FDBF7A4BC3846BDE8F05FDBF77C
:101B00009FBC6046BDE8F05FDBF79ABC4046BDE88D
:101B1000F05FDBF795BC4846BDE8F05FDBF790BCB3
:101B20005046BDE8F05FDBF78BBCBDE8F05F4FF4DB
:101B30006120DBF785BC9BF8000001280DD04F48E1
:101B400000780C2800D200E088E0DFE800F00D12F9
:101B5000171C21262B303A3F44359EF800004FF0E9
:101B6000000E8BF800E0ECE7BDE8F05F0846DBF71D
:101B7000DBBBBDE8F05F1046DBF7D6BBBDE8F05F2E
:101B80001846DBF7D1BB2046BDE8F05FDBF7CCBBE6
:101B90002846BDE8F05FDBF7C7BB3046BDE8F05F25
:101BA000DBF7C2BB3846BDE8F05FDBF7BDBB604684
:101BB000BDE8F05FDBF7B8BB4046BDE8F05FDBF7A0
:101BC000B3BB4846BDE8F05FDBF7AEBB5046BDE8AF
:101BD000F05FDBF7A9BBBDE8F05F4FF46120DBF7F6
:101BE000A3BBBDE8F05F0846DBF7B3BCBDE8F05F20
:101BF0001046DBF7AEBCBDE8F05F1846DBF7A9BCCA
:101C00002046BDE8F05FDBF7A4BC2846BDE8F05FE6
:101C1000DBF79FBC3046BDE8F05FDBF79ABC384687
:101C2000BDE8F05FDBF795BC6046BDE8F05FDBF731
:101C300090BC4046BDE8F05FDBF78BBC4846BDE892
:101C4000F05FDBF786BC5046BDE8F05FDBF781BC98
:101C5000BDE8F05F4FF46120DBF77BBCBDE8F09F8F
:101C6000CE680460E0170060B4030060B703006052
:101C70007EEB036050030060510300604F0300607F
:101C8000FD4A107800280DD0FC490879401CC0B2EC
:101C90000871052806D9002010700871F849888E4F
:101CA000401C8886704710B5002464230022F5A1EB
:101CB000F5A001F09EF808B1022010BDD6F7D9FFBB
:101CC000641CE4B20A2CF0D301D0012010BD002026
:101CD00010BD70B5ED484FF4FA6490F82310072951
:101CE00013D0082911D00C290FD0E94E4FF480559C
:101CF00029463046D6F745FF2046DBF7D2FC294679
:101D00003046BDE87040D6F73ABFE24E4FF400755A
:101D100029463046D6F735FF2046DBF7C2FC294678
:101D20003046BDE87040D6F72ABF08B5D74890F8CE
:101D30002300072810D008280ED00C280CD0012131
:101D40000802D7F7B8F84FF48050ADF800006946A4
:101D5000CF48D6F7AAFE08BD01211020D7F7ABF86F
:101D60004FF40070ADF800006946CA48D6F79DFEF2
:101D700008BD70B5C84D40F225512846D8F788F9FE
:101D8000C64CB8B12846D8F71CF9C2B2B4F8000462
:101D900040F2FF31C0F30E0088420BD2B4F80004C9
:101DA000B4F80034C0F30E01481C60F30E03A4F82D
:101DB0000034625440F224412846D8F769F90128DA
:101DC0000AD194F8010440F0800084F80104284608
:101DD000BDE87040D8F7F5B870BD70B50C46B0A13D
:101DE0000DF0F4FA20B181792C2903D0002070BDC8
:101DF000002070BD017A3A2910D1C279303A092AFF
:101E00000CD892B2002105E043185B7A04F8013B3C
:101E1000491C89B29142F7D3104670BD427A6FF0E7
:101E20002F053A2A03D0837A3A2B1AD03EE0C279A2
:101E3000303A092A3AD8302938D3392936D802EB32
:101E4000820205EB420211448AB2002105E04318E8
:101E50009B7A04F8013B491C89B29142F7D31046A2
:101E600070BDC379303B092B20D830291ED33929C6
:101E70001CD8302A1AD3392A18D803EBC3063039B4
:101E800006EB031301EB810102EB830205EB410139
:101E900011448AB2002105E04318DB7A04F8013BC3
:101EA000491C89B29142F7D3104670BD002070BD25
:101EB00070B500247C4D4FF47A7601F029F9A870B2
:101EC000401E032808D33046DBF7EBFBD6F7D1FEE4
:101ED000641CE4B20A2CF0D3A878032808D1BDE82A
:101EE00070404FF4FA73002266A170A000F081BF29
:101EF00070BD4FF4FA73002262A170A000F079BFA8
:101F00002DE9F0475D4E00257571674FB8780128BF
:101F100064D03878022861D050B1B5714FF4FA73AB
:101F2000002258A168A000F064FFC820DBF7B9FBCD
:101F300078784FF480684FF47A79012825D100240D
:101F400000F0E7FF4846DBF7ACFB0FE0002001F0B4
:101F50007FFE0146424660480DF014FA49A14F4801
:101F60000DF034FA38B94846DBF79BFB2046641C79
:101F7000E4B20528EAD34B4658A242A159A000F08A
:101F800038FFC820DBF78DFB75713878012822D126
:101F9000002000F087FFC820DBF783FB00244249C4
:101FA0004A31A1F1400000F093FF0FE0002001F062
:101FB0004FFE0146424648480DF0E4F931A137484A
:101FC0000DF004FA38B94846DBF76BFB2046641C79
:101FD000E4B20528EAD3BDE8F04769E7BDE8F08739
:101FE00010B5264CE079012805D1FFF789FFF2F7FB
:101FF000F2FB0020E07110BD10B58CB00121022071
:10200000D6F750FF394C2046D6F714FC4FF4167023
:1020100004901020039000210B91354A0292089100
:1020200080220692202009901B48001D01900791F4
:10203000059180140A9001A92046D6F768FC0CB0DF
:1020400010BD8EB0142009900C4F0025BD71FD719C
:1020500015490420C871FD70B1F803004FF6FF72F6
:10206000002801D0904203D14FF4FB70A1F8030087
:10207000B1F80500F0B33EE0580100607004006064
:1020800048FA03604F4B0000415400007EEB0360B0
:102090000020014000100140004C00400278046024
:1020A0002B49504400000000E26C046041542B4373
:1020B0004950434C4F53453D3500000041542B528D
:1020C0004553544F5245000041542B435753544FEE
:1020D00050534D4152540000E268046072656164DF
:1020E0007900000041542B52535400005804024020
:1020F000AA75046001E0904203D14BF6C020A1F81C
:1021000005008A46B1F803000A2206A900F054FD32
:1021100000F002FEFFF709FEFFF76EFFFE4890F8A1
:10212000230007281FD008281DD00C281BD04FF4EF
:102130008051FA48D6F723FD4FF4FA642046DBF7C6
:10214000B0FAFFF7C6FD2046DBF7ABFAFFF7ABFDB1
:1021500008900898F2494FF001090D91022808D023
:102160008AF802905CE04FF40071EE48D6F707FD64
:10217000E2E704A9DF20FFF7E7FB9DF81000442801
:1021800043D018208DF81100FE208DF81200E24A8D
:10219000107828B9517819B9917809B9D17899B3DB
:1021A000FF2808D15178FF2905D19178FF2902D164
:1021B000D178FF292CD0D178102903D210318DF895
:1021C000131001E08DF813109178102903D210310B
:1021D0008DF8141001E08DF814105178102903D2F5
:1021E00010318DF8151001E08DF81510102803D26C
:1021F00010308DF8160001E08DF816000DF1110079
:1022000001F0F4F887F8039002E00D9801F0A0F8CF
:1022100005218AF80210002000F044FEFFF770FE4E
:10222000DFF804B3C1480C900520DBF73AFA0898B0
:1022300002280AD1F878012807D10D9801F088F812
:10224000FD704421DF20FFF78EFBD6F712FD0898C2
:102250000228E9D13878142802D93D70FFF739FDFA
:102260009AF80200022859D0012857D09AF80100A4
:1022700038B98AF86A508AF86B508AF86C508AF834
:102280006D50B87950B94FF47A730022AFF20C2137
:10229000A7A000F0AEFD08B187F80690B879C8B3E2
:1022A000002400F035FF8AF802006420DBF7F9F91A
:1022B000D6F7DFFC9AF80200032804D92046641CF4
:1022C000A4B2C828EDD3C82C05D3FFF719FE38787F
:1022D000401C3870A8E78AF80050914840216C38BB
:1022E0000DF069F88E4820212C380DF064F89448E0
:1022F00080F81890ECF7B3FA4FF4FA730022AFF2BB
:102300007C21AFF23C2000F074FD6420DBF7C9F9BA
:10231000FFF7F6FDC820DBF7C4F985E73D70787953
:1023200038B34FF48064214686480DF044F82146C6
:102330007D480DF040F8002001F08AFC014622465D
:1023400079480DF01FF89BF807003038C6B27D4978
:102350007548FFF742FD0446002C73D0B01E0228DA
:1023600071D8DFF8E0E19EF800000B901C286CD0DB
:102370006DE06B4928220C390D9801F0C5F868B161
:102380009AF86A0040B99AF86B0028B99AF86C007C
:1023900010B99AF86D00E0B187F80590002001F0BF
:1023A000F9F94FF4FA7423460022AFF2283166A0FF
:1023B00000F01FFD012000F016FED6F75AFC234660
:1023C0000022AFF24031AFF21C3000F012FD0024C9
:1023D00003E07D71E2E7D6F74CFC0095BAF80510F2
:1023E00002230A465CA000F046FE20B92046641C89
:1023F000A4B20528EFD3002440F2D24601E0D6F77C
:1024000038FC314602230A4653A0CDF8009000F074
:1024100032FE20B92046641CA4B20528EFD3002464
:1024200001E0D6F726FC09AA06A9012000F04FFE1C
:1024300000287FF44FAF2046641CA4B20528BFF4E7
:1024400049AFEEE7F1E0F1E0FFE7302C03D00B9865
:10245000EE2806D01BE0002221463A48DEF719FD9F
:10246000DBE29EF80100102811D19EF8020070B93D
:102470009EF8030058B99EF8040040B99EF8050084
:1024800028B99EF8060010B99EF8070040B1224E08
:102490009EF806103079814209D0FF2903D018E058
:1024A000F2F78CF9B9E29EF80700192811D02549F6
:1024B0000520F3F7B6F97A8942B19BF807002A495B
:1024C0003038C3B2002001F058FB7D81FFF788FD52
:1024D000A3E29EF8060000283FF4FCAE9EF8070039
:1024E000032811D006280FD010280DD019280BD0A2
:1024F000012809D0022807D0042805D0052803D0D8
:102500000F2801D0182894D1102804D19EF80C006F
:10251000201A0D288DD129E07EEB036000200140B8
:10252000586D046000100140E2680460B821016049
:1025300041542B43575354415254534D415254002C
:1025400070540360AA71046041542B4349504D4FAD
:1025500044453D30000000003235352E3235352EF1
:102560003235352E32353500B66F046096F82A00C4
:10257000072815D096F82800072815D096F82900C6
:102580000728C0D186F824900020DFF8F8E3FA4A43
:10259000FA4B9EF800E0DFF8E8C3CDF828E01EE033
:1025A000022086F82400EFE786F82450ECE712F8C2
:1025B00000E0714504D14FF0020E86F824E00CE0F3
:1025C00013F800E0714502D186F8245005E01CF8AC
:1025D00000E0714501D186F82490401CC0B2DDF8BE
:1025E00028E07045E3D3E848032241780B9841EA9C
:1025F0000021E548C07A02EB400204A8DCF72CFD7C
:10260000E148A41F96F82420A1B204AB801DF1F785
:1026100019FB7A89002A08D09BF80700DB4930387B
:10262000C3B2002001F0A9FA7D81F6E116B1012EB6
:102630007CD0F2E1B878E8BB87F80290002322460C
:10264000D14901A8CDF8009005F0ECFB0246501EE0
:10265000B0F5FF7F67D80123CB4901A806F027FF1B
:10266000CB48007838B30024CA4E02E03220DBF7B2
:1026700018F8307820B92046641CE4B20A28F5D353
:102680003178C1B1C2490D700024C34E16E09BF8E9
:10269000071040F22D123039CBB204FB02F106EBE9
:1026A00041010020B1F8582201F067FA0120DAF761
:1026B000F8FF01E037E007E0641CE4B2B5490978AF
:1026C0008C42E4D3B34805703A8942B19BF80700C5
:1026D000B2493038C3B2002001F04FFA3D81B04812
:1026E000017801B3002418E040F22D1004FB00F142
:1026F000AC4800EB4106B6F8580260B10120DAF7A9
:10270000D0FF9BF80700B6F858223038C3B23146E4
:10271000002001F032FA641CE4B2A148007884423F
:10272000E2D39F480570BD7077E1FFE796490878CE
:1027300064287DD19C4880F8009000209AF86A6057
:102740009AF86BC09AF86C209AF86DE0C4F385048F
:1027500012E08D4901EB80014B78B3420AD18B78AE
:10276000634507D1CB78934204D10979714501D1F2
:102770008D490D70401CC0B2A042EAD38A4800784F
:10278000002855D00020DCF733FE884CA577E5778C
:1027900084F8205084F821509AF86A0020829AF830
:1027A0006B0060829AF86C00A0829AF86D00E0825B
:1027B00014227F490C980CF0E5FD7E48007840F02B
:1027C000020084F83E009BF8070043223038C3B271
:1027D0002146002001F0D1F900264DE0764BC6EBF2
:1027E000C60000EB030C9CF80610DC290DD21A5C25
:1027F000DFF8C8E10EEBD20E02F007029EF800E00F
:1028000009FA02F21EEA020F34D0232932D0DCF892
:102810000120A280C2F3072CA4F806C0C2F3074C23
:10282000A4F808C0120E6281A181185CE08100E06A
:10283000F3E063480178A1774178E177817884F803
:102840002010C07884F821005E48142200EB0611A5
:102850000C980CF097FD5748007840F0020084F87F
:102860003E009BF8070043223038C3B24F49002096
:1028700001F083F9761CF6B2424800788642ADD367
:1028800000262EE006EB86004F4B00EBC600C11879
:102890000822A281185CE08149480278A277427838
:1028A000E277827884F82020C07884F82100D1F87B
:1028B0000500A080010AE180010C2181000E6081E9
:1028C0003C48007840F0020084F83E009BF8070086
:1028D00043223038C3B23549002001F04EF9761C4E
:1028E000F6B23A4800788642CCD3002690E02B20FE
:1028F00006FB00F136480144887CE0BB0868A080F4
:10290000020AE280030C2381020E62818A7AA2818C
:102910004A7AE2812A4A92F800C084F81EC092F8EE
:1029200001C084F81FC092F802C084F820C0D27899
:1029300084F82120C0F3072242EA00226284097948
:1029400084F82410190241EA1060A4F83900142117
:1029500001A80CF030FD4D208DF8040053208DF8B7
:10296000050054208DF8060050208DF807003A200D
:102970008DF808002EE049E006A503600AA3036075
:1029800008A40360D4020060AA710460B66F0460FA
:102990004202006058010060824701605E6D046081
:1029A00021010060362F0160F0000060932101607A
:1029B000801703604D03006046D003607ED903603A
:1029C0007EEB036058BD036095E20360F90200608E
:1029D000543A03608DF81750142201A90C980CF09A
:1029E000D1FC0C2084F83F006348007840F00200DE
:1029F00084F83E000120DAF754FE9BF807004322DA
:102A00003038C3B25D49002001F0B7F8761CF6B249
:102A10005B4800788642FFF46AAF6420B8FBF0F1AF
:102A200000FB118098B9D6F724F94FF47A70DAF7E1
:102A300038FE00F0F5FCF8B102208AF802007D7043
:102A40007878032803D98AF802907D717D7040461A
:102A500008F101081FFA88F8B0F5967F7FF63AACC6
:102A60004FF00008D6F705F9012000F093FE022888
:102A70007FF430AC7D712DE47878401C7870DFE70E
:102A80001CB540490023CDE900014FF47A723EA104
:102A9000AFF65120D9F7BDF91CBD70B504463D4DC8
:102AA000012280212846D7F754FA21463A4C204685
:102AB000D5F76AFF01212046D5F753FF374E304640
:102AC000D5F767FF0028FAD03046D5F770FF002110
:102AD0002046D5F746FF2846BDE8704000228021F9
:102AE000D7F737BA10B50C46014622462C480CF0F1
:102AF00049FC2046FFF7D1FF10BD70B58CB02948C6
:102B0000002505700024022601E0D6F7B2F87B22EA
:102B10000223114624A0009600F0ADFA20B9204609
:102B2000641CE4B20528F0D33022DB208DF80000CD
:102B30008DF8015004208DF80200FA208DF8030072
:102B40008DF8045001208DF805008DF806508DF8A1
:102B500007508DF808508DF809000A20694602E0F8
:102B60000D54401CC0B29042FAD3022369460020A3
:102B700001F003F80CB070BD4D03006093210160BB
:102B8000590200607C040060574946495F746173D4
:102B90006B000000004C004058040240000002108E
:102BA000AA7504606E0100603137362E3232312E44
:102BB00034322E3132350000F0B503460025084688
:102BC00000260A2A01D00670F0BD002B1DD005DAC0
:102BD0004FF02D0200F8012BC3F1000342F21072F6
:102BE0004FF00A0793FBF2F454EA050C06D004F107
:102BF000300500F8015B04FB1233012592FBF7F26C
:102C0000002AEFDC06700846F0BD302202704670E4
:102C10000846F0BD0FB430B585B005460AA800904F
:102C20000EE05C2914D025292CD0521C284609928C
:102C3000D7F7C3F980212846D7F720FA0028F9D022
:102C4000099A11780029ECD105B030BC5DF814FB6D
:102C5000521C099210786E280CD0722802D0521C97
:102C60000992E7E70D212846D7F7A7F90998401CF4
:102C70000990DFE70A212846D7F79FF90998401CF9
:102C80000990D7E7521C09921078642819D073284C
:102C900002D0521C0992CDE7009810C8009009E0BC
:102CA0002846D7F78AF980212846D7F7E7F9002880
:102CB000F9D0641C21780029F2D10998401C0990B0
:102CC000B8E7009808C800900A2201A91846FFF743
:102CD00073FF01AC09E02846D7F76FF98021284639
:102CE000D7F7CCF90028F9D0641C21780029F2D15B
:102CF0000998401C09909DE708B534208DF8000024
:102D000000208DF801008DF8020001208DF80300ED
:102D10006846D5F7A0FB08BD10B586B00121C804F0
:102D2000D6F7D2F801211020D6F7C5F84FF480600D
:102D3000ADF8140018208DF8170003208DF8160048
:102D4000FC4C05A92046D5F7B0FEE114ADF81410EF
:102D500004218DF8171005A92046D5F7A6FE4FF4DB
:102D6000E13001900020ADF80800ADF80A00ADF8A0
:102D70000C00ADF810000C20ADF80E00EE4C01A9CF
:102D80002046D7F751F8012240F225512046D7F7C7
:102D9000C8F8012240F224412046D7F7C2F8FFF7D5
:102DA000ABFF01212046D7F7B2F806B010BD08B539
:102DB00010208DF8030003208DF802000121080285
:102DC000D6F779F84FF48050ADF800006946DB483B
:102DD000D5F76BFE08BD10B5FFF7E9FFFFF79CFFC5
:102DE000FFF70AF9BDE810404FF48051D348D5F7FA
:102DF000C6BE2DE9F0410D4690461E460246D0A1C2
:102E0000CD48FFF707FF55EA080012D0CE4FB7F8BC
:102E100000046FF30E00A7F8000497F8010420F0F7
:102E2000800087F8010400243220B6FBF0F086B25F
:102E300007E00120BDE8F0813220DAF732FCD5F757
:102E400018FF97F80104000604D42046641CA4B2BD
:102E5000B042F1D3B7F800140020C1F30E0178544A
:102E60007DB1B8F1000F0CD02946B7480CF0AEFA8E
:102E700028B94146B4480CF0A9FA0028DAD001205C
:102E8000D8E73DB12946B0480CF0A0FA0028D1D0CF
:102E90000120CFE74146AC480CF098FA0028C9D091
:102EA0000120C7E740F6C413002805D0012807D049
:102EB000022809D000207047A4A2A7A1A7A098E7E4
:102EC000A2A2A5A1A8A094E7A0A2A3A1A9A090E76F
:102ED00000B59FB00B460246A9A101A80DF02CFD3C
:102EE00041F2883300229CA101A8FFF782FF1FB0A6
:102EF00000BD00B59FB00B460246A6A101A80DF08B
:102F00001BFD41F28833002293A101A8FFF771FF56
:102F1000EDE72DE9F041CEB0642135A80CF04BFA75
:102F20000024A24D13AE281906EB840190F86A0024
:102F30000A22FFF741FE641CE4B2042CF3D3002400
:102F40000FAF281907EB840190F86E000A22FFF7F3
:102F500033FE641CE4B2042CF3D300240DF12C08DE
:102F6000281908EB840190F872000A22FFF724FE6A
:102F7000641CE4B2042CF3D312A811A9CDE9081003
:102F800010AACDE906720EA80DA9CDE9041016A865
:102F900015A90CAACDE90010CDE90282331D13AAB0
:102FA00083A135A80DF0C8FC35AA8CA117A80DF097
:102FB000C3FC4FF47A63002267A117A8FFF719FF3B
:102FC0004EB037E700B59FB00B460092024688A18D
:102FD00001A80DF0B1FC4FF47A7300225EA101A8A4
:102FE000FFF707FF83E700B585B0002801D0012275
:102FF00000E0002284A168460DF09EFC4FF4FA73B5
:10300000002255A16846FFF7F4FE05B000BDF0B5FB
:10301000B9B004460F4615461E46642120A80CF0A0
:10302000CAF914B1012C0FD107E03B467AA27BA16B
:1030300020A800950DF080FC06E03B467BA277A11E
:1030400020A800950DF078FC052E06D220AB324664
:1030500077A102A80DF070FC04E020AA79A102A8D3
:103060000DF06AFC4FF47A637AA23BA102A8FFF745
:10307000C0FE39B0F0BD2DE9F041BAB08046409FA6
:103080000E4615461C46642121A80CF094F9CDE9A2
:103090000065434665A273A121A802940DF04CFC83
:1030A000052F06D221AB3A4661A103A80DF044FCDE
:1030B00004E021AA63A103A80DF03EFC4FF47A635B
:1030C00064A225A103A8FFF794FE3AB0B2E610B5BA
:1030D0009EB04FF4FA7400280DD00B46012266A171
:1030E00068460DF029FC234600221BA16846FFF725
:1030F00080FE1EB010BD0B4600225FA168460DF099
:103100001BFC2346002214A16846FFF772FEF0E77D
:1031100010B54FF4FA7300220FA15CA0FFF769FE0F
:1031200030B15EA108480CF051F910B1022010BD79
:10313000CFE0B9E000100140004C00400020014009
:1031400025730D0A00000000027804606E6F206392
:1031500068616E67650000004F4B000041542B43CF
:10316000574D4F44453D310041542B43574D4F443B
:10317000453D320041542B43574D4F44453D3300AC
:1031800041542B43574A41503D222573222C22257E
:103190007322000041542B43574A41505F44454637
:1031A0003D222573222C222573220000E26C04604C
:1031B0002225732E25732E25732E2573222C22256E
:1031C000732E25732E25732E2573222C2225732E04
:1031D00025732E25732E25732200000041542B43A6
:1031E00049505354415F4445463D2573000000005B
:1031F00041542B43575341503D222573222C222505
:1032000073222C312C25640041542B4349504D55D9
:10321000583D2564000000005443500022257322CD
:103220002C222573222C25730000000055445000E9
:1032300041542B43495053544152543D25642C254D
:103240007300000041542B43495053544152543DA4
:1032500025730000414C5245415920434F4E4E4585
:1032600043540000222573222C222573222C25642E
:103270002C25642C2564000041542B4349505345B0
:10328000525645523D25642C2573000041542B4372
:103290004950535441545553000000005354415475
:1032A00055533A320D0A0000FBA1FE480CF08EF88F
:1032B00008B103203BE7FCA1FA480CF087F808B1FD
:1032C000042034E7FBA1F7480CF080F808B1052092
:1032D0002DE706202BE710B500244FF4FA730022E7
:1032E000AFF28C11AFF25C00FFF783FD00282DD008
:1032F000F3A1EC480CF06AF800B10124F4A1E9480C
:103300000CF064F810B144F0020401E024F002046F
:10331000F3A1E4480CF05AF810B144F0040401E0C1
:1033200024F00404F2A1DF480CF050F810B144F08E
:10333000080401E024F00804F1A1DA480CF046F892
:1033400010B144F0100401E024F010042046EEE631
:103350002DE9FC410646C8230022AFF20421ECA06F
:10336000FFF747FD00250024EDA1CE480CF02EF814
:1033700018B10B3000226F4602E00020BDE8FC814E
:10338000815C3A2902D0052D0DD00EE0022C06D129
:103390009DF801109DF8003001EB031171556D1C73
:1033A000EDB2002413E0222915D0A1F13003092B3E
:1033B00004D82146641CE4B27B5408E0A1F1610307
:1033C000052B04D857392346641CE4B2F954521C27
:1033D000D2B2282AD4D3022C06D19DF801009DF840
:1033E000001000EB011070550120C7E710B592B036
:1033F00041790279C3788478CDE90221CDE900438F
:1034000043780278CAA105A80DF096FA4FF47A73B2
:103410000022AFF2BC2105A8FFF7EBFC12B086E654
:10342000F8B54FF4FA730022AFF2D421CAA0FFF727
:10343000E0FC0024CCA19B480BF0C8FF18B10C3075
:103440000021CC4D08E0CCA196480BF0BFFF08B19D
:103450000220F8BD0020F8BD425C222A0CD0234691
:103460002B44641CE4B29A72491CC9B23C29F3D3C0
:1034700028B11530002104E00844401CF8E7002082
:10348000F8BD425C2C2A1CD0491CC9B20529F8D3CE
:10349000002100226C46835C63B12D2B14D0303B9D
:1034A000092B03D80E46491CC9B2A355521CD2B2EF
:1034B000052AF0D3012909D002290BD0032913D002
:1034C00020E00844401CE3E70021EFE79DF80000FE
:1034D000287217E09DF800009DF8011000EB8000B5
:1034E00001EB400028720DE09DF80010642041437C
:1034F0009DF8010000EB800001EB40009DF80210F8
:10350000084428720120F8BD2DE9FE4380460E468E
:1035100017464FF4FA794B460022AFF2C43198A017
:10352000FFF767FC0025002498A15E480BF04EFFD2
:1035300010B1C21D00203BE00020BDE8FE83115CFD
:103540002E2902D0032D27D028E0012C04D0022CF4
:1035500006D0032C0ED01BE09DF80810715517E023
:103560009DF808109DF8093001EB810103EB410142
:1035700071550DE09DF8083064214B439DF809100A
:1035800001EB810103EB41019DF80A3019447155AB
:103590006D1CEDB2002409E022290BD030392346FE
:1035A0000DF1080C641CE4B20CF80310401CC0B20E
:1035B000B842C4D3012C04D0022C06D0032C0ED068
:1035C0001BE09DF80800705517E09DF808009DF875
:1035D000091000EB800001EB400070550DE09DF8F4
:1035E0000810642041439DF8090000EB800001EBC6
:1035F00040009DF80A10084470554B460022AFF277
:10360000A84143A0FFF7F5FB0025002444A125486D
:103610000BF0DCFE20B100F10B0300206E462BE026
:1036200000208AE7195C3A2902D0052D0ED00FE060
:10363000022C07D19DF801109DF8002001EB02112A
:1036400008F805106D1CEDB2002413E0222915D0F6
:10365000A1F13002092A04D82146641CE4B2725454
:1036600008E0A1F16102052A04D857392246641CFA
:10367000E4B2B154401CC0B2B842D3D3022C07D13B
:103680009DF801009DF8001000EB011008F80500FE
:10369000FFF7C6FE012050E75354415455533A33C7
:1036A0000D0A0000027804605354415455533A34D3
:1036B0000D0A00005354415455533A350D0A000089
:1036C0002B4349505354415455533A302C00000079
:1036D0002B4349505354415455533A312C00000068
:1036E0002B4349505354415455533A322C00000057
:1036F0002B4349505354415455533A332C00000046
:103700002B4349505354415455533A342C00000034
:1037100041542B4349505354414D41433F00000015
:103720002B4349505354414D41433A22000000007D
:1037300041542B4349505354414D41435F44454606
:103740003D2225783A25783A25783A25783A257821
:103750003A2578220000000041542B43574A41503B
:103760005F4355523F0000002B43574A41505F438F
:1037700055523A00E26C04606275737900000000F3
:1037800041542B43494653520000000053544149D1
:10379000502C22002DE9FF4707464FF47A73002290
:1037A000AFF24C61FCA0FFF724FB00250024A046EB
:1037B0008DF80E808DF80D808DF80C80FAA1FC48F4
:1037C0000BF004FE20B1431D002002AA03AE03E06B
:1037D000002004B0BDE8F087195C2E2907D0032D26
:1037E00001D3222934D0022C28D90020F1E7012C62
:1037F00004D0022C06D0032C0ED01BE09DF80C1038
:10380000515517E09DF80C109DF80D4001EB81011A
:1038100004EB410151550DE09DF80C4064214C43EF
:103820009DF80D1001EB810104EB41019DF80E4064
:10383000214451556D1CEDB2002405E03039A446F9
:10384000641CE4B206F80C10401CC0B22828C3D394
:10385000012C04D0022C06D0032C0ED01BE09DF8C6
:103860000C00505517E09DF80C009DF80D1000EB72
:10387000800001EB400050550DE09DF80C106420D5
:1038800041439DF80D0000EB800001EB40009DF8E6
:103890000E1008445055DFF81C93E7B19DF808005E
:1038A00099F86A10884211D19DF8090099F86B10B7
:1038B00088420BD19DF80A0099F86C10884205D116
:1038C0009DF80B0099F86D10884207D00298C9F84E
:1038D0006A0002207DE70298C9F86A0000250024EA
:1038E0008DF80E808DF80D808DF80C80B2A1B04857
:1038F0000BF06CFD20B100F10A03002001AA01E0E9
:10390000002066E7195C2E2907D0032D01D3222958
:1039100034D0022C28D900205BE7012C04D0022CE3
:1039200006D0032C0ED01BE09DF80C10515517E06B
:103930009DF80C109DF80D4001EB810104EB410155
:1039400051550DE09DF80C4064214C439DF80D103D
:1039500001EB810104EB41019DF80E4021445155DA
:103960006D1CEDB2002405E03039A446641CE4B2BD
:1039700006F80C10401CC0B22828C3D3012C04D078
:10398000022C06D0032C0ED01BE09DF80C005055E5
:1039900017E09DF80C009DF80D1000EB800001EB86
:1039A000400050550DE09DF80C10642041439DF8F7
:1039B0000D0000EB800001EB40009DF80E10084464
:1039C0005055E7B19DF8040099F87210884211D162
:1039D0009DF8050099F8731088420BD19DF80600F8
:1039E00099F87410884205D19DF8070099F8751070
:1039F000884207D00198C9F872000220E9E60198D0
:103A0000C9F87200002500248DF80E808DF80D8015
:103A10008DF80C806BA166480BF0D8FC20B100F14A
:103A20000A0300206A4601E00020D2E6195C2E2934
:103A300007D0032D01D3222934D0022C28D900200D
:103A4000C7E6012C04D0022C06D0032C0ED01BE0BC
:103A50009DF80C10515517E09DF80C109DF80D4085
:103A600001EB810104EB410151550DE09DF80C4043
:103A700064214C439DF80D1001EB810104EB4101E1
:103A80009DF80E40214451556D1CEDB2002405E017
:103A90003039A446641CE4B206F80C10401CC0B2D5
:103AA0002828C3D3012C04D0022C06D0032C0ED01E
:103AB0001BE09DF80C00505517E09DF80C009DF898
:103AC0000D1000EB800001EB400050550DE09DF81B
:103AD0000C10642041439DF80D0000EB800001EBC9
:103AE00040009DF80E1008445055E7B19DF80000C5
:103AF00099F86E10884211D19DF8010099F86F1065
:103B000088420BD19DF8020099F87010884205D1C7
:103B10009DF8030099F87110884207D00098C9F801
:103B20006E00022055E60098C9F86E00012050E6AC
:103B300010B54FF4FA7423460022AFF6E41124A026
:103B4000FFF757F940B1234625A2AFF6F411BDE8BF
:103B5000104024A0FFF74DB9002010BD10B54FF460
:103B60007A70D9F79EFD22A12248FFF753F8BDE8ED
:103B700010404FF4FA70D9F794BD70B51546ADF505
:103B8000167D0E461A46002440F226218D4233D976
:103B900000200DF5167D70BD41542B434950535400
:103BA000415F4355523F00003A69703A22000000DD
:103BB00002780460E26C04603A6761746577617949
:103BC0003A2200003A6E65746D61736B3A22000010
:103BD00041542B4349504D4F44453D3100000000B6
:103BE0003E00000041542B43495053454E440000D1
:103BF0002B2B2B00004C004038B13246AFF6B011F1
:103C00002F48FFF707F8012420E0052A05D22B46AC
:103C10002CA168460CF090FE04E02A462EA16846CE
:103C20000CF08AFE68460BF0EDFB81B211B1B1F5E4
:103C3000077F01D90020ACE76846FEF753FF02205A
:103C4000D9F72FFD29463046FEF74CFF2046A0E766
:103C50002DE9F04107460026234DB5F800046FF327
:103C60000E00A5F8000495F8010420F0800085F806
:103C7000010440F2024128460BF09DFB002404E0C1
:103C80000A20D9F70EFDD4F7F4FF95F801040006D9
:103C900004D42146641CA4B26429F1D3B5F80014FD
:103CA0000020C1F30E0168540FB10F4E05E00FA1C3
:103CB0000D480BF08BFB00B10B4E3046BDE8F08198
:103CC000004C004041542B43495053454E443D2540
:103CD000642C25640D0A000041542B434950534580
:103CE0004E443D25640D0A00027804602B4950447F
:103CF0000000000008B1BA4B036011B1B8480838A1
:103D00000860002A02D0B648001F106070474128A2
:103D100001D20120704700207047B24800787047F8
:103D2000B149085C401C7047B049084410F8010CC8
:103D300070472DE9F0410C460746FFF7F5FF7CB3CD
:103D4000552121804FF0FF36002566602572042141
:103D5000A172C2B229460120DEF786F9206184F8FB
:103D60007052D4F87442DCB16F20208066602572F6
:103D70000820A07204F11000064607F013FF00228D
:103D80001146304607F017FF00220121304607F0A8
:103D900012FF00220221304607F00DFF84F8705216
:103DA0003846BDE8F041DFF78EBF10B50C4603463C
:103DB0000022FFF7B9FF402B08D2C1B20120DDF786
:103DC00011FF0146204607F0ABFF0246104610BD2A
:103DD0002DE9F043ADF51B7D8146DDE9A2549846FF
:103DE0000846FFF7A1FF0227FE1E4F2A2CD008DC51
:103DF0001C2A1CD0242A27D04B2A0DD04D2A08D1AA
:103E000010E0512A48D0552A20D06F2A28D0752A90
:103E10004ED02F7020205AE002460021484602F082
:103E2000D4FE4DE0C1B20120DDF7DCFE03E0C1B2FB
:103E30000120DDF726FE0146684607F071FF69465E
:103E4000484602F07FFF3BE0002136E0C2B200218D
:103E50000120DEF709F90146484603F024F92FE076
:103E600096A807F09FFE0022114696A807F0A3FE31
:103E70000022012196A807F09EFE0022022196A8AA
:103E800007F099FE0022032196A807F094FE96A958
:103E9000484602F029FE13E0C1B20120DEF77EF8A9
:103EA00008B1012100E00021484602F054FD07E07E
:103EB000C1B20120DDF73EFF0146484603F046F857
:103EC000002806DBB8F1FF3F03D02F7032202070AE
:103ED00030460DF51B7DBDE8F08370B5ADF51A7D5C
:103EE0000446D0F8681200256A46103002F031F816
:103EF0000222002803DA84F86D22252008E02089B8
:103F000082280BD0E068401C08D084F86D22322053
:103F100084F86E0200200DF51A7D70BD6068FFF711
:103F200003FF014620890926512847D008DC0DF1FE
:103F30000D031C2837D024280AD04D2808D127E0AB
:103F400055280CD0672803D06F2801D0752812D0CF
:103F500084F86D22202084F86E022846DBE79DF865
:103F6000020004282ED1CAB294F86C120120029BE0
:103F7000DEF76CFD31E09DF80200092822D102989D
:103F8000CAB2C3B294F86C120120DEF7F8FB24E049
:103F90009DF80200072815D1CAB294F86C120120CE
:103FA000DFF7C5F819E09DF8020007280AD1CAB268
:103FB00094F86C120120DEF793FC0EE09DF80200ED
:103FC000012804D084F86D2284F86E62C5E79DF85C
:103FD0000820C9B20120DFF751F80125BDE7000034
:103FE000841D0408800400601C6301601C6501607E
:103FF00008B1FA4B036011B1F84808380860002A8C
:1040000002D0F648001F10607047412801D20120FD
:10401000704700207047F24800787047F149085C0B
:10402000401C7047F049084410F8010C7047F8B57F
:1040300000218DF800100C46C0B26946ECF72FFF46
:104040009DF800100220DFF735FB06469DF80000C2
:10405000402813D2E54DE1B29DF800200220DEF7A2
:1040600003F8A84207D0E1B29DF800200220DDF756
:10407000FBFF064602E0641C102CECD33046F8BD72
:104080002DE9F0410546C1B200240220DFF712FB02
:104090000746402D11D2D54EEAB2E1B20220DDF73B
:1040A000E3FFB04206D0EAB2E1B20220DDF7DCFF66
:1040B000074602E0641C102CEED33846BDE8F081C0
:1040C0002DE9F04100240546264640280DD2C74F71
:1040D000EAB2E1B20220DDF7C7FFB84204F1010401
:1040E00001D0264601E0102CF2D33046E6E70B461D
:1040F00010B5002140280CD25AB1102A09D8062A3E
:1041000007D0521EC0B2D1B202460220DEF79EFC9A
:104110000121084610BD10B5002240280CD259B12B
:10412000102909D8062907D0C2B2491EC9B2AF4B1F
:104130000220DEF78BFC0122104610BD10B50C46A4
:1041400003460022FFF76EFF402B08D2C1B20220C7
:10415000DDF748FD0146204607F0E2FD0246104625
:1041600010BD2DE9FF4FADF51B7D8246DDE9A89816
:1041700000241F4626460846FFF754FF05469D9833
:104180004FF0FF3B51285AD00CDC4B281BD004DCED
:104190001C2823D0242811D14FE04D2819D04F28B6
:1041A0000CD128E0682870D004DC552825D0572889
:1041B00004D159E06F2824D075284CD0022089F80A
:1041C00000002021A2E02A460121504602F0FDFC19
:1041D0008BE0E9B20220DDF705FD03E0E9B2022041
:1041E000DDF74FFC0146684607F09AFD69465046E8
:1041F00002F0A8FD79E0012132E02846FFF740FFF8
:1042000090E096A807F0CEFC0022114696A807F091
:10421000D2FC0022012196A807F0CDFC0022022149
:1042200096A807F0C8FC0022032196A807F0C3FC5B
:1042300096A9504602F058FC57E0002110E0E9B280
:104240000220DDF7ABFE08B1012100E0002150465D
:1042500002F081FB49E0E9B20220DDF76BFD014687
:10426000504602F073FE40E087B1781C13D0102F47
:1042700048D8EAB200210220DDF7F6FE5B49884209
:104280002DD1504602F09BFB2FE047E01021504615
:1042900002F02BFE29E0EAB2F1B20220DDF7E4FEE3
:1042A0005249884204D10AEB040002F088FB09E07D
:1042B000EAB2F1B20220DDF7D7FE01460AEB0400B4
:1042C00002F0F1FE0444B4F5167F03DA761C102EDA
:1042D000E1D30BE0052189F80010122116E0EAB2C3
:1042E00000210220DDF7C0FE1CE00446002C10DB9C
:1042F0009D9857280DD07F1C0BD0022089F8000014
:10430000322103E0022089F800002A2188F80010F9
:104310005C460DF51F7D2046BDE8F08FE9B2022016
:10432000DFF7C8F90146504602F0BDFEDDE72DE992
:10433000F043ADF51B7D0446D0F8681200256A46AF
:10434000103001F006FE02274FF02508002804DA9D
:1043500084F86D7284F86E820AE0208957280CD0A8
:10436000E068401C09D084F86D72322084F86E0237
:1043700000200DF51B7DBDE8F0836068FFF752FE5D
:104380000646208904F26E235A1E09214FF028099F
:10439000512855D00EDC0DF10D034B284BD004DC19
:1043A0001C2874D0242811D145E04D2855D04F2821
:1043B0000CD140E0682875D004DC552818D0572867
:1043C00004D138E06F2836D0752851D084F86D724A
:1043D000202084F86E022846CBE70000B01D0408B8
:1043E000810400609C6301609C65016000007F4364
:1043F0009DF8020004280CD00021684605F0D2FA8E
:104400000500E8D094F86C123046FFF784FE0546AC
:104410000AE094F86C2230460299FFF768FE0546E0
:1044200094F86C02062806D0002DD4D184F86D7261
:1044300084F86E82CFE784F86D7284F86E92CAE7D2
:104440000121684605F0AEFA0500C4D09DF80820A9
:10445000F1B20220DEF712FEBDE79DF80200072848
:1044600024D1F2B294F86C120220DEF760FE27E04D
:104470009DF80200092819D10298F2B2C3B294F84B
:104480006C120220DEF77BF91AE000E00AE09DF8EA
:10449000020007280AD1F2B294F86C120220DEF76B
:1044A0001FFA0DE09DF80200042804D084F86D7214
:1044B00084F86E128FE7F1B20220029ADFF782F8D9
:1044C000012588E708B1F74B036011B1F5480838BA
:1044D0000860002A02D0F348001F10607047F249BC
:1044E000084410F8010C704710B50C460346002232
:1044F000FFF7F5FF802B08D2C1B20020DDF772FB79
:104500000146204607F00CFC0246104610BD8128EB
:1045100001D20120704700207047E44800787047BE
:10452000E349085C401C70472DE9F041002705462F
:104530003C46802811D2DF4EEAB2E1B20020DDF71E
:1045400093FDB04206D0EAB2E1B20020DDF78CFD67
:10455000074602E0641C102CEED33846BDE8F0811B
:104560002DE9F04100240546264680280DD2D14F82
:10457000EAB2E1B20020DDF777FDB84204F10104B0
:1045800001D0264601E0102CF2D33046E6E710B504
:104590000B460021144680280AD24CB1102C07D8B3
:1045A000062C05D0C2B221460020DEF74FFA0121C9
:1045B000084610BD10B5002280280BD251B1102939
:1045C00008D8062906D0C2B2C9B2BA4B0020DEF71D
:1045D0003DFA0122104610BD2DE9F04FADF51B7DCF
:1045E0008246DDE9A49800241F4626460846FFF7C8
:1045F00076FF05464FF0FF3B512A59D00CDC4B2A81
:104600001BD004DC1C2A23D0242A11D14EE04D2AD1
:1046100019D04F2A0CD128E0682A6FD004DC552A23
:1046200025D0572A04D158E06F2A23D0752A4BD0C1
:10463000022089F8000020219FE002460221504616
:1046400002F0C3FA8BE0C1B20020DDF7CBFA03E041
:10465000C1B20020DDF715FA0146684607F060FB9D
:104660006946504602F06EFB79E0022131E0FFF727
:104670005BFF72E096A807F095FA0022114696A813
:1046800007F099FA0022012196A807F094FA002277
:10469000022196A807F08FFA0022032196A807F0BE
:1046A0008AFA96A9504602F01FFA58E0002110E05D
:1046B000C1B20020DDF772FC08B1012100E0002149
:1046C000504602F048F94AE0C1B20020DDF732FB63
:1046D0000146504602F03AFC41E087B1781C13D005
:1046E000102F46D80021EAB20846DDF7BDFC71491B
:1046F00088422DD1504602F062F930E045E01021A9
:10470000504602F0F2FB2AE0EAB2F1B20020DDF7F7
:10471000ABFC6849884204D10AEB040002F04FF96F
:1047200009E0EAB2F1B20020DDF79EFC01460AEB97
:10473000040002F0B8FC0444B4F5167F03DA761CDA
:10474000102EE1D30CE0052189F80010122114E0AD
:104750000021EAB20846DDF787FC014616E0044670
:10476000002C0DDB7F1C0BD0022189F800103221B8
:1047700003E0022089F800002A2188F800105C4636
:104780000DF51B7D2046BDE8F08F0021504602F05C
:104790008AFCE4E72DE9F0410446ADF51A7D1646A2
:1047A0000F4600254068FFF79AFE8046FFF7AFFEF0
:1047B00060B16A4604F11000D4F8681201F0C9FB38
:1047C0000221002806DA397025200BE0012038701C
:1047D0001F2007E02089572809D0E268521C06D024
:1047E00039703220307000200DF51A7DB6E60922AE
:1047F00051284ED00EDC0DF10D034B2865D004DCA2
:104800001C282CD024280DD15FE04D281BD04F2828
:1048100008D15AE0552808D0572856D06F2854D0D0
:10482000752828D03970202051E09DF80200042816
:1048300002D0397032704BE094F86C2240460299F5
:10484000FFF7A5FE3FE09DF80200072825D108F0FC
:10485000FF0294F86C120020DEF769FC33E09DF84B
:104860000200072819D108F0FF0294F86C1200200A
:10487000DEF736F827E09DF8020009280DD10298EE
:1048800008F0FF02C3B294F86C120020DDF777FF46
:1048900019E09DF8020009280ED084F86D1284F802
:1048A0006E2215E0E41D04081C66016082040060AD
:1048B0001C64016000007F439DF8082008F0FF01A0
:1048C0000020DEF7DBFB012502E039702820307084
:1048D000284689E72DE9F0410C460746FFF7FFFD22
:1048E0007CB3552121804FF0FF360025666025728C
:1048F0000421A172C2B229462846DDF7B5FB20612A
:1049000084F87052D4F87442DCB16F202080666065
:1049100025720820A07204F11000064607F042F943
:1049200000221146304607F046F9002201213046A8
:1049300007F041F900220221304607F03CF984F8E3
:1049400070523846BDE8F041DFF7D4B930B503788E
:104950000C780022A34221D1072B09D9072307E0B5
:1049600084188D1864786D78AC4217D1521CD2B27D
:104970009A42F5D302890B899A420FD1A2B1837A68
:104980008A7A93420AD1072B00D90723002209E033
:1049900084188D18E47AED7AAC4201D0002030BD45
:1049A000521CD2B29A42F3D3012030BDFA49FB4ADD
:1049B00009E00B78DB0705D04B68834202D1002069
:1049C0000870704724319142F3D9704770B50020C8
:1049D000821EF149F14C0AE00B7803F00703012B2A
:1049E00004D10B6A934201D81A4608462431A142E9
:1049F000F2D980254FF4616680B9E7490AE00B7867
:104A000003F00703032B04D10B6A934201D81A4623
:104A100008462431A142F2D9002801D0057006626F
:104A200070BD42F2DC31DC480AF0C5BC10B5DA4892
:104A30000022DA4B0CE00178CC0704D0890701D4BE
:104A4000016A01B902700178090600D502702430AC
:104A50009842F0D910BD30B5CF4BD04C16E01D7840
:104A6000ED0712D05D6885420FD1187884070AD40B
:104A700032B140F0040018704FF0FF30186230BDC2
:104A800020F004001870196230BD2433A342E6D927
:104A900030BD70B513460D460022BF4CBF4913E030
:104AA0002678F6070FD0666886420CD120788007FA
:104AB0000CD4122204F10C0118460AF063FCA06821
:104AC0000122286002E024348C42E9D9104670BDEE
:104AD0002DE9F0410F4680460026AF4CAF4D10E067
:104AE000207800F0030001280AD1414604F10C00AF
:104AF00006F0C6FF20B10FB160683860012602E001
:104B00002434AC42ECD93046BDE8F0812DE9F047C1
:104B10000E460546914600219F4C4FF461679F4821
:104B200020E02278D2071CD06268AA4219D1122252
:104B3000494604F10C000AF025FCA660207898494B
:104B4000820708D4420702D54FF0FF3103E0020785
:104B500001D5276200E0216220F002002070BDE84C
:104B6000F08724348442DCD90029F8D18A4C4FF0F4
:104B7000010803E02278D20708D024348442F9D90E
:104B80000029ECD1FFF722FF0400E8D084F8008070
:104B9000C4E901561222494604F10C000AF0F2FB66
:104BA0002762DCE72DE9F0410F4613460546002653
:104BB000794C7A491CE02078C00718D06068A84278
:104BC00015D12078800710D40126122204F10C019F
:104BD00018460AF0D7FBA06838602078010704D592
:104BE00020F0080020706E48206230468CE72434A4
:104BF0008C42E0D9684803244FF4616604E00278EF
:104C000012F0810F05D024308842F8D9FFF7DEFE7C
:104C100010B1047006624560002075E770B50D465E
:104C200013465D4C5D4916E02278D20712D06268C7
:104C300082420FD11222194604F10C000AF0A2FBA5
:104C4000A560207820F002002070400701D454486D
:104C5000206270BD24348C42E6D970BD70B50E461A
:104C6000014600201546FF2914D24B4A01EBC10131
:104C700002EB8104217801F0030101290AD11222FB
:104C800004F10C0118460AF07DFB60683060A068F2
:104C90002860012070BD00203F49404A06E00B78A3
:104CA00003F00303012B00D1401C24319142F6D9BB
:104CB0007047F0B5ADF5177D06460025364C374FE9
:104CC00020E0207800F0030001281AD17019082193
:104CD000626801F07AFF0544A18A701902F005F9B3
:104CE000A27D054412B104F1170102E0227B04F118
:104CF0000D01684607F054F97019694601F08AFF02
:104D000005442434BC42DCD90DF5177D2846F0BD9E
:104D10002DE9F04FADF5197D8146002701F118000E
:104D20000D46B846969006F03DFF00221146969833
:104D300006F041FF00220121969806F03CFF002278
:104D40000221969806F037FFE86AC0F5167B00202E
:104D50002863FFF7A0FF5FEA000A17D0A86A0123C3
:104D6000082802D1C5F844A0AB63686C00280ADAB1
:104D7000AA6B511C0144012902DAAB636A6402E0A8
:104D80004042A9636864A86B50450BD900200DF51B
:104D9000197DBDE8F08F0000047C0460BC9F0460B6
:104DA00080510100696C0144491E9791514501D918
:104DB000CDF85CA23B4C012600E02434217801F0C0
:104DC00003010129F9D106E014F8241B01F00301C5
:104DD000012900D1761CB042F6D1989638E0BBF19B
:104DE000110F05D201220221969806F0E4FE32E06E
:104DF00009EB07000821626801F0E7FE804607EB37
:104E00000802A18A02EB090002F06FF8A27D80443B
:104E100012B104F1170102E0227B04F10D01684692
:104E200007F0BEF807EB080101EB0900694601F045
:104E3000F1FE4044ABEB000B0744B046286B761CF8
:104E4000401C286314F8240F00F003000128F9D156
:104E500097988642C3D99898012804D1012200214D
:104E6000969806F0A8FED04504D1012211469698E6
:104E700006F0A1FE38468AE730B50A4900240A4BFD
:104E80000DE00A7812F0810F08D0520706D40A6AA2
:104E9000824202D3121A0A6200E00C702431994255
:104EA000EFD930BD047C0460BC9F04601E2802D290
:104EB000FE4A42F820107047FD49486070470B28B1
:104EC00003D2FA4A783242F82010704730B50021F8
:104ED0000A460C4628281CD2F54B10335D5C8542EF
:104EE00003D1F2480DE0012213E0491C1E29F5DB35
:104EF0007CB9EF4B00212E335C5C844206D1EB4839
:104F0000783050F821000028EDD102E0491C0B292F
:104F1000F2DB104630BD70B500230446184613700E
:104F2000282C07D2E24D1035EE5CA64203D10120B9
:104F30000B60107070BD5B1C1E2BF5DB0028F9D1D7
:104F4000DB4B00222E339D5CA54202D101200A607A
:104F500070BD521C0B2AF6DB70BD1D2814D2DFE891
:104F600000F00F0F0F13130F13130F0F130F131363
:104F7000130F0F0F130F0F130F13130F130F0F0038
:104F8000CA4AA43242F820107047C21E1B2A13D20C
:104F9000DFE802F00E0E120E0E12120E120E0E0EA0
:104FA0001212120E12120E120E0E120E12120E000B
:104FB000BE4AA43242F8201070471E2802D2BD4AD1
:104FC00042F820107047BA4988607047B849C860F5
:104FD00070472DE9F0470446DDE9088900781E4650
:104FE000C0F3C000107020781546C0F380005070E8
:104FF00020780F46C0F340009070607801F00CFB01
:105000006860607801F023FBA860A0782873297895
:10501000032021B1E07868732079A8730520215C12
:10502000401C31702218391AC8F80020A9F8001065
:10503000BDE8F0879E48408870479D49488070478A
:105040009B48007870479A4908707047F0B58DB05A
:1050500007464FF000000790089009900A90ADF8BD
:105060001800029016460C001D468DF810000590A1
:105070008DF80C000B900C9076D0207800F0F001A9
:105080000911062924D2DFE801F00350B2B623DB70
:1050900006A905A8CDE9000104AB07AA31462046C0
:1050A000FFF797FF9DF810000C2812D00E2819D09A
:1050B0000F2820D0102827D012282ED005280095A0
:1050C000BDF81810059807AB3A462BD004F07AFCCF
:1050D000E2E0009507AB3A46BDF81810059804F0D9
:1050E00015FBD9E0009507AB3A46BDF818100598B6
:1050F00005F027FBD0E0009507AB3A46BDF8181045
:10510000059804F09BFBC7E0009507AB3A46BDF855
:105110001810059805F07EFCBEE085BB66490A20A4
:10512000087047E009F0B5FAB6E060788DF8100035
:10513000B11EA01C9DF8102089B20590ADF8181082
:10514000082A23D125B1012D1AD0022D18D0A3E0B1
:10515000052E05D10278DF2A02D14278FD2A04D03B
:105160003A4604F047FB11E0B2E0544A01211170C5
:1051700080785349C0EB0010800008808CE019E073
:105180001946504807F0C3FEE8F742FD9DF81000AD
:10519000072807D004280DD0092812D0062817D0D8
:1051A000E8B179E02B463A46BDF81810059808F0AA
:1051B000EFFE71E02B463A4631462046E6F786FC84
:1051C0006AE03A46BDF81810059808F0B8FE63E0AA
:1051D0003A46BDF81810059808F08AFE5CE02B46A8
:1051E0003A46BDF81810059804F0F8F854E0A07895
:1051F0008DF8100050E0C0F3C001022001B104207E
:10520000215C401C27188DF81010301A81B29DF8CF
:1052100010000597ADF818100C2804D0122808D0FB
:105220001A2839D105E01A4631462046E5F70BFF2A
:1052300032E03346224638460095E6F72DFA2BE059
:10524000A07803268DF81000122805D1E01C00215B
:1052500001F056FB00B10426A01902AA03A901F02F
:10526000A5FA0644A0190CAA029901F04CFE0644C6
:10527000A01902AA03A901F099FA0644A0190BAAE1
:10528000029901F040FE9DF810103044122903D11C
:105290002044002101F04AFB40F2391045430A48FE
:1052A00040F2722100EB450010E00000E09F046036
:1052B00084040060FCA0046042020060C803006037
:1052C000DA030060FA6B0760886907600AF073F818
:1052D0000DB0F0BD08B1B74B036011B1B548083847
:1052E0000860002A02D0B3480C381060704741288B
:1052F00001D20120704700207047AF480078704706
:10530000AE49085C401C70477047AD49084410F82E
:10531000010C7047002070470020704700B5002244
:10532000FFF7F3FF402801D2A6490A5C104600BDF2
:1053300000B5FFF7EAFF402802D2A24A002111542B
:1053400000BD2DE9F0410C460746FFF7DEFFB4B380
:10535000552121804FF0FF36002566602572092116
:10536000A172C2B229460320DCF77EFE0AF03BFBA5
:10537000206184F87052D4F8744204B36F20208006
:10538000666025720820A07204F11000064606F03F
:1053900009FC00221146304606F00DFC00220121D6
:1053A000304606F008FC00220221304606F003FCDD
:1053B00000220321304606F0FEFB84F87052384686
:1053C000BDE8F041AAE70020704710B50C4603463F
:1053D0000022FFF79AFF402B08D2C1B20320DCF76E
:1053E00001FC0146204606F09BFC0246104610BD1B
:1053F0002DE9F043ADF51B7D8146DDE9A2549846C9
:105400000846FFF782FF0227FE1E4F2A2AD008DC3B
:105410001C2A1AD0242A5BD04B2A0BD04D2A06D145
:105420000EE0542A56D0552A1ED06F2A28D02F704D
:10543000202047E002460321484601F0C6FB3AE03F
:10544000C1B20320DCF7CEFB03E0C1B20320DCF7DE
:1054500018FB0146684606F063FC6946484601F0C1
:1054600071FC28E0032107E0C2B200210320DCF731
:10547000FBFD0AF0B8FA2FE0484601F067FD1AE09C
:1054800096A806F08FFB0022114696A806F093FB23
:105490000022012196A806F08EFB0022022196A888
:1054A00006F089FB0022032196A806F084FB96A94A
:1054B000484601F019FB002806DBB8F1FF3F03D096
:1054C0002F703220207030460DF51B7DBDE8F08333
:1054D0000021D1E7DEF70BFB0146CDE7F0B5ADF5D6
:1054E0001B7D0446D0F8681200256A46103000F093
:1054F00030FD02262527002804DA84F86D6284F83E
:105500006E7207E0E068401C08D084F86D623220BB
:1055100084F86E0200200DF51B7DF0BD20894F2818
:1055200040D008DC1C283DD024283BD04B2839D063
:105530004D280BD136E004F26E235A1E512813D0A9
:1055400054281BD0552805D06F282BD084F86D62C5
:1055500020202AE00921684604F024FA050026D01C
:105560000298012823D917E00121684604F01AFAAD
:1055700005001CD06068FFF7C8FE18E009216846E6
:1055800004F010FA050012D00298022804D2C1B229
:105590006068DEF7C2FA0AE084F86D62002584F8DC
:1055A0006E7204E084F86D62282084F86E0228464A
:1055B000B1E70000081E0408BD0400605C630160E0
:1055C0005C65016074A1046008B1C14B036011B156
:1055D000BF4808380860002A02D0BD480C38106067
:1055E0007047812801D20120704700207047B948D8
:1055F00000787047B849085C401C7047B7490844B8
:1056000010F8010C704710B50C4603460022FFF756
:10561000F5FF802B08D2C1B20920DCF7E3FA01467E
:10562000204606F07DFB0246104610BD2DE9F041F4
:10563000002605463446802813D2A94FEAB2E1B2CB
:105640000920DCF711FDB84208D0EAB2E1B2092026
:10565000DCF70AFD0AF0C7F9C6B202E0641C102CA0
:10566000ECD33046BDE8F0812DE9F043ADF51B7D6C
:105670009846DDE9A25481460B460846FFF7BEFF77
:105680000227FE1E4F2A2CD008DC1C2A1CD0242AFC
:1056900051D04B2A0DD04D2A08D110E0512A4CD0C0
:1056A000542A5BD0552A1ED06F2A28D02F70202074
:1056B0004EE01A460521484601F087FA41E0C1B2A2
:1056C0000920DCF78FFA03E0C1B20920DCF7D9F931
:1056D0000146684606F024FB6946484601F032FB65
:1056E0002FE0052107E0C2B200210920DCF7BCFC55
:1056F0000AF079F934E0484601F028FC21E096A848
:1057000006F050FA0022114696A806F054FA00223C
:10571000012196A806F04FFA0022022196A806F071
:105720004AFA0022032196A806F045FA96A94846AF
:1057300001F0DAF905E00021DDE70021484601F03B
:105740000AF9002806DBB8F1FF3F03D02F703220A2
:10575000207030460DF51B7DBDE8F083DEF739FA89
:105760000146C8E72DE9F0470446ADF51A7D154618
:105770000E4600274068FFF734FF88B16A4604F1FF
:105780001000D4F8681200F0E4FB4FF002084FF06C
:10579000250A002808DA86F8008085F800A00DE0C8
:1057A000012030701F2008E0208957280BD0E068C6
:1057B000401C08D086F800803220287000200DF5AB
:1057C0001A7DBDE8F0876068FFF718FF81462089E1
:1057D00009214F2876D00ADC0DF10D031C2847D093
:1057E00024286FD04B286DD04D2808D134E05128A3
:1057F00022D054284ED0552805D06F2862D086F884
:105800000080202061E09DF80200092818D102984C
:10581000012805D020B186F8008085F800A055E069
:10582000C0B20AF0A4F8034609F0FF0294F86C1223
:105830000920DDF70BF92BE09DF80200012803D0C9
:1058400086F80080297041E09DF8082009F0FF01EA
:105850000920DDF713FC1BE09DF8020007280BD19F
:1058600009F0FF0294F86C120920DDF760FC0FE0EC
:105870009DF80200072804D084F86D8284F86E1227
:1058800024E009F0FF0294F86C120920DDF728F8F3
:1058900001271BE004F26E235A1E0921684604F01A
:1058A00081F8070012D00298022805D2C1B26068C0
:1058B000DEF7A4F90AE005E084F86D82002784F899
:1058C0006EA203E086F8008028202870384676E72C
:1058D000341E0408BE0400609C6401609C66016084
:1058E00000007F4308B1F94B036011B1F7482C3039
:1058F0000860002A02D0F548001F10607047412858
:1059000001D20120704700207047F14800787047AD
:10591000F049085C401C7047EF49084410F8010C3E
:105920007047F8B500218DF800100C46C0B26946EA
:10593000EBF7C3FA9DF800100420DDF7BBFE0AF078
:1059400052F8C5B29DF80000402815D2E34EE1B2EE
:105950009DF800200420DCF787FBB04209D0E1B2BB
:105960009DF800200420DCF77FFB0AF03CF8C5B26C
:1059700002E0641C102CEAD32846F8BD2DE9F04162
:10598000C5B2002429460420DDF794FE0AF02BF866
:10599000C6B2402D13D2D14FE1B22A460420DCF723
:1059A00063FBB84208D0E1B22A460420DCF75CFB76
:1059B0000AF019F8C6B202E0641C102CECD3304691
:1059C000BDE8F08110B50C4603460022FFF7A4FFA6
:1059D000402B08D2C1B20420DCF704F9014620466E
:1059E00006F09EF90246104610BD2DE9FF4FADF5B9
:1059F0001B7D0746DDE9A8A90024984626460846EF
:105A0000FFF78AFF05469D984FF0FF3B512859D07C
:105A100010DC2E287ED006DC04287CD01C2827D061
:105A2000242815D14CE04B2817D04D281BD04F28E7
:105A30000ED123E068286FD006DC54284ED05528BC
:105A40001ED0572804D14EE06F281DD0752875D080
:105A500002208AF800002021A6E02A4604213846C8
:105A600001F0B3F88EE0E9B20420DCF7BBF803E004
:105A7000E9B20420DCF705F80146A5E004217EE048
:105A80002846FFF77BFF2CE096A806F08BF8002253
:105A9000114696A806F08FF80022012196A806F07C
:105AA0008AF80122022196A806F085F80122032136
:105AB00096A806F080F896A9384601F015F861E03E
:105AC00000215CE0E9B20420DCF768FA08B10121AA
:105AD00000E00021384600F03EFF53E02846DEF7A4
:105AE00040F801464BE0B8F1000F16D0B8F1FF3F87
:105AF00018D0B8F1100F53D8A8F10104EAB2E1B2FE
:105B00000420DCF7B1FA7549884230D1384600F0FC
:105B100056FF37E057E054E04EE01021384601F0E0
:105B2000E4F92FE0EAB2F1B20420DCF79DFA6B4908
:105B3000884204D1381900F042FF0BE04CE0EAB291
:105B4000F1B20420DCF790FA09F04DFFC1B2381928
:105B500001F0FCF90444B4F5167F03DA761C102E2C
:105B6000E0D310E005218AF8001012211CE0EAB20F
:105B7000E1B20420DCF778FA09F035FFC1B238460B
:105B800001F0E4F90446002C11DB9D9857280ED053
:105B9000B8F1FF3F0BD002208AF80000322103E069
:105BA00002208AF800002A2189F800105C460DF5D1
:105BB0001F7D2046BDE8F08FE9B20420DDF77AFDB5
:105BC000DAE747A100E047A1684606F0A9F8694670
:105BD000384601F0B7F8D5E7E9B20420DCF7AAF8B7
:105BE0007FE72DE9F043ADF51B7D0446D0F8681240
:105BF00000256A46103000F0ACF902274FF0250965
:105C0000002804DA84F86D7284F86E920AE0208924
:105C100057280CD0E068401C09D084F86D723220FF
:105C200084F86E0200200DF51B7DBDE8F0836068EE
:105C3000FFF772FE0646208904F26E2328215A1EC1
:105C40004FF0090C512876D012DC0DF10D032E28EF
:105C500067D006DC042864D01C2879D0242817D10A
:105C60005FE04B285DD04D2875D04F2810D158E00B
:105C7000672856D006DC54286CD055280FD05728FA
:105C800006D14EE0682871D06F284AD075287AD0A6
:105C900084F86D72202084F86E022846C3E79DF8D0
:105CA0000200092820D00021684603F07BFE050091
:105CB000F3D094F86C0290B3102830D8401EC1B2D3
:105CC000064BF2B20420DCF7C1FEE6E7581E0408DA
:105CD000BF040060DC630160DC65016000007F439D
:105CE0006F6E00006F66660094F86C82B8F1000F6A
:105CF0001CD0B8F1100F19D8B8F1060F11D00298C6
:105D0000012813D8C0B2A8F1010809F030FE0346FB
:105D1000F2B208F0FF010420DCF798FE51E060E0E9
:105D200009E084F86D7284F86E12B6E784F86D723B
:105D300084F86E92B1E70121684603F033FE050056
:105D4000ABD09DF80820F1B20420DDF797F9A4E765
:105D50000EE000E037E09DF80200072824D1F2B2FF
:105D600094F86C120420DDF7E2F92AE018E00AE06A
:105D70009DF80200072817D1F2B294F86C120420A3
:105D8000DCF7AEFD1DE09DF8020009280CD1029859
:105D9000F2B2C3B294F86C120420DCF7F0FC10E00D
:105DA0009DF80200092804D084F86D7284F86EC250
:105DB00073E7029809F0DBFD0246F1B20420DDF73B
:105DC00001FC012569E70921684603F0EBFD0500A8
:105DD000ABD00298022804D2C1B26068DDF7D7FECA
:105DE0005BE70025A2E7000030B40446002000294C
:105DF00011D0002C0FD08B7801F108020D2B0AD2A4
:105E0000DFE803F0070B10151A1F252A2F34393E3F
:105E100043002370012030BC7047097A204630BC13
:105E200000F099BD8968204630BC01F05EB88968F1
:105E3000204630BC01F005B98968204630BC01F02D
:105E400032B9D1E90223204630BC01F04AB92046DC
:105E500030BC114600F0DEBE204630BC114600F0DA
:105E600071BF204630BC114600F03EBE8968204616
:105E700030BC01F06BB8204630BC114601F0CEB901
:105E8000204630BC114601F058B9CA68098920463D
:105E900030BC00F09ABE2DE9FC411C4617460D4669
:105EA000002670B36CB304F108020D2D46D2DFE872
:105EB00005F045070C1014181C2024292D3136003C
:105EC000384600F076FD207240E0394600F0A1FF30
:105ED00023E0394601F064F81FE0394601F0AFFADB
:105EE0001BE0394601F0F2FA17E0394600F0D3FE24
:105EF00013E0394600F05DFF0FE0394600F088FD01
:105F00000BE01CE0394600F0FEFF06E0394601F0E8
:105F1000ADF902E0394601F036F906460EE00021FF
:105F2000ADF80010019101AB6A46394600F013FE4E
:105F30000646BDF8000020810198E06036B92DB119
:105F4000012D03D0062D01D01020A0703046BDE8F1
:105F5000FC812DE9FC414FF0000614460500374650
:105F60008DF8006001961CD0DCB12878000718D4A9
:105F7000277001AA6946284600F018FC78B19DF800
:105F800000100646A170A8192346019AFFF783FF67
:105F9000A178102901D0064401E04FF0FF36C4F883
:105FA00060723046D3E72DE9FC41002714468DF896
:105FB00000703E46FE4D019708B185E8830054B35A
:105FC000696841B32A68A868135C1B0723D410448E
:105FD000277001AB6A4600F022FCD0B1A9680A180C
:105FE000AA606968081A68609DF80010012902D04B
:105FF000019B83420DD8A170286823461044019A62
:10600000FFF749FFA9680144A9606968081A0126D9
:106010006860C4F86072304699E703004FF00000F2
:106020000BD00D2909D2DFE801F0080807070707A0
:106030000707070707070700104670477CB54FF0B2
:10604000000405008DF80440009410D02878000763
:106050000DD46A4601A9284600F0A8FB38B10446D1
:1060600028199DF80410009AFFF7D7FF0444204632
:106070007CBDF0B404460020002A52D0002C50D041
:10608000957802F108030D2D4BD2DFE805F0070BE0
:1060900010151A1F262B30353A3F44002046F0BC1D
:1060A00000F091BC127A2046F0BC00F05ABC926815
:1060B0002046F0BC00F0FDBE92682046F0BC00F027
:1060C000CEBF92682046F0BC00F0FDBFD2E90203CB
:1060D00002462046F0BC01F015B82046F0BC1A4636
:1060E00000F0B7BD2046F0BC1A4600F046BE204680
:1060F000F0BC1A4600F00BBD92682046F0BC00F0E0
:1061000033BF2046F0BC1A4601F096B82046F0BCDA
:106110001A4601F020B8D36812892046F0BC00F07E
:1061200043BDF0BC704702461020982A45D019DCC8
:10613000352A3AD00ADC022A26D0262A21D1012982
:106140002DD002291DD003291BD119E0662A2CD09D
:10615000842A16D119B3012923D0022910D003298A
:106160000FD11CE0D32A23D0D42A03D0D62A01D0C1
:10617000DA2A06D121B1012902D0022901D101E098
:1061800002207047042070470929FCD2DFE801F0A3
:10619000070709060506060B0B00F4E7F0E70C20DD
:1061A000704709207047012070470029FCD1F6E7AD
:1061B0000029F4D00129F7D1F1E70529F4D2DFE86D
:1061C00001F0060605040300DCE7D9E7EBE7EBE79F
:1061D00070B50C0003464FF000050FD073B1617825
:1061E0001046FFF7A0FF102805D261782246184616
:1061F000FFF73FFF05460020C4F86002284670BD47
:106200002DE9FC414FF000040600984615460F4664
:1062100020468DF80040019432D065B331780907EB
:106220002ED501212970C5F8600201AA69463046C1
:1062300000F0BCFA040023D0BC4205D89DF8001041
:10624000304600F073FB10B1012C18D018E09DF817
:10625000001069704046FFF766FFA870102807D24B
:10626000264401462B463046019AFFF714FE01E012
:10627000019808B1044403E04FF0FF3400E000242B
:10628000204664E67CB54FF00004164605008DF804
:106290000040019418D02878000715D501AA694656
:1062A000284600F083FA78B104469DF80010304685
:1062B000FFF739FF0146102804D22819019AFFF789
:1062C000ACFE00E00198044420467CBD034600205B
:1062D00000290AD0002B08D0087820B148780A4657
:1062E00001461846C5E618467EE5704770B50C466F
:1062F00005004FF0010637D084B3A078A870A278CB
:1063000004F1080105F108000D2A28D2DFE802F0A7
:1063100028070A0A0A0D1215180A1B1E2100207AE6
:1063200028721DE0A068A8601AE0D4E90201C5E95E
:10633000020115E005F081FE12E005F013FD0FE00B
:1063400005F08FFC0CE006F0B2F809E006F0BCF8AE
:1063500006E020892881E068E86001E004E000268A
:10636000D4F86002C5F86002304670BD2DE9FC5FCC
:10637000002706468DF8007001970078934600F0DC
:1063800007008846062843D1304601AA694600F036
:106390000DFA9DF80090044601254FF0FF3A305D5C
:1063A00000F0070106290FD0C143490717D001E0CB
:1063B000C00400600007A8EB040106EB04001AD536
:1063C0005A46FFF75FFF18E0301901AA694600F04E
:1063D000EDF99DF800204A450FD16D1C09E03019F8
:1063E00001AA694600F0E2F99DF800204A4504D16F
:1063F0006D1EEDB201E0FFF721FE044415B1002847
:1064000002DD0744444501D9574601E0002DC6D1BD
:106410003846BDE8FC9FF0B58DB04FF00006140083
:106420008C4602963546039679D0102877D20125FE
:10643000A07004F108070D2810D2DFE800F09107E2
:1064400037121920272C32373D5F88000022114671
:10645000604609F0CFF810B10120207280E026726A
:106460007EE000221146604609F0C4F8A06077E0A3
:10647000002160460BF0C8F809F0E2FAF6E70021C7
:1064800060460BF0C1F8C4E9020169E06146384694
:1064900005F0ABFD03E06146384605F041FC0546DA
:1064A0005EE00025384605F07DFB59E000221146EC
:1064B000604609F0D7F8D9E70BA909A8CDE9000192
:1064C00008AB07AA2BA1604608F0D2FF032802D030
:1064D00004280AD043E00998C3B20898C2B20798CA
:1064E00081B2384605F0D1FE3AE00798208108983D
:1064F000A0720998E0720B98207331E00AA906A8EF
:10650000CDE9000105AB04AA1EA1604608F0B0FF6A
:10651000042805D003280CD0022811D01FE021E068
:1065200004982072059860720698A0720A98E0722A
:1065300016E004982072059860720698A07204E034
:106540000498207205986072A672E67208E003ABA8
:1065500002AA10A1604608F08BFF022805D0002592
:10656000C4F860620DB02846F0BD029820810398FF
:10657000E060F5E72534642F2533642F2533643A32
:10658000253364002533643A2533643A2533642E79
:10659000253364002534643A253764000246002020
:1065A000022A1ADB042A01DA102016E0082A01DA8E
:1065B000202012E0102A01DA30200EE0202A01DA31
:1065C00040200AE0402A02DA4FF0500005E002D1F4
:1065D0004FF0600001E04FF07000322903DD8029A8
:1065E00002DC40F001007047CE2902DC40F00200DE
:1065F0007047B1F5F07F02DC40F003007047B1F561
:10660000806F02DC40F00400704740F2C4529142B7
:10661000FADC40F005007047014601F0F00100206F
:106620000911082906D2DFE801F0050406080A0C62
:106630000E10022070470420704708207047102079
:106640007047202070474020704741207047014626
:10665000002001F00F01062905D2DFE801F0030553
:1066600007090C0F3220704780207047CE207047FA
:106670004FF4F07070474FF48060704740F2C450A0
:10668000704770B50124002505700AB10822027018
:1066900002780E2903D842EA0111017004E042F0A9
:1066A000F0020270417002240178042B02D81943D1
:1066B00001701AE041F005010170FD2B02D803556D
:1066C000641C12E0B3F5803F07D2FE210155641C23
:1066D00099B2204400F008FE06E0FF210155641C39
:1066E0002044194600F022FE0444204670BD0823D1
:1066F000012203700E2903D843EA0111017003E05F
:10670000F822027041700222017841F00601017006
:10671000104670470823012203700E2903D843EA6C
:106720000111017003E0F822027041700222017829
:1067300041F0070101701046704710B50346012073
:106740001A780F24B4EB121F04D109B158780870DD
:10675000022010BD0029FCD012090A7010BD0346AA
:1067600010B5002000290AD018780F24B4EB101FB0
:1067700006D1022904D30AB158781070022010BD46
:106780000AB100091070012010BD007800F0070068
:10679000062801D000207047012070470078C043D0
:1067A000400701D000207047012070477CB5144697
:1067B0000546FFF7C2FF2A7802F00701052903D03A
:1067C000002306291FD021E0295CFF2905D0FE29DE
:1067D0000DD004B12160401C7CBD461CA81901A944
:1067E00000F0ADFD3044002CF6D0019909E0461CC4
:1067F000A819694600F07DFD3044002CECD0BDF8AE
:10680000001021607CBD0CB123607CBDD2435207D7
:1068100002D0002CF5D17CBD002CF5D17CBDF8B5A3
:106820001C460E460546FFF79AFF002814DD2B781C
:10683000311A03F00702052A03D00021062A27D0C7
:1068400029E02A5CFF2A08D0FE2A12D01ED2E9B124
:1068500004B1226000F10100F8BD052916D3461CE1
:10686000A819694600F06BFD3044002CF4D0009963
:106870000FE003290AD3461CA819694600F039FD28
:106880003044002CE8D0BDF8001002E00020F8BD34
:106890000CB12160F8BDDB435B0703D0002CF9D0BD
:1068A0002260F8BD002CF4D1F8BD38B50D460022A9
:1068B00004468DF800206946FFF73FFF2078000767
:1068C00005D59DF80000A84201D1012038BD002067
:1068D00038BD78B5054600200E468DF800001446F8
:1068E00069462846FFF729FF20602878000705D56C
:1068F0009DF80000B04201D1012078BD002078BD94
:1069000038B50D46002204468DF800206946FFF791
:1069100014FF207800F00700062805D19DF800003C
:10692000A84201D1012038BD002038BD38B50D4640
:10693000002204468DF800206946FFF7FEFE20780D
:10694000C043400705D19DF80000A84201D10120B5
:1069500038BD002038BD002301B1012300220121F0
:106960008FE670B51446012305461A46FFF789FEE7
:106970002C54401C70BD014600200978002900D02D
:106980000120704778B51546002604466A460096F1
:10699000FFF79FFF50B10098205C10B101202870D4
:1069A00000E02E700098401C009078BD4FF0FF3042
:1069B000FAE701004FF0000000D0012070470023EB
:1069C0001A4619465DE6002301225AE601460020D8
:1069D000CA0700D080208A0701D540F040004A074E
:1069E00001D540F020000A0701D540F01000CA068A
:1069F00001D540F008008A0601D540F004004A069F
:106A000001D540F00200090601D540F001007047B1
:106A10002DE9F041074600250E4690462C461046CB
:106A200005F0C0F8BEB1761E0F2E14D8012509E07E
:106A3000785D6D1CFFF7CAFF0246E1B2404605F0E3
:106A4000F9F8641CB442F3D33878F1B200F00702CD
:106A5000404605F0F9F82846BDE8F08177B581B0E9
:106A6000164604469DF80810FFF71FFF68B1204640
:106A70006A4602A9FFF79AFE054660193246009958
:106A8000FFF7C6FF284404B070BD4FF0FF30FAE7AF
:106A90002DE9F041064688460025084605F0B5F880
:106AA00080B1404605F0B3F80746404605F0ADF822
:106AB000C7F1010100EBC100C0B2C0F108003070A5
:106AC00001240DE00020307001240BE029464046EF
:106AD00005F0A7F8FFF77AFF6D1C3055EDB2641C86
:106AE000BD42F3D32046B7E770B506460D460846CB
:106AF00005F08DF8431C002208213046FFF7C1FD48
:106B0000044630192946FFF7C3FF204470BD70B515
:106B100006460C461546104605F079F8431C01223E
:106B200021463046FFF7ADFD044630192946FFF7F0
:106B3000AFFF204470BD38B50C46002100911546CA
:106B4000694600F0FCFB0099890D21800099C1F392
:106B50001501296038BD30B41446042902D030BC78
:106B600000207047214630BC1A46E4E7F8B50446D9
:106B70000020164600901D4620466A46FFF7A9FEF3
:106B800040B100982A4620443146FFF7D4FF0099CF
:106B9000084401E04FF0FF300090F8BD0B4611466D
:106BA00063F39F5100F0C2BB2DE9F0411D4616462C
:106BB000074604230122FFF764FD044638192A46DC
:106BC0003146FFF7EBFF204446E770B50446401C12
:106BD000FFF7E4FF0546034600220C212046FFF79D
:106BE00050FD284470BD2DE9F0414FF000050646E8
:106BF0000F002C460CD0084605F013FA054638461F
:106C000005F015FA02E0015D3155641CAC42FADB77
:106C1000284621E770B506460D004FF0000015D05C
:106C2000084605F0FEF90346002206213046FFF72C
:106C300028FD0446284605F0F4F92044B0F5167FF7
:106C400005D230192946FFF7CEFF204470BD002041
:106C500070BD70B505000C4616464FF0000017D009
:106C6000002E15D0104605F0DCF90346012221461E
:106C70002846FFF706FD0446304605F0D2F92044C9
:106C8000B0F5167F05D228193146FFF7ACFF204436
:106C900070BD002070BD70B513460D460A46014612
:106CA0000024184605F07CF900B12C46204670BD42
:106CB00077B581B0054600200090164628469DF81D
:106CC0000810FFF7F2FD70B128466A4602A9FFF7E7
:106CD0006DFD044629193046009A05F061F920B18E
:106CE0000098044401E04FF0FF342046CBE670B535
:106CF0000400049D05F101000BD0884209D82270E0
:106D0000002103E05A5C6618491C7270A942F9D34D
:106D100070BD002070BDF8B506460F46084605F068
:106D20000FF80546384605F011F80446384605F0D8
:106D300013F8024623464FF4167130460095FFF7CC
:106D4000D6FFF8BD2DE9F04107460E46084604F08F
:106D5000F7FF451C2B46002207213846FFF791FC20
:106D600004462844B0F5167F05DA38193146FFF796
:106D7000D2FF204470E600206EE62DE9F041074680
:106D80000C461646104604F0DBFF451C2B4601223C
:106D900021463846FFF775FC04462844B0F5167FB7
:106DA00005DA38193146FFF7B6FF204454E60020D3
:106DB00052E670B50C4616460178421C0025631E4B
:106DC000304604F085FF00B12546284670BD77B5F2
:106DD00081B0054600200090164628469DF8081010
:106DE000FFF763FD88B128466A4602A9FFF7DEFC7B
:106DF0000446009B2A19295D3046521C5B1E04F094
:106E000067FF20B10098044401E04FF0FF342046B2
:106E100039E638B50C464FF000011500ADF800100A
:106E200008D0012C08D0022C09D0032C0ED0042C41
:106E300010D01160204638BD00781060FAE769462E
:106E400000F057FABDF800002860F3E7114600F0A3
:106E500060FAEFE7114600F072FAEBE777B581B020
:106E6000164604469DF80810FFF71FFD60B1204646
:106E70006A4602A9FFF79AFC054660193246009956
:106E8000FFF7C7FF2844FEE54FF0FF30FBE5FF2981
:106E900002D8017001207047B1F5803F02D289B25B
:106EA00000F022BAB1F1807F01D200F02BBA00F0DD
:106EB0003DBA70B514460646FF2A01D801230AE000
:106EC000B4F5803F01D2022305E0B4F1807F01D206
:106ED000032300E004230122FFF7D3FB05467019CA
:106EE0002146FFF7D4FF284470BD70B50446401C0E
:106EF000FFF7CDFF05460346002202212046FFF79B
:106F0000C0FB284470BD38B51446002200926A4682
:106F1000FFF77FFF002C01D00099216038BD7CB5C0
:106F200016460446FFF7C1FC60B120466A4601A937
:106F3000FFF73CFC0546601932460099FFF7E3FF76
:106F400028447CBD4FF0FF307CBDA0E770B50446FF
:106F5000401CFFF7FAFF05460346002209212046A0
:106F6000FFF78FFB284470BD70B514460646FF2A14
:106F700001D801230AE0B4F5803F01D2022305E0E5
:106F8000B4F1807F01D2032300E004230122FFF744
:106F900078FB054670192146FFF7D7FF284470BDDE
:106FA00010B50C464AB1012C09D0022C0BD0032C91
:106FB0000DD0042C0FD000201060204610BD1146CB
:106FC00000F0D1F9F9E7114600F0E0F9F5E71146D4
:106FD00000F0F4F9F1E7114600F00FFAEDE777B5AC
:106FE00081B0164604469DF80810FFF75EFC60B1BC
:106FF00020466A4602A9FFF7D9FB054660193246CA
:107000000099FFF7CDFF28443DE54FF0FF303AE50A
:1070100001F18002FF2A02D849B200F0A1B901F5BE
:107020000042B2F5803F02D209B200F0AAB9AD4ADF
:107030006FF07F430A449A4201D200F0B8B900F0E1
:10704000D3B970B50446401CFFF7E2FF054603467E
:10705000002203212046FFF714FB284470BD70B5C1
:10706000064602F180001446FF2801D801230FE0F4
:1070700004F50040B0F5803F01D2022308E09948B2
:107080006FF07F422044904201D2032300E00423AA
:1070900001223046FFF7F5FA054670192146FFF741
:1070A000B7FF284470BD70B50A460446411C10461F
:1070B00000F0E6F905460346002204212046FFF7CA
:1070C000E0FA284470BD70B5154606460423012237
:1070D000FFF7D7FA04463119284600F0D1F92044C9
:1070E00070BD70B515460446821C1946284600F04E
:1070F000FAF905460346002205212046FFF7C1FAAA
:10710000284470BD2DE9F04115461E460746082368
:107110000122FFF7B6FA04463A192846314600F034
:10712000E2F9204498E40A7802704A7842708A783A
:107130008270C978C1700420704770B50446401C45
:10714000FFF7F1FF0546034600220B212046FFF71B
:1071500098FA284470BD70B51446054604230122F0
:10716000FFF78FFA0346E8182146FFF7DCFF1844C3
:1071700070BD02780A7042784A7082788A70C0784E
:10718000C870042070470B46042906D000211170F6
:10719000D17051709170184670471146E9E738B5C3
:1071A0000D4604466946FFF7C8FA9DF800000B2813
:1071B00002D04FF0FF3038BD601C2946FFF7D9FFE1
:1071C000401C38BD38B504460020154600902046C6
:1071D0006A46FFF77EFB38B1009829462044FFF746
:1071E000C8FF0099084401E04FF0FF30009038BD1F
:1071F0000A8840F26C739A4202D3A2F26C7201E0E8
:10720000FF2A08D802708A784270CA788270097999
:10721000C170042070474FF0FF30704770B50446CE
:10722000401CFFF7E5FF0546034600220A212046E1
:10723000FFF727FA284470BD70B5154606460423AB
:107240000122FFF71EFA044630192946FFF7D0FF46
:10725000204470BD027802F26C720A8042788A7013
:107260008278CA70C0780871042070470B460429E0
:1072700006D00021D17091701171118018467047AD
:107280001146E7E738B50D4604466946FFF755FA5B
:107290009DF800000A2802D04FF0FF3038BD601C76
:1072A0002946FFF7D7FF401C38BD38B504460020FB
:1072B0001546009020466A46FFF70BFB38B1009850
:1072C00029462044FFF7C6FF0099084401E04FF02B
:1072D000FF30009038BD202303704170827003207E
:1072E00070470000FFFF7F000A0A02704170022011
:1072F000704729B1027812020A80407802430A805E
:10730000022070470A0C02700A0A42708170032042
:10731000704749B1027812040A60437842EA0322B6
:107320000A60807802430A60032070470A0E0270E8
:107330000A0C42700A0A8270C1700420704769B159
:10734000027812060A60437842EA03420A608378B0
:1073500042EA03220A60C07802430A6004207047B0
:1073600001700120704751B10278120602D56FF00A
:10737000FF0200E000220A60007802430A60012058
:1073800070470A0A027041700220704769B10278A2
:10739000120601D5214A00E000220A60037842EA81
:1073A00003220A60407802430A60022070470A0CF8
:1073B00002700A0A427081700320704791B102780E
:1073C000120602D54FF07F4200E000220A600378E7
:1073D00042EA03420A60437842EA03220A60807864
:1073E00002430A60032070470A0E02700A0C4270C2
:1073F0000A0A8270C1700420704769B102781206CF
:107400000A60437842EA03420A60837842EA032230
:107410000A60C07802430A60042070470000FFFF42
:10742000C37863F30702837863F30F22437800780D
:1074300063F3174260F31F6204200A607047042957
:1074400003D000230846136070471146E8E777B57C
:1074500081B0164604469DF80810FFF726FA60B181
:1074600020466A4602A9FFF7A1F905466019314690
:10747000FFF7D6FF284404B070BD4FF0FF30FAE7A5
:10748000020E0A70020C4A70020A8A70C870042048
:10749000704710B5047864F30702447864F30F2250
:1074A000847864F31742C47864F31F62047964F348
:1074B0000703447964F30F238479C07964F3174395
:1074C00060F31F63C1E90023082010BD10B40C460F
:1074D000082905D00021C2E90011204610BC7047E0
:1074E00010BC1146D5E71070030A5370030C93705B
:1074F000000ED0701171080A5071080C9071080EBE
:10750000D0710820704777B581B0164604469DF8C3
:107510000810FFF7CAF958B120466A4602A9FFF7DA
:1075200045F9054660193146FFF7B3FF2844A2E745
:107530004FF0FF309FE7000000280CD000290AD050
:107540004A68C0F801204988A0F80510062101709A
:10755000002101818172704710B54FF4006421460B
:10756000FE4807F028FF2146BDE81040FC4807F020
:1075700022BF30B50022F94D144605EB02110B78FD
:107580004BB1CB683BB1834201DACC6002E01B1AFD
:10759000CB6000D10C70521C802AEED330BD00238A
:1075A00020B103680B60808810800623184670475E
:1075B00010B5002148B1812100F8011B022100F81B
:1075C000011B0421FFF790FE0421084610BD70B591
:1075D00014460D46DCF7F7FD002801DA002070BDE7
:1075E00021462846BDE87040D7F7D8B87FB50024BB
:1075F00006460D46009401940294DA480394FFF77E
:10760000D7FF0204120C07D00196ADF80250D549FD
:107610006846FFF7DCFF044604B0204670BD2DE944
:10762000F04104001D4617460E464FF0000017D0EB
:10763000812020700420607005F10A0081B2A01C36
:10764000FFF752FE7288201D311D00F024FB00213F
:10765000001D03E07A5C2254401C491CA942F9D366
:10766000BDE8F081F0B50025BD4E2A462C460A291A
:1076700015D306EB021301271F700719241D3F685D
:107680005F60A4B20719A41C3F881F81A4B2071928
:10769000241D3F680A39DF60A4B289B206E006EB18
:1076A000021300271F705F601F81DF60521C802A59
:1076B000DDD30A2900D201252846F0BDF0B500220D
:1076C000A64D144601F11E0605EB02131F787FB18B
:1076D0005F68D0F804C067450AD11F89B0F802C0BE
:1076E000674505D105EB021001244181DE600BE006
:1076F000521C802AE8D33CB9002205EB02131B7808
:1077000023B1521C802AF8D32046F0BD05EB0212AB
:10771000436853604088108151810120D660107009
:107720000446F1E7F0B585B0002500950195029576
:107730000395ADF810502E462C4604AA01A9FFF778
:107740002EFF8648BDF8022000EB04110B7863B1D0
:107750004B68019FBB4208D10B89934205D100EBD6
:10776000041001260570CD6002E0641C802CEBD370
:1077700005B03046F0BD7FB5002413460A460146E9
:1077800000940194029477480394FFF748FF744DE6
:1077900086B205EB0410017811B34268C16862EA51
:1077A000010101910089ADF80200DCF72BFD019980
:1077B000884205D1DCF72AFDBDF8021088420FD0BF
:1077C000DCF70AFD0199884205D1DCF71FFDBDF801
:1077D0000210884204D0324662496846FFF7F7FE3D
:1077E000641C802CD5D37FBD1FB50C4600210091B1
:1077F0000191029103911346014622465948FFF731
:107800000EFF84B2DCF7FEFC0190DCF7FFFCADF864
:107810000200224653496846FFF7D9FE1FBD2DE9F5
:10782000FF410024054613460A4600940194029441
:1078300029464C480394FFF7F2FE484E87B206EB08
:1078400004100178F9B1C168E9B14168019100897A
:10785000ADF80200DCF7C0FC0199884205D1DCF7E5
:10786000D5FCBDF8021088420DD0019869688842A5
:1078700004D1BDF802006988884204D03A463949EB
:107880006846FFF7A4FE641C802CD8D3BDE8FF81B6
:1078900070B5344C06468120207000200D46607083
:1078A0000621A01CFFF720FD2946201DFFF71CFD27
:1078B00021463046BDE87040062288E670B5054690
:1078C00040F27621274800F0F1F90404240C04D09A
:1078D000224624492846FFF77AFE204670BD70B53F
:1078E000054640F276211F4800F029FA0404240CD2
:1078F00004D022461B492846FFF769FE204670BD8A
:1079000070B50024164B214603EB0112157855B1D2
:1079100055684668B54206D115894688B54202D1F8
:10792000D268521C04D0491C8029EDD3204670BD7A
:107930000124FBE72DE9F04393B00026ADF8006089
:107940000F960E9610961196059617460D4681468F
:1079500006960796089609960A9605E0C4A904605B
:10796000C4A104601C6901600B960C96ADF83460EC
:107970003446ADF80460DCF726FC00280ADBDCF7AF
:1079800022FCFE48FE4900880D60002802DD2878B0
:10799000812803D0002013B0BDE8F083DFF8E48332
:1079A0006978A81C88F801106946FFF7A2FCBDF8A9
:1079B0000000001F81B2ADF8001098F801000C28FB
:1079C0005CD2DFE800F0060F17C81E5C69C8707A49
:1079D0008CAA0DA9281DFFF78CFCBDF8340088F88F
:1079E0000000B8E0281DFFF73DFE08B1002160E06F
:1079F00010215EE00EA8FFF761FF002834DC202193
:107A000057E005A90A46281D06A9921CFFF7C7FDE5
:107A1000BDF80000801FADF800000EA8FFF770FF52
:107A200005F10A0860B1DCF7EDFB0A90DCF7EEFB2C
:107A3000ADF82600BDF80020414609A8FFF7C7FDB4
:107A400006980A90BDF81600ADF82600BDF8002093
:107A5000414609A8FFF7E3FE09A94846FFF76CFD78
:107A6000BDF80000B84205D375E02819807A285582
:107A7000641CA4B2BDF800008442F6D36DE001A9F5
:107A8000281DFFF736FCBDF804100EA8FFF716FE00
:107A90000028ABD130210CE00EA8FFF720FF002812
:107AA00059DC402105E0281DFFF73CFE00289DD150
:107AB00050210EA8FFF7ECFE4DE00A46291D0EA846
:107AC000FFF792FEBDF80020291D0EA8FFF753FE18
:107AD000BDF80020291D0EA8FFF7A1FE3BE0DCF752
:107AE0007BFB0F99884205D1DCF790FBBDF83A107B
:107AF000884230D00EA94846FFF71EFDBDF80000B1
:107B0000B84205D327E0281900792855641CA4B28F
:107B1000BDF800008442F6D31FE00EA94846FFF7E7
:107B20000BFDBDF80000B84205D314E02819007918
:107B30002855641CA4B2BDF800008442F6D382B27A
:107B400029460EA8FFF717FEBDF8002029460EA80B
:107B5000FFF765FE01E0ADF80060BDF800001AE730
:107B6000F0B587B015460022874E0092019202922E
:107B70000392ADF810208121317001891C46A1F5D6
:107B80007F42FF3A0AD009B1817A39B1017829B12F
:107B9000062916D04FF0FF3007B0F0BD7B4948886A
:107BA00030B10922727049680591ADF810000FE0FC
:107BB000DCF728FB0590DCF729FBADF810000B2063
:107BC00005E004AA05A9401CFFF7E9FC0A20707033
:107BD00005980190BDF81000ADF80200201D81B29B
:107BE000B01CFFF781FB801C87B2F01922462946A2
:107BF00007F0C8FB381982B263496846FFF7E7FC13
:107C0000CAE710B5614A604C5060518081202070F5
:107C1000052060700A21A01CFFF766FB6421201D6F
:107C2000FFF762FB2146BDE810400A225748CEE428
:107C300038B50025ADF80050524C4B7808466370BB
:107C40000A2B17D2DFE803F00511131616191B16BD
:107C50001D1F062A0ED36946001DFFF74AFBBDF81B
:107C600000002070ADF8005004E0102000E020205B
:107C7000ADF80000BDF8000038BD3020F8E7402026
:107C8000F6E75020F4E76020F2E73E4800787047BE
:107C90003C484078704707B5002228B10968016068
:107CA000BDF808108180062210460EBD2DE9F04770
:107CB0000024364E8946804621462046103606EB83
:107CC0000012127802B1491C401C8028F7D35FEAE9
:107CD00008004FF000020DD0812202700322427092
:107CE00001EB8101042202EB410189B2801CFFF704
:107CF000FBFA042214440025B2460AEB0510017871
:107D0000B9B104F10A01494501DD002414E000F194
:107D10000401028900F10C0718EB04064FF0000083
:107D200006D03046FFF7B7FF31183A680A60001DE9
:107D300004446D1C802DE0D32046BDE8F0872DE97A
:107D4000F047002588460746114C2946284604EB93
:107D50000012127802B1491C401C8028F7D3380069
:107D60004FF000021AD0812202700722427001EB0C
:107D70008101042202EB410189B20BE0D6010060CF
:107D8000EC010060CC0400601C690160B4A10460D7
:107D9000C4A90460B81CFFF7A7FA04221544002602
:107DA000A14609EB06142078B0B105F10A00404560
:107DB00001DD002513E02289211D7819FFF76BFFF3
:107DC000054461897819FFF78FFA0544A08981B2CB
:107DD0007819FFF789FA0544761C802EE1D32846EE
:107DE000ABE738B50546049C002054B1012C0ED0F9
:107DF000022C12D0042C0FD128460094DCF737FB5C
:107E000009E000200090284601F04AF903E02846E6
:107E10000094DCF709FA80B238BD28460094DCF7FC
:107E20008FFAF8E730B40446029B00202BB1012BF7
:107E300008D1204630BCDCF7D9BB204630BC00233B
:107E400001F050B930BC704729B1012901D0022995
:107E500003D1DCF744BD01F0AAB9704729B101296B
:107E600001D0022903D1DCF716BD01F090B97047AB
:107E7000F849002008707047F6484068704701468E
:107E80000120B1F5800F04D2F24A5160F24A11602C
:107E9000704700207047EF494968814201D10120B5
:107EA000704700207047DBF787BA10B5FCF735FB49
:107EB000441CFDF79CFB0444FBF72FFF0444FCF734
:107EC000AAF80444FDF721FD0444FDF716FA044422
:107ED00002F041F8044401F0F7FE044402F0F1FE20
:107EE000044402F0DFFF204410BD2DE9F0410024DE
:107EF00015460E460746012805D108203060D548B2
:107F00000124406828607F1E002C6FD17F1EFCF783
:107F100004FB874205D2022030603846FCF700FBA4
:107F20004BE03F1AFDF763FB874205D20520306026
:107F30003846FDF75FFB40E03F1AFBF7EEFE874255
:107F400005D2002030603846FBF7EAFE35E03F1AE4
:107F5000FCF761F8874205D2012030603846FCF713
:107F60005DF82AE03F1AFDF7D0FC874205D20420D5
:107F700030603846FDF7CCFC1FE03F1AFDF7BDF935
:107F8000874205D2032030603846FDF7B9F914E086
:107F90003F1A01F0E0FF874205D2112030603846D9
:107FA00001F0DCFF09E03F1A01F08EFE874207D2A4
:107FB00006203060384601F08AFE0124286015E072
:107FC0003F1A02F07EFE874205D28020306038469C
:107FD00002F07AFEF1E73F1A02F073FE874205D203
:107FE00013203060384602F05CFFE6E72046BDE82B
:107FF000F08138B5994C6079A179401CC2B2E37820
:10800000974801F26C7104F040F900200090237849
:108010006278A178934804F070FAA07A00B1012048
:10802000DBF782FABDE83840DBF7B0BA10B504469A
:10803000FFF7DFFF8A49086820608888A0808948A8
:108040000068C4F8060010BD10B5FFF7D2FFBDE808
:108050001040DBF797BADBF76ABA2DE9FF4FADF5B1
:108060001D7D00240646DDE9AAA79A949F987949C8
:10807000994625469B944FF0FF3B4D2850D022DC7B
:108080003E2875D010DC1E2873D006DC0B2871D07A
:108090000C2858D01C283AD1F6E02C2851D038288A
:1080A00069D0392833D1FDE0492829D006DC3F28A2
:1080B00072D0402871D0462829D13FE04B282BD0E0
:1080C0004C2824D17CE0782835D00EDC62283CD0C6
:1080D00006DC4F2827D060284ED0612817D138E021
:1080E0006B287DD0702812D11FE05F49B0F57A7FF0
:1080F00077D006DC79281AD08B2828D09B2806D187
:10810000BAE0A0F54070E9386CD001286BD00220AD
:108110008AF8000020208EE04A680821304666E098
:10812000DAF792F905E008218CE009788AE0DBF7BC
:10813000C1F90146A9E0DBF73FF9BAE0DBF7BCF98A
:10814000F7E74AA1A1E04BA19FE00121D5E00C2176
:10815000D3E096A803F026FDE8B2FCF7B7FE02468E
:10816000E9B296A803F027FD6D1C282DF4D322E078
:1081700064E083E06AE090E096A803F013FDE9B2C2
:10818000002296A803F017FD6D1C332DF7D3314C58
:108190004FF4806508340BE089E08CE0A06830B1D2
:1081A000804720B12178012296A803F004FD3834DD
:1081B0002088A842F2D396A93046FEF795FC18E035
:1081C000FFF773FE8046B9F1000F14D0B9F1FF3FFD
:1081D00013D09BAA9AA94846FFF787FE38B303E05D
:1081E0002FE06BE086E087E0DDE99A123046FEF78B
:1081F000ECFC044671E041467FE0012514E09BAAB7
:108200009AA92846FFF771FEDDE99A123019FEF7A8
:10821000DCFC04442044B0F5167F04DB36203870C3
:108220006FF001046DE06D1C4545E8D955E0022072
:108230008AF800002A2038705C4662E04FF416711C
:108240005BE003213046FEF781FED2E74EF6602167
:1082500053E00000D004006074020060E01700608A
:10826000800200608502006048FA0360302E382EDC
:1082700030000000312E300000213EE04FF4167136
:108280003046FCF716FDB4E7FDA1684603F048FD53
:1082900069463046FEF756FDABE7FD493046FEF72E
:1082A000BDFFA6E7FB493046FEF747FFA1E700F018
:1082B00066FF014621E000F066FFFAE788463019C4
:1082C000B8F800106943FEF710FE04442044B0F5EE
:1082D000167FA3DA6D1C052DF1D9002C11DB9F98B8
:1082E0004C280ED0B9F1FF3F0BD002208AF80000D5
:1082F0003220A0E7498800E0C98C3046FEF7F5FD42
:1083000077E70DF5217D2046BDE8F08F70B5ADF51E
:108310001A7D0446D0F8681200256A461030FDF731
:1083200018FE02232526002804DA84F86D3284F82A
:108330006E620AE020894C280BD0E168491C08D005
:1083400084F86D32322084F86E0200200DF51A7D1B
:1083500070BD09220DF10D014D2862D00DDC4028C1
:1083600030D005DC02A9382863D0392814D168E060
:1083700046284ED04B280FD115E0B0F57A7F10D0AB
:1083800004DC78283CD0792806D131E0A0F5407093
:10839000E93864D0012862D084F86D32202084F856
:1083A0006E022846D2E79DF802000C284DD1BDF898
:1083B0000800082817D10398FFF761FD98B10398CA
:1083C000C0B20DE09DF8020002283ED10298401E86
:1083D000FD2808D80298C4B2204600F0B6FE204618
:1083E000DBF7C1FC3FE084F86D3284F86E62D8E7B9
:1083F0009DF802000728D4D10846DBF760F832E088
:108400009DF802000228CCD1029880B2DBF772F806
:1084100029E09DF802000728C3D10846DBF75CF885
:1084200021E09DF8020007280FD10846DAF747FF40
:1084300019E09DF802000A2807D10846DBF77DF80D
:108440000BE09DF802000B2804D084F86D3284F80C
:108450006E22A6E70846DBF787F80546A1E79DF8F8
:10846000020002289DD101259BE72DE9F047044633
:10847000008800270225282690468946122854D2D3
:10848000DFE800F009320D212A1743534B535353B1
:1084900053535353533A6068FBF739FC16E0606856
:1084A000FCF735F880B3424649462046FCF772F99E
:1084B0003AE06068FDF795F830B3424649462046F9
:1084C000FDF750F930E06068FCF711FFE0B184F887
:1084D0006D5284F86E6228E06068FDF710FA98B17A
:1084E0002046FDF77EFB1FE06068FBF78EFD58B16C
:1084F0002046FBF71CFF17E0606801F026FD18B16D
:10850000204601F07BFE0FE00FE0606801F0D6FB33
:1085100058B1204601F062FC06E06068FFF7BBFC42
:1085200018B12046FFF7F2FE07463846BDE8F0874F
:108530000120704758484068704710B5564A0C46AD
:10854000014652680020914207D1D9F77DFF0146CC
:108550002046BDE8104003F0E3BB10BD08B14F4B0F
:10856000036011B14D485C300860002A02D04B48CE
:108570007030106070472DE9F04104464FF0FF382D
:10858000008800F0F6F805004FF001064FF01F07D5
:108590000AD0296941B16068884728B12146284638
:1085A00000F0F4F8804601E02676677640461EE546
:1085B00010B50C46014600202060A06020610846EE
:1085C00000F0D7F838B1036A2BB104F1100204F1BE
:1085D000080120469847206808B100F0C0F86060A4
:1085E000A06808B100F0BBF8E060206908B100F0B5
:1085F000B6F8606110BD10B500F0BBF8002800D0DF
:10860000406A10BD70B515460E46002400F0B1F862
:1086100028B142691AB1294630469047044620469F
:1086200070BD2DE9F043ADF5197D002690460F464B
:1086300081469696FFF739FC0546012432E097AA59
:1086400096A92046FFF751FC50B3969880B200F0EF
:1086500090F828B342691AB3694697989047F8B1E1
:108660006946484603F0ABFBD0B101260FB196989E
:108670003860B8F1000F17D09799C8F8001013E0D0
:108680004261636E65742050726F6475637400009C
:108690008002006085020060D0040060941E04081F
:1086A000FFE7641CAC42CAD90DF5197D3046BDE820
:1086B000F0832DE9F04116460F46002500F059F8E9
:1086C00004000AD0216941B13846884728B1A26A1E
:1086D0001AB13146384690470546284687E470B5BA
:1086E0000E46002500F045F8040009D0216939B193
:1086F0003046884720B1E26A12B1304690470546BD
:10870000284670BD70B50D4600F033F804000DD05A
:108710002269002A0AD028469047002806D0226BFA
:10872000002A03D02846BDE87040104770BD10B540
:10873000002400F01EF810B1806A00B10124204628
:1087400010BD70B50D46002480B200F012F820B1C3
:1087500002692846904700B10124204670BD0021DF
:1087600010B904E0001D491C0268521CFAD10846E9
:108770007047024626484FF4806302E0914204D0DD
:10878000383001889942F9D3002070472DE9FC4127
:1087900005460C694FF0FF30CCB14A69BAB10A897D
:1087A000022332264B2A14D04F2A28D0AF69002F3B
:1087B0000BD00B7601F119034E76581ECDE900035C
:1087C000CB68AD6949682046A847BDE8FC81002018
:1087D000FBE7CA68521C02D00B764E76F5E7088894
:1087E000082801D04A6803E0094A083A52684A60FA
:1087F000014602B02046BDE8F041FEF7E6B9CA687E
:10880000521CE9D109882046BDE8FC41FEF79EBB19
:10881000D8040060FD4810B50021017141718171DB
:108820000172417200F1240381621A6822F02B0266
:108830001A60F74A12788272F64A1278027301229D
:10884000C2728182C17101F00AF9012010BD704726
:108850000022FF2911D00123037041700121431828
:10886000491C5A700729FADB0281827200214318E1
:10887000491CDA720729FADB704702704270EDE793
:108880002DE9F043ADF5197D88465521A09D8DF861
:108890005812FF218DF859121F4691464FF6FF7668
:1088A00000248DF85A0203F033FC014640468DF84F
:1088B0005B8203F02DFC014648468DF85C9203F084
:1088C00027FC0146280A8DF85D0203F021FC0146D1
:1088D000E8B28DF85E0203F01BFCC0438DF85F0226
:1088E0003DB90EE0385D314603F02CFC641C0646B1
:1088F000A4B2AC42F6D3F0438DF86002000A8DF8C2
:10890000610201F097F8012001F08DF8B5B1DDE9C1
:108910009601CDE900012A46394602A806F032FD4B
:108920000DEB0500BDF8601201810A35A9B2684659
:1089300001F099F80DF5197DBDE8F083082196A89E
:10894000F6E72DE9F843B14D00248DF80040287971
:108950004FF0010805F12C0750B14FF00209012832
:1089600029D005F12406022860D0032829D118E176
:1089700001F08BF840B101F072F8E879FF2801D2DC
:10898000401CE871BDE8F8835146684601F07FF865
:108990000028F7D001F063F8E879FF2801D2401CE5
:1089A000E8719DF80000552801D185F8048085F80C
:1089B00004803870E6E701F03AF85A2802D9E5F762
:1089C0002AFB4BE101F061F838B101F048F8E87991
:1089D000FF28F6D2401CE87140E15146684601F09C
:1089E00056F80028CED001F03AF8E879FF2801D2F5
:1089F000401CE8719DF80000FF21FF2806D0552893
:108A000008D0032809D0192807D00CE06C822970FF
:108A1000797005E085F80480B4E76C82297078707D
:108A200085F80490AEE7E5F7F1FA17E100F0FFFFF3
:108A30005A2876D801F029F8002873D103E030686D
:108A400040F00100ABE05146684601F020F80028F4
:108A500098D001F004F8E879FF2801D2401CE871B1
:108A6000688A60B101282FD04FF00308022838D05F
:108A7000032849D0042856D0052863D0E3E029789C
:108A80009DF8000003F044FB28709DF80000287258
:108A9000397855290CD17978FF2909D1072807D9C8
:108AA00000F0DDFFE879FF2801D2401CE8712C714D
:108AB0009DF80000B8703878FF2802D1787819281E
:108AC0004ED0A5F812805DE729789DF8000003F0EC
:108AD0001FFB28709DF80000A871F870A5F812908F
:108AE00050E729789DF8000003F012FB28704849F0
:108AF0009DF8000068720978884201D1E5F768FAAC
:108B00009DF800003871DCE729789DF8000003F03B
:108B1000FFFA28709DF800000102A98278710420F4
:108B20000EE042E049E029789DF8000003F0F0FAF9
:108B30002870A98A9DF800000144A982B871052017
:108B400068821FE79DF80000F871304806212C303C
:108B5000EBF773FDF979BA7901EB0221814202D179
:108B6000F0F7E2FF0EE729789DF8000003F0D0FA55
:108B70002870552806D0E5F749FA306840F0010022
:108B8000306022E7A88AE8B3E98A88425BD86C8221
:108B90004FF6FF7028823DE7306840F002003060F9
:108BA0005CE000F044FF5A2804D9306840F001002E
:108BB000306004E700F069FF40B100F050FFE87951
:108BC000FF28BFF43CAF401CE87138E751466846C7
:108BD00000F05DFF0028B4D000F041FFE879FF28E5
:108BE00001D2401CE871698AA88A814214D2298A7C
:108BF0009DF8000003F0A6FA28829DF80010688A0C
:108C0000AA6A00E024E011540EE00000780700603A
:108C10008D0200605302006008D1298A9DF800008F
:108C200003F090FA2882688A401C89E7401C814240
:108C300087D1298A9DF8000003F084FAA0F57041DD
:108C40002882B83904D0306840F001003060EAE68C
:108C5000A879A97A88429FD0FF289DD02C7191E6EF
:108C60002DE9FC5FFA4E002406F1240BF178307BED
:108C7000491C401CB1FBF0F200FB1211B27A01F06A
:108C8000FF09511CB1FBF0F300FB1311C9B20091B5
:108C9000B17801274B1CB3FBF0F500FB1530C0B2D7
:108CA0000190304696F805C0DBF800300025407A88
:108CB0004FF0040A23F0040EBCF1090F74D2DFE870
:108CC0000CF0051274B0E1F2F1F0EF00B270F27046
:108CD0003220306277712EF003000124CBF80000BF
:108CE00000F0BDFED9E100F0A2FEDFF86883B0F528
:108CF000FA7F0ED3B8F80810491CA8F80810E5F759
:108D00008AF9F57106207071DBF8000020F003008D
:108D1000AEE0DBF800005F46C10707D0B8F80A10E4
:108D2000491CA8F80A10E5F771F98CE18107D9D53B
:108D3000317A072931D2DFE801F0040F30283020E2
:108D40001C00B179FF2928D0757020F0060038602A
:108D500002207071012423E000950023B27A717A19
:108D60000220FFF78DFDB8F85210491CA8F85210E8
:108D700013E040F0200038600FE040F02000386041
:108D8000B079FF2809D00820CBE0B08A0090B27AF1
:108D9000717A0420B36AFFF773FD70790828A1D0B7
:108DA000386820F0020051E176E18DF8045001A806
:108DB00000F00FFA308301469DF8040058B30228F2
:108DC0000BD0012809D00325032810D0042816D081
:108DD000052814D0062812D019E000919E4BB27AD3
:108DE000FF210620FFF74CFD86F805A00FE0E2F713
:108DF0006FFA0146308B0090984BB27A03E00091F5
:108E0000954BB27AB17B0520FFF73AFD757170780A
:108E1000401C707041E1F07A7070012486F805A062
:108E20003BE100F004FEB0F5937F04D9E5F7F3F8D9
:108E3000F07A707008E0DBF800005A46C10706D0EF
:108E400020F00100CBF8000086F805A093E0810730
:108E5000E0D5B179B37A994206D1317A04290AD0A2
:108E600006290BD0072906D07771106820F0020080
:108E7000CBF800007FE086F805A0F6E740F0200080
:108E80001060F8E7707896F80BC0604502D20220B7
:108E9000707170E0580707D4914205D1009938E00D
:108EA000E2E084E056E03EE0306A312813D26848C0
:108EB0005B07006A00F1010005D5009B994202D0D2
:108EC00075703062E3E73062002318460095FFF7C3
:108ED000D7FCF56119E04846894519D158070CD5EA
:108EE0000199F170002301200095FFF7C9FCB07AC9
:108EF000B070C6E90757072013E0F2700023184648
:108F00000095FFF7BDFCC6E90757F571052008E09D
:108F10000146F170002301200095FFF7B1FCF561D7
:108F200007207071B9E000F082FD5F2804D8F07965
:108F300004280ED977711EE0F06908B101992AE082
:108F4000F76100950023B27AB1781846FFF798FCD4
:108F5000F571A2E0B04602EB82014FF4FA7000EB2B
:108F6000410600F064FDB04207D298F807100429CA
:108F700002D988F8057001248FE098F80A004FF4B0
:108F8000FF7100EB8000464601EB400700F04FFD0B
:108F9000B8421CD20099F17000950023B27A0120EA
:108FA000FFF76EFCB07AB070F5613562B8E79907EB
:108FB0001FD5B179914202D1317A022908D0777157
:108FC0000124DBF8001021F00201CBF8001064E06E
:108FD000CBF800E0B070F57100230146184600950B
:108FE000FFF74EFCB07AF07035620520F5617071C4
:108FF000E7E700F01CFD5F2803D89BF80000C007DE
:109000004BD0DBF800005F46410704D502207570A5
:109010007071012417E0B178B27A914209D0F571EC
:10902000002318460095FFF72BFC0520F5617071B1
:1090300009E04946914513D0F170002301200095C5
:10904000FFF71EFCF561386820F00100386024E06D
:109050007807006048FA0360C4B10460886907605B
:1090600040F004003860D1E719070DD5308B00902F
:10907000764B717B0620FFF703FCDBF8001021F034
:109080000801CBF8001005E00146002307200095F9
:10909000FFF7F6FB777194E777712046BDE8FC9FF8
:1090A0002DE9F0416A4C1D46134606462268002011
:1090B000069F5FEA027C13D477B94878194660F3BB
:1090C000041222602A46614806F05CF9A4F12400EB
:1090D0000583717841732846216841F008012160B9
:1090E000BDE8F0812DE9F041594C0026243C0746AB
:1090F000A06A08B9A162E282554D2868810708D4A8
:10910000C00706D1FFF71DFC2868810701D4C007FE
:1091100002D0207918B10BE020790028F2D14D4817
:10912000A17A0078814203D8FFF79AFD0028FBD18D
:109130002868810607D520F020002860A68A012033
:109140003870607A78703046CAE74149243908732C
:10915000704740490978884206D83D4924398872C9
:109160000A7B904200D90873704739482438807AC6
:109170007047002802D036492439C87270473448F5
:109180002438C07A704732482438007B7047012267
:1091900002702F4A0021243A927A427001810A46D5
:1091A00081724318491CDA720729FADB70470021E3
:1091B00000280DD001220270FF2242704FF6FF728C
:1091C0000281002282724318491CDA720729FADBF5
:1091D000704730B504462048002189B00078022845
:1091E00014D0012812D0032810D004280ED01B4A16
:1091F0000020012513786BB110700022184919481E
:1092000001F0D8FC2570142009B030BD2146E1F7EB
:1092100005FEF9E7144A13784BB11070002305AA34
:1092200069460A4803F042FE80B22570ECE70F4A17
:1092300013784BB110700022501E014600F037FD2C
:10924000082002212170DFE70846DDE7C4B1046091
:109250009C07006053020060AE070060AF0700602B
:109260008502006080020060AC070060AD0700600E
:10927000002802D001684068081A704700B5020053
:1092800004D0FFF7F5FFD168884201D1012000BD6D
:10929000002000BD00B50B46020007D0FFF7E8FF35
:1092A000D268101A984201D3012000BD002000BDF1
:1092B00000B520B1FFF7DCFF08B1002000BD0120A0
:1092C00000BD002807D04168C2688068B1FBF2F396
:1092D00002FB1311405C704700B502460023FFF704
:1092E000E7FF50B95068D168B0FBF1F301FB130000
:1092F00091680B5C5068401C5060184600BD70B50A
:109300000C460346FFF7B4FF904200D91046824254
:1093100010D902460EE05968DD68B1FBF5F605FB91
:1093200016119D68695C5D686D1C5D600CB104F888
:10933000011B401E0028EED1104670BD70B50D46D1
:1093400003004FF0000409D0FFF798FF40B1224816
:109350000068B0F5967F01D9EBF73DFA204670BD65
:109360001868DA68B0FBF2F102FB110099680D543D
:109370001868401C18600124F0E7F0B50D46164649
:10938000044600271146FFF785FF90B175B910E03C
:109390002068E168B0FBF1F201FB1200A26815F849
:1093A000011B11542068401C2060761E002EEFD156
:1093B00001273846F0BD002801D0016841607047A0
:1093C000002808D0002906D0002A04D0002303601A
:1093D0004360C0E9021270478C0300602DE9F04140
:1093E00088B000268046059606A814460F460090D1
:1093F00003960496ADF8186005AB04AA03A940468D
:1094000003F038FABDF81810942917D00025401C35
:1094100028D0DDE903012246FBF778FB2178012201
:10942000F8B2012911D006291CD1BDF818109429D1
:109430001FD08DE8450043462A460FE00D2F01D08E
:10944000FF25E4E798F80C50E1E7BDF818109429DF
:109450000BD0CDE900060296627843462146039878
:10946000E4F70DFC08B0BDE8F0810090CDE90162A1
:10947000F2E7CDE9000243460292DDE710B586B07F
:109480000021019102910391ADF8101004A9144636
:10949000009103AB02AA01A903F0ECF9002804DD56
:1094A000DDE901012246FBF7B9FB06B010BD2DE94D
:1094B000F04188B00E460746984615461421684686
:1094C00005F079FF0020059006900790307801287C
:1094D00027D105AB3A466946304603F0E3FA044625
:1094E0009DF816004FF6FF7100281AD1002C18DDE8
:1094F000AC4216DCBDF80800B0B1884214D0DBF7EE
:10950000C6F9BDF80810884203D19DF80A00062864
:109510000AD0B8F1010F0FD078782A463146E1F72A
:1095200001FD08B0BDE8F081281B82B23119434625
:109530003846FBF78BFDF4E729463046E1F797FC08
:10954000EFE700002DE9FF41804608880C461E46E3
:1095500017464FF0FF35052855D006DC052810D2F8
:10956000DFE800F05F6D438D7F00112875D004DCCB
:10957000062873D0082804D10BE013286FD0802868
:109580006ED0012010701F20187004B02846BDE86E
:10959000F08196496068884201D0606802E0FEF779
:1095A0006BFC6060FEF777FC0028EED02289A2F504
:1095B0008070733807D0CDE900764046E368616873
:1095C000FEF74BFDA0E0002001900290039003AA5B
:1095D00002A901A8FEF7C2FF03980090DDE901236C
:1095E0002146404605F03AF98EE06068FAF78FFFB1
:1095F0000028CAD0CDE9007622894046E368616838
:10960000FAF7EAFF80E06068FBF7EBFF0028BCD0C8
:10961000CDE9007622894046E3686168FCF724F8CA
:1096200072E06068FAF773FB0028AED0CDE90076EF
:1096300022894046E3686168FAF7CAFB64E0606823
:10964000FAF7E3FC0028A0D0CDE900762289404655
:10965000E3686168FAF785FD56E01EE02BE046E01E
:1096600037E06068FCF74BF900288ED0CDE9007632
:1096700022894046E3686168FCF7B7F944E0606816
:10968000FBF735FE002880D0CDE9007622894046E0
:10969000E3686168FBF7ACFE36E0606800F055FCFB
:1096A0000028A6D0CDE9007622894046E3686168AB
:1096B00000F06AFC28E0606800F000FB002898D009
:1096C000CDE9007622894046E368616800F015FB29
:1096D0001AE0606801F0EFFA00288AD0CDE9007640
:1096E00022894046E368616801F00AFB0CE060688B
:1096F00001F0DBFB00288AD0CDE9007622894046C4
:10970000E368616801F03EFC05463EE72DE9F04F55
:1097100093B0804601208DF84000DDF870A01F2036
:109720000F468DF844001E46934651460BA8FEF79F
:1097300095FB0022114608A803F0A5F940F2391163
:109740000AFB01F02A4908AB01EB40040BAA594679
:10975000204603F015F90546307810B1317B6019C9
:109760003FE001AA3946404603F0A0FA0028317BC9
:1097700004EB050002DA0123002234E0804601AA4E
:1097800003F0F3FA814605EB0900204411AB10AA5F
:1097900001A9FFF7D7FE070009D4E91901EB090079
:1097A000204403F008FB09EB070108440CE010F12A
:1097B000020F14D09DF844000090317B40469DF884
:1097C00040300C2202F08EF92B18224608A9584688
:1097D000CDF800A0FEF705FB13B0BDE8F08F317B9C
:1097E00040460123042202F017F9EDE7FFFF3F0096
:1097F000886907607CB500220092019201AB6A463D
:1098000003F029FD0B4D012448B1401C08D0FEF7A0
:1098100033FB0099884204DB019A904201DC2C70F2
:109820007CBDB1F5800FFBD2034901988842F6D286
:109830007CBD0000AC070060FFFF3F002DE9F04356
:109840008BB01E460B4601218DF804101F21914656
:109850008DF80810129F594A194603F082FD804680
:10986000394606A8FEF7FAFA0022114603A803F0CB
:109870000AF940F239105249784301EB400403AB36
:1098800006AA4946204603F07BF80546B8F1000FCA
:1098900004DC60190123317B002205E0307830B10F
:1098A000317B60190123042202F0B6F870E04348CE
:1098B000008805283AD006DC05285FD2DFE800F0F2
:1098C000222A1C322E00112820D004DC062833D096
:1098D000082853D104E013283AD080284ED12FE035
:1098E00002AA01A93548FEF7C0FD2EE0317B6019C0
:1098F0000F22FDF7F0FC4BE002AA01A92F48FAF76E
:1099000049FF22E02D48FAF7E8FA1EE02B4800F064
:1099100075FC1AE02948FAF70AFD16E02748FCF71B
:1099200060F912E02548FBF7D9FD0EE002AA01A973
:109930002248FBF717FF08E0204800F04FFA04E048
:1099400002AA01A91D4801F02AFA0028CED115E08B
:1099500002AA01A9194801F0D1FB28B1317B601995
:109960000F22FDF7B8FC09E09DF808000090317B5C
:1099700060199DF804300F2202F0B4F89DF8080039
:109980000090317B60199DF804300F2202F0AAF894
:109990002B18224603A948460097FEF722FA0BB07F
:1099A000BDE8F08310B504460120A4788C4204D0B1
:1099B0000221002011700921197010BD38B4046013
:1099C00088690760F0B589B01F460E9E154631467E
:1099D00004A8FEF743FA0022114601A803F053F849
:1099E00001AB04AA29460B4802F0CAFF044640F224
:1099F0003910084A604302EB4000397B092203F02A
:109A00001FF92318034A01A928460096FEF7E9F931
:109A100009B0F0BD8869076025494FF4007201F56F
:109A20000070FFF7CDBC00B10120D7F7FBBF214884
:109A30000088704710B5F0F774F8052809D006289B
:109A400009D0072809D002201A490A888242FCD38B
:109A500010BD0620F8E70420F6E70320F4E71549D7
:109A600000200880704770B50C460546EFF778FA7D
:109A7000401C06D0EFF774FA024621462846EAF762
:109A8000F4FD0C490020088070BD0020704770B5BF
:109A9000054600240848FFF70BFC28B91DB106480D
:109AA000FFF71AFC28700124204670BD70470000A3
:109AB000A8B60460B0070060A8B804602DE9F041C2
:109AC0008AB00F4680461546114604A8FEF7C6F92F
:109AD0000022114601A802F0D6FF40F239103049A9
:109AE000684301EB400401AB04AA4146204602F062
:109AF00047FF2C490646A0193A460978E3F75FF973
:109B00003318224601A940460095FEF76AF90AB0CB
:109B1000BDE8F0812DE9F0478AB0894682461646B5
:109B2000114604A8FEF79AF90022012101A802F0CB
:109B3000AAFF40F23910DFF86880704308EB400458
:109B400001AB04AA5146204602F01AFF074603F073
:109B50009EFA050001D103F029FA2946E0194A4688
:109B6000E3F754F807445EB90F483A46016821F01C
:109B70000801016041460D4805F004FC0C480770DF
:109B800022463B4601A950460096FEF72AF90028D6
:109B900003DD28460AB0BDE8F0876FF00100F9E761
:109BA000886907603C0200609C070060C4B10460E3
:109BB000480200602DE9F0478AB089468246904607
:109BC0001D46194604A8FEF749F90022114601A8CE
:109BD00002F059FF40F2391105FB01F0344F01AB9F
:109BE00007EB400404AA5146204602F0C9FE06468F
:109BF000A0194246494603F00FFB064435B93946E1
:109C000032462C4805F0BEFB2B48067022463346F0
:109C100001A950460095FEF7E4F80AB0BDE8F087C8
:109C200070B586B00D460646144611466846FEF7E6
:109C30000BF923462A4631466846FFF7BBFF06B0BC
:109C400070BDF0B587B00D4606461446114668460D
:109C5000FEF7FAF80020ADF808009DF804008DF832
:109C600014009DF803008DF815009DF802008DF892
:109C700016009DF801008DF817009DF806008DF87C
:109C800018009DF805008DF8190000216A4605A806
:109C90005718435C491C7B700629F9DB23462A468A
:109CA00031466846FFF786FF07B0F0BD82E7B7E7A9
:109CB00088690760C4B1046048020060052801D2C9
:109CC0000120704700207047974800787047401C7B
:109CD0007047401E704710B50C46014600204A1ED2
:109CE000042909D2D1B20620D7F77CFF01462046CD
:109CF000BDE8104002F014B810BD2DE9FF4FADF5DE
:109D00001B7D491EDDE9A898002407460D464FF04B
:109D1000020A4FF0FF3B4D2A14D006DC172A35D03B
:109D20001C2A16D04B2A04D107E04F2A1ED0552AF0
:109D300020D089F800A0202148E00A460621FCF73F
:109D400044FF04E0C9B20620D7F74CFF05E0044603
:109D500034E0C9B20620D7F794FE0146684601F008
:109D6000DFFF69463846FCF7EDFFF0E70621FDF717
:109D7000EDF8ECE7CAB200210620D8F775F905F036
:109D800032FE01463846FDF7B0F8E0E7002610E065
:109D9000E9B2324698A8D8F7A1FCDDE99801CDE9EF
:109DA0009601381996AA0021FDF746FA761C04445C
:109DB000F6B2E8B2D8F72DFCB042E9D8002C08DBA7
:109DC0009E98401C05D089F800A0322188F8001028
:109DD0005C460DF51F7D2046BDE8F08F2DE9F04172
:109DE0000446007C0026ADF51C7D00074FF00207FD
:109DF0001CD46A4604F11000D4F86812FCF7A9F8E4
:109E0000002803DA84F86D72252008E02089822872
:109E10000CD0E068401C09D084F86D72322084F8C0
:109E20006E0200200DF51C7DBDE8F081656820897B
:109E300009216D1E4F280FD00ADC172823D00DF101
:109E40000D031C2847D0242806D04D2804D137E024
:109E500051284BD0552806D084F86D72202084F804
:109E60006E023046DEE79DF80200042842D19DF8DC
:109E7000080005F07CFD0346EAB294F86C12062057
:109E8000D8F7E4FD41E0D4F86802052190FBF1F039
:109E900000F0FF080027E8B2D8F7D8FB00260CE056
:109EA000E0199AA91130FDF7D5F9DDE99A12E8B267
:109EB000D9F749FA761CF6B27F1D4645F0D324E067
:109EC0009DF80200072815D1EAB294F86C1206201A
:109ED000D9F72DF919E09DF8020007280AD1EAB256
:109EE00094F86C120620D8F7FBFC0EE09DF80200F7
:109EF000012804D084F86D7284F86E12B1E79DF8E1
:109F00000820E9B20620D9F7B9F80126A9E708B177
:109F1000064B036011B1054808380860002A02D0DA
:109F20000248001F10607047B20700601C1F040841
:109F300008B1FB4B036011B1F94808380860002AEA
:109F400002D0F7480C3810607047092801D2012070
:109F5000704700207047F34800787047401C7047F6
:109F6000401E704710B50C46014600204A1E0829C5
:109F700009D2D1B20520D7F735FE01462046BDE80B
:109F8000104001F0CDBE10BD2DE9FF4FADF24C7D6C
:109F90000446491EDDF854070026DDF884B79946CB
:109FA0000D464F2841D010DC262873D006DC1C2833
:109FB0002ED020286FD0242817D115E13628F4D0D0
:109FC0004B2818D04D2810D11BE06728F5D006DCAF
:109FD00051283BD055282AD0582806D109E16F28AE
:109FE0007ED07B2839D0AE28E7D0DDF8801702205C
:109FF00008702021BFE00A4611212046FCF7E5FD4C
:10A0000004E0C9B20520D7F7EDFD05E006469DE066
:10A01000C9B20520D7F735FD01469CA801F080FEA6
:10A020009CA92046FCF78EFEF0E71121DDE0CAB2C4
:10A0300000210520D8F718F800F0FF400AE00121C0
:10A0400000E000212046FCF786FCDFE7C9B20520CE
:10A05000D7F7A4FF0028F4D0F1E7B9F1000F77D0CB
:10A06000B9F1FF3F4FF0090A0BD0B9F1070F7DD8C6
:10A07000A9F1010820460021FCF739FB074600261C
:10A0800058E00027A0190021FCF731FB00EB06087F
:10A0900000261EE05CE077E0F3B2FAB2E9B20DF51B
:10A0A0009960D8F7DCF94FF41C720DF59961684698
:10A0B00005F068F98DF80AA0F2B2F9B2E8B2D8F763
:10A0C000C5F9049004EB0800694603F0DFF9804409
:10A0D000761CF9B2E8B2D8F7EDF9B042DCDC00E06A
:10A0E00060E004EB08000021FCF714FB7F1C00EB90
:10A0F0000806072FC6DB29E0F3B208F0FF02E9B239
:10A100000DF59960D8F7ABF94FF41C720DF5996114
:10A11000684605F037F98DF80AA0F2B208F0FF01A1
:10A12000E8B2D8F793F90490E019694603F0AEF964
:10A130000744761C08F0FF01E8B2D8F7BBF9B0423B
:10A14000DADCE0190021FCF7E5FAC619002E16DB6F
:10A15000B9F1FF3F13D0DDF854077B280FD0DDF8AD
:10A16000801702200870322105E0FFE7DDF8801734
:10A17000022008702A218BF800104FF0FF360DF2F4
:10A180005C7D3046BDE8F08FA421FF202170607017
:10A19000A070E07020716171A071E0712072607236
:10A1A0000A26D5E70DF5E76001F0FCFC0022114618
:10A1B0000DF5E76001F0FFFC002201210DF5E760DD
:10A1C00001F0F9FC002202210DF5E76001F0F3FC3B
:10A1D000002203210DF5E76001F0EDFC0DF5E761CC
:10A1E0002046FCF781FC11E700212046FCF7AEFE7B
:10A1F0000CE70A212046FCF778FE07E72DE9F04737
:10A200000446007C0025010704F11000ADF59C6DAB
:10A210004FF0020680461AD402AAD4F86812FBF75F
:10A2200098FE002803DA84F86D62252008E0208972
:10A2300082280CD0E068401C09D084F86D6232207E
:10A2400084F86E0200200DF59C6DBDE8F08767680C
:10A25000208909217F1E4F2826D012DC0DF115031D
:10A26000262821D006DC1C287DD020287CD024285C
:10A2700015D119E0362828D04B2815D04D280ED1FD
:10A2800085E0672810D006DC51286ED055280DD007
:10A29000582804D108E06F2806D07B2816D084F80F
:10A2A0006D62202084F86E022846CCE79DF80A00F3
:10A2B000012877D19DF8100005F059FB0346FAB24A
:10A2C00094F86C120520D8F7C1FB93E04FF0000919
:10A2D0004D464FF0070A41E004EB050898F81000DE
:10A2E0000E2807D00F280DD0B6FBFAF10AFB11603B
:10A2F000A0BB19E00026F8B24946D8F7EAFF6D1C6A
:10A30000ADB22BE0B6FBFAF16D1C0AFB1160ADB2E9
:10A3100020BB09F1010000F0FF0900261EE000004B
:10A32000401F0408B407006008F110009CA903F066
:10A33000CEF898F81500912818D0B6FBFAF2FF2154
:10A340009DF87102CDE90001AD1DADB29DF87032EE
:10A35000F8B24946D8F7D8FFF61DF6B2D4F868022D
:10A36000A842B9DC46E01EE038E027E0B6FBFAF28E
:10A3700098F816109DF87102CDE900019DF8703231
:10A38000F8B24946D8F7C0FFED1DADB2E4E79DF83D
:10A390000A00072816D1FAB294F86C120520D8F7F3
:10A3A000C6FE27E00EE09DF80A0007280AD1FAB29F
:10A3B00094F86C120520D8F793FA1BE09DF80A0078
:10A3C000012804D084F86D6284F86E126CE79DF861
:10A3D0001020F9B20520D8F751FE0BE0064940469F
:10A3E000FCF750FF04492044891D1030FCF74AFF58
:10A3F0000028EBDD012557E7B60700602DE9FF4F88
:10A4000091B09A46209F93465FEA000937D002F048
:10A410003EFE060037D039460BA8FDF71FFD00228F
:10A42000012108A802F02FFB40F23910DFF8D0809C
:10A4300007FB00F108EB410408AB0BAA4946204694
:10A4400002F09EFA05461E98ADF804B0ADF80C0077
:10A450001F980490CDF808A0601901AA314602F0B7
:10A4600003FC05441299A8B288421ED200902346EC
:10A4700008AA4946304602F044FE3FB10DE00020F4
:10A4800015B0BDE8F08F02F091FD12E041462A467A
:10A490001C4804F077FF1C48057022462B4608A98B
:10A4A00048460097FDF79DFC03E0304602F08BFD27
:10A4B00000263046E4E72DE9F0478AB08A46DDE918
:10A4C000127680461D469146142103A804F073FFBE
:10A4D00000200446089003AA08A94046FAF7D9FAD2
:10A4E00050B10898CDE9005781B202964B465246CA
:10A4F00003A8FFF783FF04460AB02046BDE8F087B3
:10A5000088690760C4B10460480200602DE9FF4F0C
:10A51000ADF52B7D9B4603460020DDF8E4A289467D
:10A520000646AA90BC9F9DAAAAA91846FAF7B1FAB6
:10A53000E8B302F0ACFD06003ED03946A5A8FDF711
:10A540008DFC00220121A2A802F09DFA40F23910F0
:10A55000DFF81C8107FB00F108EB4104A2ABA5AAC0
:10A560009DA9204602F00CFA0546AD980290BB98D2
:10A570000490ADF80490ADF80CB05246CDF86CA242
:10A5800005A8B89904F0FEFEBA988DF8700260191B
:10A5900001AA314602F09DFE0544AA9885421DD2CB
:10A5A000A8B200902346A2AA9DA9304600E003E08D
:10A5B00002F0A7FD1FB109E002F0F8FC12E04146ED
:10A5C0002A462C4804F0DEFE2B48057022462B4616
:10A5D000A2A99DA80097FDF704FC03E0304602F015
:10A5E000F2FC00260DF52F7D3046BDE8F08F2DE9F9
:10A5F000FF4FADF51B7D0E46DDE9A84BDDE9AA7ADC
:10A600004FF41678414605A8DDF8B09204F0D3FE69
:10A610000025042E0AD0052E08D0032E06D00420D3
:10A62000A070002121706070A76006E00920A07072
:10A6300017F0FF4000D00120A06005AF3CB17819B1
:10A640002146FBF743FE411941450FDA0544CDE9A8
:10A650000075CDF808B0CDE903A9DDE99D233146A9
:10A660009B98FFF753FF0DF51F7DBEE70020FAE72B
:10A6700088690760C4B10460480200602DE9F04FAA
:10A6800016468846834689B01C461989DE48DA6832
:10A6900003F0A9F8054603464246DB4958460096B2
:10A6A00003F006FB36276FF0010978B301208DF81F
:10A6B0001C001F208DF81D002088ADF80400606884
:10A6C00002902089ADF80C00E0680490CE48059017
:10A6D0004FF41670069001A8FDF74DFF00281CDA14
:10A6E000811C14D0C11C12D09DF81D209DF81C1097
:10A6F000C54803F0ACF8824608EB05025346C24950
:10A700005846009603F0D4FA00B114E016E09DF824
:10A710001D10617409B0BDE8F08F08EB05010A183F
:10A72000921CB2420ADA01EB0B030246B649184604
:10A7300003F06EF8824605EB0A00EBE767744846C3
:10A74000E8E72DE9FF4F97B0002583462C46A84641
:10A7500011A82499FDF782FB002211460EA802F0F1
:10A7600092F9249840F239114843A8490EAB01EB05
:10A77000400011AA0C90199902F002F90D901A9854
:10A78000007828B136208DF815006FF00108F2E04E
:10A790001A98017BDDE90C028618304603F007F8B1
:10A7A0000446189801AA411B0BEB050002F070FF4C
:10A7B00000286FDB284487B2BDF80400082806D1C2
:10A7C00093490298884202D1FDF756FB029001A9F5
:10A7D0008D4802F0F6FF03464FF4167000903046A5
:10A7E0002246894903F064FA0004000CCAD00444EC
:10A7F000189801AAC11B0BEB070002F082FF00288A
:10A8000048DBBDF80C10384487B2082907D0692905
:10A8100005D0502903D0A1F58070733870D1049809
:10A820000025401C25D07848049A02F0DCFF05463C
:10A830004FF4167930462B4622467349CDF80090E6
:10A8400003F036FA0004000C9CD02C443222022182
:10A850006D4802F0FCFF054630462B4622466A4909
:10A86000CDF8009003F024FA0004000C8AD02C44A8
:10A870005BE08946BDF8040006A9FDF799FE0020BB
:10A880004946B9F1080F06D069290AD0B9F1500F2D
:10A8900009D009E082E00999079808440B99084417
:10A8A00002E0079800E009985FEA000A6DD03AE0FC
:10A8B00004443AE0DDF82CC0099B07994A464FF062
:10A8C000FF30B9F1080F05D0692A16D0B9F1500F41
:10A8D00017D01BE08D4201D2069915E0CA18AA4292
:10A8E00002D9681A089905E002EB0C03AB420DD9B6
:10A8F0000A99A81A51F8200008E08D42ECD305E02F
:10A9000043E09D4202D2089951F82500ADF80C00B1
:10A91000A1B2304601AB4FF41672FFF7AFFE00282C
:10A920003CDD04446D1C5545C4D30BEB07000121ED
:10A93000FBF7FCFF00283FF45BAF7F1CBDB2324841
:10A9400002F0A2FF03464FF41670009030462246F4
:10A950002D4903F0ADF90004000C87D00444189889
:10A960008542FFF41EAF1A988068A042FFF60AAF36
:10A97000B8F1000F3DD018F1020F11D0B8F1FF3F30
:10A980001CD018F1030F27D033E0A1B2304601AB41
:10A990004FF41672FFF772FE002889DC8046E7E765
:10A9A0009DF8150001F024F802461A98017BDDE9B4
:10A9B0000C031844012301F02FF819E09DF815004D
:10A9C00000901A989DF81430017BDDE90C021044C8
:10A9D0000E2201F087F80BE09DF8150002F010F947
:10A9E00002461A98017BDDE90C03184402F028F9AD
:10A9F00004460D980EA92318249800900C9A1998D3
:10AA0000FDF7EFF91BB086E6B8B804608869076007
:10AA1000FFFF3F002DE9F04FADF5277D06460120F1
:10AA200000248DF89402DDF8C0A21F208DF8980252
:10AA30001878994693468846274620B136208DF8E7
:10AA40007202A51E2FE0A8EB040081B2301901AA02
:10AA500002F0A3FF051E25DD2C4430190121641CE2
:10AA6000FBF74EFFD8B1A8EB040081B2301901AA60
:10AA700002F0DDFF051E15DD2C44A6AAA5A901A83C
:10AA8000FDF7F3FC40B130190121FBF74FFF00281F
:10AA9000E9D0641C3FB902E00127BD1E03E0444534
:10AAA000D1DB00E001275146A0A8FDF7D7F900222D
:10AAB00011469DA801F0E7FF40F239110AFB01F0B1
:10AAC00020499DAB01EB4004A0AA5946204601F065
:10AAD00057FF0646002027B3A91C04D0691C0ED0DE
:10AAE000ED1C13D022E09DF8720200F081FF0246B7
:10AAF00099F80C10A019012300F08EFF16E099F8C8
:10AB00000C10A01901AA03F092F80FE09DF8720250
:10AB100002F076F8024699F80C10A01902F090F8AD
:10AB200004E099F80C10A01903F077F833182246C6
:10AB30009DA95846CDF800A0FDF753F90DF5277DE6
:10AB4000BDE8F08F886907602DE9F0478AB0894633
:10AB5000824690461D46194604A8FDF77FF900225B
:10AB6000114601A801F08FFF40F2391105FB01F0F9
:10AB70004B4F01AB07EB400404AA5146204601F0BD
:10AB8000FFFE0646A0194246494603F0C3F80644B4
:10AB900035B939463246434804F0F4FB4248067062
:10ABA0002246334601A950460095FDF71AF90AB02E
:10ABB000BDE8F08770B586B00D46064614461146CE
:10ABC0006846FDF741F923462A4631466846FFF7B5
:10ABD000BBFF06B070BD2DE9F0418EB00F46804638
:10ABE0001546114601A8FDF72FF9294609A8FDF7DA
:10ABF00035F90022114606A801F045FF40F2391050
:10AC0000274E684306EB400406AB09AA01A920467B
:10AC100001F0B6FE20443A46414603F077F8074675
:10AC200035B9024631461F4804F0ACFB1E48077098
:10AC300022463B4606A901A80095FDF7D2F80EB0C2
:10AC4000BDE8F08170B586B0054603A8FDF7EEF9C2
:10AC5000FDF701FA08B1012400E00024FDF7F4F942
:10AC6000064603A9684601F03CFC3146684601F0FF
:10AC700099FC24B16FF03B01684601F093FC6846F3
:10AC80002A46811DFFF7A7FFA3E73EB504466846A5
:10AC9000FDF7CCF968462246811DFFF78BFF3EBDCC
:10ACA00088690760C4B1046048020060002801D0D0
:10ACB0006F49016070470B2801D2012070470020C6
:10ACC00070476C4800787047401C7047401E7047C2
:10ACD00010B500210A2804D2C2B20A20D7F7C4F95D
:10ACE0000146084610BD10B50A2807D2C2B20B466D
:10ACF00000210A20D7F7AAFE012010BD002010BDB8
:10AD00002DE9F043ADF5177D994606461346DDE97A
:10AD10009E540020491E471E0A464FF002084B2B46
:10AD200009D04D2B0CD04F2B0FD0552B12D085F8BE
:10AD3000008020202DE080213046FBF746FF20E0F8
:10AD4000C9B20A20D6F74EFF13E080213046FCF747
:10AD5000FDF816E0042A07D20846FFF7B9FF0146BE
:10AD60003046FCF7A0F90CE00DD14FF00400D8F705
:10AD7000FEFF0146684600F0D3FF69463046FBF708
:10AD8000E1FF002807DBB9F1FF3F04D085F8008020
:10AD90003220207038460DF5177DBDE8F0832DE98F
:10ADA000F04104464068ADF51A7D401E15460E463A
:10ADB00000278046FFF77FFF68B16A4604F1100064
:10ADC000D4F86812FBF7C5F801004FF0020006D571
:10ADD000307025200BE0012030701F2007E0228911
:10ADE000572A0AD0E168491C07D0307032202870F9
:10ADF00000200DF51A7DBDE8F08109230DF10D014C
:10AE00004D2A21D0552A04D0307020202870384691
:10AE1000EFE7B8F1040F0DD29DF80210042906D116
:10AE200094F86C2240460299FFF75DFF0AE030700B
:10AE30002B70ECE7EBD19DF80220072AF7D1042014
:10AE4000D8F7EAFF0127E2E79DF80220072A04D09D
:10AE500084F86D0284F86E32D9E794F86C020B46E0
:10AE6000014608F0FF020020D8F761F9EAE7000088
:10AE7000741F0408C207006008B1CD4B036011B114
:10AE8000CB4824300860002A02D0C948001F106057
:10AE900070470146C7480078421C914200D20846DC
:10AEA00070477047C3480078704700B5FFF7F1FF5F
:10AEB000C0490978491C884201D2012000BD002008
:10AEC00000BD10B50123FFF7E4FFBA4909788842B5
:10AED00007D2C2B200210B20D7F7C6F804F083FDD9
:10AEE0000346184610BD70B50D460026FFF7D1FF8A
:10AEF000B0490446097888420FD275B1E0B2D8F75C
:10AF0000A0FEA84209D3284604F031FD0346E2B270
:10AF100000210B20D7F79AFD0126304670BD70B591
:10AF20000D460026FFF7B5FFA2490446097888427E
:10AF30000BD255B1E0B2D8F784FEA84205D36D1EFE
:10AF4000E9B2E0B2D8F7A5FE0646304670BD2DE95D
:10AF5000F04116460C4607460025FFF79AFF954933
:10AF6000097888420BD254B1C0B2D8F76AFEA04229
:10AF700005D3611E012532463846D8F7A3FE284680
:10AF8000BDE8F0812DE9F04FADF51B7D8146DDE98F
:10AF9000A4861D46924600240846FFF77AFF024623
:10AFA0005046BAF14D0F1DD009DC1C281FD02428B3
:10AFB00047D04A2861D0BAF14B0F09D10DE04F2894
:10AFC00022D0552822D06E2846D0BAF16F0F21D05A
:10AFD000022088F80000202088E013214846FBF773
:10AFE000F4FD37E0D1B20B20D6F7FCFD03E0D1B27F
:10AFF0000B20D6F746FD0146684600F091FE6946F3
:10B000004846FBF79FFE25E013211BE01046FFF7A3
:10B0100058FF1BE096A800F0C5FD0022114696A837
:10B0200000F0C9FD0022012196A800F0C4FD002215
:10B03000022196A800F0BFFD96A94846FBF754FDF3
:10B0400008E000214846FBF781FF03E0014648463F
:10B05000FBF74BFF044631E07DB1681C104610D071
:10B06000FFF717FF0446C0B2D8F7EBFDA84239D36B
:10B0700029462046FFF753FFBDE7D0B2D8F7E1FDE0
:10B08000E4E7FFF706FF8346012711E039465846FB
:10B09000FFF745FF0146684600F042FE09EB040059
:10B0A0006946FBF74FFE0444B4F5167F15DA7F1CA2
:10B0B0000BF0FF00D8F7C5FDB842E7D2002C18DB33
:10B0C000BAF16E0F15D0BAF1570F12D06D1C10D017
:10B0D000022088F80000322008E0052188F80010DE
:10B0E000122003E0022088F800002A2030704FF080
:10B0F000FF340DF51B7D2046BDE8F08F2DE9F043B0
:10B100000446ADF51B7D15460E464FF0000840681D
:10B11000FFF7BFFE6A4604F11000D4F86812FAF790
:10B1200018FF02274FF02509002803DA377085F849
:10B1300000900AE020896E280CD057280AD0E168D8
:10B14000491C07D037703220287000200DF51B7D78
:10B15000BDE8F0834F2825D006DC1C2822D0242807
:10B1600020D04A2806D11DE0552806D06E2819D0D7
:10B170006F2817D03770202016E004F26E235A1E75
:10B1800002216846FEF70EFC5FEA00080DD0029926
:10B190006068FFF7A8FE5FEA000806D1377085F8FF
:10B1A000009002E03770282028704046CEE700006B
:10B1B0008C1F0408C3070060704770472DE9F047F3
:10B1C00008220025431EDCB26308FC4EFC4F768843
:10B1D000A7F1280C2A2E7CD3032B52D84FF06409F8
:10B1E00003EB031307F5B07606EB4306338C8B4273
:10B1F00004D307EBC4004068BDE8F08733888B4276
:10B2000002D857F83400F7E7082337E036F8138000
:10B2100088451ED8A3F1010A36F81AA08A4518D32A
:10B220005B1E5A1C36F8135036F81220AA1A002A50
:10B23000E2D0681A00FB09F090FBF2F003FB090171
:10B240005CF82400484390FBF9F057F834100844A8
:10B25000D2E702B9012502EBD2725210884501D91A
:10B26000134400E09B1A002B02DC57F83400C3E7BC
:10B27000102B03DB07EBC4004068BDE7002DC5D0F1
:10B28000C3E06426CE4AFA3213888B4202D357F8C1
:10B290003400B1E7B2F864308B4203D807EBC40046
:10B2A0004068A9E74FF47A78DFF8189359E0538E95
:10B2B0008B422CD2192332F813A08A4522D803F1ED
:10B2C000010A32F81AA08A451CD35D1C32F815A079
:10B2D00000E049E032F81350AAEB05026AB1481BBE
:10B2E000704390FBF2F003FB06015CF82400484336
:10B2F00090FBF6F057F83410084490FBF8F1A9F8E9
:10B30000101079E75B1CDBB2322BD4D329E0002389
:10B3100032F813A08A4520D803F1010A32F81AA0A6
:10B320008A451AD35D1C32F815A032F81350AAEBE7
:10B3300005026AB1481B704390FBF2F003FB060163
:10B340005CF82400484390FBF6F057F834100844AA
:10B3500090FBF8F1A9F812104EE75B1CDBB2192B39
:10B36000D6D3002DA3D050E04FF06409944E03EBE8
:10B370000313503606EB4306338C8B4203D307EBA3
:10B38000C400406838E733888B4202D857F834004D
:10B3900032E7082337E036F8138088451ED8A3F13A
:10B3A000010A36F81AA08A4518D35B1E5A1C36F8D3
:10B3B000135036F81220AA1A002AA2D0681A00FBED
:10B3C00009F090FBF2F003FB09005CF82410414304
:10B3D00091FBF9F057F8341008440DE702B9012544
:10B3E00002EBD2725210884501D9134400E09B1A37
:10B3F000002B02DC57F83400FEE6102B03DB07EBD2
:10B40000C4004068F8E6002DC5D00020F4E62DE920
:10B41000F0410B460121143800B2C0EB00106A4A1B
:10B42000C0EBC000841801EB410004EB400209327C
:10B43000B2F90000FFF7C1FE984207D1D2F802002E
:10B44000FFF7BAFEBDE8F04104F088BA32F9060C05
:10B45000FFF7B3FE984207D152F8040CFFF7ACFE99
:10B46000BDE8F04104F07ABAB2F90000FFF7A5FE9A
:10B47000984208DD32F9060CFFF79FFE984202DA87
:10B48000491E09B203E0491C09B20E29CBDD0F2980
:10B4900022DB0F34B4F9001034F9060C81420DDDC3
:10B4A000984205DB54F8040CBDE8F04104F056BAAC
:10B4B000D4F80200BDE8F04104F050BA984205DC2F
:10B4C00054F8040CBDE8F04104F048BAD4F8020086
:10B4D000BDE8F04104F042BA01EB410004EB400446
:10B4E0000934B4F90600FFF768FE0146B4F900001C
:10B4F000FFF763FE081A06B2344F96B1B4F90000A4
:10B50000FFF75BFE181A04F029FA394604F03BF9FC
:10B510000546304604F022FA0146284604F065F953
:10B520000546A068FFF748FE0146D4F80200FFF781
:10B5300043FE081A04F012FA014611F0FF4F10D032
:10B54000284604F020F9394604F04FF90546D4F8AE
:10B550000200FFF731FE04F001FA294604F0BBF8BF
:10B5600005462846BDE8F0812DE9F05F0026012759
:10B57000174C124840882A2800D304274FF0040AA9
:10B58000DFF850804FF47A7B4FF00009E6E1304657
:10B59000E2F7AEFE00285AD0E2F740FEB04279D979
:10B5A00094F82D00A0F11401042918D894F923006F
:10B5B000011111D0000908F8060025E0E2580260E8
:10B5C000E41F040848FA036010BB046000007A44DA
:10B5D0001DBD04609DC8046008F806A014E094F83E
:10B5E0002810A9B30B2837D0112835D0132837D00D
:10B5F000102835D00D2837D0122835D0092837D05B
:10B600000A2835D008F806A094F8230000F00F00AF
:10B6100018F8061040EA011084F82300E2F704FE4F
:10B62000B0426ED984F8249084F8259084F82A904A
:10B63000CD4918F806008A5D904203D088553046FF
:10B64000E2F71EFD94F92700B0B101287ED082E117
:10B65000FFE708F806A0D7E7022008F80600D3E7BE
:10B66000032008F80600CFE7012008F80600CBE722
:10B67000052008F80600C7E794F82D00002866D0DA
:10B680003046E2F717FD054694F9280018B1012865
:10B690003AD006E153E114F8230F00F0F0002070D7
:10B6A000A07A233CA0F10C010A2908D8B5EB472F5A
:10B6B00001D9012100E0002184F8261007E0B5EB54
:10B6C000472F01D3012100E0002184F8261017380C
:10B6D000072807D8B5EB472F01D3012000E0002051
:10B6E00084F8260094F8260008B1584600E00020AF
:10B6F000FFF762FDC4F81E0094F8260010B15D4605
:10B70000CFE00BE10025CCE014F8230F00F0F000AF
:10B710002070A07A233C1E2839D2DFE800F0B40F55
:10B720000F0F0F0F0F0F0F3939616D737AAB8181D6
:10B7300087679797979797ABB4B4B4B03046E2F762
:10B74000B9FC07EB4701C1EBC71101E0DFE0BBE04B
:10B75000B0EBC10F08D994F8230000F0F00040F0DE
:10B76000010084F823000CE03046E2F7A3FC142823
:10B7700007D294F8230000F0F00040F0020084F8B3
:10B780002300A9B294F82D00FFF718FD05467AE0D2
:10B790003046E2F78FFCB0F57A6F08D994F82300B1
:10B7A00000F0F00040F0010084F8230011E0304682
:10B7B000E2F780FC07EBC70101EB0711B0EB410F8B
:10B7C00007D294F8230000F0F00040F0020084F863
:10B7D0002300A9B294F82D00FFF7F0FC054652E0D3
:10B7E000B5FBF7F0E2F772FC05464CE0B5FBF7F06D
:10B7F000E2F796FC054646E05C484543B5FBF7F0AA
:10B80000850A40E044F620604543B5FBF7F0850A21
:10B8100039E044F620604543B5FBF7F0850A32E095
:10B8200052484543B5FBF7F0850A2CE0B5FBF7F02D
:10B83000CC2801D2002526E0B5FBF7F04B49CC38E7
:10B8400048434FF44C71B0FBF1F51CE0B5FBF7F148
:10B850003046E2F78AFC6421B0FBF1F194F82D0048
:10B8600009B2FFF7D4FD424903F08DFF04F0BBF8A5
:10B87000054608E03046E2F73DFD054603E0304668
:10B88000E2F7DBFD054694F8290080B194F82C001E
:10B8900094F82B1000EB01206FF01801484305EBE2
:10B8A00080052846FFF788FCC4F81E0053E094F892
:10B8B0002C0094F82B1000EB012000EBC00101EBF1
:10B8C000001005EB8005ECE794F8230000F0F00091
:10B8D00084F82300E2F7A8FCB04210D93046E2F722
:10B8E000E9FBB0FBF7F040F6B831484340F2FF31D6
:10B8F000B0FBF1F0FFF760FCC4F81E002BE030460F
:10B90000E2F7D8FBFFF758FCC4F81E0023E094F8D8
:10B91000230000F0F00084F823001CE03046E2F73A
:10B92000E0FDC0B984F8249084F8259084F82A902A
:10B9300094F8230000F0F00084F823000BE084F872
:10B94000249084F8259084F82A9094F8230000F03D
:10B95000F00084F82300761CF6B22E34402EFFF45B
:10B9600016AEBDE8F09F0000BDC80460A0860100CF
:10B9700000007A442DE9F04100251C4C00260127E7
:10B9800030E0E2F74EFCA84223D9E2F77FFCA84260
:10B9900005D92734A670E670267104F8276994F853
:10B9A000280008B9C4F81E602846E2F7C6FD012841
:10B9B0000BD004F8296F6670A670293CE2F766FC8C
:10B9C000A8420CD884F8277009E02846E2F788FDE1
:10B9D00005E02734A670E670267104F827796D1CFF
:10B9E000EDB22D34402DCCD3BDE8F081DDC804602C
:10B9F000014600203339052905D2DFE801F00305AF
:10BA000007090B0001207047022070470320704790
:10BA1000042070474020704710B5002438B10BB1A6
:10BA2000712300E07023037041708270032420466C
:10BA300010BD10B5002429B10AB1017811700BB105
:10BA400040781870204610BD10B50022002816D08E
:10BA5000002914D00B7803708B1884185B78521C63
:10BA60006370072AF8DB0A8902818A7A82720022CF
:10BA70008B188418DB7A521CE372072AF8DB10BD9E
:10BA800070B5002288422BD004890B899C4221D1B9
:10BA9000837A8D7AAB421DD1072B09D9072307E0A2
:10BAA00085188E18ED7AF67AB54213D1521CD2B2AF
:10BAB0009A42F5D3A4B903780A7893420AD1072BA6
:10BAC00000D90723002209E084188D1864786D7866
:10BAD000AC4201D0002070BD521CD2B29A42F3D3C6
:10BAE000012070BD70B50400049E4FF000000DD021
:10BAF000502020706170A270E01C1946FBF726FAF6
:10BB0000C51C60193146FBF721FA284470BDFEB50B
:10BB1000044600201E4617468DF800000190029052
:10BB200000291DD0204601AA6946FAF73FFE0546C6
:10BB30009DF80000092812D1601902AA0199FBF7AB
:10BB4000E2F905440FB102983870601901AA6946FC
:10BB5000FAF72CFE05449DF80000092801D00020CA
:10BB6000FEBD601902AA0199FBF7CDF92844002E09
:10BB7000F6D002993170FEBD70B50024DDE904569F
:10BB800002290CD90AB1047814700BB142781A70EA
:10BB900033462A46801C891EFFF7B9FF044620461B
:10BBA00070BD00000022027011464318491C5A70F3
:10BBB0000F29FADB704770B5CB0801250F2B11D286
:10BBC00006784C1CA64200D204705B4201EBC30312
:10BBD00000EBD1009D404178EBB20AB1194300E07F
:10BBE0009943417070BD30B504460020CA08012356
:10BBF000782909D25542224401EBC5018B40527885
:10BC0000D9B20A4200D0012030BD00787047014609
:10BC100000200978002903D0491EC1F3C400401C4C
:10BC2000704702004FF0000003D00F2901D25018D6
:10BC30004078704703004FF0000004D00F2902D273
:10BC4000581842700120704703004FF0000003D0E5
:10BC5000C2EBC100187001207047002800D0782086
:10BC6000704710B5002258B151B10A780270002215
:10BC70008B1884185B78521C63700F2AF8D301224A
:10BC8000104610BD70B5002200B304780B789C42BA
:10BC90001CD17F2C1AD8E30804F00704C4F108056E
:10BCA000FF24EC4006E085188E186D787678B54252
:10BCB0000CD1521C9A42F6DB18441944407849785A
:10BCC00020402140884201D1012070BD002070BD7C
:10BCD000F0B5002510B300240460017140F2512139
:10BCE0008B421BD84D1C4FF000018AB1461D994272
:10BCF00008D2D0F800C0575C0CF8067007687F1CAB
:10BD0000076001E047187C71491CA942EFD304E0A9
:10BD10004218491C5471A942FAD301252846F0BDA6
:10BD200070B505460C0003D0084603F06BFB00E03D
:10BD30000020034622462846BDE870400021C7E7A0
:10BD400001004FF0000000D00868704701004FF07C
:10BD5000000000D0481D704701004FF0000000D0E7
:10BD60000879704730B504460D460846FFF7E8FFEE
:10BD700003462846FFF7EAFF02462846FFF7ECFF96
:10BD800001462046BDE83040A2E730B5A8B1A2B1D7
:10BD9000137993B913688B420FD200231C4608E035
:10BDA00015689D4203D9D5186D79C55400E0C45477
:10BDB0005B1C8B42F4D3012030BD002030BD70B538
:10BDC00003460020E1B1BBB10C681A68944212D15D
:10BDD0000A791D79AA420ED10120002207E08D18B0
:10BDE0009E186D797679B54200D00020521C94429D
:10BDF00001D90028F3D170BD096804E0012070BDAD
:10BE0000002BFCD019680029F8D070BD70B50E0069
:10BE100005464FF000041AD00846ADB103F0F2FA1F
:10BE20002968884217D12879A8B90124002006E0A2
:10BE30002B18325C5B799A4200D00024401C81426E
:10BE400009D9002CF4D106E003F0DCFA01E015B1C9
:10BE5000006800B90124204670BD70B5002388B188
:10BE6000046840F251251444AC420BD8451D06E04D
:10BE70000668CC5C74550468641C5B1C04609342C7
:10BE8000F6D30123184670BD02004FF0000005D024
:10BE900040F25123994201D80120116070470100FE
:10BEA0004FF0000001D040F25120704702004FF0E7
:10BEB000000001D011710120704730B502004FF031
:10BEC000000013D0107900284FF001000ED1136844
:10BED000002140F252248B4208D955186D79203D3B
:10BEE0005F2D00D30020491CA142F4D330BDF0B532
:10BEF000461871B3022541E002785AB3802A3CD338
:10BF00000323B3EB921F34D17E4B9B5C994230D319
:10BF100010F8014FC91AB5EB941F2AD1062B2AD26B
:10BF2000DFE803F02903070C111912F03E0F20D0AF
:10BF300023E0E02A1FD1A2061BD51CE0F02A1AD16B
:10BF400004F0300203E0F82A15D104F038020AB1F7
:10BF500011E015E00DE0FE2A0BD0FF2A09D0FC2AE3
:10BF600009D104F03C02F2E710F8012FB5EB921F63
:10BF700001D00020F0BD5B1EF6D1401CB042BBD307
:10BF80000120F0BD10B501790024062906D221B99F
:10BF900050F8051BFFF7ABFF00B10124204610BD90
:10BFA000F0B50025F8B1002440F2522304609A4213
:10BFB00019D881B10023051D0AE006D20768CE5CBE
:10BFC0007E550668761C066001E0C61834715B1C5D
:10BFD0009342F2D306E000EB010201F1010114717A
:10BFE0009942F8D301252846F0BD30B5464B0022D2
:10BFF0001C88464B1B781C4440F252239C4202D2C0
:10C000000123046009E000210160084630BD8C5C1A
:10C010008518521C2C71046892B29442F7D81846C5
:10C0200030BD01004FF0000000D0086870470100EB
:10C030004FF0000000D0081D704710B503460C46B5
:10C040000846FFF7EEFF02462046FFF7F0FF0146E5
:10C05000BDE810401846A3E710B5002362B158B1FF
:10C0600014688C4208D3002103E053181B79435411
:10C07000491C13688B42F8D8184610BD70B50023D0
:10C0800088B1046840F252251444AC420BD8051D17
:10C0900006E00668CC5C74550468641C5B1C046094
:10C0A0009342F6D30123184670BD02004FF0000002
:10C0B00005D040F25223994201D801201160704707
:10C0C00001004FF0000001D040F25220704730B51F
:10C0D0000022A0B199B103680C68A3420FD140F2CD
:10C0E0005224A34207D90AE084188D1824792D79A7
:10C0F000AC4204D1521C9342F6D8012030BD00203E
:10C1000030BD0000EE210408440200603D020060E2
:10C1100010B502460B4683EA020181EA410080EA3B
:10C12000810080EAC10080EA011080EA411080EAC3
:10C13000811080EAC11081B201F0FE00C1F3002439
:10C14000604010BD10B503460A46D0B280EA030134
:10C15000101280EA012080EAC10080EA013080EA02
:10C16000211001F00F04604001F00F0480EAC410B8
:10C1700080B210BD81070CD16421B0FBF1F201FB4C
:10C18000120141B94FF4C871B0FBF1F201FB12008A
:10C1900008B1002070470120704730B58DB00C46C3
:10C1A00005463422F949684603F0ECF80023022CD6
:10C1B00005D12846FFF7DEFF08B11D2304E0601E0D
:10C1C0000B2801D81DF824300DB0184630BD70B5CD
:10C1D000154606460024FFF7E0FF40F26C718E42E0
:10C1E00004D318B115B1854200D80124204670BD92
:10C1F00010B5002128B1C27881780088FFF7E7FFE9
:10C200000146084610BD2DE9F04117460E4680460E
:10C210000025FFF7DCFF58B1012406E02146404627
:10C22000FFF7BBFF641C0544E4B2B442F6D33D44BF
:10C230002846BDE8F0812DE9F04116460F46054637
:10C240000024FFF7C4FFA0B140F26C7308E0184669
:10C2500004F26D14FFF78EFF00B1641C5B1C9BB2EF
:10C26000AB42F4D3324639462846FFF7CCFF0444AC
:10C27000641E2046DDE710B5FFF7DDFF0721B0FBA8
:10C28000F1F201FB1200401C10BD70B516460D46C0
:10C29000040008D02580A670E3701A46314628466F
:10C2A000FFF7E9FF207170BD2DE9FC4789460021A9
:10C2B000924604468DF804108DF8001001AF6E46CA
:10C2C0000125884606E029464846FFF766FF241AFE
:10C2D0006D1CEDB229464846FFF75FFFA042F2D33E
:10C2E00008EB0400C0B207B13D7006B130709DF894
:10C2F00000309DF8042049465046FFF7C6FFBDE8D0
:10C30000FC8710B5002128B1C27881780088FFF73A
:10C310007AFF0146084610BD10B5002128B1C27849
:10C3200081780088FFF787FF0146084610BD3EB5BB
:10C3300000220C46ADF808208DF804208DF800206E
:10C340006B4601AA02A900F029FA9DF800309DF879
:10C350000420BDF808102046FFF797FF3EBD0021DE
:10C3600060B10278182A09D242783C2A06D2827833
:10C370003C2A03D2C078642800D2012108467047C5
:10C3800010B50C46FFF734FF28B12046FFF7E7FF52
:10C3900008B1012010BD002010BD02004FF00000C8
:10C3A0000CD000290AD010880B88C01A06D19078CA
:10C3B0008B78C01A02D1D078C978401A7047020031
:10C3C0004FF0000010D000290ED010780B78C01A62
:10C3D0000AD150784B78C01A06D190788B78C01A61
:10C3E00002D1D078C978401A704730B50D4604465E
:10C3F000FFF7D3FF002804D1A91DA01DBDE83040E0
:10C40000DDE730BD30B502004FF000001AD0002942
:10C4100018D0148840F66B05AC4204D00B88AB42B0
:10C4200001D0E01A0ED19378FF2B04D08C78FF2C2A
:10C4300001D0181B06D1D278FF2A03D0C978FF2972
:10C4400000D0501A30BD10B502004FF0000020D0CF
:10C4500000291ED01378FF2B04D00C78FF2C01D0BC
:10C46000181B16D15478FF2C04D04B78FF2B01D029
:10C47000E01A0ED19478FF2C04D08B78FF2B01D0DA
:10C48000E01A06D1D278FF2A03D0C978FF2900D05C
:10C49000501A10BD30B50D460446FFF7B3FF002813
:10C4A00004D1A91DA01DBDE83040CCE730BD002857
:10C4B00009D0002907D00A8802808A788270CA7859
:10C4C000C270097901717047002809D0002907D08E
:10C4D0000A7802704A7842708A788270C978C1708E
:10C4E000704710B50B460446891D801DFFF7ECFF11
:10C4F0002046BDE810401946D9E710B50028029C37
:10C5000003D0017042708370C47010BD002913D035
:10C51000002A11D000280FD0137883715378C3718B
:10C5200093780372D27842720A8802808A78827085
:10C53000CA78C2700979017170472DE9F0479046B9
:10C54000DDE90965DDF82C90089F8C4604000FD0CA
:10C55000A4F800C084F80280E3701A4641466046A1
:10C56000FFF789FE2071A771E671257284F80990A2
:10C57000BDE8F08710B5002128B1827841780078B5
:10C5800000F04BF90146084610BD0000F0220408F7
:10C59000002128B101784078C1EB011100EB810145
:10C5A00088B270472DE9F0410E460446027AC179FF
:10C5B000807900F032F93C27B0FBF7F52046FFF711
:10C5C000ABFE4FF4B46296FBF2F10844A1EB01110B
:10C5D00001EB410116EB41112DD54942A94204D985
:10C5E000C1F5B4612944401E09E0691AB1FBF2F2B9
:10C5F0001044A2EB021202EB420201EB4211C1EB2A
:10C6000001118D004FF46163B5FBF3F3DBB26FF002
:10C61000E00603FB06F605EB0615B5FBF7F5A21DD4
:10C6200004F10701EDB200D0137001B10D70214685
:10C63000BDE8F0417BE62944D8E70021D0B102886B
:10C64000A2F500636B3B15D18278FF2A12D1C27824
:10C65000FF2A0FD10279FF2A0CD18279FF2A09D152
:10C66000C279FF2A06D1027AFF2A03D1407AFF2835
:10C6700000D10121084670470021B8B10288A2F517
:10C6800000636B3B11D082780C2A0ED8C2781F2A27
:10C690000BD88279FF2A08D0C279FF2A05D0027A06
:10C6A000FF2A02D0407AFF2800D1012108467047B6
:10C6B000002806D040F66B010180FF218170C17017
:10C6C00001717047002804D0FF2101704170817012
:10C6D000C170704700B5020005D0FFF7E9FF901D5B
:10C6E0005DF804EBEEE700BD70B506000D464FF0B7
:10C6F00000000AD0002D08D03046FAF78FFD04461E
:10C700003019A91DFAF719FD204470BD2DE9F0413B
:10C71000040017460E464FF000000FD0002F0DD03A
:10C720002046F9F7E4FF054660193946FFF7DCFFBC
:10C73000054460193146F9F7EDFF284479E52DE904
:10C74000F0410F460546FAF79DFD411C4FF0FF36BC
:10C7500008D004462819B91DFAF721FD411C01D063
:10C76000204466E5304664E52DE9F04114460F4665
:10C770000546FAF7C5F84FF0FF3668B1681C214648
:10C78000FFF7DDFF411C07D00C4628193946FAF7A0
:10C79000CDF808B1601C4CE530464AE52DE9F0477C
:10C7A0001F46012590468946044640F26C76AA460B
:10C7B00040F26D134FF4B67C0EE03046FFF7DAFC22
:10C7C00008B19C4212D03046A4F26D14FFF7D2FC9F
:10C7D00000B1641E761CB6B26445EED806E0294668
:10C7E0003046FFF7DAFC241A6D1CEDB229463046BC
:10C7F000FFF7D3FCA042F2D90AEB0400C0B2B9F1B2
:10C80000000F01D0A9F80060B8F1000F01D088F83E
:10C810000050002F00D03870AAE6C0EB001001EBEA
:10C820008000C0EB001002EB800070472DE9F04162
:10C830000400069E984617464FF0000018D01020BE
:10C840002070002060700A46A01C0821FAF7BDF98C
:10C85000851C60193946FAF748FB054460194146C2
:10C86000FAF774FB054460193146FAF73EFB284499
:10C87000BDE8F0812DE9F04786B004460020DDF8E0
:10C88000389090460E46ADF8000001908DF80800F3
:10C89000039004901D46204603AA02A9F9F786FFDB
:10C8A00007469DF808004FF0FF3A0C284BD1E019DD
:10C8B00001AA6946FAF73FF90744BDF800000828C5
:10C8C00041D10EB101983060E01903AA02A9F9F72D
:10C8D0006DFF3E189DF80800022834D1A01904AA63
:10C8E0000399FAF796FA0644B8F1000F02D00499BA
:10C8F000C8F80010A01903AA02A9F9F757FF0644C7
:10C900009DF8080009281ED1A01904AA0399FAF776
:10C91000FAFA06440498042815D205B12860A01933
:10C9200003AA02A9F9F742FF35189DF8080002286A
:10C9300009D1601904AA0399FAF76BFA04992844FB
:10C94000B1F5803F03D3504606B0BDE8F087B9F19A
:10C95000000FF9D0A9F80010F6E700280FD0002941
:10C960000DD00A7802704A7842708A788270CA784C
:10C97000C2708A888280CA88C280097A0172704730
:10C980002DE9F0474FF00004984616460F46050083
:10C99000A14675D0B8F1000F72D098F80000287049
:10C9A0000020687098F8020008B1802068702FB1EC
:10C9B000388918B1687840F0200068703EB130893D
:10C9C00028B1B07A18B1687840F00800687098F81B
:10C9D000010018B1687840F00400687098F80310FE
:10C9E000687801F00301084368700224BFB13989F7
:10C9F000A9B1A81CFAF778FC801CB97A2954441C08
:10CA0000B87A48B90BE007EB0900C07A285509F15C
:10CA1000010000F0FF09641CB97A4945F3D8BEB1A2
:10CA20003189A9B1B07A98B12819FAF75DFC0444AC
:10CA3000B07A2855B07A641C50B1002005E0311856
:10CA4000401CC97A2955C0B2641CB17A8142F6D81B
:10CA50002FB1388918B198F808002855641C98F847
:10CA6000020068B198F804002855B8F80400641C66
:10CA7000802805D3B8F806102819FAF735FC0444C5
:10CA80002046BDE8F08700280BD0417001210170DD
:10CA9000002181704FF480738380C180C270FF21B8
:10CAA000017270472DE9FC5F4FF00004994617466C
:10CAB000884605002646A246ADF80040ADF8044081
:10CAC0007DD0B9F1000F7AD0297889F80010687804
:10CAD0000224C10989F8021068784FF0FF3BC0F3C7
:10CAE000800189F80110687800F0030189F80310CB
:10CAF0006878800620D5A81C01A9FAF7FAFB841CE7
:10CB0000285D641CB8F1000F05D0BDF80420A8F81A
:10CB1000082088F80A00F0B107282ED809E0295D1E
:10CB2000641CB8F1000F02D008EB0602D172761C2B
:10CB3000F6B28642F3D30EE0B8F1000F0BD0A8F89E
:10CB400008A0504688F80AA008EB0601761CF6B249
:10CB5000C872072EF8D3687800071DD528196946D2
:10CB6000FAF7C7FB0444295D641C1FB1BDF800003F
:10CB70003881B97211B3072902D95846BDE8FC9F24
:10CB8000002006E02A5D641C0FB13B18DA72401CDD
:10CB9000C0B28842F6D311E087B13889A0F57F4151
:10CBA000FF3901D0A7F808A0514687F80AA0002055
:10CBB0003A18401CC0B2D1720728F9D300E018E03F
:10CBC000BDF8040020B1295D89F80810641C01E05B
:10CBD00089F808A099F8020060B1285D641CA9F8E2
:10CBE000040080280AD3281909F10601FAF781FB0D
:10CBF000044403E04FF48071A9F804102046BDE717
:10CC0000014600203B390A2907D2DFE801F0050779
:10CC1000090B0D0F111315170120704702207047E3
:10CC20000320704704207047052070470620704796
:10CC30000720704708207047092070474020704740
:10CC4000002320B1602303704170827003231846D3
:10CC5000704710B5002429B10AB1017811700BB1E9
:10CC600040781870204610BD70B5040016460D4679
:10CC70004FF0000019D020704FF41671F9F78EFCB8
:10CC80006070A5700C20E07032880425B2F5806FCA
:10CC900005D2201D00217368F9F786FF051D328932
:10CCA00060190121FAF760F9284470BD2DE9F043BD
:10CCB00085B04FF000050F46064614008DF8005071
:10CCC0000195ADF8085003956FF0020904953FD027
:10CCD000072F02D23F2050763EE030460021F9F780
:10CCE000E4FD4FF03E0890B1701C221D02A9F9F737
:10CCF00022FF451CBDF808002080701901AA694672
:10CD0000F9F754FD05449DF80000012802D084F88D
:10CD1000198021E0701903AA0199FAF7F4F8054483
:10CD200003982081BD421BD2701901AA6946F9F708
:10CD30003DFD05449DF800000228E8D1BD42E6D241
:10CD4000701904AA0199FAF764F805440498E060A0
:10CD5000BD4208D241206076484605B0BDE8F08368
:10CD60004FF0FF30F3E72846F7E770B504001646AA
:10CD70004FF000001ED03020207061700C20A07099
:10CD80003288E01C00217368F9F70EFFC51C328958
:10CD900060190121FAF7E8F8F2680544501C04D044
:10CDA00060190221FAF785F8054460190321F9F7A3
:10CDB0009EFC284470BD02004FF0000003D0032108
:10CDC0001046F9F7A7BC70472DE9F04106004FF077
:10CDD00000051746284611D03046FFF7C6FF044627
:10CDE00004E03869405D3055641C6D1C7869A842C8
:10CDF000F7DC30190321F9F78DFC2044BDE8F08100
:10CE00002DE9F041044686B000200F468DF8000061
:10CE10000190ADF8080003900146049015462046A5
:10CE2000F9F743FD4FF0FF3898B3601C2A1D02A9A3
:10CE3000F9F781FE461CBDF808002880A01901AA58
:10CE40006946F9F7B3FC06449DF8000001282BD190
:10CE5000A01903AA0199FAF756F806440398288105
:10CE6000A01901AA6946F9F7A1FC9DF80010022952
:10CE700010D0C5F80C80A0190321F9F741FD40B18D
:10CE8000761CA0192861B81B401E6861384606B0A0
:10CE9000B4E709E00644A01904AA0199F9F7B9FF1B
:10CEA00006440498E860E6E74046F0E72DE9F041E3
:10CEB0003D4C054686B001200F4620701646984628
:10CEC000194601A8FAF7CAFF0020207041463846EB
:10CED000FAF7BAFF002211463046FFF7D4FD334679
:10CEE00001AA39462846FFF74BFD0446FAF7DBFF57
:10CEF0000646FAF7C1FF0146281903234FF41672BC
:10CF00000096FFF793FC06B02044BDE8F08130B5F1
:10CF100089B00C460B46054606AA01A9FFF7C6FFD5
:10CF200003462A4606A901A80094FAF75AFF09B059
:10CF300030BDF0B587B005461C46174610460C9E1E
:10CF4000FEF782FD314601A8FAF788FF002211465C
:10CF50002046FFF798FD234601AA39462846FFF7E9
:10CF60000FFD0446FAF79FFF0646FAF785FF0146D4
:10CF7000281903234FF416720096FFF757FC07B0E9
:10CF80002044F0BD30B589B014460092054606AB8A
:10CF900001AAFFF7CEFF03462A4606A901A800947E
:10CFA000FAF71FFFC3E70000F90100600020984B6B
:10CFB00002465321414303EBC101401C4A710A71EF
:10CFC000FF28F6DB704710B500F010F9FF2807D2F4
:10CFD0000021532250438E4A02EBC000417101717F
:10CFE00010BD2DE9F0470025DFF824820746A94649
:10CFF000532005FB00F608EBC604617901291BD11B
:10D000006088B84205D9C01B0004000C608002D0C3
:10D0100012E0A4F80290F8F713F818F836108842D6
:10D0200008D9F8F707F8608018F83600401C08F8AF
:10D03000360001E084F805906D1CFF2DD8D3BDE8C3
:10D04000F0870020724A014653234B4302EBC3038F
:10D050001B791BB1491CFF29F6D37047012070478B
:10D0600010B500206A4B014653224A4303EBC2022B
:10D0700014791CB952790AB9401CC0B2491CFF2965
:10D08000F2D310BD00B901206249087070472DE944
:10D09000F04700273D46FFF7D4FF80B3DFF87091DB
:10D0A0005C4E4FF00108307800F0A0F8FF2819D14D
:10D0B00001250020FF214A465323434302EBC303CB
:10D0C0001B79B3B1401CFF28F6D3FF2915D053209C
:10D0D000414309EBC1043778277100206071F7F7ED
:10D0E000A9FF60803078401C10F0FF00307002D043
:10D0F00003E0C1B2E9E786F80080002DD3D03846BE
:10D100009DE72DE9F0470024089E1F46904689467A
:10D11000002894D000F06AF8FF2890D253225043A0
:10D120003B4A012102EBC0056971002102F8301071
:10D13000F7F780FF688005E0385D2919641C81F8E5
:10D140002200A4B2B442F7D305F118004146C5F855
:10D150009462FFF702FCA81D4946BDE8F047FEF7C0
:10D1600073BC6CE72DE9F0470024089E1F469046EB
:10D1700089462546F8B100F039F8FF281BD2532123
:10D180004843234901EBC005B5F89402308005E01F
:10D19000281990F822003855641CA4B23088A042A7
:10D1A000F6D805F118014046FFF7D7FBA91D484600
:10D1B000FEF74AFC0125284641E710B5012400F09E
:10D1C00015F8FF2800D20024204610BD10B5002419
:10D1D00000F00CF8FF2807D2532148430C4901EB1B
:10D1E000C000407900B90124204610BD10B50021CF
:10D1F000074AFF2453234B4302EBC3031B798342AB
:10D2000001D1CCB202E0491CFF29F3D3204610BD66
:10D2100020D40460C407006070B5040016464FF0C7
:10D22000000017D0102020700820607002204205F6
:10D2300091420FD2002E0DDB96420BDA0A46A01C5B
:10D240000021F9F736FE851C601932460121F9F7F5
:10D2500030FE284470BD2DE9FE43044600201E46E2
:10D2600017468DF8000001900290002922D0204638
:10D2700001AA6946F9F79AFA05469DF800004FF0B1
:10D28000FF39B0B9601902AA0199F9F7C2FD054446
:10D2900002984FF48008404501D207B13860601908
:10D2A00001AA6946F9F782FA05449DF800000128B1
:10D2B00002D04846BDE8FE83601902AA0199F9F739
:10D2C000A8FD029928444145F4D2002EF2D03160E5
:10D2D000F0E72DE9F04115460F4604004FF0000637
:10D2E0003CD0002020704FF41671F9F757F96070A8
:10D2F000A7700F20E0702A88201D00216B68F9F7C5
:10D3000053FC061D2A89A0190121F9F72DFEEA68B0
:10D310000644501C04D0A0190221F9F7CAFD0644A6
:10D32000A0190321F9F7E3F93118002004E02A18C5
:10D330000B18127CE254401CD5F868228242F6DCBD
:10D340005618A0190321F9F7E5F995F86C2206445F
:10D3500022B1A0190421F9F7ACFD06443046BDE81E
:10D36000F0812DE9F04786B04FF0000714465FEAE0
:10D37000010805468DF800700197ADF80870039715
:10D380003E4604977DD0002C7BD028460021F9F73B
:10D390008CFA4FF0FF3AB0B3681C221D02A9F9F7CE
:10D3A000CAFB471CBDF808002080E81901AA69469D
:10D3B000F9F7FCF907449DF8000001282ED1E8197F
:10D3C00003AA0199F9F79FFD074403982081E81902
:10D3D00001AA6946F9F7EAF99DF80010022913D06D
:10D3E000C4F80CA0E81981460321F9F789FA50B175
:10D3F0000398A8EB070182B24846F8F7B7FF7F1CF5
:10D40000C4F8680213E009E00744E81904AA019986
:10D41000F9F7FFFC07440498E060E3E7504606B0E4
:10D42000BDE8F087B819A119285C0874761CD4F8F7
:10D430006802B042F6DC0744E8190321F9F776FAEE
:10D4400078B110207F1C84F86C02474519D2E81986
:10D4500001AA6946F9F7AAF99DF80010042903D03A
:10D460000FE06FF00100DAE73844284404AA01997C
:10D47000F9F7CFFC07460498411E0F2903D884F81A
:10D480006C023846CBE76FF00400C8E770B50E4673
:10D490000546F9F752FE0446281906F10801F8F787
:10D4A000A3FC204470BD2DE9F04117460E4604460A
:10D4B000F9F71DF9054660193946FFF7E7FF0544FE
:10D4C00060193146F9F726F92844BDE8F0812DE9C5
:10D4D000F0410E460446F9F762FE4FF0FF35002892
:10D4E00009DD0746E01906F108024FF40061F8F77C
:10D4F00030FD002801DC2846E7E73844E5E72DE960
:10D50000F04114460F460546F9F7FAF94FF0FF3699
:10D5100068B1681C2146FFF7DAFF002807DD441CCC
:10D5200028193946F9F702FA08B1601CCDE73046F0
:10D53000CBE770B504000D464FF0000009D0207015
:10D540004FF41671F9F72AF86070A5700E20E0709C
:10D55000042070BD70B505004FF000000BD01346DD
:10D560000A4600212846F9F71FFB04462819012125
:10D57000F9F7BDF8204470BD70B5164605004FF0B0
:10D5800000040CD00A460021F9F7EEFC0446701C9A
:10D5900005D0281932460121F9F78BFC04442046B6
:10D5A00070BD02004FF0000003D001211046F9F7D2
:10D5B000B1B870472DE9F04186B00F4680461E464F
:10D5C0000024114601A8FFF7B4FF0346224601A933
:10D5D0004046009700F06CFB002856D0044651E00E
:10D5E0003288002101A87368F9F7DEFA0346224663
:10D5F00001A94046009700F05BFB002845D0044499
:10D60000012101A8F9F773F80346224601A9404613
:10D61000009700F04DFB002837D02518B46820E0B3
:10D620002288002101A8F9F79FFC03462A4601A998
:10D630004046009700F03CFB002826D06268054475
:10D64000501C0DD0012101A8F9F733FC03462A46EE
:10D6500001A94046009700F02BFB002815D0054497
:10D660002469002CDCD1012101A8F9F753F8034605
:10D670002A4601A94046009700F01AFB002804D072
:10D68000F6682C18002EABD1204606B0BDE8F0811C
:10D690002DE9F84305004FF000001446ADF80000F6
:10D6A0001FD000291DD0002C1BD06FF002080529C7
:10D6B00002D23F20607417E028460021F9F7F5F800
:10D6C0003E2780B1681C221D6946F9F734FA461CD2
:10D6D000BDF800002080A8190121F9F711F910B157
:10D6E000701CBDE8F88367744046FAE710B5002463
:10D6F00028B121B10121F9F719F900B1012420461F
:10D7000010BD2DE9FF474FF000060F4605001446F7
:10D710008DF8006001960296039646D0EFB3E4B30D
:10D7200028784FF03E0800076FF0020902D482F813
:10D7300011802EE0284601AA6946F9F737F8064617
:10D740009DF8000018BB01994FF03F087018B842CF
:10D750001DD2A81902AAF9F7D6FB06440298208127
:10D760004FF0FF30E060A85D01071ED5C0434007C1
:10D770001BD0A81901AA6946F9F718F89DF80010FE
:10D78000012912D1019906447018B84206D384F8D1
:10D790001180484604B0BDE8F08706E0A81903AA46
:10D7A000F9F737FB06440398E0603046F2E70022C1
:10D7B00028B13022027041700E2181700322104680
:10D7C000704770B505004FF000000BD00A884B6819
:10D7D00000212846F9F7E8F9044628190121F8F74D
:10D7E00086FF204470BD70B5164605004FF000045A
:10D7F0000CD00A460221F9F7B7FB0446701C05D08D
:10D80000281932460321F9F754FB0444204670BD21
:10D810002DE9F04106004FF0000090460F46054606
:10D8200014D030460421F8F762FF04463019B8429C
:10D8300005D1444405E0785D3055641C6D1C4545B8
:10D84000F9D330190421F8F765FF20441EE72DE9CC
:10D85000F041040016460F464FF0000013D020465A
:10D860000521F8F744FF054660193946F9F76EFBC4
:10D87000054460193146F9F769FB05446019052133
:10D88000F8F748FF284401E702004FF0000003D0FA
:10D8900001211046F8F73EBF7047F8B504004FF07D
:10D8A00000001D461646ADF800001BD0002919D017
:10D8B000002E17D0002D15D020460021F8F7F5FFD7
:10D8C0004FF0FF3778B1601C2A466946F9F733F903
:10D8D000451CBDF80000308060190121F9F710F8EF
:10D8E00008B1681CF8BD3846F8BD10B5002428B151
:10D8F00021B10121F9F71AF800B10124204610BD29
:10D900002DE9FF474FF000051E469046894604006A
:10D910008DF8005001950295039532D0B9F1000FB2
:10D920002FD0B8F1000F2CD05EB320784FF0FF3726
:10D93000000709D5204601AA6946F8F737FF0546D2
:10D940009DF80000022801D0384623E7601902AA9A
:10D950000199F9F7D8FA05440298A8F800004D4556
:10D960000ED2605D01070BD5C043400708D0601997
:10D9700001AA6946F8F71AFF9DF80010032902D0A2
:10D980003760284606E70544601903AA0199F9F7AC
:10D9900040FA054403983060F3E72DE9FF4706009D
:10D9A0004FF000000F4614468DF8000001900290E1
:10D9B000ADF80C004FF03F086FF0020A34D0052F8D
:10D9C00032D984B3304601AA6946F8F7EFFE85B232
:10D9D0009DF800004FF03E0908BBAF421FD9781BED
:10D9E00087B2042F18D3701902AA03A9F9F7A3F874
:10D9F000284485B2BDF80C00208002986060781B36
:10DA000010EA1A4004D070190121F8F779FF30B1FB
:10DA1000284604B0BDE8F08784F86E8201E084F8FF
:10DA20006E925046F5E7FFE782F86E82F9E72DE93E
:10DA3000FE4F05004FF00000894614468DF80000A7
:10DA4000019006466FF0020A029076D0B9F1000FFD
:10DA500073D0002C7ED0411EE160102184F86C123E
:10DA6000C4F86802284601AA6946F8F79FFE0746EF
:10DA70009DF800004FF03E0890B9E81902AA0199FC
:10DA8000F9F741FA074402982081E81901AA69468A
:10DA9000F8F78CFE07449DF80000012803D010E041
:10DAA00084F86E824AE0E81902AA0199F9F7B1F9FF
:10DAB00007440298E060E81901AA6946F8F776FE83
:10DAC00007449DF800000228EAD1E819401EF8F743
:10DAD0005CFE0028E4D07F1E2289A9EB0701E8192B
:10DAE000F8F744FC7F1CC4F8680204E0B819A119D7
:10DAF000285C0874761CD4F86802B042F6DCC619BB
:10DB0000A81901AA6946F8F751FE06449DF80000DD
:10DB1000022805D0A819401EF8F740FE0028BFD102
:10DB2000A81901AA6946F8F741FE06449DF80000CD
:10DB3000032805D0701EBDE8FE8F0BE05046FAE7C3
:10DB4000A81902AA0199F9F764F90299304484F8F6
:10DB50006C12F0E73F2082F86E02EFE770B5040028
:10DB60000D464FF0000009D020704FF41671F8F701
:10DB700015FD6070A5701020E070042070BD70B5B8
:10DB800005004FF000000BD013460A46002128463E
:10DB9000F9F70AF8044628190121F8F7A8FD2044EE
:10DBA00070BD02004FF0000003D001211046F8F7CD
:10DBB000B1BD70472DE9F0414FF000040F4606005B
:10DBC000254627D03A890021F9F7CEF9FA680446AC
:10DBD000501C04D030190121F9F76BF904443019B5
:10DBE0000221F8F784FD044404E07819007C3055E4
:10DBF000641C6D1CD7F86802A842F6DC30190221BB
:10DC0000F8F788FD97F86C2204441AB13019032103
:10DC1000F9F74FF92046BDE8F081002228B1202213
:10DC2000027041701021817003221046704770B558
:10DC3000040015464FF0000039D05020207061706C
:10DC40001020A070E01C0021F8F751FDC61C95F8CB
:10DC50006D12A019F9F77AF9064495F86E12A01919
:10DC6000F9F774F90644A0190021F8F753FD0644AA
:10DC7000A0190121F8F73BFD06442A88A0190021CC
:10DC80006B68F8F791FF06442A89A0190121F9F77A
:10DC90006BF9EA680644501C04D0A0190221F9F778
:10DCA00008F90644A0190121F8F734FD304470BD8D
:10DCB0002DE9F04106460F4615461C46DDF8188052
:10DCC000A8EB0500A04207D370192246394601F09F
:10DCD00059FB2046BDE8F0810020FBE770B5040049
:10DCE0001E464FF0000010D0002A0ED0002E0CD09F
:10DCF000102020706170A01C1146F9F78FFA851C66
:10DD000060193146F9F719FA284470BD13460A46DE
:10DD10000921E3E713460A460621DFE72DE9FC4126
:10DD2000044600201E4617468DF800000190002989
:10DD30001FD0002F1DD0002E1BD0204601AA6946FF
:10DD4000F8F734FD05469DF800004FF0FF380A282B
:10DD50000ED160193946F9F77DFA0544601901AA18
:10DD60006946F8F723FD05449DF800000B2802D012
:10DD70004046BDE8FC8160193146F9F7FAF92844BC
:10DD8000F7E7F0B5ADF5177D14460F4606460025BA
:10DD900041E0207810B101280ED03BE0052F06D3DA
:10DDA000A28870190021A368F8F7FEFE31E06FF039
:10DDB00001000DF5177DF0BDA08908B1A07B00E042
:10DDC0002079C01D874225D370190121F8F78FFCF7
:10DDD0000544A1897019F9F788F80544A089A0F5D0
:10DDE0007F41FF3904D030B1A27B04F10F0104E080
:10DDF0000022114601E02279611D6846FEF7D0F845
:10DE000070196946F8F706FF054470190121F8F703
:10DE100081FC0544A469002CBBD12846C9E72DE943
:10DE2000F043ADF5197D002514460646A8468DF849
:10DE3000585297956FF00109989555E07719002190
:10DE40003846F8F732FD60B184F80080384604F1B6
:10DE50000803221D0021F8F789FE002825DB054470
:10DE600041E038460121F8F720FDF0B10120207093
:10DE70006D1C701997AA96A9F8F798FC05449DF8AF
:10DE80005802022811D1701998AA9799F8F7C1FF82
:10DE90009899A1810544701997AA96A9F8F786FC6C
:10DEA00005449DF85802062804D048460DF5197D12
:10DEB000BDE8F0836A4630469799F8F7ECFE0544D2
:10DEC0006846FEF7AEF870B1A0896A464FF00701C8
:10DED00028B104F10F00FEF7BFF8A07303E0601D46
:10DEE000FEF7BAF82071A469002CA7D12846DDE717
:10DEF00070B586B0044605AB03AAFFF70FFF0028F4
:10DF00001BDD2078A42818D16079B42815D1607859
:10DF10006438C6B21D488671A1784171E278C2703A
:10DF2000A3798370E5794570247A04700020009508
:10DF3000CDE901403046CDF74DFB06B070BD70B560
:10DF400086B0044605AB03AAFFF7E8FE0028F4DD1F
:10DF50002078A428F1D16079B428EED160786438B3
:10DF6000C6B20A488671A1784171E278C270A3797D
:10DF70008370E5794570247A047000200095CDE91E
:10DF800001403046CDF726FBD7E70000E0170060E0
:10DF900010B5ADF51A7D1C466A4600F0ABFD0028B1
:10DFA00013DD0098401C0CD00198401C09D0F9F7F3
:10DFB00063FF0099884208D3F9F75EFF0199884210
:10DFC00003D82146684600F003F80DF51A7D10BD10
:10DFD00030B5ADF5197D0446002097909890207AD1
:10DFE0000D4680B104F10C0098AA97A90446FAF7EF
:10DFF00018FB002816D0F9F73FFF9799009589B2D2
:10E000002346989A0CE0A08901AA2169FAF7FAFA46
:10E01000002807D0F9F730FF0095A18901AB2269EC
:10E0200000F0F4FC0DF5197D30BD0000F0B5FE4C9C
:10E0300000218C4604F1280701EB810517F8250023
:10E04000C00712D00026304600EB800214F82230C0
:10E05000DB0704D004EB820252788A4205D0401CD0
:10E060000228F1D30EB907F825C0491C1029E3D3C3
:10E07000F0BD2DE9F04107004FF000044FF0FF36EE
:10E08000204620D0E84D283504EB840115F82120E6
:10E09000C2F3000242B105EB81013846891CFDF74D
:10E0A000EFFC08B126460EE0641C102CECD350B9EE
:10E0B000002404EB840015F82000C0F3000028B110
:10E0C000641C102CF5D33046BDE8F081264604EBE5
:10E0D000860405EB84003946801CFDF7B5FC012061
:10E0E00005F82400EFE7F0B5ADF5177D16000446FE
:10E0F0001ED0707800F060FB050019D0204600218A
:10E10000F8F7F5FA0746E0190021F8F7F0FA0744A6
:10E11000E0190121F8F7EBFA07442989E019F8F72B
:10E12000E4FE0744288938B1AA7A05F10B0105E01D
:10E1300000200DF5177DF0BD2A78691C6846FDF7B3
:10E140002FFFE0196946F8F765FD3D1860190121B8
:10E15000F8F7E0FA054460190021F8F7DBFA054406
:10E16000601901217268F8F7A4FE054460190021C6
:10E17000F8F7D0FA054460190121F8F7B8FA054418
:10E18000B289601900213369F8F70EFD0544601962
:10E1900055220121F8F7E8FE054460190121F8F73E
:10E1A000B9FA054430780221C0F340026019F8F74B
:10E1B000D8FB054460190321B268F8F77AFE2844B9
:10E1C000B7E72DE9F0414FF000040E460700254661
:10E1D00016D0DFF8548205EB850018F82020D2070E
:10E1E0000BD008EB8002311B3819FFF77CFF044489
:10E1F000B44202DD6FF0010066E76D1C022DEAD328
:10E20000204661E770B50021874D0B46FF2601EBE4
:10E21000810215F8220020F0020405EB820024F0B0
:10E22000040446704360838101618370836044F01D
:10E230000100491C05F822000229E8D37A49002090
:10E240000122283100EB8003401C01F82320102814
:10E25000F8D370BD2DE9FF5F4FF0000BDFF8C8A1C8
:10E260000C464FF0FF384FF001095D4605EB85077E
:10E270001AF82710C9074AD00AEB8706707800F011
:10E280009BFA010003D00098FDF7FAFB00E00120A3
:10E29000B189A28891423ED13169A26891423AD1B6
:10E2A00071682268914236D180B3207B70B105EB52
:10E2B00085010AEB87001AF8211021F001010AF804
:10E2C0002710FF214170FFF7B1FE14E00098FFF71F
:10E2D000D0FE05EB85020AEB82025070627B1AF8D1
:10E2E000270062F341000AF82700226940F0040089
:10E2F000B2600AF8270005EB85010AEB81008078FF
:10E30000B0B1FEF760FE0020B07011E003E0B8F19C
:10E31000000F00DAA8466D1C022DA7DBBBF1000F31
:10E3200006D1B8F1000F30DB207B28B101208146F7
:10E3300004B04846BDE8F09F08EB88054FF001099E
:10E340001AF82500564640F001000AF8250000980A
:10E35000FFF78FFE06EB85014870A0888881A068D2
:10E36000086120684860627B16F8250062F341006E
:10E3700006F82500002088702069886016F82500BE
:10E3800040F0040006F82500D2E70298032101704E
:10E390000398132101700020C9E72DE9F04F040014
:10E3A0004FF0000738468FB092468B4681466CD0BE
:10E3B000607800F001FA060066D051460AA8F9F725
:10E3C0004DFD0022114607A8FEF75DFB40F2391112
:10E3D0000AFB01F0154907AB01EB40050AAA3146DB
:10E3E0002846FEF7CDFA804660680190F9F744FDB3
:10E3F0000290A089ADF80C0020690490A068CDE9D6
:10E40000050B20784FF0010B800711D58DF81DB05A
:10E41000FEF73DFE070037D0A77005EB080001AA04
:10E42000394600F03CFC08E06C6E076088690760C4
:10E4300005EB080001A900F048FC80442078800723
:10E4400008D51FFA88F000902B4607AA31463846B7
:10E45000FEF757FEF44905200870F449002081F8C2
:10E4600000B0F34908703278711CF24800F08AFF5E
:10E470002A46434607A93046CDF800A0F9F7B1FC7B
:10E48000002801DD4FF0010948460FB0BDE8F08FCC
:10E4900070B506004FF0000411D0E74D04EB840086
:10E4A00015F82010C90707D005EB800082681AB163
:10E4B0003146204600F090F9641C022CEED370BD6A
:10E4C0002DE9F043DD4E814600243078DC4DDFF845
:10E4D0006883ADF2F44D052878D2DFE800F0030937
:10E4E000314B8000288D401C28850120746022E07B
:10E4F000688D401C6885706800EB800018F820105B
:10E50000C90711D008EB800188890969FAF7E7F893
:10E5100000B1012040B1706800EB800018F82010B5
:10E5200041F0040108F820107068401C7060022857
:10E5300002DB0220746030700DF2F44DBDE8F08310
:10E54000A88D401CA885706800EB800018F820108A
:10E55000CA0707D0490705D508EB800188890969F2
:10E56000FAF7D0F87068401C70600228E4DB0320E2
:10E570007460E0E7E88D401CE885706800EB80007F
:10E5800018F82010CA0722D0890720D508EB800090
:10E590008078E0B1FEF711FE30B1706800EB8000CA
:10E5A00008EB8000847012E0706800EB800008EBDC
:10E5B00080008078FEF70AFE48B1706800EB8000AA
:10E5C00008EB80008078FEF7FEFCE6E759E0706813
:10E5D000401C70600228AFDB04207460ABE7288E1B
:10E5E000401C2886706800EB800118F82100C207E3
:10E5F0003FD042073DD5012780070BD508EB8100AE
:10E60000807818B1688E0027401C6886FEF719FDD7
:10E61000D0B377B3E88E9EAA401CE8867068474660
:10E6200000EB800008EB8001888909699D92CDF894
:10E63000EC446A46FAF73DF870684A4600EB800001
:10E6400007EB80006946FFF7A8FE8046288F401C34
:10E6500028874FF47A70CFF724F8B8F1000F08D06C
:10E66000706800EB800017F8201021F0040107F813
:10E6700020107068401C7060298F491C298702286F
:10E68000A9DB7460347057E7FFE7A88E401CA886AA
:10E69000EFE72DE9F04F9BB082463620DDF89090F1
:10E6A00088468DF835001F4693460026494612A835
:10E6B000F9F7D4FB002211460FA8FEF7E4F940F267
:10E6C000391109FB01F05F490FAB01EB400412AABD
:10E6D00059462046FEF754F90546387808B1B01E71
:10E6E00039E001AA4146504600F019FC002832DB0F
:10E6F00001A819904FF001080DA88DF834804FF053
:10E700001F0A18908DF835A0401C1790BDF808001E
:10E7100000900399FAF715F880B10098FAF707F816
:10E7200030B1DDE918215846179BFFF793FD09E04A
:10E730008DF834802D218DF8351003E08DF834806C
:10E740008DF835A028B1397B60190522F8F7C3FD93
:10E7500027E04FF0FF30811C04D0411C0DD0C01CBD
:10E7600016D01FE09DF83500FDF742F90246397BCF
:10E7700060190123FDF750F913E09DF83500009072
:10E780009DF83430397B60190522FDF7ABF908E0BC
:10E790009DF83500FEF734FA0246397B6019FEF722
:10E7A0004FFA0646AB1922460FA95846CDF80090FD
:10E7B000F9F717FB1BB069E60146002010290ADAB9
:10E7C0001D4A01EB8101283212F82130DB0702D00B
:10E7D00002EB8100801C70472DE9F04102280BD22A
:10E7E000154E002700EB800506EB85048A4204D312
:10E7F000A068401AA06001D066E4A76016F8250062
:10E8000020F0010006F82500FF206070FFF70EFCE5
:10E8100016F825008007EFD5A0780028ECD0FEF789
:10E82000D2FBA77050E4000040030060EE020060DD
:10E83000F00200603A0300606C6E0760C807006079
:10E8400048FA036088690760002110B904E0001DE0
:10E85000491C0268521CFAD1084670472DE9FF4F47
:10E8600081B0804600240D4627460398FFF7ECFF51
:10E8700081460498FFF7E8FF83460E98FFF7E4FF10
:10E88000824609EB0B015144B9F1030F00D3C91EB5
:10E890006DB1286958B1686948B100902889022390
:10E8A000A0F58070733806D02B762020A8E00020D9
:10E8B00005B0BDE8F08FE86840B1421C0AD088423C
:10E8C00074D80026B9F1030F68D86AE04046F8F71B
:10E8D0000CFB8DE0B9F1030F19D81AE0039850F83A
:10E8E00027104F2912D04B2910D04D290ED008EBFC
:10E8F0000400F8F72BFB04440098844206DB052053
:10E900002876122068764FF0FF3402E07F1C4F45D6
:10E91000E4D3BBF1000F0FD000260BE0049850F8B1
:10E92000261008EB0400F8F711FB04440098844219
:10E9300007DA761C5E45F1D3BAF1000F63D00026EA
:10E9400012E005202876122068764FF0FF34F3E7B6
:10E950000E9850F8261008EB0400F8F7F7FA044474
:10E960000098844203DA761C5645F1D34BE005202B
:10E970002876122044E0039951F827104F290CD033
:10E980004B290AD04D2908D0761CB04205D108EB9E
:10E990000400F8F7DBFA044602E07F1C4F45EAD397
:10E9A0003CBBBBF1000F13D000200EE026E0E9686D
:10E9B000761CB14208D1049951F8201008EB0400EC
:10E9C000F8F7C4FA044602E0401C5845EFD384B976
:10E9D000BAF1000F17D000200DE0E968761CB142B3
:10E9E00008D10E9951F8201008EB0400F8F7AEFAA0
:10E9F000044608E0401C5045EFD304E02B762A2063
:10EA000068764FF0FF34204652E700002DE9F047CA
:10EA1000ADF5287D0F46B09D81469A469046294621
:10EA2000A3A8F9F71BFA29469BA8F9F70DFA0022CB
:10EA30001146A0A8FEF727F840F2391013496843A1
:10EA400001EB4004A0ABA3AA9BA92046FDF798FFC9
:10EA500006460820ADF80400CDF80890ADF80C701B
:10EA6000514605A8CDF81080FDF77CF9A01901A941
:10EA700000F0FEFB33182246A0A99BA80095F9F7E9
:10EA8000B0F90DF5287DBDE8F087000088690760C2
:10EA900070B505000C464FF000002AD0002C28D09D
:10EAA00010202870072068700226226871058A42AB
:10EAB0000FD2606800280CDB88420ADAA81C00210B
:10EAC000F8F7F7F9861CA81901216268F8F7F1F93F
:10EAD0000644207A30B1A81904F10C020321F8F79A
:10EAE0004CF905E0A289A81902212369F8F75CF81E
:10EAF000304470BD2DE9FF47002614460546B04658
:10EB00008DF8006001960296ADF80C60002964D083
:10EB1000002C62D028460021F7F7C7FE4FF0FF3ADD
:10EB2000E8B3284601AA6946F7F740FE0646A81949
:10EB300002AA0199F8F76DF9064402984FF480098A
:10EB4000484500D22060A81907460121F7F7ADFE1D
:10EB500030B3384601AA6946F7F728FE0644A819DB
:10EB600002AA0199F8F755F906440298484500D2DF
:10EB70006060AF1902213846F7F797FEC8B184F8F4
:10EB80000880384601AA6946F7F710FE0644A8191E
:10EB900004F1100203A9F7F7CEFF064401E004E0F8
:10EBA0001FE0BDF80C00A08117E05046C4F800A09B
:10EBB000DEE738460321F7F778FE90B10120207296
:10EBC000384601AA6946F7F7F1FD0644A81904F191
:10EBD0000C020199F8F7EDF80644304604B0BDE8A0
:10EBE000F0875046FAE72DE9F04104000E464FF059
:10EBF000000052D0204600213268F8F75AF9054645
:10EC00006019082201217368F7F7CEFF05443289A5
:10EC100060190221F368F7F7C7FF05446019032163
:10EC20003269F8F746F9054460190421F7F75FFDEA
:10EC30007669054466B3328860190021F8F794F9C3
:10EC400072680544501C04D060190121F8F731F9AD
:10EC5000054460190221F7F74AFD054406F108074B
:10EC600005E03946F7F7C0F8D7F86072054404EBC1
:10EC70000500002FF5D14FF00201F7F74BFD96F894
:10EC80007022054422B160190321F8F712F90544F6
:10EC900060190421F7F73EFD2844BDE8F08170B506
:10ECA000040015460E464FF000000DD020704FF4C2
:10ECB0001671F7F773FC6070A6700120E070201DDC
:10ECC0002946FFF790FF001D70BD10B5002248B126
:10ECD00041B1102200F8012B022200F8012BFFF7AE
:10ECE00082FF821C104610BD2DE9F04F85B04FF019
:10ECF000000615465FEA01090446B2468DF8006039
:10ED000001960296ADF80C6004967ED0002DFCD0E2
:10ED100020460021F7F7C9FD4FF0FF3B002875D0D2
:10ED2000204601AA6946F7F741FD0646A01902AA46
:10ED30000199F8F76EF8064402982860A019074672
:10ED40000121F7F7B2FD0028E9D0384601AA69464B
:10ED5000F7F72CFD0644A0192A1D03A9F7F7EBFECF
:10ED60000644BDF80C00082850D1A019074602211E
:10ED7000F7F79BFD0028D2D0384601AA6946F7F77D
:10ED800015FD0644A01905F10C0203A9F7F7D3FEFF
:10ED90000644BDF80C002881A01907460321F7F7A7
:10EDA00084FD002832D0384601AA6946F7F7FEFCF8
:10EDB0000644A01902AA0199F8F72BF80644029814
:10EDC0002861A0190421F7F79BFD002875D06D6913
:10EDD000761C6AE0384601AA6946F7F7E7FC064464
:10EDE000A01904AA0199F8F78EF80644049828801F
:10EDF000A01907460121F7F758FD88B1384601AA46
:10EE00006946F7F7D3FC064401E047E04AE0A01961
:10EE100002AA0199F7F7FDFF06440298686001E035
:10EE2000C5F804B0A0190221F7F76AFDD0B305F1C7
:10EE30000807761C0BE0AFB3A9EB060140463A4643
:10EE4000F7F787F8002838DBD7F860720644A01976
:10EE500080460221F7F76AFD0028ECD0761CA01945
:10EE600007460321F7F721FD78B1384601AA694624
:10EE7000F7F79CFC0644A01902AA0199F7F7C9FF0D
:10EE80000644029885F8700201E085F870A2A01986
:10EE90000421F7F74BFD30B1C5F874A2304605B038
:10EEA000BDE8F08F09E0D5F8745235B1A0190746D6
:10EEB0000021F7F7FAFC00288CD15846EFE72DE93E
:10EEC000F04115460F4604004FF0000625D025B34B
:10EED000002020704FF41671F7F760FB6070A77088
:10EEE0000520E070201D00212A68F7F7E2FF061DCB
:10EEF000AA88A0190121AB68F7F756FE0644287BC3
:10EF000058B96A7BA0190221F7F72BFD0644A01916
:10EF100003212A69F7F7CDFF06443046BDE62DE907
:10EF2000FF5F4FF0000614465FEA010905463746C9
:10EF30008DF8006001960296ADF80C6069D0002C47
:10EF400067D028460021F7F7B0FC4FF03E0A6FF07B
:10EF5000020BE0B3284601AA6946F7F727FC0646EC
:10EF6000A81902AA0199F7F754FF064402982060F5
:10EF7000A81980460121F7F798FC40B3404601AA42
:10EF80006946F7F713FC0644A81904F1080203A91F
:10EF9000F7F7D1FD0644BDF80C00A08048464FF0BD
:10EFA0000109864233D2A81980460221F7F77DFC79
:10EFB000A0B12773404601AA6946F7F7F7FB06445C
:10EFC000A819F7F7D8FC60730198064408E0FFE73A
:10EFD00084F831A0584604B0BDE8F09F84F80C9046
:10EFE000A81980460321F7F760FC70B1404601AADA
:10EFF0006946F7F7DBFB0644A81902AA0199F7F75F
:10F0000008FF06440298206103E0276101E084F8CC
:10F010000C903046DFE72DE9F04115460F4604001D
:10F020004FF0000647D0002D45D0002020704FF44F
:10F030001671F7F7B3FA6070A7701C20E070201DFE
:10F0400000212A68F7F735FF061DAA88A0190121BB
:10F05000AB68F7F7A9FD0644287B58B96A7BA0196D
:10F060000221F7F77EFC0644A01903212A69F7F76D
:10F0700020FF0644A0190421F7F739FB0644AA8AA9
:10F08000A0190021F7F770FFAA690644501C04D0AC
:10F09000A0190121F7F70DFF0644A0190421F7F785
:10F0A00039FB064495F8280028B1A0190521EA6A21
:10F0B000F8F709F806443046EFE52DE9F04F002651
:10F0C00085B014460546B0468DF80060019602965C
:10F0D000ADF80C60049600297CD0002CFCD02846AA
:10F0E0000021F7F7E2FB3E276FF0020B002872D0F9
:10F0F000284601AA6946F7F759FB0646A81902AA4D
:10F100000199F7F786FE064402982060A819814607
:10F110000121F7F7CAFB00285DD0484601AA6946DD
:10F12000F7F744FB0644A81904F1080203A9F7F70E
:10F1300002FD0644BDF80C00A080A81981460221FA
:10F14000F7F7B3FB4FF0010A68B184F80C8048462A
:10F1500001AA6946F7F72AFB0644A819F7F70BFC42
:10F160006073761C01E084F80CA0A8198146032185
:10F17000F7F79BFB70B1484601AA6946F7F716FB03
:10F180000644A81902AA0199F7F743FE064402981B
:10F19000206101E0C4F81080A8190421F7F7B0FB42
:10F1A000C8B1761CA81981460021F7F77EFB90B103
:10F1B000484601AA6946F7F7F9FA0644A81904AACD
:10F1C0000199F7F7A0FE06440498A082A819814689
:10F1D000012101E035E02EE0F7F767FB68B1484612
:10F1E00001AA6946F7F7E2FA0644A81902AA0199AA
:10F1F000F7F70FFE0644029801E04FF0FF30A061E0
:10F20000A8190421F7F792FBA8B1761CA8190746A4
:10F210000521F7F74AFB90B184F828A0384601AAE7
:10F220006946F7F7C3FA0644A81904F12C01F8F768
:10F23000F7F8064405E084F8317058462FE684F864
:10F24000288030462BE6002811D000290FD000235B
:10F2500041610AE0012A05D9084601F51E71C0F88E
:10F26000741201E0C1F87432521E002AF2D17047C4
:10F2700070B504000D464FF0000017D0002D15D0DA
:10F2800010202070012060702988A01C6A68F7F7A0
:10F290009CFC861C2989A019EA68F7F796FC0644AD
:10F2A000A01905F11001F7F74DFD304470BDFEB512
:10F2B0000446002015468DF800000190ADF80800C6
:10F2C000471E89B385B3204601AA6946F7F76EFA4F
:10F2D00006469DF800000C2826D1A0192A1D02A977
:10F2E000F7F729FC0644BDF808002880A01901AAF8
:10F2F0006946F7F75BFA06449DF800000C2813D125
:10F30000A01905F10C0202A9F7F715FC0644BDF897
:10F3100008002881A01901AA6946F7F747FA0644B0
:10F320009DF80000072801D03846FEBDA01905F160
:10F3300010020199F7F73DFD3044FEBD30B44FF0A7
:10F34000FF3328B10478102C02D14478012C02D06C
:10F3500030BC18467047801C30BC891EA7E70000EF
:10F360000649074A0868504343F2390210440860CE
:10F37000400870470149086070470000D0070060EE
:10F380006D4EC64140EA01039B0703D009E008C95E
:10F39000121F08C0042AFAD203E011F8013B00F85A
:10F3A000013B521EF9D27047D2B201E000F8012BA6
:10F3B000491EFBD270470022F6E710B513460A46F5
:10F3C00004461946FFF7F0FF204610BD30B505464C
:10F3D0002A460B4612F8010B13F8014B08B1A04264
:10F3E000F8D01CB1002802D06D1CF1E7284630BDD2
:10F3F000CAB2401E10F8011F8A4202D00029F9D17A
:10F4000000207047421C10F8011B0029FBD1801A14
:10F41000704710B5002200E0521C835C8C5CA34254
:10F4200001D1002BF8D1D8B2E1B2401A10BDCBB255
:10F4300003E00178994203D0401C521EF9D200200B
:10F44000704730B504460020034600E05B1C934241
:10F4500003D2E05CCD5C401BF8D030BD034611F810
:10F46000012B00F8012B002AF9D118467047000043
:10F470000FB400B58DB010A909900B9000914FF01A
:10F48000FF300A9000200C90054806900548079030
:10F490006A4609A80F9900F05DFB0DB05DF814FBFA
:10F4A00071FB03088FFB03082DE9FF5F1D464FF03A
:10F4B000FF3BD5E9014691465F464FF00008A96938
:10F4C0007F1C01988847296A824688470028F6D120
:10F4D000BAF1FF3F0CD024F4C064002E19DD6006A1
:10F4E00014D5BAF12B0F09D0BAF12D0F0ED103E0CC
:10F4F000584604B0BDE8F09F44F48064A9697F1CBD
:10F5000001988847761E8246002E02DDBAF1300F40
:10F5100003D0B9F1000F26D032E0A969761E44F479
:10F5200000747F1C019888478246002E05DDBAF1E1
:10F53000780F06D0BAF1580F03D0B9F1000F10D0F0
:10F540001EE0B9F1000F02D0B9F1100F18D1A9696E
:10F55000761E24F400747F1C019888478246102090
:10F5600002E0082000E00A20814609E008FB0908C3
:10F57000A969761E44F400747F1C0198884782466E
:10F58000002E05DD4946504600F0CFFA0028EDDA9E
:10F59000E96901988847A00502D46FF00100A8E747
:10F5A000E00725D1600613D5600502D5C8F100003B
:10F5B00000E0404629680A1D2A600968220501D535
:10F5C000087015E0220701D5088011E008600FE0FF
:10F5D0002868011D29600068210502D580F8008097
:10F5E00006E0210702D5A0F8008001E0C0F8008005
:10F5F00038467EE72DE9F04791460F46804604469F
:10F60000002614F8015B2DB100F082FA0068405D1D
:10F61000C007F6D12B2D02D02D2D18D0641E4A46DE
:10F620003946204600F0C4FA27B13968A14201D119
:10F63000C7F8008071054FF002040BD54042002846
:10F6400003DD01F0A1F90460A007BDE8F08746F4EE
:10F650008066E4E70028F8DA01F096F904606FF0BC
:10F660000040F2E72DE9F05F93460F4680460446DE
:10F67000002601F089F9D0F80090824614F8015B69
:10F680002DB100F045FA0068405DC007F6D12B2D82
:10F6900002D02D2D1AD0641E0021CAF800105A463F
:10F6A0003946204600F084FA014627B13868A04266
:10F6B00001D1C7F80080DAF80000022809D0CAF8A2
:10F6C0000090700505D54842BDE8F09F46F480667D
:10F6D000E2E70846F8E7F0B480EA0102D40F4200FE
:10F6E000B2EB410F02D20246084611464A0042D010
:10F6F000C30DDDB2C1F3C752AD1A202D35DAC1F307
:10F70000160141F4000204B15242C5F1200602FA8A
:10F7100006F12A411044B3EBD05F23D0C4B1012DD0
:10F72000A0EBC35009DCF0BC4FF0004202EAC35228
:10F73000DBB200F5000000F0E2BA400000F180709A
:10F7400000EBC350A0F1807040EAD170490009E09D
:10F75000490841EAC071A0EBC35000F50000400821
:10F7600000EBC350F0BC00F0C1BA6142012202EBD1
:10F770004101001BF6E7F0BC704781F00041AAE7A9
:10F7800080F00040A7E780EA010210B502F00043D4
:10F79000400022D04A001FD0010E01EB1261C0F3DD
:10F7A0005600C2F3560240F4000042F40002A0FBEF
:10F7B000022000047F39140400D0401C50EA12409B
:10F7C00001D44000491EC2B20C0604EBD010401C0C
:10F7D0004008802A02D003E0002010BD20F0010084
:10F7E000002900DA0020184310BD30B480EA01027D
:10F7F00002F0004530F0004221F0004013D090B1FB
:10F80000C30DD40DC2F31601C0F31600E41A41F47F
:10F81000000140F400027D34914201D3641C00E0F9
:10F820004900002C02DA30BC002070474FF4000081
:10F830000023914201D3891A034340084FEA410152
:10F84000F7D151B1914202D14FF0004105E002D20F
:10F850004FF0010101E06FF0010103EBC4502844B7
:10F8600030BC00F043BA420005D0C0F3C752524248
:10F87000914201DC0020704700EBC15070472DE938
:10F88000F04D81EA030404F0004B21F000451446DA
:10F890004FF0000A23F0004150EA050220D054EA5C
:10F8A00001021DD0C5F30A570246C5F31303C1F385
:10F8B0001300C1F30A5640F4801543F48013A7EBFC
:10F8C0000608101BD64608F2FD3873EB050002D37C
:10F8D00008F1010801E092185B41B8F1000F03DA6A
:10F8E00000200146BDE8F08D00204FF4801106464F
:10F8F00084460EE0171B73EB050705D3121B63EB61
:10F90000050306434CEA010C49084FEA30009218FF
:10F910005B4150EA0107EDD152EA030012D082EABE
:10F92000040083EA0501084305D0101BAB4106D251
:10F930000122002306E000224FF0004302E06FF0B6
:10F94000010253101AEB06004CEB085110EB0A00B1
:10F9500041EB0B01BDE8F04D00F0FFB9C10F80EAAB
:10F96000E0700844CA079623002100F0C8B9962326
:10F970000022114600F0C3B90EB5C10F80EAE07055
:10F980000844CA07002140F233438DE80E000A46BE
:10F990000B4600F0F1F903B000BD0EB540F2334163
:10F9A00002910021CDE900110A460B4600F0E4F96E
:10F9B00003B000BD00F0004220F00040C10DC0F3D4
:10F9C000160040F400007F2901DA002070479629D4
:10F9D00003DCC1F19601C84001E096398840002A55
:10F9E000F4D04042704720F00040C10DC0F3160033
:10F9F00040F400007F2901DA00207047962903DCDB
:10FA0000C1F19601C8407047963988407047C1F3EC
:10FA10000A5210B5C1F3130140F2FF3341F48011D3
:10FA20009A4201DA002010BD40F233439A42A2F21A
:10FA3000334203DC524200F05AF810BD904010BD32
:10FA400001F0004330B421F0004150EA010206D039
:10FA50000A0DA2F56072C1F31301002A02DC30BC6A
:10FA600000207047440F44EAC104C100E01830BCD4
:10FA700000EBC25000F03AB9002801DBC0F10040B1
:10FA8000002901DBC1F10041814270472DE9F05F9F
:10FA90000546002092469B468846064681464024FD
:10FAA0001BE0284641464746224600F020F85346D0
:10FAB0005A46C01A914110D311461846224600F00A
:10FAC0008BFB2D1A67EB01084F46224601200021CF
:10FAD00000F082FB17EB00094E41201EA4F1010447
:10FAE000DFDC484631462A464346BDE8F09F202ADF
:10FAF00004DB203A21FA02F00021704721FA02F3D8
:10FB0000D040C2F1200291400843194670470000DE
:10FB1000004870474424040810B50446FFF7F8FF76
:10FB20000068005D00F0010010BD3A2800D23038B6
:10FB300020F02002412A01D3A2F13700884201D3EC
:10FB40004FF0FF30704700000268114413780160E5
:10FB500018467047D160044951610449116200217F
:10FB60001161114600F05ABB49FB030819FB030859
:10FB7000426842B1016811F8013B23B1521EC0E94D
:10FB80000012184670470121C160881E7047426804
:10FB90005AB1C368016843B983688B4205D0491ED6
:10FBA000521CC0E90012002070474FF0FF30704730
:10FBB0002DE9F05F82460078002715468B460AF152
:10FBC0000104B946302801D09DB113E014F8010BAF
:10FBD0000127782803D0582801D045B10AE00DB19B
:10FBE000102D07D10027102514F8010B02E008257D
:10FBF00000E00A250026B0460EE005FB080005FBE4
:10FC000006F1012701EB10461FFA80F8B6F5803F98
:10FC100000D3B94614F8010B2946FFF786FF0028E8
:10FC2000EBDABBF1000F05D00FB1641E00E05446C3
:10FC3000CBF80040B9F1000F06D000F0A5FE02217C
:10FC40000160C81EBDE8F09F48EA0640FAE70000E0
:10FC50000FB4002300B589B00CA900910B996FF087
:10FC60000042CB601E4B06931E4B07930423CDE945
:10FC700001321D4A089202466B46002000F0F8FC53
:10FC800009B05DF814FB70B586B006464FF0FF3042
:10FC90000091CDE90101002015460C460490324642
:10FCA000694604A8FFF7D4FF02460498211825B13D
:10FCB00008B1084600E020462860049800280DD0CE
:10FCC000002A02DD0098884208D0081B0094CDE984
:10FCD00001043246694604A8FFF7BAFF06B070BDBA
:10FCE00071FB03088FFB030819FB03080029A8BF59
:10FCF0007047401C490008BF20F00100704710B455
:10FD0000B0FA80FC00FA0CF050EA010404BF10BC09
:10FD1000704749B1CCF1200421FA04F411FA0CF136
:10FD200018BF012121430843A3EB0C01CB1D4FEA6F
:10FD300000614FEA102042BF002010BC704700EB6A
:10FD4000C35010440029A4BF10BC7047401C490098
:10FD500008BF20F0010010BC704710B5141E73F1ED
:10FD6000000408DA401C41F1000192185B411A437B
:10FD700001D120F0010010BD2DE9F04D92469B46C7
:10FD800011B1B1FA81F202E0B0FA80F2203290466D
:10FD900000F022FA04460F4640EA0A0041EA0B014D
:10FDA00053465A46084313D0114653EA010019D06E
:10FDB000C8F140025046FFF79AFE05460E465046EF
:10FDC0005946424600F008FA084305D0012004E0F5
:10FDD00020463946BDE8F08D0020054346EAE0762E
:10FDE0002C4337430A986305E40AA0EB080000227D
:10FDF000FD0A44EA47540A3002D500200146E9E7EB
:10FE0000010510196941DDE9084500196941BDE89E
:10FE1000F04DA2E72DE9FE4F804681EA0300C00FB6
:10FE20000C46009021F0004123F00045B8EB0200A1
:10FE3000A94105D24046214690461C460B46024643
:10FE400023F00040104347D0270DC7F30A00C3F347
:10FE50000A510290401A019040286BDAC3F3130054
:10FE600040F4801B0098924620B10023D2EB030A95
:10FE700063EB0B0B01985946C0F14002504600F06D
:10FE8000ABF906460D4650465946019A00F0B3F9C3
:10FE900010EB08006141002487EA115284EAE773FD
:10FEA0001A4340D0009A62B3019A012A4FEA0752DE
:10FEB00015DC001B61EB02014FF0004202EA075221
:10FEC000CDE90042001C41F5801132462B46FFF778
:10FED00053FF03B0BDE8F08F40462146F9E7001B11
:10FEE00061EB0201001C41F5801300185B412018F2
:10FEF000A2F5001747EB030140EAD570B6196D4132
:10FF000011E06D084FEA360645EAC0754FEA075220
:10FF1000001B61EB0201001C41F5801149084FEA0A
:10FF200030000019514132462B4603B0BDE8F04F76
:10FF3000FFF713BF0098012240000023D0EB02021C
:10FF400063EBE073009821464FEAE074B8EB0000E1
:10FF500061EB0401E9E783F000435BE781F00041D6
:10FF600058E72DE9FE4F81EA030404F0004421F034
:10FF7000004100944FF0000B23F0004350EA0104CD
:10FF80005ED052EA03045BD0C3F30A54C1F30A55AE
:10FF90002C44A4F2F3340194A0FB0254C1F31301E6
:10FFA00041F48011C3F3130343F4801301FB0244B3
:10FFB00000FB034E840A970A44EA815447EA8357B8
:10FFC000A4FB076802958D0A05FB07854FEA932C71
:10FFD00004FB0C542705029D4FEA065847EA1637E2
:10FFE000B5EB08056EEB070C870E920E47EA8117FA
:10FFF00042EA8312A7FB0201B6EB0B0164EB00049B
:020000040804EE
:100000002B0D43EA0C335E1844EB1C50DA46514684
:10001000E7FB0201C5F313044FEA0B3343EA145321
:100020004FEA0432019C43EA0603A4F10C04029453
:10003000009CCDE900B4FFF79FFE03B0BDE8F08F50
:1000400000200146F9E770B521F0004303430CD0CE
:10005000C1F30A550024D5EB040564EB0403D6175D
:10006000AD1AB34102DB0020014670BD201841EB00
:10007000025170BD2DE9F04D00231A461B1A8A412A
:1000800003DB00200146BDE8F08DC1F30A52C1F345
:10009000130141F480154FF0000BD10702D1001875
:1000A0006D41521E0027044640F2FF11384601EB15
:1000B000620A3E468046024600204FF48011FFF758
:1000C00016FDC2197141BB1846EB0100B4EB030CDD
:1000D00075EB000C04D3E41A65EB000517460E46D9
:1000E000241908F101006D4180463428E3DDF91937
:1000F00046EB0600091BA84103D24FF0FF3213461E
:1001000001E0002213461BEB070046EB0A51BDE855
:10011000F04DFFF722BE70B5C1F30A5201F0004561
:100120000024C1F3130140F2FF3341F480119A42DD
:1001300001DA002070BD40F233439A42A2F233420A
:1001400003DC5242FFF7D3FC00E090402C43F1D097
:10015000404270BD30B5041E71F1000404DB4FF065
:100160000044404264EB0101141E73F1000405DBFE
:100170001C464FF00043524263EB04038B4208BF1E
:10018000824230BD30B5041E71F1000404DB4FF033
:100190000044404264EB0101141E73F1000405DBCE
:1001A0001C464FF00043524263EB0403994208BFE0
:1001B000904230BD064C074D06E0E06840F0010378
:1001C00094E8070098471034AC42F6D3C7F7B4FF61
:1001D0007426040894260408202A04DB203A00FA36
:1001E00002F1002070479140C2F1200320FA03F38E
:1001F000194390407047202A06DBCB17203A41FA7A
:1002000002F043EAE07306E041FA02F3D040C2F1A3
:100210002002914008431946704700002DE9F34F32
:100220008BB04FF0000801F10C000C464FF0010BB1
:1002300046460DF1080A0190626901210198904734
:10024000051E2DD0252D2CD0216A8847C0B16269AA
:10025000012101989047216A88470028F7D1411E63
:1002600062690198904700E0761CA1690B98884765
:10027000216A88470028F7D1E1690B988847DBE7B6
:10028000A1690B9888470746A84201D1761CD3E79D
:10029000E1690B9888477F1C02D1B8F1000F6FD03D
:1002A00046E1002762693D463946019890472A2871
:1002B00004D162690121019890470125DFF88492F9
:1002C0006269012101989047A0F130010A290AD200
:1002D0004F45E5DC07EB870100EB4107303FDFD4FA
:1002E00045F01005ECE7E90601D46FF000476C28F3
:1002F0000AD04C2814D0682815D06A280DD074284C
:100300001CD07A281AD01DE062690121019890471B
:100310006C2802D045F0040514E045F002050DE01C
:1003200045F020050AE0626901210198904768289C
:1003300002D045F0080505E045F400656269012139
:1003400001989047C4E9015765283DD019DC582829
:100350007AD00CDC452837D004DC252826D041286B
:1003600031D131E046282FD047282CD12CE05B2812
:1003700077D0612828D063287CD0642823D15AE024
:10038000D0E06F2848D008DC66281DD067281BD035
:10039000692821D06E2816D127E0702845D073280F
:1003A00068D0752847D078280DD14DE0A1690B9809
:1003B0008847054625283FF469AFE1690B988847CF
:1003C0006D1C3FF46AAFB3E023466A466FF001004C
:1003D0000B9900F04DF99EE045F040006060A807E1
:1003E00023464FF0000236D43EE0E8077FF447AFE3
:1003F0002068011D21600068290501D506701BE7F2
:10040000290701D5068017E7A90703D5F117C0E929
:10041000006111E706600FE745F040006060A80743
:1004200023464FF0080216D41EE040F60E0125EADE
:100430000100606016E045F040006060A8072346B8
:100440004FF00A0207D40FE045F040006060A807B3
:1004500008D5234610226FF001000B99AFF30080FE
:1004600059E007E0234610226FF001000B99FFF7D7
:100470001BF850E04FF000094F464B46632802D06E
:100480005B2806D040E0E80601D40120A0600127E7
:100490003AE062690121019890475E2805D14FF04A
:1004A00001096269494601989047216939B90021DB
:1004B0000A46534643F82120491C0829FADBB0B309
:1004C000216969B9C11700EBD16253110AEB8301AD
:1004D00022F01F02821A01200B68904003430B6038
:1004E00062690121019890475D28E8D1B9F1000FB8
:1004F00009D00020514651F82020D24341F8202055
:10050000401C0828F7DB02AB224600976FF0010081
:100510000B99AFF3008000280CDA401C08D1BBF126
:10052000000F05D04FF0FF300DB0BDE8F08FFFE7B2
:100530004046F9E7E90701D108F1010806444FF008
:10054000000B79E6CCCCCC0C2DE9FF4F087883B0BA
:100550009946FF2805D0491C2D2804D000240020EE
:1005600008E000200BE00124F9E700EB800003EB3A
:100570004000491C0B78FF2BF7D104B14042002307
:100580000293147819461D462D2C01D02B2C04D132
:10059000521C2D2C13D000240294AA461478FF2C50
:1005A0000FD00A25A3FB057801FB05814FF0000C55
:1005B00003FB0C11521CE3194AEB0101EEE7012485
:1005C000EAE7814453EA010002D019F5C87F06DA50
:1005D00003980021C0E9001107B0BDE8F08F0025A5
:1005E000AE4E2F46DFF8B882184600F05DF9CDE92F
:1005F0000001B9F1000002DAC9F1000400E004468C
:100600000023A74A1AEB030B42EB045A12E0E0075F
:1006100007D02A46334638464146FFF7A2FC074634
:1006200088462A46334610461946FFF79AFC054687
:100630000E466410002CEAD1DDE90001B9F1000F8B
:100640005A46534606DAFFF71AF93A464346FFF789
:1006500016F905E0FFF785FC3A464346FFF781FCB3
:10066000029A0AB181F00041039AC2E90001B3E79E
:100670002DE9FF4F1F468DB0D7E901464FF0FF38F7
:100680002E2045464FF000090B90B9696D1C0E985D
:100690008847396A824688470028F6D1BAF1FF3F79
:1006A0000AD024F4D064002E11DDBAF12B0F08D04B
:1006B000BAF12D0F0BD102E0404611B08DE744F4A2
:1006C0008064B9696D1C0E9888478246761E69461B
:1006D000600501D52D2000E02B208DF8000001F1F0
:1006E000010B0DF1200809E0B9696D1C0E988847CF
:1006F00082460F9844F40074761E0560002E02DDD9
:10070000BAF1300FF0D00B998A453ED144F0800405
:1007100006E00F99681CA9F1010944F4007408600F
:10072000B9696D1C761E0E98884782463028F0D035
:100730002BE00B998A4505D1200603D444F08004B0
:10074000761E18E0504600F0ADF908B30DF1130124
:10075000761E44F400748B4508D2AAF130000BF8E1
:10076000010B200607D5A9F1010003E0200602D401
:1007700009F101008146A00502D50F99681C0860A7
:10078000B9696D1C0E9888478246002ED1DC53E073
:10079000002E51DDBAF1650F02D0BAF1450F4BD1F1
:1007A000A00549D5B9696D1C24F44074761E0E98D5
:1007B00088478246002E0CDD2B2804D0BAF12D0F7D
:1007C00007D144F48074B9696D1C0E98884782463D
:1007D000761EE00501D52D2100E02B2108F8011B34
:1007E000CDF82C8021E00DF12901761E44F400742F
:1007F00088450CD2AAF1300010F0FF0088F8000004
:1008000002D10B99884509D908F1010806E0E005F5
:1008100001D5244801E042F20F708146B9696D1C90
:100820000E98884782460F980560002E04DD5046DA
:1008300000F038F90028D6D1F9690E988847FF20D2
:100840008BF8000088F800000020069007904B46C7
:100850006A4608A906A8FFF777FEA00502D46FF044
:1008600001002AE714F0240F0AD0E00714D1DDE9D3
:1008700006123868031D3B600068C0E900120BE0F7
:10088000DDE90601FFF7DCF80146E00704D138682E
:10089000021D3A600068016028460EE7000014401F
:1008A0000000F03FF1D8FFFF0EB540F23342029254
:1008B0000022CDE900221346FFF75EFA03B000BD27
:1008C00070B58C1810F8015B15F0070301D110F812
:1008D000013B2A1106D110F8012B03E010F8016B3F
:1008E00001F8016B5B1EF9D12B0705D40023521EC2
:1008F0000DD401F8013BFAE710F8013BCB1A921C2A
:1009000003E013F8015B01F8015B521EF9D5A14227
:10091000D8D3002070BD00000FB4054B10B503A95B
:10092000044A029800F0C6F810BC5DF814FB000001
:100930000BD300089C0000600FB4084B10B504A94D
:1009400002AA039800F0B6F8044602A9002000F0BD
:10095000E2FA204610BC5DF814FB0000170F0408F3
:10096000490050EAC12018BF04204A0D18BF40F0CA
:10097000010040F2FF72B2EB515F08BF40F002008D
:10098000012808BF0520704700487047DC07006059
:100990002DE9F0414F1E00EBC7010446D1E90001EB
:1009A00015461E4637F006020DD02A463346FFF79D
:1009B000D8FA7F1E04EBC703D3E90023FFF72AFA16
:1009C00037F00602F1D1022F25D0042F13D0062FC5
:1009D00018BFBDE8F0812A463346FFF7C2FAD4E9D2
:1009E0000A23FFF717FA2A463346FFF7BAFAD4E983
:1009F0000823FFF70FFA2A463346FFF7B2FAD4E985
:100A00000623FFF707FA2A463346FFF7AAFAD4E986
:100A10000423FFF7FFF92A463346FFF7A2FAD4E989
:100A20000223FFF7F7F92A463346FFF79AFAD4E98B
:100A30000023BDE8F041FFF7EDB9000000221346A6
:100A400010460149FEF71BBF0000F03F0122FFF7EF
:100A5000FABA0022134610461146FEF710BF40F2C4
:100A6000013200204FF0E041FFF7EDBA024A0020CA
:100A70001107FFF7E8BA000001FDFFFF02E008C818
:100A8000121F08C1002AFAD17047002001E001C1FD
:100A9000121F002AFBD1704701490860704700000F
:100AA000DC07006030380A2801D20120704700209E
:100AB000704700002DE9FF4F8DB00F460546002618
:100AC00006E025280BD0DDE90F1290476D1C761C3F
:100AD00028780028F5D111B03046BDE8F08F002409
:100AE000A246A1460122EC4900E0044315F8013F6B
:100AF000203B02FA03F00842F7D128782A2810D0C8
:100B00006FF02F022878A0F13001092914D80AEBE0
:100B10008A0102EB410144F0020400EB010A6D1C62
:100B2000F0E701CF5FEA000A03D544F40054CAF1AC
:100B3000000A44F002046D1C28782E2817D115F8FD
:100B4000010F44F004042A280ED06FF02F022878F9
:100B5000A0F1300109290AD809EB890102EB410112
:100B600000EB01096D1CF2E757F8049B6D1C287817
:100B70006C280FD006DC4C2817D068280DD06A28C6
:100B800014D104E0742810D07A280FD10DE044F479
:100B900000140AE044F4801401E044F4401469783D
:100BA000814202D104F580146D1C6D1C2A786E2AD6
:100BB0001FD00CDC632A31D004DC002A8BD0582AE9
:100BC00011D1A3E0642A68D0692A0CD165E0732AA8
:100BD0002ED004DC6F2A73D0702A04D19BE0752AD2
:100BE0006FD0782A6ED01046DDE90F129047761C40
:100BF00050E1C4F30250022806D0032809D004288B
:100C000001CF09D0066045E101CFF117C0E90061CD
:100C100040E101CF06803DE106703BE117F8040B8F
:100C20008DF8000000208DF80100EB46012003E064
:100C300057F804BB4FF0FF3061074FF0000102D4BA
:100C40000DE008F10101884649450FDA8045F8DBDF
:100C50001BF808100029F4D108E008F101018846CA
:100C60008142FADB1BF808100029F6D1DDE90F23D9
:100C7000AAEB08008146214600F036F9304400EB2B
:100C8000080604E0DDE90F121BF8010B9047B8F1EC
:100C90000108F7D221464846F7E00A21C4F302537F
:100CA0004FF0000B0891022B04D001CFC117032B8A
:100CB00009D00AE0FF1D27F00707F7E8020108E066
:100CC00032E01FE020E000B2C117042B01D140B296
:100CD000C117031E71F1000307DA4FF0000CD0EBCF
:100CE0000C006CEB01012D2302E0230504D52B231E
:100CF0008DF82430012303E0E30701D02023F7E738
:100D0000984658E00A2110E010210EE010204FF024
:100D1000000B08900CE010214FF0000B44F004048D
:100D20004FF00809089103E008214FF0000B0891EB
:100D3000C4F30253022B04D001CF0021032B06D0B1
:100D400006E0FF1D27F00707F7E8020103E080B285
:100D5000042B00D1C0B24FF0000823072BD5702A16
:100D600007D0DDF820C08CF0100C5CEA0B0C05D02D
:100D70000EE040238DF82430012308E050EA0103FF
:100D800006D030238DF824308DF825200223984694
:100D9000DDF820C08CF0080C5CEA0B0C0BD150EA9B
:100DA000010301D1630706D530238DF824304FF0BD
:100DB0000108A9F10109582A04D038A20B9208AA07
:100DC0000A920BE03AA2F9E75B46089AFEF75EFE4C
:100DD0000B9B9B5C0A9A521E0A92137050EA010206
:100DE000F2D10A98ADEB000000F1200B600702D5AC
:100DF00024F4803401E04FF00109D94502DDA9EB6C
:100E00000B0000E0002000EB0B0141440890AAEB2E
:100E1000010AE00306D4DDE90F232146504600F025
:100E200063F806444FF0000908E009A911F8090029
:100E3000DDE90F12904709F10109761CC145F4DB89
:100E4000E0030CD5DDE90F232146504600F04CF8B5
:100E5000064404E0DDE90F1230209047761C089923
:100E6000481E08900029F5DC08E00A980A990078E5
:100E7000491C0A91DDE90F129047761CBBF1000175
:100E8000ABF1010BF1DC21465046DDE90F2300F008
:100E900019F806446D1C1BE6092801003031323375
:100EA00034353637383961626364656600000000A6
:100EB0003031323334353637383941424344454690
:100EC000000000002DE9F041044600251E461746AB
:100ED000880404D405E039462020B0476D1C641E08
:100EE000F9D52846BDE8F0812DE9F04104460025FA
:100EF0001E469046C80301D5302700E0202788040D
:100F000004D505E041463846B0476D1C641EF9D54E
:100F10002846BDE8F0810A68531C0B6010707047CA
:100F20002DE9F04D894BCE0F21F0004784B00546E6
:100F30000C469F4230D38648874211D3C7F3130033
:100F4000284305D004B02846BDE8F04DFFF77EBD2C
:100F5000002E1ABF00200146284604B0BDE8F08DDF
:100F60007C4A2846FFF70EF907D20220FFF794FDCE
:100F700004B0BDE8F04DFFF772BD774A774B2846C5
:100F80002146FFF7E7F807D20220FFF785FD04B0FE
:100F9000BDE8F04DFFF76ABD7148B84248D27148CC
:100FA000874215D27048784400EBC6002146D0E94C
:100FB00000232846FEF7CFFFCDE900016B487844B7
:100FC00000EBC600D0E900ABC6F10100861B26E0AD
:100FD000674A684B28462146FEF7C3FF664A7A44B3
:100FE00002EBC603D3E90023FEF714FFFFF793F8E3
:100FF0000646FEF7C1FC07468846604A604BFEF78E
:10100000B0FF2A462346FEF7A9FFCDE900015D4A5D
:101010005D4B38464146FEF7A4FF82468B46DDE92C
:10102000000152465B46FEF796FF05460C4618E067
:101030005648874214D2564A564B28462146FEF758
:10104000E9FE554E00223346FFF79CF808D204B063
:10105000334628462146BDE8F04D0022FEF7DABEB1
:1010600000262A46234610461946FEF77AFF804698
:1010700002464A480F460B4605217844FFF788FC94
:1010800042463B46FEF76DFF2A462346FEF766FFC3
:1010900007468846E6B302460B4600204FF08041E3
:1010A000FEF759FFCDE902013A464346284621465C
:1010B000FEF757FFDDE90223FEF7E1FB52465B46F0
:1010C000FEF74CFFDDE90023FEF745FF0022324B1F
:1010D000FEF744FF6FF47F729642A2BF01EB065108
:1010E00004B0BDE8F08D4FF07A5202EB0652114485
:1010F0002B4AFEF7A8FF04460D46FFF731FC0428F3
:1011000008BFFFF7B3FC204604B02946BDE8F08DC8
:10111000FFE700224FF08043FEF71DFF82460E4698
:101120003A46434628462146FEF71BFF52463346C1
:10113000FEF7A5FB2A462346FEF70DFF04B000226A
:10114000BDE8F04D144BFEF709BF0000422E86406B
:101150000000F07FEF39FAFE51302DD5104987C0DD
:10116000422ED63FB2A2F03F8E130000861300003D
:10117000FE822B654715F73F461300000000E0FE96
:10118000422EE63F763C7935EF39EA3D0000303EAD
:101190009C7500883CE4377E0000F03FDA120000C6
:1011A00018FCFFFF10B5002821D0114B0022001FB2
:1011B000196803E0814203D80A4649680029F9D139
:1011C00052B11368841A9C4204D10068184410601C
:1011D000104602E0506000E0186039B102680B1A56
:1011E000934203D10B681A4402604968416010BD04
:1011F000D40700602DE9F04DC84A002490B0914218
:1012000005DA21F00043934201D805D120B110B096
:10121000BDE8F04DFFF71ABCB1F5801F1BDA53EAA9
:10122000000209D0002911DA0120FFF735FC10B0C7
:10123000BDE8F04DFFF70DBC0220FFF72DFCFFF7D6
:10124000FDFB10B081F00041BDE8F08D6FF035047A
:101250003622FEF7F8FE04EB2152C1F31308B04921
:10126000A2F2FF33414401F4801282F07F6103EB6C
:10127000225281F04051009241EA08010022A94B1C
:10128000FEF769FE044608F10200A74EC0F3130002
:101290000D467E44032867D2D6E900232046FEF798
:1012A00059FF1ED10098002802BFD6E9000110B0F6
:1012B000BDE8F08DFEF760FB07460C469B4A9C4B51
:1012C000FEF74FFE06460D469A4A9B4B384621468E
:1012D000FEF747FE10B032462B46BDE8F04DFEF754
:1012E00099BD4FF05532954B20462946FEF739FE01
:1012F0000022934BFEF732FE06460F4622462B464F
:1013000010461946FEF72DFE32463B46FEF729FEF3
:10131000064600980F46F0B1FEF72EFB80468A463F
:10132000824A834BFEF71DFE32463B46FEF716FE11
:1013300022462B46FEF70FFE05460C467D4A7E4BA5
:1013400040465146FEF70DFE10B02A462346BDE842
:10135000F04DFEF700BE0B4610B03246204629463F
:10136000BDE8F04DFEF7F7BD00224FF08043204668
:10137000FEF750FD02460B4620462946FEF77FFA4F
:1013800006460F460098FEF7F7FACDE9040132460B
:101390003B4610463946FEF7E4FD0C9069480C9A2E
:1013A0004044019009910B461046FEF7DAFD824653
:1013B000024665488B46C8F151080B4608F5D72808
:1013C00003217844FFF7E4FA52465B46FEF7C9FD75
:1013D0000A905E480D9152465B4604217844FFF71F
:1013E000D7FA099B0C9AFEF7BCFD844601980D9B29
:1013F00040EA080860460A9AFEF70CFD8346089109
:10140000B8F1000F4EDD4FF0FF3220462946FEF7BF
:101410001AFE22462B46FEF7A4FD804600988A4617
:1014200060B3DDE90401414A414BFEF79AFD0991A1
:1014300000905A4640465146089BFEF7EBFC324668
:101440003B46FEF78EFD099B009AFEF7E3FC424601
:101450005346FEF783FD22462B46FEF77CFD0446ED
:101460000D46DDE90401334A334BFEF77AFD10B037
:1014700022462B46BDE8F04DFEF76DBD5A4640466C
:10148000089BFEF7C7FC32463B46FEF76AFD424624
:101490005346FEF763FD10B022462B46BDE8F04DE3
:1014A000FEF75CBD009840B3DDE904011F4A204B04
:1014B000FEF757FD80468A465A4620462946089B35
:1014C000FEF749FD32463B46FEF74BFD424653468A
:1014D000FEF741FD22462B46FEF73DFD04460D4634
:1014E000DDE90401134A144BFEF73BFD10B0224620
:1014F0002B46BDE8F04DFEF72EBD0B465A46204662
:101500002946FEF728FD32463B46FEF72AFD10B07D
:1015100022462B46BDE8F04DFEF720BD0000F07FCF
:10152000645F09000000F03F22110000763C79352D
:10153000EF39EA3D0000E0FE422EE63F5555D53F2B
:101540000000E03F86EBF9FFBA0F0000B80F000083
:10155000F0B50B30154D20F007010024144A0FE0C0
:1015600003688B420BD38B4205D95E1A4318476838
:10157000C3E9006700E04368136002C004E0021D95
:1015800010680028ECD12046002802D1286808B154
:101590000020F0BD064A07481060074A121A22F0E0
:1015A0000702C0E9002401202860D7E7D8070060BF
:1015B000D4070060DC6F0760D87107602DE9F04147
:1015C00006460F46FEF756FD041E0D4618BF0120C5
:1015D000284320F00040C0F17F6000F1E040C00FE0
:1015E0000ED0301C18BF0120384320F00040C0F15D
:1015F0007F6000F1E040C00F04BF0120FFF74CFA0C
:1016000020462946BDE8F08100B583B00A46002196
:10161000CDE9001101466846FEF735FBDDE9000122
:1016200003B000BD00030306010406020500030524
:101630001F1C1F1E1F1E1F1F1E1F1E1FFFFFFFFF41
:10164000FFFFADDE1223638253631F1C1F1E1F1E8C
:101650001F1F1E1F1E1F1F1D1F1E1F1E1F1F1E1FA1
:101660001E1F4142434445464748494A4B4C4D4E54
:101670004F505152535455565758595A61626364EA
:1016800065666768696A6B6C6D6E6F707172737492
:1016900075767778797A3031323334353637383970
:1016A0002B2F000001024040801008041005020C9E
:1016B00010101008083031323334353637383900DD
:1016C00000000000000000000000000000F8000022
:1016D00000000033000000000806080600000000BB
:1016E0000000004040F840F840043F053F0504700A
:1016F00088FC0830001820FF211E00F09860E038B8
:101700000000310E1F330C00F0887000001E2126EF
:10171000192720100E00000000000000000000004B
:101720000000F00C020000000F3040000618E0003E
:10173000000060180700004080F080400002010FA8
:101740000102000000F000000001011F0101000083
:101750000000000000807000000000000000000099
:101760000001010101010000000000000000300044
:10177000000000000080700C00601C03000000F0FE
:10178000080818E0001F2020300F000010F80000AB
:101790000000203F20000070080808F000302C22D4
:1017A000213000300888887000182020311E000089
:1017B0008060F000000605243F2404F808888808AB
:1017C00000192120311F00E018889800000F3120F7
:1017D000201F00380808E8180000003F00000070D3
:1017E00088088870001E2121211E00F0080818E0DA
:1017F00000013222310F000000C000000000003064
:101800000000000000800000000000E00000000078
:1018100000806010080001020C1020404040404051
:101820000004040404040000083040800000201874
:10183000040201700808887000000037010000F001
:10184000108878F0001F2027340F00008078E00017
:1018500000203F02033E2008F888887000203F20C7
:10186000201F00F010080818001F2020201000087A
:10187000F80810E000203F20100F0008F888E81852
:1018800000203F2023300008F888E81800203F207F
:10189000030000E010080818000F1020221E0208A4
:1018A000F80000F808203F01013F200808F8080868
:1018B0000020203F202000000808F80808C0808091
:1018C0007F000008F888601808203F20073C2008A7
:1018D000F808000000203F20202030F8F800F8F839
:1018E000003F003F003F0008F8E008F808203F21D3
:1018F000063F00F0080818E0001F2020300F000805
:10190000F80808F000203F21010000F0080818E066
:10191000000F342C707F0008F888887000203F206A
:10192000033C20708808081800302021221C001871
:1019300008F808180000203F20000008F80000F810
:1019400008001F20201F0008F80080F80800033C52
:101950000F00007884F8C07800003F003F000008C6
:101960007880780800203C033C200008F880780844
:101970000000203F200000180888780800203C2341
:101980002030000000FE02020000007F4040000006
:1019900038C00000000000011E6000000202FE00CE
:1019A000000040407F00000004020400000000002E
:1019B0000000000000000000008080808080800027
:1019C0000204000000000000000000000080808091
:1019D00000003D26223F2008F800800000001F2163
:1019E000201F00000080808000001F2120210000B7
:1019F000008088F800001F20203F20000080800029
:101A000000001F222223000080F088881800203F59
:101A1000202000000080808080006B9494936008F8
:101A2000F800808000203F21003F200080980000C7
:101A30000000203F200000000080980000C080804F
:101A40007F000008F800808080203F2406392008AD
:101A500008F800000020203F2020008080808000C7
:101A6000003F003F003F00808000808000203F2139
:101A7000003F20000080800000001F20201F008009
:101A8000808080000080FFA0201F000000808080F8
:101A900000001F20A0FF80808000808000203F2168
:101AA0000001000000808080000023242439000011
:101AB00080E080000000001F2020008080008080E7
:101AC00000003F20203F20808000008080000738F9
:101AD0001C0300804080008000033C033E03008024
:101AE000800080800020330E3B200080800000803A
:101AF000808087780C030000808080800000302C7C
:101B00002330000000807E02000000003F40001CE7
:101B1000221CC040400000003F0202F8F0E0C080FC
:101B2000000F07030100001C221C80404000000041
:101B30001F2020000000FF0000000000FF00000048
:101B4000C1814001C0804101C0804100C18140018C
:101B5000C0804100C1814000C1814001C08041017D
:101B6000C0804100C1814000C1814001C08041006E
:101B7000C1814001C0804101C0804100C18140015C
:101B8000C0804100C1814000C1814001C08041004E
:101B9000C1814001C0804101C0804100C18140003D
:101BA000C1814001C0804101C0804100C18140012C
:101BB000C0804100C1814000C1814001C08041011D
:101BC000C0804100C1814000C1814001C08041000E
:101BD000C1814001C0804101C0804100C1814000FD
:101BE000C1814001C0804101C0804100C1814001EC
:101BF000C0804100C1814000C1814001C0804100DE
:101C0000C1814001C0804101C0804100C1814001CB
:101C1000C0804100C1814000C1814001C0804101BC
:101C2000C0804100C1814000C1814001C0804100AD
:101C3000C1814001C0804101C0804100C18140009C
:101C4000C0C101C30302C2C60607C705C5C404CC90
:101C50000C0DCD0FCFCE0E0ACACB0BC90908C8D8C0
:101C60001819D91BDBDA1A1EDEDF1FDD1D1CDC1480
:101C7000D4D515D71716D6D21213D311D1D010F050
:101C80003031F133F3F23236F6F737F53534F43CD0
:101C9000FCFD3DFF3F3EFEFA3A3BFB39F9F83828A0
:101CA000E8E929EB2B2AEAEE2E2FEF2DEDEC2CE4C0
:101CB0002425E527E7E62622E2E323E12120E0A030
:101CC0006061A163A3A26266A6A767A56564A46C10
:101CD000ACAD6DAF6F6EAEAA6A6BAB69A9A8687840
:101CE000B8B979BB7B7ABABE7E7FBF7DBDBC7CB400
:101CF0007475B577B7B67672B2B373B17170B05010
:101D00009091519353529296565797559594549C4F
:101D10005C5D9D5F9F9E5E5A9A9B5B99595898881F
:101D20004849894B8B8A4A4E8E8F4F8D4D4C8C443F
:101D30008485458747468682424383418180403877
:101D4000293D5366717065554333261C15410004C7
:101D50000002000180004000200010000800040084
:101D60000200000000800040002000100008004039
:101D7000002000100008000400020000FFFFFFFF29
:101D8000FFFFFFFF4B0000004D0000004F00000070
:101D9000550000006F00000024000000510000000A
:101DA00075000000FFFFFFFFFFFFFFFFFFFFFFFFCA
:101DB0004B0000004D0000004F00000055000000E7
:101DC0006F000000240000005100000075000000BA
:101DD0005700000068000000FFFFFFFFFFFFFFFF4C
:101DE000FFFFFFFF4B0000004D0000004F00000010
:101DF0005500000075000000FFFFFFFFFFFFFFFF21
:101E00001C000000FFFFFFFF4B0000004D00000022
:101E10004F000000550000006F000000240000008B
:101E200054000000FFFFFFFFFFFFFFFF1C0000004A
:101E3000FFFFFFFF4B0000004D0000004F000000BF
:101E4000550000006F000000240000005400000056
:101E5000FFFFFFFFFFFFFFFF4B0000004D000000F2
:101E60004F000000550000006F000000240000003B
:101E700051000000540000005700000068000000FE
:101E8000FFFFFFFF1C000000040000002E00000008
:101E9000FFFFFFFF4B0000004D0000004F0000005F
:101EA000700000007900000078000000460000008B
:101EB0002C0000000C000000620000008B000000FD
:101EC00061000000600000004C0000003E000000C7
:101ED0006B0000000B000000490000001E00000025
:101EE0009B0000003800000039000000FFFFFFFFEA
:101EF0001C0000003A000000400000003F0000000D
:101F0000FFFFFFFFE8030000E9030000EA03000011
:101F1000FFFFFFFFFFFFFFFFFFFFFFFF4B00000082
:101F20004D0000004F00000055000000240000009C
:101F3000FFFFFFFFFFFFFFFF7B000000FFFFFFFF32
:101F40004B0000004D0000004F0000005500000055
:101F500020000000AE000000360000005800000025
:101F60006F00000067000000510000002600000024
:101F7000FFFFFFFF4B0000004D0000004F0000007E
:101F800055000000FFFFFFFFFFFFFFFF4B000000B9
:101F90004D0000004F000000550000006F000000E1
:101FA00024000000510000004A000000FFFFFFFF76
:101FB0001C0000006E000000FFFFFFFF632E00000A
:101FC0007F5300001027000050460000102700003B
:101FD0005046000010270000504600001027000067
:101FE00050460000C063FFFFF0490200C063FFFFDE
:101FF000B09B0400C063FFFFC0D40100C063FFFFBB
:10200000C0C80300C063FFFFC0D40100C063FFFF6E
:10201000C0C80300C063FFFFC0D40100C063FFFF5E
:10202000C0C80300C0F2FCFFE0930400C0F2FCFF54
:10203000E0930400A4034C03CC0234029C011C0175
:10204000C00080005400380028001C00140010005C
:102050000C0008000400DC03C4039C035E030A03B5
:10206000AA023C02CE016C011A01D600A400800035
:1020700064004C003E003000A4035C03F8028002C0
:10208000FC0180011801C8008C0064004800340085
:1020900024001C00140010000C00D003B4038A03B9
:1020A0004A03FC029E023602D20178012801EA00AE
:1020B000B400900072005A004C003C006D007A00A1
:1020C000A400CE00F7002001480170019701BE0175
:1020D000E5010B02320258027E02A402B602CD01D3
:1020E00019026102AB02F6023D038403CB03130421
:1020F00059049F04E8042F057005B805FC05410646
:102100008406CB060D0750079407D6071C085C0809
:10211000A108E40828096709AA09EC092F0A700A2E
:10212000B10AF40A320B760BB50BF20B360C740CB9
:10213000B20CF30C360D710DB00DEE0D2D0E6D0EB3
:10214000A80EE50E900E300D300BD00870067C2DD9
:10215000C01E00025001E000A000700050004000CE
:10216000300020001000870F270F880E940D260CDA
:10217000BB0AFF084807B80574046203940204020E
:1021800089013801FA00CB00900E700DE00B000AB7
:10219000F007000660042003300290012001D00007
:1021A000900070005000400030005C0FE80E380EC8
:1021B000420D030C8C0AF1085907E805AC04B6037C
:1021C000E2024102C8016D013201F8003E01EC015A
:1021D00096023C03E10385042605C5056206FD065B
:1021E00096073208C6085E09EC097E0A040B000057
:1021F00000000000000000000000000000000000DF
:1022000000000000000000000000000000000000CE
:1022100000000000000000000000000000000000BE
:1022200000000000000000000000000000000000AE
:10223000000000000000000000000000000000009E
:10224000000000000000000000000000000000008E
:10225000000000000000000000000000000000007E
:10226000000000000000000000000000000000006E
:10227000000000000000000000000000000000005E
:10228000000000000000000000000000000000004E
:10229000000000000000000000000000000000003E
:1022A000000000000000000000000000000001012C
:1022B000010101010101010101010101010101010E
:1022C00001010101010101010101010101010202FC
:1022D00002020202020202020202020202020303DC
:1022E00003030303030304040404050505050000B8
:1022F000000000001F0000001C0000001F00000084
:102300001E0000001F0000001E0000001F00000053
:102310001F0000001E0000001F0000001E00000043
:102320001F00000000000000000000000000E03F6F
:10233000000000000000E0BF0000E0FE422EE63F8B
:102340000000E0FE422EE6BF763C7935EF39EA3DEB
:10235000763C7935EF39EABD3E5555555555C53F63
:1023600093BDBE166CC166BF2CDE25AF6A56113F09
:10237000F16BD2C541BDBBBED0A4BE726937663E0B
:1023800004FA97999999D93FAF788E1DC571CC3FC2
:102390009FC678D0099AC33F935555555555E53F8B
:1023A000599322942449D23FDE03CB966446C73F1B
:1023B00044523EDF12F1C23F000000000000000066
:1023C0000040404040404040404041414141414048
:1023D00040404040404040404040404040404040FD
:1023E000400502020202020202020202020202028C
:1023F0000220202020202020202020020202020291
:1024000002029090909090901010101010101010E8
:1024100010101010101010101010101002020202F4
:102420000202888888888888080808080808080838
:102430000808080808080808080808080202020234
:1024400040000000C1230408486F73743A20647987
:102450006E7570646174652E6E6F2D69702E636F7A
:102460006D0D0A557365722D4167656E743A206D66
:1024700079636C69656E742F312E30206D65406E06
:10248000756C6C2E6E65740D0A0D0A00486F7374BE
:102490003A206D656D626572732E333332322E6F62
:1024A00072670D0A417574686F72697A6174696F39
:1024B0006E3A2042617369632025730D0A55736576
:1024C000722D4167656E743A206D79636C69656E33
:1024D000742F312E30206D65406E756C6C2E6E65DC
:1024E000740D0A0D0A000000486F73743A206D6580
:1024F0006D626572732E64796E646E732E6F72678F
:102500000D0A417574686F72697A6174696F6E3A09
:102510002042617369632025730D0A557365722D1E
:102520004167656E743A206D79636C69656E742FCE
:10253000312E30206D65406E756C6C2E6E65740D9D
:102540000A0D0A00474554202F6E69632F75706489
:102550006174653F73797374656D3D64796E646E03
:102560007326686F73746E616D653D2573266D7992
:1025700069703D25752E25752E25752E25752677B6
:10258000696C64636172643D4F4646266D783D4ECA
:102590004F434847266261636B6D783D4E4F266F0F
:1025A00066666C696E653D4E4F20485454502F311D
:1025B0002E300D0A00000000474554202F64796E2C
:1025C000646E732F7570646174653F73797374659D
:1025D0006D3D64796E646E7326686F73746E616DA1
:1025E000653D2573266D7969703D25752E25752EFF
:1025F00025752E25752677696C64636172643D4F7D
:102600004646266D783D4E4F434847266261636BD0
:102610006D783D4E4F266F66666C696E653D4E4F18
:1026200020485454502F312E300D0A004745542075
:102630002F646E733F757365726E616D653D2573B2
:102640002670617373776F72643D257326686F73AC
:10265000746E616D653D25732669703D25752E2567
:10266000752E25752E257520485454502F312E3047
:102670000D0A00009426040800000060E007000036
:10268000C008040850280408E0070060F869070043
:102690008A0A04081184A24A04680D010203040690
:1026A0000708090204060810691401581AAA010350
:1026B0006AF8EF0297010A1B01993A01B8700E54AB
:1026C000656D636F436F6E74726F6C733914B0090C
:1026D0002050726F647563741AFF0101FF1152017B
:1026E0000262FF0A22FF64498E019C0976A212034E
:1026F000CBB80B8900271802030405060708090A4E
:102700000B0C0D0E0F101112131415161718192398
:102710002526271A1B1C1D1E1F2021222414A1F769
:102720000372081E3185030835041E977E03083B9B
:1027300008180A5B8003080D8303085D0C011C1E4A
:102740001B3D030821041A0F041AAB041AD10441DB
:102750004BF53C081A33107CC73C01447203180A3D
:10276000FB52030801530308EF081ACB081AF104BF
:10277000411AD510415A431079EB711E17400308D6
:102780001D041A0B041E3D4103086304410B14F1A0
:102790003FA86A02A81A45A819041A0F041EE944A2
:1027A0000308D9081E95470308C50C39789D4803CE
:1027B00008F5A872051BEF551819041AE3041E0743
:1027C00056030869041E65570308C91001147204F2
:1027D0001E0B59030811041BFF586419081AEB0457
:1027E000411AE510011472061EC99C0308CF041A91
:1027F000BD041AD7041AFB04410B140F9F38721141
:102800001A57201A61041A4B041A65045A89300AAF
:1028100015313872801BC3ACCC19041AB704411EA1
:1028200001AD03089F045AAD10011072131EA5AE2E
:102830000308A3041AAB0441580A85AF0308FDB08E
:10284000030879100111026A040A2D0118410000E1
:04000005080081313D
:00000001FF
