:020000040800F2
:10800000002000202DA20008158200081B82000815
:108010003F820008478200084F82000800000000ED
:108020000000000000000000000000004D8100087A
:108030005D820008000000009181000803D2000862
:10804000A7A20008A7A20008A7A20008A7A20008EC
:10805000A7A20008A7A20008A7A20008A7A20008DC
:10806000A7A20008A7A20008A7A20008A7A20008CC
:10807000A7A20008A7A20008A7A20008A7A20008BC
:10808000A7A20008A7A20008A7A20008A7A20008AC
:10809000A7A20008A7A20008A7A20008A7A200089C
:1080A000A7A20008A7A20008A7A20008A7A200088C
:1080B000A7A20008D1AD0008A7A20008A7A2000847
:1080C000A7A20008A7A20008A7A20008A7A200086C
:1080D000A7A2000827A4020803A40208DDA302083F
:1080E000A7A20008A7A20008A7A20008A7A200084C
:1080F000A7A20008A7A20008A7A20008A7A200083C
:10810000A7A20008A7A20008A7A20008A7A200082B
:10811000F5290308A7A2000843AE0008A7A200089B
:10812000A7A20008A7A20008A7A20008A7A200080B
:10813000DFF80CD037F060FC0048004707C00208A9
:108140000020002080F3088870470000224B196847
:108150000868B0E8F00F80F30988BFF36F8F4FF025
:10816000000080F311884EF00D0E704700000000F3
:1081700006480068006880F3088862B661B6BFF3FD
:108180004F8FBFF36F8F00DF00BF00BF08ED00E02F
:10819000EFF30980BFF36F8F0F4B1A6820E9F00FE0
:1081A000106008B54FF0BF0080F31188BFF34F8F08
:1081B000BFF36F8F04F046F84FF0000080F3118892
:1081C000BDE8084019680868B0E8F00F80F3098836
:1081D000BFF36F8F704700BF44000060EFF305806E
:1081E00070470000014800687047000030000060E0
:1081F000A0F16101192900D82038704770470000AC
:1082000054656D636F4D696E695F61726D00000842
:108210001900000016A037F0A1BF184E184D194FD5
:108220004FF4E1380124404605F092F8C6F8884141
:108230002B8BEA8A397814A037F090FFF3E718A067
:1082400037F08CFFFBE719A037F088FFFBE71AA097
:1082500037F084FFFBE71CA037F080BF1CA037F08D
:108260007DBF1DA037F07ABF1DA037F077BF00009B
:108270004E4D49206661756C74000000000022427A
:1082800020720460E70300606861726420666175B3
:108290006C74202575202575202575200D0A000099
:1082A0004D656D204661756C742000004275732029
:1082B0004661756C742000005573616765204661E6
:1082C000756C74200000000053564320000000002D
:1082D000446562756720000050656E200000000054
:1082E0005379735469636B20000000000CB50022C1
:1082F0004C4800920192016841F4803101604FF4D2
:10830000A063016801F4003101910099491C0091BA
:10831000019911B900999942F3D10168890333D5C4
:108320000121019140490A6842F010020A600A687E
:1083300022F003020A600A6842F002020A60416801
:10834000416041684160416841F480614160416839
:1083500021F47C114160416841F4E81141600168F9
:1083600041F08071016001688901FCD5416821F00C
:1083700003014160416841F0020141604168C1F37D
:1083800081010229FAD10CBD01920CBD254810B51E
:10839000016841F0010101604168244A11404160D7
:1083A0000168234A11400160016821F480210160C5
:1083B000416821F4FE0141604FF41F018160FFF725
:1083C00095FF1C494FF00060086010BD154A10B5BC
:1083D0005068194B10F00C01184803D0042901D043
:1083E000082901D0036012E05168536801F470114C
:1083F0004FF0020413F4803F04EB914102D0536824
:108400009B0301D50E4B00E00B4B594301605168B3
:108410000A4AC1F30311121D515C0268CA4002608E
:1084200010BD000000100240002002400000FFF8D4
:10843000FFFFF6FE08ED00E000127A000000006089
:1084400000093D002849084328490860704730B5B5
:108450000F23C27801780125F2B1244A126801F194
:10846000E02102F4E062C2F5E062120AC2F1040403
:10847000D3404278A24084781C401443220181F802
:108480000024007800F01F018D404009800000F1B9
:10849000E020C0F8005130BD01F01F0085404809C0
:1084A000800000F1E020C0F8805130BD104A11403A
:1084B00001430E48001F016070470C4A121D00293D
:1084C000116801D0014300E08143116070474FF013
:1084D000E0210428086903D020F0040008617047F7
:1084E00040F00400FAE700000000FA050CED00E09F
:1084F00080FFFF1FC74910B5884202D101214415F2
:108500000AE0C549884202D10121041504E0C349AB
:1085100088420AD10121CC03204600F0DAFC204633
:10852000BDE81040002100F0D4BC10BD10B5426879
:10853000BB4B0C791A400B6842EA04221343436098
:108540008268B84BD1F806401A40D1F80A3023436C
:108550004C7942EA440213438360C26A897B22F465
:108560007002491EC9B242EA0151C16210BD002128
:10857000016001714171C0F80610C0F80A100121B4
:10858000817370470029816802D041F0010101E048
:1085900021F00101816070470029816802D041F417
:1085A000807101E021F4807181607047002A426887
:1085B000C9B201D00A4300E08A4342607047816833
:1085C00041F0080181607047014600208968090771
:1085D00000D501207047816841F004018160704737
:1085E000014600208968490700D50120704700290D
:1085F000816802D041F4A00101E021F4A001816072
:108600007047014600208968490200D50120704763
:108610004268491E22F4604242EA4131416070479B
:108620000029416802D041F4006101E021F40061B9
:108630004160704770B5072609290AD9C568A1F1BC
:108640000A0404EB4404A640B543A3401D43C5609F
:1086500007E0056901EB4104A640B543A3401D4373
:1086600005611F23072A09D2446B521E02EB8202C6
:1086700093409C4391400C43446370BD0D2A09D242
:10868000046BD21F02EB820293409C4391400C4347
:10869000046370BDC46A0D3A02EB820293409C43AE
:1086A00091400C43C46270BD0029816802D041F43E
:1086B000801101E021F4801181607047C06C80B2AC
:1086C000704754484C30006870470029416802D018
:1086D00041F4806101E021F480614160704700292C
:1086E000416802D041F4805101E021F480514160A1
:1086F0007047826822F4E0420A4382607047002992
:10870000816802D041F4004101E021F40041816020
:1087100070470029816802D041F4021101E021F480
:10872000021181607047014600208968890200D5E6
:108730000120704770B5072609290AD9C568A1F13B
:108740000A0404EB4404A640B543A3401D43C5609E
:1087500007E0056901EB4104A640B543A3401D4372
:108760000561836BC3F30154121B921C02EB82025E
:108770001F249440A34391400B43836370BD826BDD
:10878000491E22F4401242EA01518163704708B544
:1087900008440090026008BD08B5084428300090E5
:1087A000006880B208BD42681F4B1A400A4342600D
:1087B0007047416282627047426822F01F020A439A
:1087C00042607047134908310028086802D040F41D
:1087D000000001E020F4000008607047024600201D
:1087E00012680A4200D001207047C94301607047F7
:1087F00010B50246002054680B0AC9B20C4011683B
:10880000194202D0002C00D0012010BD6FEA1121C6
:10881000016070470024014000280140003C0140F5
:10882000FFFEF0FFFDF7F1FFFFFD3FFF01684FF690
:10883000FE72114001600021016041608160C160F1
:108840006A496A4A0839904203D1486840F00F00EB
:1088500006E0664A1432904204D1486840F0F000C5
:1088600048607047614A2832904203D1486840F41A
:108870007060F5E75D4A3C32904203D1486840F4AD
:108880007040EDE7594A5032904203D1486840F4B5
:108890007020E5E7554A6432904203D1486840F4BD
:1088A0007000DDE7514A7832904203D1486840F0C9
:1088B0007060D5E74E4A111F904203D1086840F01E
:1088C0000F0006E04A4A1432904204D1086840F092
:1088D000F00008607047464A2832904203D1086889
:1088E00040F47060F5E7424A3C32904203D1086898
:1088F00040F47040EDE73E4A50329042EAD10868B9
:1089000040F47020E5E730B5026847F6F0739A430B
:108910008B680C6A4D6923430C692C4323438C6993
:108920002343CC6923434C6A23438C6A2343134378
:108930000360CA6842600A6882604968C16030BDED
:108940000021016041608160C1600161416181611C
:10895000C16101624162816270470029016802D0F1
:1089600041F0010102E04FF6FE72114001607047D4
:10897000002A026801D00A4300E08A43026070477F
:1089800041607047406880B2704702460020D100C5
:1089900002D51749083901E014490839096811421C
:1089A00000D001207047C10003D51149091F08609C
:1089B00070470E4908394860704702460020D100D0
:1089C00002D50B49083901E0084908390968114204
:1089D00000D001207047C10003D50549091F086078
:1089E000704702490839486070470000080002409B
:1089F000080402408F4910B5884206D101210420A5
:108A000000F067FA002104203BE08B49884206D140
:108A10000121082000F05DFA0021082031E087499B
:108A2000884206D10121102000F053FA00211020C5
:108A300027E08349884206D10121202000F049FA2D
:108A4000002120201DE07F49884206D101214020DD
:108A500000F03FFA0021402013E07B49884206D114
:108A60000121802000F035FA0021802009E07749BB
:108A700088420AD184150121204600F02AFA0021FB
:108A80002046BDE8104000F024BA10BD10B5012109
:108A9000084600F01EFA0021BDE81040012000F059
:108AA00018BAF0B5CC78002204F00F03E40601D523
:108AB0008C7823430C784FF00F0C14F0FF0F4FF01D
:108AC000010E1BD005680E880EFA02F42640A6425D
:108AD00010D196000CFA06F725EA070703FA06F507
:108AE000CE783D43282E02D0482E02D002E04461C9
:108AF00000E00461521C082AE5D305600A88FF2AB9
:108B00001CD94468002202F108060EFA06F50E8808
:108B10002E40AE420ED196000CFA06F7BC4303FA83
:108B200006F7CE783C43282E00D14561CE78482EFA
:108B300000D10561521C082AE5D34460F0BD4FF610
:108B4000FF710180022181700421C17070470246CB
:108B5000002092680A4200D001207047806880B2ED
:108B6000704702460020D2680A4200D001207047B8
:108B7000C06880B2704701617047416170470AB1B7
:108B80000161704741617047C160704741F48032B4
:108B90008261816182618169806970472C4B10B567
:108BA0001A684FF68074224042EA001008431860A9
:108BB00010BD2849C8617047F0B5254C002801DA7E
:108BC000E36900E06368450D2E0185B2C0F30157EB
:108BD000B540C0F30342032F05D0C6020AD50326D1
:108BE0009640B34307E023F07062636823F070633C
:108BF000636002E0AB4343F0706201B12A43002896
:108C000001DAE261F0BD6260F0BD10B58A0721F0C3
:108C100003040F49120F21440F238C6893409C4397
:108C20008C608B68904003438B6010BD0949C1F88C
:108C3000DC00704700080140000C014000100140BA
:108C40000014014000180140001C014000200140B8
:108C500000000140000020420D49086070470C49A7
:108C6000486070470A498860704709494AF6AA2057
:108C70000860704706494CF6CC4008607047044ACB
:108C800001460020D2680A4200D00120704700004F
:108C900000300040A548016841F0010101604168D1
:108CA000A34A114041600168A24A11400160016875
:108CB00021F480210160416821F4FE0141604FF4FC
:108CC0001F018160704799490A6822F480320A6066
:108CD0000A6822F480220A60B0F5803F07D0B0F520
:108CE000802F03D1086840F4A0200860704708680E
:108CF00040F48030F9E70346002059098B4A0129E6
:108D00000AD002290AD0516A03F01F0201239340BE
:108D10000B4200D0012070471168F5E7116AF3E7B4
:108D200018B500204FF4A06400903120FFF7E3FF56
:108D30000099491C0091A14201D00028F5D03120B2
:108D4000FFF7D9FF002800D0012018BD774A11682D
:108D500021F0F80141EAC0001060704776490860D0
:108D60007047724B5A68084322F47C1210435860D3
:108D700070477149086670476C4A516821F00301D9
:108D80000143516070476948406800F00C0070472B
:108D9000664A516821F0F001014351607047634A0F
:108DA000516821F4E0610143516070475F4A5168A6
:108DB00021F4605141EAC000506070475B4A0029CD
:108DC000517A01D0014300E08143517270475A4902
:108DD000C1F8D8007047554A516821F44041014319
:108DE000516070475149002281F8202081F82020ED
:108DF000012802D0042802D1052081F82000704704
:108E00004E490860704749490A6A02430A6270473E
:108E10004A4944390860704730B5444A5168484B64
:108E200011F00C0103D0042901D0082901D00360FE
:108E300012E05168536801F470114FF0020413F40A
:108E4000803F04EB914102D053689B0301D53D4B19
:108E500000E03B4B5943016051680F2303EA1111B5
:108E6000394B5C5C0168E14041605468072505EAC4
:108E700014241C5D21FA04F48460546805EAD424A7
:108E80001B5DD940C1605268032303EA92322E4B26
:108E90001B1F9A5CB1FBF2F1016130BD234A00292E
:108EA000516901D0014300E08143516170471F4A7D
:108EB0000029916901D0014300E08143916170472D
:108EC0001A4A0029D16901D0014300E08143D161F0
:108ED0007047164A0029D16801D0014300E0814360
:108EE000D1607047114A0029116901D0014300E0A7
:108EF00081431161704711494039086070470E493C
:108F0000C86470470949C87170470848416A41F010
:108F1000807141627047054A0146002092680A420A
:108F200000D001207047014988727047001002404C
:108F30000000FFF8FFFFF6FE0000424280044242BC
:108F400000127A0000093D0018000060424A002922
:108F5000118801D0014300E08143118070473E48F1
:108F6000001D018841F01001018070473A48001D42
:108F7000018821F010010180704737481C300088BB
:108F800035491831098840EA0140704700B502466A
:108F9000FFF7E5FF3049100C18310880081D0280EA
:108FA0005DF804EBE2E700B50246FFF7D8FF2A4977
:108FB000C2F3034008310880081D02805DF804EB0D
:108FC000D4E700B50246FFF7CAFF2349100C203151
:108FD0000880081D02805DF804EBC7E71E481030CA
:108FE00000880007010B1C481430008808437047B4
:108FF0001948001D01888906FCD570471648001DD8
:10900000018821F00801018001880907FCD570471B
:109010000146114A0020121D12880A4200D0012088
:1090200070470D49091D0A8882430A8070470A4922
:10903000091D0988C2B21140074A1288024202D0B3
:1090400009B101207047002070470349091D0A88B3
:1090500082430A807047000000280040994910B5FB
:1090600088420AD1841401212046FFF732FF2046AE
:10907000BDE810400021FFF72CBF9349884202D180
:109080000121041404E0914988420AD10121C4134A
:109090002046FFF727FF2046BDE810400021FFF7DC
:1090A00021BF10BD30B502884C8802F441530A88B4
:1090B000CD8822438C882C4322430C8922434C893F
:1090C00022438C892243CC8922431A430280828B1B
:1090D00022F400628283098A018230BDF0B5054620
:1090E0000C4602200021AA8B85B001264FF24003D6
:1090F0001A40AA832884AF8BA268022A21D0A088B4
:1091000000B102266846FFF787FEE1880098B1F5B6
:10911000007F2CD07101B0FBF1F000EB8000A16862
:109120004000B0FBF1F0401D80B20A21B0FBF1F02D
:1091300000F00101401A4FF6FF72C0F34F0002EA3F
:109140000121821EFE2A01D302200021E288084369
:1091500002432A8420886188A2890843A188114398
:109160000843384340F40060A88305B0F0BD000A0E
:10917000D3E70021018041808180C180018141814C
:109180008181C181072101827047002101804180D6
:109190008180C1800222826081817047002901881C
:1091A00002D041F0400101E021F040010180704710
:1091B0000029818B02D041F4806101E021F48061BB
:1091C00081837047090901238B40002A828899B264
:1091D00001D00A4300E08A4382807047002A8288D7
:1091E00001D00A4300E08A43828070478181704742
:1091F00080897047A1F57E420188FF3A02D041F490
:10920000807101E021F4807101807047002981881C
:1092100002D041F0040101E021F004018180704797
:10922000028822F40062028002880A4302807047AA
:10923000018841F48051018070470029018802D0E3
:1092400041F4005101E021F40051018070470129EF
:1092500001D0008B7047808A7047008A7047B1F553
:10926000804F018803D021F480410180704741F490
:109270008041FAE70246002012890A4200D001200C
:109280007047C9430181704730B501F00F030125D4
:10929000024605FA03F40020A3B2090905FA01F415
:1092A0009188A4B2128921401A4202D0002900D02C
:1092B000012030BD01F00F0201219140C94301811D
:1092C000704700000030014000380040003C004082
:1092D000F94910B5884202D10121C41486E0B0F1E9
:1092E000804F09D0F54988420DD101210220FFF7B6
:1092F000F9FD0021022064E001210846FFF7F2FD9C
:10930000002101205DE0EE49884206D101210420C0
:10931000FFF7E8FD0021042053E0EA49884206D126
:1093200001210820FFF7DEFD0021082049E0E64981
:10933000884206D101211020FFF7D4FD0021102022
:109340003FE0E249884206D101212020FFF7CAFD13
:109350000021202035E0DE49884202D10121441459
:1093600044E0DC49884202D10121CC043EE0DA49E4
:10937000884202D101210C0538E0D849884202D147
:1093800001214C0532E0D649884206D10121402016
:10939000FFF7A8FD0021402013E0D249884206D102
:1093A00001218020FFF79EFD0021802009E0CE49A9
:1093B00088420AD1841501212046FFF793FD002140
:1093C0002046BDE81040FFF78DBDC849884202D154
:1093D00001210C040AE0C649884202D101214C0453
:1093E00004E0C44988420AD101218C042046FFF7D9
:1093F00070FD2046BDE810400021FFF76ABD10BD9A
:1094000030B50288AC4CB24DA0420DD0A8420BD072
:10941000B0F1804F08D0A94B984205D0A84B984294
:1094200002D0A84B984203D122F070034A881A4315
:10943000A54B984206D0A54B984203D022F4407326
:10944000CA881A4302808A8882850A880285A042D7
:109450000AD0A84208D0A54A904205D0A44A90421A
:1094600002D0A44A904201D1097A01860121818269
:1094700030BD30B5028C22F001020284028C838858
:10948000048B22F0020224F073050C882C430D8912
:1094900015434A882A43884DA8420BD08C4DA842D8
:1094A00008D0924DA84205D0914DA84202D0914DCE
:1094B000A8420DD122F008054A8923F440732A43BB
:1094C00022F004058A882A438D891D43CB892B43CA
:1094D00083800483C9888186028430BD70B5028C84
:1094E00022F010020284028C8388048B0D8824F4FD
:1094F000E6464FF6FF7404EA052535430E8922F04F
:10950000200204EA061616434A8804EA021232438D
:10951000694EB04202D06E4EB04215D122F08006A4
:109520004A8923F4406304EA0212324322F04006DF
:109530008A8804EA021232438E8904EA86061E43B0
:10954000CB8904EA8303334383800583C988018779
:10955000028470BD70B5028C22F480720284028C89
:109560008388848B0D8824F0730425430E894FF67D
:10957000FF7422F4007204EA062616434A8804EABD
:10958000022232434C4EB04202D0514EB04215D16D
:1095900022F400664A8923F4405304EA022232434B
:1095A00022F480668A8804EA022232438E8904EA21
:1095B00006161E43CB8904EA031333438380858355
:1095C000C9888187028470BD70B5028C22F48052F4
:1095D0000284058C8288838B0C8823F4E6464FF640
:1095E000FF7303EA0424344325F400560D8903EA8B
:1095F000053535434E8803EA06362E432E4DA842E4
:1096000002D0334DA84205D122F480458A8903EA6D
:1096100082122A4382808483C988A0F8401006847D
:1096200070BD828B22F440628283828B4FF6FF737F
:1096300003EA01210A4382837047828B22F00C02E5
:109640008283828B0A4382837047028B22F44062BA
:109650000283028B4FF6FF7303EA01210A43028360
:109660007047F0B5048C24F010040484078B048C3C
:109670004FF6FF7527F4734705EA03333B4305EACA
:1096800002221A430C4B05EA011698420ED0104BE9
:1096900098420BD0B0F1804F08D0084B984205D0CB
:1096A000074B984202D0074B984225D124F0200165
:1096B000314341F0100124E0002C0140000400403F
:1096C00000080040000C0040001000400014004062
:1096D00000340140004C0140005001400054014062
:1096E00000180040001C00400020004000400140E5
:1096F000004401400048014024F0A0030B4343F024
:10970000100102830184F0BD028B22F00C0202835F
:10971000028B0A430283704770B5048C24F0010465
:109720000484058B048C4FF6FF7606EA031313437B
:1097300025F0F305F84A2B4390420ED0F74A9042A9
:109740000BD0B0F1804F08D0F54A904205D0F54AD1
:10975000904202D0F44A904202D124F0020201E089
:1097600024F00A020A4342F001010383018470BD20
:109770002DE9F84F0D4604460888E74FDFF89CC3F3
:10978000DFF89C83DFF89C934988AA882B894FF0E7
:10979000804A48B304282FD04FF6FF760828934616
:1097A00032D0208C9E4620F480502084A38B208CC5
:1097B00006EA0132009223F4734306EA0B221A43AD
:1097C00006EA0E331343BC420AD0644508D0544520
:1097D00006D0444504D04C4502D0D34A944242D1ED
:1097E00020F40050009940E02046FFF795FFE988FB
:1097F0002046BDE8F84F87E72046FFF732FFE988AB
:109800002046BDE8F84F20E7208C20F480702084AB
:10981000B4F81CE0208C06EA031306EA01222EF0BD
:10982000F30E43EA0B0343EA0E030092BC420AD054
:10983000644508D0544506D0444504D04C4502D078
:10984000B94A944203D120F40070009901E020F459
:109850002060084340F48070A3832084E988204678
:10986000BDE8F84FE9E620F40240084340F4805098
:10987000A3832084E9882046BDE8F84FD1E62DE98E
:10988000F0410C46002649880746012501B9022609
:10989000A288012A00D10225208823890028384681
:1098A00010D0FFF7DEFEE1883846FFF7CEFE2389B1
:1098B0002A4631463846FFF72FFFE1883846BDE893
:1098C000F04121E7FFF728FFE1883846FFF71CFF4A
:1098D00023892A4631463846FFF7C3FEE1883846D9
:1098E000BDE8F041B1E610B50A884B88CC881A4330
:1098F0008B8823431A430B891A434B8989891A435E
:109900000A43A0F8442010BD4FF6FF71818000216A
:109910000180C18041800172704700210180418037
:109920008180C180018141818181C1817047002195
:109930000180418001228280C18001817047002125
:10994000018041808180C180018141818181704796
:109950000029018802D041F0010101E021F001015C
:1099600001807047002930F8441F02D041F40041C3
:1099700001E0C1F30E0101807047002A828901D005
:109980000A4300E08A438281704781827047114315
:10999000A0F848107047002A828901D00A4300E0ED
:1099A0008A4382817047018921F007010181704754
:1099B000028922F070020A430281704700B5034613
:1099C000FFF7F6FF188940F00700188100BD70B559
:1099D00016460D46602904464FF0010231460AD072
:1099E000FFF79AFE29462046FFF7E2FF208940F064
:1099F0000700208170BDFFF734FEF3E730B504891E
:109A00004FF6FF7505EA03231343E4B20B432343E8
:109A1000038130BD10B50446FFF7F0FF208940F008
:109A20007700208110BD10B50446FFF7E7FF2089BD
:109A300040F48040208110BD0185828270470288F9
:109A400022F070020A430280704770B50589048BCA
:109A5000068C25F007050D434FF6FC410C4040F203
:109A600001110C434FF6FF7101EA031126F02206A3
:109A70001143314305810483018470BD028B22F0C0
:109A800070020A4302837047028B4FF6FF7322F481
:109A9000E04203EA0121114301837047828B22F0E7
:109AA00070020A4382837047828B4FF6FF7322F461
:109AB000E04203EA012111438183704700290188B4
:109AC00002D041F0800101E021F080010180704767
:109AD0000029818802D041F0040101E021F0040155
:109AE000818070470029818802D041F0080101E09F
:109AF00021F00801818070470029818802D041F05F
:109B0000010101E021F0010181807047028B22F008
:109B100008020A4302837047002C014000340140D0
:109B20000004004000080040000C0040028B4FF68B
:109B3000FF7322F4006203EA012111430183EAE783
:109B4000828B22F008020A438283E4E7828B4FF67D
:109B5000FF7322F4006203EA012111438183DAE7F3
:109B6000028B22F004020A430283D4E7028B4FF6F1
:109B7000FF7322F4806203EA012111430183CAE7E3
:109B8000828B22F004020A438283C4E7828B4FF661
:109B9000FF7322F4806203EA012111438183BAE753
:109BA000028B22F080020A430283B4E7028B4FF655
:109BB000FF73C2F30E0203EA012111430183AAE7F6
:109BC000828B22F080020A438283A4E7828B4FF6C5
:109BD000FF73C2F30E0203EA0121114381839AE766
:109BE000028C22F002020A43028494E7028C22F0E3
:109BF00008020A4302848EE7028C4FF6FF7322F0BC
:109C0000200203EA01111143018484E7028C4FF61C
:109C1000FF7322F0800203EA0111114301847AE705
:109C2000028C4FF6FF7322F4007203EA0121114304
:109C3000018470E7028C4FF6FF7322F4006203EA9E
:109C400001211143018466E7028C4FF6FF7322F471
:109C5000005203EA0131114301845CE710B501238E
:109C6000048C8B409C430484038C8A4013430384FC
:109C700010BD10B50423048C8B409C430484038CDA
:109C80008A401343038410BD30B50124058C00F1D4
:109C900018038C40A543058489B108290FD0091FFA
:109CA000C1F34E001844016821F4E04101600168ED
:109CB0004FF6FF7303EA02221143016030BD03EB4C
:109CC0005100016821F0700101600168F4E700298A
:109CD000018802D041F0020101E021F0020101807F
:109CE00019E70029018802D041F0040101E021F0C8
:109CF000040101800FE70029818802D041F0800132
:109D000001E021F08001818005E7028822F008024D
:109D1000028002880A430280FDE6828822F07002F7
:109D2000828082880A438280F5E6028922F0070257
:109D3000028102890A430281EDE6028922F0800253
:109D4000028102890A430281E5E68184E3E6818596
:109D5000E1E68186DFE60187DDE68187DBE6A0F8C4
:109D60004010D8E6028822F44072028002880A433A
:109D70000280D0E6808ECEE6008FCCE6808FCAE6E9
:109D8000B0F84000C7E6808CC5E6008DC3E6024609
:109D90000020128A0A4200D00120BCE6C943018299
:109DA000B9E602460020138A92890B4202EA0102B8
:109DB00002D0002A00D00120ADE6C9430182AAE604
:109DC000C44910B588420AD101218C032046FFF70F
:109DD00080F82046BDE810400021FFF77AB8BE4960
:109DE000884202D101214C0410E0BC49884202D1D2
:109DF00001218C040AE0BA49884202D10121CC0435
:109E000004E0B84988420AD101210C052046FFF739
:109E100069F82046BDE810400021FFF763B810BD87
:109E200030B50446008A85B00D464CF6FF710840F7
:109E3000E98801432182A0894EF6F3110840A988E0
:109E40002A8911436A8902431143A181A08A4FF6EE
:109E5000FF410840A9890143A1826846FEF7DCFF63
:109E60009C48844201D1039800E00298A18909042A
:109E700000EBC00101EB0010296801D5490000E0AA
:109E80008900B0FBF1F06422B0FBF2F109010B098B
:109E90006FF018056B4300EB8300A3891D044FF09E
:109EA000320306D503EBC000B0FBF2F000F0070070
:109EB00005E003EB0010B0FBF2F000F00F000843E8
:109EC000208105B030BD4FF4165101600021818022
:109ED000C18001810C2242818181704710B5028AC4
:109EE0004FF2FF031A400B884C8823438C88C988A3
:109EF0000C4323431343038210BD002101804180A2
:109F00008180C18070470029818902D041F40051CD
:109F100001E021F400518181704710B5C1F3421373
:109F200001F01F040121A140012B07D0022B07D013
:109F30001430002A026805D00A4304E00C30F8E728
:109F40001030F6E78A43026010BD002A828A01D0F1
:109F50000A4300E08A4382827047028A22F00F029D
:109F60000282028A0A4302827047828922F40062D6
:109F7000828182890A43828170470029818902D0C7
:109F800041F0020101E021F0020181817047028A63
:109F900022F020020282028A0A43028270470029CC
:109FA000018A02D041F4804101E021F48041018224
:109FB0007047C1F30801818070478088C0F30800B2
:109FC0007047818941F0010181817047028BD2B2D3
:109FD0000283028B42EA012101837047028B02F463
:109FE0007F420283028B0A43028370470029818AE1
:109FF00002D041F0200101E021F020018182704770
:10A000000029818A02D041F0100101E021F0100105
:10A01000818270470029818A02D041F0080101E065
:10A0200021F00801818270470029818902D041F422
:10A03000004101E0C1F30E01818170470029818A4E
:10A0400002D041F4006101E021F400618182704797
:10A05000828A22F004028282828A0A4382827047C4
:10A060000029818A02D041F0020101E021F00201C1
:10A07000818270470246002012880A4200D00120E7
:10A080007047C9430180704770B501F01F05012674
:10A090000024C1F3421306FA05F2012B0FD0022B64
:10A0A0000FD0838A4FEA11210088134206FA01F685
:10A0B00000EA060001D000B10124204670BD83896A
:10A0C000F0E7038AEEE70A0A01219140C9430180C3
:10A0D0007047000000380140004400400048004044
:10A0E000004C00400050004010B50120FEF703FF77
:10A0F000BDE810400020FEF7FEBE1F490860704713
:10A100001D49091F086070471B498431086070476A
:10A110001A4A118821F46071014311807047174A6F
:10A12000118821F07F01014311807047134A08B55F
:10A130002C3A10440090016008BD104908B52C3934
:10A1400008440090008808BD0B489C300068C0B2ED
:10A1500070470A480830018841F0010101807047CA
:10A160000548A0300068C0B2704704480830018834
:10A1700041F002010180704704860D422C6C0040C2
:10A1800010B501210C072046FEF7ACFE2046BDE8C5
:10A1900010400021FEF7A6BE214908627047204901
:10A1A000086170471F4A116821F0E0010143116006
:10A1B00070471B49C1F8A00070471A4B1A6822F07B
:10A1C000030202431A601848026842F00402026067
:10A1D000012905D020BF016821F00401016070470A
:10A1E00030BFF8E70F48016841F0040101600168E1
:10A1F00041F0020101600C48016841F00401016076
:10A2000030BF7047074A0146002052680A4200D01A
:10A210000120704703490A6842EA800008607047DD
:10A2200000000E420070004010ED00E04FF480701E
:10A230001D4908604FF4F0701C4908601C481D4916
:10A2400008604FF0BB301C4908601C481C4908607E
:10A250004FF0BB301B4908601B481C4908601C4874
:10A260001C49086018481C4908604FF044301B49DD
:10A27000086041F201004FF0204108604FF4407047
:10A28000174908606FF0704016490860164880470B
:10A2900016480047FEE7FEE7FEE7FEE7FEE7FEE7BB
:10A2A000FEE7FEE7FEE7FEE714100240181002404A
:10A2B000BB44BBB40014014004140140BB4444B48B
:10A2C0000018014004180140BBBBBB44001C014006
:10A2D0004444BBBB041C0140002001400420014059
:10A2E000040000A0040100A08D8300083181000853
:10A2F00038B54FF48074ADF8004048208DF8030065
:10A300009D4D69462846FEF7CCFB21462846FEF7C0
:10A3100032FC38BD38B54FF48074ADF800401020E1
:10A320008DF8030003208DF80200934D69462846FE
:10A33000FEF7B7FB21462846FEF71DFC38BD8E4AC6
:10A340004FF40041002802D01046FEF714BC10461E
:10A35000FEF713BC884A4FF48071002802D01046E3
:10A36000FEF709BC1046FEF708BC4FF48071824826
:10A37000FEF7EDBB4FF400417F48FEF7E8BB38B570
:10A3800001212420FEF793FD4FF40144ADF8004075
:10A3900010208DF8030003208DF80200764D6946E9
:10A3A0002846FEF77EFB21462846FEF7E4FB38BD33
:10A3B00010B5FFF7AFFF0120FFF7CCFF0120FFF73B
:10A3C000BEFF042003F062F90020FFF7C3FF042062
:10A3D00003F05CF9BDE810400020B0E710B5FFF7CE
:10A3E00099FF0020FFF7ABFF0020FFF7B3FF042029
:10A3F00003F04CF90120FFF7A2FF0120FFF7AAFFAD
:10A40000BDE81040042003F041B910B50120FFF76A
:10A4100096FF022003F03AF90020FFF790FF002496
:10A42000FFF778FF0120FFF795FFFFF761FFFFF7C8
:10A430009CFF40B1641CE4B2642CF1D30020FFF710
:10A440007EFF012010BD052003F020F9002010BD83
:10A4500010B500240120FFF77DFFFFF749FF012021
:10A4600003F014F90120FFF76AFF012003F00EF951
:10A4700007E0641CE4B2FA2C03D9FFF7AFFF012018
:10A4800010BDFFF772FF0028F3D1FFF758FF00203F
:10A4900010BD10B50020FFF752FFFFF73BFF002073
:10A4A000FFF758FF022003F0F1F80120FFF747FF04
:10A4B000022003F0EBF8BDE8104000203FE710B5A4
:10A4C0000020FFF73CFFFFF725FF0120FFF742FFC9
:10A4D000022003F0DBF80120FFF731FF022003F038
:10A4E000D5F8BDE81040002029E770B50546FFF714
:10A4F00011FF0020FFF723FF0024E809FFF72AFFE0
:10A500006806050E022003F0C1F80120FFF717FFCF
:10A51000022003F0BBF80020FFF711FF022003F038
:10A52000B5F8641CE4B2082CE7D370BD70B50646DC
:10A530000024FFF7DDFE00250020FFF700FF0220CA
:10A5400003F0A4F80120FFF7FAFE6006040EFFF7FF
:10A550000CFF08B1641CE4B2012003F097F86D1CF5
:10A56000EDB2082DE8D31EB1FFF793FF204670BD72
:10A57000FFF7A5FFFAE7000000080140FFF7FFBE64
:10A5800010B50446FFF714FF200AA02101EB40009C
:10A59000C0B2FFF7AAFFFFF75BFFE0B2FFF7A5FF2E
:10A5A000FFF756FFFFF704FFA120FFF79EFFFFF71D
:10A5B0004FFF0020FFF7BAFF0446FFF70FFF2046CA
:10A5C00010BD70B504460D46FFF7F2FE200AA0212B
:10A5D00001EB4000C0B2FFF788FFFFF739FFE0B2A0
:10A5E000FFF783FFFFF734FF2846FFF77EFFFFF7F3
:10A5F0002FFFFFF7F3FEBDE87040052003F065B8BC
:10A600002DE9F04106460D461746002409E0E0001A
:10A6100025FA00F0C1B2301980B2FFF7D2FF641CF6
:10A62000E4B2BC42F3D3BDE8F0812DE9F04102462B
:10A630000E4600200024971908E00502381B401E32
:10A6400080B2FFF79DFF2844641CE4B2B442F4D307
:10A65000E9E710B5FF20FFF793FF55280AD05521F1
:10A66000FF20FFF7AEFFFF20FFF78AFF552803D03A
:10A67000012010BD002010BD002010BD70B50446A3
:10A680000E46154608E02046641CA4B2FFF778FF8A
:10A6900006F8010B6D1EADB2002DF4D170BD70B582
:10A6A00006460D46144606E029783046FFF789FF36
:10A6B000761CB6B26D1C641EA4B2F5D270BD00004B
:10A6C0000146FE48028822F03802028002880A43CE
:10A6D00002800121FEF762BD2DE9F041074600240A
:10A6E0004FF48055F54E06E0641CA4B2AC4202D390
:10A6F0000020BDE8F08102213046FEF7BBFD0028B6
:10A70000F2D039463046FEF771FD002405E0641CA6
:10A71000A4B2AC4201D30020EBE701213046FEF7A2
:10A72000A9FD0028F3D03046FEF762FDC0B2E0E795
:10A730002DE9F04F87B00446012141F23400FEF7C5
:10A74000B6FBE020ADF818004FF018088DF81B801C
:10A7500003268DF81A60DA4D06A92846FEF7A1F9FE
:10A76000E0212846FEF707FA4FF00209ADF81890ED
:10A770008DF81A604FF0100A8DF81BA006A9D14879
:10A78000FEF78FF9D04D95F82300022801D0062856
:10A790000AD10820ADF818008DF81A608DF81BA0BA
:10A7A00006A9CA48FEF77DF995F8230001274FF066
:10A7B000000B092801D00B2818D101210802FEF74F
:10A7C00076FB4FF48050ADF818008DF81A608DF8C4
:10A7D0001BA006A9BE48FEF764F9ADF80A90ADF8D3
:10A7E0000C70ADF81080BB48C0F8B0B1ADF804B043
:10A7F0004FF48270ADF80600ADF808B0B649B74A1C
:10A8000014B1012C12D021E0ADF80AB0ADF80CB0B3
:10A810003820ADF8100095F82300022801D0062852
:10A8200014D1C1F884B1C2F88C710FE0ADF80A9070
:10A83000ADF80C70ADF8108095F82300022801D017
:10A84000062803D1C1F88471C2F88CB14FF40070AE
:10A85000ADF80E00ADF812B00720ADF81400974D1A
:10A8600001A92846FEF71EFC01212846FEF796FCAA
:10A87000FF20FFF731FFFF20FFF72EFFFF20FFF73C
:10A880002BFF012C05D01820FFF71AFF07B0BDE8F9
:10A89000F08F3820FFF714FFF8E701469048028850
:10A8A00022F03802028002880A4302800121FEF76A
:10A8B00075BC2DE9F041074600244FF48055884EC1
:10A8C00005E0641CA4B2AC4201D3002011E70221D0
:10A8D0003046FEF7CFFC0028F3D039463046FEF76D
:10A8E00085FC002405E0641CA4B2AC4201D3002026
:10A8F000FFE601213046FEF7BDFC0028F3D03046CC
:10A90000FEF776FCC0B2F4E670B586B001213820BF
:10A91000FEF7CDFA0121C803FEF7D2FA3820ADF8D0
:10A92000140018268DF8176003248DF816406D4D1D
:10A9300005A92846FEF7B5F838212846FEF71BF989
:10A9400061481022550190F8230001280AD00528FB
:10A9500008D0042817D0072815D00C2813D00828B1
:10A9600011D01FE02020ADF814008DF816408DF8AE
:10A970001720544C05A92046FEF793F820212046C5
:10A98000FEF7FBF80EE0ADF814508DF816408DF888
:10A9900017204E4C05A92046FEF783F8294620468D
:10A9A000FEF7EBF80020ADF800004FF48271ADF82F
:10A9B0000210ADF804000221ADF806100121ADF837
:10A9C0000810ADF80C60ADF80A50ADF80E00072085
:10A9D000ADF81000424C69462046FEF763FB0121AA
:10A9E0002046FEF7DBFBFF20FFF763FF3820FFF771
:10A9F00054FF06B070BD01463B48028822F0380281
:10AA0000028002880A4302800121FEF7C7BB2DE9BC
:10AA1000F041074600244FF48055334E05E0641C96
:10AA2000A4B2AC4201D3002063E602213046FEF717
:10AA300021FC0028F3D039463046FEF7D7FB00242E
:10AA400005E0641CA4B2AC4201D3002051E6012110
:10AA50003046FEF70FFC0028F3D03046FEF7C8FB67
:10AA6000C0B246E630B587B001210820FEF71FFAD4
:10AA700001218803FEF724FA4FF46044ADF8184032
:10AA800018208DF81B0003208DF81A00154D06A91B
:10AA90002846FEF706F821462846FEF76CF801A87E
:10AAA000FEF767FB0020ADF804004FF48271ADF8AB
:10AAB0000610ADF80800ADF80A0017E000300140BC
:10AAC000000801400010014052630460001401407E
:10AAD0000020014000002442000022420080224267
:10AAE000003C0040000C014000380040ADF80C0074
:10AAF0006915ADF80E103821ADF81010ADF8120040
:10AB00000720ADF81400084C01A92046FEF7CAFA48
:10AB100001212046FEF742FBFF20FFF778FF1020BF
:10AB2000FFF769FF07B030BD00380040A148A049D9
:10AB30004160A149416070479E48016941F0800130
:10AB4000016170479B48C068C10701D00120704770
:10AB5000410701D502207047C00601D50320704788
:10AB60000020704710B50446FFF7ECFF012803D022
:10AB7000002C00D1FF2010BD012002F087FD641ED3
:10AB80002404240CF0D1F5E770B5054645F6FF76B0
:10AB90003046FFF7E7FF002812D1864C206940F0CD
:10ABA000020020616561206940F04000206130466C
:10ABB000FFF7D8FF012803D0216921F002012161AC
:10ABC00070BD70B506460D46FF20FFF7CBFF00288D
:10ABD0000ED1784C206940F0010020613580FF20C3
:10ABE000FFF7C0FF012803D0216921F00101216195
:10ABF00070BD00887047C10703D030F8010C000A0F
:10AC000070470088C0B270472DE9F04116460F46E4
:10AC10000546002407E037F814102846FFF7D1FF57
:10AC2000641CA4B2AD1CB442F5D3BDE8F08110B5EC
:10AC3000002305E030F8024B21F813405B1C9BB267
:10AC40009342F7D310BD2DE9F05F8246A0F100607A
:10AC500088461546B0F5002F4BD2C0F34906C70A07
:10AC6000C6F58064A54200D81446DFF850B14FF015
:10AC7000006000EBC72081464FF480624F49FFF728
:10AC8000D6FF00204FF6FF7206E033183BF8131092
:10AC9000914203D1401C80B2A042F6D3A04224D2FC
:10ACA0004846FFF771FF00205A4606E038F81010BA
:10ACB0008319401C22F8131080B2A042F6D34846F4
:10ACC0004FF480623D49FFF79FFFA54211D0281B3A
:10ACD00008EB44080AEB440A002685B24FF480646E
:10ACE0007F1CA542C3D82C46C1E7224641465046A8
:10ACF000E9E7BDE8F09F70B50D4604460023304EED
:10AD000008E0B44208D22046FFF775FFE8545B1C08
:10AD10009BB2641C9342F4D370BD13B5012201A908
:10AD2000FFF791FF1CBD2DE9F04707460024A0F175
:10AD3000006090460D46B0F5002F24D200264FF457
:10AD40008069DFF880A014E0687815F8021B4A4695
:10AD500001EB00202AF81400641CA4B2944206D12E
:10AD6000002418493846FFF76EFF07F50067B61C48
:10AD7000B6B24645E8D3002C05D022463846BDE899
:10AD8000F04710495FE7BDE8F08710B501680E4A4B
:10AD90001140B1F1005F09D141680C4C216000689D
:10ADA000FDF7D0F92068BDE81040004710BD000055
:10ADB0002301674500200240AB89EFCD10100060F1
:10ADC00000000880100800600000FE2F28000060CE
:10ADD00010B54F4C01212046FEF7D9FF2046BDE8B3
:10ADE00010400121FEF7DABF7FB504460D46012170
:10ADF0000220FEF765F8ADF80840ADF804500024D5
:10AE0000ADF80A40ADF80640414D01A92846FEF7CD
:10AE1000F7FA1D218DF800108DF8014002218DF800
:10AE2000021001218DF803106846FDF710FB012286
:10AE300011462846FEF7A1FD01212846FEF788FDB0
:10AE40007FBD70B5BF20EFF3118480F31188BFF38D
:10AE50004F8FBFF36F8F24F04BFD2E4D01212846FD
:10AE6000FEF795FF2C4A012802D15068401C506023
:10AE70002A480168491C016011880020B1F57A7FD9
:10AE800002D2491C118004E0254B1968491C196045
:10AE9000108024490A88521C0A800A8842F21073E2
:10AEA0009A4200D9088001212846FEF777FF84F3F3
:10AEB000118870BD7FB504460D4601211020FDF7B5
:10AEC000FFFFADF80840ADF804500020ADF80A00CF
:10AED000ADF806000F4C01A92046FEF791FA362185
:10AEE0008DF8001001218DF8011003228DF8022049
:10AEF0008DF803106846FDF7AAFA01221146204694
:10AF0000FEF73BFD01212046FEF722FD7FBD00003C
:10AF100000040040001000402C0000603802006077
:10AF2000AC030060E8070060F8B501215820FDF788
:10AF3000BEFF4020ADF8000010258DF8035003241B
:10AF40008DF80240FE4E69463046FDF7AAFD290203
:10AF5000ADF800108DF803508DF802406946F948AD
:10AF6000FDF79FFDADF8005048208DF803008DF8E7
:10AF700002406946F448FDF794FD40213046FDF754
:10AF8000FCFD0A2002F0A1FB40213046FDF7F3FD55
:10AF90000A2002F09AFB40213046FDF7EEFD0A2020
:10AFA00002F093FB40213046FDF7E5FD0A2002F058
:10AFB0008CFB40213046FDF7E0FD0A2002F085FBC6
:10AFC00040213046FDF7D7FD0A2002F07EFB4021EC
:10AFD0003046FDF7D2FD0A2002F077FB40213046D3
:10AFE000FDF7C9FD0A2002F070FBF8BD2DE9F04124
:10AFF00004460D46D34F4FF4805631463846FDF790
:10B00000BCFD05F01F002043FFF701FDFF20FFF707
:10B01000FEFC0446280603D5FF20FFF7F8FC044693
:10B0200031463846FDF7A7FD2046BDE8F0812DE901
:10B03000F04104460D469046C24F4FF480563146CB
:10B040003846FDF79AFD05F01F002043FFF7DFFCAF
:10B050004046FFF7DCFC31463846BDE8F041FDF7DD
:10B060008ABD2DE9F04105460C46B64F4FF4805697
:10B0700031463846FDF781FD3A20FFF7C8FC05E070
:10B080006D1E0020FFF7C3FC04F8010B002DF7D163
:10B090000020207031463846BDE8F041FDF76BBD19
:10B0A0002DE9F04104460D46A64F4FF48056314637
:10B0B0003846FDF762FD7A20FFF7A9FC04E0641E24
:10B0C0002878FFF7A4FC6D1C002CF8D131463846D7
:10B0D000BDE8F041FDF74FBD70B505469B4E05F04C
:10B0E0006004307884420BD003221F21A020FFF798
:10B0F0009EFFC5F341121F218020FFF798FF347097
:10B1000070BD10B504462046FFF7E6FF2146BDE8B6
:10B11000104000206AE770B505460C462846FFF748
:10B12000DBFF22462946BDE8704040207FE770B52E
:10B130000D4600240146D420FFF7EDFFE9B2D620EA
:10B14000FFF7E9FFC5F30721D720FFF7E4FF40F63B
:10B15000FF7501E0641CA4B2EA20FFF7D2FFC0072C
:10B1600001D0AC42F6D370BD70B505460024FFF7A0
:10B17000DBFE4FF4FA7609E0FF2200211046FFF7CC
:10B1800056FF641CA4B20A2002F09FFA1D20FFF7AC
:10B19000B8FFC00701D1B442EED3B44201D30120BD
:10B1A00070BD6A490020486000210820FFF7B3FF06
:10B1B00000210920FFF7AFFF00210C20FFF7ABFFB4
:10B1C00000210D20FFF7A7FF10210A20FFF7A3FFA2
:10B1D0001A210B20FFF79FFF11210420FFF79BFF8F
:10B1E0001A210520FFF797FFFF210620FFF793FFA5
:10B1F0001F210720FFF78FFFA1213820FFF78BFFCA
:10B200003F212820FFF787FF30212920FFF783FF08
:10B21000F9213020FFF77FFFF7213120FFF77BFF77
:10B220000D21C020FFF777FF0021C120FFF773FF3A
:10B230003322C2218020FFF7FAFE1221C620FFF739
:10B240006AFF0C21C720FFF766FF1521C420FFF716
:10B2500062FFEE21CA20FFF75EFF0521CB20FFF73A
:10B260005AFF2978E420FFF756FF6978E520FFF7B9
:10B2700052FFA978E220FFF74EFFE978E320FFF7BD
:10B280004AFF2979E020FFF746FF6979E120FFF7BF
:10B2900042FF4FF4807421460020FFF748FF21460B
:10B2A0001020FFF744FF1F20FFF716FFC0221B21CD
:10B2B0008020FFF7BCFE04221F218020FFF7B7FE8D
:10B2C000E420FFF71EFF2978884201D1002070BDDD
:10B2D000012070BD722014E770B505460E4611219D
:10B2E0000220FFF718FF1A210320FFF714FF41F691
:10B2F00011202C18E1B20620FFF70DFFC4F307213F
:10B300000720FFF708FF002211467A20FFF78FFE83
:10B3100031462846FFF7C4FE08221F218020FFF790
:10B3200086FE1C20FFF7EDFE084C80071DD5082285
:10B330001F21A020FFF77BFEA078401CC0B207E0D1
:10B3400000180140000C0140001001403400006072
:10B35000A070142801D919F036FD4149C88E401C4F
:10B36000C88604F033FF002070BD0020A0700120CB
:10B3700070BD2DE9F04180460F463920FFF7C1FE30
:10B38000F0B3384C00202179FFF7C5FEA088C0F348
:10B3900007210120FFF7BFFE00213A20FFF726FE1C
:10B3A000606000213A20FFF721FE616841EA002039
:10B3B000606000213A20FFF719FE054600213A207F
:10B3C000FFF714FE45EA00252D1F00213A20FFF764
:10B3D0000DFE064600213A20FFF708FE46EA00204F
:10B3E000A8F101081E4E454512D96078401CC0B234
:10B3F0006070142801D919F0E6FCF08B401C00E0C5
:10B4000004E0F08304F0E2FE00200EE600200CE6EB
:10B4100000060ED46078401CC0B26070142801D9B8
:10B4200019F0D1FC308F401C308704F0CFFE002093
:10B43000FBE50020607039462846FFF712FE2179AF
:10B440000C20FFF768FEA088C0F307210D20FFF74E
:10B4500062FE40221E218020FFF7E9FD2846E4E538
:10B460002072046034000060704730B56423B0FB84
:10B47000F3F4E4B2B0FBF3F503FB1500132C01D990
:10B480006430C0B200EB90030724B3FBF4F504FB77
:10B490001533BC4D1A440D4415F8015C2A4492B290
:10B4A000800703D1032901D2521E92B2B2FBF4F0FD
:10B4B00004FB102030BD810701D0002070476421BB
:10B4C000B0FBF1F201FB120109B1012070474FF40A
:10B4D000C871B0FBF1F201FB120008B10020704707
:10B4E000012070472DE9F04707460C461646DFF865
:10B4F0009882B7FBF8F3A548002E01D10021018006
:10B500000188994235D0038040F2B2754FF4B77983
:10B510004FF4B67A0CE02846FFF7CDFF20B14B453B
:10B5200008D3A3F5B77301E0A3F26D136D1CADB2A0
:10B530005345F0D8A5F5FA65A571581CA4F8070085
:10B540000025DFF8409209F10C090CE0A079FFF723
:10B55000B2FF08B1012D44D019F80500984204D873
:10B560001B1A6D1CADB21C2BF0D26D1C65715B1CDF
:10B57000E370B7FBF8F008FB10704FF46161B0FBAB
:10B58000F1F2A270B0FBF1F201FB12033C22B3FB1B
:10B59000F2F36370B0FBF1F301FB1300B0FBF2F1C7
:10B5A00002FB11002070A079E278617900F5FA6061
:10B5B000FFF75BFF2071012E11D1A179744801F5CD
:10B5C000FA61018061798170E178C170217901713E
:10B5D0007048A17801706178417021788170BDE870
:10B5E000F0871D2BC1D31D3BBBE710B5FDF7C5FC94
:10B5F00001226949FFF776FF002010BD2DE9F05FB9
:10B600008846DDF828A09146002400F11E01822919
:10B6100002D30120BDE8F09F40F2B27500F5FA6652
:10B620005E4FDFF87CB108E02846FFF744FF08B121
:10B630003C4400E05C446D1CADB2B542F4D3A8F1CB
:10B64000010808F0FF070025DFF83881DFF838B17E
:10B6500008F10C080FE018F8050040F2A321484358
:10B6600004EBC014B0B2FFF726FF10B1012D00D1DA
:10B670005C446D1CADB2BD42EDD3A9F1010940F2AD
:10B68000A32009FB00F904EBC910C3EB4311C1EB84
:10B69000032100EB0110CAEB0A1100EB81000B99AA
:10B6A000441801214FF0C050FDF70AFC0120FEF7BD
:10B6B00073FD0C9911B92046FDF768FCFDF798FC65
:10B6C0002046A7E73EB500240420FEF736FD45F2EC
:10B6D0005005A84247D001214FF0C050FDF7F0FBC4
:10B6E0000120FEF759FDFEF7FFFC0120FDF77AFB74
:10B6F00008E0641CE4B20A2001F0E7FFFA2C01D351
:10B7000000203EBD4120FDF7F6FA0028F1D04FF4AD
:10B710008070FDF778FB0120FDF77AFBFDF768FCF0
:10B72000FDF76CFC01210846FDF710FCFDF760FCFD
:10B73000FDF715FC47F6FF70FDF735FCFDF758FCEB
:10B7400037212A22CDE90021002002900F231B225D
:10B7500008211020FFF752FFFDF708FC29460420BE
:10B76000FEF7E4FC07E0FDF749FC01210846FDF780
:10B77000EDFBFDF73DFCFFF777FEFFF736FF0120FD
:10B780003EBD0000680E0408805101003E000060CC
:10B790009402006099020060101800600085E201C8
:10B7A0008033E101FE4991F82310012913D00529C6
:10B7B00011D004290FD007290DD00C290BD008294E
:10B7C00009D0022905D0062903D0092901D00B2967
:10B7D00003D1FEF781BFFFF76CB87047F04890F8CF
:10B7E0002300012814D0052812D0042810D00728DF
:10B7F0000ED00C280CD008280AD0022805D0062824
:10B8000003D0092801D00B2805D13820FEF758BFF6
:10B810003820FFF742B87047E14890F8230001282C
:10B8200014D0052812D0042810D007280ED00C28D8
:10B830000CD008280AD0022805D0062803D00928F1
:10B8400001D00B2805D11820FEF73ABF1820FFF7CA
:10B8500024B87047D248012190F82300012813D062
:10B86000052811D0CF4A042811D007280FD00C2862
:10B870000DD008280BD002280CD006280AD00928A1
:10B880000BD00B2809D00AE0C748016007E0C2F8D6
:10B89000A41104E0C2F88C1101E0C4480160FF204B
:10B8A00080E770B5002441F6FF75FF20FFF77AFFAF
:10B8B000FF2806D0641CFDF7D8F9AC42F5D301206F
:10B8C00070BD002070BD10B5B548002190F8230070
:10B8D000012813D0052811D0B24A042811D0072816
:10B8E0000FD00C280DD008280BD002280CD0062829
:10B8F0000AD009280BD00B2809D00AE0AA48016019
:10B9000007E0C2F8A41104E0C2F88C1101E0A748D6
:10B910000160FFF7C6FF18B1FFF79CFF012010BDC3
:10B92000002010BD70B505464FF6FF7401E0641E9F
:10B93000A4B2FF20FFF736FFA84201D0002CF6D1B9
:10B940000CB1002070BDFF2070BD70B504460D46DF
:10B95000FE20FFF7E7FF30B1012070BDFF20FFF7A9
:10B9600021FF04F8010B6D1EADB2F7D2FF20FFF7E7
:10B9700019FFFF20FFF716FF002070BD70B50546C8
:10B980000C46FFF78EFF08B1012070BD2046FFF77F
:10B9900009FFFD2C18D000244FF40076285DFFF736
:10B9A00001FF641CA4B2B442F8D3FF20FFF7FAFEF3
:10B9B000FF20FFF7F7FEFF20FFF7F4FE00F01F0067
:10B9C000052801D0022070BD002070BD70B505466D
:10B9D0000C461646FFF73EFFFFF775FF08B1FF2044
:10B9E00070BD45F04000FFF7DDFE200EFFF7DAFEE8
:10B9F000C4F30740FFF7D6FEC4F30720FFF7D2FEDB
:10BA0000E0B2FFF7CFFE3046FFF7CCFE0C2D02D19F
:10BA1000FF20FFF7C7FE1F24FF20FFF7C3FE01062C
:10BA2000DED5641EE4B2F7D270BD70B505460122C2
:10BA300000210A20FFF7CAFF044624B91021284636
:10BA4000FFF783FF0446FFF705FF0CB1012070BD2F
:10BA5000002070BD70B50546012200210920FFF7C6
:10BA6000B5FF044624B910212846FFF76EFF0446AF
:10BA7000FFF7F0FE0CB1012070BD002070BD1FB5B6
:10BA80006846FFF7E7FF10B1002004B010BD9DF835
:10BA900000100120B0EB911F09D19DF808209DF8FE
:10BAA000091000EB0220084480B28002EDE79DF807
:10BAB00005009DF80A1000F00F0000EBD1109DF872
:10BAC000091001F0030100EB41019DF808009DF809
:10BAD0000720800900EB82009DF8062002F0030297
:10BAE00000EB8220401CC91F8840CEE72DE9F843B7
:10BAF0002B4890F82300012812D0052810D00428E4
:10BB00000ED007280CD00C280AD0082808D002280C
:10BB100009D0062807D0092805D00B2803D005E056
:10BB2000FEF7F2FE02E00120FEF702FEFFF756FEEE
:10BB30000024FF20FFF736FE641CA4B20A2CF8D3C1
:10BB40000224002195220846FFF740FF0546012DFB
:10BB500002D0641EA4B2F4D2154F00263E70012D0F
:10BB60006DD187224FF4D5710820FFF72FFF4FF6D4
:10BB7000FE74012829D0012200213720FFF726FF7B
:10BB8000012200212920FFF721FF01285BD8022094
:10BB90003870012200213720FFF718FF012209E049
:10BBA000526304600080224294012242B001244288
:10BBB0004000006000212920FFF708FF054628000B
:10BBC0004ED0641EA4B2E4D24AE00026E846FF202C
:10BBD000FFF7E8FD08F80600761CB6B2042EF6D38F
:10BBE0009DF80200012843D19DF80300AA283FD107
:10BBF0004607012200213720FFF7E8FE01223146E7
:10BC00002920FFF7E3FE054615B1641EA4B2F0D269
:10BC1000ACB1012200213A20FFF7D8FE78B9002408
:10BC2000FF20FFF7BFFD08F80400641CA4B2042C39
:10BC3000F6D39DF80000400602D50620387017E0C4
:10BC40000420387014E001203870012200211046D1
:10BC5000FFF7BCFE0546280002D0641EA4B2F4D251
:10BC60002CB1012251021020FFF7B0FE00B13E704E
:10BC7000FFF7F0FDFFF7D0FD387810B10020BDE8E8
:10BC8000F8830DB12846FAE7AA20F8E72DE9F0413C
:10BC90000646154638480078062800D049024FF479
:10BCA0000077012D1AD001221220FFF78FFE3946AE
:10BCB0003046FFF74AFE044606F500766D1E15F085
:10BCC000FF0501D0002CF2D0012200210C20FFF74B
:10BCD0007DFEFFF7BFFD2046BDE8F0810122112067
:10BCE000FFF774FE04462000F3D139463046FFF7D3
:10BCF0002CFE0446EDE770B506460C4615461E4878
:10BD00000078062800D06402012D13D0012809D044
:10BD1000012200213720FFF759FE01222946172072
:10BD2000FFF754FE012221461920FFF74FFE04467B
:10BD30006CB11DE0012221461820FFF747FE0446A2
:10BD4000B4B9FE213046FFF719FE044610E0FC218D
:10BD50003046FFF713FE06F500766D1E15F0FF0561
:10BD600001D00028F3D0FD210020FFF707FE044694
:10BD7000FFF770FD204670BD400000602DE9F041E6
:10BD8000054601F02AFAF94EB068401CB0603068F0
:10BD9000F74F10B1706930B32BE03560B0680128FF
:10BDA00027D1002404EB840007EB800000F0A8FEFC
:10BDB000641C142CF6D3EF4800F0A2FEED481430BA
:10BDC00000F09EFEEB48283000F09AFEE9483C3037
:10BDD00000F096FEE748503000F092FEE5487063B0
:10BDE0001430B06305E03068E96AC06A884200D860
:10BDF0003560706A0121401C7062E86A32698140D6
:10BE00001143316100EB800007EB8000291D00F039
:10BE100085FE01F0EEF9706900280CD03068E96AFF
:10BE2000C06A884207D2D4494FF080500860BFF3FF
:10BE30004F8FBFF36F8FBDE8F0812DE9FF5F834621
:10BE4000DDE90E87994616468A46900001F0F6F91C
:10BE500005001AD0542001F0F1F9040012D0256336
:10BE60000021CDE90241CDE900874B4632465146DB
:10BE7000584600F0B1FD2046FFF780FF012004B0D6
:10BE8000BDE8F09F284601F02FFA4FF0FF30F6E7AB
:10BE900070B5044601F0A1F9B44D04B92C68201D19
:10BEA00000F060FE58B9E06AB14A00EB800152F838
:10BEB000211021B901218140286988432861A06AA5
:10BEC00018B104F1180000F04DFE686A401C686269
:10BED0002868844208D1A748211D3C3000F01EFE8E
:10BEE0006868401C686007E0A868401EA86020469B
:10BEF00000F0C3FD00F0B4FD01F07BF96869002893
:10BF00000AD02868844207D19B494FF080500860CE
:10BF1000BFF34F8FBFF36F8F70BD2DE9F041934F8B
:10BF20000026386B38B1B869401CB861F86900B1B7
:10BF3000012630467FE7FD686D1CFD6008D1786BF7
:10BF4000B96B7963B863386A401C386200F088FDC9
:10BF5000B86ADFF81C82854209D3786B006880B12B
:10BF6000786BC068C468606885420DD2B862386872
:10BF7000C06A00EB800158F821000128D6D90126BB
:10BF8000D4E74FF0FF30F1E7201D00F0EBFDA06A91
:10BF900018B104F1180000F0E5FDE06A01213A69EA
:10BFA00081401143396100EB800108EB8100211DC4
:10BFB00000F0B4FDE06A3968C96A8842CDD3012631
:10BFC000CBE72DE9F0470024274601F006F9674D3D
:10BFD000286B401E2863286BF0BBA8686549283190
:10BFE0000126C8B3DFF888918846D8F80010E9B177
:10BFF000D8F80C00C46804F1180000F0B3FD201D4F
:10C0000000F0B0FDE06A2A6906FA00F111432961E7
:10C0100000EB800109EB8100211D00F07FFDE06A4B
:10C020002968C96A8842E0D3EE61DEE70CB100F00E
:10C0300017FDAC693CB1FFF770FF00B1EE61641E03
:10C04000F9D10020A861E86930B14B4901273807D0
:10C050000860BFF34F8F00E001E0BFF36F8F01F086
:10C06000C8F83846BDE8F0872DE9F0413F4E0F464D
:10C070000446F5683068001D00F074FD38B930687A
:10C0800090F82C1001208840316981433161601C97
:10C0900008D13FB13168BDE8F04136485030091D44
:10C0A00000F03CBD30682C44AC424460316805D29D
:10C0B000B06BBDE8F041091D00F03CBD706B091D7F
:10C0C00000F038FDB06A844200D2B462B3E627487B
:10C0D000016B491C0163704770B50E46054600238D
:10C0E000FFF7F5FF2148C2682C68A119944202D9D4
:10C0F0008C4202D804E08C4201D8914200D901233D
:10C1000029601BB1881A0021FFF7AEFFFFF759FF26
:10C11000002807D118494FF080500860BFF34F8FB7
:10C12000BFF36F8F70BD10B5020009D0FFF7CFFFCE
:10C1300000211046FFF798FFFFF743FF002807D1C3
:10C140000D494FF080500860BFF34F8FBFF36F8FE2
:10C1500010BD10B5044601F040F80CB9034804685E
:10C16000E46A01F046F8204610BD0000440000607B
:10C170001C180060AC19006004ED00E0BF22EFF372
:10C18000118182F31188BFF34F8FBFF36F8F08B90E
:10C19000FD480068C06A81F3118870472DE9F041BD
:10C1A00000260D460446142900D3132501F015F886
:10C1B000F54F04B93C68606CA8423FD039688542AD
:10C1C00006D98C4207D03968C96AA94202D902E06F
:10C1D0008C4200D10126E16A8846884200D1E5629E
:10C1E0006564A069002802DBC5F11400A061E74D79
:10C1F00008EB8800616905EB8000814215D1201DA4
:10C2000000F0B0FC012120B93A6901FA08F082433C
:10C210003A61E06A3A6981401143396100EB80007C
:10C2200005EB8000211D00F079FC3EB1D8494FF0AC
:10C2300080500860BFF34F8FBFF36F8FBDE8F041B0
:10C2400000F0D7BFD04A106B10B10120D061704709
:10C250000020D0611069CD49B0FA80F0C0F11F0014
:10C2600000EB800001EB800000F1080341684968A1
:10C270004160994201D149684160C86810607047C7
:10C2800070B5044600F0A9FFBF4D04B92C68201D0D
:10C2900000F068FC58B9E06ABC4900EB800251F834
:10C2A000221021B901218140286988432861A06AB0
:10C2B00018B104F1180000F055FC211DB54800F03C
:10C2C0002DFC00F096FF686928B100F086FF00F0B1
:10C2D000C7FB00F08EFF2868844209D1686940B12D
:10C2E000AB494FF080500860BFF34F8FBFF36F8FA3
:10C2F00070BDA848A9680068884202D10020286063
:10C3000070BDBDE870409DE770B504002BD09E4D18
:10C310002868844227D000F060FF204600F0B7FB79
:10C32000E8B1201D00F01EFCE06A01212A6981406D
:10C3300011432961954900EB800001EB8000211D2C
:10C3400000F0ECFBE06A2968C96A884207D390498B
:10C350004FF080500860BFF34F8FBFF36F8FBDE881
:10C36000704000F046BF70BD2DE9F0410446002644
:10C37000BF20EFF3118580F31188BFF34F8FBFF318
:10C380006F8F204600F083FBF0B17F4F386B20B1F8
:10C39000804804F11801283814E0E06A3968C96A55
:10C3A000884200D30126201D00F0DCFBE06A012159
:10C3B0003A69814011433961744900EB800001EB17
:10C3C0008000211D00F0AAFB85F31188304632E57C
:10C3D0006E4E4FF080546E4D00F067FB30680128C0
:10C3E000FAD92C60BFF34F8FBFF36F8FF4E71CB502
:10C3F000654800242C30CDE900402346802266A108
:10C400006748FFF71AFD012811D1BF2080F311887A
:10C41000BFF34F8FBFF36F8F5B484FF0FF318162E7
:10C4200001214161C460BDE81C4000F0C2BE1CBDDA
:10C43000BF2080F31188BFF34F8FBFF36F8F524936
:10C440000020486100F0C8BE4F48C06870474E48A1
:10C45000C06870474C488068704708B94A4800680F
:10C4600034307047024610B547480C460168104604
:10C47000183100F05FFB2046BDE810400121F3E5D4
:10C48000034641F0004010B53F4914460A689061E8
:10C4900009681846183100F041FB2046BDE81040FD
:10C4A0000121E1E52DE9F041C068C46804F11800FC
:10C4B000074600F057FB344D286B012660B1354824
:10C4C0003946283800F02AFBE06A2968C96A8842A0
:10C4D00012D90120EE61AEE4201D00F043FBE06ABA
:10C4E0002A6906FA00F111432961284900EB80000E
:10C4F00001EB8000211DE5E700209CE470B541F0D0
:10C5000000410160C46800F02DFB201D00F02AFBF3
:10C510001D4DE06A01262A6906FA00F111432961DE
:10C520001A4900EB800001EB8000211D00F0F6FAB3
:10C53000E06A2968C96A884202D90120EE6170BDAB
:10C54000002070BD10490A6A0260C96841607047E6
:10C5500070B50D46044600F040FE0B49CA682868D5
:10C56000431C0FD02368096A8B4202D06168914254
:10C5700018D96168511A814214D2401A28602046A5
:10C58000FFF7E0FF00240EE0440000601C1800608C
:10C5900004ED00E0FC19006049444C450000000037
:10C5A000D1C30008012400F024FE204670BDF949E3
:10C5B0000120C861704708B9F64800680021006B87
:10C5C00001E0401C491C0278A52AFAD0C1F38F0073
:10C5D0007047F04800687047EE48416919B1006B38
:10C5E00018B100207047012070470220704770B5D5
:10C5F000040039D0E74DE06A2968C96A884233D21D
:10C60000A069002804DB2868C06AC0F11400A0619A
:10C61000E06AE14E00EB8000616906EB8000814238
:10C620001FD1201D00F09EFA012150B9E06A00EBF5
:10C63000800256F8222022B92A6901FA00F08243CA
:10C640002A612868C06AE0622A6981401143296131
:10C6500000EB800006EB8000211DBDE8704000F07B
:10C660005DBA2868C06AE06270BD70B504004FF022
:10C6700000002CD0A16C491EA164636CE26A9A424E
:10C6800025D0002923D1201D00F06CFAC24AC149EF
:10C69000012350B9E06A00EB800552F8255025B916
:10C6A0000D6903FA00F085430D61606CE062C0F132
:10C6B0001400A061E06A0D6983402B430B6100EB1D
:10C6C000800002EB8000211D00F028FA012070BDDF
:10C6D000B04908680A688069D26A0968C2F1140220
:10C6E0008A617047AB49086818B10868826C521CAF
:10C6F00082640868704770B50C46064600F06DFD10
:10C70000A44D2868C06C80B92968012081F85000C8
:10C710005CB101212046FFF7A7FCA0494FF08050F3
:10C720000860BFF34F8FBFF36F8F00F062FD00F022
:10C7300054FD2868C46C002034B116B12968C8645F
:10C7400002E02A68611ED164296881F8500000F077
:10C7500050FD204670BD2DE9F0411E461546884625
:10C76000074600F03AFD8B4C206890F850000228F4
:10C7700014D02068C16CB943C1642168012081F8DC
:10C7800050005EB101213046FFF76EFC83494FF047
:10C7900080500860BFF34F8FBFF36F8F00F029FD0B
:10C7A00000F01BFD15B12068C06C2860206890F86F
:10C7B000500001280DD02068C16C21EA0801C16435
:10C7C00001252168002081F8500000F012FD284664
:10C7D0007CE40025F5E72DE9F0411F4690460D4623
:10C7E0000446012600F0F9FC0FB1E06C386094F8C3
:10C7F0005000022184F85010B8F1050F0ED2DFE886
:10C8000008F00D03060C0A00E16C294301E0E16C1D
:10C81000491CE16402E0022803D0E564012802D04B
:10C8200020E000261EE0201D00F09CF9594DE06A32
:10C8300001212A69814011432961574900EB800099
:10C8400001EB8000211D00F069F9E06A2968C96ADE
:10C85000884207D951494FF080500860BFF34F8F8D
:10C86000BFF36F8F00F0C5FC30462FE42DE9F04791
:10C8700004464FF00108BF20EFF31185DDF820904A
:10C8800080F31188BFF34F8FBFF36F8F0BB1E06C54
:10C89000186094F85000022384F85030052A0ED214
:10C8A000DFE802F00D03070C0A00E26C0A43E264C1
:10C8B00005E0E16C491C01E0022803D0E164012895
:10C8C00003D027E04FF0000824E0324E306B012700
:10C8D00078B104F11801324800F020F9E06A3168BB
:10C8E000C96A884216D9B9F1000F12D0C9F8007090
:10C8F00010E0201D00F036F9E06A326907FA00F115
:10C9000011433161244900EB800001EB8000211DBF
:10C91000E2E7F76185F311884046BDE8F0872DE92D
:10C92000F04104468846BF20EFF3118780F3118859
:10C93000BFF34F8FBFF36F8F94F85010022084F82D
:10C940005000E06C401CE06401292CD1114D286B93
:10C95000012678B104F11801114800F0DFF8E06A0F
:10C960002968C96A88421ED9B8F1000F1AD0C8F8E0
:10C97000006018E0201D00F0F5F8E06A2A6906FA68
:10C9800000F111432961044900EB800001EB8000B4
:10C99000211DE2E7440000601C18006004ED00E087
:10C9A000D4190060EE6187F3118810E510B558B115
:10C9B000044600F012FC94F85000022807D000242E
:10C9C00000F017FC204610BD4B480468F1E700203A
:10C9D00084F850000124F3E72DE9F0470E46DDE925
:10C9E00009841746824691009946089DA522206B2E
:10C9F00032F0FCF86FF00301206B01EB8701084473
:10CA000020F0070700202218315C82F83410315CD6
:10CA100011B1401C1028F6D3002684F84360142D71
:10CA200000D31325E562C4E91156201D00F073F808
:10CA300004F1180000F06FF82461C5F1140064627D
:10CA4000A061E66484F850604A465146384600F0DA
:10CA500099FB2060B8F1000F01D0C8F800405CE7F6
:10CA60002548416B096829B1416BC968C9684968A3
:10CA7000816270474FF0FF31FAE710B50446006B52
:10CA800000F032FC2046BDE8104000F02DBC1B4BEE
:10CA9000426900219A4206D1806AA3F1280290429D
:10CAA00001D000B901210846704770B5134E124DF0
:10CAB000143E1CE0FFF70BFB306820B10024FFF7A9
:10CAC00080FAA4B901E00124F9E700F086FBF068E0
:10CAD000C468201D00F046F8A868401EA860686879
:10CAE000401E686000F085FB2046FFF7C6FF6868BF
:10CAF0000028DFD170BD000044000060FC19006018
:10CB000000F108014FF0FF32C0E90112C16001617C
:10CB100000210160704700210161704742684A604E
:10CB200093688B6093685960916008610168491C43
:10CB30000160704730B50C68621C02D000F1080239
:10CB400002E0026904E01A4653681D68A542FAD95A
:10CB500053684B6099608A60516008610168491CA4
:10CB6000016030BDD0E9013201699A60D0E901234A
:10CB70005A604A68824201D182684A60002202619A
:10CB80000868401E0860704770B50D46044600F006
:10CB900024FBD4E90F12206801FB02006060002032
:10CBA000A0632068A0600146E06B401E00FB0210FD
:10CBB000E0604FF0FF3084F8440084F8450004F151
:10CBC00010004DB1FFF79CFF04F12400FFF798FF20
:10CBD00000F00FFB012070BD21690029F8D0FFF79C
:10CBE00061FC0028F4D0FF494FF080500860BFF38B
:10CBF0004F8FBFF36F8FEBE770B50D00064612D075
:10CC000006FB05F0483000F019FB040009D004F1E0
:10CC1000480120464DB10160C0E90F650121FFF7D1
:10CC2000B3FF204670BD0020ECE70060F4E72DE97B
:10CC3000F041044600F0D1FA94F9455004F124067D
:10CC400009E0606A48B13046FFF72CFC08B1FFF7F5
:10CC5000AEFC6D1E6DB2002DF3DC4FF0FF3684F894
:10CC6000456000F0C6FA00F0B8FA94F9445004F1B7
:10CC7000100709E0206948B13846FFF713FC08B1F6
:10CC8000FFF795FC6D1E6DB2002DF3DC84F8446057
:10CC9000BDE8F04100F0ADBA2DE9F041856B1746D3
:10CCA00004460026026C82B1C7B1E06831F08CFF07
:10CCB000E168206C091AE1602268914202D2616841
:10CCC000081AE060022F16D017E02068A8B9606843
:10CCD000FFF7CBFC0646002060600EE0A06831F054
:10CCE00073FF216CA0680844A0606168884204D387
:10CCF0002068A06001E005B16D1E6D1CA563304683
:10CD0000BDE8F0812DE9FF4F002683B09A468B469F
:10CD10000446B1464FF08057DFF8C88200F05DFA54
:10CD2000A06BE16B884206D3BAF1020F03D00598DD
:10CD3000C8B1DEB11EE0524659462046FFF7ACFFAF
:10CD4000616A19B104F12400FFF7ACFB28B1C8F8FF
:10CD50000070BFF34F8FBFF36F8F00F04AFA0120CE
:10CD600007B0BDE8F08F00F044FA21E06846FFF715
:10CD7000E9FB012600F03DFAFFF7A9F900F02DFAD2
:10CD800094F94400401C01D184F8449094F9450082
:10CD9000401C01D184F8459000F02BFA05A96846A3
:10CDA000FFF7D6FB30B12046FFF741FFFFF709F947
:10CDB0000020D5E700F011FAA06BE16B884201D1A9
:10CDC000012500E0002500F014FA95B104F11000EF
:10CDD0000599FFF747FB2046FFF729FFFFF7F1F81A
:10CDE00000289BD1C8F80070BFF34F8FBFF36F8F3F
:10CDF00094E72046FFF71BFFFFF7E3F88EE710B537
:10CE0000024600210120FFF7F7FE041E07D0002193
:10CE1000416001600B460A46C160FFF773FF204680
:10CE200010BD10B50446FFF7D4FB616888420BD1F2
:10CE3000E068401EE06005D100231A4619462046EE
:10CE4000FFF760FF012010BD002010BD30B4026C60
:10CE50000B46002A0BD0C1681144C1604468A1424E
:10CE600001D30168C16030BC184631F0ADBE30BCA2
:10CE700070472DE9FF4F002683B09A468B46044643
:10CE8000B1464FF08057DFF85C8100F0A6F9A56B42
:10CE900035B359462046E668FFF7D8FFBAF1000FD0
:10CEA00011D0E660606A50B104F12400FFF7FAFA8D
:10CEB00028B1C8F80070BFF34F8FBFF36F8F00F039
:10CEC00098F901204CE76D1EA563206810B9FFF7A3
:10CED00009FC606020690028F1D004F11000E5E74A
:10CEE000059808B11EB106E000F083F927E0684616
:10CEF000FFF728FB012600F07CF9FFF7E8F800F0C7
:10CF00006CF994F94400401C01D184F8449094F9E0
:10CF10004500401C01D184F8459000F06AF905A94C
:10CF20006846FFF715FB002820460AD0FFF77FFE72
:10CF3000FFF747F8204600F00FF90028A5D00020A1
:10CF40000EE700F009F9D8B1206830B900F045F9D2
:10CF50006068FFF74CFB00F04CF904F124000599E0
:10CF6000FFF780FA2046FFF762FEFFF72AF8002855
:10CF70008BD1C8F80070BFF34F8FBFF36F8F84E77A
:10CF80002046FFF754FEFFF71CF87EE770B50D460C
:10CF90000446FFF71EFB6168884204D1E068401C2C
:10CFA000E060012070BD00232A4619462046FFF7A5
:10CFB00060FF0028F6D0E168491CE16070BD2DE9F2
:10CFC000F04104461746BF20EFF3118680F3118825
:10CFD000BFF34F8FBFF36F8FA06BE26B904208D30C
:10CFE000022B01E004ED00E003D0002086F311885D
:10CFF00086E694F945501A462046FFF74DFE681C18
:10D0000004D06D1C84F845500120EFE7606A0028C9
:10D01000FAD004F12400FFF745FA0028F4D0002FDD
:10D02000F2D001203860EFE770B50D46BF21EFF375
:10D03000118481F31188BFF34F8FBFF36F8F816B22
:10D04000C26B8A4217D990F94520491C8163511C53
:10D0500004D0521C80F8452001200DE0416A0029CF
:10D06000FAD02430FFF71EFA0028F5D0002DF3D0B7
:10D0700001202860F0E7002084F3118870BD2DE9BD
:10D08000F04104469046BF20EFF3118780F31188EA
:10D09000BFF34F8FBFF36F8FA66BEEB194F944507F
:10D0A0002046FFF7D3FE761EA663681C04D06D1CD5
:10D0B00084F84450012010E020690028FAD004F1DF
:10D0C0001000FFF7EFF90028F4D0B8F1000FF1D00D
:10D0D0000121C8F80010EDE7002087F311880FE662
:10D0E00070B50446BF20EFF3118580F31188BFF3BC
:10D0F0004F8FBFF36F8FA06B28B12046E668FFF714
:10D10000A5FE0120E66085F3118870BD10B50446C8
:10D1100000F063F8A46B00F06CF8204610BD10B569
:10D12000044600F05AF8D4E90E10441A00F061F8F1
:10D13000204610BD806B704700F0D6B8806B08B1F8
:10D140000020704701207047816BC06B814201D184
:10D15000012070470020704710B5044600F03DF8EC
:10D16000A06B20B1002400F044F8204610BD01243B
:10D17000F9E70000BF2080F31188BFF34F8FBFF3A2
:10D180006F8FFEE710B5031F4FF080741C601B1FEC
:10D1900021F001011960191F244B0B60143940382C
:10D1A0000A6010BD4FF0E020214941610721016173
:10D1B0007047204810B5016841F47F0101600168A3
:10D1C00041F07F410160FFF7EDFF1B49002008603F
:10D1D000FAF7CEFF002010BD7047BF2080F3118802
:10D1E000BFF34F8FBFF36F8F13480168491C016075
:10D1F000704711490868401E086001D180F311880A
:10D20000704710B5BF2080F31188BFF34F8FBFF375
:10D210006F8FFEF782FE20B106494FF080501C3917
:10D220000860002080F3118810BD000075D100084F
:10D230003F19010020ED00E0800000602DE9F04181
:10D2400004460025FEF743FF374E06F108017068DB
:10D2500001F1080368B93548002720F00700C1E94B
:10D2600000074EF6F872C3E90072C0E900320120EF
:10D2700070603CB10834600704D004F00700C0F1CE
:10D2800008000444601E4EF6F772904227D2264AE8
:10D290000968083201E00A4601464868A04202D205
:10D2A00008680028F7D1994219D0156808681060FD
:10D2B00048680835001B10280DD90B1958601A480A
:10D2C0004C6008305C6800E0104602685768A7426E
:10D2D000FAD31A60036048683168081A3060FEF7B4
:10D2E00070FE2846BDE8F08110B5002817D0A0F1E7
:10D2F0000804FEF7ECFE0C496068083100E01146B6
:10D300000A6853688342FAD3226007480C60616858
:10D31000026811440160BDE81040FEF752BE10BD26
:10D32000014800687047704784000060181A006068
:10D33000704770B50446C24D40212846FCF79AFE5E
:10D340000028F9D0A1B22846FCF733FE204670BD74
:10D350002DE9F04186B00746012144F23400FBF785
:10D36000A6FDB74D2846FCF72BFD6815ADF8140057
:10D3700003208DF8160018208DF81700DFF8C482FE
:10D3800005A94046FBF78DFB2E15ADF8146004246B
:10D390008DF8174005A94046FBF783FBADF8144014
:10D3A00010248DF8174005A9A748FBF77AFB200148
:10D3B000ADF814008DF8174005A9A448FBF771FBE0
:10D3C00025208DF8000000248DF8014001208DF803
:10D3D00002008DF803006846FBF739F801979C4B73
:10D3E000AA1493F85110022925D0012928D0ADF8AC
:10D3F0000C40ADF8084093F85410012927D00229B9
:10D4000028D003292BD0ADF80A40ADF810400C20ED
:10D41000ADF80E0001A92846FCF702FD012240F2FA
:10D4200025512846FCF779FD01212846FCF76BFDC4
:10D4300006B0BDE8F081ADF80C60ADF80820DAE781
:10D440004FF4C060ADF80C00ADF80820D3E7ADF89C
:10D450000A20DAE74FF40050ADF80A00D5E74FF4A0
:10D460004050ADF80A00D0E72DE9F04387B0804680
:10D4700001218804FBF724FD01214820FBF717FD5B
:10D48000744D2846FCF79CFC2E15ADF81860032758
:10D490008DF81A7018208DF81B00DFF8BC9106A9D2
:10D4A0004846FBF7FEFAEC14ADF8184004208DF85E
:10D4B0001B0006A94846FBF7F4FAADF81840102007
:10D4C0008DF81B0006A96548FBF7EBFA27208DF8BD
:10D4D000040000248DF805408DF8067001208DF8B9
:10D4E000070001A8FAF7B3FFCDF80880ADF80C40AB
:10D4F0005748AA1490F85310022925D0012928D0A2
:10D50000ADF81040ADF80C4090F85610012927D026
:10D51000022928D003292BD0ADF80E40ADF81440D5
:10D520000C20ADF8120002A92846FCF779FC012274
:10D5300040F225512846FCF7F0FC01212846FCF773
:10D54000E2FC07B0BDE8F083ADF81060ADF80C2048
:10D55000DAE74FF4C061ADF81010ADF80C20D3E756
:10D56000ADF80E20DAE74FF40050ADF80E00D5E725
:10D570004FF44050ADF80E00D0E72DE9F04387B0EE
:10D58000074601214804FBF79BFC01210420FBF71F
:10D590008EFC334E3046FCF713FC0424ADF81840E3
:10D5A00003258DF81A5018208DF81B00DFF8949091
:10D5B00006A94846FBF775FA4FF00808ADF8188041
:10D5C0008DF81B4006A94846FBF76BFA204890F8F7
:10D5D0002310012901D0052908D1ADF818801020A9
:10D5E0008DF81B0006A91848FBF75BFA26208DF87A
:10D5F000040000248DF805408DF8065001208DF8B8
:10D60000070001A8FAF723FF0297ADF80C40ADF828
:10D610000E40ADF81040ADF814400C20ADF81200EB
:10D6200002A93046FCF7FCFB012240F225513046AE
:10D63000FCF773FC01213046FCF765FC81E7000034
:10D640000038014000080140001001400014014072
:10D650005263046000480040000C01400018014083
:10D66000004400404FF0E0210A6922F004020A6100
:10D67000224AC0084FF47A73107058430123538034
:10D680004861086940F00100086170472DE9F041E8
:10D690004FF0E02700247E691849097800FB01F566
:10D6A000FFF79BFDB969B8698842FCD002D2A1EBB3
:10D6B000000102E0A6EB000211440C440146AC421A
:10D6C000F1D3BDE8F041FFF794BD70B50446FEF715
:10D6D00083FF01280CD0094D6888844203D3B4FB32
:10D6E000F0F0FEF720FD6888B4FBF0F100FB114478
:10D6F0004FF47A706043BDE87040C7E7A000006057
:10D7000010B504466160FAF76DFD206010BD016838
:10D71000426811440160704710B50446FAF762FD93
:10D72000206010BD10B50446FAF75CFD2168401A70
:10D730006168884201D3012010BD002010BD0000A7
:10D74000FD490881704730B5C278FB4D0A44303539
:10D75000D4B2EC70827802EB1122D2B2AA70437874
:10D760006B7000782870B2EB112F05D25B1CDBB216
:10D770006B700BB9401C2870C8B284420DD2521C89
:10D78000D0B2A870002808D16878401CC0B2687078
:10D79000002802D12878401C287030BD10B58B18A5
:10D7A0005B1E0BE04A780C7802EB042292B2104424
:10D7B00080B2904201D2401C80B2891C9942F1D3C0
:10D7C000994207D109780902084480B2884201D2FF
:10D7D000401C80B210BD010241EA102080B27047A7
:10D7E00010B50A4601460020FFF7D8FFBDE81040FB
:10D7F000F1E710B51422D1490020FFF7CFFF10B197
:10D80000BDE81040E7E74FF6FF7010BD10B5CB49FB
:10D810006FF013030E394A7C097C03EB012111449C
:10D820008CB2204480B2C54908220C31FFF7B6FF04
:10D83000C24922461431FFF7B1FF10B1BDE81040D4
:10D84000C9E74FF6FF7010BD0620DFE71120DDE7C6
:10D8500070B5B94900224A70B94B487823F81020B6
:10D86000401CC0B248700A28F7D34A70B54B322426
:10D8700003F2FE35487800EB800606EB40161E44A6
:10D8800072762C54401CC0B248700A28F2D34FF470
:10D89000806048814A70AA4B1433487800EB4004FA
:10D8A000C4EB401403EB4404A280401CC0B2487097
:10D8B0000A28F2D370BD70B5002300220021A04CCD
:10D8C0004DF204261434050245EA102085B201EB1E
:10D8D0004100C0EB411004EB40008088B04200D111
:10D8E0000123854200D10122491CC9B20A29EED385
:10D8F00003B182B994480068B0F5967F0BD93C21FA
:10D90000B0FBF1F201FB120028B99049088D401CD0
:10D91000088502F05BFC00208A4C002504F2FE33EF
:10D92000142600EB800101EB40110A19517E31B140
:10D93000195C11B1491E195401E055761E54401C62
:10D94000C0B20A28EDD370BD2DE9F04107468846E4
:10D950007C4C794D4FF4FA4300266889401C80B214
:10D960006881984202D34FF4805068816E70687865
:10D9700000EB800101EB40100219507E28B168894C
:10D98000FFF729FF91888842E7D06878401CC0B231
:10D9900068700A28EBD300226E70687800EB800173
:10D9A00001EB40110B19597E11B1072902D008E093
:10D9B0001A460BE022B1997E92F81AC0614500D94F
:10D9C0001A46401CC0B268700A28E6D32AB3022067
:10D9D000507659482C300178117341785173817811
:10D9E0009173C078D07340F6CA7050829082012043
:10D9F0001082D67690760320107696751020D0751A
:10DA00006889FFF7E8FE9080A2F8068038881080C9
:10DA1000788850801046BDE8F0810020FBE72DE9B2
:10DA2000F04105460F46464C0026434B4FF4FA485A
:10DA30004FF4805214345889401C80B258814045BC
:10DA400000D35A815E705889FFF7C5FE01465878A9
:10DA500000EB400CCCEB401C04EB4C0CBCF804C0BD
:10DA60006145E8D0401CC0B258700A28EBD30020B2
:10DA70005E705A7802EB4201C1EB421104EB4101A6
:10DA8000898899B1521CD1B259700A29F1D3A8B131
:10DA900059890A0242EA11218180C78085B129880B
:10DAA00001806988418040210172B4E7587800EB19
:10DAB0004001C1EB401004EB4000E8E70020AAE77A
:10DAC0000660F0E730B51C4A002555701C4B5178B4
:10DAD00033F81140844203D1507823F8105030BD00
:10DAE000491CC9B251700A29F1D330BD10B5124A90
:10DAF00000215170124B517833F811402CB1491C60
:10DB0000C9B251700A29F6D310BD517823F811001B
:10DB100010BD10B5084C0146606A0830FFF713FECF
:10DB200004F13001606A0A7802724A7842728A7897
:10DB30008272C978C17210BDAC0000601E0A01601B
:10DB4000841B0160121A0160AC0300602072046043
:10DB50002DE9FF5FDFF8FC93D9F82440FE4D002645
:10DB600005F136014FF6FF78039104287AD0039926
:10DB7000C9F81C10C9F820104FF0100A032815D05E
:10DB8000022821D005F12A0405286CD0F34F7888AB
:10DB9000401C78803846A97B0088401C80B245290B
:10DBA00063D03880F888401CF880ACE0607E00F0DC
:10DBB0000F000328F9D1208A0028F6D1082089F81F
:10DBC000000002F0E8FEEBE3E2492C31C878401C8B
:10DBD00010F0FF00C8700ED18878401C10F0FF00D4
:10DBE000887008D14878401C10F0FF00487002D1BE
:10DBF0000878401C0870A9F80460A9F80660607EE7
:10DC0000072812D0052810D00028CED0218A59B379
:10DC1000A07E411EA176C8D2E07E08282DD0617E6C
:10DC200002290AD0012908D009E0A07E401CC0B218
:10DC3000A0767828B9D1667665E005281DD004283D
:10DC400000D9042003218140A176E07E401CE076CB
:10DC5000C248C18C491CC184607E00F00F000928B5
:10DC6000A3D203E0C8E125E01AE038E0DFE800F0E5
:10DC70004BFD0F12FC4BFC4BFC006676802089F8B4
:10DC8000000002F088FE142085F82F00F2E385F8EA
:10DC90002F60FAE2042089F8000002F07CFEEAE33B
:10DCA00000F00F000328C7D1082089F8000002F017
:10DCB00072FE75E3D9F8280080880028BCD0C9F826
:10DCC0002460C9F81C40C9F82040A9F80660A9F8EA
:10DCD0000460082089F8000002F0FDFC8CE1697CFA
:10DCE0002A7C01EB0221B9F804209142A4D8CB464A
:10DCF000A9F80410297D890601D1697D21B13880F8
:10DD0000B889401CB881ADE192490E31B1F800E00C
:10DD100049880291BEF1000F01D10299C9B18E4A22
:10DD2000EB7DD18B128C112B0CD1414501D1424599
:10DD30005ED0884B1633B3F800C0614502D15B88D2
:10DD40009A4255D0714502D102998A4201D0388059
:10DD500088E1FFF74EFD404506D03888401C3880EA
:10DD6000F889401CF8817DE1E87D06280AD0112859
:10DD70003ED0012814D03888401C3880388A401C96
:10DD800038826FE1B88B401CB883FFF75DFD4045DA
:10DD90006CD0788B401C7883388C401C388461E1CF
:10DDA000B88A401CB88295F82200082806D0788AE4
:10DDB000401C7882388B401C388353E185F8226000
:10DDC000A88C4FF6F771884202D30930A88401E08D
:10DDD0000830A884688BE883A88B28845D480E30BF
:10DDE000018869834088A883F88A401CF882F4E39C
:10DDF000BBF804001C38ABF80400CBF81C40288D9D
:10DE0000AA4650B1FFF722FD404506D0B88D401C10
:10DE1000B885788E401C788624E15148CBF82800DC
:10DE20004E4F1AE1818800297ED0BAF824208A4218
:10DE30007AD102880AB94388ABB3424502D14388FC
:10DE4000434530D0BAF81A30934204D1BAF81C20B6
:10DE500043889A4227D0BAF81E20424503D1BAF827
:10DE6000203043451FD002E06BE30CE2FEE0DFF818
:10DE7000E4C00CF10E0CBCF800309A4205D1BAF89F
:10DE80002030BCF802C063450DD0DFF8C8C00CF1EB
:10DE9000160CBCF800309A4246D1BAF82020BCF8E3
:10DEA00002309A4240D1DBF82820D28812B1B1F575
:10DEB000884F7DD0BAF82270C780BAF81A20ADF822
:10DEC0000420BAF81C30ADF80630DBF812300093AD
:10DED0009DF800C09DF80430CCF1FF0C43EA0C0320
:10DEE0008DF804309DF801C09DF80530CCF1FF0C91
:10DEF00043EA0C038DF805309DF802C09DF806300A
:10DF0000CCF1FF0C43EA0C038DF806309DF803C0FA
:10DF10009DF80730CCF1FF0C43EA0C038DF8073075
:10DF2000BDF804C00B4B00E094E016331B889C4501
:10DF300009D1DFF820C0BDF806E00CF1160CBCF8E2
:10DF400002C0E64514D090F804C04FEA0C2C4CEA0D
:10DF5000112107E0AC000060100A0160DC1D0160C7
:10DF6000981B016089B2A1F5806CBCF1D20C24D061
:10DF7000BAF81E10414503D1BAF820C0C44509D0F3
:10DF8000DFF808E4994226D1BAF820C0BEF80210A2
:10DF90008C4520D1FE4909884FEA012C4CEA112119
:10DFA00089B2B94212D18788B9420FD1F74900E04E
:10DFB00015E003804988418011E0A0F80080A0F8B6
:10DFC0000280F448818D491C818508E00280BAF8FE
:10DFD0001C10418003E00280BAF81C104180CBF88D
:10DFE000246002208BF80000CBF81C40CBF82040C6
:10DFF000ABF8066002F06FFBB9F80600002831D0DC
:10E0000000F11C01A9F804100A0A2A74697411218C
:10E01000E9750830C0F3072141EA0020E8842E8525
:10E02000D9F8280081886984C188A984D74908392A
:10E030000A886A834988A9830188E98340882884FB
:10E040000398C9F81C00FFF701FCC04380B2288583
:10E0500048B1A0E33A30CBF82800DBF82800B842FA
:10E06000FFF4E0AE7BE3A5F8288094E3CA4CB5F852
:10E0700022C0B5F81A80A98B04F24D13A88C1DE0BC
:10E08000627ED2B1A288904217D1E288944514D121
:10E090002288904511D1628891420ED1CBF824405C
:10E0A0008BF8006095F82F0041076FD56676202029
:10E0B0008BF8000002F06FFC51E325349C42DFD95D
:10E0C00095F82F1001F03F01022918D1ABF80C0090
:10E0D0008BF80160B14A9BF8011032F8113083428D
:10E0E00004D100248BF80160AB4B50E0491CC9B24D
:10E0F0008BF801100A29EED3788D401C788595F8AD
:10E100002F004007AED4B88C401CB88414202635AC
:10E1100068722820ABF8040050202872EB78E87968
:10E12000E870A978A879A870A9716A786879687088
:10E130006A7128788BF801002C792C7028715B1C8F
:10E1400013F0FF03EB71A5F126050ED1491C11F068
:10E15000FF0185F82C1008D1521C12F0FF0185F840
:10E160002B1002D1401C85F82A00688CABF80C00FB
:10E17000A98C6984A884688BE883A88B2884834849
:10E180000838018869834088A883F4E2A4E09BF8FA
:10E19000011001EB810000EB41101844427E12B1E6
:10E1A000072A08D00EE09BF8010000EB800101EB8C
:10E1B0004010C4180CE024B1827E94F81AC0624565
:10E1C00000D90446491CC8B28BF801000A28DED3E6
:10E1D000B4B3CBF824400320A0762076A6750420A3
:10E1E000E075E6761A356889A0802889E08028885D
:10E1F000208068886080012161766448163002784A
:10E200002273427862738278A273C078E0732182AD
:10E21000E87BE072A87BA072687B6072287B20722A
:10E220000120FFF776FC287D1A3D00F0F00150290F
:10E2300029D98BF801606FF0040101EB10131DE088
:10E24000FFE7388D401C388589E22A1892F836108D
:10E250008BF80210B9B1012902D0022904D007E0DD
:10E26000401C8BF8010009E092F83710042920D0F7
:10E2700092F8371039B108448BF801009BF801007F
:10E28000B0EB830FE1DB85F82FA02E35687840F0E6
:10E290000200687002202872042068720F20A872A1
:10E2A000CA20E8722C20A9F80400602005F82E0985
:10E2B00023E29BF8010092F83810284490F83900C6
:10E2C00040EA0120ABF80C0040F6CA71884200D940
:10E2D00008466082A082D6E795F82E10A846090964
:10E2E00089008BF80110BBF80420511A143989B247
:10E2F000ABF80410627E02F00F02022A03D100F094
:10E300003F02122A17D009B9810714D098F82610B5
:10E31000227A434691427DD193F82710627A914246
:10E32000F9D193F82810A27A9142F4D193F82910E8
:10E33000E27A9142EFD1C0064BD5218A29B304F18C
:10E340000C00FFF700FA114B98F82A101A33C64652
:10E35000187881423DD19EF82B2059788A4238D1D5
:10E360009EF82CC09A78944533D19EF82DC0DB7866
:10E370009C452ED120736173A273E373E07E10BBC2
:10E38000207EA17E401AA17D0BE022E0C200006049
:10E39000E201006020720460121A0160841B0160B7
:10E3A0000EE1A0EBD10040B20144C9B2A175002832
:10E3B00001DA404240B2E27DA0EB92001044E075E9
:10E3C00000EBD100207601208BF80000207EA076A3
:10E3D0002682627E02F00F0009287CD2DFE800F07E
:10E3E0007B051E8FFCFBFA1AF9009BF80000C007A2
:10E3F00071D00320607640208BF800002682BBF8A5
:10E40000040020B142218BF80010FFF782FBABF82B
:10E41000066000E069E102F0BEFAD1E09BF800007E
:10E42000C00705D098F82F0000F03F00122808D050
:10E4300020208BF8000002F0AEFADBF824004676CC
:10E440005DE698F82E0000F0F001502927D98BF8EE
:10E4500001606FF0040101EB10131BE008EB0002F8
:10E4600092F836108BF80210C9B1012904D00229A4
:10E4700006D009E03BE1CCE0401C8BF8010009E04C
:10E4800092F83710042927D092F8371039B1084490
:10E490008BF801009BF80100B0EB830FDEDB03205B
:10E4A000607698F82600207298F82700607298F835
:10E4B0002800A07298F82900E0720120FFF729FBDC
:10E4C00042208BF800002682ABF80460ABF80660AF
:10E4D00002F061FA74E058E09BF8010092F83810FD
:10E4E000404490F8390040EA0120ABF80C0040F6B7
:10E4F000CA71884200D908466082A082CFE798F8A6
:10E500002F00C10721D0D1061FD4208AE8BBBBF859
:10E510000400401C80B2FFF7FCFA9BF8000040F0BA
:10E5200010008BF80000BBF8041019B140F0020095
:10E530008BF8000002F02FFA01202082082060767C
:10E54000E676112085F82F00D1E080060FD598F8E7
:10E55000350098F8341040EA0120DBF81C10014423
:10E56000CBF81C10BBF80410081AABF80400BBF879
:10E57000040048B1D10607D49BF8001041F0020115
:10E580008BF80010FFF7C5FA00E06EE098F8310054
:10E5900098F8301000EB012080B2ABF80C00A18A93
:10E5A000814200D308B9ABF80C10BBF80C006082B4
:10E5B0009BF80000800758D0ABF8066002F0EBF93A
:10E5C00099F8000081060CD5A9F80660667614203B
:10E5D00004E041E0BCE071E048E0F4E085F82F00A1
:10E5E00085E0C1060AD5A9F8066001202082042032
:10E5F0006076E676112085F82F0078E0B9F80610ED
:10E6000031B1C00700D02682208A90B1A9F8060057
:10E61000E676D9F82000C9F81C00B9F8060088B1E0
:10E62000208A78B12830A9F80400182085F82F0036
:10E6300060E0608A884201D2A9F80600B9F80600B5
:10E640002082E5E799F8000080070ED52820A9F878
:10E65000040085F82FA04DE09BF80000C0077ED095
:10E6600066768BF800A002F096F978E0BBF804001B
:10E6700008B1FFF74EFA98F82F00C00712D09BF8A8
:10E680000000C00704D007206076A676268201E04D
:10E69000062060760120FFF73CFA8BF800A002F01C
:10E6A0007AF922E09BF80000C00703D005206076CD
:10E6B000268254E0BBF80400B8B950E0BBF804006F
:10E6C00008B1FFF726FA98F82F00C0070AD00720F4
:10E6D0006076A6760120FFF71CFA8BF800A002F006
:10E6E0005AF902E0BBF8040088B388F82FA028206C
:10E6F000A9F80400502085F82E001835207AA87457
:10E70000607AE874A07A2875E07A6875207BA8732F
:10E71000607BE873A07B2874E07B6874062005F8B2
:10E72000010CA0886881E088A8813148018869804F
:10E730004088A8802088E88060882881183D607E15
:10E74000C00612D585F8316085F8306013E006E028
:10E750009BF80000C00702D007206076A676A9F8D3
:10E76000046089F80060BDE8FF9F0F2085F8300045
:10E77000CA2085F831004020A875B9F80400010AC4
:10E780002974687485F8356085F834606E86FFF703
:10E790005BF8C04368864520A873EE736E752E75CE
:10E7A0004020A875B9F80800401CA9F80800010A23
:10E7B000A974E8742E83FFF71CF8C04328830D4822
:10E7C000C18B491CC1830B488188491C818089F811
:10E7D0000060C8E70346002909DD05488AB20E3803
:10E7E000C280006A834202D0194630F0EDB970470A
:10E7F000BA000060DC1D016010B5C04900220A703B
:10E80000BF4B087800EB400404EBC0041C442260BA
:10E81000401CC0B208700828F3D310BDF0B5B74A49
:10E820009078401CC4B2947000231370B44D1178DA
:10E8300001EB410000EBC1002844068847883E43B5
:10E8400004D0867AA61B782E00DB0360491CC8B270
:10E8500010700828EBD3F0BD2DE9F041A74F4FF021
:10E86000000C87F800C0A64E3A7802EB420303EB97
:10E87000C20333441C8884B15D8875B1B0F8008050
:10E88000A0450AD14488AC4207D1086858608888FE
:10E890001881B8789872BDE8F081521CD2B23A70F3
:10E8A000082AE1D387F800C03B7803EB430202EB70
:10E8B000C302324414880CB9548824B15B1CDBB207
:10E8C0003B70082BF0D33B78082B1FD187F803C08F
:10E8D00087F801C087F800C0BC783A7802EB4203A1
:10E8E00003EBC2033344FD789B7AE31AAB4201DDAC
:10E8F000FB707A70521CD2B23A70082AEDD37A7843
:10E900003A7002EB420303EBC2023244006810602B
:10E910000868506088881081B8789072BBE72DE94C
:10E92000F047784D002029882A2902D22880BDE8A6
:10E93000F0872880744C754F224602F11601B4F816
:10E940001490B2F826C0881DB7F80080128D7B881D
:10E950004FF40076B9F5807F08D0B145E7D1C445C2
:10E96000E5D19A42E3D1BDE8F04775E7C445DED171
:10E970009A42DCD1FFF770FFA682D4F8160020621D
:10E98000618BA184624B1A68C4F816209B8863834C
:10E99000C4F8062063812060A180A08BE084E08B16
:10E9A00020853888A0837888E0834FF4C160A081F7
:10E9B0002A202880BBE72DE9F05FDFF84CA1544BFB
:10E9C0005046BAF81E104FF6FF72008C9C881D68E6
:10E9D000914201D1904206D04E4A138899420AD101
:10E9E0005288904207D14C480168CAF800108088CC
:10E9F000AAF8040040E0454F484BB7F800901A8849
:10EA0000B7F802803D4F01EA020609EA02023F1D03
:10EA1000964206D15A8800EA020308EA02029342AB
:10EA200005D03F48018839804088788001E03980EE
:10EA30007880324B4FF0000B83F800B03E88DFF84F
:10EA4000C0C07F88197801EB410000EBC100604431
:10EA50000288964202D14288974204D0491CC9B22A
:10EA600019700829EED31978082912D04168CAF81C
:10EA700000100089AAF80400CAF80650AAF80A4053
:10EA80000820AAF80C001F4801880E310180BDE85B
:10EA9000F09FFF2206211C4830F0A8F8CAF820B0E9
:10EAA000AAF824B0CAF80650AAF80A40CAF81650C4
:10EAB000AAF81A40AAF82660AAF82870AAF81C90AA
:10EAC000AAF81E804FF48070AAF81400AAF80E006D
:10EAD0000820AAF8100006208AF8120004208AF8FC
:10EAE00013004FF4C160AAF80C0007480D493630F6
:10EAF000086004482A210180C9E70000E4000060A2
:10EB00001A1E0160B0000060100A0160BA000060C7
:10EB1000A4000060C2000060800E0408BE00006017
:10EB2000E0000060C80000602DE9FC475148054640
:10EB3000FCF71AFB064600204E4C4F49133C2218A6
:10EB4000D27C0A54401CC0B20628F8D340F2764169
:10EB50001420FCF7ECFAFEF77BFEA07B40B1062107
:10EB6000284600F05EFA00F078FA3046BDE8FC87EF
:10EB7000237CE17B43EA0120020242EA1027A27CC7
:10EB8000657C42EA05204FEA002C4CEA1020DFF8B1
:10EB9000ECC0ACF80070ACF80200A07F677F40EAE0
:10EBA0000720070247EA102794F8200094F81FC0B6
:10EBB00040EA0C204FEA002C4CEA1020DFF8C0C0DD
:10EBC000ACF80070ACF80200A07E94F819C040EADE
:10EBD0000C274FEA072848EA1729ADF80490277F49
:10EBE000E47E47EA04284FEA082A4AEA1828ADF8E2
:10EBF0000680DFF890A0AAF80090AAF80280CCF175
:10EC0000FF0C41EA0C018DF80010C0F1FF00034336
:10EC10008DF80130C4F1FF0005438DF80250C7F1B3
:10EC2000FF0002438DF8032043EA0120040244EA76
:10EC30001020154C208042EA0520070247EA1020E8
:10EC4000608002EB05201A0402EB016108440F49C1
:10EC500008600120FEF739FD87E710B50C4940F246
:10EC6000EE50FCF786FB80B210BD0A4808490088C8
:10EC7000FCF732BB65630460A4000060BA0000606A
:10EC8000E0000060BE000060C20000604C01006057
:10EC9000100A0160B000006035220270012242704B
:10ECA0008170C01C70473621017004214170F14908
:10ECB000D1F81910C0F80210801D70473221017080
:10ECC00004214170EB49D1F82110C0F80210801DD9
:10ECD0007047372101700321417001228270C17099
:10ECE00006210171401D7047FF2100F8011B70478C
:10ECF0002DE9F0410446012020706070DD4D113592
:10ED00002879A0700020E070DB4E316861602081BE
:10ED100080216181D9490968E16020616061A06159
:10ED200004F11C006A68296807462FF04DFF6868E7
:10ED3000C0F1100138442FF060FF402104F12C0095
:10ED40002FF05BFF802104F16C002FF056FF7068FC
:10ED5000C4F8EC00BDE8F08170B5C94D2C682046C0
:10ED6000FFF7C6FF012104F1F000FFF795FFFFF761
:10ED7000B0FFFFF7B9FF01462868BDE87040091AE7
:10ED8000FFF728BD70B5BE4D2C682046FFF7B0FFD9
:10ED9000032104F1F000FFF77FFFFFF784FFFFF787
:10EDA0008DFFFFF7A1FF01462868BDE87040091AF2
:10EDB000FFF710BD10B544180023AE4A2EE00178CD
:10EDC000332924D006DC01290BD003290ED00629D3
:10EDD00021D110E0352913D0362913D0FF291AD1BB
:10EDE00020E0D0F80210C2F8251014E0D0F802108C
:10EDF000C2F82D100FE0D0F80210C2F829100AE076
:10EE0000837808E0D0F80210C2F8191003E0D0F8B7
:10EE10000210C2F81D104178801C0844A042CED3D5
:10EE2000184610BD184610BD70B595480468207886
:10EE300002280FD104229049201D2FF024FF48B949
:10EE40008C4D04F11C00D5F81520D5F811102FF0C9
:10EE50001AFF08B1002070BD2069C5F8210089485B
:10EE6000018804F1F000BDE87040A3E710B58149C6
:10EE70000020C91C0A6890808348C27B037C02EB97
:10EE80000322CA83427C837C02EB03220A84427EF3
:10EE9000837E02EB03224A84C27E037F02EB0322BD
:10EEA0008A84427F837F02EB0323CB84C27F90F866
:10EEB000204002EB04220A854B858A85022181735A
:10EEC00010BD2DE9F04701216A4C4FF4BD770025B4
:10EED00020886E4E4FF4D678B8424AD007DC4FF403
:10EEE0007A7958B1A0F5807051386FD114E040455F
:10EEF0006DD04FF4D972904268D189E00120A070A2
:10EF0000A4F80F90FFF728FFB4F80F10E01DFEF7EC
:10EF1000F7FB40F2511020803078800703D4E01DC9
:10EF2000FEF700FCE8B33078800703D5FFF77CFFDD
:10EF3000022843D0B4F80F004EF66021884205D273
:10EF40004FF6FF7101EA4000A4F80F00B4F80F007B
:10EF5000B0F57A5F3FD2A0780228D3D1A4F80F9001
:10EF60003570FFF70FFFB4F80F10E01DFEF7C8FB78
:10EF700027803078800703D4E01DFEF7D3FB00B371
:10EF80003078800703D5FFF74FFF05281BD0B4F872
:10EF90000F0042F2107188421AD800F57A7080B2E0
:10EFA00000E008E0A4F80F00B0F5FA5F13D2A078F3
:10EFB0000328D6D111E00020BDE8F0870220A07020
:10EFC000CCE70020F8E70320A07006E026E019E077
:10EFD00025800020F0E7FFF749FF264801F037FDC4
:10EFE000B4F81F00FEF7F7FB8146B4F81D00FEF7EA
:10EFF000F2FB09EB004132204143E01DFEF780FBAC
:10F00000A4F80080E01DFEF78DFB0028A9D1D3E70E
:10F0100011B100212280FBE70320CDE725800220EB
:10F02000CAE738B5134CC4F81100C4F81510002510
:10F03000A5704FF6FF70ADF80000ADF802004FF478
:10F0400086416846FEF7EBFCC4F8030010B14FF4AC
:10F0500088418180258038BD33E708B50548807830
:10F06000002806D1ADF80000ADF802000349088081
:10F07000488008BD721E0160860E0408BA00006058
:10F08000C8000060B000006052630460AC00006023
:10F090000B0A0370417000218170C170110A017167
:10F0A00042717047C44800681C30D0F80510002930
:10F0B00003DDD0F80100FFF78DBB7047BE48006844
:10F0C0000021C0F821107047BB480068BB490A788E
:10F0D00042F080020A7000210177C0F821107047C9
:10F0E000B648017821F0800101707047B34801787B
:10F0F00021F0800101707047B048017821F0800153
:10F10000017070472DE9FC5F4FF0000AAA480568BE
:10F110001C35AB4B1878800601D5FFF7EDFF18784A
:10F12000000601D5FFF7E2FF1878C00601D5FFF70A
:10F13000D7FF1878400601D5FFF7C6FF1878C0073B
:10F1400001D0FFF7BBFF9E489C4F007880072AD56F
:10F150009D48DFF870920168B9F800209B482FF0B5
:10F1600033FD9A4A4FF001081078EE280ED15078FE
:10F1700010280BD1907848B9D07838B9107928B9CF
:10F18000507918B9907908B9D07940B1904C9179FB
:10F190000026207981420AD0FF2905D00FE04FF0E8
:10F1A000010A87F80180ECE0D079192807D04FF0E8
:10F1B000010A7E808549012016F086FEE1E00029E3
:10F1C0007ED0D079032813D0062811D010280FD074
:10F1D00019280DD001280BD0022809D0042807D007
:10F1E000052805D00F2803D0182801D0FF2867D1A3
:10F1F000102805D1107BB9F80030181A0D285FD1FE
:10F2000094F82A004FF0020C072813D094F8280035
:10F21000072812D094F82900072851D184F82480B7
:10F2200000206F4BDFF8ACE1DFF8ACA1DFF8ACB148
:10F230001B781BE084F824C0F2E784F82460EFE731
:10F240001EF80020914202D184F824C00CE01AF884
:10F250000020914202D184F8246005E01BF80020D0
:10F26000914201D184F82480401CC0B29842E7D377
:10F2700094F823000A2801D184F8246059480078C2
:10F2800008B1022803D158480068FCF7F9FF574835
:10F290000068FCF7F5FF56480068FCF7F1FF554899
:10F2A0000068FCF7EDFF54480068FCF7E9FF94F8AC
:10F2B0002300012809D0052807D0022805D000E046
:10F2C00078E0062801D0032803D14C480068FCF7F9
:10F2D000D7FF4B4880F84B604FF0010A7E80DFF883
:10F2E000ECB003219BF8070002283BD0012839D05D
:10F2F00003283DD004283BD008229BF801009BF84E
:10F30000001040EA01216846FFF7C2FEB9F800008C
:10F310002334801F81B262786B460BF1060014F033
:10F3200079FF304880F80080364806702F48006822
:10F33000FCF7EAFF2E480068FCF7E6FF2D4800685E
:10F34000FCF7E2FF2C480068FCF7DEFF207801287C
:10F3500013D0052811D002280FD006280DD003287D
:10F360000BD00EE09BF80B00C01D01EBD002C4E7F0
:10F370009BF80B0001EB4002BFE720480068FCF758
:10F38000C3FF0F48007800F0040100F002021143AF
:10F3900005D1C10703D1410601D400070AD5BAF14E
:10F3A000010F07D1184845F8010F78886860BDE85B
:10F3B000FC5F77E6BDE8FC9FD0000060EC000060D9
:10F3C000AC000060B0000060C8000060A31E0160D7
:10F3D00052630460DA1C0460DE1A0460DC1B046003
:10F3E000E8020060DF03006018030060780400603A
:10F3F00018040060240400601404006060040060CD
:10F400002C6D0460E0030060CF1F016038B54DF241
:10F4100004242046FEF76AFB4FF0FF3204216846C1
:10F420002FF0E4FB21466846FEF7F9FA002800D0E9
:10F43000848038BD70B505464321FE482FF0DDFBC2
:10F44000FC4C15B1012D03D004E06520208001E0C3
:10F45000672020801D206080F74D2878A080687884
:10F46000E080A8782081E878608195F8230028B1B1
:10F47000401F032805D84A20A08104E03220A08143
:10F4800001E02320A0812879E081E87B2082287C8C
:10F490006082687CA082A87CE082B5F921002BF014
:10F4A0008AFE20834FF422702BF085FE6083E8797A
:10F4B0002BF081FEA083E1480068C0F3072141EAF8
:10F4C00000216184DE49097884F82410010C0902C6
:10F4D00041EA1060A4F83900002084F83B00B5F838
:10F4E0004910A187D749097884F83E1084F83F0075
:10F4F0000A2184F8401084F8410084F84200D2497F
:10F5000001220A70487070BD38B5CF4C0025606A82
:10F51000002800D08580E068C0F3072141EA00227E
:10F52000C3B2120241EA032142EA1121ADF80010F0
:10F53000C0F30741090241EA1060010241EA1020CC
:10F54000ADF80200208AC0F3072141EA002081B211
:10F550006846FEF764FA6062002803D04DF2042189
:10F560008180A57238BD2DE9F04F89B000250024B7
:10F57000B64890F800A0BAF1430F05D8B4485246F7
:10F580000168B4482FF020FBDFF8C8820126AA4F9B
:10F5900098F800004FF00009642803D0062266287E
:10F5A0007DD057E2A84B0120187098F8010008B9E7
:10F5B00098F80200797C3A7CBE7C97F80FC014E082
:10F5C00008EB850090F801B0E3450CD190F802B04B
:10F5D000934508D190F803B08B4504D10079B0422F
:10F5E00001D183F800906D1CEDB2B5EB9A0FE7D313
:10F5F000187800287ED00020FFF71CFF8D4D0020DA
:10F60000A877E87785F8200085F8210005F1250026
:10F610001422914908902FF0D7FA204600EB4001C0
:10F6200001EB8010641C05F14308E4B2404443221E
:10F6300029462FF0C9FA00266FE0DFF820C2C6EB9A
:10F64000C60101EB0C029379DC2B0FD21CF80100F0
:10F65000DFF80C9200F0070A09EBD009012099F8B5
:10F66000009000FA0AF019EA000F54D0232B52D070
:10F6700097F802A097F800C097F8019097F803E078
:10F680004FEA0A4B0CEB09200BEB0E6B8344D2F8CC
:10F69000010083453FD0A880C0F3072B00E030E194
:10F6A000A5F806B0C0F3074BA5F808B0000E6881B6
:10F6B000AB816A48405CE88100206884A5F8390085
:10F6C000012085F83F0085F81EC085F81F9085F859
:10F6D00020A085F821E0507900F00F01491E85F83F
:10F6E0004110000985F842005E48142200EB061123
:10F6F000089800E0ADE12FF067FA1D2C0BD22046F0
:10F7000000EB400101EB8010641CE4B24044432252
:10F7100048492FF059FA761CF6B2534800788642D1
:10F720008BD30026DFF844A1DFF844B145E006EBB7
:10F73000860000EBC60101EB0A09D9F80100A88098
:10F74000020AEA80020C2A81000E688199F80A00F8
:10F75000A8811AF80100E8813878A8777878E877E6
:10F76000B87885F82000F87885F821001D2C0BD298
:10F77000204600EB400101EB8010641CE4B24044E1
:10F7800043222C492FF020FAD9F80500A880010A5D
:10F79000E980010C2981000E68811D2C0BD22046C6
:10F7A00000EB400101EB8010641CE4B240444322B2
:10F7B00020492FF009FA761CF6B29BF80000864229
:10F7C000B5D30026DFF8ACA0DFF8ACB089E02B2081
:10F7D00006FB00A1887C58BBD1F8050040B3A88087
:10F7E000020AEA80020C2A81000E6881887AA881C8
:10F7F0004A7AEA813878A8777878E877B87885F80F
:10F800002000F87885F821000868C0F3072141EA54
:10F810000021698485F82420010C090241EA106066
:10F82000A5F83900142103A82FF0E7F94D2025E0B1
:10F8300055E00000C321016052630460880200604B
:10F840006702006066030060F0000060B0000060C6
:10F85000C8000060E0290160449503601A48046014
:10F86000525104602C350460E8020060695A04605B
:10F870000E030060D8B003606D0200608DF80C00CC
:10F8800053208DF80D0054208DF80E0050208DF877
:10F890000F003A208DF810004FF000098DF81F90EE
:10F8A000142203A908982FF08FF90C2085F83F0047
:10F8B00019F05FFF85F84100C8B102281CD085F817
:10F8C00042901D2C0BD2204600EB400101EB801032
:10F8D000641CE4B240444322FE492FF075F9761CC3
:10F8E000F6B29BF800008642FFF471AFEEE0FA48F2
:10F8F000007885F84200E4E7F848007885F842008F
:10F90000DFE798F80110FB7B99427DD198F802104F
:10F910003B7C994278D198F803107B7C994273D153
:10F9200098F80410BB7C99426ED198F81100397890
:10F9300088420ED198F812107A78914209D198F83D
:10F940001310BA78914204D198F81410FA789142C1
:10F950000DD000287DD198F81200002879D198F8B0
:10F960001300002875D198F81400002871D10120E7
:10F97000FFF760FD4321D748FEF72CFF87F80E9074
:10F9800098F80510F97398F80600387498F807206D
:10F990007A7498F80820BA7497F82A30012B07D0A7
:10F9A000092B05D097F82830012B01D0092B01D164
:10F9B000CB4B1E7098F809307B7698F80A30BB76EE
:10F9C00098F80B30FB7698F80C303B7798F80D30B0
:10F9D0007B7798F80E30BB7798F80F30FB7798F864
:10F9E000103087F82030A1B398B392B32F2022F0C3
:10F9F0000EFE397C302022F00AFE797C312022F084
:10FA000006FEB97C322000E024E022F000FE797E80
:10FA1000332022F0FCFDB97E342022F0F8FDF97E7F
:10FA2000352022F0F4FD397F362022F0F0FD797F79
:10FA3000372022F0ECFDB97F382022F0E8FDF97F75
:10FA4000392022F0E4FD397F3A2022F0E0FDA5487C
:10FA500086703BE069284BD06C2837D0652854D19C
:10FA6000A14DA88990B3B5F83900010241EA1021EF
:10FA7000688C030243EA102761F31F47A98F8DF8B2
:10FA80001110080A8DF81200287C8DF80D00A87C52
:10FA90008DF80E00287D8DF80F00A87D8DF81000E0
:10FAA0008DF80C20ADF814908DF8169003AA4FF441
:10FAB000F071384625F006FFCDE90096029695F8DC
:10FAC0002420002303A938460EF0CEFA002C1CD0C7
:10FAD00084494C72854800680268CA60C088020286
:10FAE00042EA102080B2086109B0BDE8F04F0BE592
:10FAF00000207F4908EB000252780A54401CC0B233
:10FB00000A28F7D37B480670E0E709B0BDE8F08F1C
:10FB100070B5794D2878000712D5784E714C306851
:10FB20006061A169401A64280AD3207A30B10521A6
:10FB300004F12800FEF74EFE002020723068A0611C
:10FB40002878800702D5BDE870400CE570BD2DE92E
:10FB5000F047002464488C2146302FF04EF8664868
:10FB6000007800071DD5654E5E4D3068E861296A52
:10FB7000401A642815D3A87AA8B1697A491C88422A
:10FB80000DD2401E00EB400101EB80105149433182
:10FB900008444321FEF71EFEA87A401CA872306874
:10FBA0002862BDE8F087DFF840C12F200CF1460C39
:10FBB0008CF80000524807788CF8017051480178A1
:10FBC0008CF8021041788CF8031081788CF80410BE
:10FBD000C0788CF805004C4B4FF00108DFF82C91F1
:10FBE00013E0C4EBC400185C09EBD00100F007027D
:10FBF000097808FA02F2114201D0012200E0002245
:10FC00000CEB44014A758875641CBC42E9DB002199
:10FC10000020404ADFF8F8A04FEA470914780EE0C8
:10FC20002B2202FB00A2937C3BB909EB4103634406
:10FC300083F81580527A9A75491C401CC0B2A042C4
:10FC4000EED378188CF8010027488C214630FEF757
:10FC5000C1FDA87A401CA872A1E72DE9F04188B047
:10FC60002D4A204E307902EBC004A178012903D03F
:10FC7000411C31716428F5D330790025642804D300
:10FC80003571002008B0BDE8F081F078401CC0B2AA
:10FC9000F0700A2802D9F5700020F3E7E07812F03E
:10FCA000CAFB00287ED0401E00F0FF08E0788DF8E7
:10FCB000000010208DF8010001208DF802009A202C
:10FCC0008DF803008DF8045007208DF805000E20F4
:10FCD00024E00000C3210160680300606A03006043
:10FCE000E4070060F0000060E0290160D4000060DB
:10FCF00010180060E8030060AC0000603000006095
:10FD0000E8020060526304601A48046052510460C3
:10FD1000D8B003606D020060715204608DF8060077
:10FD20008DF80750FE4881798DF808108DF809503C
:10FD300041798DF80A108DF80B5001798DF80C106F
:10FD40008DF80D50C1788DF80E108DF80F50817818
:10FD50008DF810108DF8115041788DF812108DF833
:10FD6000135000788DF814001521684614F05DFFDB
:10FD7000010A8DF815108DF81600404614F0C9FFE1
:10FD800042461721684614F068FF424608210020C9
:10FD900019F02DFD41464FF4FA7019F070FD071E61
:10FDA00013D000E00FE0B91EDE4814F03EFF81B230
:10FDB000DC483844801E4278007802EB00208842FC
:10FDC00005D000205EE700205CE700205AE74246AD
:10FDD0000021012019F00BFDA570F570012051E7FD
:10FDE0002DE9F04F8BB00746CF4ADFF840B39BF8C0
:10FDF000070002EBC0042178012904D0411C8BF8D4
:10FE000007106428F3D39BF807000026642804D366
:10FE10008BF8076000200BB078E6E079411CE171B7
:10FE20000A2801D20020F6E79BF80600401CC0B269
:10FE30008BF806000A2803D98BF806600020EAE751
:10FE4000E07812F0F8FA38B1217939B1401EC0B229
:10FE50000090DFF8D082FCE00020DCE70020DAE749
:10FE6000E1788DF8041010218DF8051000EB4001A9
:10FE700040F22D3202EB81010A0A8DF806208DF83E
:10FE800007108DF808600C218DF8091018218DF8E5
:10FE90000A108DF80B602179491E01EBC102A449BB
:10FEA00001EB021202EB001252788DF80C208DF853
:10FEB0000D602279521E02EBC20201EB021202EB2C
:10FEC000001212788DF80E208DF80F602279521EE4
:10FED00002EBC20201EB021202EB0012D2788DF8A3
:10FEE00010208DF811602279521E02EBC20201EB44
:10FEF000021202EB001292788DF812208DF8136036
:10FF00002279521E02EBC20201EB021202EB001236
:10FF100052798DF814208DF815602279521E02EB6B
:10FF2000C20201EB021202EB001212798DF81620C8
:10FF30008DF817602279521E02EBC20201EB021209
:10FF400002EB0012D2798DF818208DF81960227911
:10FF5000521E02EBC20201EB021202EB0012927976
:10FF60008DF81A208DF81B602279521E02EBC20216
:10FF700001EB021202EB0012527A8DF81C208DF870
:10FF80001D602279521E02EBC20201EB021202EB4B
:10FF90000012127A8DF81E208DF81F602279521EF1
:10FFA00002EBC20201EB021202EB0012D27A8DF8D0
:10FFB00020208DF821602279521E02EBC20201EB53
:10FFC000021101EB0010807A8DF822001F2101A898
:10FFD00014F02BFE010A8DF823108DF8240037B1A0
:10FFE000212101A8009A0BF0F4FDC0B213E700989C
:10FFF00014F08FFE212101A8009A14F02EFE082192
:020000040801F1
:100000000020009A19F0F3FBC820009919F037FC82
:10001000051E0FD0A91E434814F007FE81B208EB5D
:100020000500801E4278007802EB0020884203D051
:100030000020F0E60020EEE600210120009A19F0F1
:10004000D6FB6420FDF741FB9BF80500401C8BF8B4
:1000500005009BF805000828FFF402AF4FF0060AE0
:100060004FF01109A4E0E1788DF804108DF805A097
:10007000083840F28D3101EB4000010A8DF806107E
:100080008DF807008DF808908DF80990062101A8D9
:1000900014F0CBFD010A8DF80A108DF80B000FB19A
:1000A0000020B8E6009814F034FE082101A8009A58
:1000B00014F0D3FD08210020009A19F098FB642069
:1000C000009919F0DCFB051E0FD0A91E154814F08D
:1000D000ACFD81B208EB0500801E4278007802EB8F
:1000E0000020884208D0002095E6082101A8009A47
:1000F0000BF06FFDC0B28EE64FF4FA70FDF7E5FA33
:10010000E0788DF804008DF805A09BF8050040F21A
:100110008E31083801EB4000010A8DF8061009E025
:1001200010180060386A046071520460F0000060CA
:10013000E83403608DF807008DF808608DF80990A9
:10014000062101A814F071FD010A8DF80A108DF83E
:100150000B00009814F0DDFD082101A8009A14F0AE
:100160007CFD08210020009A19F041FB64200099D1
:1001700019F085FB051E0FD0A91E134814F055FD7C
:1001800081B208EB0500801E4278007802EB002067
:10019000884208D000203EE6082101A8009A0BF012
:1001A00018FDC0B237E69BF80500401C8BF805002F
:1001B0009BF805001028FFF456AF8BF805602670F9
:1001C0008BF80660012026E6386A046038B5002402
:1001D000FAF748FC04E0641CE4B23220FDF775FA3B
:1001E000FEF7A2FC08B1642CF5D3F94CA07B08B152
:1001F000022834D1022801D10120A073B4F82100D3
:10020000010241EA102080B2FDF770FC03F0F8FF14
:10021000FFF7FCF8607FA17F00EB0120ADF8000044
:10022000E07F94F8201000EB0120ADF8020001F00F
:1002300071FC684601F061FC94F84800012801D97E
:1002400000F062FD94F84700022808D1E1A001F017
:10025000FEFBE4A001F0FBFBE6A001F0F8FBE9489F
:10026000E9490068886038BD2DE9F05FE64C012758
:10027000207800280CD127704FF4FA7104F1340073
:10028000FDF73EFA42F2107104F13C00FDF738FA36
:10029000FEF7E3FCDD4D2880DFF87493DD4EDFF8D8
:1002A0007883E8B30020E080DC480168491C0160E5
:1002B000DB480770B08B401CB0834FF40060FDF743
:1002C0008AFAD84CA189884219D10120FDF740FC57
:1002D0002888002811D0FEF76EFBFEF7C6FC012827
:1002E0000BD1D1480168491C016088F80070B08AC0
:1002F000401CB0820320A9F80000BDE8F09F40F642
:100300000600FDF768FAA1898842F6D1FEF707FBDF
:1003100028880028F1D0FEF7A8FC0128EDD100E0E4
:1003200005E088F80070F08A401CF082E5E7B648E6
:100330003430FDF7F7F90028DFD0B3483430FDF74B
:10034000E6F90024DFF8E4A24FF03C0B04EB840054
:1003500000EB441000EB0A01B54801600220FDF7F4
:10036000F7FB288860B1FEF726FBFEF77EFC01282C
:1003700006D188F80070308B401C3083A9F800B09B
:10038000641CE4B20A2CE1D30024DFF8A892DFF861
:10039000A8A204EB4400C0EB441009EB4000CAF8EB
:1003A00000000520FDF7D4FB288850B1FEF703FBC1
:1003B000FEF75BFC012804D188F80070708B401CAC
:1003C0007083641CE4B20A2CE3D38F483C30FDF701
:1003D000A9F9002891D08C483C30FDF798F9BDE888
:1003E000F05FFEF71BBA00240025DFF850820120E1
:1003F00088F83C00FFF7EAFE914F00263E701BF0A4
:10040000C0FDDFF840A2DFF840928AF80060FFF7F5
:100410002BFF99F80000012803D08C4800780128B0
:100420000DD101200EF0CCF90EF06EFC6D1CEDB27A
:100430000A2D04D1002589F8006014F0B7FC387843
:1004400038B1641CE4B2642C03D900243E7014F06B
:10045000BAFCF8F70AFC0520FDF737F9B8F80000F8
:10046000401CA8F80000D0E7F0B587B0784E664D84
:100470003068E86029690024401A64280FD3754F5A
:10048000387850B17448B0F85812FEF7A3F93C70B0
:100490007249087808B1401E0870306828617048B9
:1004A0000078800727D570496E480860574D6F491E
:1004B0002A8809682EF088FB6D49288808805E48E4
:1004C00000680188ADF818104188ADF81A10C1888D
:1004D00006A8FDF7A4FA054601234FF416726149F8
:1004E00001A804F0C9F9024622B101235D4901A81F
:1004F00029F061FAAC8007B0F0BD70B5544D424CA4
:1005000028686061A169401A642810D3594E307878
:1005100058B15948B0F85812FEF75CF90020307015
:100520005649087808B1401E08702868A06170BD5F
:1005300070B5474D344C2868E061216A401A642840
:1005400010D34F4E307858B14E48B0F85812FEF7DD
:1005500041F9002030704C49087808B1401E0870FD
:100560002868206270BD38B5274C0025206B002814
:1005700000D0858045480068C0F3072141EA002289
:10058000C3B2120241EA032142EA1121ADF8001080
:10059000C0F30741090241EA1060010241EA10205C
:1005A000ADF802003A480088C0F3072141EA002074
:1005B00081B26846FDF733FA2063002807D004496A
:1005C000B1F849100A0242EA11218180A57038BDB4
:1005D000526304607777772E333332322E6F72672F
:1005E000000000007777772E64796E646E732E6357
:1005F0006F6D00007777772E6E6F2D69702E636FA9
:100600006D000000AC03006020010060B0000060DD
:100610009E030060207204604A0400602C040060A5
:100620004B040060100A016030040060121A01607F
:10063000D0000060981B0160D40000602C6D046045
:10064000F2000060E7030060F2030060ED0000606C
:100650003000006002030060B22A01600503006000
:10066000AC0000602ACC0160FC010060C8000060A2
:10067000E4010060030300600C2D01605A03006078
:1006800004030060662F01605B030060800200606D
:100690008402006070B5FE48007800071AD5FD4D51
:1006A000FD4C28686062A16A401A642812D3A078C1
:1006B000617888420CD240F22D114843F74901EB92
:1006C0004000B0F85812FEF785F8A078401CA070E2
:1006D0002868A06270BD70B5F14DF24CB5F84900C4
:1006E000010241EA1020216882B2888882420FD13B
:1006F00070B1ED48C9880088C0F3072242EA0020A3
:1007000080B2814204D1E448C07808B9FFF7C2FF43
:10071000B5F84900010241EA1020216880B28988B9
:1007200088420DD1E148007810B1FFF701FF07E0E2
:10073000DF48007810B1FFF7E0FE01E003F08AFD2A
:1007400020688088A0F58A409C3806D0A0F50C402F
:10075000683804D1FFF7DCF901E0FFF785FE206877
:10076000C088B0F5864F10D008DCA0F54050753831
:1007700013D0A0F580608B380FD109E0B0F5A04F01
:100780000BD0B0F5F64F08D105E0FEF765FC04E0AC
:1007900001F049F901E000F081FC20688088A0F5B3
:1007A0005241043905D1002803D0BDE87040FFF75D
:1007B000CEB970BD2DE9F04F89B004462568B44E1E
:1007C0003078000715D50021BA4801EB810210F8F6
:1007D0002220B2EB156F08D101EB810100EB810003
:1007E000AD490979FDF7F6FF03E0491CC9B20A29B2
:1007F000EBD330784FF00007810600D5677601060D
:1008000000D56776C10600D56776400607D5032078
:100810006076E188204613F05DFAA74908703078C9
:1008200080076DD5DFF894B2A548DFF898A2BBF831
:100830000020DFF894824FF001090B2A31D00D2AF5
:100840002FD00A2A2DD00C2A01D0112A58D10168A4
:1008500004A82EF0B9F98AF800909DF811000AF06A
:1008600061FD00EBC00101EB410202EB0804B4F8AA
:100870001510090A401C76D09DF81000B0EB156FDA
:1008800071D1E1B39DF81C009DF819309DF81B5003
:1008900000EB03609DF81A301B0403EB052318449A
:1008A0006AE0016804A82EF08FF99DF811000AF0A3
:1008B00039FD411C57D000EBC00000EB400303EBB7
:1008C0000804B4F81510080A9DF81020B2EB156F53
:1008D00049D1BBF800200D2A04D101F07F05042D79
:1008E00000D1012088B19DF81C209DF819509DF879
:1008F0001B6002EB05629DF81A502D0401E035E003
:1009000031E005EB062556190DE00B2A02D00A2A24
:1009100007D008E09DF81A209DF8195002EB052633
:1009200001E09DF819609DF81650227D95421AD17C
:10093000002A18D09DF8172001F07F018A4212D1B9
:10094000CDE90067029018F80300E178401CC3B2BB
:100950006078401EC2B2A07808F0C9FC8AF8009006
:10096000A77684F80B9009B0BDE8F08F9DF81B00C6
:100970009DF81A3000EB0320CDE90171009018F8C2
:100980000200E178401CC3B26078401EC2B2A07879
:1009900008F0ADFCE7E72DE9F8434FF0FF3440489D
:1009A000DFF828811425B0F82100494E010241EA00
:1009B000102081B2D8F80000828891420AD1FEF757
:1009C000A1FBD8F80000818813F084F904462000C8
:1009D00000D43555D8F800002D4FC088B0F5A04F91
:1009E0001FD13C480068010EC0F3074242EA0121D2
:1009F0000A0242EA1121ADF80010C0F307210246B5
:100A000061F31F22120261F31F2042EA1020ADF8A9
:100A1000020000F048FE002C03DB3878800700D588
:100A20003555D8F800004FF20162C18891420CD1CF
:100A3000FFF7C0FED8F80000C18813F04BF900287A
:100A400003DB3978890700D53554BDE8F8832DE9F3
:100A5000F0410446204F34F8210F388060887880B8
:100A60001E4EA0883080E08870801D4DA0892880AF
:100A7000E089213C688001F04DF804F1290001F083
:100A80003CF8074CB4F82100010241EA102029E0AB
:100A9000AC0000603000006020010060C0310160E7
:100AA00052630460D40000608402006004030060AC
:100AB0000303006054A70160F6020060B00000600C
:100AC000C80000600A03006058950360D000006011
:100AD000101E016098010060BA000060BE00006056
:100AE000E000006080B2FDF701F894F848000128AA
:100AF00001D900F009F994F8470002280BD1AFF2B0
:100B00002C5000F0A4FFAFF2245000F0A0FFAFF291
:100B10001C5000F09CFF0422754976482EF0B3F873
:100B2000B8B33888FCF757FE000A10D13888FCF7B4
:100B300052FE10F0FF0F0AD17888FCF74CFE000A35
:100B400005D17888FCF747FE10F0FF0F21D03888D8
:100B5000FCF741FE000AE0733888FCF73CFE207485
:100B60007888FCF738FE000A60747888FCF733FE5A
:100B7000A074E17B2F2021F04AFD217C302021F060
:100B800046FD617C312021F042FDA17C322021F024
:100B90003EFD5848042258490A302EF074F8B8B384
:100BA0003088FCF718FE000A10D13088FCF713FEDD
:100BB00010F0FF0F0AD17088FCF70DFE000A05D176
:100BC0007088FCF708FE10F0FF0F21D03088FCF78A
:100BD00002FE000A60763088FCF7FDFDA076708882
:100BE000FCF7F9FD000AE0767088FCF7F4FD207749
:100BF000617E332021F00BFDA17E342021F007FD22
:100C0000E17E352021F003FD217F362021F0FFFC1D
:100C10003848042239490E302EF035F8C8B32888F8
:100C2000FCF7D9FD000A10D12888FCF7D4FD10F09C
:100C3000FF0F0AD16888FCF7CEFD000A05D168884D
:100C4000FCF7C9FD10F0FF0F23D02888FCF7C3FD87
:100C5000000A60772888FCF7BEFDA0776888FCF75B
:100C6000BAFD000AE0776888FCF7B5FD84F820003B
:100C7000617F372021F0CBFCA17F382021F0C7FC19
:100C8000E17F392021F0C3FC94F820103A2021F0B4
:100C9000BEFCE07B217C627CA37C657EC5F1FF0508
:100CA0002843A57EC5F1FF052943E57EC5F1FF0573
:100CB0002A43247FC4F1FF04234341EA0024250290
:100CC00045EA14240E4D2C8043EA0224260246EA0B
:100CD00014246C80090401EB00600A4903EB022232
:100CE0001044C86203F08CFABDE8F041FEF78EBBF9
:100CF000BA00006061630460BE000060E000006054
:100D0000C20000602001006010B5F14901200870A8
:100D1000F0A000F09CFEF4A000F099FEBDE81040A9
:100D2000F5A000F094BE2DE9F0470C461646984613
:100D300000256060F4496423B1F9002092FBF3F1CF
:100D400049B292FBF3F703FB172252B200290DDAE6
:100D50004942CBB25142C9B24FF461625343C1EB35
:100D6000011103EB8101401A60600AE0CBB2D1B2FD
:100D70004FF461625343C1EB011103EB810108445D
:100D80006060DFF888A39AF8000070B1E048E1499C
:100D9000B0F807000988884207D3DF4909888842EC
:100DA00003D8606800F5616060606068DB4AB0FB92
:100DB000F2F102FB1101A160B0FBF2F7E7604FF422
:100DC0006162B1FBF2F0E075B1FBF2F002FB1011D1
:100DD000A4F819103C22B1FBF2F02076B1FBF2F03E
:100DE00002FB101984F81B9038462EF0F8F9CC4A13
:100DF000CC4B2EF066F92EF02CFA80B22082B8F19E
:100E0000000F19D000F2B27189B240F2B552B7FBAF
:100E1000F2F28A0714D06FF4B67202FB0072A2EBF2
:100E2000900212B2A4F81520491E890702D0521C64
:100E3000A4F81520BC4A2DE000F26C7189B2E4E7F9
:100E40006FF4B67101FB0071A1EB9001491C09B26E
:100E5000A4F81510B8F1000F02D1491CA4F8151020
:100E6000B14A0C3208E0133463882380535DC91AF9
:100E70006180133C6D1CEDB2B4F915100029F2DC51
:100E80000CE0133463882380535DC91A6180133CDE
:100E90006D1CEDB2B4F915100029F2DCA574B8F19F
:100EA000000F15D000F2B270208286F80090207EEC
:100EB0007070E07DB070E07CF070A07C7071207C80
:100EC000A0F5FA60B0719AF800007072BDE8F08782
:100ED00000F26C702082E8E72DE9F0418D4D002092
:100EE00028808D4C2080924B904A93F86210491EC6
:100EF00005E0165C2F883E442E80401CC0B2814223
:100F0000F7DC002093F86410491E05E0165C278882
:100F10003E442680401CC0B28142F7DC13F8630FC8
:100F200029880844288098782188084420807848B7
:100F3000807900F5FA60FAF7BEFA002805D0288813
:100F4000401C28802088401C2080BDE8F081FEB530
:100F500004460F4615461E460CF04CFFE11B01EB04
:100F6000C10100EB81006A4C6A4AB4F8071012888C
:100F700091420AD3684A1288914206D8A91BC1EB54
:100F80004112C2EB012100EB01100123604A6949C3
:100F9000FFF7C9FE002220786178CDE901020091B7
:100FA000A378E2786179A079FAF728FBFEBD10B545
:100FB0006049086046490C398860002A0DD1006AF2
:100FC0000EF00AFF0023524A5A49FFF7ACFE5A4975
:100FD000012008703E490420087010BD00B58DB096
:100FE0003021DB208DF8040000228DF8052004203C
:100FF0008DF80600FA208DF807008DF808200120F2
:101000008DF809008DF80A208DF80B208DF80C2042
:101010008DF80D000A2001AB02E01A54401CC0B24A
:101020008842FAD301A8FDF7D5FB0DB000BD38B555
:10103000274C0C3C6068002801D000228280080EFA
:10104000C1F3074242EA0020020242EA1020ADF852
:101050000000C1F307200A4660F31F22120260F36A
:101060001F2142EA1120ADF802004FF4F641684614
:10107000FCF7D5FC60600120207038BD70472F4818
:1010800090F8F010012902D011480078704790F8CC
:10109000EF0008B1002070470420704770B5284C5D
:1010A0002078000708D50A4D0C3D287820B1002093
:1010B000FFF794FF002028702078800707D521488B
:1010C0000022018820480068BDE870406FE770BDCD
:1010D0007401006074696D652E77696E646F777353
:1010E0002E636F6D0000000074696D652E6E69736C
:1010F000742E676F760000006E74702E736A7475BC
:101100002E6564752E636E009A03006065030060AF
:1011100010180060720200607402006080510100CB
:101120007B14AE47E1D376408E0E0408740E04089B
:1011300052630460A0BF0160E80300607ABF0260F0
:10114000AC000060B0000060C800006010B5002076
:101150006D4A012302EBC001CC7804B18B70401CB6
:10116000C0B26428F6D3694C94F82300401F0328CA
:1011700013D894F84D00012802D1022002F083FA1E
:1011800094F82A00092803D094F82800092804D1EB
:10119000BDE81040002002F076BA10BD10B501463F
:1011A0008A1E042A1DD2022906D0032909D0042947
:1011B0000CD005290FD011E0AFF2C40000F078FC8C
:1011C0000CE0AFF2DC0000F073FC07E0AFF2FC00D3
:1011D00000F06EFC02E04E4800F06AFC4D490068E9
:1011E000086010BD2DE9FE4F484ADFF82C9192F8B7
:1011F0004800022803D299F8F000012810D1474E88
:101200003068401C3060464FDFF81881002539787F
:1012100041B14549884203D93D7088F80050356096
:10122000BDE8FE8FFFF72BFF4FF0010A04280FD017
:1012300098F8000003285ED230681421B0FBF1F367
:1012400001FB13000028EBD199F8F000C0B34CE08B
:1012500089F8F1A099F8F00078B93448017842781B
:10126000CDE9011500928378C27841798079FAF747
:10127000C5F9FAF7BAF9FFF769FF0CF0BBFD2C4C82
:101280002060010EAE2021F0C2F92068C0F30741B2
:10129000AD2021F0BCF92088C0F30721AC2021F05B
:1012A000B6F92178AB2021F0B2F9206829F082FF4D
:1012B000C9F8CA0088F8005087F800A03560AFE789
:1012C000FFE792F84800FFF769FF1248C1780278FB
:1012D00041EA026142788078120442EA0020014328
:1012E0001448B0F90000FFF7A2FE98F80000401C77
:1012F00088F8000094E7032003F020FE88F80050EF
:1013000087F800A08CE7000071520460526304600B
:10131000BCBF0160A60300607ABF026008040060E1
:10132000ED030060EE030060004605001018006049
:101330008C0200609A0300600021EB4801700122DA
:101340004270817001717047E7480121817000216E
:1013500001707047E4498878012801D101224A7060
:1013600070472DE9F04100210020E04A02F5B076F7
:1013700005E0535C3354401C80B2491C89B23028CC
:1013800002D2535C002BF4D12F2802D90020BDE8F3
:10139000F0813A213154401C80B20021D34A2032DE
:1013A00005E0535C3354401C80B2491C89B230289C
:1013B00002D2535C002BF4D130280AD04FF0000C3D
:1013C00006F800C00020002200210023C84DC94FAC
:1013D00028E00020DBE7000220445B1C9BB2521C8B
:1013E000D2B2032A1ED10022840C15F804804C1CB2
:1013F000A4B207F80180C0F3053115F80180611C23
:1014000089B207F80480C0F3851415F804804C1CD9
:10141000A4B207F8018000F03F00611C285C89B28B
:1014200038550020402B02D2F456002CD3D13D2356
:10143000022A02D0012A16D027E00002820CAC5CFE
:101440004A1C92B27C54C0F305316C5C511C89B2C9
:10145000BC54C0F385102A5C481C80B27A54411CED
:1014600089B23B5411E00204900C2C5C481C80B201
:101470007C54C2F305316A5C411C89B23A54481C61
:1014800080B27B54411C89B23B5407F801C0012053
:101490007DE7F0B587B098490888ADF8180049880D
:1014A000ADF81A10904CC7B20A342770020A627065
:1014B000CBB2A370090AE1708B4D8C4EE878603690
:1014C000002804D0012821D002283DD053E0FFF7A6
:1014D00048FFC0B1E178A2786078CDE90121834A64
:1014E000009040322378854902F120002EF046FE1C
:1014F00080B2E88030447F4A81492EF03FFEE9887F
:101500000844E88037E0002007B0F0BDFFF729FF6E
:10151000C0B1E178A2786078CDE90121734A0090EA
:1015200040322378774902F120002EF027FE80B266
:10153000E88030446F4A74492EF020FEE988084460
:10154000E88018E00020DFE7CDE90172CDE9033142
:101550006648664A40300090A0F120036B49203075
:101560002EF00CFE80B2E880304469492EF006FE71
:10157000E9880844E880E078A178CDE900105D486A
:101580006378227863A140302EF0F8FD2881012095
:10159000BAE738B5544C624D2078296801280ED03E
:1015A0004FF4FA72022826D003282BD0042821D128
:1015B0006069081A90421DD9BDE83840C4E6594810
:1015C0000068020EC0F3074343EA0222130243EA13
:1015D0001222ADF80020C0F30722034662F31F2356
:1015E0001B0262F31F2043EA1020ADF80200022024
:1015F0002070616138BD6069081A9042FAD9BDE86F
:101600003840A1E6FFF745FF012128B104202070F2
:1016100028686061217138BDA17038BDF0B4049FA5
:10162000314E7478012C39D10024DFF8C0C00CF1A0
:10163000400C155D2DB10CF80450641CA4B2202C94
:10164000F7D30125202C23D00022DFF8A0C09C5C1A
:101650002CB10CF80240521C92B2202AF7D3202A57
:1016600018D00022214C2034BB5C23B1A354521C5F
:1016700092B2202AF8D3202A0ED03161F070357052
:1016800000217170B170032808D9B570F0BC7047A3
:10169000B570FBE7B570F9E7B570F7E7F0BC78E730
:1016A00011480078704770B51F4D0F4C287800071F
:1016B0000BD52078042808D1207930B10020207182
:1016C0000A48E1886030FDF785F82878410601D5A1
:1016D00003212170800704D52078042801D105203A
:1016E000207070BD704770477C010060DABF0160F8
:1016F000A60E04086AC10160BA000060F81D040863
:10170000CC1C0408841D0408281D04086C1E040851
:10171000881C040825752E25752E25752E25750027
:101720003000006098010060AC00006010B520211E
:1017300039482DF062FA3848202120302DF05DFA2A
:101740003548202140302DF058FABDE81040FFF711
:10175000F3BD08B501460020002906D0012908D0B4
:1017600002290AD003290CD00EE02CA000F0A0F929
:101770000AE02EA000F09CF906E030A000F098F9F5
:1017800002E032A000F094F9002811D00068009027
:101790009DF803009DF800109DF8022000EB016009
:1017A0009DF80110090401EB022108442B4948600F
:1017B00008BD10B5FFF7C0FD284C2078FFF7C9FF22
:1017C0000120607010BD38B5244C2078032821D04A
:1017D000617801291ED120B1012805D0022806D048
:1017E00007E01F49616004E01E49616001E01E4995
:1017F00061600949084B403100911C492033064A79
:10180000085C6168FFF70AFFFFF7A4FD012801D11A
:101810000020607038BD7047BAC101607777772EBD
:10182000333332322E6F7267000000007777772EE5
:1018300064796E646E732E636F6D00007777772E18
:101840006E6F2D69702E636F6D0000006E65776698
:1018500069726D776172652E636F6D00940100602F
:101860000FB0B87675F80DCC6EE01708E70E0408D7
:1018700010F8011B02E0401C491EC9B20029FAD130
:1018800001780029F4D1401C704770472DE9F047DA
:10189000A94D00262E70A94A4FF00108287800EBC8
:1018A000C00101EB401084182078012801D00228E3
:1018B00037D1022820D00220207084F80180A67041
:1018C0009F4FD7F80090C9F80060C9F80460C9F8C4
:1018D00008602878FBF77FFFA9F8000089F80280EC
:1018E0004FF48070A9F8040039680C31241D641C81
:1018F0000A46491C6E7022E06078401E10F0FF001E
:1019000060700ED1A078401CC0B2A0700A2802D02E
:10191000A0786070D4E7042020700021601DFFF7DC
:10192000B4FF2878401CC0B228700A28B6D3BDE89E
:10193000F08701F8010B6878401C6870641C2078FF
:101940002E2801D00028F4D1687810702078002863
:10195000CDD128690860287D08713868BDE8F04756
:10196000091A491DC9B2FCF735BF2DE9F041744F82
:101970003C682088FBF72FFF6F4EC0B2307100EB40
:10198000C0016E4A01EB40118D180A283DD228781B
:1019900002283AD103202870E07800F00F00287167
:1019A00030B1042028700021681DBDE8F0416CE7CB
:1019B000A088FBF710FFB070E088FBF70CFFF07019
:1019C00038680C30FFF754FF001D4FF4807719E0A2
:1019D0000178890901D0841C02E0FFF749FF044621
:1019E0002088B84206D16088B84203D12089B0F57A
:1019F000806F0CD02089FBF7EEFE20440A30F1788E
:101A0000491EF170F1780029E2D1BDE8F0816089CA
:101A1000A5F82500A089A5F8270005F12501681D76
:101A2000BDE8F04131E710B546480068C088B0F520
:101A3000545F0BD1444C2078000701D5FFF726FFF7
:101A40002078800702D5BDE810408EE710BD70B544
:101A50000146394D0020E871A8716871374B6879EB
:101A600000EBC00202EB4012D418227862B1E27897
:101A7000AE7AB21AAE79B24201DDAA71E871401CA9
:101A8000C0B268710A28EAD368790A2806D1E879D1
:101A9000687100EBC00202EB4010C418601D2DF00D
:101AA000FFF801202070A87AE070401CA87270BD79
:101AB0002DE9F0410746204D002028721F4E287A5C
:101AC00000EBC00101EB401084192078032804D1F9
:101AD000611D38462DF0BFF838B1287A401CC0B2DD
:101AE00028720A28EBD300208FE704F125008CE749
:101AF0001148C0680028FFD1704710B50E4CE1684E
:101B0000002901D000228A804FF45451FBF787FF4F
:101B1000E06010BD10B5084900234B72074A487AAF
:101B200000EBC00404EB40141355401CC0B24872D3
:101B30000A28F4D310BD0000A00100601AC20160A1
:101B4000C8000060D4000060AC00006010B504461E
:101B500017F00FFEFD4902280ED091F8230003284C
:101B600020D004281ED007281CD00C281AD0082802
:101B700018D0F748046010BD91F82300F5490328F8
:101B80000AD0042808D0072806D00C2804D00A2838
:101B900005D0C1F8AC4110BDC1F8AC4110BDEE4854
:101BA000046010BDED48046010BD38B5024608461B
:101BB000062A15D0052A1DD0E94C42B3092A36D091
:101BC000E84C012A43D0032A52D0E74C022A60D0C5
:101BD000042A71D00A2A7FD00B2A6CD0002038BD8D
:101BE000042801D3002038BDE04900EB4010084430
:101BF000153038BD082801D3002038BDC0EBC00027
:101C0000DB4900EB400001EB4000153038BD694670
:101C10000FF0B4FB9DF80000802801D3002038BDF0
:101C2000C0EBC00101EB40102044153038BD6946BF
:101C30000FF0B2FB9DF80000802801D3002038BDD2
:101C4000C0EBC00101EB40102044153038BD69469F
:101C50000FF0B0FB9DF80000402801D3002038BDF4
:101C6000C0EBC00101EB001004EB4000153038BDA3
:101C700069460FF0ADFB9DF80000402801D300201D
:101C800038BDC0EBC00101EB001004EB4000153083
:101C900038BD69460FF0AAFB9DF80000402801D32B
:101CA000002038BDC0EB001000EB40002044153090
:101CB00038BD01E010E014E069460FF0A5FB9DF887
:101CC0000000402801D30020F2E7C0EB001000EB39
:101CD000400020441530EBE708B1A6A0E8E7A8A033
:101CE000E6E708B1A3A0E3E7A9A0E1E738B502461B
:101CF0000846052A15D0062A1FD0994C32B3092A66
:101D000033D0984C012A3FD0032A4DD0964C022A5A
:101D10005AD0042A67D00B2A76D00A2A79D000201C
:101D2000C6E7082801D30020C2E7C0EBC0009049F5
:101D300000EB400001EB4000BAE7042801D300208B
:101D4000B6E78A4900EB40100844B1E769460FF056
:101D500015FB9DF80000802801D30020A8E7C0EB08
:101D6000C00101EB40102044A2E769460FF014FBCC
:101D70009DF80000802801D3002099E7C0EBC00146
:101D800001EB4010204493E769460FF013FB9DF8E8
:101D90000000402801D300208AE7C0EBC00101EB1E
:101DA000001004EB400083E769460FF011FB9DF83B
:101DB0000000402801D300207AE7C0EBC00101EB0E
:101DC000001004EB400073E769460FF00FFB9DF82D
:101DD0000000402801D300206AE7C0EB001000EBB0
:101DE0004000204464E769460FF00EFB9DF80000B8
:101DF000402801D300205BE7C0EB001000EB40005F
:101E0000204455E700E004E008B15AA050E763A081
:101E10004EE708B157A04BE759A049E708B50A4675
:101E2000002809D001286BD0022873D0042872D072
:101E3000032871D0002008BD694610460FF09EFAB5
:101E40009DF80000802801D3002008BDC0EBC00130
:101E500001EB40114248014491F8260040B391F84B
:101E6000231039B3012827D0022827D00B2827D0E8
:101E70000C2827D00D2827D00E2827D0102827D0AF
:101E8000112827D0122827D0132827D0042827D09C
:101E9000052827D0082827D0092827D0072827D0A9
:101EA000172827D0182827D0162827D05F2008BD4C
:101EB0005F2008BD5F2008BD3E2008BD402008BD52
:101EC000052008BD062008BD032008BD022008BD6E
:101ED000492008BD482008BD472008BD462008BD50
:101EE000352008BD362008BD2F2008BD302008BD94
:101EF000242008BD1D2008BD602008BD622008BD4B
:101F0000694610460FF056FA9DF80000402804D3A9
:101F1000002008BD59E07BE080E0C0EBC00101EB90
:101F20000011104800EB410090F82810F1B390F830
:101F30002D00032841D007283FD004283FD008288F
:101F40003DD00D283DD013283DD030E052630460D1
:101F5000880122420000234280012142A0812242C6
:101F6000BECF0260E5240560A5300560A83B036094
:101F700098330360726573657276656400000000D3
:101F800070616E656C206E756D6265720000000098
:101F900046414E204D4F44450000000046414E2032
:101FA0004D4F4445205459504500000003E00B2894
:101FB00009D05F20ADE75F20ABE73E20A9E74020D6
:101FC000A7E70220A5E70520A3E7694610460FF022
:101FD0000DFA9DF80000C0EB001000EB4001F8483E
:101FE000084490F9280058B101280BD002280BD0E2
:101FF000052809D0042807D0062807D05F2088E7E5
:102000005F2086E7052084E7622082E7022080E7E0
:10201000402A01D300207CE75F207AE7402A01D3E1
:10202000002076E75F2074E738B502460846E44CA6
:10203000022A0BD0042A16D0052A21D0062A2CD039
:10204000E04C72B3092A44D0002031E669460FF013
:10205000CDF99DF80000C0EB001000EB40002044DB
:1020600090F8260024E669460FF0CEF99DF80000AE
:10207000C0EB001000EB4000204490F8260017E66B
:10208000082801D3002013E6C0EBC000CE4900EBC6
:10209000400001EB4000C07F0AE6042802D3002084
:1020A00006E605E0C94900EB40100844C07FFFE5A3
:1020B00069460FF063F99DF80000802801D30020E5
:1020C000F6E5C0EBC00101EB4010204490F822007F
:1020D000EEE569460FF060F99DF80000802801D315
:1020E0000020E5E5C0EBC00101EB4010204490F872
:1020F0002200DDE52DE9F84F0C461546B44FDFF818
:10210000C4B2DFF8D0A2DFF8D092DFF8D082AC4EB4
:102110000B287CD2DFE800F0066B8059FCFBFA7BD1
:102120007B26F900694628460FF028F99DF8000043
:10213000C0EBC00101EB4010584490F8261019B1D3
:1021400090F82310012902D00020BDE8F88FD0F8C4
:102150001E0029F02FF82DF023F8BDE8F84FA04914
:102160002CF065BF694628460FF016F99DF800006F
:10217000C0EBC00101EB4010584490F8261011B19B
:1021800090F823200AB10020DFE7A1F10C020A2A0F
:102190000FD91739072906D801EBC10202EB01114B
:1021A000795C012905D090F8240001280AD000208C
:1021B000CBE790F82400012802D04FF07E50C4E70E
:1021C0000020C2E74FF07E50BFE7694628460FF077
:1021D000FFF89DF80000C0EBC00101EB00110AEB15
:1021E000410191F82D20E2B391F8280028B3694607
:1021F00028460FF0DFF89DF80000C0EBC00101EBAE
:1022000000110AEB410191F82D205AB300E043E19F
:1022100091F82800012839D0694628460FF0E6F8E1
:10222000704801787048007808449DF80010884292
:102230004ED80F2C3CD0484687E7A2F10C000A2864
:1022400011D9173A072A06D802EBC20000EB021098
:10225000385C012807D091F8260001280CD0002016
:1022600073E70CE01DE091F82600012802D04FF042
:102270007E506AE7002068E74FF07E5065E75B49D3
:1022800031F81000BDE8F84F2CF093BFD1F81E00D4
:1022900028F090FF2CF084FFBDE8F84F50492CF057
:1022A000C6BE524931F81000BDE8F84F2CF081BF8E
:1022B000C1EB011000EB40003044D0F81E0028F0C4
:1022C00079FF2CF06DFFBDE8F84F45492CF0AFBE0B
:1022D00008EB811050F8242048468242ACD0C1EB74
:1022E000011000EB4000304490F82310D9B10CF0FD
:1022F00013FA9DF80050A84210D808EB8510384911
:1023000050F824002CF061FE03E0BEE0B0E09FE056
:102310002DE02CF08AFF364921F8150008EB8510D6
:1023200050F8240011E712F0FF4F01D0012100E026
:10233000002190F92800A0F10C020A2A0DD91738C3
:10234000072806D800EBC00202EB0010385C012819
:1023500003D0012908D00020F7E6012902D04FF070
:102360007E50F2E60020F0E64FF07E50EDE6694642
:1023700028460FF049F81B4801781B4800780144B3
:102380009DF80000814212D80F2C01D04846DCE6AF
:10239000C0EB001000EB40003044D0F81E0008B144
:1023A000012000E00020BDE8F84F2CF002BF08EB50
:1023B000801151F8241049451CD14846C5E600005B
:1023C000A5300560BECF026098330360A83B036070
:1023D00026CB0260E524056000007F43946403601F
:1023E00000007A449D0200609E0200607AB702609D
:1023F0007AB80260C0EB001000EB4000304490F867
:1024000023200AB10846A0E611F0FF4F01D00121B8
:1024100000E0002190F92800A0F10C020A2A0DD951
:102420001738072806D800EBC00202EB0010385C12
:10243000012803D0012908D0002086E6012902D016
:102440004FF07E5081E600207FE64FF07E507CE624
:10245000C5EBC500FF4900EB400001EB4000807F69
:1024600008B1012000E00020BDE8F84F2CF0A1BE2B
:10247000F94905EB45100844807F08B1012000E0D0
:102480000020BDE8F84F2CF094BE0DB9F348007859
:10249000BDE8F84F2CF08DBE002056E6F04870479E
:1024A000F04B00EBC00003EBC00000EBC100805C10
:1024B000704730B5ADF5197D01EBC104EA4901EB78
:1024C000041101EB021101EB43056D788DF800500A
:1024D00011F813108DF8011000218DF802108DF8FD
:1024E0000310E04901EBC40101EBC201C95CCDF866
:1024F000071009218DF8061040F2622269462CF07F
:1025000063FB0DF5197D30BD10B503460020002298
:10251000D44C03EBC30304EBC30303EBC1018B5C9B
:10252000FF2B01D0401CC0B2521CD2B2082AF6D3F5
:1025300010BD2DE9F043CD4B01241C70CC4B1C7415
:102540001C760023DFF81CC300EBC006C64F0CEB63
:10255000C60000EBC10007EB0616FF2506EB0111D4
:102560004AB901EB4306767816B911F8136036B113
:1025700024EA0306C654C65CFF2E02D00BE0C55405
:10258000F9E701EB4306767816B911F81360BEB18E
:1025900024EA0306C6545B1CDBB2082BE0D30023FD
:1025A000C25CFF2A46D001EB430811F8134098F8AB
:1025B0000120C2EB021204EB82045A1CD2B237E0B3
:1025C0000BB1C554E7E7CE780EB98E780EB1047022
:1025D000E1E70570DFE710F802C0BCF1FF0F25D07E
:1025E00001EB420711F812607D78C5EB051506EB8B
:1025F0008506B4421AD9254634463C26B4FBF6F982
:1026000088F80190B4FBF6F906FB194901F813901C
:10261000B5FBF6F987F80190B5FBF6F706FB175501
:1026200001F81250C55C00F803C08554521CD2B2A8
:10263000082AD0D35B1CDBB2082BB1D3BDE8F083F2
:1026400030B500250024012221462846FFF771FFFE
:10265000641CE4B2092CF6D36D1CEDB2082DF1D345
:1026600030BD00207047F0B500220021C0EBC00350
:1026700003EB00107F4B012703EB40060020755C45
:1026800007FA00F4254201D0521C92B2401C80B2DD
:102690000828F5D3491C89B22E29EFD3D0B2F0BD5A
:1026A000C0EBC00101EB0010724901EB40002E218C
:1026B0002CF0A3BA70B5421C93B26F4E6F4DB27935
:1026C000920708D01C226A700022AC5C9C4205D2A2
:1026D0001B1B9BB206E01D226A70F5E7521C8A7034
:1026E000CB700C22521C92B20C2AEED3B6F8072003
:1026F0000723824209D9101A90FBF3F203FB120060
:102700003279101AC01D80B207E0801A90FBF3F2F4
:1027100003FB12003279104480B2B0FBF3F203FBEA
:102720001200401C0871B07900F5FA60088070BD95
:102730002DE9FC478246914600260025C1EBC100E9
:1027400000EB01104B494FF0010801EB400700245A
:10275000785D08FA04F108420AD0B14506D104EBCD
:10276000C500401E80B26946FFF7A4FF761CB6B2D2
:10277000641CA4B2082CEBD36D1CADB22E2DE6D395
:102780000098CAF800009DF804008AF80400BDE82B
:10279000FC872DE9F8431C46344901250D70344F60
:1027A000002601281ED0DFF8D88002286CD004282B
:1027B00016D1694610460EF027FE9DF800104029FC
:1027C0000ED23D70C1EB011000EB4000404480F898
:1027D00023605F2C7DD080F8285001220EF022FE6D
:1027E000BDE8F883694610460EF0E4FD9DF8000050
:1027F0004028F5D223495F2C07D1C0EBC00202EB81
:10280000001201EB420282F82D603E2C08D1C0EB91
:10281000C00303EB001301EB4303032283F82D20D5
:10282000402C08D1C0EBC00303EB001301EB4303C2
:10283000042283F82D20032C2AD1C0EBC00202EB26
:1028400000120D2301EB420223329372137803F03E
:102850000F031AE098330360A83B0360670200602F
:102860004495036068390360E8340360DE03006068
:1028700044CC03602C3C036010180060EEBA026088
:10288000A5300560E524056034E043F010031370C3
:10289000052C10D1C0EBC00202EB001201EB42028A
:1028A00002F123024FF013039372137803F00F0326
:1028B00043F03003137010D0032C0ED0C0EBC002D5
:1028C00002EB001201EB420212F8233F03F00F0368
:1028D00000E00CE043F0400313707D70C0EBC002D9
:1028E00002EB001001EB40000EF047FE78E780F8A5
:1028F000286072E7694610460EF078FD9DF80010DA
:102900004029F3D23D70C1EB011000EB4000404480
:1029100080F823505F2C05D080F8285001220EF05B
:1029200081FD5DE780F82860F8E72DE9F84301466E
:1029300010461C46FE4A01251570FE4EFE4FDFF87C
:10294000FC93DFF8FC830A291CD2DFE801F0610563
:102950004A1C3387971B1B7469460EF02BFD9DF8AC
:10296000000040280ED27570C0EBC00101EB0010D2
:1029700007EB40002168C0F815106168C0F8191015
:102980000EF0FBFD2CE769460EF022FD9DF80000DD
:102990004028F7D27570C0EBC00101EB001007EBC7
:1029A00040002168C0F815106168C0F819100EF0D9
:1029B000E4FD15E769460EF027FD9DF8001040295B
:1029C000E0D23570C1EB011000EB400048442268B2
:1029D000C0F815206268C0F8192001220EF022FD0F
:1029E000FEE669460EF002FD9DF800104029C9D2AE
:1029F0003570C1EB011000EB400048442268C0F87C
:102A000015206268C0F8192001220EF00BFDE7E6E0
:102A100069460EF0B3FC9DF800008028B2D2B57074
:102A2000C0EBC00101EB40104044216840F8151F85
:102A300061684160D4E669460EF0AEFC9DF8000086
:102A400080289FD2B570C0EBC00101EB401040441C
:102A5000216840F8151F61684160C1E6082891D2DD
:102A60003571C0EBC000B74900EB400001EB4000FE
:102A7000216840F8151F61684160B1E6042898D2CA
:102A80007571B14900EB40100844216840F8151FEA
:102A900061684160A4E62DE9F84F0E4615461C46D4
:102AA000A34901270F70DFF88C92DFF8A0A2DFF8AE
:102AB000A0B2DFF8A0820B2844D2DFE800F0069134
:102AC000FCC9FBFAF9434344F800694628460EF076
:102AD00055FC9DF80000802834D2C0EBC001984D11
:102AE00001EB4010284490F82310012917D190F8E9
:102AF000261011B9032180F82610974920462CF0A2
:102B000064FA2CF079FB28F055FB01469DF8000093
:102B1000C0EBC00202EB40102844C0F81E1089F838
:102B200002708D4920462CF050FA2CF065FB28F0FD
:102B300041FB9DF80010C1EBC10202EB4111294499
:102B4000C1F81E0008E4694628460EF025FC9DF8F1
:102B500000008028F6D2C0EBC001794D01EB401097
:102B6000284490F8231091BB90F8261009B980F8FA
:102B70002670794920462CF028FA2CF03DFB28F0ED
:102B800019FB02469DF80000C0EBC00101EB4010AC
:102B90004119C1F81E2091F82600A0F10C020A2A62
:102BA0000FD91738072807D800EBC00202EB001234
:102BB0006A48805C012804D014F0FF4F0AD001203D
:102BC00009E014F0FF4F03D0002081F8240004E056
:102BD0000120FAE7002081F8240089F8027012E44D
:102BE000694628460EF0E6FB9DF800004028F6D224
:102BF00089F80170C0EBC0014F4D01EB001005EBEF
:102C0000400090F82810012917D190F82D1011B923
:102C1000032180F82D10504920462CF0D6F92CF0D5
:102C2000EBFA28F0C7FA9DF80010C1EBC10202EBE5
:102C3000011105EB4101C1F81E009DF80000C0EB39
:102C4000C00101EB001005EB40000EF096FC24E4FF
:102C5000694628460EF0BCFB9DF800004028F6D2DD
:102C600089F80170C0EBC001334D01EB001005EB9A
:102C7000400090F8281019B190F82D10A1B344E04D
:102C800090F82D1009B980F82D70334920462CF0AA
:102C90009CF92CF0B1FA28F08DFA02469DF800005C
:102CA000C0EBC00101EB001005EB400104E0D7E1EF
:102CB000C6E1B1E15FE036E1C1F81E2091F82D00D8
:102CC000A0F10C020A2A10D91738072807D800EB00
:102CD000C00202EB00122148805C012805D014F0EC
:102CE000FF4F0BD001200AE00CE014F0FF4F03D09F
:102CF000002081F826001AE00120FAE7002081F880
:102D0000260014E0032180F82D10134920462CF0F2
:102D10005CF92CF071FA28F04DFA9DF80010C1EB27
:102D2000C10202EB011105EB4101C1F81E0017E0E1
:102D3000DE03006044CC0360E5240560A530056037
:102D4000BECF026098330360A83B03609D02006021
:102D50009E0200609464036000007A4426CB026007
:102D60009DF80000C0EBC00101EB001005EB400036
:102D70000EF003FCE6E6694628460EF045FB9DF89A
:102D80000050402DF6D2012089F80000FE4FBC42D1
:102D900004D108EB851040F8267095E0C5EB0510CE
:102DA000DFF8E89300EB400000EB090191F92800FF
:102DB000A0F10C020A2A16D91738072807D800EB09
:102DC000C00202EB0012F248805C01280BD09AF896
:102DD00000009BF800201044A8425CD914F0FF4F7B
:102DE00041D0012040E09AF800009BF800201044F8
:102DF000A8421CD914F0FF4F15D000202CF0D9F9AF
:102E000008EB851141F82600284623F07AFC60B1D2
:102E100000209DF80010C1EB011101EB4101494474
:102E200081F8250050E00120E8E70120F1E704F0F7
:102E3000FF40002807D04FF0000081F8250005D1A1
:102E40004FF0010004E04FF00100F6E74FF0000002
:102E50002CF0AFF9014608EB8510C1630F2E33D07B
:102E600040F8267030E000202CF0A3F908EB851123
:102E700041F82600284623F044FC08B1012000E078
:102E800000209DF80010C1EB011101EB4101494404
:102E900081F8250018E014F0FF4F01D0012000E078
:102EA000002081F825000F2E03D008EB851040F894
:102EB000267014F0FF4F01D0012000E000202CF01C
:102EC00078F908EB8511C8639DF80000AF4CC0EBA2
:102ED000001101EB41012144002281F8232003F07D
:102EE00020FA02F0BCFD9AF800009BF8001008449C
:102EF0009DF80010884207D8C1EB011000EB40009C
:102F00002044012280F82220C1EB011000EB400098
:102F1000204490F8282012B9012280F828200022AD
:102F20000EF080FA0EE6694628460EF05FFA9DF82C
:102F300000004028F6D289F80070C0EB0011934DD4
:102F400001EB4101294491F828200AB981F8287041
:102F500081F823709BF800109AF8002011448142F8
:102F60001BD908EB801141F8264021F03CFF89492C
:102F70002CF02BF82CF040F928F01CF99DF800906B
:102F8000C9EB091101EB41012944C1F81E002CF0E5
:102F900007F90146484602F066FD9AF800009BF8E2
:102FA000001001449DF80000814228D8C0EB0011B8
:102FB00001EB4101294481F8227008EB8010C463C1
:102FC0000F2E02D0704940F82610724920462BF08F
:102FD000FCFF2CF011F9044628F0ECF89DF80010E5
:102FE000C1EB011101EB41012944C1F81E0020464B
:102FF00028F0E0F868499DF8002021F8120002F05E
:103000002EFD9DF800100022C1EB011000EB4000E6
:1030100028440EF007FA95E589F804705D492046CA
:103020002BF0D3FF2CF0E8F828F0C4F80146C5EBEC
:10303000C5005A4A00EB400002EB4000817781E571
:1030400089F80570534920462BF0BFFF2CF0D4F8C7
:1030500028F0B0F8524A05EB45111144887771E524
:10306000504E012D14D0022D1ED0032D29D0052D38
:10307000D1D14D4D688E401C688620462CF0D5F885
:1030800081B2A98686F86600EA201FF0C0FA59E5E9
:1030900020462CF0CAF8C1B286F85910C7201FF09C
:1030A000B6FA02F0DCFC4DE520462CF0BEF886F8BE
:1030B0004F0081B2D6201FF0AAFA3C4900200870C8
:1030C00040E520462CF0B1F886F85A0081B2E020A5
:1030D0001FF09DFA36E52DE9F84F04468A4616465C
:1030E000334801250570DFF8A490DFF8C88077B277
:1030F000042C11D188F80050694650460EF084F92E
:103100009DF80010C1EB011000EB4000484480F82E
:10311000227001220EF086F9022C11D188F800509D
:10312000694650460EF062F99DF80010C1EB01109F
:1031300000EB4000484480F8227001220EF072F942
:103140001D4F092C0ED188F80250694650460EF0EA
:1031500023F99DF80000C0EBC00101EB401038449A
:1031600080F82260002C0ED188F802506946504643
:103170000EF004F99DF80000C0EBC00101EB401017
:10318000384480F82260DDE400007F43A53005600C
:1031900026CB026000007A447AB80260983303605C
:1031A000A83B036052630460207204606E020060FA
:1031B000DE03006044CC0360BECF02602DE9F8431B
:1031C000014610461E46FA4A01241470F94DFA4F82
:1031D000DFF8E893DFF8E8830A2922D2DFE801F07C
:1031E00077055B223F9BAA21218969460EF0E2F810
:1031F0009DF80000802814D26C70C0EBC00101EB78
:10320000001007EB4000152231462BF0DDFC9DF845
:103210000000C0EBC00101EB001007EB40000EF016
:10322000ACF907E469460EF0D3F89DF80000802859
:10323000F7D26C70C0EBC00101EB001007EB40004F
:10324000152231462BF0C0FC9DF80000C0EBC001F8
:1032500001EB001007EB40000EF08FF90DE469461A
:103260000EF0D2F89DF800004028F7D22C70C0EB89
:10327000001000EB40004844132231462BF0A4FC20
:103280009DF800100122C1EB011000EB4000484402
:103290000EF0C8F8C5E769460EF0A8F89DF80000E2
:1032A0004028BED22C70C0EB001000EB4000484418
:1032B000132231462BF088FC9DF800100122C1EB4F
:1032C000011000EB400048440EF0ACF8A9E7694655
:1032D0000EF054F89DF800008028A2D2AC70C0EB2C
:1032E000C00101EB40104044152231462BF06CFC2C
:1032F00097E769460EF050F89DF80000802890D2BC
:10330000AC70C0EBC00101EB4010404415223146C7
:103310002BF05AFC85E7082883D22C71C0EBC00043
:10332000A84900EB400001EB4000152231462BF08C
:103330004BFC76E70428ADD26C71A34900EB40103A
:103340000844152231462BF03FFC6AE7984B0122D6
:103350001A70984B1A76014614229C482BF034BC04
:1033600070B500229B4D00EBC000994E05EBC005E7
:10337000002306EB0010FF2405EBC10500EB011054
:1033800000EB42014B7000F81230AC54521CD2B228
:10339000082AF5D370BDF0B5DDE90556844F012448
:1033A0003C70844F3C748A4C00EBC00004EB00146A
:1033B00004EB011404EB42077B7004F81250854BB8
:1033C00003EBC00000EBC1008654F0BD77B578492F
:1033D00001250D7077494D747F49BDF80430897916
:1033E00001F5FA62934229D17C4B890709D01C214F
:1033F000597000229DF80640641E0B2C0BD800214A
:1034000007E01D215970F4E75E5C324492B2491C1A
:10341000C9B28C42F8DC9DF80710114489B2C0EBA8
:10342000C00202EB00126E4800EB420000EBD1003C
:1034300001F0070102788D402A4302707EBD10B56D
:10344000684840F2E53400880146FF2846D00CDC8D
:10345000022827D004DC002840D0012811D112E036
:1034600003282DD094280CD138E0A0F54070E53821
:1034700018D00A2807D0D12822D0A0F57C401A38CD
:103480002CD0084610BD5748142257A1801C2BF0A1
:103490009BFB5448142258A116302BF095FB40F2A8
:1034A000EF3010BD4F48142255A1801C2BF08CFB2F
:1034B0004C48142255A116302BF086FB204610BD37
:1034C0004848142254A1801C2BF07EFB454814224E
:1034D00056A116302BF078FB204610BD414814222F
:1034E00055A1801C2BF070FB3E48142256A11630CB
:1034F0002BF06AFB942010BD3A48801C7047394875
:103500001630704710B52B4B01225A7601463548CC
:103510001422801C2BF058FBBDE810400BF0F4BBCC
:1035200010B5244B01225A7601462E48142216303B
:103530002BF04AFBBDE810400BF0E6BB10B504468B
:10354000E1B2AF20F7F73DF8210AE120F7F739F8AB
:10355000002C0BD0FF2C09D0A4F57F40FF3805D0FC
:10356000012C03D0022C01D01E48048010BD1A4942
:10357000487270471848407A002800D001207047F0
:10358000354902680A6002790A71134AC378D37018
:10359000837853710379137100783C38C0B290710D
:1035A00000F5FA6008802D4901200870704700007E
:1035B000DE03006044CC0360E5240560A5300560AF
:1035C000BECF026098330360A83B0360449503605C
:1035D000E83403606839036010180060EEBA0260D6
:1035E0002C3C0360B60100604E4554495820436F9F
:1035F0006E74726F6C7300004E4343420000000013
:103600004A6574436F6E74726F6C73004A65742000
:1036100050726F64756374004E6577726F6E2053DD
:103620006F6C7574696F6E73000000004E65777281
:103630006F4E6F646500000054656D636F436F6E7D
:1036400074726F6C7300000054656D636F2050726C
:103650006F6475637400000094020060E80300600A
:10366000FE4902680A60FE4902788A7042784A7010
:1036700080780870FB490120087097E7FA48B0F994
:10368000000093E792E70EB5F8490A6801920979BC
:103690008DF80810F1490968009102280DD1F44A0B
:1036A00001211170F34A00211170F34A05211170B4
:1036B0000246694601A827F001FD0EBD70B503461C
:1036C0000C461046ED4A01211170ED4A5176ED4944
:1036D000ED4E042B09780FD0022B66D10C4446F82E
:1036E00024002BF0A2FDE94921F81400E0B2BDE866
:1036F0007040002102F009BA8C4256D246F82400EC
:10370000C4EB041101EB4102E149551895F823106F
:10371000A1BB95F92810A1F10C020A2A0FD917397B
:10372000072907D801EBC10202EB0111D94A515C0C
:10373000012904D010F0FF4F15D0012014E010F043
:10374000FF4F0CD000202BF034FD46F8240020461B
:1037500022F0D7FF28B1002085F8250012E00120D3
:10376000F1E70120F8E700202BF023FD46F82400C4
:10377000204622F0C6FF10B1012001E00FE000203A
:1037800085F8250095F8250028B14FF47A71204678
:103790000AF0D6FE03E0002120460AF0D1FE2046C2
:1037A000BDE87040002102F0B0B970BDB54AB64B1B
:1037B0000428127803D0881853F82000F6E69142C6
:1037C000FCD253F82100F1E630B5002100220020A0
:1037D000B14B1B7813E0C0EBC004B04D04EB0014F8
:1037E00005EB440494F82840012C0FD0AC4CA054B5
:1037F00004F500742254521CD2B2401CC0B298424C
:10380000E9D3A8480170A848027030BDA44C403CE0
:10381000605404F500742154491CC9B2EDE730B579
:10382000002100220020A14B1C7813E0C0EB001304
:10383000974D03EB43032B4493F82330012B10D017
:10384000974B8033985403F500731A54521CD2B22C
:10385000401CC0B2A042E9D395480170954802705F
:1038600030BD8F4B4033585403F500731954491C35
:10387000C9B2EDE770B50021002200208E4DC0EBEB
:10388000C00303EB40132B4493F826405CB193F83C
:103890002360012E07D1824EC036705406F50076A3
:1038A0003154491CC9B24CB193F8233033B9834B1E
:1038B000985403F500731A54521CD2B2401CC0B283
:1038C0008028DCD37E4801707E48027070BDF0B560
:1038D00002460020704B754C704F1B786C4E24785C
:1038E000754D062A7ED2DFE802F0033F53182C699B
:1038F00000220FE0C2EBC20404EB021407EB440405
:1039000094F82840012C03D18A426DD0401CC0B2EB
:10391000521CD2B29A42EDD364E000220EE0C2EB18
:10392000C20404EB021407EB440494F828401CB9C9
:103930008A4259D0401CC0B2521CD2B29A42EED335
:1039400050E000220DE0C2EB021303EB43033344CB
:1039500093F823301BB98A4246D0401CC0B2521C97
:10396000D2B2A242EFD33DE000220EE0C2EB02133E
:1039700003EB4303334493F82330012B03D18A42F2
:1039800032D0401CC0B2521CD2B2A242EED329E0C7
:103990000022C2EBC20303EB42132B4493F82640F0
:1039A0003CB193F82330012B03D18A421CD0401C38
:1039B000C0B2521CD2B2802AEBD313E00022C2EB79
:1039C000C20303EB42132B4493F8264034B193F81F
:1039D00023301BB98A4207D0401CC0B2521CD2B25D
:1039E000402AECD34FF0FF30F0BDF0B500222A4B57
:1039F0002E4C2A4F1B78264E24782F4D062818D29D
:103A0000DFE800F003758A1862A000200FE0C0EB29
:103A1000C00404EB001407EB440494F82840012C84
:103A200003D18A4277D0521CD2B2401CC0B2984215
:103A3000EDD39BE000200EE0C0EBC00404EB0014CB
:103A400007EB440494F828401CB98A4263D0521C06
:103A5000D2B2401CC0B29842EED387E09902006017
:103A600010180060E80300609A0300609402006090
:103A7000020300600B03006005030060DE030060CA
:103A800044CC03609D02006014C603607AB80260F3
:103A9000A530056026CB0260E9020060E5240560E0
:103AA000F4C30160BC040060F9040060EA02006035
:103AB000BD040060FB040060BECF026034C501603D
:103AC000BE040060FA04006000200DE0C0EB0013AB
:103AD00003EB4303334493F823301BB98A4247D0A6
:103AE000521CD2B2401CC0B2A042EFD33EE0002034
:103AF0000EE0C0EB001303EB4303334493F8233091
:103B0000012B03D18A4233D0521CD2B2401CC0B226
:103B1000A042EED32AE02BE00020C0EBC00303EB71
:103B200040132B4493F826403CB193F82330012BEB
:103B300003D18A421CD0521CD2B2401CC0B2802891
:103B4000EBD313E00020C0EBC00303EB40132B4486
:103B500093F8264034B193F823301BB98A4207D03A
:103B6000521CD2B2401CC0B28028ECD34FF0FF30C0
:103B7000F0BDFE49085C40280FD2C0EBC00101EB4C
:103B80000010FB4901EB400090F82D00401E0A2870
:103B900001D800200AE5012008E5002006E510B55F
:103BA000002240281DD2401EF14BC0EBC00404EBA4
:103BB000001003EB400049B190F82D104B1E0A2B6A
:103BC0000FD80B3180F82D10012010BD90F82D106A
:103BD000A1F10C030A2B04D80B3980F82D10012019
:103BE00010BD104610BDE1498031085C40280ED25E
:103BF000C0EB0010DF4900EB4000084490F92800BA
:103C0000401E0A2801D80020D0E40120CEE4002084
:103C1000CCE4002240281CD2401ED64BC0EB001042
:103C200000EB4000184449B190F928104B1E0A2BB4
:103C30000FD80B3180F828100120B7E490F9281034
:103C4000A1F10C030A2B04D80B3980F828100120AD
:103C5000ACE41046AAE4C849085C80280ED2C0EB48
:103C6000C00101EB4010C549084490F82600401EF1
:103C70000A2801D8002099E4012097E4002095E467
:103C800010B5002280281CD2401EBC4BC0EBC004E3
:103C900004EB4010184449B190F826104B1E0A2B33
:103CA0000FD80B3180F82610012010BD90F8261097
:103CB000A1F10C030A2B04D80B3980F8261001203F
:103CC00010BD104610BD2DE9F04100250024C0EBC9
:103CD000C00101EB0010AA4901EBC007C4EBC4000E
:103CE00000EB041038440646401C2AF0ADFF38B102
:103CF000701C2AF0A9FF142802D86D1CEDB200E058
:103D00000824641CE4B2082CE8D39C48C0F82A5369
:103D10002846BDE8F08110B5C0EBC00202EB0012EE
:103D2000974800EBC200C1EBC10202EB011144183D
:103D3000601C2AF089FF002805D0601C2AF084FF4F
:103D4000142800D8601C10BD30E48B498031085C19
:103D5000C0EBC00101EB0012854901EB4201894A29
:103D6000D1F81E1052F82030994203D042F82010AA
:103D700001201BE4002019E410B501460020824A0E
:103D8000515CC1EBC10202EB41137C4A1A447F4BE8
:103D9000D2F81E2053F82140A24202D043F821203D
:103DA000012010BD10B50446A1B2A3201EF02FFCC7
:103DB000C4F30721A4201EF02AFCC4F30741A52068
:103DC0001EF025FC210EBDE81040A6201EF01FBCF1
:103DD00070B56F4C02256F4E94F82800092806D163
:103DE00084F8285086F82650002010F0E5FE94F85C
:103DF0002A00092808D184F82A5086F82850BDE8FE
:103E00007040022010F0D8BE70BD634800780128D1
:103E10000BD162483C210088B0FBF1F000F07F003C
:103E20008030C1B2E920F6F7CCBB26E470B50020A3
:103E30001EF04DFC56491D2028311EF0D9FB544D73
:103E4000544C283526342878207002201EF03FFC80
:103E5000A91C1F201EF0CCFBA878A07070BD10B567
:103E60004D4A1078002804D04C49088810B1401EF3
:103E7000088010BD0020107008800021E9201EF08D
:103E8000C6FBBDE81040D1E701469D201EF0BFBB38
:103E900000B585B0042802D041A005B000BD1421B2
:103EA00068462AF0AAFE3B48FE3042780078694610
:103EB000012A03D0022A0BD03BA0EEE73CA21288D5
:103EC000ADF800200A22891C1FF010FD6846E4E7C7
:103ED00038A21288ADF8002052228DF802200A2262
:103EE000C91C1FF003FD6846D7E72DE9F0470428F9
:103EF00002D00020BDE8F087264E0878244BDFF87A
:103F0000B8C0B6F8014196F8035101276FF02F08A9
:103F1000492804D191F80190B9F14E0F02D05628EA
:103F20004FD079E086F8FF708878303809280CD8AF
:103F3000C978A1F13009B9F1090F06D800EB80006A
:103F400008EB40000844C2B202E0092800D8C2B21F
:103F50000AB186F8FE200F48D0F8FD0043F85B0F49
:103F60009C809D718CF8197028E00000F4C30160FA
:103F7000E5240560A530056034C50160BECF026050
:103F8000A4C10360B4C70160B4C60160B4C80160D5
:103F9000526304607ABF0260E9030060FE030060C0
:103FA0006572726F720000006E756C6C000000002C
:103FB000494E00005641520044CC03600AF0A4FE72
:103FC0002AE04878412827D18878522824D1022035
:103FD00086F8FF00C878303809280CD80979A1F193
:103FE0003009B9F1090F06D800EB800008EB40005A
:103FF0000844C2B202E0092800D8C2B20AB186F869
:10400000FE206D48D0F8FD0043F85B0F9C809D7149
:104010008CF819700AF078FE01206BE7F0B5ADF26C
:104020005C6D05460E460024CDF84C46CDF8504652
:10403000CDF85446CDF858464FF41871FBA82AF035
:10404000DCFD4FF4F07183A82AF0D7FD4FF48270A5
:10405000ADF84C060127CDF84E7637208DF80400D8
:104060008DF8054073208DF806008DF807508DF807
:10407000086030208DF809008DF80A404F4907206C
:104080000870701B401C00EB40004FF6FF7101EA06
:1040900000124B4802804B490DF10B002AF094FDB1
:1040A000FBAA01A9062023F0A6F8FBA983A822F009
:1040B0008BFD83A9CDF85216CDF8560642480770FD
:1040C000424804704249052008707EA800F08EFC2A
:1040D00002220DF24C617EA825F0A0FF0DF25C6D6E
:1040E000F0BD30B5ADF25C6D05460024CDF84C4610
:1040F000CDF85046CDF85446CDF858464FF41871D7
:10410000FBA82AF07AFD4FF4F07183A82AF075FD20
:1041100000944FF48270ADF84C060120CDF84E06A5
:1041200007208DF804008DF805405E218DF80610FB
:104130008DF807408DF808400A218DF809108DF898
:104140000A401E4908701E480480FBAA01A90620E7
:1041500023F051F8FBA983A822F036FD83A9CDF8FE
:104160005216CDF856061B48007818B1601E0DF2A5
:104170005C6D30BD18490220087018490320087092
:104180002B20454316482844164D417A2970006873
:104190007EAA694621F059FB134C50B12878401E85
:1041A000FE2806D200220DF24C617EA825F036FFD3
:1041B00020702078DBE700007ABF026052020060C6
:1041C00058020060EECB0260020300600B03006047
:1041D000050300605702006056020060E6070060B9
:1041E000D8B00360BE0700604C030060FE49488001
:1041F0007047FD49143108607047FB49886070477B
:1042000038B50020FFF7F9FF0020FFF7F2FFF74C69
:104210002088FFF7EBFF2088010241EA102080B2DE
:10422000F9F764FC4FF0FF32042168462AF0DEFC07
:1042300034F84909010241EA102081B26846F9F7D1
:10424000EEFB002805D0B4F849100A0242EA112119
:10425000818038BDF0B587B0E54EE34D307800077A
:1042600025D5E44F3868E8602969401A32281ED302
:10427000E14CE24920780A78904213D20A2811D200
:10428000DF490A88521C0A8040F22D114843DD495B
:1042900001EB4000B0F85812FAF79CFA2078401C65
:1042A000207002E0002020700870386828613078A3
:1042B00080071ED5D448E861D44CD54922880968C6
:1042C0002AF082FC2088A880D2484FF41672007829
:1042D000012810D0012000900023CB4902A824F02F
:1042E00052F80246002A04D00123C74902A825F04B
:1042F00062FB07B0F0BD032000900023C24902A872
:1043000024F041F80246002AF3D00323BE4902A854
:1043100025F051FBEDE7B44880687047B2488068EB
:10432000401C00D001207047AF481430006870472F
:10433000AD49183108607047B749020E0A70020C87
:104340004A70020A8A70C870A7484088020A0A7137
:1043500048717047A448183000687047A2484088E8
:1043600070470023002805D050F8013F0B6080887B
:1043700010800623184670472DE9F047ADF5247DDF
:104380000446AC9E91461D464FF0000ACDF878A237
:104390004FF41E78414668462AF02FFC9F4F924901
:1043A000387848B9012E07D18868002804DA00203F
:1043B0000DF5247DBDE8F08781208DF800000220F6
:1043C000ADF880022089A0F57F42FF3A09D008B1FC
:1043D000A07A30B1207820B106280CD04FF0FF3001
:1043E000E6E78148183000689F9048889E900B202F
:1043F0008DF8010007E09EAA9FA92046FFF7B1FFB4
:104400000A208DF801009F98A190BDF87802ADF8C0
:104410008202CDF888A2CDF88CA2281D81B2EA468E
:104420000DF1020023F050FE841C0AEB04002A4622
:1044300049462AF0C9FB2C44012E08D1387860B1D6
:104440002246694676482AF0BFFB764804804146FA
:1044500068462AF0D2FB2046AAE721466846FAF7CA
:10446000B9F9F4E738B50D4613466F4801240470D6
:104470006E4A002010706E4A05201070801FFFF7F2
:104480005BFF00212A4608460094FFF775FF38BD00
:104490002DE9F047ADF5267D044691461F464FF0C5
:1044A0000008CDF880824FF41E76314602A82AF02B
:1044B000A4FB81208DF808000220ADF88802208935
:1044C000494DA0F57F41FF390BD008B1A07A40B12A
:1044D000207830B106280ED04FF0FF300DF5267D44
:1044E00068E7414818300068A1906888A0900B20C8
:1044F0008DF8090007E0A0AAA1A92046FFF731FF27
:104500000A208DF80900A198A390BDF88002ADF8AB
:104510008A02CDF89082CDF89482381D81B20DF1D7
:10452000080A0DF10A0023F0CFFD841C0AEB0400F9
:104530003A4649462AF048FB3C443B48007898B349
:10454000286A08B1A0F8048039490520087032486B
:104550004178027841EA02210A0242EA1121ADF8CB
:104560000410C178827841EA02210A0242EA11214C
:10457000ADF806104179007901EB0020C0F3072166
:1045800041EA002081B201A8F9F749FA286210B186
:1045900044F29C518180224602A926482AF014FB4D
:1045A0002448A0F8584204E0FFE721462248FAF7E1
:1045B00011F9314602A82AF020FB20468EE72DE9AA
:1045C000F047ADF5267D044691461F464FF00008A2
:1045D000CDF880824FF41E76314602A82AF00DFBFA
:1045E00081208DF8080029E0E00100609B630460F1
:1045F000AC00006030000060650100606401006094
:10460000687204601CA801602ACC0160B0000060E0
:10461000C80000606703006032030060AA04006005
:1046200036E50460B2040060020300600B03006022
:1046300005030060B22A0160B4C901600220ADF830
:1046400088022089F54DA0F57F41FF3909D008B1D6
:10465000A07A30B1207820B106280CD04FF0FF307E
:104660003CE7EE4818300068A1906888A0900B20C5
:104670008DF8090007E0A0AAA1A92046FFF771FE66
:104680000A208DF80900A198A390BDF88002ADF82A
:104690008A02CDF89082CDF89482381D81B20DF156
:1046A000080A0DF10A0023F00FFD841C0AEB040038
:1046B0003A4649462AF088FA3C44D9480078B8B3CB
:1046C000686A08B1A0F80480D64905200870D64869
:1046D0004178027841EA02210A0242EA1121ADF84A
:1046E0000410C178827841EA02210A0242EA1121CB
:1046F000ADF806104179007901EB0020C0F30721E5
:1047000041EA002081B201A8F9F789F9686230B165
:10471000C649B1F849100A0242EA112181802246B5
:1047200002A9C3482AF050FAC148A0F8584204E050
:10473000FFE72146BF48FAF74DF8314602A82AF0B4
:104740005CFA2046CAE62DE9F047ADF5267D044621
:1047500091461F464FF00008CDF880824FF41E7638
:10476000314602A82AF049FA81208DF8080002207B
:10477000ADF888022089A94DA0F57F41FF3909D005
:1047800008B1A07A30B1207820B106280CD04FF0C3
:10479000FF30A3E6A14818300068A1906888A09077
:1047A0000B208DF8090007E0A0AAA1A92046FFF779
:1047B000D8FD0A208DF80900A198A390BDF88002C9
:1047C000ADF88A02CDF89082CDF89482381D81B27E
:1047D0000DF1080A0DF10A0023F076FC841C0AEBA7
:1047E00004003A4649462AF0EFF93C4492480078E2
:1047F000B8B3A86A08B1A0F80480904905200870F1
:104800008F484178027841EA02210A0242EA1121E6
:10481000ADF80410C178827841EA02210A0242EA26
:104820001121ADF806104179007901EB0020C0F3A9
:10483000072141EA002081B201A8F9F7F0F8A86247
:1048400030B17A49B1F849100A0242EA1121818057
:10485000224602A97B482AF0B7F97A48A0F85842C4
:1048600004E0FFE721467348F9F7B4FF314602A898
:104870002AF0C3F9204631E62DE9F0478EB0804694
:104880000D46174600260D9609960A960B960C962D
:104890000596069607960896019602960396049644
:1048A0000024DFF8A4915D4A99F80000002806D1A1
:1048B000012B04D19168002901DA0EB07AE59188C4
:1048C000D561012B04D118B9002901DC0020F4E7DF
:1048D0002978812900D080B195F801A00DA9A81CE4
:1048E00023F0F7FB0A96ADF82660ADF81660ADF838
:1048F000066099F8000010B108E00020DDE7534899
:104900000068C188ADF8261000680A90BDF8340030
:10491000001F0D90BAF10A0F03D0BAF10B0F37D177
:1049200022E0FFF701FD0A99884207D1FFF716FD43
:10493000BDF82610884201D10D9629E009A940460C
:1049400023F0E9FCBDF83400B84205D30AE0281989
:1049500000792855641CA4B2BDF83400001D8442BF
:10496000F5D315E00D9613E009A9404623F0D3FCDA
:10497000BDF83400B84205D309E02819007928555C
:10498000641CA4B2BDF834008442F6D300E00D9656
:10499000BDF8340091E72548B0F84200704770B583
:1049A00000281ED0062505701C4A5169C0F8011068
:1049B0005188A0F805101D4BB3F842100181B3F8DF
:1049C00042100024A1F57F46FF3E0BD051B1117873
:1049D000012909D08572D3F80F1040F80B1F1189F7
:1049E000818070BD847270BD8472F4E7002100285C
:1049F00012D006220270094A9369C0F80130528829
:104A0000A0F805204FF6FF7202810022827243183F
:104A1000DA72491C0729FADB70470000E0010060E8
:104A2000030300605A0300604E0300605263046099
:104A30000C2D0160B4C90160040300605B030060D9
:104A400054030060662F0160AA040060D400006077
:104A50002DE9FF5FDDE90EA6DDE910758946934675
:104A60009846002D53DB05EB0510FF4900EB400095
:104A700001EB4004662120462AF0BFF8022084F8AA
:104A800063000120E07184F8655084F858B009F0A3
:104A9000B1F926F08FFBC4F80E003A20A07484F818
:104AA0005790F2480188A4F85510491C018084F8F9
:104AB0000B8000982AF0C8F8A07404F11300009944
:104AC0002AF0EEF8BAF1000F02D0FF2084F8590066
:104AD00066B104F15901002004E03A5C01F8012BB1
:104AE000401C00B2B04201DA0528F6DB002084F851
:104AF0006300DF490878401CC0B20870102801D953
:104B000010200870DB490888401C088001E04FF045
:104B1000FF356D1C04B028B2BDE8F09F2DE9F047C9
:104B20000646DDF8209017469846CF4C0025E079E0
:104B3000012807D0A07A70B30020A0726D1C28B2A3
:104B4000BDE8F08794F85800B8421AD1B8F1000FC8
:104B500008D0B4F85500B6F90010884211D16D1C88
:104B600028B2EDE7207A60B930462AF06DF894F962
:104B70001210884205D1314604F113002AF06BF877
:104B800030B166346D1C2DB2102DD0DB0020D7E77C
:104B90006D1C28B2D4E7FFE7A9F800500020CFE74A
:104BA0002DE9F04F85B00EAD8046E0CD89469246A6
:104BB0009B464FF0FF34049404A800900023524613
:104BC00049464046FFF7AAFF002803DD204605B00E
:104BD000BDE8F08FBDF91040002C0DDB8DE8E00042
:104BE0005B465246494640460394FFF731FFA248D0
:104BF000017841F001010170BDF81000401C00B2C5
:104C0000E5E72DE9F04FB7B0002400250026A146C6
:104C100000209A4A4FF00108C0EBC00101EB0011DF
:104C200002EB410191F92310CB0707D009F10109EB
:104C300009F0FF0908FA00F10D4306E0890704D5E1
:104C4000761CF6B208FA00F10C43401CC0B22028D2
:104C5000E2D3C82105A829F0D0FF2C274FF0200B64
:104C6000B9F1000F7ED04F208DF8140070208DF820
:104C7000150065208DF816006E228DF817208DF82E
:104C800018B063208DF8190069208DF81A00722180
:104C90008DF81B1063218DF81C1075214FF00A0A46
:104CA0008DF81D108DF81E0074208DF81F008DF8F2
:104CB00020B06F208DF821008DF822208DF823B0D0
:104CC00049208DF824004E204FF0120C8DF825005D
:104CD000002008FA00F129422DD0092810D2411CE9
:104CE000B1FBFAF20AFB121205AB30320CF10101F2
:104CF000C9B203F80C204A1C02F0FF0C5F541AE002
:104D0000431CB3FBFAF905AA09F130090CF10101C2
:104D1000C9B202F80C90B3FBFAFC0AFB1C33303327
:104D200001F1010C0CF0FF09535409F1010101F0EC
:104D3000FF0C02F80970401CC0B22028C9D3BCF196
:104D40003A0F01D94FF03A0C05A9002001F80C00E8
:104D50004C4A4D4B4A4992F9002093F90030CDE975
:104D6000003200E00DE0CDE9021048480023FF21A9
:104D7000027805A8FFF714FFC0B210B1444880F8CC
:104D80000080C82105A829F038FF002E6AD05320E2
:104D90008DF8140068208DF815006F218DF816101D
:104DA00072208DF8170074208DF818008DF819B056
:104DB00063228DF81A2069228DF81B2072238DF84A
:104DC0001C3063230A258DF81D3075238DF81E30A5
:104DD0008DF81F208DF820008DF821B08DF822105D
:104DE0006E208DF823008DF824B049208DF8250021
:104DF0004E2113208DF82610002108FA01F22242DC
:104E000025D009290DD24A1CB2FBF5F305FB13236B
:104E1000303305AE421CD2B23354501CC0B2B7542A
:104E200015E04A1CB2FBF5FC134605AE0CF1300C44
:104E3000421CD2B206F800C0B3FBF5F005FB1030FF
:104E40003030531CDBB2B054581CC0B2F754491C6C
:104E5000C9B22029D1D33A2800D93A2005AA002185
:104E6000115417E02EE00000E6C2026076020060F6
:104E7000640200607E020060A0020060E52405601C
:104E8000CB020060CA020060C9020060A10200609B
:104E9000C8020060DB4ADC4BD94892F9002093F944
:104EA0000030CDE90032CDE90201D8480023FF21CE
:104EB000027805A8FFF774FEC0B2002802D0D448DB
:104EC00080F8008037B083E6F0B5B7B004460E46F0
:104ED00015461F46C82105A829F08FFE3CB33B4666
:104EE0003246CCA105A800952BF048F905A829F079
:104EF000ABFE00213A2801D98DF84E10C14AC24BB1
:104F0000BF4892F9002093F90030CDE90032CDE995
:104F10000201BE480023FF21027805A8FFF740FEEA
:104F2000002802DDBA490120087037B0F0BD3B46C9
:104F30003246C1A105A82BF021F9D7E710B5B6B0CC
:104F40000446C82104A829F058FE012C2ED0022CBA
:104F500031D0032C34D0042C37D0052C3AD0072C78
:104F600022D1C1A104A82BF009F904A829F06CFEF4
:104F700000213A2801D98DF84A10A24AA24BA04834
:104F800092F9002093F90030CDE90032CDE9020119
:104F90009E480023FF21027804A8FFF701FE0028A5
:104FA00002DD9B490120087036B010BDB4A104A8F1
:104FB0002BF0E4F8D9E7BBA104A82BF0DFF8D4E785
:104FC000BEA104A82BF0DAF8CFE7C2A104A82BF009
:104FD000D5F8CAE7C64903200870C64981F8C2005F
:104FE000C5A104A82BF0CAF8BFE730B589B00446C4
:104FF0000D46142104A829F000FE24B1012C08D08C
:10500000022C0CD010E02A46C0A104A82BF0B6F860
:105010000AE02A46C4A104A82BF0B0F804E02A460E
:10502000C8A104A82BF0AAF804A829F00DFE0021BD
:10503000744A754B724892F9002093F90030CDE91B
:105040000032CDE9020171480023FF21027804A853
:10505000FFF7A6FD002802DD6D490120087009B0A8
:1050600030BD2DE9F04180460E461746BD4C002567
:10507000E079B0B194F85800B84212D194F85700D2
:10508000B0420ED1207A60B9404629F0DDFD94F996
:105090001210884205D1414604F1130029F0DBFDCE
:1050A00030B166346D1C2DB2102DE1DBBDE8F0810E
:1050B0000120433404F83B0C0020E0762077607731
:1050C000A077E07714F83A1C29B9A74B19784A1E43
:1050D0001A7000D21870A548017841F002010170E1
:1050E000E4E770472DE9F84F00259E4A009200261C
:1050F000464ADFF874824FF0010992F800C0002799
:10510000009AD379002B65D092F86330EBBB022371
:1051100082F86330034600240DE093F807A0BAF14B
:10512000000F05D092F865A093F865B0DA4504D079
:10513000641C24B266338C42EFDB8C4202DB82F8C3
:10514000637047E09C7A24B3137A4BB9537A3BB926
:1051500098F800305C1E88F8004001D288F8007092
:10516000D77182F863701772577282F80A9082F8CA
:10517000647092F85830634506D102F85E7F57702C
:105180009770D77017715E3A00E023E045F0020592
:1051900020E05B7AE3B1537AD3B9137A3BB998F83C
:1051A00000305C1E88F8004001D288F8007082F858
:1051B000099082F8647092F85830634506D102F87D
:1051C0005E7F57709770D77017715E3A45F0010592
:1051D00082F86370761C36B266320092102E8FDB36
:1051E000002D0AD0614991F9000040F001000870DB
:1051F000AA0702D540F002000870BDE8F88F70479A
:10520000CB020060CA020060C9020060A102006017
:10521000C80200604944203A257520534E3A2025A3
:105220006C752068617320636F6E6C6966742053BF
:105230004E3A20256C7500004944203A25752053CC
:105240004E3A20256C752068617320636F6E6C691F
:105250006674207769746820543320636F6E7472AB
:105260006F6C6C657200000043414E204E4F54201D
:10527000434F4E4E45435420534E545000000000BF
:105280004C6F737420636F6D6D756E696361746FBD
:105290006E207769746820746F7020626F61726429
:1052A000000000005245414420414F20466565649E
:1052B0006261636B204641494C0000005570646197
:1052C00074652074696D65207365727665722066F9
:1052D00061696C004C6F736520636F6D6D756E69ED
:1052E000636174696F6E2077697468207069630008
:1052F0008C0400607ABF0260534420434152442032
:1053000049532041424E4F524D414C00505247208C
:105310002564206572726F72203A20646561642092
:105320006379636C65310000505247202564206525
:1053300072726F72203A2064656164206379636CD5
:1053400065320000505247202564206572726F72EA
:10535000203A2074616B6573206C6F6E67207469EE
:105360006D650000E6C2026064020060A002006099
:105370002DE9F047FF49C0EBC00301EB83040A228B
:10538000A275E17C01296ED0FB4900EB400001EBE6
:105390008005E11C204604F066FC04F10E01C81EE5
:1053A00004F061FC0026B046E07D4FF6FF7101EA93
:1053B0000020217E084487B2D4F8030025F0FAFECD
:1053C000DFF8B893C9F81400D4F80E0025F0F2FE07
:1053D000C9F81800D9F81410A1EB000C002127B16E
:1053E00064200CFB00F090FBF7F1DFF89493494543
:1053F00000DD4946207D00B94942286800EB0C02D7
:10540000A07D4008424368680244002804DBB2F5EE
:10541000000F06DBDB4A04E012F5000F01DCD94A7D
:1054200052426A60637E83B1207D10B103FB02F6B5
:1054300001E003FB1266607D18B13C2096FBF0F69C
:1054400003E04FF4616096FBF0F6E27EA2B12868BB
:105450004FF0640800FB08F090FBF7F04042277D16
:1054600017B1424302E021E052424243A07DC0EB2B
:105470000010800092FBF0F8642098FBF0F00844E4
:10548000A17E0844484500DD4846002800DA002097
:1054900033B13044484500DD4846002800DA00209A
:1054A000C5F800C025F086FEC4F80700BDE8F08707
:1054B0002DE9F843B44C0026DFF8D082DFF8D09213
:1054C000002798F80400401E45B2002D00DA06259A
:1054D000E07FE8BB94F8280090B1694604F127000A
:1054E00004F0C1FB0098002802D04FF0010001E059
:1054F0004FF0000084F8210004D04FF0080501E0CF
:1055000084F8217094F8250090B1694604F12400D4
:1055100004F0A9FB0098002802D04FF0010001E040
:105520004FF0000084F8200004D04FF0070501E0A0
:1055300084F82070974806EBC60200EB021000EBDF
:10554000051000F10E004FF0070198F8023000E05E
:1055500018E098F801C009EBC20202EBC502555CE5
:10556000FF2D06D04578AB4208D802D10578AC456E
:1055700004D2801E491E49B20029F0DA505CFF288F
:1055800007D0A0772A34761C76B2082E99DBBDE8C6
:10559000F883A777F6E7F0B57F4800217B4A01241E
:1055A0007E4DB2F8073043F3C70203F0070304FA55
:1055B00003F673B20026C77F5FB9C1EBC10707EBE3
:1055C000011705EB4707BF5C1F4201D0847700E05D
:1055D0008677491C49B221300429ECDBF0BD012259
:1055E0008240087810430870704701228240D043FF
:1055F0000A7802400A7070470123C20800F00700D1
:105600008340D8B2895C014201D00120704700205C
:1056100070472DE9F04F8BB0614A584DA87902EBE5
:10562000C004617819B9411CA9716428F6D3A8791E
:105630000027642804D3AF7100200BB0BDE8F08FC1
:105640006879411C6971032802D36F710020F4E767
:10565000E0780CF0F0FE58B1401EC0B20090A07986
:10566000DFF840914FF0060A4FF0010B10B14CE00B
:105670000020E2E7E0788DF804008DF805A0022014
:105680008DF8060035208DF807008DF808708DF82C
:105690000970062101A80FF0C8FA010A8DF80A1056
:1056A0008DF80B0000980FF034FB082101A8009A38
:1056B0000FF0D3FA08210020009A14F098F8C820BF
:1056C000009914F0DCF8DFF8E080061E51D0B11E1E
:1056D00034480FF0AAFA81B209EB0600801E427826
:1056E000007802EB002088427DD19DF8040008F884
:1056F00000702E4A642122F810106F7100210120E1
:10570000009A14F074F884F806B0E0788DF804007C
:105710008DF805A08DF806B011208DF807008DF8E2
:105720000870607920B304208DF80900062101A8D3
:105730000FF07BFA010A8DF80A108DF80B00009823
:105740000FF0E7FA082101A8009A0FF086FA082165
:105750000020009A14F04BF8C820009914F08FF83C
:10576000061E57D0B11E0F480FF05FFA81B21FE03E
:105770004BE041E03EE30260C2CE016010020060F7
:10578000A0860100FFFF7F009833036010180060BF
:1057900068390360E8340360A83B03602C3C036075
:1057A00071520460386A046072510460144F0460DE
:1057B00009EB0600801E4278007802EB0020884248
:1057C00026D16F7100210120009A14F010F8607941
:1057D000FE4E70B3E0783146401EC0B2FFF70CFFBA
:1057E000D0B13BE0FFE79DF8040018F80010491C19
:1057F00008F80010002020E79DF8040018F80010B9
:10580000491C08F80010002017E78DF809708DE793
:10581000002012E7002010E7E078401E06EBE001D0
:1058200000F00700FFF7DBFE287800F0BF002870CB
:1058300014E0FFE7E078E549401EC0B2FFF7DCFE68
:1058400001280BD1E078401E06EBE00100F00700D4
:10585000FFF7CBFE287800F0BF00287067700120AA
:10586000EBE62DE9F84F00270026DFF864A3DFF808
:105870006493B346C6EBC600D74B00EB4610195CE9
:1058800000293ED000EB030898F80120002A38D008
:10589000491ECCB21856FF2833D098F8020089F878
:1058A00000000021521E072A08D8C2EBC201CB4AD1
:1058B00001EB410102EB41018F7F0121020641D43E
:1058C000002976D00AEBC6056F7127B140F0400081
:1058D00088F8020003E000F0BF0088F80200BB492E
:1058E0002046FFF789FE0090B84920462031FFF797
:1058F00083FE0099B94205D120B199F8080001282A
:1059000016D056E0611CE97098F801102971012148
:10591000697070BB0AF8361085F807B0A970AB48FB
:10592000203000EBD40104F00700FFF758FE40E000
:10593000601CE8706F7101206870FE2C39D189F805
:1059400008B036E0FF2834D0A04920462031FFF7C8
:1059500053FE05469D492046FFF74EFE99F800107C
:10596000C1F38011884205D125B199F808000128BA
:1059700015D01EE03DB99548203000EBD40104F06D
:105980000700FFF72CFE0AEBC600641CC47099F8F0
:105990000010C1F3801141710221417009E00AEB4E
:1059A000C600C470417102214170FE2C01D189F8FA
:1059B00008B0761CF6B2FF2EFFF45CAFBDE8F88F9E
:1059C00010B50020864B0021C0EBC00202EB001294
:1059D00003EB420282F82910401CC0B21028F3D316
:1059E000804890F8090102281ED000207E4CC0EBB0
:1059F000C00101EB810114F81120002A14D0012A02
:105A00000ED104EB41014979102909D2C1EBC10241
:105A100002EB011103EB410111F8292F521C0A700E
:105A2000401CC0B2F028E2D310BD10B5694A5189BC
:105A3000642911D300235381D1794C1CD471B1FB5B
:105A4000F0F400FB1410002808D1D37102F0CBFF52
:105A5000BDE8104003F064B9491C518110BD5D4997
:105A600000200861704770B504460846C4EB041175
:105A70005E4A01EB410111445D4D91F9281009295D
:105A800038D2DFE801F03705101B10101B1026007C
:105A9000584929F0CCFA29F0C8FB81B22046BDE86C
:105AA000704008F04DBD544929F0C1FA29F0BDFB02
:105AB00081B22046BDE8704008F042BD4F4929F050
:105AC000B6FA29F0B2FB81B22046BDE8704008F07A
:105AD00037BD032129F0E9FA294629F0A8FA4849F7
:105AE00029F01BFA29F0A1FB81B22046BDE87040E5
:105AF00008F026BD294629F09AFA29F096FB81B2D2
:105B00002046BDE8704008F01BBD2DE9F047054672
:105B10000A463C4B3C491878097844183C483B49B4
:105B200000EB8516AC4201D8F161BFE4C5EB05106E
:105B300000EB40042D48374F0444DFF8DC9094F824
:105B40002200DFF8ACA04FF47A7840B1FFF787FF6E
:105B500094F82300002870D0002A6FD0ECE0F161A7
:105B600094F82300C0B108F0D7FDA8427CD928469C
:105B70001FF039F9514629F028FA29F03DFB25F0AC
:105B800019FBC4F81E0025F015FB29F009FB01469E
:105B90002846BDE8F04766E7284620F0B2FD4FF4FE
:105BA0007A71484325F006FBC4F81E0094F92800DA
:105BB000A0F10C010A2938D9173807282FD800EB93
:105BC000C00101EB0010385C012827E082CE0160A3
:105BD0007152046010020060E43C0360983303607B
:105BE00018EF02607ABF0260F8F10260A53005602C
:105BF00000007A44000020410000C8420000A0419B
:105C0000000048439D0200609E02006000007F4348
:105C10009464036026CB02607AB8026005D02846FF
:105C200020F06FFD70B101200DE0284620F069FDE5
:105C300030B1002084F8250007E01CE072E013E09A
:105C40000120F7E7002084F8250094F8250028B10A
:105C500041462846BDE8F04708F072BC2846BDE83A
:105C6000F047002108F06CBCD4F81E0025F0A2FA21
:105C700029F815001AE42AB994F8250001280FD054
:105C80000020F061187885420ED2284620F039FDB8
:105C90004FF47A71484325F08DFAC4F81E000FE0E6
:105CA0004FF07E50F061EDE728461FF09CF851461A
:105CB00029F08BF929F0A0FA25F07CFAC4F81E002F
:105CC00094F92800A0F10C010A290FD917380728E8
:105CD00006D800EBC00101EB0010385C012805D0AC
:105CE000284620F00EFD58B101200AE0284620F099
:105CF00008FD18B1002084F8250004E00120FAE72F
:105D0000002084F8250094F8250028B14146284653
:105D1000BDE8F04708F014BC2846BDE8F047002174
:105D200008F00EBCD4F81E0025F044FA29F038FA29
:105D3000514629F07CF9F06108F0EEFCA84214D934
:105D400028461FF050F8514629F03FF929F054FA3F
:105D500025F030FAC4F81E0025F02CFA29F020FABC
:105D600001462846BDE8F0477DE6D4F81E0025F040
:105D700021FA29F81500D8E608B5F6F765FB00907A
:105D8000FA4D4FF0010B85F845B0F94800268670B2
:105D90004670C6700671F74890F80901022801D0D4
:105DA000FFF70EFE0024E0B20021FFF7AEFEFFF782
:105DB00056FE641CA4B2402CF5D3EF49C6201CF05B
:105DC00017FCED4C2078401CC1B22170C6201CF09D
:105DD0001EFC2078DFF8A4A305280FD9002000EBD3
:105DE000800101EB4011514481F82060401C80B2D9
:105DF0001028F4D30021C6201CF009FCE04880F8EC
:105E000000B0E04905200870FCF71AFCDFF8789331
:105E10004FF4FA716846F6F75FF925F0B9FB99F887
:105E20002300082802D10220FFF7FFFDD7490920EF
:105E30000870CE48418A491C418208F06FFDD44861
:105E400000683C2807D9CC48017821B106700021B0
:105E5000C6201CF0DCFB04F0BDFF01282AD1002481
:105E600004EB840000EB441000EB0A05E88BD8B18A
:105E700095F82000012802D085F8226016E0DFF8AE
:105E8000148398F8007004EB4400C349C0EBC410BD
:105E900001EB001120B201F0DAFC98F80000C01B01
:105EA000401C85F8220001E085F82260641CA4B241
:105EB000102CD5D325F0F6FD0022B848077838E03D
:105EC000B74802EB420100EB8101B64B887803EB47
:105ED000D00300F007001B780BFA00F0034201D05A
:105EE000002300E00123002091F807C05CB2AE4D12
:105EF0000AE0CB780344C3EB031303EB43032B44C7
:105F000083F82740401C80B28445F2D8002091F8E5
:105F100008C00AE00B790344C3EB031303EB43030C
:105F20002B4483F82740401C80B28445F2D8521C91
:105F300092B2BA42C4D38E4D6878401CC0B2687029
:105F4000142814D30024994FC4EBC40007EB80003D
:105F5000807810B120B2FFF70BFA641CA4B2102CA9
:105F6000F2D36E70002008F02BFC08F068FCE87893
:105F7000052802D2401CE87004E0EE70FFF798FAA2
:105F8000FFF709FBFFF76DFC99F8290007280BD1F3
:105F9000A8781E2802D2401CA87005E0A889401CE1
:105FA000A881AE700EF038FD8148017801B106700D
:105FB0008048814A01681160066080494FF0805036
:105FC0000860BFF34F8FBFF36F8F21E72DE9F047D4
:105FD0000646C6EB061000EB4001734800220C1881
:105FE000784994F92400764BDFF8DC91774F4FF035
:105FF0007E5A01EB86154FF47A7800280AD00228E1
:106000007DD001287CD17248A8613046BDE8F047B8
:1060100001217AE5FFF723FD94F82300F8B1AA6186
:1060200084F82520387886426BD2304620F069FB10
:106030004FF47A71484325F0BDF8C4F81E0030468D
:1060400020F05FFB00EB4001C1EBC0104FF6FF7189
:1060500001EAC0013046BDE8F04708F071BA94F992
:106060002800A0F10C010A2913D91738072806D8EF
:1060700000EBC00101EB0010185C012809D0AA61F7
:106080003878864224D2304620F03BFBE0B1012034
:106090001BE0C5F818A03878864209D2304620F0B7
:1060A00030FB18B1002084F825001CE00120FAE73D
:1060B00030461EF098FE10F0FF4F03D0002084F809
:1060C000250010E00120FAE7002084F825000AE00E
:1060D00030461EF088FE10F0FF4F01D0012000E096
:1060E000002084F82500387886420ED2304620F011
:1060F00008FB4FF47A71484325F05CF802E069E050
:106100000EE11DE0C4F81E000BE030461EF06BFEF1
:10611000494628F05AFF29F06FF825F04BF8C4F8EB
:106120001E0094F8250028B141463046BDE8F047EE
:1061300008F006BA3046BDE8F047002108F000BA82
:1061400030461EF050FE494628F03FFF29F054F833
:1061500025F030F8C4F81E0025F02CF829F020F8BE
:1061600001463046BDE8F0477DE400002C6D046038
:10617000100200607ABF0260DA0300606ECD026038
:10618000540200605502006052630460E70300603F
:10619000AC030060300000600A2F0260E80200607B
:1061A000D81D046052510460A53005603EE30260D2
:1061B0002C020060380200603402006004ED00E050
:1061C00026CB02609464036000007A449D02006064
:1061D00000007F43FFF743FC94F8230050B194F98B
:1061E000280009287DD2DFE800F07C727679767687
:1061F0007976760094F92800A0F10C010A2914D9C7
:106200001738072806D800EBC00101EB0010185C16
:1062100001280AD0C5F818A03878864223D2304623
:1062200020F06FFAD8B101201AE0AA6138788642CE
:1062300009D2304620F065FA18B1002084F8250014
:106240001CE00120FAE730461EF0CDFD10F0FF4FB4
:1062500003D0002084F8250010E00120FAE7002098
:1062600084F825000AE030461EF0BDFD10F0FF4F17
:1062700001D0012000E0002084F825003878864213
:106280000AD2304620F03DFA4FF47A71484324F0A8
:1062900091FFC4F81E000BE030461EF0A4FD4946F5
:1062A00028F093FE28F0A8FF24F084FFC4F81E0015
:1062B00094F8250028B141463046BDE8F04708F083
:1062C0003FB93046BDE8F047002108F039B97248BF
:1062D000A8610FE005E07148A8610BE07048A86173
:1062E00008E0D4F81E0024F065FF90FBF8F028F0D9
:1062F00057FFA86130461EF076FD494628F065FE3E
:1063000028F07AFF24F056FFC4F81E0024F052FF54
:1063100028F046FF01463046BDE8F047FFF7A3BB33
:1063200003E470B504465F485F490078097801448A
:10633000A14205D85E495D4801EB8411C8616BE05C
:10634000C4EB041101EB41025A495B4E551895F814
:106350002310D1B184423FD2204620F0D2F94FF42D
:106360007A71484324F026FFC5F81E00204620F02D
:10637000C8F900EB4001C1EBC0104FF6FF7101EA14
:10638000C001204608F0DCF846E084420AD22046EC
:1063900020F0B7F94FF47A71484324F00BFFC5F8A9
:1063A0001E000BE020461EF01EFD314628F00DFEBB
:1063B00028F022FF24F0FEFEC5F81E0095F8250007
:1063C00028B14FF47A71204608F0BAF824E0002191
:1063D000204608F0B5F81FE008F09EF9A04214D955
:1063E00020461EF000FD314628F0EFFD28F004FFA6
:1063F00024F0E0FEC5F81E0024F0DCFE28F0D0FEFC
:1064000001462046FFF72FFB06E0D5F81E0024F0DA
:10641000D1FE2A4921F81400BDE8704009F080B887
:1064200030B50020264B224C204D04EB80114A6AE7
:10643000AA4205D01A5C12B1521E1A5400E04D62F5
:10644000401CC0B24028F0D330BD70B51D4890F854
:10645000591000291ED01C4AC1EB01111069431CC0
:106460001361B0EB810F15D90020106100240F4D8E
:106470000F4E002106EB841040F82150491CC9B290
:106480001029F9D300212046FFF73FFB641CE4B23A
:10649000402CEED370BD0000000020410000C84237
:1064A0000000A0419D0200609E02006000007F434A
:1064B00094640360A530056000007A447AB80260F5
:1064C00082CF0160526304601002006010B5014683
:1064D000FCA028F0AFFBFC49002210B14A8001204B
:1064E00010BD4888401C80B24880B0F5FA6F02D9D0
:1064F0004A80012010BD002010BD3CB5002301934F
:106500000090C3B28DF80730C0F307248DF8064021
:10651000C0F307458DF80550000E8DF80400012AE0
:106520000AD0022A0DD0032A10D0042A03D1C87041
:106530008D704C700B703CBD08704D708C70CB70C2
:106540003CBD8870CD700C704B703CBD48700D70B8
:10655000CC708B703CBD38B500230093CBB2C1F337
:106560000724C1F30745090E042A06D0032A0DD0DB
:10657000022A14D0012A1BD022E08DF800308DF8B9
:1065800001408DF802508DF8031019E08DF800508D
:106590008DF801108DF802308DF8034010E08DF871
:1065A00000408DF801308DF802108DF8035007E09F
:1065B0008DF800108DF801508DF802408DF80330F1
:1065C0009DF800104FF6FF7202EA01219DF80120AC
:1065D00011439DF8022042EA01219DF8032042EA7E
:1065E0000121016038BD4178007841EA0020704700
:1065F0000178427841EA02218278C078120442EAA6
:10660000006008437047B1490868001F08600068CF
:1066100070470068AE49CA8B521CCA83086200F5F5
:106620002A01AB3101D0002070470120704770B5BE
:106630000546A84A106810F8024B1060084600F0A2
:10664000A9F84FF47A7190FBF1F004EB4401A24AEF
:1066500001EBC4011144B1F80910814207DD0028A3
:1066600005DB9E4951F8241051F82000286070BDC8
:106670000246B2F901301278832A0AD0842A08D05F
:10668000852A08D0862A03D1C8564FF47A71484328
:106690007047C8587047C85E4FF47A7148437047D6
:1066A0002DE9F04103468E4F00253D60894E32684A
:1066B0001478A4F18200042808D8D21C326003B1F7
:1066C0001D603068BDE8F041C01ED1E78148006818
:1066D000401C9C2C06D09E2C15D09D2C4DD000200B
:1066E000BDE8F08192780C2A08D07D49306003F033
:1066F000BAFA3068801C30603868F1E7306078485A
:10670000FFF795FFF8E792780C2A18D03060FFF772
:1067100080FF6F490A8E521C0A8608B3888E401C7F
:10672000888630680E3030606E49012008706E49EE
:106730000D706E4908706E4805703868D0E70446E1
:10674000601D3060084600F025F84FF47A7190FB28
:10675000F1F000231A466249204604F026F9ECE7DE
:10676000488E401C488600231A465D49306804F074
:106770001CF93068401D3060D6E7521D326003B10D
:106780001D60306850F8040CAAE7504A116801C136
:10679000116070472DE9F14FA0B0DFF838A1DAF8A9
:1067A0000000007882381C2805D800202099FFF7C7
:1067B00077FFFFF7EAFFDFF83C914F4C4F4D484F12
:1067C000DFF83C814FF47A7606E2DAF8000010F840
:1067D000011BCAF8000056296ED046DC3A296CD05D
:1067E00025DC2C29F0D014DC062967D008DC02292E
:1067F00065D0032964D0042963D0052908D1F2E3C8
:1068000007297FD008297ED010297DD02929DBD007
:106810002AE131390929FBD2DFE811F07607D402E9
:10682000F20368065D062803ED0413050E033B39E9
:106830001929EDD2DFE811F009077F039A034C0311
:10684000D001EB05EB052C071801180122072807DA
:10685000B50318011801180181067006D402EA0276
:106860001801D0014A074406650679297BD015DC5A
:10687000A1F157012029CBD2DFE801F0F8F7F6F6B5
:10688000F6F6F6F6F6F5F4F6F6F69CF3CBF990F696
:106890006076F1F0F6F6EFEEEDECEBEAC62978D093
:1068A0003EDCC12976D032DC7A2974D07B2973D0C2
:1068B000A42972D0A52928E0FAE3FAE3FAE3FAE37F
:1068C000FAE3FAE301FFFE002C020060A802006078
:1068D00020720460A40200609474036014C7036013
:1068E000B80200600C0300600D030060400400600B
:1068F0004104006040630460BC020060C0020060AC
:1069000010180060FEE3FEE399E381D1D3E2C229CF
:106910007CD0C3297BD0C4297AD0C529F5D1F3E333
:10692000C739092985D2DFE811F066066D067406BD
:106930007B06820689069F00C9032304FFF763FED6
:106940002060FFF760FE2860206824F033FC2060A0
:10695000286824F02FFC28602168084424F02AFCD1
:10696000FFF713FF30E771E1FFF74DFE2060FFF7FF
:106970004AFE2860206824F01DFC2060286824F06E
:1069800019FC28602168401A24F014FCFFF7FDFE72
:106990001AE7F8E3F8E33DE1A3E07FE2FFF733FE17
:1069A000206024F007FC2060404224F003FCFFF745
:1069B000ECFE09E7FFF727FE2860FFF724FE2060C2
:1069C00024F0F8FB2060286824F0F4FB286090FB9A
:1069D000F6F003B220680246012B12DD00215B1E97
:1069E0000DE090FBF6FC06FB1C0C0CFB02FC9CFB78
:1069F000F6FC90FBF6F000FB02C0491C09B299427C
:106A0000EFDB24F0D7FBFFF7C0FEDDE6F0E3F0E3B9
:106A1000F0E3FFF7F8FD2860FFF7F5FD206024F0B4
:106A2000C9FB2060286824F0C5FB01462860206867
:106A300090FBF6F206FB12024A4392FBF6F290FB41
:106A4000F6F000FB012024F0B5FBFFF79EFEBBE64D
:106A500018E1A5E0C1E087E09CE183E122E151E19A
:106A600005E05DE066E135E1F9E3F9E3F9E3FFF71D
:106A7000CAFD2860FFF7C7FD206024F09BFB206063
:106A8000286824F097FB8246286020B3504628F0FF
:106A900087FB834620681F9090FBFAF10AFB1100E8
:106AA00028F07EFB594628F0C2FAFA4928F08DFA00
:106AB00083461F984FF47A7190FBFAF0484328F010
:106AC0006FFB594628F029FA28F096FB24F072FB58
:106AD000FFF75BFE78E6304624F06CFBFFF755FECF
:106AE00072E6FFF790FD2860FFF78DFD206024F02F
:106AF00061FB2060286824F05DFB286050B12168AC
:106B000091FBF0F024F056FB4FF47A714843FFF705
:106B10003CFE59E6304624F04DFBFFF736FE53E6C7
:106B2000FFF771FD2860FFF76EFD206024F042FB47
:106B30002060286824F03EFB286078B1216891FB32
:106B4000F0F200FB121090FBF6F020604FF47A7127
:106B5000484324F02FFBFFF718FE35E6304624F0BB
:106B600029FBFFF712FE2FE6FFF74DFD2860FFF728
:106B70004AFD206024F01EFB2060286824F01AFBE8
:106B800090FBF6F02860216891FBF6F12160484007
:106B90004FF47A71484324F00DFBFFF7F6FD13E63E
:106BA000FFF731FD2060FFF72EFD2860206824F0FC
:106BB00001FB2060286824F0FDFA28602168014369
:106BC00005D0304624F0F6FAFFF7DFFDFCE50020A3
:106BD00024F0F0FAFFF7D9FD11E2FFF714FD206071
:106BE000FFF711FD2860206824F0E4FA206028688F
:106BF00024F0E0FA2860216831B128B1304624F051
:106C0000D9FAFFF7C2FDFAE1002024F0D3FAFFF72A
:106C1000BCFDF4E1FFF7F7FC2060FFF7F4FC28600F
:106C2000206824F0C7FA90FBF6F02060286824F072
:106C3000C1FA90FBF6F02860216801434FF47A70A6
:106C4000484324F0B7FAFFF7A0FDD8E1FFF7DBFCDB
:106C50002060FFF7D8FC2860206824F0ABFA90FB96
:106C6000F6F02060286824F0A5FA90FBF6F0286082
:106C7000216801404FF47A70484324F09BFAFFF7F3
:106C800084FDBCE1FFF7BFFC206024F093FA206094
:106C900030B10020206024F08DFAFFF776FDAEE1E0
:106CA0000120F7E7FFF7AFFC2860FFF7ACFC20609E
:106CB00024F080FA2060286824F07CFA286021689B
:106CC000814201DD012000E0002024F073FAFFF78B
:106CD0005CFD94E1FFF797FC2860FFF794FC2060CF
:106CE00024F068FA2060286824F064FA286021689B
:106CF000814201DB012000E0002024F05BFAFFF775
:106D000044FD7CE1FFF77FFC2860FFF77CFC2060FE
:106D100024F050FA2060286824F04CFA286021689A
:106D2000814201DA012000E0002024F043FAFFF75D
:106D30002CFD64E1FFF767FC2860FFF764FC20602E
:106D400024F038FA2060286824F034FA286021689A
:106D5000814201DC012000E0002024F02BFAFFF743
:106D600014FD4CE1FFF74FFC2860FFF74CFC20605E
:106D700024F020FA2060286824F01CFA286021689A
:106D8000814201D1012000E0002024F013FAFFF736
:106D9000FCFC34E1FFF737FC2860FFF734FC20608F
:106DA00024F008FA2060286824F004FA286021689A
:106DB000814201D0012000E0002024F0FBF9FFF720
:106DC000E4FC1CE1FFF71FFC206024F0F3F92060D5
:106DD000002800DA404224F0EDF9FFF7D6FC0EE17E
:106DE000FFF711FC206028F0E9F900222A4B28F077
:106DF00068F929F021FE28F045FA264928F0E5F83F
:106E000028F0FAF92060FFF7C0FCF8E0FFF7FBFB81
:106E1000206028F0D3F900221F4B28F052F929F006
:106E2000A1FC28F02FFA1B4928F0CFF828F0E4F94C
:106E30002060FFF7AAFCE2E0FFF7E5FB24F0BAF9D7
:106E4000206028F0BBF90022134B28F03AF929F012
:106E5000D7FF28F017FA0F4928F0B7F828F0CCF937
:106E6000206024F0A7F9FFF790FCC8E0FFF7CBFB08
:106E700028F0A4F90022084B28F023F928F002FAA0
:106E8000044928F0A2F828F0B7F92060FFF77DFC4C
:106E9000B5E0000000007A4400408F4010F8030C79
:106EA000C0EBC00101EB0010FA4901EB40001E905D
:106EB000FFF7A9FBA3E010F8030CC0EBC00101EB46
:106EC0000010F44901EB40001E90FFF79CFB96E098
:106ED000F14A117841B1FFF796FB24F06BF90346B4
:106EE0000020FFF752FC1FE0016890680B1A002B8E
:106EF00005DDFFF788FB0020FFF747FC14E0E749BA
:106F00001844884208D1FFF77EFB24F053F903466A
:106F10000020FFF73AFC07E0FFF775FB24F04AF981
:106F200003460120FFF731FCDAF8000040F8043B8B
:106F3000CAF8000063E0B0F9000024F03CF9D84939
:106F400009680844D749086010F8011C29B1006895
:106F500024F030F9FFF719FC02E00020FFF715FCE0
:106F6000DAF80000801CCAF80000E7E3B0F900007E
:106F700024F021F9CA4909680844CA49086010F890
:106F8000011C19B10020FFF700FC04E0006824F0A8
:106F900011F9FFF7FAFBDAF80000801CCAF80000CC
:106FA000CCE3FFF730FB90FBF6F000B2BE49097866
:106FB000884203D10120FFF7E8FBBFE30023DFF89D
:106FC000F0A2BA4A9AF800C010E02B2101FB03217D
:106FD00091F804B0834502D0497A814204D101205E
:106FE000FFF7D3FB04E0CFE25B1C1BB26345ECDB95
:106FF0009AF8000083429DD10020FFF7C6FB9DE375
:1070000010F801BBCAF800000020386082460CE08E
:10701000FFF7F9FA206024F0CDF8206039680844C1
:1070200038600AF1010A0FFA8AFADA45F0DB3868AB
:1070300090FBFBF024F0BEF8FFF7A7FB7EE310F80F
:1070400001BBCAF8000000203860824621E0FFF74B
:10705000DAFA206024F0AEF8206039680144396023
:10706000BAF1000F03D190FBF6F189F80410BAF1E0
:10707000010F03D190FBF6F189F80210BAF1020F6B
:1070800003D190FBF6F0A9F800000AF1010A0FFA0B
:107090008AFADA45DBDBABF1020B89F803B013F0B7
:1070A000D9F9D9F80E0024F085F8FFF76EFB45E317
:1070B00004E189E16FE252E258E25EE210F8012B4E
:1070C000CAF80000D11E172999D24FF0000A0FAB61
:1070D0000DE0FFF798FA90FBF6F02060A2EB0A01B2
:1070E000491E23F811000AF1010A0FFA8AFA9245A3
:1070F000EFDB704800788DF87200BDF83C008DF829
:10710000730002E01FE224E267E2BDF83E008DF862
:107110007000010A4FF0030C0CEB41118DF8711057
:10712000802101EBD0208DF87400921E02F0FF0B3D
:1071300000200DF1080C0CE0811C33F811104FEA0F
:10714000112A0CF810A00CEB400A8AF80110401C20
:1071500000B29042F0DB0120034600904FEA4B0260
:1071600002A91CA803F0DAF83046FFF70EFBE5E2AF
:1071700010F8012BCAF80000D01E172897D2002360
:107180000DF13C0A0CE02FE20CE2FFF73CFA90FB19
:10719000F6F02060D11A491E2AF811005B1C1BB2C0
:1071A0009342F2DB434800788DF87200BDF83C0052
:1071B0008DF87300BDF83E008DF87000010A1823A9
:1071C00003EB41118DF87110802101EBD0208DF877
:1071D0007400921ED0B2012142000B4600910AF1C8
:1071E00004011CA803F09AF83046FFF7CEFAA5E296
:1071F000DEE1E4E1EAE110F801BBCAF80000FFF7C4
:1072000002FA23F0D7FF38604FF0000AABF1010B10
:107210000FE0FFF7F8F9206023F0CCFF206026494B
:1072200008603968884200DD38600AF1010A0FFA07
:107230008AFADA45EDDB386823F0BCFFFFF7A5FAE0
:107240007CE210F801BBCAF80000FFF7DCF923F07C
:10725000B1FF38604FF0000AABF1010B12E064E2BD
:1072600087E05BE0FFF7CFF9206023F0A3FF206009
:10727000114908603968884200DA38600AF1010A69
:107280000FFA8AFADA45EDDB386823F093FFFFF74F
:107290007CFA53E2E52405602C020060EB32A4F88E
:1072A000AC020060C4020060A1020060D8B00360BC
:1072B0006D02006067020060B4020060FFF7A3F98E
:1072C00023F078FF90FBF6F00FFA80FAFFF79BF9B6
:1072D00023F070FF90FBF6F001B24FF47A60824524
:1072E00000DD8246BAF1000F01DA4FF0000A504685
:1072F000491EC1EBC102FD4901EB8201CA7C2AB9DA
:107300000876C21700EB1262120ACA754FF47A713E
:10731000484323F04FFFFFF738FA0FE2FFF773F906
:1073200023F048FF0A2190FBF1F03860FFF76BF97A
:1073300023F040FF90FBF6F001B23868002801DA34
:10734000002038603868C82801DDC82038603868F7
:10735000491EC1EBC102E54901EB8201CA7C02B9B9
:10736000C87600EB8000400023F024FFFFF70DFA01
:10737000E4E1FFF748F923F01DFF90FBF6F00FFA68
:1073800080FAFFF740F923F015FF90FBF6F001B209
:10739000BAF1FF0F01DD4FF0FF0ABAF1000F01DA79
:1073A0004FF0000A5046491EC1EBC102CF4901EB24
:1073B0008201CA7C02B948764FF47A71484323F0BF
:1073C000F9FEFFF7E2F9B9E1FFF71DF990FBF6F0DE
:1073D0002060FFF718F990FBF6F02860216801297A
:1073E00001DA012121602168052901DD05212160E3
:1073F00021781331CAB201B2104624F006F8BC4914
:1074000027F0E3FD27F0F8FEFFF7BFF996E1FFF75D
:10741000FAF8206023F0CEFE2060FFF7F4F8286031
:1074200023F0C8FE02462860206890FBF6F0401E5C
:1074300001B298F80400401E002800DA0620DAF8AD
:10744000003013F8013C402B0DD0012303EB410128
:1074500009B2B24203DB092901D2002806DC002070
:10746000FFF793F96AE1490009B2F2E792FBF6F3FC
:1074700092FBF6F25B1EDFF87CC203EBC3030CEB5E
:107480000313521E03EB001302EBC2020CEB0212B9
:1074900003EB410302EB00105B7810F811004FF48E
:1074A000616A03FB0AF3C0EB001003EB8000386055
:1074B0004FF47A71484323F07DFEFFF766F93DE112
:1074C00098F803004FF47A714843386023F072FE55
:1074D000FFF75BF932E198F804004FF47A71484302
:1074E000386023F067FEFFF750F927E1B8F807008E
:1074F0004FF47A714843386023F05CFEFFF745F99A
:107500001CE198F805004FF47A714843386023F085
:1075100051FEFFF73AF911E17748417829B100208F
:1075200023F048FEFFF731F908E101214170012005
:1075300023F040FEFFF729F900E1012023F03AFE95
:10754000FFF723F9FAE0002023F034FEFFF71DF9DE
:10755000F4E0304623F02EFEFFF717F9EEE04FF48B
:10756000FA6023F027FEFFF710F9E7E040F6B830A5
:1075700023F020FEFFF709F9E0E04FF47A6023F0F2
:1075800019FEFFF702F9D9E041F2883023F012FE2C
:10759000FFF7FBF8D2E041F2707023F00BFEFFF72B
:1075A000F4F8CBE0304623F005FEFFF7EEF8C5E037
:1075B0004FF4FA6023F0FEFDFFF7E7F8BEE040F677
:1075C000B83023F0F7FDFFF7E0F8B7E04FF47A604A
:1075D00023F0F0FDFFF7D9F8B0E041F2883023F056
:1075E000E9FDFFF7D2F8A9E041F2707023F0E2FD67
:1075F000FFF7CBF8A2E041F6583023F0DBFDFFF7B0
:10760000C4F89BE04FF4FA5023F0D4FDFFF7BDF827
:1076100094E042F2283023F0CDFDFFF7B6F88DE07C
:1076200042F2107023F0C6FDFFF7AFF886E042F695
:10763000F82023F0BFFDFFF7A8F87FE042F6E060F6
:1076400023F0B8FDFFF7A1F878E098F802102B4876
:1076500040F25372414398F80100504301EB40114E
:1076600098F8000000EB4002C2EBC01001EBC00034
:10767000386023F09FFDFFF788F85FE0012023F0DA
:1076800099FDFFF782F859E00020FFF77EF855E0FA
:1076900000201B4A00EB001101EB410102EB41010C
:1076A000CB79012B01D1497A39B1401CC0B21028E5
:1076B000F0D30020FFF769F840E0012023F07AFDC5
:1076C000FFF763F821B00120BDE8F08FFEF79BFFC4
:1076D00090FBF6F0FEF797FF90FBF6F0FEF793FFB6
:1076E00090FBF6F00748FFF750F827E03EE3026012
:1076F00000401C46E83403602C02006080EE360037
:10770000E6C2026018FCFFFF017882390A2906D818
:10771000B0F901004FF47A714843FFF736F8DAF810
:107720000000C01CCAF8000008E0401ECAF80000B3
:1077300000202099FEF7B4FFFFF727F8DFF82CA40C
:10774000DAF8000090F90000FEF7C0FE00283FF4D0
:107750003CA8514608680278FF2A01D1401C086005
:10776000FEF751FF21B0BDE8F04F23F023BD10B567
:10777000B0F90130007883280BD0842809D04FF469
:107780007A74852807D0862802D191FBF4F0D05472
:1077900010BDD15010BD91FBF4F0D05210BDF44A91
:1077A00011680B1D136008607047F1490868001FDD
:1077B000086000687047F0B5059DB0F90170EE19DA
:1077C00036F904CCBCF1000F0BD0002A07DD94453C
:1077D00005DB002B03DD36F902CC9C4509DA0120DC
:1077E000F0BD002B03DD36F902CC9C4501DA012007
:1077F000F0BD0078882806D0892804D08A2804D0D3
:107800008B2805D103E0042402E0022400E00124D7
:1078100036F8026C521E5643F218521E62433A4426
:1078200012B2882808D0892806D04FF47A738A28A3
:1078300004D08B2809D105E0A95006E091FBF3F0B4
:10784000A85202E091FBF3F0A8540020F0BD2DE90E
:10785000F04F9DB007460C4600201290C548002509
:107860002E460570DFF80493C9F80040C049C248AD
:10787000086020880F90BDF93C0023F09CFC0F901D
:107880001FFA80FBE0B3D9F800100844401DC9F886
:10789000000000880F90BDF93C0023F08CFC0F9095
:1078A0001FFA80FAD9F800108A1C06920144891C3C
:1078B000C9F80010642801DD05200F9008880F909A
:1078C000BDF93C0023F077FC0F90D9F80010891C1B
:1078D000C9F800100A180A92A84A11600BEB0A01B5
:1078E0000144384607EB800202EB4710A44A1044DB
:1078F000C183DFF890A2AAF804504FF0010B3CE0DE
:10790000FFE700201DB0DFE60698FEF743FF0246C2
:107910009D480260D9F800009C4B0146401C18604D
:107920009AB109780246C9F8000049B19AF80010E6
:1079300001B105600168DAF808201144016017E020
:1079400002F801BC1868056012E009780246C9F81F
:10795000000021B102F8015C1868056008E09AF89F
:10796000001001B105600168DAF8082011440160D7
:10797000D9F80000001DC9F80000D9F800100A98D5
:10798000814207D2BAF80400411CAAF80410B0F5ED
:10799000FA6FB9D3BAF80410781C1C90B1F5FA6FDD
:1079A00006D31C98C1B20020FDF71FFB0020A9E7F9
:1079B000C9F8004020880F90BDF93C0023F0FBFB84
:1079C00001460F901B90A41CD9F80000801CC9F838
:1079D000000001444A78897802EB012CBCF5FA6F6B
:1079E00001D900208EE700EB01201044C9F8000007
:1079F0000020AAF80400664800680590781C0FFA79
:107A000080FACEE3624A1268059BD21AB2F5FA7F79
:107A100001D9002076E74FF00009CDF8349016B177
:107A2000012821D006E0012802D04FF0FF3069E79D
:107A3000C91C2960286810F8011B28602329E0D0A0
:107A400014DCA1F108011A29DBD2DFE801F032329F
:107A50000EF90EF8F70EF6F5F4F3F2F10EF00E0E45
:107A6000280E3232EF0E0EEE00269AE340297BD02C
:107A70000ADCA1F125010A29C3D2DFE801F01A1AB4
:107A8000F3F31ADBF41A1A1A842908D008DC412906
:107A90006BD043297ED05929B3D08329B1D1FBE0E3
:107AA000852905D0862903D0872901D08A29A8D124
:107AB000F2E02B4610F8015C092D0DD0082D0BD0FB
:107AC00001210C910178A1F182020A2A07D801272D
:107AD0008046C01C186021E000210C91F2E79C292F
:107AE00002D09E2907D019E09C27B0F80110C01CD5
:107AF0001991186012E0401C18609E27FEF789FD5E
:107B00001290129888B119480E22016813A81A9190
:107B100027F05AF81A9815490E3008601C2D0DD020
:107B20002D2D0BD0252D09D00BE018680168179179
:107B300001798DF86010401D1860EFE74FF47A70FE
:107B400009901D2D03D02E2D01D0262D01D1CDF869
:107B50002490092D1FD0292D29D02C2D3DD0082D62
:107B600055D0012F6ED072E0A1E0FBE0A4020060CE
:107B7000A8020060C802006054C90360AC02006043
:107B80006ECD02602C020060B0020060C402006092
:107B90003000006075E10698FEF7FCFD0990012FAA
:107BA00055D101464046069AFFF7E1FD4FE0012519
:107BB0000698FEF7EFFD07900698FEF7EBFD09909B
:107BC00007994FF47A7291FBF2F3069900910146FE
:107BD0002A464046FFF7EFFD39E00698FEF7DAFD4A
:107BE00008900698FEF7D6FD05460698FEF7D2FDEA
:107BF00009904FF47A71089A95FBF1F392FBF1F238
:107C00000699009101464046FFF7D5FD1FE0069812
:107C1000FEF7C0FD4FF47A7190FBF1F040B20C908A
:107C20000698FEF7B7FD099011E00AE199E238E005
:107C300039E068E08BE05DE230E288E2F7E1B7E14D
:107C400090E1FFE74046069A0999FFF790FD9C2FC7
:107C500002D09E2F06D107E0002309A919A80C9A8B
:107C600002F013F99DE25EE0FE4880F800B0FE48A5
:107C700080F80090FD4880F800B0FD4880F8009042
:107C800012980028EED10023CDF8009009A917A87A
:107C90000C9A02F043FB84E210F8011B08442860B0
:107CA0007FE201202EE6FFF780FD286079E206984A
:107CB000FEF770FD0FFA80F9B9F1010F06DB2868B5
:107CC0004178494502DB06E0401C286028680178BD
:107CD0000129C7D0F8E70278142A04D100EB41004B
:107CE000801CFFF75CFD2868A9F1010900EB490041
:107CF00040880E90BDF9380023F05DFA0E902044C4
:107D0000801E28604DE200F1020900880E90BDF946
:107D1000380023F050FA0E902044801E2860484618
:107D2000FFF73DFD3DE2D349097869B100880E9027
:107D3000BDF9380023F03FFA0E902044801E2860E1
:107D4000CC4880F800902CE2801C286029E2008852
:107D50000E90BDF9380023F02EFA0E902044801EBC
:107D600028601EE21E226D2126F083FFB0F100087C
:107D700002D06D200E9009E01E226E21286826F0A8
:107D800078FFB0F1000801D06E200E90FF2088F837
:107D900000000698FEF7FEFC08900698FEF7FAFC35
:107DA00007900698FEF7F6FC0990B348016811F8B1
:107DB000015B01602A46B14826F006FFAF4800F893
:107DC0000590AD4800684119AB480160BDF93850D5
:107DD0006D2D18D1DDE90710884214DAA949A848A9
:107DE000002391F90020A84991F90010CDE902097A
:107DF000CDE90012A54851460278A048FCF7D0FE14
:107E00009C4880F800B06E2D18D1DDE90701814251
:107E100014DD984880F800B09A499948002391F9F8
:107E20000020994991F90010CDE90209CDE900122D
:107E30009648514602789148FCF7B2FE88F8005007
:107E4000AFE10178FF2904D0DFF83492DFF834C2C3
:107E50000FE08D4940220A70401C2860A1E19CF986
:107E6000001010F8013B4A1C8CF8002009F8013082
:107E70002860286801780029F1D12868401C286012
:107E80008FE17C49002008700698FEF783FC0146CC
:107E90007F48016028680068099023F08BF90990F9
:107EA0002968091D11F8019B29607948006898B379
:107EB0004A46724826F088FE7049002001F8090001
:107EC00028684844286073490A780AB1099A026010
:107ED0000068002805DD8968401A23F06BF92968DD
:107EE000086000283ADC6749654A002091F90030B3
:107EF000654991F90010CDE90132039003466348CA
:107F00000091514602785D48FCF74AFEC0B228B3A2
:107F1000584880F800B021E0FFE701EB0900006855
:107F2000002812DC4A46554826F04EFE53490020F0
:107F300001F809005548514602785048FDF791F87C
:107F40005548017841F001010170286848442860D3
:107F5000099823F02FF90990296808602868001D06
:107F600028601EE18046C01C28600698FEF712FCBF
:107F700081460698FEF70EFC11900698FEF70AFC63
:107F80001199494508DB49464046069AFFF7EFFB41
:107F90002868801C286004E1286800880D90BDF9DD
:107FA000340023F008F90D902044801E2860F8E08A
:107FB00000880D90BDF9340023F0FDF80D9004EB1E
:107FC000000808F1020808F1030028600698FEF78F
:107FD000E1FB0698FEF7DEFB11900698FEF7DAFB50
:107FE0001090D5F80090C5F8008000200699FEF7A3
:107FF00057FB1099014409914046069AFFF7B7FBD9
:10800000C5F8009009991198814204DC09F1020930
:10801000C5F80090C5E0B9F800000D90BDF9340036
:1080200023F0C9F80D902044801E2860B9E0012695
:108030000698FEF7AFFB1649086018B12868801C47
:108040002860AEE02868B0F9000023F0B4F82044BE
:10805000801E28600078012801D0FE2800D100266B
:108060009FE000000C0300600D030060400400600E
:1080700041040060C8020060A4020060A4C903605B
:10808000CB020060CA020060C9020060A102006069
:10809000B00200602C020060A00200600698FEF7AB
:1080A00079FB5F49086088B1286810F8011B2860D7
:1080B00039B1B0F9000023F07EF82044801E28601A
:1080C0000FE000F801BC801C28600AE0286800F876
:1080D000019B2860B0F9000023F06DF82044801E59
:1080E0002860012628680078012801D0FE2858D190
:1080F000002656E00698FEF74DFB4949086090B10E
:10810000286800F801BB2860B0F9000023F053F89C
:108110002044801E2860012628680078012814D099
:10812000FE283ED111E0286810F8011B286021B11B
:1081300000F8019C801C2860EDE7B0F9000023F0F6
:108140003AF82044801E2860E5E7002629E0401C1C
:108150002860B0F9000023F02EF82044801E28602B
:108160001FE0011F0B910178A12936D00698FEF778
:1081700011FB05462B4800680068099023F01AF8A7
:108180002949896808440990A84236D925480168D8
:10819000C1F800901B992144A1F801900168091DC4
:1081A0000160204D29680878FE280AD0DFF878C0E1
:1081B000BCF80420531CACF80430B2F5FA6FFFF49D
:1081C00021AC19488088B0F5FA6FFFF40BAC1C980D
:1081D000C1B20120FCF709FF04E41249401C086009
:1081E000006822F0E7FF4FF47A7100FB01F50D48BB
:1081F0000C490068001D0860BCE7099822F0DAFF0E
:1082000009900849096808600B98001B00B222F029
:10821000D2FF1B992144A1F80100012007E40000CE
:10822000B0020060A40200602C0200602DE9F04161
:1082300007460C465D344FF46160A1784143607895
:10824000C0EB001001EB800021780E1860795D3CD6
:1082500000EB800273207843FD4901EBC00504F177
:108260000901284626F0B0FC463514F85D0FA870C9
:108270006078E870A07828712F706079687005F0D8
:10828000B9FDB0FBF6F0401C704368610020288304
:10829000BDE8F08170B506460C46732394F8611072
:1082A00094F86200091A01EB810200EB80000119C9
:1082B000012000EB46005843E54B093103EB8005F4
:1082C000284626F081FC05F8466F14F8610F6178A6
:1082D000401A68700020288370BD2DE9F04F85B0EA
:1082E000054688464FF4616098F85F10414398F85E
:1082F0005E00C0EB001001EB800098F85D100844B0
:10830000D8F864100844C8F864004FF00009D04859
:1083100005EBC502A0F5165102EB051201EB421761
:108320007321694300EBC1046AE009EB8900261858
:108330000396B4F85E0018B905F05CFDC4F85A0065
:1083400014F8461F208B07EB001001703178417143
:1083500071788171B178C171F178017231794172AE
:1083600005F048FD8DF80400824605F043FDC0F39A
:1083700007208DF80500049005F03CFDC0F3074B85
:108380008DF806B005F036FD000E8DF8070000EB05
:108390000B210498020402EB0A600144208B463C46
:1083A00007EB0010C0F8011040F60D21C181002339
:1083B0001A4602A9304602F0F8FA01281ED10298A6
:1083C00022F0F8FEB4F85E1007EB011C8DF80400F3
:1083D000C0F307238DF80530C0F307428DF806205F
:1083E000060E8DF807601B0406EB022203EB00600B
:1083F0001044CCF80A00491CA4F85E1009F10109E8
:1084000094F84700484590DCB4F85E6094F8470063
:108410003044192809D805B0BDE8F08F07EB0610E5
:108420001022002126F0D0FB761C192EF6DB894C99
:108430004FF4C871012254F83500C3B24B43C0F366
:108440000B20294617F0A2FF012847D18248007867
:10845000022843D105F1B300694606461AF0C8F870
:108460009DF8000054F8351000F00F02C1F30341ED
:108470008A4206D000F0F0000143009130461AF025
:10848000C6F834F83500C0F30721542000EB45004E
:1084900007461AF0BCF8552000EB450014F83510DB
:1084A00081461AF0B4F854F835006C49884203D27A
:1084B000401C44F8350011E0384600211AF0A7F8B6
:1084C000484600211AF0A3F89DF8000000F0F001E2
:1084D00030461AF09CF8002044F835004146284602
:1084E000FFF7A4FE97E72DE9F34F8BB080465A487B
:1084F0000078022803D15A484188491C418001254F
:1085000005EB48097320524909FB00F001EB800498
:10851000B4F85E0018B905F06DFCC4F85A000027E5
:10852000012000EB48004F4900EBC00202EB0010B5
:1085300040F60D2A01EB0016CEE107EB8700251867
:108540000023012204A9284602F02FFA01287DD138
:10855000039505F04FFC444951F82810FA31884240
:1085600075D394F84700401EB84204D105F042FC90
:108570003D4941F82800B4F85E0094F8461006EB37
:10858000001001702978417169788171A978C171F1
:10859000E978017229794172049822F00BFE88B3C0
:1085A0005E340BFA07FBA08840EA0B00A08005F0C0
:1085B00021FC8DF80800834605F01CFCC0F307255C
:1085C0008DF8095005F016FCC0F307408DF80A003D
:1085D0000A9005F00FFC010E8DF80B100A982A0482
:1085E00001EB0B6102EB0020014434F85E0906EB5D
:1085F0000010C0F801104FF08071C0F80A10A0F808
:108600000EA03AE0FFE705F0F5FB8DF80800834681
:1086100005F0F0FBC0F307258DF8095005F0EAFBE3
:10862000C0F307408DF80A00099005F0E3FB010E46
:108630008DF80B1009982A0401EB0B6102EB002066
:108640000144B4F85E0006EB00100FE043E11AE0CD
:108650004CF70160DCCF01608C040060FFFF0F006D
:108660003C020060CCD1016078220260C0F80110A9
:108670000021C0F80A10A0F80EA0B4F85E00401C5B
:10868000A4F85E0027E14FF0010BB4F862000BFA8A
:1086900007FB1BEA000F7DD0049822F08BFD50B140
:1086A000B4F86210012041EA0B01A4F86210FC4901
:1086B0000A78E2B30FE14634A08B20EA0B00A083D6
:1086C000218B207806EB0111087005F093FB8DF8E3
:1086D0000800834605F08EFBC0F307258DF809508E
:1086E00005F088FBC0F307408DF80A00089005F0FC
:1086F00081FB010E8DF80B1008982A0402EB002074
:1087000001EB0B61228B014406EB0210C0F8011053
:10871000A0F80EA003990B7843714B7883718B7886
:10872000C371CB78037209794172002100E005E042
:10873000C0F80A10521C2283463CCCE0087014F8A2
:10874000461F208B06EB0010017029784171697873
:108750008171A978C171E97801722979417205F0B6
:1087600049FB8DF80800834605F044FBC0F307255C
:108770008DF8095005F03EFBC0F307408DF80A0064
:10878000079005F037FB010E8DF80B1001EB0B6124
:108790002A0400E012E0079802EB00200A18218B5F
:1087A00006EB0110C0F801204FF08072C0F80A20DB
:1087B000A0F80EA0491C2183463C8CE0049822F0CE
:1087C000F9FCE8B34634A08B40EA0B00A083208B71
:1087D000217806EB00100170297841716978817168
:1087E000A978C171E97801722979417205F002FB1B
:1087F0008DF80800834605F0FDFAC0F307258DF8D3
:10880000095005F0F7FAC0F307408DF80A0006900A
:1088100005F0F0FA010E8DF80B1006982A0401EB12
:108820000B6102EB00200A18218B06EB0110C0F847
:1088300001204FF08072C0F80A20A0F80EA000E0DE
:1088400003E0491C2183463C45E0B4F86210012056
:1088500021EA0B01A4F8621091490A78DABB08708A
:1088600014F8461F208B06EB001001702978417127
:1088700069788171A978C171E978017229794172A9
:108880000021C0F80A1005F0B5FA8DF808008346FB
:1088900005F0B0FAC0F307258DF8095005F0AAFAE3
:1088A000C0F307408DF80A00059005F0A3FA010E09
:1088B0008DF80B1005982A0401EB0B6102EB0020E8
:1088C0000A18208B06EB0011C1F80120A1F80EA0B8
:1088D000401C2083463C7F1C94F847004FF0010B5E
:1088E000B8423FF72AAEB4F85E5094F847002844E7
:1088F000192804D86A484088B0F5967F6CD3684838
:108900000027478006E006EB05101022002126F024
:108910005BF96D1C192DF6DB624D55F82900C0F38B
:108920000721020E01EB0241C3B28EB24FF4C870B0
:10893000434300224146304617F028FD012847D125
:1089400059480078022843D108F1B30001A98246B2
:1089500019F04EFE9DF8040055F83830F02100F073
:10896000F00201EA13418A4206D000F00F000143F1
:108970000191504619F04BFE35F82900C0F307214C
:108980006C2000EB4806304619F041FE6D2000EBEC
:10899000480B15F82910584619F039FE55F82900EA
:1089A0004249884203D2401C45F8290010E0304675
:1089B000002119F02CFE5846002119F028FE9DF8E0
:1089C000040000F00F01504619F021FE45F829700F
:1089D00040460C99FFF75EFC354994F85E0001F8BB
:1089E00008000DB018E570B5324C002594F863000E
:1089F000B0B194F8620040B105F0FCF9616E8842B4
:108A000003D3E8B22146FFF768FC94F8610094F8BC
:108A10006210401A002803DDE8B22146FFF763FD2B
:108A20006D1C68340C2DE1DB70BD2DE9FE4F044652
:108A30004FF0010822791B480127E178012A13D061
:108A400007EB410350F823506D1CDFF85CA09AF847
:108A50000030022B00D00125D4F81200F8B1002616
:108A6000022B05D0667408E050F831506D1CECE71D
:108A7000A84201D2667400E0677404F11A030293FD
:108A8000A84225D2401EC3B24FF4C8767343C0F348
:108A90000B2017F0C0FA01280ED04FF0000842E07A
:108AA0003C020060DCCF01608C040060FFFF0F001F
:108AB0006C22026058E502604FF4C8763146029895
:108AC00026F09BF83246FE49029826F07DF82AE00F
:108AD000DFF8F0B3012A0BF5165928D04FF4C8710E
:108AE000029826F08AF8E078732107EB40004143B2
:108AF00009EB8101B1F85E100A0100EBC00101EB46
:108B000000100BEB0011029826F05EF89AF80000B6
:108B1000022808D0E078732107EB4000484309EBB6
:108B20008000A0F85E60D4F8120010B336E04FF475
:108B3000C871029826F061F8E0787321414309EB8F
:108B4000C101B1F85E100A0100EBC00101EB001099
:108B50000BEB4011029826F037F89AF80000022833
:108B6000E1D0E0787321484309EBC000A0F85E60D3
:108B7000D9E7D4F8160088B9217904F11600031F4B
:108B800001290ED0CDE90005E078D4F80D2007EBDF
:108B90004000D4F80910C0B217F0D1FA4046BDE841
:108BA000FE8FCDE90005E078D4F80D204006D4F81A
:108BB0000910000E17F0C3FAF0E730B500EB8002A1
:108BC00002EBC002C048002100EBC20080F8611037
:108BD00080F8621001EB81028318DA7A82B190F892
:108BE0006120521C80F861205A7AB84D1C7B2D7888
:108BF000AC420AD04CB190F86220521C80F862203E
:108C0000491CC9B20E29E5D330BD9B7A022B17D07F
:108C1000012B2AD0032BF3D1C2EBC20303EB421387
:108C2000AB4A1A4423324418D37884F84F30127870
:108C3000012AE5D190F86220521C80F86220DFE71B
:108C4000C2EBC20303EB0213A24A02EB4302283237
:108C50004418537984F84F301278012AD0D190F813
:108C60006220521C80F86220CAE7C2EB021202EBBB
:108C70004203994A1A4423324418537984F84F30F6
:108C80001278012ABCD190F86220521C80F8622030
:108C9000B6E72DE9F04100258B4FDFF840822846EA
:108CA000FFF78BFF05EB850000EBC50607EBC6045D
:108CB00094F85D0028B994F85E0010B994F85F004C
:108CC00098B194F8610080B194F8620018B121461F
:108CD0002846FFF7ABFA94F8610094F862108842D6
:108CE00003D021462846FFF7D5FA05F083F86066E1
:108CF000214608EBC600682225F066FF6D1CEDB228
:108D00000B2DCCD30020F4F77AF8754CE0600020EE
:108D1000F4F775F82061734900200870BDE8F08110
:108D200070B50020664B704C783B704D03F10C021F
:108D300053F8206054F820108E4201D043F82010E0
:108D400052F8206055F820108E4201D042F82010D1
:108D5000401CC0B20328EBD3614B65495C680968CD
:108D60008C4200D0596052F820106248006881425D
:108D700000D0986070BD2DE9FF5F044604EB8400CD
:108D8000564900EBC40001EBC008CDF808804E49FD
:108D900001EBC0060196002505F02CF87066204610
:108DA000FFF70BFF06F1090708F1090081465F2272
:108DB000394625F068FF00285CD006F15D0108F116
:108DC0005D00032225F05FFF18B396F8620000B142
:108DD000012598F8612098F8621096F86130521ACF
:108DE0001B1A9A4202D045F0020543E000EB8000D6
:108DF00001EB810109300931304408EB01030146E0
:108E000002EB8202184625F03EFF00B345F0020552
:108E100030E098F8620096F86210884208D100EBC2
:108E200080023946484625F02EFF10B1012500E0AA
:108E3000012598F8612098F8621096F8613096F84C
:108E40006200521A1B1A9A4202D045F0020511E044
:108E500000EB800001EB810109300931304408EB5F
:108E60000103014602EB8202184625F00CFF08B10F
:108E700045F00205124FDFF880B004F1B300E907B6
:108E8000A7F16007039075D057F83400012201065E
:108E90000B0DC0F30B20214617F078FA012869D199
:108EA0009BF80000022861D16946039819F0A0FBE5
:108EB0009DF8000057F8341000F00F021EE000008B
:108EC0003CD00160CCD1016058E5026067020060CF
:108ED000BECF0260E5240560A530056038EA026077
:108EE0003C0200609F02006014350460203504607D
:108EF0002C040060300400608C040060C1F3034166
:108F00008A4206D000F0F00001430091039819F066
:108F10007EFB37F83400C0F30721542000EB4409EE
:108F2000484619F074FB552000EB440A17F834103A
:108F3000504619F06CFB57F834004349884203D27D
:108F4000401C47F8340011E04846002119F05FFB4F
:108F50005046002119F05BFB9DF8000000F0F00185
:108F6000039819F054FB002047F83400314620469E
:108F7000FFF75CF9A8075FD5012000EB440557F81F
:108F80002500C0F30721020E01EB02411FFA81FC0C
:108F90000006030D00222146604617F0F7F901286C
:108FA0004AD19BF80000022842D16946039819F083
:108FB0001FFB9DF8000057F83430F02100F0F0025C
:108FC00001EA13418A4206D000F00F0001430091EC
:108FD000039819F01CFB37F82500C0F307216C201B
:108FE00000EB4409484619F012FB6D2000EB440ADF
:108FF00017F82510504619F00AFB57F825001249BA
:10900000884203D2401C47F8250011E04846002161
:1090100019F0FDFA5046002119F0F9FA9DF8000008
:1090200000F00F01039819F0F2FA002047F825002C
:1090300031462046FFF72EF904B031464046BDE8E0
:10904000F05F682225F0C0BDFFFF0F0010B5044699
:10905000204625F0F9FD401E01B204E0625C202AA2
:1090600003D1491E09B20029F8DA214400204870D2
:10907000204610BD70B50646304605F05FF9012860
:1090800010D0F94D002405222946304625F0FBFD7D
:1090900020B1641C24B21B35802CF4DB802C03DA55
:1090A000204670BDF04DEDE74FF0FF3070BD70B55C
:1090B0000646304605F042F9012812D0EB4C002557
:1090C000607B28B104222146304625F0DCFD20B12A
:1090D0006D1C2DB21C34802DF2DB802D03DA284666
:1090E00070BDE24CEBE74FF0FF3070BD70B5002A69
:1090F00010D0DD4A002384789578AC420CD1C57835
:10910000D678B54208D105781678B54204D10B70EF
:10911000012070BDD44AEDE75B1C9BB21B32802B53
:10912000EAD3002070BDF0B5002A16D0CF4A002344
:1091300086789478A6421CD1C478D578AC4218D1F0
:1091400004781578AC4214D145785478A54217D0EC
:1091500005F01F05032D02D005E0C44AE7E704F03F
:109160001F071B2F0CD01B2D03D104F01F04032C51
:1091700006D05B1C9BB21C32802BDAD30020F0BDE2
:109180000B700120F0BDF0B589B0DDE90E7C109DBB
:10919000B74C24788DF80A408DF80B0001F01F00C1
:1091A00001F0E0040021BCF1020F05D0002682B3DB
:1091B00080328DF80C2033E00126022815D01B28C0
:1091C00013D0B0B11C2814D0012816D01D2814D0FB
:1091D000042816D01E2814D0052816D0152814D01F
:1091E000032817D0142815D044E01C348DF809400A
:1091F00040E01D348DF809403CE01E348DF80940F4
:1092000038E01F348DF8094034E016348DF80940F9
:1092100030E003E015348DF809402BE08DF80C1098
:10922000012806D0022808D004280AD003280CD030
:1092300020E018348DF809401CE019348DF80940FD
:1092400018E01A348DF8094014E0BCF1010F28D061
:10925000E01C8DF809006DB105F1200000F01F023F
:1092600022448DF809209DF80C2000F06000024394
:109270008DF80C208DF808308DF81110324601A9B8
:1092800002A8FFF750FF002809D0784C76B19DF86E
:109290000400C0EBC00004EB8000C0F8057009B00A
:1092A000F0BD04F11B008DF80900D4E79DB12A46FA
:1092B00039466846FDF74FF96E49009825F085FE5E
:1092C00025F09AFF9DF80410C1EBC10104EB810168
:1092D000C1F80500E3E74FF47A7047439DF80400B6
:1092E000C0EBC00004EB8000C0F80570D7E7F0B514
:1092F00089B00F46DDE90E61109C154600228DF8FD
:109300000C208DF80A008DF80B70681CC0B28DF827
:1093100009005B1E8DF808308DF8112002292ED02F
:1093200005F01F0205F0E000012A2CD0022A2ED001
:10933000042A30D0012933D0C11C8DF8091054B152
:1093400004F1200202F01F0108448DF8090002F028
:1093500060008DF80C0000252A4601A902A8FFF73D
:10936000C5FE00289BD0404FFDB19DF8040000EBE6
:10937000C00000EB40003844C0F805608FE70125CD
:109380008DF80900E8E718308DF80900E3E7193097
:109390008DF80900DFE71A308DF809000124DAE7BB
:1093A00000F11B018DF80910C9E7A4B1224631462E
:1093B0006846FDF7D0F82F49009825F006FE25F005
:1093C0001BFF9DF8041001EBC10101EB4101394481
:1093D000C1F8050063E74FF47A7046439DF8040036
:1093E00000EBC00000EB40003844C0F8056056E7D1
:1093F0002DE9F04704460E46204604F09FFF012861
:1094000012D01A4D002E6FDA204604F097FFDFF8D5
:1094100068801A4F4FF0FF39012807D0387880282C
:109420000AD34846BDE8F087104DEBE798F80000F6
:10943000802801D34846F5E72046FFF738FE00288C
:1094400007DBC0EBC00105EB81014A7B521C4A736C
:10945000E8E70026687B98B1761C36B21C35802E72
:10946000F8DB4846DEE7000058950360D8A20360A9
:109470006702006000007A446C0200606B020060CA
:10948000204604F05BFF014603224FF0020C4FF030
:109490000409FE480123012927D0617894F804804B
:1094A00001F01F0108F060084144C6EBC60A00EB5A
:1094B0008A0094F8038080F8148094F801A094F84E
:1094C00000800AF0E00A08EBCA08A0F817801C29FF
:1094D0005FD01D2960D01E2962D01F2963D01629B4
:1094E00064D0152966D067E074E06178277901F0CF
:1094F0001F0107F060073944C6EBC60A00EB8A007B
:10950000E778077527795FEA076A0DD594F801A017
:109510000AF0E00A4FEACA0A0AEBC72794F800A04B
:109520005744A0F8177008E094F801A027780AF0D3
:10953000E00A07EBCA07A0F81770032911D01B290E
:1095400012D0182914D0192915D01A2916D0A1F132
:109550002107032F15D8203902EB0121A0F815109F
:1095600011E0A0F815200EE08321A0F815100AE004
:10957000A0F8153007E0A0F815C004E0A0F8159099
:1095800001E0A0F8152098F80000401C88F80000C1
:1095900015E0A0F815C00FE00021A0F815100BE0B1
:1095A000A0F8153008E0A0F8159005E00521A0F816
:1095B000151001E0A0F815203878401C387020689C
:1095C0002860207928714FF05530C5F805006B737D
:1095D000304627E7C6EBC60005EB8000417B491CFF
:1095E000417330461EE72DE9F04705460E462846F2
:1095F00004F0A4FE012812D0A54C002E6FDA2846F4
:1096000004F09CFEA34FDFF890824FF0FF39012851
:1096100007D098F80000802808D3484602E79C4C01
:10962000EBE73878802801D34846FBE62846FFF769
:1096300021FD0028F2DA0026A07B30B1761C36B27C
:109640001B34802EF8DB4846ECE6284604F076FE14
:109650004FF00109012854D16878297900F01F00E2
:1096600001F06001014406EBC60000EB40038848AE
:10967000AA78184482702A7913060AD56B7803F009
:10968000E003DB0003EBC2222B781A44A0F817207A
:1096900007E06B782A7803F0E00302EBC302A0F83E
:1096A0001720EA78AAB102750322032914D01B29D6
:1096B00016D0182918D0192919D01A291BD0A1F1B0
:1096C0002103032B1BD8203902EB0121A0F8151030
:1096D00017E0FF220275E7E7A0F8152011E02AE065
:1096E0008321A0F815100CE0A0F8159009E00221E4
:1096F000A0F8151005E00421A0F8151001E0A0F86D
:10970000152028682060287920714FF05530C4F862
:109710000500284604F012FE012808D098F8000041
:10972000401C88F8000084F80E9030467AE63878BD
:10973000401C3870F7E706EBC60000EB4000204401
:10974000817B491C817330466CE670472DE9F05FE0
:1097500000240025DFF83491DFF840B1504FDFF8E6
:1097600044814FF03C0A34E07F2C30D23878142208
:109770002844C0EBC00009EB800104EB840008EB37
:109780008006304625F020FA38782844C0EBC00027
:1097900009EB8000D0F8050006F01EFBC6F80500B6
:1097A00038782844C0EBC00009EB8000006925F040
:1097B00000FD25F021FD06F00FFB306138782044D4
:1097C0003BF81000B0FBFAF0F073641CE4B26D1CBF
:1097D000EDB2354800788542C6D3002529E07F2CBC
:1097E00025D2C5EBC50009EB800704EB840008EB2C
:1097F000800614223946304625F0E6F9D7F80500F0
:1098000025F0CEFC25F0F8FC06F0E6FAC6F80500D7
:10981000386925F0CEFC25F0EFFC06F0DDFA30616A
:109820003BF81400B0FBFAF0F073641CE4B26D1C5A
:10983000EDB21B4800788542D1D30025DFF8509067
:10984000DFF868B0144F4FE07F2C4BD238781422E9
:10985000284400EBC00000EB400000EB090104EBE2
:10986000840008EB8006304625F0AEF938782844AD
:1098700000EBC00000EB40004844D0F8050025F0A4
:109880008FFC25F0B9FC06F0A7FA11E0D8A203601E
:10989000589503606A0200606902006054C8036062
:1098A0006B020060A82202606C02006054C7036073
:1098B000C6F805003878284400EBC00000EB4000F3
:1098C0004844006925F075FC25F096FC06F084FA02
:1098D0003061387820443BF81000B0FBFAF0F073A8
:1098E000641CE4B26D1CEDB2FE4800788542ABD337
:1098F00000252BE07F2C27D205EBC50000EB4000B4
:1099000000EB090704EB840008EB800614223946BB
:10991000304625F059F9D7F8050025F041FC25F02F
:109920006BFC06F059FAC6F80500386925F041FCD1
:1099300025F062FC06F050FA30613BF81400B0FBF1
:10994000FAF0F073641CE4B26D1CEDB2E6480078E6
:109950008542CFD3C4F1800000EB8000810004EB8E
:10996000840008EB8000BDE8F05F25F046B92DE9E2
:10997000F05FDE4DDFF87883DFF878A3002698F8F3
:109980000000A946802859D2002753E0A87818B1D2
:10999000E87808F0D5FE04461C2C48D0152C46D09B
:1099A000142C44D0162C42D02B2C40D02C2C3ED042
:1099B0005F2C3CD0482C3AD02E2C38D09AF800009E
:1099C000CD4BC219C2EBC20109EB810191F814C061
:1099D00003EBDC030CF0070B1B784FF0010C0CFAC7
:1099E0000BFC13EA0C0F2CD15CB3EE7398F800104B
:1099F000E9B1EE720844C01B401EC0EBC0008200FB
:109A000005F11C01284625F0DFF89AF8000098F8C7
:109A100000100844401EC0EBC00009EB80001C2170
:109A200025F0EBF898F80000401E88F800007F1C35
:109A3000FFB21C3598F800008742A7D3AB4D002435
:109A40006CE0DFF8B8C23CF812305B1C2CF8123026
:109A500091F90F207F2A03D0002A01DD521ECA731C
:109A600095F90F100029E2DC98F800100029DED0EB
:109A7000EE720844C01B401EC0EBC000820005F11E
:109A80001C01284625F0A0F89AF8000098F800106C
:109A90000844401EC0EBC00009EB80001C2125F0EB
:109AA000ACF898F80000401E88F80000BFE7C4EB4F
:109AB000C40009EB800292F90F007F2803D0002830
:109AC00001DD401ED0738D4830F81420521C20F860
:109AD0001420E87A01281ED195F90F0000281ADC1D
:109AE000C9B1EE72081B401EC0EBC000820005F138
:109AF0001C01284625F068F89AF800001C21401E39
:109B0000C0EBC00009EB800025F077F89AF8000060
:109B1000401E8AF80000641CE4B21C359AF800105C
:109B20008C42C4D3764C00256E4FDFF8D8A1A146F5
:109B30004FF0553BDFF8B08148E098F8002050190D
:109B400000EBC00303EB430303EB090C9CF90F305C
:109B50007F2B04D0002B02DD5B1E8CF80F303AF80F
:109B600010305B1C2AF81030E07A01282BD194F9D0
:109B70000F00002827DCE6725018401B401E00EB47
:109B8000C00000EB400204F11B01204625F01CF848
:109B900098F8000039780844401E00EBC00000EB44
:109BA000400048441B2125F028F898F80010387828
:109BB0000144491E01EBC10101EB41014944C1F8D7
:109BC00005B0401E38706D1CEDB21B3439788D42E3
:109BD000B3D34B4D00243FE004EBC40000EB400046
:109BE00000EB090191F90F007F2803D0002801DD67
:109BF000401EC8733AF81400401C2AF81400E87A92
:109C0000012826D195F90F00002822DCEE72101BE6
:109C1000401E00EBC00000EB400205F11B0128468E
:109C200024F0D2FF98F800001B21401E00EBC0007A
:109C300000EB4000484424F0E0FF98F80000401E8C
:109C400000EBC00101EB41014944C1F805B088F8BF
:109C50000000641CE4B21B3598F800209442BBD38A
:109C6000BDE8F05F72E5F8B505460C4669784A1E16
:109C70000B2A7DD82448032903D02B780E5CB342ED
:109C800006D3032974D1085C2B780C3083426FD241
:109C90001E4B4FF47A700A2A47D2DFE802F00550D3
:109CA00084B5BFCCD6F0F0E32978194AC1EB011195
:109CB00001EB41011144009191F823208AB991F9F7
:109CC000282072B1A2F10C060A2E27D9173A072ACA
:109CD00006D802EBC20606EB02129A5C012A1DD0DE
:109CE00018E028E06A02006069020060D8A2036000
:109CF0006C0200606B0200605251046054C8036043
:109D00005895036054C70360E90E040826CB02602F
:109D1000A530056091F8251049B907E091F82510A4
:109D200001B1002021F046FA2060A8E0002021F0D7
:109D300041FA2060A3E0D1F81E0020609FE029785E
:109D4000C1EBC10202EB0111FD4A02EB410100919E
:109D500091F828201ABB91F82D2002B3A2F10C062D
:109D60000A2E0FD9173A072A08D802EBC20600E0DC
:109D700087E006EB02129A5C012A03D091F82610C4
:109D800049B907E091F8261001B1002021F012FA3C
:109D9000206074E0002021F00DFA20606FE0D1F81F
:109DA0001E0020606BE02978C1EBC10202EB41117B
:109DB000E44A1144009191F823200ABB91F826202F
:109DC000F2B1A2F10C060A2E0DD9173A072A06D8CD
:109DD00002EBC20606EB02129A5C012A03D091F84C
:109DE000241049B907E091F8241001B1002021F0B6
:109DF000E1F9206043E0002021F0DCF920603EE042
:109E0000D1F81E0020603AE02878CF49C0EBC000AE
:109E100001EB8000D0F80700206030E02978CB4AC1
:109E2000C1EBC10101EB410102EB4101897F01B9A5
:109E30000020206023E02978C54A01EB411111443C
:109E4000897F01B90020206019E0297801EB8102A7
:109E500002EB4111BF4A114491F8201001B90020D2
:109E600020600CE0297801EB810202EBC101BA4AC3
:109E700002EBC10191F8631001B90020206028783D
:109E8000F8BD00202060401EF8BD2DE9F84F0446C3
:109E90000D46617800260F46491E0B296BD8DFF866
:109EA000BCC2207817F80C70B8426FD20C29FCD2D3
:109EB000DFE801F006F4F3F2F1F0EF6C6CEE6CED1C
:109EC000C0EB0011A64F01EB410139440091A54EB2
:109ED0000A22325491F9220000B91BB1012855D150
:109EE000012BFCD191F82300DFF87CB2DFF87CA2D3
:109EF000DFF87C92F0B304F00FFC2678B04208DD66
:109F0000286825F04DF99B4925F091F80BEB861157
:109F1000486204F001FC01462078814229DC9AF86D
:109F20000010884225D2C0EB001101EB41013944F9
:109F3000D1F81E10904B2A8823F8102028688842F8
:109F400017D0D9F80000F2F79BF98C4E3068F2F781
:109F500097F921780022C1EB011000EB4000384452
:109F600007F060FA3068F2F7CFF9D9F80000F2F79D
:109F7000CBF901E00BE0CBE120780021FBF7C5FD38
:109F8000286821F017F90099C1F81E00BDE104F01E
:109F9000C3FB26787A4AB04248DDC6EB061000EBD8
:109FA0004000384490F92800A0F10C010A290DD98D
:109FB0001738072806D800EBC00101EB0010105C31
:109FC000012803D02868D8B101201AE0286898B188
:109FD000002025F0EEF80BEB8611486220781CF08B
:109FE00090FB58B100202178C1EB011101EB410138
:109FF000394481F8250063E00120EAE70120F2E717
:10A00000002025F0D6F80BEB8611486220781CF072
:10A0100078FB08B1012000E000202178C1EB01119C
:10A0200001EB4101394481F8250049E0C6EB0610F7
:10A0300000EB4000C11991F9258091F92800A0F1A9
:10A040000C030A2B0DD91738072806D800EBC003DC
:10A0500003EB0010105C012803D02868F8B1012040
:10A060001EE0286830B1002081F82500286818B16A
:10A07000002103E00120F7E74FF47A712078C0EB6C
:10A08000001000EB40003844C0F81E1018E016E144
:10A090002CE103E1F6E0E4E0D4E0B3E072E000207C
:10A0A00081F82500286810B14FF47A7000E0002094
:10A0B0002178C1EB011101EB41013944C1F81E00C7
:10A0C0002078C0EB001101EB4101394491F82510D3
:10A0D00021B14FF47A7104F033FA02E0002104F068
:10A0E0002FFA04F019FB0146207881423FF741AF77
:10A0F0009AF800108842BFF43CAFC0EB001000EBB0
:10A100004000384490F9250040453FF432AFD9F87B
:10A110000000F2F7B5F8194E3068F2F7B1F821787F
:10A120000022C1EB011000EB4000384407F07AF93F
:10A130003068F2F7E9F8D9F80000F2F7E5F818E727
:10A14000E5240560BECF02603EE302609833036001
:10A15000A83B03606ECD026058E50260E90E04087A
:10A16000A530056082CF016094640360EA0200605C
:10A170001803006000007A447AB802607804006036
:10A1800026CB0260C0EBC001FF4F01EB001007EBD4
:10A190004000009090F9271001B91BB1012950D15E
:10A1A000012B4ED190F8281031B9296809B101214D
:10A1B00000E0002180F82610286820F0FBFF2868C6
:10A1C00020F0F8FF0099C1F81E002078C0EBC00114
:10A1D00001EB001007EB400191F82D00192803D086
:10A1E0000F2801D01D282CD1D1F81E0020F0E2FF4D
:10A1F00038BB2078E54941F820602178E44A012005
:10A20000505482E0C0EBC00101EB4010E14908442A
:10A21000009090F8221001B91BB1012975D1012BD2
:10A2200073D190F8231031B9296809B1012100E0F8
:10A23000002180F82410286820F0BCFF0099C1F8A4
:10A240001E0062E0D449C0EBC00001EB800000902A
:10A25000C07C00B91BB1012857D1012B55D128680A
:10A2600053E0C0EBC000CD4900EB400001EB4000E3
:10A270000090C07F00B91BB1012846D1012B44D109
:10A28000286842E0C64900EB401008440090C07FB7
:10A2900000B90BB148B343B3286836E000EB800146
:10A2A00001EB4010BF490844009090F8210000B92C
:10A2B0001BB1012829D1012B27D1286825E000EB0B
:10A2C0004001B94B01EBC00119440091B1F80910EC
:10A2D000914201DD002A00DA0022B44B296853F8CC
:10A2E000200040F8221011F0FCFB0EE000EB800192
:10A2F00001EBC000AE4901EBC0000090296809B134
:10A30000012100E0002180F863102078BDE8F88F7B
:10A31000667026702E604FF0FF30F7E72DE9FF4F93
:10A3200087B00746DDF850800D469946002638680C
:10A33000049038798DF8140004A804F01EF89DF8F4
:10A340001200741EF0B19B490978884205D19DF82E
:10A3500013208A427DD0002AFCD04FF000098842A9
:10A3600078D104A8FEF7A3FEB0F1000A0CDA21466A
:10A3700004A8FFF73DF8B0F1000A05DA20460BB05B
:10A38000BDE8F08F2046FAE704A803F0D7FF0146A6
:10A39000894801290CD0CAEBCA0100EB810460781E
:10A3A0001C2877D01D2876D0844E012874D017E160
:10A3B000CAEBCA0100EB81046178207901F01F0229
:10A3C00000F06003D7184FEA511B010601D500F0D9
:10A3D0001F060998032FC0B2069007D01A2F05D088
:10A3E0001B2F03D0A7F12100032814D80998B8B176
:10A3F000D4F80500039988420DD0069800904FEAE2
:10A400000B2000EBC62120782B46084482B2217D28
:10A41000102008F06BFD182F3FD0192F3DD051E0D0
:10A42000D4F8051028688142F5D0A7F1210103294D
:10A430001CD824F0B5FE624924F0F9FDA7F12001F3
:10A44000CAB203A9FCF759F8042000904FEA0B2088
:10A4500001E09FE264E100EBC621207803AB0844F1
:10A4600082B2217D102008F041FDD4E74FF47A71CB
:10A4700090FBF1F00390012000904FEA0B2000EBDD
:10A48000C621207803AB084482B2217D062008F063
:10A490002DFDC0E74CE064E09DE0099818B3D4F8C6
:10A4A0000500039988420DD0069800904FEA0B20D2
:10A4B00000EBC62120782B46084482B2217D0F2074
:10A4C00008F014FD0998012829D0B8F1000F29D00F
:10A4D000B8F1020F29D07F20E0733A4820F81A9093
:10A4E000C4F8109010E1D4F8051028688142E9D032
:10A4F00024F056FE324924F09AFD24F07DFE0390AC
:10A50000012000904FEA0B2000EBC621207803AB1E
:10A51000084482B2217D052008F0E8FCD2E73C2007
:10A52000E073DAE71420E073D7E73C20E073D4E768
:10A53000D4F805102868814212D024F031FE204959
:10A5400024F075FDCDE900099DF813309DF8122027
:10A550009DF81010022001F0B1F82868C4F8050039
:10A5600092E0D4F805102868814233D024F018FE18
:10A57000134924F05CFDCDE900099DF813309DF8E6
:10A5800012209DF810101FE0E5240560BC630460F4
:10A59000DC720460BECF02603EE302609833036069
:10A5A000A83B03606ECD02609474036014C703601F
:10A5B00058E5026067020060D8A203609D02006057
:10A5C00000007A4454C80360002001F077F828683E
:10A5D000C4F8050058E09DF810103278914204D27A
:10A5E0001E2802D0012830D034E0D4F80520296894
:10A5F0008A4249D01E2816D0084624F0D1FDFE49D3
:10A6000024F015FDCDE900099DF8100031789DF882
:10A610001330411A9DF81220012001F04FF82868EC
:10A62000C4F8050030E0084624F0BAFDF24924F0F1
:10A63000FEFCCDE900099DF813309DF812209DF82D
:10A640001010012001F03AF8E9E79DF81010327877
:10A65000914201D31F2817D1D4F8051028688142F0
:10A6600012D024F09DFDE44924F0E1FCCDE900097D
:10A670009DF813309DF812209DF81010042001F071
:10A680001DF82868C4F805006078162818D1D4F899
:10A6900005102868814213D008B1012000E0002095
:10A6A00024F087FDCDE900099DF813309DF81220B4
:10A6B0009DF81010052001F001F82868C4F8050085
:10A6C0006078152818D1D4F805102868814213D075
:10A6D00008B1012000E0002024F06BFDCDE9000965
:10A6E0009DF813309DF812209DF81010032000F003
:10A6F000E5FF2868C4F805009DF813109DF81200C6
:10A70000002203F0B8FD2061B8F1000F05D07F20D2
:10A71000E073BA4820F81A9045E10A20E073F8E7A0
:10A7200004A8FEF7A7FCB0F1000A08DA214604A845
:10A73000FEF759FFB0F1000A01DA20461FE604A82F
:10A7400003F0FCFDAE49012808D00AEBCA0000EB7B
:10A75000400044189DF81300F0B386E00AEBCA00ED
:10A7600000EB400044186178207901F01F0200F0EE
:10A770006003D7184FEA511B032F09D01A2F07D0B7
:10A780001B2F05D0182F03D0A7F12101032943D88F
:10A79000010601D500F01F06D4F805102868814293
:10A7A0003AD0A7F1210103291CD824F0F9FC9249E1
:10A7B00024F03DFC203FFAB203A9FBF79EFE0220E5
:10A7C00003A9CDE900104FEA0B20217800EBC62049
:10A7D000084483B2E27800E043E0A078102109F059
:10A7E00055FB16E04FF47A7190FBF1F00390182FAF
:10A7F00020D0012003A9CDE900104FEA0B202178D9
:10A8000000EBC620084483B2E278A078062109F064
:10A810003DFB2868C4F80500B8F1000F1BD0B8F163
:10A82000020F1BD07F20E073764820F81A90C4F8FE
:10A830001090B8E0012003A9CDE900104FEA0B20E9
:10A84000217800EBC620084483B2E278A078052185
:10A8500009F01CFBDDE71E20E073E5E73C20E07318
:10A86000E2E79DF812008DF81300D4F8051003916B
:10A87000607803280CD002280AD0012808D01C28B0
:10A880002AD01D286FD01E283ED01F2854D06AE041
:10A890002868884267D09DF813109DF812000222A4
:10A8A00003F0E9FC064630005DD09DF8101060789A
:10A8B00002AA00F0EBFE0746286824F071FC24F0A1
:10A8C000B4FC03469DF8082039B2304601F0F0F898
:10A8D0002868C4F8050046E02868884243D024F080
:10A8E0005FFC454924F0A3FB0221CDE900019DF85E
:10A8F00013309DF812209DF81010022000F0DEFEAB
:10A900002868C4F805002EE0286888422BD024F07F
:10A9100047FC394924F08BFB0221CDE900019DF869
:10A9200013309DF812209DF81010012000F0C6FE93
:10A930002868C4F8050016E02868884213D024F07F
:10A940002FFC2D4924F073FB0221CDE900019DF875
:10A9500013309DF812209DF81010042000F0AEFE78
:10A960002868C4F805009DF813109DF81200022213
:10A9700003F081FC20616420F1F7D5FBB8F1000FF2
:10A9800005D07F20E0731F4820F81A900BE01E20AE
:10A99000E073F8E7B9F1010F05D14B462946384677
:10A9A000099AFFF772FA0120E9E42DE9FE4F81468A
:10A9B0000C4617461D464FF00008CDF80080D9F828
:10A9C0000000019099F804008DF8080001A803F038
:10A9D000D4FC9DF806004FF0FF3648B30A490978C9
:10A9E000884205D19DF807208A427BD0002A79D081
:10A9F0004FF0553A0AE0000000007A4454C8036062
:10AA00005895036054C70360670200604FF07F09E8
:10AA1000884258D101A8FEF74AFB051E0ADA3146E2
:10AA200001A8FEF7E5FC051E04DA3046BDE8FE8FFE
:10AA30003046FBE7802D1CDA01A803F07FFC0146BD
:10AA4000DFF870B3DC48012914D0C5EBC50100EB79
:10AA500081060022F178B07803F00DFC3061D6F861
:10AA6000050050452BD0206037B386F80F902BF8A7
:10AA7000158093E0C5EBC50100EB8106C6F8108098
:10AA8000D6F8050050450BD020F094FB206027B18C
:10AA900086F80F902BF8158080E01420F073F9E70A
:10AAA0003FB186F80F902BF81580C4F80080002085
:10AAB000BCE71420F073F6E70A20F073D7E7C4F878
:10AAC00000800020B2E7012D0DD001A8FEF7D2FAD8
:10AAD000051E0ADA314601A8FEF785FD051E04DAD7
:10AAE0003046A3E754E03046A0E7802D56DA01A8AF
:10AAF00003F024FCB1494FF01E0B01281CD005EBDC
:10AB0000C50000EB400046180222F178B07803F04F
:10AB1000B2FB30617FB386F80F90A94921F8158008
:10AB2000D6F8050050452FD048B320604FB386F8C3
:10AB30000F9021F8158031E005EBC50000EB4000D7
:10AB40000844C0F81080D0F8051051450AD02160A3
:10AB50002FB180F80F909A4820F815801EE080F8F9
:10AB60000FB0F8E780F80FB0954820F81580C4F8CA
:10AB7000008000205AE7FFE786F80FB0CDE70020FD
:10AB800054E786F80FB0D4E7C4F8008000204DE702
:10AB900069464846FFF767F800982060012045E7BE
:10ABA0002DE9F04F87B006460D4617461C464FF07C
:10ABB0000008CDF808800E22314603A824F004F8DE
:10ABC0009DF810009DF81110000600EB01409DF863
:10ABD0001210421822B17B4800217B4B1B7812E0F7
:10ABE000002007B0BDE8F08FD0F800C0944507D131
:10ABF00090F804C08DF802C090F809C08DF803C029
:10AC0000491CC9B22B309942EED370489DF802100E
:10AC10000078814205D19DF8032082426FD0002A3E
:10AC20006DD04FF0FF364FF07F0981422DD168463D
:10AC3000FEF73DFA041E07DA31466846FEF7D8FBF8
:10AC4000041E01DA3046CCE7802C16DA5A48C4EBF1
:10AC5000C40100EB81060022F178B07803F00BFB11
:10AC60003061D6F80500B0F1553F0AD028602FB109
:10AC700086F80F904F4820F8148072E00A20F07395
:10AC8000F8E7C5F800800020ABE7012C0CD068463F
:10AC9000FEF7F0F9041E09DA31466846FEF7A3FC18
:10ACA000041E03DA30469CE730469AE7802C58DAD7
:10ACB000684603F043FBDFF808B140494FF01E0A35
:10ACC00001281DD004EBC40000EB4000461802220E
:10ACD000F178B07803F0CFFA30617FB386F80F9047
:10ACE0002BF81480D6F80500B0F1553F2FD048B3AB
:10ACF00028604FB386F80F902BF8148031E02AE0DB
:10AD000004EBC40000EB40000844C0F81080D0F809
:10AD10000510B1F1553F09D0296027B180F80F9097
:10AD20002BF814801DE080F80FA0F9E780F80FA041
:10AD30002BF81480C5F80080002052E7FFE786F862
:10AD40000FA0CDE700204CE786F80FA0D4E7C5F8A8
:10AD50000080002045E702A93046FEF784FF0298F4
:10AD6000286001203DE73EB50024194DC4EBC40026
:10AD700000EB800015F8101000291AD005EB4000F8
:10AD8000C17A8DF80410817A8DF80510017A8DF85A
:10AD90000610407A8DF8070000208DF80800012386
:10ADA0001A46694601A8FFF700FE641CE4B2F02CC5
:10ADB000DCD33EBD54C80360D8A20360589503603D
:10ADC00054C70360D8B003606D0200606702006082
:10ADD000F8F10260FE490879002807D04879421E40
:10ADE0004A7101D30020704700200871012070478C
:10ADF00070B5CCB00446F74800798DF80400A0780F
:10AE000001AE5E2802D0C2280DD032E003208DF8BA
:10AE10000500B4F80500000A8DF8080060798DF887
:10AE20000900062525E02088C01F022816DD102015
:10AE30008DF80500B4F80500000A8DF80800607967
:10AE40008DF809002078C01F8DF80A002288E24999
:10AE5000D21FF01D23F0B8FE25880AE006208DF8E9
:10AE60000500DD4801788DF8081040788DF809005C
:10AE7000062520798DF80600E0788DF80700E9B204
:10AE800001A809F0D2FE010A71557119487001A993
:10AE900004200BF019F84CB070BD2DE9F05F0546A9
:10AEA0000E464FF000080027DFF830A3DFF830B37C
:10AEB00007EB870000EB471000EB0B09B9F9230003
:10AEC00020F079F900283BDD002433E007EB470050
:10AED000C0EBC7100AEB0010015D9E2928D1204469
:10AEE0008178427901F01F0102F060021144042CC4
:10AEF0001ED910F8012C9D2A1AD010F8022C9D2A78
:10AF000016D010F8032C9D2A12D010F8042C9D2A7C
:10AF10000ED0032906D0A1F11802072A02D921393F
:10AF2000032905D8C178A94202D1C6704FF00108A3
:10AF3000641CA4B2B9F9230020F03DF9A042C5DC9D
:10AF40007F1CFFB2102FB3D30022A64C002002EBCF
:10AF5000820101EBC20104EBC10300EB8001194443
:10AF6000CF7AAF4206D1CE720F7BAF4200D10E73C3
:10AF70004FF00108401C80B20E28EED3521CD2B212
:10AF80000C2AE3D3984890F80901022815D0002034
:10AF9000964AC0EBC00101EB810102EB41010B7A43
:10AFA000AB4206D10E724B7AAB4200D14E724FF0DB
:10AFB0000108401CC0B2F028EBD3B8F1000F06D056
:10AFC0008B490120C873BDE8F05F03F09DBEBDE86A
:10AFD000F09F2DE9F05F05460E464FF00008002770
:10AFE000DFF8F8A1DFF8F8B107EB870000EB4710B6
:10AFF00000EB0B09B9F9230020F0DDF800283BDD58
:10B00000002433E007EB4700C0EBC7100AEB001049
:10B01000015D9E2928D120448178427901F01F01E9
:10B0200002F060021144042C1ED910F8012C9D2A54
:10B030001AD010F8022C9D2A16D010F8032C9D2A45
:10B0400012D010F8042C9D2A0ED0032906D0A1F1AD
:10B050001802072A02D92139032905D8C178A94243
:10B0600002D1C6704FF00108641CA4B2B9F92300E4
:10B0700020F0A1F8A042C5DC7F1CFFB2102FB3D393
:10B080000022584C002002EB820101EBC20104EBCC
:10B09000C10300EB80011944CF7AAF4206D1CE72D2
:10B0A0000F7BAF4200D10E734FF00108401C80B2FD
:10B0B0000E28EED3521CD2B20C2AE3D34A4890F8A1
:10B0C0000901022815D00020484AC0EBC00101EB5D
:10B0D000810102EB41010B7AAB4206D10E724B7A31
:10B0E000AB4200D14E724FF00108401CC0B2F028B4
:10B0F000EBD3B8F1000F06D03D490120C873BDE87D
:10B10000F05F03F001BE62E73A4B00223049187845
:10B11000002808D00878401CC0B20870032801D964
:10B120001A700A7070470A70704710B50022314BD0
:10B13000274C02280DD0032810D0042813D0012852
:10B140000BD11A7024480C38427A642A10D2162087
:10B1500011E01A7004200870A08910BD1A70052033
:10B160000870A08910BD1A7006200870A08910BD53
:10B1700000780A30C0B203220A7010BD30B40A460B
:10B18000072A53D3817A124C12294CD0E179002935
:10B190004CD1111DA181184B4179197017490378C1
:10B1A0000B700C234B70164B1B881D0A8D70CB70D7
:10B1B00006230B71074BDD7B4D711D7C8D715D7C12
:10B1C000CD719B7C0B72BA234B72C0238B7219E03A
:10B1D00050020060526304606EAE02600A2F02608B
:10B1E0006ECD026058E502607ABF0260F8F102603D
:10B1F00044CC0360E6070060BE0700608C19056060
:10B200009C030060F849096821610121A171F74997
:10B210000B78002B0AD102230B70D21FC11D30BC4A
:10B22000F34823F0D1BC0A21E171B2E730BC70478A
:10B230002DE9F0411446EF4B81221A700A225A7010
:10B24000A51E2A0A9A70DD700A781A7108225A71AE
:10B250008A789A71CA78DA7101261E725872A4F13E
:10B260000C020C3103F10A0023F0AEFCE248067038
:10B27000E24800270770E24E3078092812D240F2E7
:10B280002D114843DFF87C83A21E08EB4000D9490A
:10B2900023F09AFC307840F22D11484308EB40002F
:10B2A000A0F8585230780A2803D2401C3070BDE80C
:10B2B000F0813770FBE730B54FF0FF35002804D040
:10B2C0000021D24AD04B12780CE0284630BDC1EBA9
:10B2D000C10403EB8404647E844201D148B230BDD2
:10B2E000491CC9B29142F2D3284630BD30B54FF067
:10B2F000FF35002804D00021C64AC54B14780DE064
:10B30000284630BD01EBC10202EB42021A44527ED4
:10B31000824201D148B230BD491CC9B2A142F1D329
:10B32000284630BD70B54FF0FF36002806D000210A
:10B33000B84AB74D1378B84A14780EE0304670BD5D
:10B340005A1802EBC20202EB42022A44527E8242A7
:10B3500001D148B270BD491CC9B2A142F0D33046F8
:10B3600070BD2DE9FF5F04468A46012700264FF095
:10B37000020B4FF0AC0804F10B05002A43D0012A60
:10B380003FD194F801A05046FFF7B0FF8146B9F1D4
:10B39000FF3F72D0A1480770E07A44286ED0912810
:10B3A0006DD0617B5E292CD1217CB0EB410F0FD198
:10B3B000607DA17C227D00EB0160E17C090401EB52
:10B3C0000221084423F0F5FE954923F030FE039056
:10B3D0009349039823F0F9FD23F00EFFCDE901B660
:10B3E000009009EBC9008A4900EB40000A5C084460
:10B3F000521C4178D3B2491ECAB2C1788078FDF799
:10B4000076FFBDE8FF9FDFF81C9299F8060001283F
:10B4100002D0022836D08EE07648812101700A21C0
:10B4200041700AF10605290A8170C57007714671DD
:10B4300052462146801D23F0C7FB6F4807706F48B6
:10B4400006706F4C2078092811D240F22D11484324
:10B450006C4F2A4607EB4000664923F0B5FB207885
:10B4600040F22D11484307EB4000A0F858522078D5
:10B470000A2805D2401C20705DE06CE05EE065E0CB
:10B48000267058E0684960780978884253D1674847
:10B490000770A078122805D0E07A442822D091289D
:10B4A00028D02BE020792044017B5E2943D1817A8A
:10B4B000C27BB1EB420F3ED1817C027D037E01EB6A
:10B4C0000221827D120402EB03628B1858492B2261
:10B4D00009785143574A1144C1F8053090F82000CB
:10B4E000887228E084F80B8003AA0A2128461CF001
:10B4F0009EFE03E0207B23F05CFE03904849039806
:10B5000023F063FD23F078FECDE901B600904A48B0
:10B510000078C0EBC0013C4800EB8100B0F8172078
:10B52000417D02F47F4301EBD301D3B2C9B2007D68
:10B530000022FDF728FE89F8066062E784F80B8098
:10B5400003AA0A2128461CF072FE41E7207B23F063
:10B5500030FE03903CE7394800785045EDD1E07A61
:10B560004428EAD184F80B8003AA0A2128461CF05B
:10B570005EFE33480770039823F057FE3149087088
:10B580003FE730B5ADF5197D04460D46D4F8060009
:10B5900097AA98A91BF0FAFF9DF86012062903D01C
:10B5A00000200DF5197D30BDD4F8061001AA08441D
:10B5B00097991CF060FA9DF80A006328F1D19DF874
:10B5C0000C102970EDE710B500211F4B194A1B78AC
:10B5D0003EE02B2404FB01242468844236D12B2036
:10B5E00000FB0120007910BD30000060E60700601C
:10B5F000971905600AAC026023010060F802006040
:10B60000640100601CA80160D8A203606B020060A6
:10B6100058950360690200606A02006006030060DA
:10B6200000007A44500200604C0300604D0300604B
:10B6300047030060D8B00360460300600903006060
:10B6400007030060080300606D020060491CC9B276
:10B650009942BED30020C6E710B50020FE4AFF4B3A
:10B66000FC49B2F807201B780CE02B2404FB0014E3
:10B670002468A24204D12B2200FB02100079B2E719
:10B68000401CC0B29842F0D30020ACE7034601282A
:10B690000DD0022B06D0032B0DD141F69C7000EB90
:10B6A000410008E041F63C5000EB410003E041F668
:10B6B000BC3000EB41000221117070472DE9FF4FB3
:10B6C000ADF51D7D8246AA9FAB9C934699462246C6
:10B6D0004946584602F0CFFD05464FF0FF367DB192
:10B6E00000200DF1140814B1022C28D008E0DC4928
:10B6F00091F82A20092A08D091F82810092904D0A5
:10B7000030460DF5217DBDE8F08FD649CA790AB1E2
:10B710003046F6E702228A71D34A04211170D349D8
:10B7200081F80090CDE90080CDE90276552304949C
:10B73000514628469E9A1FF0DEF90120E1E7CC4AE7
:10B74000012111708146CB4880F80090CA495846C3
:10B7500002F05BFDC94905200870CDE9027655234A
:10B76000CDE900890494514628469E9A1FF0C3F9FA
:10B77000C7E7F0B5ADF53F7D07460E4615463421C7
:10B78000B2A823F03AFA3421A5A823F036FA00240F
:10B79000A4944FF418710CA823F02FFA089409947C
:10B7A0000A940B94142101A823F027FAB448C58009
:10B7B00086804FF48270ADF820000120CDF8220081
:10B7C0000720ADF818005E208DF81A00ADF81B6058
:10B7D000ADF81D50A34804810CAA06A906201BF051
:10B7E0000AFD0CA9A5A81BF0EFF9A5A9CDF8261014
:10B7F000CDF82A0001AAA4A938461AF026F838B1D3
:10B80000022208A901A81EF009FC0DF53F7DF0BD3C
:10B810006FF00600F9E72DE9F04F87B00446109D60
:10B820008A4693461F46FF262A463946584602F066
:10B8300022FD80465FEA08004FF0FF3105D04FF04F
:10B840000209002225B1022D19D0084607B05AE797
:10B850008448C3790BB10846F8E780F8069082491E
:10B860000320087081480770CDE900255523524612
:10B87000214640461FF0A3F882490870E6E77C495C
:10B88000012008707B48174602707B49584602F039
:10B89000BCFC7A4905200870032C10D0022C0ED075
:10B8A000012C0CD01C2C1BD01D2C23D01E2C2BD0DB
:10B8B0001F2C33D0162C3BD0152C43D04BE00AF074
:10B8C000FF0101AA2046FFF7E1FE014602ABCDF8D9
:10B8D00000909DF804204046FFF74BFFC6B23AE0C7
:10B8E000CDE9007555235246022140461FF067F806
:10B8F000064630E0CDE9007555235246002140460A
:10B900001FF05DF8064626E0CDE900755523524646
:10B91000012140461FF053F806461CE0CDE90075B2
:10B9200055235246042140461FF049F8064612E0CE
:10B93000CDE9007555235246052140461FF03FF8DA
:10B94000064608E0CDE900755523524603214046DE
:10B950001FF035F80646304678E72DE9F8430546EE
:10B960000E461446002000210091002E0AD0002C23
:10B9700008D028466A461CF061F94FF0FF380028CD
:10B9800002DA4046BDE8F883074600982080E819AF
:10B990006A4601211CF052F9002801DA4046F1E71D
:10B9A00007440098C4F80200E81902211BF098FE31
:10B9B00040B17F1CE81944F8060FF01B401E606080
:10B9C0003046DFE74046DDE72DE9F04186B0164618
:10B9D000DDF830801F4602AAFFF7BFFF01A902A8C9
:10B9E000FFF7CFFDC5B2DDF812001E4C08B90120EB
:10B9F000E070DDF81200B0F5FA7F56DADDF81220BB
:10BA0000DDF80E10204823F0DFF8BDF81200608149
:10BA1000632D06D0424639463046FFF7A2FC06B0F9
:10BA200045E4B0F81510008801EB0045164C0934C8
:10BA30006946284602F045FC401CF0D09DF8000005
:10BA40002B2148430349227B08444272617B817267
:10BA5000217A1BE0D8B0036062AE02606D02006024
:10BA60005263046050020060E6070060BE07006099
:10BA7000020300600B0300603203006005030060F6
:10BA80009AAF02604C0300600AAC0260627AE37A0B
:10BA900001EB0221A27A120402EB03621144C0F806
:10BAA0000510A17B01710560B9E700206081B6E750
:10BAB0002DE9FF41ADF55A7D0646884614463421EE
:10BAC000C0A823F09AF83421B3A823F096F80025F3
:10BAD000B2954FF418711AA823F08FF816951795A0
:10BAE00018951995142104A823F087F80CB1802C1F
:10BAF00005D96FF003000DF55E7DBDE8F0813421BE
:10BB0000CDA823F07AF84FF48270ADF858000127E1
:10BB1000CDF85A70FE480721817001EB4401ADF861
:10BB20000810C2218DF80A10ADF80B80ADF80D4059
:10BB30004FF6FF7101EA4401018102980990BDF8B6
:10BB40000C00ADF828009DF80E008DF82A00640066
:10BB50002246DDA9CDA823F037F89DF837038DF8EC
:10BB600004009DF836038DF805009DF835038DF827
:10BB700006009DF834038DF807000198CD90224609
:10BB8000CDA90DF12B0023F01FF81AAA09A9062050
:10BB90001BF031FB1AA9B3A81BF016F8B3A9CDF816
:10BBA0005E10CDF86200DB480770DB480570DB49AA
:10BBB0000520087004AAB2A9304619F046FE28B143
:10BBC000022216A904A81EF029FA94E76FF00100DA
:10BBD00091E72DE9F043ADF2DC6D04460F460026F7
:10BBE000CDF8C466CDF8C866CDF8CC66CDF8D06681
:10BBF0004FF418710DF2644022F0FFFF4FF41671FC
:10BC000083A822F0FAFF00259420ADF8C4064FF077
:10BC10000108CDF8C6862078C2214FF00709102808
:10BC200002D003281FD020E0BF1EADF8D4768DF8D7
:10BC3000D616A0788DF8D706E0788DF8D806ADF83E
:10BC4000D986DDF8D4060190BDF8D806ADF8080015
:10BC50009DF8DA068DF80A00A279E11D0DF10B00BE
:10BC600022F0B2FF3AE0082F02D0062819D035E0C2
:10BC7000ADF8D4965E208DF8D606A0788DF8D7065C
:10BC8000E0788DF8D806ADF8D986DDF8D4060190B5
:10BC9000BDF8D806ADF808009DF8DA068DF80A0060
:10BCA0001CE0082F1AD10920ADF8D4068DF8D6165D
:10BCB000A0788DF8D706E0788DF8D806ADF8D9864B
:10BCC000DDF8D4060190BDF8D806ADF808009DF85F
:10BCD000DA068DF80A00A088ADF80B008C4F87F8C3
:10BCE0000290BDF8D40638810DF2644201A9062005
:10BCF0001BF081FA0DF2644183A81AF065FF83A955
:10BD0000CDF8CA16CDF8CE068DF8F88120788DF8DA
:10BD1000F901ADF800628DF802627EA84119CE7279
:10BD20006D1C072DFADBF87928B14FF0FF300DF2CA
:10BD3000DC6DBDE8F0830220B871794903200870FA
:10BD400078492078087000220DF2C4617EA81EF0A8
:10BD500065F9ECE770B5054616460020002D23D0A6
:10BD60003288284600211BF094FF0446D6F80220B2
:10BD7000281901211BF08DFF01460C4428190221CE
:10BD80001BF0A5FB0444002105E0D6F80600405C4A
:10BD90002855641C491CD6F80A008842F5DC28198D
:10BDA00002211BF0A7FB204470BD10B50A460021FC
:10BDB000002809D0102101700421417040F2562161
:10BDC000801CFFF7C7FF811C08460CE470B51546C0
:10BDD0000022541E002803D006781EB1204670BDF4
:10BDE000204670BD86782E70C578122D01D0204671
:10BDF00070BD042905D9091F001D1A46FFF7ADFDC6
:10BE00000246104670BD2DE9FF4FADF20C5D0E46A7
:10BE10009A464FF418742146ABA822F0EEFE214654
:10BE200013A822F0EAFE4FF00008CDF83C80CDF8D0
:10BE30004080CDF84480CDF84880CDF82C80CDF8F6
:10BE40003080CDF83480CDF8388000240020089070
:10BE5000354DBAF1A00F21D22D4A0BAB521C314601
:10BE6000DDF80C05FFF7B2FFDDF8320004AA05A9E2
:10BE70001BF08CFB9DF81410062906D1DDF832105A
:10BE80002A46084404991BF0F6FDBDF82C00ADF8D5
:10BE90003C00DDF82E00CDF83E000FE0DDF80C058B
:10BEA000C179007A01EB002240F2522082427DD813
:10BEB000DDF80C15281DC91D22F086FE1A4885796B
:10BEC000DFF86890DFF848B02846162D32D0172DDD
:10BED00030D05F2D2ED0C32D2CD013490A794B7949
:10BEE00002EB0322ADF824208DF82600CA798DF8E4
:10BEF00027200A7A8DF828204A7A897A01F00103EE
:10BF000002EB0322ADF8292074285CD010280FE042
:10BF100050020060020300600B0300600503006034
:10BF2000E6070060BE070060C2B2026090020060D7
:10BF300049D04AE01A218BF802100146D9F80000D6
:10BF4000F54E8170F179C170317A017106F1090203
:10BF5000116840F8051F5368436092688260084684
:10BF60001FF028F90146D9F8000040F8051F806845
:10BF70001FF020F90146D9F800000930416000683F
:10BF80001FF018F90146D9F800000A3040F8011CEA
:10BF9000717DC171B17EF27E737F01EB0221327F30
:10BFA000120402EB03621144C16000E0E0E3B17DE2
:10BFB000F27D737E01EB0221327E120402EB0362FA
:10BFC0001144816004E04808079007208BF80200C4
:10BFD000D24E0127642D6FD9ABF80880BAF1A00FBB
:10BFE00005D30E22CE48DDF80C1522F0EDFDCD482C
:10BFF0007A2D0BD0792D02D0C62D00D00770DFF836
:10C000002893BA2D05D0BB2D03D004E00221017086
:10C0100049E289F81370A5F16500182803DA09EBE5
:10C02000050101F8657C8A2D02D0742D03D004E04F
:10C0300089F8177001E089F80670862D01D189F81A
:10C040001670BF2D01D189F813708D2D01D189F89B
:10C050001870792D72D00CDC12282CD2DFE800F099
:10C060003B2D48BF55636F2B2BCBD9F8F7F6F57DE9
:10C0700097AEBA2D70D00CDCA5F182000D28ECD261
:10C08000DFE800F0ED191919EC19EBEAE919E8916C
:10C09000E700C42D76D006DCBB2D74D0BF2D73D045
:10C0A000C22D08D106E0C52D6FD0C62D6ED0C82D8B
:10C0B000F7D176E19D4CC6E1F9E39DF828004028D0
:10C0C000F9D89DF82700C0EBC00101EB001198489A
:10C0D00000EB4104B7E19DF828004028EBD89DF81B
:10C0E00027009449C0EB001000EB40004418AAE17F
:10C0F0009DF828008028DED89DF82700C0EBC001FD
:10C1000001EB40108C4944189DE19DF82800082857
:10C11000D1D89DF827008949C0EBC00000EB400052
:10C1200001EB40048FE19DF828000428C3D89DF856
:10C130002700834900EB4010441884E14CE09DF84F
:10C140002800102807D89DF8270000EB800101EB9C
:10C1500040117C480C1876E182E09DF828001028F8
:10C160000FD89DF8270000EB4001C1EBC0107649C5
:10C1700001EB0011079800EBC00202EB001001EB8D
:10C18000001460E1FAE079E051E0F9E092E09DF816
:10C190002800082806D89DF827006C4900EBC0004D
:10C1A00001EB00144FE19DF82800082805D89DF800
:10C1B000270000EBC00006EBC00444E19DF8280016
:10C1C000042808D89DF82700C0EBC00101EB00113E
:10C1D0005F4800EB410436E15B4C0A3C33E19DF8DB
:10C1E0002800102806D89DF827005A49C0EBC00047
:10C1F00001EB800427E19DF828000C2808D89DF861
:10C20000270000EB800101EBC001534800EBC104A3
:10C2100019E19DF82800102808D89DF82700C0EBE8
:10C22000C00101EB00114D4800EB41040BE19DF80A
:10C230002800F02808D89DF82700C0EBC00000EBCC
:10C240008001474800EB4104FDE059E042E033E063
:10C25000EBE0DEE022E09BE098E093E047E0EFE0F7
:10C260009DF82800102808D89DF8270000EBC00191
:10C2700001EB00113A4800EB4104E4E09DF828008E
:10C2800050280AD89DF8270000EBC00101EB0011EF
:10C29000334800EBC10404F54874D4E09DF828004D
:10C2A000802806D89DF82700C0EBC0012D4800EB80
:10C2B0008104C8E02C4CC6E09DF82800102808D85E
:10C2C0009DF82700294900EB001000EB400001EB2E
:10C2D0004004B8E09DF82800082807D89DF82700FA
:10C2E00000EBC00101EB001121480C18ABE09DF8F8
:10C2F0002700C0EB0010C0EBC0011E480C18A2E0E4
:10C300009DF82800082806D89DF8270000EB40017A
:10C31000194800EB011496E0C2B20260683903606C
:10C32000A82C0260DE03006044CC03606EAE0260A5
:10C33000E5240560A5300560BECF02609833036038
:10C34000A83B03606ECD02600A2F0260E8340360F0
:10C350002C3C03603EE3026058E5026018EF026087
:10C36000F8F10260D8A203607ABF0260E6C2026000
:10C3700026CB0260D8220560EECB0260FD4C62E065
:10C38000FD4C60E089F81970FC4C5CE0FC4C5AE014
:10C390009DF82700C0EBC00101EB4011F9480C18D3
:10C3A00051E000269BF802008119F7480844007903
:10C3B000012816D1F54840F82680F10716D0002153
:10C3C00006F16B0016F023F9F04810F8261006F17C
:10C3D0006C0016F01CF9B32000EB5600002116F09B
:10C3E00016F9761CF6B2182EDCD32CE0002106F1EB
:10C3F000540016F00CF9E54810F8261006F1550027
:10C4000016F005F9B32000EB5600002116F0FFF8F6
:10C41000E7E789F819709DF82700C0EBC00101EB30
:10C420000011DB4800EBC1040DE089F819709DF89C
:10C43000270000EB400101EBC001D6480C1802E0D8
:10C4400089F81970D44C002C2DD001200890C22DF1
:10C450001BD09DF828009DF82710BDF82920411A0F
:10C460009BF80200491C02FB0102BDF824108A421D
:10C4700019D1652D06D00A1AC3490144091D204669
:10C4800022F0A2FB672D0FD010E0BDF824109BF81E
:10C4900002000A1ABC490144091D204622F094FBFF
:10C4A00009A8FEF7A5FCC8E0F7F7E4F9692D01D16A
:10C4B000F8F7FEFF752D14D100209DF82720B7490D
:10C4C000521C01EBC0031B79934206D101F8307076
:10C4D00001EBC00080F8078003E0401CC0B2642874
:10C4E000EFD36A2D01D1F8F7E3FF662D39D19DF81E
:10C4F00027009DF82810884208D1C0EBC00101EB4D
:10C500000011A74800EB410005F037F89DF82760BF
:10C5100021E0C6EBC60000EB0611A14800EB41008C
:10C5200090F82710012914D190F82D10192903D063
:10C530000F2901D01D290CD1D0F81E001EF03AFEA3
:10C5400038B9984840F82680974840F826809748A0
:10C550008755761CF6B29DF82800B042D9D2F7F77D
:10C5600033F9652D39D192480068EFF789FE91487B
:10C570000068EFF785FEBDF824109BF802000A1A48
:10C5800081490144091D204622F01EFB9DF82740E9
:10C59000894E14E000212046F9F7B7FAF9F75FFA5F
:10C5A0003078844209D2C4EB041000EB4001834888
:10C5B00001220844214604F035FF641CE4B29DF8D2
:10C5C0002800A042E6D27B480068EFF79DFE78483D
:10C5D0000068EFF799FEF7F722F9892D01D104F0F1
:10C5E00024FE8A2D17D19DF82700754AC0EBC001A3
:10C5F00001EB40146349135C214449788B4208D015
:10C600001154664901F8307001EBC00181F80780D0
:10C610008F7005F0ADF8742D10D06E2D6CD0792D83
:10C620006BD0C62D6AD0712D69D0BF2D68D08C2DEE
:10C6300067D0C42D01D0C52D73D0FDE38BF80470F5
:10C6400005208BF805009DF8270000EB4001C1EBA9
:10C65000C0115C4800EB01100178407801EB00202C
:10C6600000B21EF0A8FD81B29DF82700564E00EBE7
:10C67000800202EB40103044C183E1B3B0F91E00E8
:10C680001EF099FD4FF4C87190FBF1F0401C484337
:10C6900000B21EF090FD01469DF8270000EB8002DD
:10C6A00002EB40103044A0F82310BDF824009BF8A2
:10C6B0000210411A079800EBC00202EB001001EBD8
:10C6C0000010B0F5FA6F08DD9DF8270000EB80013F
:10C6D00001EB40103044A0F823803C4FA7F80080C5
:10C6E000002442F2D87804EB840000EB441030447C
:10C6F000B0F9230006E015E017E01BE06EE073E000
:10C7000082E0ADE01EF057FD3988084480B23880E1
:10C71000404501D3A7F80080641CE4B2102CE2D39A
:10C72000E2E3ABE0A0F82380BFE79DF82700FCF729
:10C7300022FBD9E323480A3800681EF03BFD0123A1
:10C74000234A2449F4F7EFFA234880F8EF80204881
:10C7500001784278CDE9011800928378C278417956
:10C760008079EEF74BFFEEF740FFF4F7EFFCBBE309
:10C77000E9E3000052BC0260EEBB02608ABB0260CB
:10C7800086B90260E43C0360C2B20260DCCF0160A3
:10C79000A4C1036094740360447503607152046023
:10C7A000E5240560BC6304602C6C0460DC720460EA
:10C7B0001803006078040060EA020060A53005609C
:10C7C000966303600A2F02606ECD02607C020060F7
:10C7D00010180060A0BF01607ABF026089F818706D
:10C7E000F84808F022FB7FE39DF828109DF8270009
:10C7F000F54A091A00EB001000EB4000491C02EB5F
:10C800004000F8F76FFC6FE39DF82740EF4EED4FC7
:10C810001FE0F02C1BD2C4EBC40000EB800006EB41
:10C820004000C17A8DF80810817A8DF80910017ADC
:10C830008DF80A10407A8DF80B0097F832008DF8C9
:10C840000C0001231A4601A902A8FEF7AEF8641CE9
:10C85000E4B29DF82800A042DBD8F9F7B1F843E331
:10C860009DF827000097C0EBC001D948012300EBD9
:10C870008100411D0022FDF751FD35E3D5480078C8
:10C880001128B0D10020D449D44AD54BD54CD64E2E
:10C8900041F8208042F8208023F8108024F810808E
:10C8A00026F81080401CC0B20328F1D31CE3FFE738
:10C8B000CE48807916282CD017282AD05F2D28D072
:10C8C0009DF826105E293AD09DF828009DF8272073
:10C8D000801ABDF82920401C5043ABF80800BBF873
:10C8E0000820B2F5FA7F37D8C148130A43700270A6
:10C8F00081709DF82720C2709DF828200271BDF834
:10C9000029204271120A8271102921D074291FD066
:10C9100022E0D9F80000B64982788A70C278CA70DD
:10C9200002790A71D0F80520C1F80520D0F8092055
:10C93000C1F80920D0F80D00C1F80D000CE0BDF8D9
:10C9400029004FF6FF7202EA4000ABF80800C6E784
:10C95000079942EA41018171162D72D00EDC162D25
:10C960002DD2DFE805F02C2D3A48C655636F2C2CEC
:10C97000E5FFF6F5F4F37D929E2C2CB7562D6ED084
:10C980000CDCA5F11E000D28EAD2DFE800F0EA1861
:10C990001818E918E8E7E618E598E400A5F157004B
:10C9A0000D28DDD2DFE800F0F10B0B0BF20B0B07CB
:10C9B0000BEFEEEDEC0009A8FEF71AFA8D4C66E2DB
:10C9C0009DF828004028FAD89DF827008A49C0EB36
:10C9D000001000EB4000441859E29DF82800402860
:10C9E000EDD89DF82700C0EBC00101EB0011834892
:10C9F00000EB41044BE29DF828008028DFD89DF829
:10CA00002700C0EBC00101EB40107D4944183EE215
:10CA10009DF828000828D2D89DF827007949C0EB56
:10CA2000C00000EB400001EB400430E29DF828001C
:10CA3000042805D89DF82700734900EB40104418DE
:10CA400025E211E19DF82800102807D89DF827005D
:10CA500000EB800101EB40116C480C1817E2A3E0D9
:10CA60009DF8280010280FD89DF8270000EB400102
:10CA7000C1EBC010664901EB0011079800EBC00242
:10CA800002EB001001EB001401E29DF828000828D9
:10CA900006D89DF827005F4900EBC00001EB0014A9
:10CAA000F5E19DF82800042808D89DF82700C0EB80
:10CAB000C00101EB0011584800EB4104E7E19DF88B
:10CAC0002800082805D89DF8270000EBC00006EBD9
:10CAD000C004DCE101F08EF91EF06CFB4C490A3910
:10CAE00008604E48007808714D48007848710C463F
:10CAF000CDE19DF82800102819D89DF82700DFF80F
:10CB00002481C0EBC00008EB80040026C6EBC60001
:10CB100008EB8007F91C3846FDF7A5F807F10E0170
:10CB2000C81EFDF7A0F8761CF6B2102EEED3AEE1CB
:10CB30009DF828000C2808D89DF8270000EB8001FC
:10CB400001EBC001384800EBC104A0E1ECE0D5E006
:10CB5000C6E092E106E086E17AE0BDE0BAE0B7E047
:10CB6000D9E093E19DF82800102808D89DF8270007
:10CB7000C0EBC00101EB00112C4800EB410486E141
:10CB80009BE0A1E0DCE028E100E051E09DF8280016
:10CB9000F02808D89DF82700C0EBC00000EB80010A
:10CBA0000A4800EB410472E19DF82800102808D8DB
:10CBB0009DF8270000EBC00101EB0011034800EBDA
:10CBC000410464E17ABF0260E6C20260F8F10260EB
:10CBD000D8A20360EEBB0260203504601435046007
:10CBE00020030060260300602C030060C2B20260D4
:10CBF000A82C02606EAE0260A5300560E5240560D9
:10CC0000BECF026098330360A83B03606ECD026024
:10CC10000A2F0260E83403602C3C03609A03006032
:10CC2000650300603EE3026058E5026018EF0260B1
:10CC30009DF8280050280AD89DF8270000EBC00175
:10CC400001EB0011FE4800EBC10404F548741EE13D
:10CC50009DF82800802806D89DF82700F94900EBA8
:10CC6000800001EB800412E1D9F80000FBF7DDFE43
:10CC700006904FF4C870ABF80800D9F80040F248AD
:10CC8000123421798175A188090AC1756168090C7E
:10CC900001766168090E4176217881742188090A3C
:10CCA000C1742168090C01752168090E417514F8D9
:10CCB000011C123C41741A34E9E000F0CAFEE3485A
:10CCC00080F814A00446E2E000F0C3FEE04CDEE091
:10CCD000E04CDCE0E04CDAE004F06EFCDF4CD6E047
:10CCE0009DF82800102808D89DF82700DC4900EBA3
:10CCF000001000EB400001EB4004C8E09DF8280064
:10CD0000082807D89DF8270000EBC00101EB0011AF
:10CD1000D4480C18BBE09DF82700C0EB0010C0EB16
:10CD2000C001D1480C18B2E09DF82800082806D8A8
:10CD30009DF8270000EB4001CC4800EB0114A6E071
:10CD400000200021CC4ACA4CDFF828E392F800907A
:10CD500023E0C1EBC10213199E79DC2E0DD2A35C36
:10CD6000DFF818C30CEBD30C03F007039CF800C0EA
:10CD700007FA03F31CEA030F0DD0232E0BD0A35C9C
:10CD800000EB40020EEB42029370C2F8038082F87F
:10CD90000180401CC0B2491CC9B24945D9D3002109
:10CDA000B84AB74E147812E02B2201FB02639A7C3A
:10CDB0005AB900EB40020EEB4202577082F8028033
:10CDC0001B68C2F80330401CC0B2491CC9B2A14262
:10CDD000EAD38EF80000A74C59E00024AA4EAB4FCE
:10CDE00056F824001EF0E6F907EB8401C1F80200B2
:10CDF000641CE4B2182CF3D36FF0AA001EF0DBF928
:10CE00003880552087F892000024DFF88482DFF80C
:10CE1000849258F824001EF0CDF907EB840693366F
:10CE2000F06059F824001EF0C5F930609A4830F9D6
:10CE300014001EF0C0F900E056E007EB440626F8A7
:10CE4000AB0F964830F914001EF0B5F9F080944805
:10CE500030F914001EF0AFF9B081641CE4B2032C69
:10CE6000D7D38A4C13E09DF82700C0EBC00101EB3B
:10CE700000118C4800EBC10409E09DF8270000EB8D
:10CE8000400101EBC00188480C1800E0874C2CB32E
:10CE9000BAF1A00F0ED29BF80200BBF8082040F2B6
:10CEA000522183188B424ED267490844214621F013
:10CEB0008BFE13E00E226448DDF80C1521F084FE91
:10CEC0009BF80200BBF80820811840F252208142F2
:10CED00039D25D4821460E3021F076FEABAA5A4980
:10CEE00006201AF088F908907A2D01D0C82D01D1BA
:10CEF00001200890BAF1A00F33D20898002822D060
:10CF00004FF41671504821F078FEABA94E4819F045
:10CF10005BFE4D49CDF84210CDF846000FA9DDF873
:10CF20000C05FEF742FF7A2D05D152460FA9DDF818
:10CF300014051DF047F8162D09D052460FA9DDF84B
:10CF400014051DF03FF80DF21C5DBDE8F08F06984A
:10CF50000128F8D152460FA9DDF814051DF032F86A
:10CF6000F1E7AAF1A000044607F0D3FE9BF8080001
:10CF70000E30C1B2344807F058FE334ABBF80810EF
:10CF8000030A0A449373D0731031E2B289B22E4877
:10CF900007F063FED7E770B500235C1E002804D0BD
:10CFA0000578102D03D0204670BD204670BD457811
:10CFB000042D01D0204670BD022904D9891E801C91
:10CFC000FEF7CBFC0346184670BD70B504460E460E
:10CFD00015460020002C0FD020704FF416711AF067
:10CFE000CDF96070A6701220E0704FF41571201D0D
:10CFF0002A46FEF7AFFE001D70BD2DE9F041044644
:10D00000069E90461F460020002C75D050202070B0
:10D0100061701220A070E01C00211AF058FA054639
:10D02000ED1C601941461AF081FE0544601939462D
:10D030001AF07CFE0544601900211AF05BFA37E013
:10D04000F8F10260A8220260A82C026063BF0260AF
:10D050007ABF02608ABB026086B90260E43C03606A
:10D06000E6C2026026CB0260D8220560EECB0260E9
:10D070001A480460E2BD0260E80200605251046098
:10D08000D8B003606D020060DCCF016052BC02606A
:10D09000203504601435046020030060260300601E
:10D0A0002C030060A4C103609474036044750360A2
:10D0B00005443288601901211AF0EBFD0544D6F8C9
:10D0C0000220601902211AF0E4FD054460190321D1
:10D0D0001AF0FDF90544002005E0D6F80610095CB9
:10D0E00061556D1C401CD6F80A108142F5DC6019B0
:10D0F00003211AF0FFF92844BDE8F0812DE9FE4331
:10D1000004460A9E0F46914698460025002002904C
:10D1100001900090002F66D0002E64D020460021A0
:10D120001AF0DEFAB0B3601C01AA02A91AF02EFAB6
:10D13000451C9DF80800092802D00020BDE8FE83A8
:10D1400060196A4601991AF0CEFD0544B9F1000F45
:10D1500002D0009889F80000601901AA02A91AF00B
:10D1600015FA05449DF80800092801D00020E5E7DC
:10D1700060196A4601991AF0B6FD0544B8F1000F2E
:10D1800002D0009888F80000601900211AF0BEFA59
:10D1900058B16D1C60196A4601211AF04FFD4FF01D
:10D1A000FF38002803DA4046C8E70020C6E70544F8
:10D1B0000098308060196A4602211AF03FFD00286D
:10D1C00001DA4046BAE705440098C6F80200601943
:10D1D00003211AF085FA40B16D1C601946F8060F5C
:10D1E000781B401E70602846A8E74046A6E770B549
:10D1F000044616460020002C28D030202070617094
:10D200001220A0703288E01C00211AF042FDC51CDB
:10D21000D6F80220601901211AF03BFD01460D44A9
:10D22000601902211AF053F90544002005E0D6F8F0
:10D230000610095C61556D1C401CD6F80A1081422D
:10D24000F5DC601902211AF055F9284470BD000080
:10D25000F0B5FE48002140262D2310220824042783
:10D260002E25172913D2DFE801F00C131A27313BC2
:10D2700045C55C66757C869AA490B0BDC5C5C5C51C
:10D280004F00DFF8CCC3C0F800C003714671B1E0B5
:10D29000DFF8C0C3C0F800C005714671AAE0DFF82E
:10D2A000B8C3C0F800C04FF0270C80F804C04FF09E
:10D2B000800C80F805C09DE0DFF8A0C3C0F800C076
:10D2C0004FF01C0C80F804C0427193E0DFF890C36B
:10D2D000C0F800C04FF02A0C80F804C0447189E007
:10D2E000DFF880C3C0F800C04FF0210C80F804C004
:10D2F00047717FE0DFF870C3C0F800C04FF0250C25
:10D3000080F804C0427175E0DFF860C3C0F800C067
:10D310004FF0690C80F804C04FF0050C80F805C090
:10D3200068E0DFF84CC3C0F800C003714FF0020C96
:10D3300080F805C05EE0DFF838C30CF15A0CC0F885
:10D3400000C04FF0680C80F804C04FF00C0C80F85F
:10D3500005C04FE0DFF81CC3C0F800C00571427182
:10D3600048E0DFF814C3C0F800C04FF00B0C80F8A1
:10D3700004C042713EE0DFF804C3C0F800C04FF0C3
:10D38000660C80F804C0427134E0DFF8F4C2C0F8E3
:10D3900000C04FF01E0C80F804C042712AE0DFF894
:10D3A000E4C2C0F800C04FF0190C80F804C044710A
:10D3B00020E0DFF8D0C20CF1C80CC0F800C04FF07C
:10D3C000300C80F804C0447114E0DFF8BCC2C0F82F
:10D3D00000C04FF0900C80F804C04FF0090C80F8AA
:10D3E00005C007E0DFF87CC20CF1840CC0F800C077
:10D3F00005714771491C09B208301429FFF631AF95
:10D40000F0BD2DE9FC47A14801250570A0484FF06B
:10D410000008C0F800809F48C0F800804FF43861D1
:10D420008C4821F0EAFB8B48009000260527009CE1
:10D43000C4F81E80761CB2B297A1204622F09EFE50
:10D4400004F8227F84F80180257184F80580A57195
:10D45000E57184F8098084F80A80223CB2B204F1B4
:10D4600015008FA122F08AFEB6B22E340094402E11
:10D47000DDD34FF43461764821F0BFFB744800904F
:10D480000024DFF8249204270098C0F81E8080F85A
:10D49000288080F8238099F8231001290CD00529D1
:10D4A0000AD0022918D0062916D0042923D007292A
:10D4B00021D00C292FD03CE00C2C04D280F828502D
:10D4C00080F8238035E0A4F10C010C2931D280F8DA
:10D4D000287080F823502CE0062C04D280F82850C5
:10D4E00080F8238025E0A11F042922D280F828702B
:10D4F00080F823501DE0082C04D280F8285080F8D2
:10D50000238016E0A4F10801062912D280F82870C1
:10D5100080F823500DE0052C04D880F8285080F8BE
:10D52000238006E0A11F052903D280F8287080F827
:10D530002350641CA2B206465CA122F01FFEA2B2D8
:10D5400006F1150059A122F019FE86F82280A4B236
:10D5500006F12D000090402C96D34FF4E0713F4827
:10D5600021F04BFB3D480090002000994D75401C78
:10D5700080B21C3100911028F7D34FF414713A484F
:10D5800021F03BFB384800900021009880F82050A3
:10D5900080F82180A0F81E80491C89B225300090B7
:10D5A0001029F2D3434EA6F818804FF4FA414248AE
:10D5B00021F023FB0021404B4FF4FA64002001EBE3
:10D5C0004102C2EBC11203EB021202F80080401CC0
:10D5D00080B2A042F9D3491C89B21029EED34FF48E
:10D5E0009C511D4821F009FB1B480090002102229C
:10D5F0000098C0F81E8080F8228080F8235080F8C0
:10D60000252080F82680491C89B227300090802987
:10D61000EED34FF43871174821F0EFFA44F2A0111D
:10D62000264821F0EAFAA6F81480A6F816801148D8
:10D6300000900020009981F82980401C80B22E3192
:10D6400000911028F6D3C0211D483BE0FABA0260D1
:10D65000A5300560E5240560BECF02603EE30260B0
:10D6600098330360A83B03606ECD0260D82205604A
:10D67000FEE4026018EF026094740360E6C2026088
:10D6800046C9026026CB0260E83403602C020060C9
:10D690003402006038020060494E2025640000001A
:10D6A000494E256400000000526304604F55542524
:10D6B00064000000640200600A2F0260F8F102605A
:10D6C000C2CE016021F099FA4FF4C071FE4821F0FA
:10D6D00094FA40F20D21FD4821F08FFA4FF42061B9
:10D6E000FB4821F08AFA4FF45861FA4821F085FA94
:10D6F000F848009086F8058086F8068000204FF0F4
:10D7000055370099C1F8057081F80B80401C80B234
:10D710001B3100918028F4D386F80780EE4880F80A
:10D7200000800024DFF8B493C4EBC40009EB80054B
:10D730001C21284621F061FAC5F8057085F80B8098
:10D74000641CA4B2802CEFD386F80880E44880F8EB
:10D7500000804FF4A871E34821F04FFAE1480090AF
:10D760000020009981F81E8081F81F80401C80B243
:10D770002A3100910828F4D34FF490642146DA4806
:10D7800021F03BFAFF222146D84821F02FFA8421CC
:10D79000D74821F032FA0020009981F81E8081F8E4
:10D7A0001F80401C80B2213100910428F4D3D0485E
:10D7B000B821843021F021FA42F2B261CD4821F043
:10D7C0001CFAFE21CC4821F018FACB484FF48051C6
:10D7D000FE3021F012FA0021C74CC84AFE34C84F6F
:10D7E0000A25002004EB811343F82020401C80B25E
:10D7F0001028F9D37D54491C89B24029F1D35A210C
:10D80000C04821F0FAF9B021BF4821F0F6F9BE482E
:10D810004021B03021F0F1F9AB48C821C83821F0DF
:10D82000ECF9B8484FF49C6421465A3021F0E5F9F0
:10D830002146B64821F0E1F942F62031B44821F002
:10D84000DCF94FF4C871B34821F0D7F94FF4165101
:10D85000B14821F0D2F9AB485A30009000200F2295
:10D86000009981F85E20401C80B2683100910C283C
:10D87000F6D3AA48F0624FF4EE7121F0BEF986F8B3
:10D88000018086F80080A6F812804FF4CC61A4488D
:10D8900021F0B3F9A24800900021009880F8078099
:10D8A00080F80A80A0F85580491C89B26630009043
:10D8B0001029F2D34FF4F0719A4821F09EF99A485A
:10D8C0001F2101701C22427081701E22C2700171E2
:10D8D00042718171C171027241728272C17201A979
:10D8E0000D2014F085FE0DF105010C2014F080FED2
:10D8F0009DF804009DF8051000EB01208B4908807D
:10D900004FF47A7422468021894821F06FF98848C3
:10D9100022468021803021F069F98021854821F05C
:10D920006CF984488021803021F067F9FFF790FC82
:10D9300040F28111804821F060F9664814211438C2
:10D9400021F05BF960217D4821F057F97C4C45F2CC
:10D95000FF5020806021A01C21F04FF9552084F851
:10D96000920004F11E00C0F87580C0F87980C0F8FC
:10D970007D808030C0F80180C0F80580C0F8098043
:10D98000C0F80D80A0F81180C0F81380A0F81780AF
:10D99000C0F81980A0F81D80A0F5817080F8008083
:10D9A0000A220021A0F27E4021F00EF941F2CC01C2
:10D9B000644821F022F986F809804FF41674214654
:10D9C000614821F01AF96148A0F800806048C0F869
:10D9D0000080C0F80480C0F8088021465D4821F02E
:10D9E0000CF9A6F81A8020215B4821F006F92021C5
:10D9F0005A4821F002F94C4864219C3021F0FDF88E
:10DA00004FF4B471564821F0F8F82021554821F020
:10DA1000F4F82021544821F0F0F82021534821F057
:10DA2000ECF82C481421143821F0E7F87C215048F8
:10DA300021F0E3F8BDE8FC8710B517214D4821F02F
:10DA4000DCF84C48BDE810404FF4C871173021F0A5
:10DA5000D4B82DE9F047484D464EE87BB070287C9D
:10DA6000F070687C3071A87C7071BA20B071C020F1
:10DA7000F0712878307268787072A878B072E8789F
:10DA8000F072287930733D4806F11704007884F865
:10DA9000CE003B48007884F8ED003A4F786A308039
:10DAA000000CA6F81500B5F82100A6F80F00E979DA
:10DAB000F1741E490988A4F8AF10A4F8C300B86A2D
:10DAC0001DF078FB60E00000EECB0260D82205601C
:10DAD000A82202605895036046030060D8A2036044
:10DAE000F202006098330360E83403606839036031
:10DAF000A83B0360E43C03609663036000007F433F
:10DB000082CF0160FEE402609474036038EA026030
:10DB10004CF701603CD00160CCD101600AC10260C9
:10DB2000E6C2026046C90260EEBA02609A03006073
:10DB30007AB702607AB80260E2BD0260DCCF0160B1
:10DB400052BC0260D8B003600AAC02605A020060A6
:10DB500062AE026018B50260653005608530056010
:10DB600086B90260BAC10160FAC10160DAC1016020
:10DB7000BAE4046063BF026052630460650300603E
:10DB80006603006064020060C4F8CA00F7480078C9
:10DB900084F8AB00F648008800B21DF00CFBA4F836
:10DBA000AC002022F34904F18A0021F00DF8202274
:10DBB000F14904F14A0021F007F82022EF4904F16D
:10DBC0006A0021F001F804F1B500A0F6BF010A686F
:10DBD00002604A684260098901814FF40460A6F836
:10DBE0001100E7490988A4F8BF10E0822878697815
:10DBF000EA7800EB0120A978090401EB02610844EE
:10DC0000C4F8B10095F84F0084F8EE00E87C20736A
:10DC1000287D6073687DA073A87DE073E87D207423
:10DC2000287E6074287984F8C500F878B073E97BA1
:10DC30002170297C6170697CA170A97CE170697E8A
:10DC40002171A97E6171E97EA171297FE171697FEE
:10DC50002172A97F6172E97FA17295F82010E172AB
:10DC6000C8490978012942D0022945D095F82310E6
:10DC7000E174193415F8441FA1756978E175A97824
:10DC80002176E978443D84F89110BF4A518821708B
:10DC900092886270193C2A2901D3012A31D094F864
:10DCA000F61001F0FE0184F8F61095F8481084F89B
:10DCB000AE1095F8501084F8F0104FF001080129CB
:10DCC00026D0002184F8EF10B5F8421084F8321005
:10DCD000090A84F8081195F823104FF02309491E0A
:10DCE0004FF04A0A032916D884F8339015E095F8C6
:10DCF00023108031E174BCE795F823104031E174C2
:10DD0000B7E794F8F61041F0010184F8F610CCE77B
:10DD100084F8EF80D8E784F833A00A3515F8031C9F
:10DD200004F8151F2978A1716978E170A97F6174E1
:10DD3000E97FA17495F82010E17495F8471084F8F4
:10DD4000E21095F8481084F8E31095F8491084F82B
:10DD5000E41095F84A1084F8E51095F84B1084F813
:10DD6000E61095F84C1084F8E710697F61758749D3
:10DD70000978E175864909782176864909786176BE
:10DD800084F83400786A1DF015FAC4F8B10084F8FC
:10DD9000338014228049814820F016FF80480078A3
:10DDA00084F8AD00153C687E0A3D28B1401F072865
:10DDB00005D886F80DA004E03220707301E086F8E3
:10DDC0000D9076481E2277499B3020F0FDFE35F8F5
:10DDD000570F24F8F30FB878A0703879A075E87A57
:10DDE0006074287BA074687BE074A87B2075BDE814
:10DDF000F087704710B56C486C4C007800281FD035
:10DE00006B486C49B0F80700CA8990420ED3098A62
:10DE100088420BD8EBF7B1F8B4F90010494201EB96
:10DE2000C10100EB8100A0F5616010BDEBF7A5F822
:10DE3000B4F90010494201EBC10100EB810010BDB3
:10DE4000EBF79BF8B4F90010494201EBC10100EB7C
:10DE5000810010BDFFF7D5BA70B58EB081218DF865
:10DE600004100B218DF8051000238DF806301C21BD
:10DE70008DF8071001228DF8082028218DF809104F
:10DE8000FF218DF80A108DF80B108DF80C303C49ED
:10DE900009880C0A8DF80D408DF80E108DF80F20B2
:10DEA0002B21484344490844417A8DF81010FE2143
:10DEB0008DF8111010218DF812108DF81330D0F854
:10DEC00016100591817E8DF8181022218DF81910F9
:10DED0008DF81A20E0218DF81B1091218DF81C106F
:10DEE00003211A248DF81D10C17E212909D000219B
:10DEF000C1F11A0202449279212A04D0222A0AD0BE
:10DF000013E00121F4E7C1F10A010844C08AADF829
:10DF10001E001C2409E0C1F10A010844C18AADF8C1
:10DF20001E10007E8DF820001D24244D40F22D117E
:10DF3000234E28782246484306EB400001A920F0F2
:10DF400043FE287840F22D11414306EB4101A1F830
:10DF50005842401C28701B480068C088010241EAF2
:10DF60001020194908700EB070BD000094010060C7
:10DF70009C010060BAC10160DAC10160FAC10160B0
:10DF80009C030060E60300607AB9026068030060E9
:10DF9000690300606A03006044950360AEBF0260DD
:10DFA0008C040060BCBF0160650300609A030060E0
:10DFB0001018006064020060D8B0036021010060A6
:10DFC000C0310160D40000600C0200602DE9F04116
:10DFD0008046F74890F82A10092903D090F82800C5
:10DFE00009283FD1F34D687A00283BD0F249002040
:10DFF0000870F24F3870F24EB8F1000F01D00024D3
:10E000001CE0002409E02B2000FB0460807C10B998
:10E010002046FFF721FF641CE4B2687A8442F2D301
:10E020000FE02B2000FB0460817C29B9006840458B
:10E0300002D12046FFF710FF641CE4B2687A8442E4
:10E04000EFD3387800280DD0DE4800680168E96118
:10E05000C088010241EA102080B22862BDE8F04188
:10E06000F2F781BABDE8F0812DE9FF5F8446DDE972
:10E070000F69DDF838800C461546BCF1000F7CD0E6
:10E080002DB9012E79D1B9F1010F00D02579DFF832
:10E0900024A39AF80920642A6FD89AF8030000276D
:10E0A000854206D2012E04D1C14880F84D70C64881
:10E0B000077000200523DFF808B310E02B2101FBD7
:10E0C00000B1D1F800E0E64507D1897CB14204D126
:10E0D0002B2101FB00B1CB7403E0401CC0B2904285
:10E0E000ECD3904249D12B2000FB02B0C0F800C015
:10E0F000867408218172D4F80110C160B4F805104B
:10E100000182C374B8F1140F04D216304246039949
:10E1100020F05AFD9AF809102B2000FB01B080F87E
:10E120002A80012E07D09AF8032002714572877267
:10E13000012E0ED01AE00571A27A012A03D0062A18
:10E1400004D04572F4E7E27A4272F1E7A27B4272B0
:10E15000EEE7A27A52B9B9F1010F07D1FF2D05D12F
:10E160002279427222790271012282724775491C1A
:10E17000C8B28AF8090095498887BDE8FF9F30B585
:10E180008F49934B4FF47A721A600022894B052411
:10E190005B7A08E04D7A854202D18D7C05B9CC745A
:10E1A000521CD2B22B319A42F4D330BD70B5814E9D
:10E1B000B089411CB1813C2826D30020B081804C1D
:10E1C00000251EE0E17C491E49B2E174002915DA00
:10E1D000A0B1421B521E2B20424304F12B012046CA
:10E1E00020F0F2FC707A2B21401E48437449084409
:10E1F0002B2120F002FD707A401E70726D1CEDB272
:10E200002B34707A8542DDD3AEE630B50022694CFE
:10E210006B4B647A10E02B2505FB02352D79854286
:10E2200008D12B2000FB0230C2680A60008A888077
:10E23000012030BD521CD2B2A242ECD3002030BD2E
:10E2400030B500225B4C5E4B647A10E02B2505FB59
:10E2500002352D68854208D12B2000FB0230C268B0
:10E260000A60008A8880012030BD521CD2B2A242CE
:10E27000ECD3002030BD70B54E4B002909D112B14E
:10E28000022A02D005E000206EE6DA78904200D043
:10E29000014600224A4C5D7A0FE02B2303FB024328
:10E2A0001E79864207D15B7A8B4204D12B2000FB7A
:10E2B0000240006858E6521CD2B2AA42EDD30020B8
:10E2C00052E630B500223B4B3D4C5B7A0AE02B25F1
:10E2D00005FB02452D68854202D10A70012030BD40
:10E2E000521CD2B29A42F2D34FF0FF3030BDF0B59B
:10E2F000304C4FF0FF36002909D113B1022B02D068
:10E3000005E03046F0BDE378984200D00146002396
:10E310002B4D677A0EE02B2404FB035494F804C0C1
:10E32000844505D1647A8C4202D1137058B2F0BD95
:10E330005B1CDBB2BB42EED33046F0BD41780279C4
:10E3400001F01F0102F060021144032905D0A1F180
:10E35000180003280AD80120704716498078C97828
:10E36000884201D0002070470120704721390329DD
:10E3700001D8012070470020704770B50346184649
:10E38000FFF7DCFF4FF0FF3501280FD018790106A9
:10E390003BD540069978400A00EB0120D978084423
:10E3A000C0B107490022034C647A21E02846DBE52E
:10E3B0005263046064020060220100602101006079
:10E3C000D8B00360D4000060F502006020720460E1
:10E3D000340400600020C7E50E68864205D1087944
:10E3E0009870487AD8700020BEE5521CD2B22B310A
:10E3F000A242F1D3394801210170394A002010703E
:10E40000384A11703849087098702846ACE5374A88
:10E41000374992F82A0001280BD0092809D092F830
:10E420002800012801D0092802D10888401C088052
:10E4300070478888401C888070472C4A2D4992F884
:10E440002A0001280BD0092809D092F828000128B9
:10E4500001D0092802D10888401C088070478888AC
:10E46000401C88807047214A234992F82A000128DD
:10E470000BD0092809D092F82800012801D00928DA
:10E4800002D10888401C088070478888401C88801A
:10E49000704710B51A4A15480023917A90F84F003A
:10E4A000491C164CC9B2002808D0FF2806D091722A
:10E4B000884202D29372C4F8983110BDFF2808D068
:10E4C0000028FAD191720529F7D99372C4F89831CE
:10E4D00010BD93720120C4F8980110BD0C030060B8
:10E4E0000D0300604004006041040060526304605A
:10E4F00020030060260300602C030060000024421B
:10E5000064020060F64991F82310012905D005291D
:10E5100003D0022901D006290BD1F24B195C01F07E
:10E520000F011954F04A125C22B1521E41EA021145
:10E530001954704719547047EC4931F8100070476E
:10E54000EB4A22F810107047E94931F81000704783
:10E5500010B50346E24841F2883240F6B83490F8EC
:10E56000231003FB02F003FB04F2940ADC4A800A46
:10E570000129D2790ED005290CD002290ED0062906
:10E580000CD0032905D1072A03D242F26C00434381
:10E59000980A10BD162AFCD2204610BD042AFCD2CF
:10E5A000204610BD0246CE4842F2107390F8231068
:10E5B00002FB03F042F228335A43C94B800A920A05
:10E5C000DB7901290BD0052909D002290BD00629B6
:10E5D00009D0032902D1072B00D210467047162B11
:10E5E000FCD210467047062BFCD21046704730B55F
:10E5F000BD4A105C40F6B8324A43940AB84A022831
:10E60000D37992F823200AD0012826D0032829D0D4
:10E61000042847D0E8B3052800D1204630BD41F298
:10E62000883501FB05F0800A012A0ED0052A0CD09E
:10E63000022A0ED0062A0CD0032AEFD1072BEDD2E6
:10E6400042F26C004143880A30BD162BFCD22046B2
:10E6500030BD042BFCD2204630BD44F6206041433F
:10E66000880A30BD42F2107401FB04F042F22834F3
:10E670006143800A890A012A0CD0052A0AD0022A9D
:10E680000CD0062A0AD0032AEBD1072BE9D2084680
:10E6900030BD07E0162BFBD20846F9E7062BF7D270
:10E6A0000846F5E72046F3E792480078704792481D
:10E6B000007870478A4890F82300012818D0052870
:10E6C00016D0022816D0062814D0032814D00A2801
:10E6D00014D0A8B1042815D0072813D00C2813D0C3
:10E6E000092813D00B2813D00E2813D00020704710
:10E6F00020207047102070470B207047062070477D
:10E7000018207047082070470B2070470D20704775
:10E710001120704715207047714890F82300012898
:10E7200018D0052816D0022816D0062814D00328A1
:10E7300014D00A2814D0A8B1042815D0072813D063
:10E740000C2813D0092813D00B2813D00E2813D06F
:10E7500000207047182070470A2070470820704733
:10E76000032070470A2070470E2070470B20704727
:10E7700009207047092070470B207047012070471F
:10E7800070B504465D4E5E4D56F8240055F82410D1
:10E7900008444FF47A7148431CF00CFDC4EBC401EB
:10E7A000584A01EB041102EB4101C1F81E0056F872
:10E7B000240055F8241008444FF47A71484370BD82
:10E7C000F0B50026464991F82310032911D04FF4E3
:10E7D00061614D4A1268B2FBF1F301FB132109B1EB
:10E7E00001282BD10020474B444C454D474A203649
:10E7F00022E0B421EDE7C0EBC00101EB001103EB17
:10E80000410191F82D10192903D00F2901D01D299C
:10E8100010D154F8201055F82070394452F8207067
:10E82000B94207D042F82010394F01217970394F91
:10E8300002213970401CC0B2B042DCD3F0BD2DE9DA
:10E84000F04300270020DFF8C4C02F490CF1800CF2
:10E850000CF180068046DFF8A89006F1800520378D
:10E860000A6832E0C0EBC001264B01EB001103EB5C
:10E87000410191F82D101D2925D15CF8203059F85F
:10E8800020108B4219D8CB1AC3EB031356F8204043
:10E890009B00141BB3FBF4F31F4C44F8203035F8F5
:10E8A00010305C1C25F81040052B0CD346F82020B6
:10E8B0004CF8201025F8108005E025F8108046F867
:10E8C00020204CF82010401CC0B2B842CAD3BDE88A
:10E8D000F083114951F820004FF47A714843704792
:10E8E0005263046084720460653005607AB7026028
:10E8F0007AB80260E9020060EA020060BC6304606A
:10E90000AC6C0460E5240560AC03006004CA0360DD
:10E9100044CC0360DE0300602C6C0460F0B500257D
:10E920000020474E474A484C484B20351CE0C0EB7E
:10E93000C00101EB001106EB410191F82D101929DE
:10E9400003D00F2901D01D290CD152F8207054F8A2
:10E9500020108F4204D201271F5442F8201001E0FA
:10E9600000211954401CC0B2A842E0D3F0BD70474A
:10E9700030B50021374A364D14780CE001EB4102E6
:10E9800005EB82025379527A1A44824201D98342BA
:10E9900003D9491CC9B2A142F0D3A14202D14FF020
:10E9A000FF3075E62C48C1EBC101405C2B4900F0FB
:10E9B000070201EBD001012009789040014201D00B
:10E9C000012065E6002063E6F0B50246FFF7A4FEED
:10E9D0004FF0FF36904201D93046F0BD00211D486E
:10E9E0001B4D047813E001EB410005EB8000037937
:10E9F000077A1F44974201D993420AD9C378C07954
:10EA00001844904201D9934203D9491CC9B2A1428A
:10EA1000E9D3A14201D13046F0BD0F48C1EBC1019D
:10EA2000405C0E4900F0070201EBD001012009789B
:10EA30009040014201D00120F0BD0020F0BD000057
:10EA4000E5240560C4CB0360AC6C0460FC72046018
:10EA5000D81D0460E80200601A4804605251046046
:10EA600070B5002100200022F64DF74E0024182A30
:10EA70006BD2DFE802F00C10151A1F24286A6A2DE9
:10EA800032673741453C4A4F53586A6A5D620021FC
:10EA90004FF4346059E0084481B24FF4386054E0D8
:10EAA000084481B24FF49C504FE0084481B24FF4C7
:10EAB000E0704AE0084481B24FF4A87045E0084491
:10EAC00081B2842041E0084481B24FF414703CE0EC
:10EAD000084481B24FF49C6037E0084481B24FF49F
:10EAE000387032E0084481B24FF4CC602DE0084425
:10EAF00081B24FF4F07028E0084481B2C82024E0CD
:10EB0000084481B24FF4C0701FE0084481B24FF452
:10EB100090601AE0084481B2B82016E0084481B23F
:10EB200040F2F26011E0084481B244F2A0100CE01F
:10EB3000084481B240F20D2007E0084481B240F65B
:10EB4000E26002E0084481B2B020430506D0012310
:10EB500003EBD0204FF6FF7303EAC02005EB8203DE
:10EB600019805880B454521CD2B2182AFFF47FAFD7
:10EB70000020B64900EB800202EB40120A44A2F8E2
:10EB80002340401CC0B21028F4D370BD70B5AE4C09
:10EB9000607E01282DD172B6EBF7C8FFAC4D284638
:10EBA000EBF7F2FF4FF40A72AA492846ECF7BBF8DC
:10EBB000B822A949A948ECF7B6F8EA14A849A94827
:10EBC000ECF7B1F8A5481422A7492838ECF7ABF8C0
:10EBD000A2481422A5491438ECF7A5F89F486422EE
:10EBE000A349B830ECF79FF800206076EBF7A4FF5C
:10EBF00062B670BD10B59448007E012843D172B64C
:10EC0000EBF794FF9B4C2046EBF7BEFF994814228C
:10EC10009949A030ECF787F8964820229749C030F0
:10EC2000ECF781F8934820229549E030ECF77BF827
:10EC3000202294499448ECF776F893484FF42072D8
:10EC400092492030ECF76FF8302291499148ECF767
:10EC50006AF81E2290499148ECF765F88F484FF406
:10EC600010728F492030ECF75EF8794864228D49A4
:10EC70009038ECF758F87C228B492046ECF753F893
:10EC8000EBF75AFF62B610BD2DE9F0470024874F1D
:10EC9000DFF8B881864E4FF4FA6907EBC4252846A1
:10ECA000EBF772FF04EB840000EB441000EB080A62
:10ECB000BAF923001CF07FFA00281ADDBAF9230004
:10ECC0001CF079FA484514DCBAF923001CF073FAF9
:10ECD00081B206EBC420EBF774FF04EB44007549E6
:10ECE000C0EBC41001EB001128464A46ECF71BF8B4
:10ECF00004E006EBC4200021EBF763FF641CE4B2E0
:10ED0000102CCAD3BDE8F0872DE9F04FFFB00024E6
:10ED1000DFF83491DFF8308109F11A098DF80040ED
:10ED2000484800EB8400418801910788182C14D2D0
:10ED3000DFE804F00C141C242C343BFFFF4B535B26
:10ED4000FF6A71627981E0E7FFFF43EE3E484FF4CE
:10ED5000346259491A301FF037FFEAE03A484FF45D
:10ED6000386256491A301FF02FFFE2E036484FF460
:10ED70009C5253491A301FF027FFDAE032484FF413
:10ED8000E07250491A301FF01FFFD2E02E484FF4B6
:10ED9000A8724D491A301FF017FFCAE02A48842292
:10EDA0004A491A301FF010FFC3E027484FF414728D
:10EDB00026491A301FF008FFBBE0234840F20D221D
:10EDC00043491A301FF000FFB3E01F484FF49C6224
:10EDD00040491A301FF0F8FEABE01B484FF4387280
:10EDE0003D491A301FF0F0FEA3E01748B0223B491E
:10EDF0001A301FF0E9FE9CE013484FF4F0723849D6
:10EE00001A301FF0E1FE94E00F48C82235491A304D
:10EE10001FF0DAFE8DE00C484FF4C07232491A3010
:10EE20001FF0D2FE85E008484FF490622F491A3057
:10EE30001FF0CAFE7DE00448B8222D491A301FF0A9
:10EE4000C3FE76E07E1A046044CC03606ECD02609F
:10EE500000880708A4C10360CCC30360588B07086F
:10EE600014C60360288A0708B8010060CC0100605E
:10EE70008ABB02600080070844950360BAC1016044
:10EE8000DAC10160FAC10160108107082C35046005
:10EE9000B4BC026000840708BCBF0160108507088D
:10EEA0006839036084C40360BAE4046000000608A3
:10EEB000D00706080A2F0260A5300560E52405602A
:10EEC000BECF02603EE3026098330360A83B03605C
:10EED000D822056058E5026018EF02609474036060
:10EEE00046C9026026CB0260EECB0260E8340360C4
:10EEF0002C3C036040F2F262F449F5481FF064FED6
:10EF000017E044F2A012F349F1481FF05DFE10E053
:10EF10000025F14EC5EBC50000EB45108119C5EB8E
:10EF2000051048440F221FF04FFE6D1CADB2FE2DA0
:10EF3000F0D318F80400012826D172B6EBF7F6FDDD
:10EF40000F2C05D00025DFF894A34FF4006B11E0DF
:10EF5000FFF79AFE12E007EBC52000EB0A063046E9
:10EF6000EBF712FE09EBC52130465A46EBF7DBFE04
:10EF70006D1CEDB20198B5EBD02FECD3EBF7DCFDB7
:10EF800062B6002008F80400641CA4B2182CFFF438
:10EF9000C5AEFFF72FFE7FB0BDE8F04FF6E52DE9D7
:10EFA000F0471422CE49CF48EBF7A5FECC480178B4
:10EFB000FF2906D14078FF2803D11421C8481FF04B
:10EFC0001CFE0024C74D20352022C7492846EBF7F8
:10EFD00092FE641CA4B2202CF6D3C3480178FF290A
:10EFE00006D14078FF2803D12021BF481FF005FE3D
:10EFF0000024BC4D40352022BC492846EBF77BFE5F
:10F00000641CA4B2202CF6D3B8480178FF2906D19D
:10F010004078FF2803D12021B4481FF0EEFD0024E2
:10F02000B04D70352022B2492846EBF764FE641CCF
:10F03000A4B2202CF6D3AE480178FF2906D140783F
:10F04000FF2803D12021AA481FF0D7FDA5484FF47F
:10F050002072A8499030EBF74EFE3022A649A7480F
:10F06000EBF749FE1E22A649A648EBF744FEA54849
:10F070004FF41072A4492030EBF73DFE4FF40A72B2
:10F08000A249A348EBF737FEB822A249A248EBF702
:10F0900032FEA1486422A149B830EBF72CFE9C480F
:10F0A00064229F499038EBF726FE8E487C229D49CA
:10F0B000A038EBF720FE9B480178FF2906D1407865
:10F0C000FF2803D17C2197481FF097FD4FF48072F1
:10F0D00095499648EBF70FFE00219348944C002287
:10F0E00050F82130A34201D140F82120491C89B2B7
:10F0F000DFF84092904E914D4FF4C0684029EFD315
:10F10000424631464846EBF7F6FDD6E9000120F0CD
:10F11000D5F82BD1D6E9020120F0D0F826D13068FD
:10F12000A84223D0B168A94220D02746B8421DD0BA
:10F13000B9421BD072B6EBF7F9FC4846EBF724FD59
:10F140000023002106EB831040F82170491C89B28E
:10F150001029F9D35B1C9BB2182BF2D34246764997
:10F160004846EBF7E0FDEBF7E7FC62B60021002034
:10F1700006EB811252F82030A34201D142F8205010
:10F18000401C80B21028F5D3491C89B21829EED34F
:10F19000614814226A492838EBF7ADFDBDE8F04715
:10F1A0005D48142267491438EBF7A5BD2DE9F047F7
:10F1B0006549002008800024DFF89091DFF89081F5
:10F1C000644F4FF4FA6609EBC420EBF712FDB0422E
:10F1D00000D9002000B21BF0EEFF04EB840101EB2C
:10F1E000441101EB0805A5F82300B5F923001BF035
:10F1F000E2FF002812DDB5F923001BF0DCFF3246E8
:10F2000090420BDC04EB4400C0EBC41007EB001190
:10F21000514800EBC420EBF76EFD08E004EB44001E
:10F22000C0EBC41007EB001031461FF0E6FC641C75
:10F23000E4B2102CC7D365E52DE9F04FFFB00020F4
:10F24000ADF801000025DFF814B1DFF89080204F01
:10F250008DF800500BEB8500418801910688002451
:10F26000DFF8FC904FF4006A0BE006EBC42040444A
:10F2700048450AD807EBC4215246EBF73CFD641C15
:10F28000E4B20198B4EBD02FEFD33878FF281AD12D
:10F290007878FF2817D1B878FF2814D1F878FF289C
:10F2A00011D13879FF280ED17879FF280BD1B879A0
:10F2B000FF2808D1F879FF2805D1387AFF2802D134
:10F2C000787AFF2862D0182D60D24BE01A4804608B
:10F2D0005ECC0360F8F10260E43C03600080060845
:10F2E00044950360A0800708BAC10160DAC10160DB
:10F2F000FAC101602C350460B4BC026000840708C8
:10F30000BCBF01601085070868390360A4C10360B1
:10F3100000880708CCC30360588B07088ABB0260CB
:10F3200084C40360BAE4046014C60360288A070832
:10F3300000FF7F47009007089464036000007F434C
:10F34000B8010060CC0100607C020060D0070608B4
:10F350006ECD02600A2F0260000006087E1A04606B
:10F3600000F80708DFE805F00C131A21282F359F55
:10F370009F434A519F5E64576B72787F9F9F3C8684
:10F380004FF434626F4970481FF01EFC8BE04FF45D
:10F3900038626C496D481FF017FC84E04FF49C52B2
:10F3A00068496B481FF010FC7DE04FF4E07265493E
:10F3B00068481FF009FC76E04FF4A872614966487E
:10F3C0001FF002FC6FE084225E4964481FF0FCFBE2
:10F3D00069E04FF414725B4961481FF0F5FB62E08D
:10F3E00040F20D2257495F481FF0EEFB5BE04FF4FF
:10F3F0009C6254495C481FF0E7FB54E04FF43872BC
:10F4000050495A481FF0E0FB4DE0B0224D495848A2
:10F410001FF0DAFB47E04FF4F0724A4955481FF0FD
:10F42000D3FB40E0C822474953481FF0CDFB3AE0E8
:10F430004FF4C072434951481FF0C6FB33E04FF40C
:10F44000906240494E481FF0BFFB2CE0B8223D4976
:10F450004C481FF0B9FB26E040F2F26239494A48B5
:10F460001FF0B2FB1FE044F2A012364947481FF0DC
:10F47000ABFB18E00024DFF81891DFF818A1C4EB0B
:10F480000410C119C4EBC40000EB441000EB0906E2
:10F490000F2230461FF098FB70780AF80400641CB5
:10F4A000E4B2FE2CEBD36D1CEDB2182DFFF4D0AE00
:10F4B0000020264B0122C0EBC00101EB001103EB41
:10F4C000410191F82D400CB981F82820401CC0B2B0
:10F4D0004028F0D300201C4BC0EB001101EB410190
:10F4E000194491F828400CB981F82320401CC0B27F
:10F4F0004028F1D30020164BC0EBC00101EB4011B6
:10F50000194491F826400CB981F82320401CC0B260
:10F510008028F1D3FFF74AFE7FB0BDE8F04F3EE50B
:10F5200010B572B6EBF702FB1B4C2046EBF72CFB39
:10F530004FF4C06219492046EBF7F5FBEBF7FCFAF4
:10F5400062B610BD5ECC0360A5300560E5240560A1
:10F55000BECF02603EE3026098330360A83B0360C5
:10F560006ECD0260D822056058E5026018EF026097
:10F570009474036046C9026026CB0260EECB026041
:10F58000E83403602C3C03601A480460F8F1026020
:10F59000E43C036096630360009007089464036092
:10F5A00030B5FD4A0024C2F8A0410123C2F89831C9
:10F5B0000021050602D5C2F8A43101E0C2F8A44139
:10F5C000C2F8A841C2F8A8314006000E491C49B251
:10F5D0000829EEDBC2F8A031C2F8A43130BD30B545
:10F5E000ED4A0023C2F8A031C2F89831002101246D
:10F5F000050602D5C2F8A44101E0C2F8A431C2F860
:10F60000A831C2F8A8414006000E491C49B2082999
:10F61000EEDBC2F8A041C2F8A44130BD3830C0B220
:10F62000DDE710B504460020FFF7F8FF4034E0B2F4
:10F63000BDE81040D3E710B504460020FFF7EEFF09
:10F6400004F00F002409E030C0B2FFF7C8FFF03427
:10F65000E0B2BDE81040C2E72DE9F04107460C4694
:10F660001E46203AD5B20720FFF7B9FF641C04EB11
:10F6700044004FEA400808F0FF00FFF7DCFF78067F
:10F68000000EFFF7CEFF0024C44905EB450001EB57
:10F690008005012E23D0285DC043C0B2FFF780FF54
:10F6A000641CE4B2062CF4D308F0FF00FFF7C3FF9C
:10F6B000012000EB4700C0B2FFF7B3FF0024012E8A
:10F6C00011D028198079C043C0B2FFF769FF641CCC
:10F6D000E4B2062CF3D3BDE8F04106207FE7285DB5
:10F6E000FFF75EFFDCE728198079FFF759FFEEE7A7
:10F6F000F8B501214FF4D070E9F7D9FB4FF4E96078
:10F70000ADF8000003248DF8024010258DF8035059
:10F710006946A348E9F7C5F94020ADF800008DF827
:10F7200002408DF803509F4E69463046E9F7B9F91B
:10F7300040213046E9F71FFAEE01ADF800608DF880
:10F7400002408DF80350984C69462046E9F7A9F924
:10F7500031462046E9F70FFAF8BD30B50720FFF72C
:10F760003EFF002442F6A0050020FFF719FF641CAD
:10F77000A4B2AC42F8D3BDE8304006202FE710B564
:10F780008A4890F82300012801D0052801D1FFF70D
:10F79000AFFF874C002020604FF47A7012F03DFFDD
:10F7A00001202060642012F038FF0120FFF736FFAF
:10F7B0001120FFF714FFAE20FFF711FF0820FFF71D
:10F7C0000EFF0020FFF72AFF0520FFF708FF0C209F
:10F7D000FFF705FF0020FFF72EFF0020FFF721FFB6
:10F7E000BDE81040B9E72DE9FF4F87B00646DDF8C8
:10F7F00050B00F4691460BF07F05152D00D9152509
:10F8000048461FF021FA152802D848461FF01CFA76
:10F8100048461FF019FA152802D94FF00E0A04E0E5
:10F8200048461FF011FA00F0FF0A00240DF1040809
:10F830000FE05FEA0B6006D519F80400E8F7D8FC82
:10F8400008F8040003E019F8040008F80400641C38
:10F85000E4B25445EDD3554523D948461FF0F4F999
:10F86000C4B208E03819C1B2F0B220220A9BFFF7F7
:10F87000F3FE641CE4B2AC42F4D3002409E038196E
:10F88000C1B218F80420F0B20A9BFFF7E5FE641C31
:10F89000E4B248461FF0D8F9A042F0D80BB0BDE85A
:10F8A000F08F05B95546002409E03819C1B218F89F
:10F8B0000420F0B20A9BFFF7CFFE641CE4B2AC4216
:10F8C000F3D3EBE72DE9FC43DDF8248044B24DB2DD
:10F8D0004FF47A70824201D3042608E0642A01D3EF
:10F8E000032604E00A2A01D3022600E00126642749
:10F8F0000A21E946012E5DDDCBB3761C76B24FF0CE
:10F900002E0C09F803C0B2FBF0FC8DF804C0B2FB6A
:10F91000F0FC00FB1C20012B2AD0022B14D0032B5F
:10F9200062D1B0FBF7F28DF80220B0FBF7F207FBD3
:10F930001200B0FBF1F28DF80120B0FBF1F201FBF7
:10F9400012008DF800004FE0B0FBF7F28DF80320B5
:10F95000B0FBF7F207FB1200B0FBF1F28DF80120CB
:10F96000B0FBF1F201FB12008DF800003CE021E059
:10F97000B0FBF7F28DF80320B0FBF7F207FB1200A3
:10F98000B0FBF1F28DF80220B0FBF1F201FB1200A6
:10F990008DF8000028E0000000802242030F0408D8
:10F9A0000014014000200140001C0140526304602B
:10F9B000AC812342B2FBF0F38DF80330B2FBF0F3DD
:10F9C00000FB1320B0FBF7F28DF80220B0FBF7F23A
:10F9D00007FB1200B0FBF1F28DF80120B0FBF1F251
:10F9E00001FB12008DF80000701E47B216E019F9F5
:10F9F00007002E2819D0174943460A5CE9B2E0B245
:10FA0000FFF72AFE6D1C6DB2152D05DB0025641C69
:10FA100064B2052C00DB00247F1E7FB2002FE6DAE3
:10FA2000042E14DA0427AD1B0FE0E9B2E0B243461E
:10FA30002E22FFF711FEE5E7E819C1B2E0B2434616
:10FA40002022FFF709FE7F1E7FB2B742F4DABDE83D
:10FA5000FC830000F90E040870B500240020FFF7B5
:10FA6000EAFD6006000EFFF7DCFD00250020FFF731
:10FA700097FD6D1CEDB2062DF8D30020FFF7DBFDDE
:10FA8000012000EB4400C0B2FFF7CBFD00250020B1
:10FA9000FFF786FD6D1CEDB2062DF8D3641CE4B2B1
:10FAA000052CDBD370BD10B5FFF7D6FFBDE81040C5
:10FAB000FFF753BE10B5FFF7F6FF3149002008707D
:10FAC0003049086030490860BDE8104014222FA179
:10FAD00033481FF079B870B58AB0324DA87C697C84
:10FAE000CDE900102B7CEA7B2FA104A820F046FB77
:10FAF00000241526CDE90064012304AA21462046EE
:10FB00000294FFF770FEB5F8210000900823402210
:10FB100029A104A820F032FBCDE90064012304AA46
:10FB2000002118460294FFF75EFE284829A10378B9
:10FB30002748027804A820F021FBCDE900640123C6
:10FB400004AA002102200294FFF74DFE0D4802682E
:10FB50002448824208D20C4803682348834203D2D7
:10FB600022A104A820F00AFBCDE90064012304AA25
:10FB7000002103200294FFF736FE0AB070BD00009A
:10FB8000D00200602C04006030040060323031325A
:10FB90002D30392D31392031373A31363A31300074
:10FBA000A6E004605263046049503A25752E25751D
:10FBB0002E25752E2575000053573A2025752E25C4
:10FBC0007520506F72743A2025750000F3020060B2
:10FBD000E802006044423A202575204F4E3A202525
:10FBE000750000003F420F009F86010052583A25E1
:10FBF0006C752054583A256C7500000070474548D4
:10FC000000218180C180444A012111604FF4966136
:10FC1000018170474FF0320ADFF800910026DFF8CB
:10FC2000F4800127002400255046ECF77CFA98F870
:10FC30000000022803D2401C88F8000003E088F886
:10FC4000006088F8017098F8010028B188F8016018
:10FC5000D9F8240118B103E088F80260E2E704242F
:10FC6000D9F8280100B90324D9F8200100B90124EA
:10FC7000D9F8300100B902245CB1B8F80400C828F2
:10FC800002D2401CA8F80400B8F80410012905D0DD
:10FC90000DE0A8F8046088F80260C3E7A8F80670D1
:10FCA0004FF49660A8F808001B48076025460F2906
:10FCB00004D9042C01D0032C00D125461E290CD1D7
:10FCC000012C07D0062C05D0022C03D0072C01D024
:10FCD000082C02D104F18000C5B2322902D1052CD2
:10FCE00000D1852588F802509CE71CB509490023FE
:10FCF0000C31CDE90001642209A1AFF2E700ECF775
:10FD00009CF8002201210320ECF776FF01490861ED
:10FD10001CBD0000D4020060980124420000234270
:10FD20006B65795F7461736B00000000F0B4FE488E
:10FD30001825002390F82300FC4901281DD0052830
:10FD40001BD00A2602281CD006281AD00B22082411
:10FD500003281AD00A281BD0F8B1042820D007287D
:10FD60001ED00C2820D00924092820D00B2822D00E
:10FD70000E2824D0082826D027E0202048708D7037
:10FD800023E0102048708E701FE04A708C701CE0D9
:10FD9000062048700320887017E04D708E7014E0C4
:10FDA0004C700E20887010E04A708A700DE00D20B3
:10FDB00048708C7009E0112048708C7005E01520A7
:10FDC00048708A7001E04B708B70CB70F0BC40F6CD
:10FDD000E831D7481EF011BF010EC0F30742C0F34F
:10FDE000072301EB02211A0402EB0060084470476C
:10FDF0002DE9FF5F81468A464FF4B471CD481EF06D
:10FE0000FCFECC4CC84F97F82300401E032802D8B4
:10FE10002320207001E04A2020703879A070C64865
:10FE2000D0F8B1001BF0C6F9C4F80B0000216170D6
:10FE3000C4F803100120E071607297F823000128D4
:10FE400012D0052810D0022813D0062811D00B227A
:10FE50000823032812D0042813D0072811D00C2817
:10FE600013D0082814D017E0202020721820A07288
:10FE700012E0102020720A20A0720DE02272A372FC
:10FE80000AE023720E20A07206E02272A27203E042
:10FE9000E17161722172A1720027A64C1E34B8462E
:10FEA00046E0A64AC8EBC80101EB020B9BF806002E
:10FEB0002B2805D02C2803D05F2801D02E2833D141
:10FEC0007F1CFFB20C2F37D22070505CA070DBF883
:10FED0000100C4F80B009BF8050000F00E006070F4
:10FEE0000E98012810D1505C954900F0070201EBF3
:10FEF000D001012009789040014205D0FDF77AFF3A
:10FF0000FFF76AFFC4F80300029949EA0A000843B0
:10FF100001D1039890B184F8079084F808A0029862
:10FF200060720398A0721E3408F1010808F0FF08FF
:10FF30007E4800788045B4D3BDE8FF9F9BF806005B
:10FF40002B2806D02E2807D02C2808D05F2809D0CF
:10FF50000AE01625002607E00C25002604E0082507
:10FF60000E2601E014250226781EC0EB0011714810
:10FF700000EB4101087A401CE0716A1E10442072B7
:10FF8000887A401C6072711E0844A072CBE72DE98C
:10FF9000F34F85B00E46002E64D00598644900EBFF
:10FFA000400001EB80040490E07A00285AD1814699
:10FFB0000598DFF890B1DFF884814FF0030AC0EBB9
:10FFC000C005152E51D0142E7ED01C2E7DD0162E9D
:10FFD0007CD0482E7BD05F2E7AD02B2E79D02E2E3F
:10FFE00078D02C2E77D084F8079084F8089084F885
:10FFF00009904E4FDFF838A1B878E070E2791044EC
:020000040802F0
:10000000207194F808C06044C3B2BB707978617104
:10001000607A0144C9B279709A1AA2EB0C02081AEC
:100020004FF00109521C401CD2B2C0B2CDF8009072
:10003000FFF7DEFEDDE904100AF82100667018F80B
:100040000500A07084F80B90B9784020402900D9B1
:10005000B8707978402900D97870F878802801D96B
:100060008020F87007B0BDE8F08F002707F16C0022
:100070008DF80800000A0AEB40108DF809009BF883
:1000800000008DF80A0018F805008DF80B008DF8B7
:100090000C9000231A4601A902A8FAF786FC7F1CDF
:1000A000FFB2082FE2D3002707F164008DF80800A3
:1000B000000A0AEB40108DF809009BF800008DF84B
:1000C0000A0018F8050007E01AE06EE0CEE0F2E062
:1000D00031E171E195E1B9E18DF80B008DF80C90FB
:1000E00000231A4601A902A8FAF75FFC7F1CFFB2A1
:1000F000082FD9D384F8079008202072607278E71F
:100100000027762000EB47008DF80800000A0AEB74
:1001100040108DF809009BF800008DF80A0018F8CF
:1001200005008DF80B000FE052630460E8020060E8
:10013000D81D046086B902607ABF02601A48046064
:1001400052510460670200608DF80C9000231A463B
:1001500001A902A8FAF729FC7F1CFFB2082FD0D30F
:10016000002707F164008DF80800000A0AEB401030
:100170008DF809009BF800008DF80A0018F80500BA
:100180008DF80B008DF80C9000231A4601A902A8E7
:10019000FAF70BFC7F1CFFB20D2FE2D30D20E071AC
:1001A00084F808900820607223E7002707F16400B4
:1001B0008DF80800000A0AEB40108DF809009BF842
:1001C00000008DF80A0018F805008DF80B008DF876
:1001D0000C9000231A4601A902A8FAF7E6FB7F1C3F
:1001E000FFB2082FE2D3002707F16C008DF808005A
:1001F000000A0AEB40108DF809009BF800008DF80A
:100200000A0018F805008DF80B008DF80C900023FB
:100210001A4601A902A8FAF7C8FB7F1CFFB2042FF7
:10022000E2D3002707F1BE008DF80800000A0AEBB0
:1002300040108DF809009BF800008DF80A0018F8AE
:1002400005008DF80B008DF80C9000231A4601A9CB
:1002500002A8FAF7AAFB7F1CFFB20A2FE2D30820FC
:10026000E071042020720A206072C2E6002707F1C4
:1002700064008DF80800000A0AEB40108DF80900B0
:100280009BF800008DF80A0018F805008DF80B00A7
:100290008DF80C9000231A4601A902A8FAF785FBF5
:1002A0007F1CFFB2202FE2D384F8079084F80890D7
:1002B000202060729DE6002707F16F008DF808008E
:1002C000000A0AEB40108DF809009BF800008DF839
:1002D0000A0018F805008DF80B008DF80C9000232B
:1002E0001A4601A902A8FAF760FB7F1CFFB2072F8C
:1002F000E2D3002707F165008DF80800000A0AEB39
:1003000040108DF809009BF800008DF80A0018F8DD
:1003100005008DF80B008DF80C9000231A4601A9FA
:1003200002A8FAF742FB7F1CFFB2072FE2D3072097
:10033000E07160725DE6002707F164008DF8080047
:10034000000A0AEB40108DF809009BF800008DF8B8
:100350000A0018F805008DF80B008DF80C900023AA
:100360001A4601A902A8FAF720FB7F1CFFB2022F50
:10037000E2D3002707F168008DF80800000A0AEBB5
:1003800040108DF809009BF800008DF80A0018F85D
:1003900005008DF80B008DF80C9000231A4601A97A
:1003A00002A8FAF702FB7F1CFFB2142FE2D302204F
:1003B000E071142060721CE6002707F164008DF8DC
:1003C0000800000A0AEB40108DF809009BF80000B5
:1003D0008DF80A0018F805008DF80B008DF80C90C8
:1003E00000231A4601A902A8FAF7DFFA7F1CFFB220
:1003F000162FE2D384F8079084F8089016206072D4
:10040000F7E5002707F164008DF80800000A0AEB01
:1004100040108DF809009BF800008DF80A0018F8CC
:1004200005008DF80B008DF80C9000231A4601A9E9
:1004300002A8FAF7BAFA7F1CFFB20C2FE2D384F8B5
:10044000079084F808900C206072D2E5002707F12D
:100450006C008DF80800000A0AEB40108DF80900C6
:100460009BF800008DF80A0018F805008DF80B00C5
:100470008DF80C9000231A4601A902A8FAF795FA04
:100480007F1CFFB2062FE2D3002707F164008DF82E
:100490000800000A0AEB40108DF809009BF80000E4
:1004A0008DF80A0018F805008DF80B008DF80C90F7
:1004B00000231A4601A902A8FAF777FA7F1CFFB2B7
:1004C000082FE2D3002707F174008DF80800000A16
:1004D0000AEB40108DF809009BF800008DF80A0027
:1004E00018F805008DF80B008DF80C9000231A46C3
:1004F00001A902A8FAF759FA7F1CFFB2082FE2D32C
:100500000620E07108202072607272E52DE9F04F3C
:100510008FB0894616461C460EA901F0F4FB01284F
:100520007ED19DF83800F94FC0EBC002D11989790E
:100530001C290FD015290DD014290BD0162909D04C
:100540002B2907D02C2905D05F2903D0482901D0B9
:100550002E2965D1DFF8B8B3DFF8B8834FF0000C6F
:10056000A9F16C03A9F164051C291CD04FF47A7E13
:1005700006FB0EFA15297DD014297CD016297BD0D4
:10058000A9F5005A40F2BF52AAF54D6A2B2974D042
:100590002E2973D00AF5B8622C2970D048296FD063
:1005A0005F296ED028E24FF01C0A082D1ED2ECB253
:1005B00000EB400108EB8101C978214440292FD884
:1005C000012E75D0C1EB011505EB45055D4485F89D
:1005D00025C0C1EB011101EB41015944012501F88E
:1005E000245FBD5C4D7181F806A0CC71B408042B6A
:1005F00021D2DBB200EB400108EB810109791944FB
:1006000040290DD8C44D25F81140C1EB011101EB73
:10061000410104EB840559446D0041F81E5F00E080
:1006200096E001254D718D728D71BD5CCD7281F8A2
:100630000CA080334B73A9F1BE09B9F10A0FB1D2F6
:1006400009F0FF0100EB400008EB8000407908440E
:1006500040287DD8B14B23F810404FF47A735C43A7
:10066000C0EBC00303EB0013AD4800EB4300C0F840
:100670001E4007E028E081E0D5E004E178E1E2E116
:1006800027E3FDE3EEB1012380F82630223080F825
:1006900005C080F800C080F807C080F809C080F865
:1006A0000AC0BA5C827080F803A00172A4E1FFE77F
:1006B000C1EB011E0EEB4E0EDE4401258EF82550D7
:1006C00087E780F826C0E1E71524082D26D2EDB291
:1006D00000EB400108EB810109792944402937D812
:1006E000DFF8349229F81160C1EB011101EB4101EF
:1006F00006EB860959444FEA490941F81E9F4FF01D
:10070000010981F8059081F80A9081F8069017F8A0
:10071000029081F80B900C7380354D73082BC5D275
:10072000D9B200EB400008EB800040790844402833
:100730000ED87A4B23F81060C0EBC00303EB001314
:10074000774800EB4300C0F81EA0A6B1012300E0EB
:1007500095E080F82630223080F805C080F800C08F
:1007600080F807C080F809C080F80AC0BA5C8270BF
:10077000C470017240E180F826C0ECE714230D2D0F
:100780001CD2ECB200EB400108EB8101C978214496
:10079000402974D8C1EB011101EB4101594481F8A2
:1007A00023C0012581F82850B6B381F8255041F8BF
:1007B0001E6F8D71BD5CCD720B734C73A9F1760900
:1007C000B9F1100FD6D209EBD971C1F3470100EB93
:1007D000400008EB80004079084440284FD8C0EB27
:1007E000C00404EB00144E4800EB4400C0F81EA007
:1007F000B6B1012480F82640223080F805C080F888
:1008000000C080F807C080F809C080F80AC0BA5C50
:100810008270C3700172EFE0FFE781F825C0C6E780
:1008200080F826C0E8E7202DA4D2E9B200EB400012
:1008300008EB800040790844402820D8374B23F843
:100840001060C0EBC00303EB0013354800EB43001E
:10085000C0F81E60A6B1012380F82630223080F84F
:1008600005C080F800C080F807C080F809C080F893
:100870000AC0BA5C82701622C2700172DEE38DE09B
:1008800080F826C0EAE74FF02B09162D4AD2EDB2C8
:1008900000EB400008EB800040794319402B7DD8E5
:1008A000002001AA04EB400191F804C002F810C036
:1008B00002EB400CC9788CF80110401CC0B217281C
:1008C000F0D3C3EBC300164C00EB031004EB400065
:1008D0002E2201A91EF078F99DF83800C0EBC00166
:1008E00000EB400008EB80007A5C40792844C0EBC4
:1008F000C00101EB001104EB410101F8242F81F844
:1009000001908D71054921F8106097E31A48046041
:10091000A5300560D81D04607AB802607AB702601D
:10092000E52405609245A9D21721BAFBF1F1CEB2B8
:1009300000EB400008EB800040793044C0B2402812
:100940002CD8C0EBC00101EB0011FE482E2200EBB9
:100950004105214628461EF037F99DF83800C0EBC6
:10096000C000385C05F8240F85F80190AE7165E38E
:100970004FF02E090C2D40D2EDB200EB400008EBF9
:10098000800040794319402B08D8002001AA04EBCD
:10099000400191F804C002F810C000E0BAE002EB98
:1009A000400CC9788CF80110401CC0B21728EED357
:1009B000C3EBC300E34C00EB031004EB40002E221A
:1009C00001A91EF001F99DF83800C0EBC00100EB51
:1009D000400008EB80007A5C40792844C0EBC001FD
:1009E00001EB001104EB410101F8242F81F8019083
:1009F0008D71D54921F8106020E3924585D21721E9
:100A0000BAFBF1F1CEB200EB400008EB8000407978
:100A10003044C0B240287DD8C0EBC00101EB0011CA
:100A2000C8482E2200EB4105214628461EF0CCF88E
:100A30009DF83800C0EBC000385C05F8240F85F83D
:100A40000190AE71FAE2062B38D2DEB200EB400024
:100A500008EB8000C07800EB060CBCF1400F59D8C1
:100A6000002001AA04EB40010B7902F8103002EBE0
:100A70004003C9785970401CC0B21728F2D3CCEBA0
:100A80000C1000EB400058442D2201A91EF09CF8E8
:100A90009DF83800C0EBC00100EB400008EB80007F
:100AA000795CC0783044C0EB001000EB4000584443
:100AB00000F8291F2C21417086702DE08A2A2BD244
:100AC0001721B2FBF1F1CEB200EB400008EB800041
:100AD000C078304440281DD8C0EB001000EB400027
:100AE00058442D2221461EF06FF89DF83800C0EBC7
:100AF000C00100EB400008EB8000795CC078304416
:100B0000C0EB001000EB4000584400F8291F2C21D6
:100B1000417000E08CE08670082D39D2EDB29DF86E
:100B2000380000EB400008EB800000794219402AB1
:100B30007ED8002001AB04EB40010E7903F8106071
:100B400003EB4006C9787170401CC0B21728F2D37D
:100B5000C2EB021000EB400058442D2201A91EF008
:100B600033F89DF83800C0EBC00100EB400008EB03
:100B70008000795C00792844C0EB001000EB400055
:100B8000584400F8291F2C2141708035857032E0CF
:100B9000A9F51C509A3840F2355188422BD21721C2
:100BA000B0FBF1F0C5B29DF8380000EB400008EB57
:100BB00080000079284440283AD8C0EB001000EBB0
:100BC000400058442D2221461DF0FEFF9DF83800BC
:100BD000C0EBC00100EB400008EB8000795C0079BD
:100BE0002844C0EB001000EB4000584400F8291FD7
:100BF0002C2141708570A9F17409B9F1080F3ED21A
:100C000009F0FF059DF8380000EB400008EB80007C
:100C100040794319402B0BD8002001AA04EB400176
:100C20000E7902F8106002EB4006C978717000E09E
:100C3000B6E0401CC0B21728F0D3C3EBC300414C50
:100C400000EB031004EB40002E2201A91DF0BCFFB5
:100C50009DF83800C0EBC00100EB400008EB8000BD
:100C6000795C40792844C0EBC00202EB001004EB31
:100C7000400000F8241F2C2141708571DEE140F214
:100C800077608245FAD21720BAFBF0F0C6B29DF821
:100C9000380000EB400008EB800040793044C0B2DF
:100CA00040287DD8C0EBC00101EB001125482E2261
:100CB00000EB4105214628461DF086FF9DF83800CF
:100CC000C0EBC000385C05F8240F2C206870AE71B2
:100CD000B4E1A9F16F01482607293CD2CDB200EB5F
:100CE000400008EB8000C07800EB050CBCF1400F21
:100CF00056D8002001AA04EB40010B7902F810300D
:100D000002EB4003C9785970401CC0B21728F2D3D7
:100D1000CCEB0C1000EB400058442D2201A91DF033
:100D200053FF9DF83800C0EBC00100EB400008EB1A
:100D30008000795CC0782844C0EB001000EB4000D4
:100D4000584403E0E52405607AB7026000F8291FE3
:100D5000467085702CE0A12A2AD21721B2FBF1F14E
:100D6000CDB200EB400008EB8000C078284440285A
:100D700016D8C0EB001000EB400058442D2221464D
:100D80001DF022FF9DF83800C0EBC00100EB4000D1
:100D900008EB8000795CC0782844C0EB001000E0CC
:100DA00095E000EB4000584400F8291F467085701C
:100DB000A9F16509B9F1070F3DD209F0FF059DF8CA
:100DC000380000EB400008EB800040794319402BCD
:100DD0007DD8002001AA04EB400191F804C002F87C
:100DE00010C002EB400CC9788CF80110401CC0B256
:100DF0001728F0D3C3EBC300F94C00EB031004EB4E
:100E000040002E2201A91DF0DFFE9DF83800C0EB46
:100E1000C00100EB400008EB8000795C4079284479
:100E2000C0EBC00202EB001004EB400000F8241FEE
:100E30004670857102E1BAF5CC6F27D21720BAFB54
:100E4000F0F000F0FF099DF8380000EB400008EBDF
:100E5000800040794844C0B2402838D8C0EBC00177
:100E600001EB0011DE482E2200EB41052146284609
:100E70001DF0AAFE9DF83800C0EBC000385C00E011
:100E800005E005F8240F6E7085F80690D6E05F2621
:100E9000022D39D2EDB200EB400008EB8000C078A3
:100EA00000EB050CBCF1400F11D8002001AA04EBA7
:100EB00040010B7902F8103002EB4003C9785970F9
:100EC000401CC0B21728F2D3CCEB0C1000E0A7E016
:100ED00000EB400058442D2201A91DF075FE9DF83D
:100EE0003800C0EBC00100EB400008EB8000795CEB
:100EF000C0782844C0EB001000EB4000584400F8D4
:100F0000291F467085702AE02E2A28D21721B2FBAD
:100F1000F1F1CDB200EB400008EB8000C07828442E
:100F200040287DD8C0EB001000EB400058442D2233
:100F300021461DF049FE9DF83800C0EBC00100EBD2
:100F4000400008EB8000795CC0782844C0EB0010BA
:100F500000EB4000584400F8291F46708570A9F145
:100F60006809B9F1140F3DD209F0FF059DF838006A
:100F700000EB400008EB800040794319402B63D818
:100F8000002001AA04EB400191F804C002F810C04F
:100F900002EB400CC9788CF80110401CC0B2172835
:100FA000F0D3C3EBC3008E4C00EB031004EB400006
:100FB0002E2201A91DF008FE9DF83800C0EBC001EB
:100FC00000EB400008EB8000795C40792844C0EBDE
:100FD000C00202EB001004EB400000F8241F467032
:100FE00085712BE040F28B70824527D21720BAFB27
:100FF000F0F000F0FF099DF8380000EB400008EB2E
:10100000800040794844C0B240281DD8C0EBC001E0
:1010100001EB001172482E2200EB4105214600E051
:1010200012E028461DF0D0FD9DF83800C0EBC0004E
:10103000385C05F8240F6E7085F80690F2F7C4FB53
:10104000F2F7EDFBF2F716FC0FB0BDE8F08F2DE9DB
:10105000F04F06460020DFF88C9199F80030002B05
:10106000F3D000233370DFF88081604FD7E0C3EB0B
:10107000C30404EB080C9CF806401C2C09D0142C6B
:1010800007D0152C05D02C2C03D05F2C01D0482C78
:101090007ED102296AD103EB430407EB8404E5798E
:1010A000F5B303F1010BD3453FD2E47894425DD808
:1010B0002C4494425AD93370C3EBC301414489791B
:1010C0001C2907D103EB430007EB8000C078101AFE
:1010D000643080B2142907D103EB430007EB800092
:1010E000C078101A643080B22C2907D103EB43007A
:1010F00007EB8000C078101A6C3080B25F2907D1EE
:1011000003EB430007EB8000C078101A643080B214
:1011100048299AD103EB430007EB8000C07800E038
:1011200024E0101A6F3080B28FE733709CF80650BD
:101130001C2D03D1E078101A643080B2142D03D135
:10114000E078101A643080B22C2D03D1E078101AA8
:101150006C3080B25F2D03D1E078101A643080B219
:10116000482D03D1E078101A6F3080B2032954D192
:1011700003EB430407EB8404257A4DB199F800B0E2
:1011800003F1010ADA4533D22479944245D800E0CC
:1011900043E02C44944240D93370C3EBC301414433
:1011A00089791C2907D103EB430007EB8000007904
:1011B000101A6C3080B2152907D103EB430007EBFE
:1011C00080000079101A643080B22C29ACD103EB76
:1011D000430007EB80000079101A643080B234E7D6
:1011E000E5240560E80200601A480460D81D046028
:1011F00033709CF806501C2D03D12079101A6C30E6
:1012000080B2152D03D12079101A643080B22C2DB4
:1012100003D12079101A643080B25B1CDBB299F8DC
:1012200000A05345FFF423AF0FE72DE9F84FF84C2A
:101230000020F84D0127F84E95F800C02AE0C0EBD9
:10124000C00291198B792B2B03D02C2B01D02E2B84
:101250001ED1B35CDFF8C48303F0070B08EBD3099E
:1012600007FA0BF899F800A02AEA080A89F800A002
:10127000DFF8AC9309EBD30393F8009029EA08094F
:1012800083F800900023B354C1F801304B718B7187
:10129000401CC0B26045D2D30021002015E0C0EB55
:1012A000C003F25C7AB1C1EBC10233443244D3F8DB
:1012B0000080C2F80080B3F80480A2F804809B7913
:1012C0009371491CC9B2401CC0B26045E7D3D548F0
:1012D00001704FF0000820782B2803D02C2801D073
:1012E0002E280FD1002000F08FFE8146D4F80B008D
:1012F000FEF772FD0146207800906278A0784B4698
:1013000000F040FD08F1010808F0FF081E34B8F1B4
:101310000B0FE0D300F098FAC3480770C3488774F6
:10132000FEF704FD002408E0C4EBC40030448179DA
:101330002046FEF72CFE641CE4B228788442F3D3E6
:10134000BDE8F88F10B50C4601460120F2F7BFFA50
:1013500040B2411C02D02070012010BD002010BD01
:1013600010B50C4601460420F2F7B1FA40B2411C18
:1013700002D02070012010BD002010BD10B50C4619
:1013800001460220F2F731FB40B2411C02D020702E
:10139000012010BD002010BD10B50C4601460520EF
:1013A000F2F723FB40B2411C02D02070012010BD97
:1013B000002010BD10B50C4601460020F2F715FBC9
:1013C00040B2411C02D02070012010BD002010BD91
:1013D00010B50C4601460320F2F707FB40B2411C52
:1013E00002D02070012010BD002010BD10B50C46A9
:1013F00001460120F2F7F9FA40B2411C02D02070F8
:10140000012010BD002010BD10B50C46014604207F
:10141000F2F7EBFA40B2411C02D02070012010BD5F
:10142000002010BD2DE9FE4304460D4694F82A0025
:101430002C2801D05F2801D1012A14D0142803D010
:101440001C2801D02C2824D194F82B00DFF8E0814F
:10145000714F00064FF001065ED494F8250068B382
:101460004FF47A702BE094F82B104FF02E020B06FD
:1014700011D401F07F00C0EBC00101EB001042F27B
:1014800010710092421894F829102346102001F0A0
:101490002DFDBDE8FE832C28FBD101F07F00C0EBC1
:1014A000C00101EB001042F29A710092421894F8C8
:1014B00029102346102001F019FDEAE7002028F842
:1014C00015002A46022102A8FFF7C1FD0246002AA4
:1014D000DFD094F82B000006DBD438F81500B0F507
:1014E000007F0BD301969DF808000096C0EBC0006A
:1014F00001AB395C062001F0F9FCCAE70028C8D12D
:1015000001909DF808000096C0EBC00001AB395C6B
:10151000062001F0EBFCBCE72A46032102A8FFF7F6
:1015200096FD04462000B4D09DF80810DFF8049121
:1015300001EB410009EB800040781C2809D1C1EB88
:10154000C1000096395C08EB45032246062001F0F5
:10155000CDFC9DF8081001EB410009EB80004078BC
:101560002C2896D1C1EBC1000096395C08EB4503ED
:101570002246062001F0BAFC8BE708B590F825104A
:101580002C2905D02B2903D05F2901D02E2912D177
:101590002F21009190F82A10034601F07F01C1EB42
:1015A000C10202EB011142F6D0420A4490F8241025
:1015B000102001F09BFC08BD2DE9FC5F00271E4CAC
:1015C0000026DFF878804FF47A79CAE0DFF848A087
:1015D000C6EBC60505EB0A008079092803D0072869
:1015E00001D05D287ED17F1CFFB2FE2F7BD21AF87E
:1015F000050020701AF80500114900F0070201EB00
:10160000D00101200978904001421BD001201AE04E
:10161000A4B90260E80200601A4804601251046034
:1016200032510460F0020060DE03006044CC0360CD
:101630007AB80260D81D0460E43C0360B802006020
:10164000525104600020E07359208DF800004FF0E3
:10165000230B8DF801B0764800788DF802001AF857
:1016600005008DF8030000208DF8040000230122FE
:1016700070496846F9F799F9012805D1D8F80000B2
:1016800090FBF9F0A4F81F005E208DF800008DF8A3
:1016900001B0DFF89CB19BF800008DF802006648AD
:1016A000405D8DF803004FF0000A8DF804A0002380
:1016B000012260496846F9F778F9012805D1D8F880
:1016C000000090FBF9F0A4F821000C208DF8000038
:1016D00063208DF80100564800788DF80200DFF88D
:1016E00058B101E03BE041E01BF805008DF8030034
:1016F0008DF804A0002301224E496846F9F755F9F8
:10170000012805D1D8F8000090FBF9F0A4F82300D7
:1017100005208DF8000063208DF801004448007812
:101720008DF802001BF805008DF803008DF804A069
:10173000002301223F496846F9F737F9012805D10E
:10174000D8F8000090FBF9F0A4F825003B480F22E0
:1017500000EB061104F110001DF036FA2734761C58
:10176000F6B2374800788642FFF430AFBDE8FC9F00
:101770007FB533490978884258D2C0EBC00101EBEC
:101780004010304944182A4800788DF80A00641C3B
:1017900014F8010C8DF80B0000208DF80C00E08B84
:1017A0004FF47A714843019059208DF808002326A0
:1017B0008DF8096002250123002201A902A80095E5
:1017C000F8F7ACFD208C4FF47A71484301905E200D
:1017D0008DF808008DF809600123002201A902A8F4
:1017E0000095F8F79BFD608C4FF47A7148430190A7
:1017F0000C208DF8080063268DF809600123002273
:1018000001A902A80095F8F789FDA08C4FF47A7120
:101810004843019005208DF808008DF809600123E8
:10182000002201A902A80095F8F778FD7FBD00000D
:1018300067020060B80200601A4804602C3504603A
:10184000E8020060E43C0360F8B5002100220023B8
:101850000020FF4CFD4E277828E0C0EBC004A519FE
:101860006D7905F00F05012D04D0022D0BD0032D4D
:1018700012D019E0355D0C46DFF8D8C3491CC9B257
:101880000CF8045010E0355D1446DFF8CCC3521C50
:10189000D2B20CF8045007E0355D1C46DFF8BCC33B
:1018A0005B1CDBB20CF80450401CC0B2B842D4D36D
:1018B000EB480170EB4CEC480270EC480370881860
:1018C0001844207000200346024601460090FEF7AF
:1018D0008FFABDE8F840FFF76FBE2DE9F84F002200
:1018E00000230024DFF86893002789F800700020A7
:1018F000DFF87CB3D54E4FF0010A0BF1200EC0EBA0
:10190000C005A919497901F00F01012903D0022965
:1019100001D003293ED1715D09B3FF293AD0F8B156
:10192000451EC5EBC505755DA94233D00BEBD10C47
:1019300001F007059CF800800AFA05F548EA050859
:101940008CF800800EEBD10191F800C02CEA050C58
:1019500081F800C099F80010491C89F8001019E0BE
:1019600031780BEBD10C01F007059CF800800AFAE6
:1019700005F548EA05088CF800800EEBD10191F8D6
:1019800000C02CEA050C81F800C099F80010491C31
:1019900089F80010401CC0B2FE28B0D3002099F88E
:1019A00000C028E0C0EBC0018D196D7905F00F056E
:1019B000012D04D0022D0BD0032D12D019E0755C3F
:1019C0001146DFF89082521CD2B208F8015010E0A4
:1019D000755C1946DFF880825B1CDBB208F80150A9
:1019E00007E0755C2146DFF87482641CE4B208F8F5
:1019F0000150401CC0B26045D4D399480270994D43
:101A00009948037099480470D01820442870002425
:101A100008E0C4EBC400304481792046FEF7B7FAF1
:101A2000641CE4B228788442F3D300231A46194692
:101A300018460097FEF7DCF9BDE8F84FFFF7BCBD8C
:101A400070B504460D460721204603F0EEF82178D4
:101A5000FF2922D1617819291FD1E179B1EB102F2B
:101A60001BD1217AC0B2884217D17948A178483079
:101A70000170E178A279237941EA0262617909046F
:101A800041EA03210A43C0F801207A4800888542D0
:101A900001D1012070BD032070BD022070BD2DE971
:101AA000FC41074688461446022C02D90020BDE8B6
:101AB000FC8124B1022C05D0012C06D007E06E4831
:101AC000056804E06D48056801E06D4805686D4EE5
:101AD0003089401C308132212846EBF757FA98B301
:101AE000204603F016F9FF208DF8000019208DF82C
:101AF00001008DF802708DF803800421684603F020
:101B000094F8010A8DF804108DF80500224606218C
:101B1000684603F0A2F822460921002007F067FE7C
:101B20007089401C7081012C11D03220214607F0B1
:101B3000A6FE10F0FF010CD0B089401CB0815248C5
:101B4000FFF77EFF064605E0FFE7FF20AFE75020E6
:101B5000ECE7002622460021012007F048FE284637
:101B6000EBF75FF93046A2E710B504460A2120469C
:101B700003F05BF8A17AB1EB102F05D1E17AC0B286
:101B8000884201D1042010BD002010BD2DE9FE4384
:101B90000746884614461D460026284603F0B9F835
:101BA0008DF8007006208DF8010000208DF80200ED
:101BB0000A208DF8030055208DF804008DF805806B
:101BC0008DF80640200A8DF80700200C8DF80800DB
:101BD000200E8DF809000A21684603F026F8010A54
:101BE0008DF80A108DF80B002A460C21684603F088
:101BF00034F82A460C21002007F0F9FD29464FF45D
:101C0000FA7007F03CFE10F0FF0F04D00C211E48C4
:101C1000FFF7AAFF06462A460021012007F0E7FD4C
:101C20003046BDE8FE8370B50120114C012504F15A
:101C3000200304EBD00100F007060A7805FA06F14C
:101C40000A4225D103EBD00212781FE01A48046043
:101C5000F0020060DE1A0460DC1B0460DA1C046021
:101C6000ED020060E8020060EE020060EF0200603A
:101C700012510460A0030060BC030060C003006058
:101C8000C403006020720460386A04600A4204D011
:101C9000401CC0B2FF28CCD3FF2070BDF0B500219E
:101CA0000020F94AF74B012403F6381716780FE0A5
:101CB000C0EBC0029A5C07EBD20502F007022D7858
:101CC00004FA02F2154201D0491CC9B2401CC0B24C
:101CD000B042EDD3ED48C170F0BD10B5E949C0EB9D
:101CE000C000085C01F6381101EBD00100F00703D9
:101CF0000A780120984002430A70FFF7CFFFBDE841
:101D00001040FFF759BC30B50022DF4BDD4C1B788B
:101D100009E0C2EBC205655D854202D10A7001206F
:101D200030BD521CD2B29A42F3D3002030BD2DE90F
:101D3000F041DDF818C00024DFF85083D44F98F844
:101D40001E5005EB850606EBC506BE5D864217D024
:101D5000641CE4B2142CF9D3132D11D26D1CECB217
:101D600088F81E4004EB840505EBC4043855E019DF
:101D700040F8011F4260037280F809C000214181D0
:101D8000BDE8F0812DE9FF5F04460E980D469146AF
:101D900000210191002C0CD0DFF8F0B209EB031206
:101DA000521CD2B2DFF8DC824FF0010A9BF80070BF
:101DB0001BE0002004B0BDE8F09FC1EBC10318F8A0
:101DC0000360A6420FD14344D3F80160AE420AD16A
:101DD0005E7906F00F06761E4E4504D05A7100B1AA
:101DE00098718BF804A0491CC9B2B942E5D34FF0F1
:101DF000FF0CA84901260B7904F007018E40A64983
:101E0000A34201EBD4011BD10878304308700022B3
:101E10002B4621461046F3F757F89E484B468179EA
:101E200000910178427801EB02218278C078120497
:101E300002EB006001442A462046FFF778FFC0E02D
:101E4000954B203B03EBD40393F800E0CDF80CE076
:101E50001EEA060F48D0002343E0C3EBC30C18F87A
:101E60000CC0A4453BD1C3EBC30B0BEB0807D7F861
:101E700001C0AC452CD0874B93F8273013B10B78B9
:101E800033430B7015B1BCF1000F22D0002D1FD0D1
:101E9000BCF1000F1CD02B46624621460120F3F70F
:101EA00013F87D4918F80B00203101EBD00100F048
:101EB000070009780AFA00FA11EA0A0F08D0092087
:101EC0000090D7F801104B462A462046FFF72FFF17
:101ED00077E0C7F801507A71F0B3B87171E05B1C1C
:101EE000DBB2BB42B9D36CE04FF0000911E0C9EBA3
:101EF000C90BC344DBF801B0AB4506D12DB1C9EB2A
:101F0000C90C08F80C40CC4605E009F1010909F0BC
:101F1000FF09B945EBD3BCF1FF0F37D0CCEBCC07B1
:101F2000DFF8749118F807C0A9F1200909EBDC0962
:101F3000CDF8089099F800B00CF0070E0AFA0EF9E7
:101F4000CE462BEA090BDDF8089089F800B0DFF8DF
:101F5000489109EBDC0C00E033E09CF800B02BEA80
:101F60000E0B8CF800B093F800C04CEA060C83F816
:101F700000C00B78B3430B7008F8074007EB08016B
:101F8000C1F801504A71C8B1887117E0DDF80CC082
:101F90004CEA060C83F800C00B78B3430B70C7EB18
:101FA000C7013A4B08F801404144C1F801504A7159
:101FB00000B188717F1C1F7001200190334880F8A8
:101FC00004A03549002040310855A1F25E214FF4AC
:101FD000167021F8140001F23E2000EBD4000078C6
:101FE00030420FD169462046FFF78DFE012809D106
:101FF0009DF80000C0EBC00141448979DC2901D281
:10200000FFF76BFE0198D5E62449254A0028097898
:10201000127807D001281BD002281BD0032800D13A
:10202000084670471B4890F82A30072B09D090F8D3
:102030002810072907D090F82900072805D0062086
:10204000704708467047104670471648007870473A
:10205000104670470620704710B5002000210B4A3B
:102060000C4B24321C1894F82840072C02D15054F1
:10207000491CC9B2401CC0B20328F3D30348C17243
:1020800010BD00001A480460E8020060F002006021
:10209000695A046052630460325104606A0300604C
:1020A000680300606903006038B50446FD482044B9
:1020B00090F82810072908D0072180F8281004F18B
:1020C0001D0010F0A4FAFFF7C7FF64B969460920A4
:1020D00010F08EFAF4489DF8002001788A4202D070
:1020E000092010F094FA012C0CD16946522010F00E
:1020F0007FFAEE489DF8002001788A4202D05220F3
:1021000010F085FA022C0CD16946532010F070FAB9
:10211000E7489DF8002001788A4202D0532010F051
:1021200076FA38BD2DE9F74F82B004460D46AC4231
:1021300069D821462846049AFFF7B1FC002862D0EE
:102140000122611902EB5108DDF810904908DFF80F
:1021500064B309F101090191012815D0D64901267E
:10216000A1F1200202EBD40A04F00702964001EB31
:10217000D407022828D0032855D0049A05B0294650
:102180002046BDE8F04FCDE70498FFF78DFF09F03A
:10219000FF00FFF739FF034600200090DBF8011035
:1021A0009BF80000049AFFF7EDFDAC422BD02046CF
:1021B000049A0199FFF7B6FF049A05B008F0FF00F2
:1021C0002946BDE8F04FADE70498FFF76DFFAC423C
:1021D0001CD13878304338709AF80000304212D061
:1021E000B04890F8270000280DD1B24AB349483AC8
:1021F000127806E0C0EBC003CB5CA34203D0401CC6
:10220000C0B29042F6D305B0BDE8F08F2046049AE4
:102210000199FFF787FF049A05B008F0FF002946EF
:10222000BDE8F04F7EE70498FFF73EFFAC421AD1BD
:102230003878304338709AF800003042E3D099483B
:1022400090F827000028DED19A4A9C49483A127833
:1022500006E0C0EBC003CB5CA342D4D0401CC0B2AC
:102260009042F6D3CFE709F0FF00FFF7CDFE03461B
:1022700000200090DBF801109BF80000049AFFF7A3
:1022800081FD2046049A0199FFF74CFF049A05B09E
:1022900008F0FF002946BDE8F04F43E730B40022C4
:1022A000874C864B247811E0C2EBC2055D5D8D4200
:1022B0000AD1C2EBC201194449790A0902D030BCE3
:1022C0000809704730BC9FE6521CD2B2A242EBD341
:1022D00030BC99E67B4A11547B4A01211154704766
:1022E0000246FE2101201DE710B573482021203849
:1022F0001CF083FC202170481CF07FFC6E482021DC
:1023000020301CF07AFC40F2F9616C481CF075FC3E
:10231000684800244838C4700470FE216B481CF0E3
:102320006CFCFE216A481CF068FC6A4804706A482C
:102330000470FE2169481CF060FC61480470684824
:102340000470684804709BE65A4900204839887731
:102350004FF4827164481CF050BC2DE9F843554895
:10236000002548380570012181724584FDF7DEFCA7
:10237000FFF7BAFF00245D4E1E2706F58078A6F50C
:102380007F69355528F8147009EB041010211CF0F2
:1023900034FC641CE4B2FF2CF3D3554805704FF4B1
:1023A000606154481CF029FC53480570FFF704F99C
:1023B000FFF7CAFF00231A46194618460095FDF795
:1023C00017FD41F2CC014D481CF017FC4C4805703C
:1023D000BDE8F8833949C0EBC000085C01F638114C
:1023E00001EBD00100F007030A78012098408243F6
:1023F0000A7053E470B505460C462A4804712F480C
:1024000004702146062010F002F92B4805F007065B
:10241000203800EBD50101250B7805FA06F293432D
:102420000B7000EBD40004F00703017805FA03F207
:102430001143017070BD10B50021214B1F4A1B785C
:102440000DE0C1EBC104145D844206D1C1EBC100B3
:102450001044407900F00F0012E6491CC9B29942BD
:10246000EFD300200F490A1892F82820072A05D038
:10247000401CC0B20328F6D3002001E6401CC0B2C5
:10248000FEE510B5A0F51C52103A40F2BF541723D8
:10249000A2423CD2B2FBF3F003FB102008B10020B3
:1024A000EEE52FE05263046068030060690300609A
:1024B0006A03006038030060325104601A48046007
:1024C000E8020060D4030060D7030060DC1B0460F6
:1024D000DA1C0460EE020060EF020060DE1A0460A5
:1024E000EC020060ED020060695A04601C45046063
:1024F0006C020060D8A203606B020060D8B0036079
:102500006D020060B2FBF3F008700120B8E5A0F5A1
:102510003050D038A0420BD2B0FBF3F203FB1202D2
:102520000AB10020ACE5B0FBF3F008700220A7E58B
:102530000020A5E5F0B501231080CB2926D0A0F11D
:102540006404C4EBC40542F6D04705EB041542F21F
:1025500010765F2977D02546C5EBC50C0CEB051529
:10256000BC466544ADB22B296ED02E296DD0A0F1AA
:102570006C052C296AD064266C271C2967D0142985
:1025800075D0152974D0162973D0D7E0B4286CD033
:1025900032DC1C2869D016DC102866D00CDC082838
:1025A00063D004DC032861D004285FD15DE00B28F0
:1025B0005CD00C285AD158E0132857D0142854D096
:1025C000182853D151E03C284FD00CDC28284CD09F
:1025D00004DC202849D0242848D146E02C2844D0C7
:1025E000382843D141E03F2840D040283ED04328FE
:1025F0003CD055283AD138E0D92836D018DCC82844
:1026000033D00CDCBE2830D004DCB7282DD0BA285B
:102610002CD12AE0C22828D0C52827D125E0CB28F4
:1026200023D0CE2821D0D2281FD0D6281ED11CE0FE
:10263000ED281AD011DCE22817D009DCDC2814D0F0
:10264000DF287BD111E015E024E028E02CE04AE00F
:10265000E6280AD0EA2871D107E0F02805D0F3284F
:1026600003D0F62801D0FA2868D1822366E04BE037
:1026700056E05FE06838142806D2C0EBC00101EBD9
:102680000010384410809723022C57D2A8191080CC
:10269000972353E0162C51D2158097234EE00C2C33
:1026A0004CD21580972349E0A0F17401082906D285
:1026B000C1EBC10303EB0111394411809723062DAF
:1026C00006D2C5EBC50101EB0511314411809723FA
:1026D000082C33D25E38C0EBC00101EB001030444F
:1026E000108097232AE0082C02D21680082325E0C8
:1026F000042D02D21780042320E0BE380A281DD200
:10270000BE2010800A2319E00D2C02D216800D2362
:1027100014E07638102811D27620108090230DE036
:10272000082C02D21680082308E0082D06D2178054
:10273000082303E0202C01D2168020231846F0BD88
:1027400010B50021F94BF84A1B780BE0C1EBC1042E
:10275000145D844204D1C1EBC100104480798FE440
:10276000491CC9B29942F1D3002089E42DE9F04F08
:102770008BB081460E46EE48807A01287ED0002537
:10278000C9EBC900E849099008440A90E949099849
:10279000AB4601EB800456B3217D8DF81810B4F8D8
:1027A000150000F07F028DF81920050AB4F8170013
:1027B000020A8DF81A208DF81B000846FFF73BFE31
:1027C00007469DF818103846FFF768FD8046002F31
:1027D00054D07F1EFFB2D848384490F8280007280C
:1027E0004CD1FFB1012F21D0022F23D025E00A9830
:1027F000CD498079DC2841D80998085C8DF818000B
:1028000003218DF819108DF81AB007218DF81B10CF
:10281000FFF711FE07469DF818103846FFF73EFDFA
:102820008046D4E7C5480068059006E0C4480068C3
:10283000059002E0C3480068059032210598EAF748
:10284000A5FB00281AD000208DF81C004FF0010BCA
:10285000E6B1207DFFF774FF0146B4F8170004AA23
:10286000FFF768FE05B1822000F07F018DF81D1092
:10287000BDF810100A0A8DF81A2000E033E38DF835
:102880001B10000605D54FF0010A04E08DF81DB0BD
:1028900001E04FF0000A062106A802F0C6F9010A7D
:1028A0008DF81E108DF81F0041463846FFF712FDC7
:1028B000384602F02EFA3A46082106A802F0CDF971
:1028C0009DF81900052101284FD002284DD09DF810
:1028D0001D0001EB400000F0FF083A464146002091
:1028E00006F085FF012F46D0F6B39DF8180004A925
:1028F000FFF709FA0A2101284FD09DF81D0000EBCF
:10290000800001EB4000C0B23946143006F0B7FF3A
:1029100000287AD0A8F10200C1B28B4802F085F9F4
:10292000894A02EB080111F8023CB3EB102F6DD17C
:1029300011F8011CC0B290468842F8D1EEB39DF860
:10294000180004A9FFF7DFF99DF81000C0EBC001E3
:102950007548084480792B287ED02C287CD05F28AD
:102960007AD02E2878D089E00EE09DF81D00C01D99
:1029700001EBD008B1E79DF81D00322100EB80008B
:1029800001EB4000C0B2BFE79DF81D0000EB8001E5
:10299000282000EB4100C0B2B6E79DF81000C0EB64
:1029A000C0026148104480795D280BD0092809D005
:1029B0009DF81D0000EB800000E00CE001EB400002
:1029C000C0B2A1E79DF81D0000EB8001282000EBBC
:1029D0004100C0B298E798F80400DC2845D20A9973
:1029E000514C88712B2805D02C2803D05F2801D0AA
:1029F0002E2807D100231A4619461846CDF800B0F4
:102A0000FDF7F6F90020514909E018E20FE200EB6A
:102A1000400201EB8202D27A1AB1401CC0B2484592
:102A2000F5D909984A499DF81820205C02F0070260
:102A300001EBD0010BFA02F20978114210D104A97E
:102A4000FFF761F901280BD19DF81000C0EBC00120
:102A500021448979DC2900E008E001D2FFF73DF943
:102A60000A9881794846FDF792FAB8E100231A46A0
:102A700019461846CDF800B0FDF7BAF9BAF1000FC3
:102A800001D0002649E100268BE009EB0600C0EBEF
:102A9000C001284800EB8100089080F80BB0207D31
:102AA000FFF74EFE014608980173B4F8150000F0D8
:102AB0007F0101291DD002291BD0B4F81710FF296E
:102AC0005AD998F8043098F803C0C0F3C012CDE981
:102AD000012503EB0C230A0A009362F35F10C0B2D6
:102AE000CBB2CA0A94F814C001466046F6F74BFB15
:102AF00055E0B4F81710FF292CD998F80320C0F33B
:102B0000C0130AB1012200E000228DE82C000A0A5D
:102B100062F35F1000F0FF0CCBB2CA0A207D614661
:102B2000F6F731FB3BE000001A480460E802006061
:102B3000F0020060D8A2036052630460BC0300602E
:102B4000C4030060C0030060386A0460D81D0460DC
:102B50005251046098F80320C0F3C0130AB1012257
:102B600000E000228DE82C00CBB200F01F01207D98
:102B70000022F6F708FB12E008EB4602C0F3C01390
:102B800092F804C0D27831440CEB02228DE82C007C
:102B9000CBB200F01F01207D0022F6F7F4FA761C7C
:102BA000F6B29DF81D00B0423FF66FAFBBE0207D4E
:102BB000FFF7C6FDCB2830D0207DFFF7C1FD2C28C4
:102BC0004FD02B284DD05F284BD02E2849D0B4F8B9
:102BD0001700FF2878D908EB860194F815E08B7967
:102BE00091F803C0CEF3C01203EB0C6391F804C05C
:102BF00049794FEA0C4C0CEB012119448DE8260071
:102C000000EB4601CBB2010A61F35F1EC20A0EF06F
:102C1000FF01207DF6F7B7FA74E098F8042098F8E1
:102C2000033098F805C002EB03224FF47A735A433D
:102C300098F80630607D03EB0C23C0F3C0114FF40D
:102C40007A7CCDE9011503FB0CF302EB13420092F1
:102C5000B4F81710CBB2CA0AC1B2207DF6F793FAC6
:102C600050E098F8222098F82330607D02EB036250
:102C700098F8243098F821C0C0F3C011CDE90115AF
:102C80001B0403EB0C231A440092C1B2E37D207DA8
:102C90000022F6F778FA98F8220098F8231098F8AE
:102CA000212000EB016098F82410CDE901B509045A
:102CB00001EB022108440090E37D207D00221B21CE
:102CC000F6F761FA1EE0FFE708EB860194F815E0DD
:102CD0008B7991F803C0CEF3C01203EB0C6391F82B
:102CE00004C049794FEA0C4C0CEB012119448DE8E2
:102CF000260000EB4600C3B20EF01F01207D00222B
:102D0000F6F741FA09EB0600C0EBC001F74800EB0B
:102D1000810080F80BB0761CF6B29DF81D00B6EB72
:102D2000500FFFF444AFBAF1000F0CD0207DFFF735
:102D300007FD2C2826D02B2824D05F2822D02E282F
:102D400020D000253EE0002510E008EB4500E84BD0
:102D50000179C07801EB002082B2B4F81700284452
:102D600081B2207DFDF7D2FB6D1CEDB29DF81D00F8
:102D7000A842EAD8DF499DF81D208878401E1044FB
:102D800088702CE0B4F81710207DD94B0022FDF795
:102D9000BDFB24E008EB8500D54B8179C27801EBBF
:102DA000026102794079120402EB0020084482B2E9
:102DB000B4F8170000EB450081B2207DFDF7A6FBBB
:102DC0006D1CEDB29DF81D00B5EB500FE2D3C94963
:102DD0009DF81D20887800EB5200401E88709DF8F9
:102DE0001800C54A00211154A2F25E224FF4167158
:102DF00022F8101002F23E2101EBD00100F0070290
:102E000009780BFA02FB11EA0B0F3DD104A9FEF77A
:102E10007AFF012838D19DF81000B849C0EBC002F4
:102E200011448979DC292FD2FEF757FF2CE0B149F4
:102E3000363131F81700401C21F8170024E0AD4866
:102E40003C3030F81710491C20F817109DF8180076
:102E5000A94A115C491C1154012E15D1BAF1000F79
:102E60001ED0207DFFF76CFC2C2821D02B281FD0F2
:102E70005F281DD02E281BD09E489DF81D108278FB
:102E800002EB5101491E81709DF818009A49095CB6
:102E90000A291DD304A9FEF736FF01280DD017E03B
:102EA00094489DF81D208178491E11448170EBE7FC
:102EB0009049887816308870E6E79DF810008F49B1
:102EC000C0EBC00211448979DC2901D2FFF782FAF4
:102ED00038460FF0FCFB3A460021012006F087FC43
:102EE0000598E9F79EFF0BB0BDE8F08F2DE9F043A0
:102EF0008DB00446149D0F4691461E463846FFF796
:102F00001FFC4FF0010850B17B4807F00701203843
:102F100000EBD70008FA01F10078084243D0002006
:102F2000774A00EBC00101EB410102EB810191F80E
:102F3000691019B1401CC0B21428F2D3142832D041
:102F4000322D30D200EBC00000EB400002F82040F0
:102F500002EB80046770A4F8029084F86850012D99
:102F600002D0002069460EE03088A08016E036F8D6
:102F70001020120A01F8102001EB400316F810206F
:102F80005A70401CC0B2B0EB550FF0D3680884F8FB
:102F90006800201D2A4669461BF016FE84F86980E9
:102FA000002084F86A000DB0BDE8F0832DE9F04FF1
:102FB0009DB0002802D15349D1F80080012802D0E9
:102FC000022804D006E05048D0F8008002E04F48C4
:102FD000D0F800800020DFF82891002700EBC00126
:102FE00001EB410109EB810191F86920012A12D11D
:102FF00091F86A20032A0BD200EBC00202EB4202D6
:1030000009EB820292F86A20521C81F86A2006E0DD
:1030100001F8697F4F70401CC0B21428DED3142819
:1030200078D200EBC00000EB400609EB8604607824
:10303000FFF786FB4FF0010A58B12F49607820391D
:1030400001EBD00100F0070009780AFA00F0014214
:1030500060D032214046E9F799FF00285AD06078C5
:103060008DF81000FFF7E7F905469DF81010284687
:10307000FFF714F90146002D4CD06D1EEDB2244827
:10308000284490F82800072844D12846FFF722F961
:10309000284601F03EFE6088010A8DF812108DF876
:1030A000130094F86820012A7CD919F826008DF8BD
:1030B00011008DF814708DF8152004AB0F2804D082
:1030C00050008DF81600002050E00021D01DC008EF
:1030D0008DF81600002033E004EB400CBCF804C06F
:1030E000BCF1000F17D04FF0010C16E0D8A203601E
:1030F000386A0460F0020060725104601A4804608B
:10310000B42B0460BC030060C4030060C003006013
:103110005263046010E14FF0000C00F0070B0CFA52
:103120000BFC4CEA010C0CF0FF01401C5FEA407CF8
:1031300009D0824203D103EBD00C8CF80710C0B247
:103140008242C9D814E003EBD00C8CF806100021A1
:10315000F5E704EB400103EB400C89884FEA112BA3
:103160008CF807B08CF80810401CC0B28242F0D82E
:103170009DF81600C01DC1B204A801F056FD9DF8CF
:1031800016300DF11701020A5A549DF8162006A9AF
:1031900050549DF816102A46093104A801F05DFD2F
:1031A0001AE0FFE719F826008DF81100052853D022
:1031B000A088010A8DF814108DF81500062104A8C6
:1031C00001F033FD010A8DF816108DF817002A461C
:1031D000082104A801F041FD2A460821002006F03C
:1031E00006FB2946642006F04AFBDFF838B410F0ED
:1031F000FF0F73D084F8697094F8680003210128E8
:1032000037D0A088CDE901A700909DF812009DF865
:103210001330C20801EB4010C1B29DF81000F5F761
:10322000B2FF9DF810000BF80070FF4A4FF41671C2
:1032300022F8101002F23E2101EBD00100F007024B
:1032400009780AFA02FA11EA0A0F54D103A9FEF723
:103250005AFD012835D04EE0A08828B1FF208DF816
:1032600014008DF81570A9E78DF814708DF815709D
:10327000A4E719F82600052812D00628D1D1A08885
:10328000CDE901A700909DF812009DF81330C20807
:1032900001EB4010C1B29DF81000F5F774FFC0E7D4
:1032A000A088CDE901A700909DF812009DF8133089
:1032B000C2080AEB4010C1B29DF81000F5F763FF99
:1032C000AFE79DF80C00D949C0EBC00211448979E1
:1032D000DC2910D2FEF701FD0DE0FFE7D44931F8FB
:1032E0001500401C21F815009DF810001BF8001077
:1032F000491C0BF800109DF810001BF800100A295B
:103300000FD303A9FEF7FFFC01280AD19DF80C009A
:10331000C649C0EBC00211448979DC2901D2FFF70C
:1033200059F828460FF0D3F92A460021012006F06B
:103330005EFA4046E9F775FD1DB0D5E51CB5FF20E6
:103340008DF8000006208DF8010000208DF80200A5
:1033500010208DF80300B74800788DF80400552040
:103360008DF805000621684601F05FFC010A8DF822
:1033700006108DF80700B04890F82A10072911D0E0
:1033800090F8280007280CD1002001F0C2FC002290
:103390000821684601F061FC02220A21002006F0A3
:1033A00026FA1CBD022001F0B4FC02220821684666
:1033B00001F053FC02220A21002006F018FA1CBD7D
:1033C0002DE9FE438146994DC9EBC9004119897920
:1033D000DC297CD8285C8DF8040003218DF80510C9
:1033E00002218DF80610CA218DF807104FF0000851
:1033F0008DF8088009218DF80910FFF71CF80446A4
:103400009DF804102046FEF749FF0646002C5ED0CA
:10341000641EE4B28848204490F82800072856D15A
:10342000062101A801F001FC010A8DF80A108DF8AF
:103430000B0031462046FEF74DFF204601F069FCA7
:103440002246082101A801F008FC2246172100208D
:1034500006F0CDF92146642006F011FA714F061EE0
:103460004ED01521754801F0E0FB74494A7DB2EB5E
:10347000102F3DD18A7DC0B2904239D10879CA78E7
:1034800000EB02226E48562A00EB091020D01021D2
:103490001BF0B3FB6B48012100F809109DF80400F4
:1034A00007F80080604B4FF4167223F8102003F2E7
:1034B0003E2202EBD00200F00703127899400A4244
:1034C00023D16946FEF71FFC012806D01DE03CE031
:1034D0001022491D1BF078FBDCE79DF80000C0EBD3
:1034E000C00129448979DC290FD2FEF7F6FB0CE0F4
:1034F0004F49891F31F81400401C21F8140004E0E2
:103500009DF80400395C491C39549DF80400395C6D
:103510000A290ED36946FEF7F6FB012809D19DF86A
:103520000000C0EBC00129448979DC2901D2FEF7F3
:1035300051FF314641481BF060FB20460FF0C7F8B1
:1035400022460021012006F052F9BDE8FE8370B545
:103550003D480178002931D0354C491E3C3C607B08
:10356000884202DA401C607301E000206073607BD7
:103570002E4BC0EBC00103F638155A5C05EBD205A3
:1035800002F007062D780122B24015420AD02D49DB
:10359000095C21B1BDE870400021FFF7E7B8BDE844
:1035A00070400DE719448979DC2901D9FEF795FBB4
:1035B000607BBDE870400021FFF7D8B870BD1C49A2
:1035C0003C39887A012808D1488C401C80B2488454
:1035D0000A2802D900208872488470472DE9F041FA
:1035E00000201949104D114C0B7867E0C0EBC00169
:1035F000625C35F912104E1E25F8126000295BDA64
:10360000C0EBC006074AA15D603A02EBD10701F0AA
:10361000070897F800C0012202FA08F22CEA020C0F
:1036200014E0000072510460144F04601A480460F2
:103630002C030060EA03006052630460386A04608F
:103640002C3504601C450460E802006087F800C067
:10365000FE4F07EBD1010F7897430F7014E0411C28
:103660000F46C1EBC102C0EBC00114F802C004F860
:1036700001C010192144D0F80120C1F8012042797D
:103680004A7180798871F8B29842E8D30027401CCB
:10369000C0EBC00027542044C0F801704771877107
:1036A000EB49087808B1401E0870FEF7CDF8A05D20
:1036B00025F81070BDE8F081401CC0B2984295D347
:1036C000F8E71CB500208DF8000003218DF80110EB
:1036D0008DF8020015218DF803108DF804000120EB
:1036E0008DF805000621684601F09FFA010A8DF861
:1036F00006108DF80700012001F00BFB01220821C4
:10370000684601F0AAFA01220721002006F06FF8AE
:103710000121052006F0B3F8002813D00521CD487B
:1037200001F083FACB494A79B2EB102F0BD18A7999
:10373000C0B2904207D10879C97800EB0120C64990
:10374000A1F857001CBDC24836304188491C418051
:103750001CBD0EB5FF208DF8000003208DF8010080
:1037600004208DF8020000208DF80300BA49097981
:103770008DF804108DF8050023208DF80600072130
:10378000684601F052FA010A8DF807108DF808001A
:10379000012001F0BEFA01220921684601F05DFA1C
:1037A0000EBD1CB500248DF8004006208DF80100E8
:1037B0008DF8024022208DF803008DF8044001208E
:1037C0008DF805000621684601F02FFA010A8DF8F0
:1037D00006108DF80700012001F09BFA0122082154
:1037E000684601F03AFA9A4804731CBD08B50024F3
:1037F000974E0F20B0730025F5733574FEF72CFC3F
:103800004FF0010886F80A807584DFF850A28AF824
:103810003E808E48FF2140301BF0EFF975737574C0
:10382000FFF7BFFF4FF4FF618D481BF0E6F9DFF8AB
:1038300034B206F124098C49022008700020F1F707
:10384000E8FEECF70AFAECF7CBFAFFF7B8FEB07B2C
:1038500064280FD3F27A5AB1F17B19F80100521E95
:10386000914202DA491CF17300E0F573FEF738FD6E
:10387000B57384E0707C01280DD1307B0A2809D211
:10388000401C3073C00702D0FFF71BFF03E0FFF7B7
:1038900060FF00E07574FFF7A1FE6420E8F743FCC9
:1038A000B07B401CB073BAF80400401CAAF80400B6
:1038B000322C02D2641CE4B200E0002454B1F17A4C
:1038C00039B3307C19F80070491E884205DA401C73
:1038D000307403E0FFF73BFE51E03574012F03D154
:1038E0004FF4C870E8F71FFC3846FFF75FFB5F48EE
:1038F000017829B1B07888420CD2401CB0700AE03F
:10390000FFF725FE41F28830E8F70DFCB07B32303E
:10391000B07334E0B570B0786946C0EBC0000BEB13
:103920008000007DFEF7EFF9B078484AC0EBC00197
:103930000BEB81032032197D02EBD10201F0070C61
:10394000177808FA0CF29446174210D19DF800201F
:10395000474FC2EBC2023A449279DC2A07D207F6FB
:10396000F80202EBD102127812EA0C0F04D1A1B1D5
:103970002146FEF7FBFE02E0DD72FFF7E8FD30793D
:1039800001287FF458AFFDF75FFF3A4880F80080C8
:10399000394880F8128035714DE7FFF7D8FDEEE722
:1039A0002B4A0023907C002809D0D17E481CC0B24D
:1039B000D076052902D2401CD07600E09374D07CEA
:1039C00040B1411CC9B2D174052802D2491CD1743E
:1039D00000E0D374107D002806D0411CC9B21175D7
:1039E000052802D2491C11757047137570471CB524
:1039F000194CB4F84900F0F7F9FB4FF0000884F8CF
:103A00004D80164C4FF0010A84F83FA0EDF79EFB65
:103A10000127DFF83C90A9F820804FF0020B4FF40B
:103A2000FA70E8F780FB0D48C188491CC1800E4937
:103A30000320087099F80500401CC0B289F8050001
:103A4000B4281DD3044880F84DA017E0325104601B
:103A5000F0020060386A0460526304602C6D0460F8
:103A600071520460D8A20360E70300606C0200603A
:103A70001A480460DE03006044CC036089F80580C6
:103A8000B9F82000402802D94020A9F82000B9F850
:103A90002000B0FBF7F107FB110008B10026A4E0FD
:103AA000322F01D27806070E99F81C0001282ED17A
:103AB00099F81D00411C89F81D10022823D2052009
:103AC00089F8150089F812A089F81B8099F8090077
:103AD000411C89F80910C0070DD04FF0FF34204673
:103AE000F0F72AFC2046F0F723FC0222D01E014604
:103AF00016F061FB0BE0FC4C2068F0F71DFC206821
:103B0000F0F716FCF1E789F81D8089F81C80A9F808
:103B10002080D9E02B2106FB01F0F4494418A07C59
:103B2000012860D1A07A01285DD189F8178089F831
:103B300012A089F81B802068ED49FAF781FB052067
:103B400089F81500CDE9008B2068552301228021DA
:103B500016F035FF89F8190089F81880607D401C3F
:103B60006075002504E0E5F780F86420E8F7DBFAEB
:103B700099F8170020B928466D1CEDB21E28F2D323
:103B800099F8170001281ED184F80AB00020D949FD
:103B9000DFF864C30B780FE000EBC00101EB4101DB
:103BA000614425680A69AA4204D199F818200AB12B
:103BB0008A70CA70401CC0B29842EDD399F81800C0
:103BC00008B120716072607D0A2803D984F80AB0B8
:103BD00084F815804FF47A70E8F7A5FAB9F8200058
:103BE000401CA9F82000761CF6B2C4480078864232
:103BF00090D3C0480178E9B3002661E006EBC60027
:103C0000BD4900EB40004418A27E052A03D984F880
:103C10001A8084F80B8089F8168084F81980CDF812
:103C200000B0095C6078E37800F0E00201EBC201CB
:103C3000A27800F01F00F7F7EEFD05466420E8F7D4
:103C400072FA002D2EDB6576002504E0E5F70DF80D
:103C50003220E8F768FA99F8160020B928466D1C5A
:103C6000EDB21E28F2D399F81600012805D0A07EE7
:103C7000401C00E028E0A07617E084F81A8084F861
:103C80000BA0E178A078022301AAFAF730FB401CD0
:103C90000BD09DF8042005212B204243934810446B
:103CA000C17402E0A07E401CA0764FF4FA70E8F7E1
:103CB0003AFAB9F82000401CA9F82000761CF6B2A8
:103CC0008C480078864299D3B9F82000401CA9F8A6
:103CD0002000A4E62DE9F04781460E460024884FD7
:103CE0004FF0FF3804EB840000EB4410C5190422A8
:103CF000494628461AF0C7FF58B9E888B04208D1AB
:103D0000687E20B1072802D060B2BDE8F087404647
:103D1000FBE70422494628461AF0B5FF20B9A888D7
:103D2000B04201D160B2F0E7641CE4B20A2CD9D3EE
:103D30004046EAE700EB800202EB4010704A104474
:103D40000222427640F6CA72428282820A88028049
:103D50004988418070472DE9F04F8BB000EBC000DF
:103D600000EB400164480D1895F802A02E7D687D97
:103D700000F07F04B5F81790DFF8888198F81000FC
:103D800098F80F1040EA0120010241EA1020ADF836
:103D9000280098F811004AEA0020010241EA1020A8
:103DA000ADF82A00524F423FB8F82100E9F713FD61
:103DB00001460AA8FFF78EFFB871401C0BD1B8F876
:103DC0002100E9F708FD01460AA8E9F7BDFD97F9CA
:103DD0000600401CE8D097F90600494A00EB800134
:103DE00001EB40111144EB464DF82010487E58B9C4
:103DF000B8F82100E9F7EFFC01460AA8E9F7A4FDAD
:103E000097F906104BF8210097F906105BF821008E
:103E1000B0B3F87901227F2802D2401CF87100E08B
:103E2000FA71394B01EB810103F821A003EB810109
:103E3000F879487000238B70CB700B7106274F7197
:103E400006B9FF268E71CC71032C05D0012C03D04E
:103E5000022C01D0042C0ED14FEA19240C7281F8E7
:103E600009908B72B5F815301B0A284D0C2443B10C
:103E70000223CB722C7026490A700BB0BDE8F08F7C
:103E800002E0CA722C70F6E70020F6E7F0B58DB0BC
:103E9000DDE9126500241F4F04EB440C07EB8C0C8A
:103EA0009CF80AC0BCF1000F03D0641CE4B2142CCF
:103EB000F2D34FF0FF3C142C04D0022D04D96046FD
:103EC0000DB0F0BD6046FBE704EB440407F82400A6
:103ED00007EB84046170A270A4F803306572012DB1
:103EE0001AD00021684627E04C010060D8B003607A
:103EF0003203006069020060589503606D02006043
:103F0000121A01605263046054A70160240100602A
:103F100066010060243404603088A4F8050012E0D3
:103F200016F8112000F8112036F8112000EB41039B
:103F3000120A5A70491CC9B2A942F1D36A00601D25
:103F400069461AF041FE65720120A0720020E072FD
:103F5000B6E72DE9F04F8BB00025DFF8FC83FF4F6B
:103F6000DFF8FCA3E946AB4605EB45060AEB860401
:103F7000A07A01287ED1E07A032818D2401CE07292
:103F800098F8100098F80F1040EA0120010241EA69
:103F90001020ADF828001AF8260098F8111040EA11
:103FA0000120010241EA1020ADF82A0009E005EBEA
:103FB00045000AEB800080F80AB084F80BB00020BE
:103FC0005BE7B8F82100E9F706FC01460AA8FFF70D
:103FD00081FEB871401C0BD1B8F82100E9F7FBFB5A
:103FE00001460AA8E9F7B0FC97F90600401CE8D0A2
:103FF00097F90600DB4A00EB800101EB4011114408
:1040000049F82010487E58B9B8F82100E9F7E3FBD9
:1040100001460AA8E9F798FC97F9061049F821002B
:1040200097F90620394659F8220088B3C8797F28C5
:1040300002D2401CC87101E00120C8711AF8263074
:10404000C94E02EB820006F8203006EB8000CA79E8
:10405000427080F802B080F803B080F804B0062205
:104060004271A2780AB9FF22A270A27882716278A6
:10407000C27100E051E0B4F803301E0A06724372C8
:10408000637A012B15D1062A03D0052A07D00DE04B
:104090002FE0B4F80520160A8672C27206E0B4F862
:1040A00005204AB1FF22827280F80BB0AF4A0C267D
:1040B0001670022B05D019E080F80AB080F80BB01A
:1040C000F4E70B22427180F80AB00222C272042285
:1040D0000273B4F805204273120A8273B4F8072001
:1040E000C273120A0274A14811220270A04A012070
:1040F000107081F81AB000260F4602E03220E9F76E
:10410000E4FAB87E20B93046761CF6B21428F5D30E
:10411000B87E012801D184F80AB06D1CEDB2142DCF
:10412000FFF422AFF879A8E692484FF0010B80F82F
:1041300040B0DFF82882FF2188F806108C494FF044
:10414000000981F800908C4E8C4FDFF834A2894929
:104150000889401C08819AF80000E0B3FFF7F9FED7
:1041600000244AE03078204400EBC00101EB41011B
:1041700039448A7E0A2A03D981F81A9081F80B9073
:1041800088F81A90C0B2FFF7E6FD3178C0B221443A
:1041900001EBC10101EB41013944487640B30025F0
:1041A00002E03220E9F791FA98F81A0020B928467F
:1041B0006D1CEDB21428F4D398F81A0001280BD026
:1041C0003078204400EBC00000EB40003844817E92
:1041D000491C81760FE018E03078204400EBC000E5
:1041E00000EB4000384480F81A9080F80BB002E0F1
:1041F000887E401C8876641CE4B29AF800008442F1
:10420000B0D33220E7F78FFFA1E741F28830E7F71C
:104210008AFF9CE72DE9FF4F81B004468846164689
:104220004FF0000960784FF4FA73032810D0042887
:104230000ED001280CD002280AD006281AD0102847
:1042400018D0052816D00F2814D0FF282FD044E00E
:104250000521012809D0022807D0627901EB420527
:104260000A2101EB45018FB237E06279D21D01EBE3
:10427000D205F5E70825062802D161793F2903D048
:10428000E178102902D004E01F4626E062797F2AF7
:104290000AD0A27801EB022142F21072914201D3BE
:1042A0004FF00109642718E04FF47A7715E0617A3E
:1042B000642910D2627B217B02F0010201EB022112
:1042C000E27AA57A521B521C4A43103295B205F18C
:1042D00032018FB201E01025642719280AD0217815
:1042E000FF2911D00020FDF7D9FF01463046FDF728
:1042F000F1FF20E023480678234801783046FDF797
:10430000E9FF09251F4616E026B1012E08D0022E2E
:104310000CD010E01D4801783046FDF7DBFF0AE0C5
:104320001B4801783046FDF7D5FF04E019480178B5
:104330003046FDF7CFFF304600F0EBFC6078DFF849
:1043400058A0FF280AEB080B7ED042462146504673
:104350001AF03AFC22E0000052630460F0020060B0
:1043600024340460121A016054A701602401006023
:10437000660100602C6D046069020060589503605E
:104380006A02006063030060640300606803006009
:10439000690300606A030060C029046008F0FF013F
:1043A000504600F042FC010A0AF808108BF80100A0
:1043B00008F102081FFA88F13246504600F04DFC21
:1043C00032462946002005F012FA60784FF00008C6
:1043D000192857D04FF6FF7000EA4700314605F024
:1043E0004EFADFF8F8B3071E7ED0B81EC1B2FC4803
:1043F00000F01BFC0146FA483844801E42780078E1
:1044000002EB0020884270D104980168CAF80010BD
:104410008088AAF804006078FF2867D0BA1EF049A7
:104420000AF106001AF0D0FB2A1DEE49EE481AF0F8
:10443000CBFBEE49281D824608802A1DE949EC483D
:104440001AF0C2FBEB4800E005E0A0F800A0A0785D
:1044500002287AD0A6E0A8F102022146E1481AF02B
:10446000B3FBA8F10200C1B2DE4800F0DEFB010A96
:104470000BF8021C0BF8010C32464146D94800F0FB
:10448000ECFB9DE73146384605F0F9F9074605286B
:104490005AD9049950460A68CAF800208988AAF8AF
:1044A00004103A46CE49801D1AF08EFBBA1DCD4944
:1044B000CD481AF089FBCD49B81D04460880BA1DC5
:1044C000C849CB481AF080FBCA480480F9B2C448F6
:1044D000FDF7B6FA012801D0032835D1C648CDF83A
:1044E0000080D0F8011002E0A0E097E02EE0C34C7D
:1044F000007832462378FDF745FCC148304490F8F7
:104500002810072906D0072180F8281006F11D0081
:104510000EF07DF816B1022E07D00CE0B9482178D4
:10452000017009200EF073F805E0B748217801709A
:1045300053200EF06CF8B04C483C2079012803D190
:10454000FDF782F984F8048093E017E03A46A44925
:104550000AF106001AF038FBAA1DA249A2481AF077
:1045600033FBA249A81D82460880AA1D9D49A04888
:104570001AF02AFB9F48A0F800A068E7E078CB2853
:1045800010D1607910280DD120786946FDF7BBFB6A
:1045900040B19E489DF80010102200EB0110E11D73
:1045A0001AF012FBB9F1010F09D1E078A178E31DEF
:1045B00000EB012081B220780022FBF7A7FF012E3B
:1045C00005D1934880F800809248A0F800802078B8
:1045D0000BF800802178904A4FF4167022F81100F1
:1045E000207802F23E2101EBD00100F007020978A9
:1045F00001209040014226D120786946FDF783FBD7
:10460000012820D19DF800008449C0EBC00211446C
:104610008979DC2917D2FDF760FB14E0764812385F
:1046200030F81610491C20F816100CE072490C39AD
:1046300031F81600401C21F8160020781BF80010F5
:10464000491C0BF8001020781BF800000A2810D332
:1046500020786946FDF757FB01280AD19DF8000034
:104660006E49C0EBC00211448979DC2901D2FDF703
:10467000B1FE39465A481AF0C0FA30460EF027F813
:1046800005B03246BDE8F04F0021012005F0AFB87B
:104690002DE9F04106460D461446022C7DD870786F
:1046A000032813D0062819D0102817D0192874D140
:1046B0000C274FF032083178FF291BD00020FDF77E
:1046C000EDFD01462046FDF705FE2AE07079052143
:1046D00001EB4000C7B24FEA4708ECE7082706287D
:1046E00002D170793F2802D04FF06408E3E74FF41D
:1046F0007A78E0E724B1012C08D0022C0CD010E02D
:10470000404801782046FDF7E5FD0AE0444801787D
:104710002046FDF7DFFD04E03B4801782046FDF729
:10472000D9FD204600F0F5FA2A4631462D481AF008
:104730004BFAE9B22B4800F078FA2A49020A4A55A6
:1047400029444870AD1CA9B22246264800F085FADB
:1047500022463946002005F04AF82146404605F039
:104760008EF8051E22D0A81EC1B21D4800F05DFAC9
:1047700001461B482844801E4278007802EB002046
:1047800088420BD11E4E2636307800F0C2FA3278BD
:104790002946134800F061FA0FE01CE0164912396F
:1047A00031F81400401C21F8140006E012480C38BF
:1047B00030F81410491C20F81410294608481AF043
:1047C0001CFA20460DF083FF2246BDE8F04100218F
:1047D000012005F00CB8BDE8F081000072510460C2
:1047E000386A0460C0290460CF1F0160EE000060D9
:1047F0008EE70460B4040060380300606403006066
:1048000052630460680300606A0300602C35046032
:10481000120200601C020060144F04601A48046019
:10482000690300602DE9FC4706464FF40761B24872
:104830001AF0E3F9F021B1481AF0DFF9B04800248A
:10484000847044700470A0F12405EC726C70EC70FC
:104850002C73AC700021A94A00F10C0700F1120C76
:1048600000F11808F032DFF89C92A74802F10C031F
:1048700042F8214043F8214027F811402CF811401C
:1048800028F8114009F801404454491CC9B20329D1
:10489000EED3EC6200219D4B1E2203F580704FF495
:1048A000167700F6F80C5C5420F811202CF81170E3
:1048B000491CC9B2FF29F6D3FDF746FD45F84F4F15
:1048C000AC80AC719249FF20087092490870924800
:1048D00004708B480023001DCDE900604FF4006296
:1048E0008EA19148E7F7A9FABDE8FC87FEB50C4612
:1048F000154600218DF8001003268DF80160A0F503
:1049000098507338020A8DF802208DF803008DF854
:1049100004108DF805400621684600F086F9010A6A
:104920008DF806108DF80700012000F0F2F9012241
:104930000821684600F091F9052000EB44010122AE
:10494000002004F054FF0121642004F098FFE8B136
:1049500006EB4400C1B2754800F067F9734901EBFA
:104960004402D378B3EB102F10D11279C0B2904229
:104970000CD1002005E00A18D27805F8012B401C64
:10498000C0B2B0EB440FF6D30120FEBD0020FEBD47
:104990001CB5044600208DF8000006218DF801109A
:1049A0008DF8020015208DF80300200A8DF8040010
:1049B0008DF80540684600F038F9010A8DF80610B8
:1049C0008DF80700012000F0A4F9012208216846B3
:1049D00000F043F901220821002004F008FF012122
:1049E000052004F04CFF00280FD006214F4800F0AE
:1049F0001CF94E498A79B2EB102F07D1C979C0B2A0
:104A0000884203D14A48A0F857401CBD3C481230A8
:104A10004188491C41801CBD70B5394C454E183445
:104A2000A4F13C056088E96A401A142802D830884D
:104A3000142803D9FEF7B5FE002030806088E862B4
:104A400070BD70B500203D4900243B4A0B782F4DC6
:104A5000C3EB03114E000BE032F8101019B1491EE0
:104A600022F8101002E02C5422F81060401CC0B252
:104A70009842F1D370BD70B50024214D304E243DD5
:104A800022E004EB840000EBC4003044B0F80B20BB
:104A9000531CA0F80B30B2F5967F13D901EB8102BD
:104AA00002EBC10131440D221AF08EF8A87F00EB11
:104AB000800101EBC00030440D211AF09EF8A87F60
:104AC000401EA877641CA4B2A97F8C42D9D370BDC4
:104AD0000B4900222439087A642800D90A72194B3C
:104AE0001878002807D0087A401CC0B20872052840
:104AF00001D91A700A727047B42B04602434046020
:104B000014030060D7030060D40300601C450460F8
:104B10006303006064030060660300605363616EBA
:104B20005461736B00000000ED370208386A0460BE
:104B3000526304601C0200601C460460E8020060CE
:104B4000695A046023010060F8B5FD4890F823001D
:104B5000022801D006282ED10121C020E4F7A7F9B0
:104B60004FF46040ADF8000010258DF80350032489
:104B70008DF80240F34E69463046E3F792FF40213C
:104B8000ADF800108DF803508DF80240EE4C6946E8
:104B90002046E3F786FFE9023046E3F7ECFF4021C9
:104BA0002046E3F7EAFF61143046E3F7E4FFA90289
:104BB0003046E3F7E2FFF8BD022818D8E049E34B9E
:104BC000002291F8231098B1012824D002280ED198
:104BD0009A871A71DE48032921D004291FD007299A
:104BE0001DD00C291BD00A291CD0C0F8AC2170475D
:104BF000A3F846201A7403290AD0042908D00729EB
:104C000006D00C2904D0082902D0D248026070478F
:104C1000D14802607047A3F848205A747047C0F822
:104C2000AC217047CD4802607047F0B5FF23FF24E8
:104C30000022CB4E06F5807708E01546521C455DF4
:104C4000D2B25D40EDB2735D63407C5D491EC9B276
:104C5000F3D244EA032080B2F0BD70B50C46BB4EDF
:104C600040F22775022A18D818D101462246BD48BD
:104C700019F0AAFFB48601222946BB48E5F74DF991
:104C80000024B58E04E0641CA4B20220E7F74BFABE
:104C9000B08E002801D0AC42F5D370BDAAB1012A74
:104CA000FBD101462246B14819F08EFF74860122DD
:104CB0002946AF48E5F731F90024708E4FF6FF71B1
:104CC00000EB800001EA40051DE001462246A948AC
:104CD00019F07AFF348601222946A748E5F71DF925
:104CE0000024358E04E0641CA4B20220E7F71BFA0E
:104CF000308E0028D1D0AC42F5D370BD641CA4B274
:104D00000220E7F710FA708E0028F6D0AC42F5D3F7
:104D100070BD70B50446022C19D820460DF0D7FCA2
:104D20000121964B864A012C12D03CB3022C0ED1A5
:104D300092F82300864A032832D0042830D007286E
:104D40002ED00C282CD00A282DD0C2F8AC1170BD62
:104D500092F829000024022801D17C4DAC7592F80C
:104D60002320052A01D0062AF1D1072803D010B14B
:104D7000C3F88C4170BDC3F88C1170BD92F823004C
:104D800003280AD0042808D0072806D00C2804D00D
:104D9000082802D0C3F8881170BD6F48016070BD4B
:104DA000C2F8AC1170BD6D48016070BD012080F388
:104DB000138873480168734A01F4E061114301608C
:104DC000BFF34F8FFEE70120F9F7FAFCF9F79CFFDC
:104DD0005E4C50342088A188084481B2DB200DF05D
:104DE00016FC2088A1880844C0F30721DC200DF0C0
:104DF0000EFCD4E900010844C0F30741DD200DF0AA
:104E000006FC03CC0844010EDE200DF000FC552109
:104E10002720E5F7D6FB5C490888401C0880C1B212
:104E20001820E5F7CEFBFFF7C1FF2DE9F05F044640
:104E3000DFF80C8198F8000098F8011098F803202A
:104E400000EB012098F80210090401EB026108440C
:104E500016F0B0F9D4F8B110884270D104F13401E1
:104E600014220D46494819F00EFF002648B184F877
:104E7000476014222946454819F0A6FE4348EEF73C
:104E800065FA98F8501094F8F000DFF804B10125A5
:104E900081420ED03F4806703F4806703F4806608A
:104EA0008BF8EF5094F8F01088F85010CB200DF0EC
:104EB000AEFBB4F9AF0016F07EF9244FB7F93E10FF
:104EC000884218D0B4F9AF0016F075F900231A46DD
:104ED000B7F93E10ECF73BF8B4F9AF0016F06BF9F8
:104EE000F887C0F307210C200DF091FB97F83E10D6
:104EF0000D200DF08CFB94F8CE207B7A9A4209D0DD
:104F000000210846ECF723F894F8CE1079721920A6
:104F10000DF07DFB98F8480094F8AE10DFF8709023
:104F2000884209F1CF0907D105286AD11E224946D6
:104F30001B4819F0A8FEA8B394F8AE1033E0FCE3C8
:104F40005263046000180140001C01405C030060D3
:104F50000000234288012242A08122428001214296
:104F600083130408585F046000480040645D0460D7
:104F700000440040705B04600038014000002242A1
:104F80000CED00E00400FA058272046044950360B1
:104F90007ABF0260ED030060EE0300600804006069
:104FA000BCBF01602DE088F84810052929D80720EA
:104FB0000DF02DFB98F84800022822D3052807D1D0
:104FC0001E224946FE4819F0FFFDFD48ECF73FFD63
:104FD00098F84800ECF7E2F8FA480670FA480670CC
:104FE000FA480660FA48C178027841EA02614278DC
:104FF0008078120442EA00200143B7F93E00ECF742
:1050000016F898F8471094F8AA00DFF8C893814280
:1050100012D088F84700012809D199F80000ECF770
:1050200098FBED480670ED480670ECF785F998F8A6
:1050300047100A200DF0EBFA94F8AB1099F8000035
:10504000814204D089F8001004200DF0E0FAB4F990
:10505000AC0016F0B0F8DFF88893B9F80010884279
:105060000FD0B4F9AC0016F0A6F881B2A9F8001080
:105070001B200DF0CCFAB9F80000010A1C200DF03D
:10508000C6FA202204F18A01D64819F09DFD20229B
:1050900004F14A01D44819F097FD202204F16A0175
:1050A000D24819F091FDDFF84893E068C9F875001F
:1050B000208AA9F8790098F8281094F82600DFF8DB
:1050C00034A3814221D088F82800022800D010B9EA
:1050D0000020FFF771FD98F82800012801D0092869
:1050E00004D18AF80050002014F01AFFFCF7B4FF36
:1050F00098F828101D200DF08AFA0021E9200DF003
:1051000086FABD480670BD48068098F8291094F8C4
:105110002700814223D088F82900022800D010B946
:105120000120FFF749FD98F82900072803D1FCF773
:1051300093FFB3480670FCF78FFF98F8230005280B
:1051400001D0062806D198F82910AE48072912D0B8
:10515000C0F88C6198F829101E200DF058FA98F8C4
:105160002A1094F8280081421DD088F82A000228CD
:1051700004D018B105E0C0F88C51EBE70220FFF72E
:105180001BFD98F82A00012801D0092804D18AF8CB
:105190000050022014F0C4FEFCF75EFF98F82A10BD
:1051A0001F200DF034FA98F8510094F8F710884257
:1051B00005D088F85110BF200DF029FAFD7098F83D
:1051C000530094F8F9104FF0030A884206D088F88B
:1051D0005310C0200DF01BFA87F803A098F8540074
:1051E00094F8FA10884205D088F85410C4200DF0C5
:1051F0000EFAFD7098F8560094F8FC10884206D01C
:1052000088F85610C5200DF002FA87F803A098F828
:10521000510094F8F710884205D088F85110BF204B
:105220000DF0F5F9FD7098F8530094F8F9108842E4
:1052300006D088F85310C0200DF0E9F987F803A0D4
:1052400098F8440094F82F10884204D088F844104D
:105250009A200DF0DCF998F8450094F83010884257
:1052600004D088F845109A200DF0D1F998F8040080
:1052700094F8C510884210D0481EFE280DD288F838
:10528000041006200DF0C3F95F4998F80400087077
:105290008BF8F200002013F029FD5B4894F8F2101F
:1052A000027891420DD061B1FF290AD001708BF8CC
:1052B000F21088F8041006200DF0A9F9002013F070
:1052C00015FD524894F849100278914210D04A1EB8
:1052D000FE2A0DD201709C200DF099F94B499BF8E4
:1052E00049000978F5F7D9FD484800788BF849005E
:1052F00094F8320094F8081100EB0120B8F842103D
:1053000088420BD0A8F8420094F83210E7200DF044
:105310007EF994F80811E6200DF079F9BBF8BF008A
:10532000B7F8401088420BD0A7F84000C1B2162051
:105330000DF06DF9B7F84000010A15200DF067F97E
:10534000D4F8C60015F036FFDFF8C4B0DBF8001063
:1053500088420CD0D4F8C60048B115F02BFFCBF82A
:10536000000013F03EF8DBF80000EEF71BFD98F8A4
:10537000270094F82A10884204D088F827102020AB
:105380000DF045F994F82C10387B81420FD0397319
:1053900098F82800022806D028B1072803D0012851
:1053A00001D0092802D109200DF031F9FD7094F8DF
:1053B0002E10B87B81423BD0B97398F82A0029E0BF
:1053C000BCBF0160ED030060EE03006008040060F4
:1053D000A603006094010060EF030060F00300602A
:1053E0009C010060BAC10160DAC10160FAC10160CC
:1053F000F0620460E5070060E9030060FE030060FE
:10540000FC02006000002242A1020060670200600E
:1054100088020060022806D0012804D0092802D0A2
:1054200008B1072802D153200DF0F1F887F803A046
:1054300094F82B00582803D1FA48057084F82B60A3
:1054400094F82B006F2802D0962802D009E0FFF7CD
:10545000BAFC84F82B60FCF780FFF3488574F348AE
:10546000057094F82B004D2805D184F82B60F04886
:105470000570F048067098F84F0094F8EE108842D6
:1054800004D088F84F10D6200DF0C1F894F82B0006
:10549000632818D184F82B6084F8F160E648067020
:1054A000E6480670E6480660E648C178027841EAB8
:1054B000026142788078120442EA00200143B7F981
:1054C0003E00EBF7B4FDE04804222146064619F001
:1054D000DAFBDFF874A304F1080BAAF10F0A0AF152
:1054E00019070AF11D0A38B1207880BB607870BBBB
:1054F000A07860BBE07850BB0422211D384619F02B
:10550000C2FB38B1207910BB607900BBA079F0B93B
:10551000E079E0B904225946504619F0B4FB38B19D
:10552000207AA0B9607A90B9A07A80B9E07A70B98F
:10553000B4F9C30015F03FFE0146B8F821008142DE
:1055400000D020B998F80E00A17C88427ED00422B9
:105550002146304619F097FBBC4E68B3207828B935
:10556000607818B9A07808B9E07828B32068C9F83D
:10557000710098F80F102F200DF049F898F81010CE
:1055800030200DF044F898F8111031200DF03FF85C
:1055900098F8121032200DF03AF8357098F82A0079
:1055A000012807D0092805D098F82800012801D043
:1055B000092801D1A64805700422211D384619F09A
:1055C00062FBF8B1207928B9607918B9A07908B9D7
:1055D000E079B8B16068C9F87B0098F819103320F9
:1055E0000DF015F898F81A1034200DF010F898F80E
:1055F0001B1035200DF00BF898F81C1036200DF01C
:1056000006F8357004225946504619F03CFB08B3A1
:10561000207A28B9607A18B9A07A08B9E07AC8B1B6
:10562000A068C9F87F0098F81D1037200CF0EFFF34
:1056300098F81E1038200CF0EAFF98F81F10392057
:105640000CF0E5FF98F820103A2000E02CE00CF078
:10565000DEFF3570B4F9C30015F0ADFD0146B8F8B2
:105660002100814211D080B1B4F9C30015F0A3FD2F
:1056700081B2A8F821103D200CF0C9FFB8F8210034
:10568000010A3C200CF0C3FF357098F80E00A17C95
:10569000884207D0012904D888F80E102E200CF07B
:1056A000B6FF35706B480570B8F85710B4F8F300C2
:1056B000814201D0FFF76CF9674894F8F510027841
:1056C000914203D001709D200CF0A1FF634894F833
:1056D00009110078814202D014200CF098FF98F84C
:1056E000620094F80411884206D088F86210E22023
:1056F0000CF08DFFEBF7F0FB98F8630094F80511C0
:10570000884206D088F86310E3200CF080FFEBF7A6
:10571000E3FB98F8640094F80611884206D088F8F4
:105720006410E4200CF073FFEBF7D6FB98F86500EB
:1057300094F8071188420AD000E008E088F8651064
:10574000E5200CF064FFBDE8F05FEBF7C5BBBDE8FA
:10575000F09F2DE9F041A0F51853483B1144C72BA9
:105760001BD8642093FBF0F200FB1232002A3AD1DE
:1057700093FBF0F0C4B204EBC400394A00EB041010
:1057800002EBC000C91DC82219F01EFA012C2AD153
:10579000BDE8F0413248FFF748BBA0F51C52103A73
:1057A0004FF4B8670124204D204E1723BA421CD273
:1057B000B2FBF3F003FB1020002814D1B2FBF3F08E
:1057C000C7B2C7EB0710274A00EB40001044C91DC1
:1057D0002D2219F0F9F900213846F0F796F9F0F783
:1057E0003EF92C703470BDE8F081A0F53052D03A0B
:1057F000BA423BD2B2FBF3F003FB10200028F2D1F7
:10580000B2FBF3F0C0B2C0EBC00202EB0010164ACC
:10581000C91D02EB40002E2219F0D6F96C703470CD
:10582000E1E70000F103006044CC0360DE030060A8
:10583000590400605A040060ED030060EE0300604C
:1058400008040060A603006061630460F203006066
:10585000E4070060F2000060660200606802006019
:105860007ABF0260A5300560E5240560A0F54852C6
:10587000903AB2F5206F16D21420B2FBF0F300FB81
:105880001323002BAFD1B2FBF0F0C0B2C0EBC002CB
:1058900002EB4010FD4AC91D1044272219F094F96B
:1058A000AC7034709FE7A0F57052903AB2F5987FD3
:1058B00015D21320B2FBF0F300FB132363B9B2FB44
:1058C000F0F0C0B200EB800202EB4010F04AC91DBC
:1058D0001044252219F078F9AC71347083E7A0F5F3
:1058E0007752A72A16D81520B2FBF0F300FB13233A
:1058F0006BB9B2FBF0F0C0B2C0EBC000E54A00EB00
:10590000400002EB4000C91D2A2219F05DF92C71FC
:10591000347068E7A0F57852683A432A13D811200A
:10592000B2FBF0F300FB132353B9B2FBF0F0C0B2AB
:10593000D94A00EB40101044C91D212219F044F946
:105940006C7134704FE7A0F5FA422C3AB2F5107F33
:1059500014D24820B2FBF0F300FB13235BB9B2FB77
:10596000F0F0C0B2CD4A00EBC00002EB0010C91D40
:10597000902219F029F92C74347034E7A0F5FE4216
:105980006C3A5B2A15D892FBF3F003FB102068B940
:1059900092FBF3F0C0B2C0EBC00202EB0010C04AB1
:1059A000C91D02EB40002E2219F00EF96C74347000
:1059B00019E7A0F5FE42C83ADF2A14D80E20B2FB40
:1059C000F0F300FB13235BB9B2FBF0F0C0B2B54AB1
:1059D000C0EBC00002EB8000C91D1C2219F0F4F8D6
:1059E000EC703470FFE6A0F50140B138B0F5907F5F
:1059F0008FD2242290FBF2F302FB13035BB990FBDE
:105A0000F2F0C0B2A84A00EBC00002EBC000C91D12
:105A1000482219F0D9F82C763470E4E67CB5A34B13
:105A20000125A34E5418B0F5FA6F30D0A0F5E0610F
:105A3000D3391ED0A0F5E061D13931D0A0F5E061B5
:105A4000D53930D0A0F5E061D43933D0891F1F2972
:105A500037D8C80626D103F10A004021054619F0BF
:105A6000CCF8E11D02B02846BDE87040402219F094
:105A7000ABB86079012815D10DF088F87C218B48EE
:105A800019F0BBF83576F9F73FF9FFF79CF9607923
:105A900018703576F9F738F90DF078F8FFF786F9D0
:105AA000607958707CBD6079217900EB0120A3F802
:105AB00005007CBD6079217900EB0120A3F803008B
:105AC0007CBDA0F2FA710F290FD80807F8D17748EA
:105AD00020214A30054619F090F8E11D02B0284611
:105AE000BDE87040202219F06FB8A0F500610A39B6
:105AF00024D0A0F500611639E2D1A0F616000621E7
:105B000090FBF1F201FB12000028D9D1207A8DF828
:105B10000000A07A8DF80100207B8DF80200A07BA8
:105B20008DF80300207C8DF80400A07C8DF8050022
:105B300068460EF0F5FA5F4805707CBDA0F60A00D5
:105B40000C2190FBF1F201FB12000028F5D1207A24
:105B500003F86A0FA07A5870207B9870A07BD870E9
:105B6000207C1871A07C5871207D9871A07DD8711F
:105B7000207E1872A07E5872207F9872A07FD87203
:105B80007CBD70B5A0F51853483B6425C72B0FD8D2
:105B900093FBF5F0C1B201EBC10000EB01104649E7
:105BA00001EBC00293FBF5F005FB1030C1B201E13F
:105BB000A0F51C53103B4FF4B8661724B3420DD226
:105BC000B3FBF4F0C0B2C0EB00103C4900EB400066
:105BD0004218B3FBF4F004FB1031EBE0A0F53053B6
:105BE000D03BB3420ED2B3FBF4F0C1B2C1EBC10063
:105BF00000EB0110324901EB4002B3FBF4F004FB6F
:105C00001031D7E0A0F54853903BB3F5206F0ED28A
:105C10001420B3FBF0F1C9B2C1EBC10202EB411198
:105C20001A4A0A44B3FBF0F100FB1131C2E0A0F5BF
:105C30007053903BB3F5987F0ED21320B3FBF0F175
:105C4000C9B201EB810202EB411211490A44B3FBD4
:105C5000F0F100FB1131ADE0A0F57853AC3BB3F5AA
:105C60007A5F31D293FBF5F0C0B20A21B0FBF1F1BB
:105C700001EB4100C0EBC110124901EB001293FB94
:105C8000F5F005FB1030C1B294E00000BECF026019
:105C90006ECD026098330360A83B0360E834036074
:105CA0002C3C03603EE3026068390360BAE40460A0
:105CB00044CC0360AB0400607ABF0260A53005608D
:105CC000E52405600A2F0260A0F57753A72B0FD8B3
:105CD0001520B3FBF0F1C9B2C1EBC101FF4A01EBE2
:105CE000410102EB4102B3FBF0F100FB113161E035
:105CF000A0F5FA432C3BB3F5107F0DD24820B3FB3F
:105D0000F0F1C9B2F64A01EBC10102EB0112B3FB9B
:105D1000F0F100FB11314DE0A0F57853683B432BC7
:105D20000CD81120B3FBF0F1C9B2EE4A01EB4111DE
:105D30000A44B3FBF0F100FB11313BE0A0F5FE4358
:105D40006C3B5B2B0FD893FBF4F0C1B2C1EBC100ED
:105D500000EB0110E44901EB400293FBF4F004FB7B
:105D60001030C1B226E0A0F5FE43C83BDF2B0DD8B2
:105D70000E20B3FBF0F1C9B2DC4AC1EBC10102EB6A
:105D80008102B3FBF0F100FB113113E0A0F50140FB
:105D9000B138B0F5907F0DD2242190FBF1F2D2B250
:105DA00002EBC203D24A02EBC30290FBF1F301FB08
:105DB0001300C1B232F8110070BDCE49B0F5FA6FD0
:105DC00027D0A0F5E062D13A21D0A0F5E062D23A26
:105DD00021D0A0F5E062D43A1FD0A0F5E062D53A18
:105DE0001ED0B0F5FB6F20D0A0F5E062D63A1AD0F5
:105DF000111F1F291BD8BF480A30CA1701EBD262F6
:105E000022F01F02891AC9B230F811007047487891
:105E100070470878704788787047B1F8030070477A
:105E2000B1F805007047C8797047087A7047A0F24A
:105E3000FA710F290BD8AF484A30CA1701EB12721A
:105E400022F00F02891AC9B230F811007047A0F68B
:105E50000A0103290AD8A7486A30CA1701EB9272CF
:105E600022F00302891AC9B2405C7047A0F60E0105
:105E700003290AD89F486E30CA1701EB927222F0AC
:105E80000302891AC9B2405C7047A0F612010329C7
:105E90000AD898487230CA1701EB927222F00302B6
:105EA000891AC9B2405C7047A0F61600052809D8C7
:105EB000904A7632062190FBF1F301FB1300C0B249
:105EC000105C7047002070472DE9F34FE1B08A461F
:105ED00089484FF0010980F80690619800270DF17C
:105EE000140E002838D06198022835D06198042813
:105EF00032D00624002071460F54401C80B2062880
:105F0000FAD30AEB040B9BF8010004909BF8030002
:105F10009BF8021000EB012085B29BF80500509021
:105F20000498DFF8D881032818D00498012815D0E8
:105F300004990620724A734B734E06297ED0049949
:105F40000529FBD00499102902F0ED850498192841
:105F500003F01D8103F033B90024D2E71AF80400DE
:105F600076460EF804009BF80110301960904170DD
:105F70000498032803D00498012805D009E050981C
:105F800060994000887004E05098C01DC108609876
:105F9000817060988178C01C18F02FFE012003905A
:105FA000A5F59850A63863280BD85098609AC1B2CE
:105FB000D21C2846FEF79AFC012801D0002003904D
:105FC000FEE30498012802D04FF0000BF9E3002211
:105FD0004CE0AB18082B1FD200200021DFF82CB1B9
:105FE00001EBC30CCCEB0C1C0CEB4C0CDC449CF814
:105FF00025C0BCF1000F06D009FA01FC4CEA000CE8
:106000000CF0FF0003E009FA01FC20EA0C00491C37
:10601000C9B20829E4D324E0403B082B21D8002052
:106020000021DFF8ECE001EBC30CCCEBCC0B0BEB6D
:106030000C1C0EEB4C0C9CF826C000E0F2E3BCF10B
:10604000000F06D009FA01FC4CEA000C0CF0FF002E
:1060500003E009FA01FC20EA0C00491CC9B2082936
:10606000E1D3A1183144C870521C92B250998A42AF
:10607000AFD3A5E705EB0B00032807D804EB4B01D2
:106080003144CF7018F800000871FFE1A0F5985175
:10609000EC397DD004287CD005287BD008287AD024
:1060A000062879D0072878D00E2877D0092876D00E
:1060B0001A2875D01C2874D0162873D0172872D0CF
:1060C000182871D0192870D01B286FD00C286ED0DA
:1060D00012286DD013286CD00D281BE09833036074
:1060E000E8340360A83B03602C3C03603EE302609D
:1060F00068390360BAE404605C03006052630460C2
:106100008EE70460CF1F016044CC0360A5300560BA
:10611000E524056071D0102870D022286FD0232884
:106120006ED020286DD024286CD02A286BD01D2852
:106130006AD0A0F57D41E83949D0A0F57D41E93923
:1061400073D0A0F57D41EA3970D0A0F57D41F239D8
:106150006DD028286CD029286BD02B286AD05E28D7
:1061600069D05F2868D02E2867D02F2874D03028B7
:1061700073D0622872D0632871D0272870D0A0F124
:10618000640105296DD804EB4B013144CF7011E057
:1061900015E024E02AE038E03FE04FE068E06FE0FF
:1061A00076E07FE087E08FE097E09FE0A7E0AEE059
:1061B000B6E0BEE0404410F8510C087165E704EB0E
:1061C0004B003044C770FA49097801715DE704EB70
:1061D0004B003044C770F7490978017155E704EB6B
:1061E0004B003044C770082101714EE704EB4B00AF
:1061F0003044C7704021017147E7A3E0AAE0B1E055
:10620000B8E0C0E0C9E0D0E0D7E004EB4B00304498
:10621000C77098F80710017137E704EB4B00304462
:10622000C77098F8041001712FE7CEE0D7E0E1E0E5
:10623000E8E0EFE0F6E0FDE008E114E104EB4B00FC
:106240003044C77098F823100A290BD0491E03293F
:106250000BD82321017118E70EE118E120E127E1B5
:106260002EE135E1232101710FE74A2101710CE78D
:1062700004EB4B003044C77098F80A10017104E732
:1062800004EB4B003044C77098F80B100171FCE62A
:10629000C84804EB4B016C383144C08F020ACA7005
:1062A0000871F2E604EB4B003044C770C1496C3909
:1062B000497A0171E9E604EB4B003044C770BD49EF
:1062C000223909780171E0E604EB4B003044C770D5
:1062D000B849223949780171D7E604EB4B003044C4
:1062E000C770B449223989780171CEE604EB4B00BE
:1062F0003044C770AF492239C9780171C5E604EB53
:106300004B003044C77098F848100171BDE604EBAB
:106310004B003044C770A7496C39097B0171B4E662
:1063200004EB4B003044C770A2496C39497B0171C2
:10633000ABE604EB4B003044C7709E496C39897B57
:106340000171A2E604EB4B003044C77098F82710A7
:1063500001719BE004EB4B003044C77098F80C10BF
:10636000017193E004EB4B003044C77098F82310A0
:1063700001718BE0904804EB4B0131440088020A24
:10638000CA70087182E08C4804EB4B01314400680C
:10639000020ECA70000C087178E004EB4B00304428
:1063A000C77086490978017170E004EB4B003044F6
:1063B000C77083490978017168E004EB4B003044F1
:1063C000C77080490978017160E07A4804EB4B019D
:1063D0003144B0F80100020ACA70087156E07548ED
:1063E00004EB4B013144D0F80100020ECA70000CDE
:1063F00008714BE004EB4B003044C77072490978D8
:10640000017143E004EB4B003044C77098F844102E
:1064100001713BE004EB4B003044C77098F8451025
:10642000017133E004EB4B003044C77098F847101B
:1064300001712BE05F481C3801888088084404EB18
:106440004B013144030ACB7008711FE059486C3886
:10645000D0E91410084404EB4B013144020ECA7019
:10646000000C087112E0B8F8420004EB4B01314413
:10647000030ACB70087109E04E4804EB4B016C38FD
:106480003144B0F84000030ACB70087113E204EB0A
:106490004B003044C77047496C39C97A01710AE230
:1064A00004EB4B003044C77098F84F10017102E2C2
:1064B00004EB4B003044C770444909780171FAE19C
:1064C00004EB4B003044C77098F850100171F2E1B2
:1064D0006A280CD0A0F16B01032910D804EB4B0102
:1064E0003144CF70404410F85C0C0871E3E104EBD8
:1064F0004B003044C77098F80E100171DBE1A0F139
:106500006F01032908D804EB4B013144CF7040449C
:1065100010F8560C0871CEE1A0F17301032908D8D8
:1065200004EB4B013144CF70404410F8560C087115
:10653000C1E1782822D0262829D01E2830D0A0F505
:1065400080712B3912D0491E64294ED82048C1EBE6
:10655000C101405C1F4900F0070201EBD00109FABC
:1065600002F20978114239D0012238E004EB4B00E5
:106570003044C7701849097801719CE1B8F82100CE
:1065800004EB4B013144030ACB70087193E1B8F876
:10659000490004EB4B013144030ACB7008718AE1D6
:1065A00004EB4B003044C77098F85910017182E138
:1065B0003F030060C803006088020060670200605B
:1065C000A102006066020060E6030060EC03006068
:1065D0001A48046052510460E8020060002204EB93
:1065E0004B013144CA70087165E1362810D0372854
:1065F0001AD0382820D0A0F13B01022924D804EB7E
:106600004B013144CF70404410F8130C087152E133
:1066100004EB4B003044C770FD49898809B1022161
:1066200000E00021017146E104EB4B003044C770EB
:10663000F749897801713EE104EB4B003044C770A3
:10664000F3490978017136E13E2811D03F2817D06F
:10665000A0F1460109291CD8453808EB400004EB9D
:106660004B01B0F82B003144020ACA70087122E1D4
:1066700004EB4B003044C77098F8411001711AE1E7
:10668000E44804EB4B0131440088020ACA700871E7
:1066900011E1A0F1D2010F2909D8DF4830F811002B
:1066A00004EB4B013144030ACB70087103E153281A
:1066B00025D054282CD050284ED0512855D05A28B7
:1066C0005BD05B2862D0A0F50071CA3910D0491E9A
:1066D0000A2963D888B2D14A04EB4B01314412F83D
:1066E00010C081F803C002EB400040780871E2E07E
:1066F00004EB4B003044C77056210171DBE0B8F861
:106700004B0004EB4B013144020ACA700871D2E01D
:10671000C34890F82D0009280AD00A2808D0C1489B
:1067200004EB4B0131440088020ACA700871C2E0D0
:10673000BC48BD4942F210720088C98D4843B0FB85
:10674000F2F14FEA112C04EB4B01314481F803C004
:10675000B0FBF2F00871AEE0B34804EB4B013144FA
:10676000008C020ACA700871A5E004EB4B003044AB
:10677000C770AD49C97B01719DE0AC4804EB4B018A
:1067800031440088020ACA70087194E004EB4B009F
:106790003044C77098F84E1001718CE0962829D0CB
:1067A00097282FD0982835D099283CD09A2842D0C5
:1067B0009B2848D0A0F58071293912D0522801E0D9
:1067C000F1E3F1E347D0A0F5FA6164294BD880B238
:1067D000FFF7F3FA04EB4B013144020ACA70087167
:1067E00069E0B8F8570004EB4B013144030ACB7061
:1067F000087160E004EB4B003044C77098F851100A
:10680000017158E004EB4B003044C77098F8521007
:10681000017150E004EB4B003044C77098F85310FE
:10682000017148E0FEE304EB4B003044C77098F878
:10683000541001713FE004EB4B003044C77098F8EE
:106840005510017137E004EB4B003044C77098F8E5
:10685000561001712FE004EB4B003044C7707449AF
:106860000978017127E0A0F5D851BC397F297FD87C
:1068700001EBD171C1F34701C0071DD0C1EB01107D
:1068800000EB40016B4808445D9090F8230088B30A
:106890005D98D0F81E0014F08DFC010A04EB4B004B
:1068A00030445C90C1705D98D0F81E0014F082FCFA
:1068B00001465C9801710AE2C1EB011000EB400156
:1068C0005C4808445F9090F82300A0B15F98D0F82E
:1068D0001E0014F06FFC010E04EB4B0030445E9080
:1068E000C1705F98D0F81E0014F064FC010C5E9833
:1068F0000171ECE105E004EB4B003044C770077117
:10690000E5E15D9890F92800A0F10C010A2915D95C
:106910001738072807D800EBC00101EB00114648E3
:10692000405C01280AD05D9890F82500012818D015
:1069300004EB4B003044C7700771C8E15D9890F8D4
:106940002500012807D004EB4B003044C77080F8C5
:106950000490BCE10CE004EB4B003044C7700771BD
:10696000B5E104EB4B003044C77080F80490AEE111
:10697000A0F5E0513C393F290ED8C9B204EB4B00D9
:106980003044C770C1EB011101EB410229491144A8
:1069900091F824100171F4E3A0F5E0517C393F290E
:1069A0000ED8C9B204EB4B003044C770C1EB0111E3
:1069B00001EB41021F49114491F828100171E0E3F5
:1069C000A0F5E051BC393F290ED8C9B204EB4B0009
:1069D0003044C770C1EB011101EB4102154911446C
:1069E00091F822100171CCE3A0F5E051FC393F2968
:1069F00024D8C9B204EB4B003044C770C1EB01117D
:106A000001EB41020B49114491F823100171B8E3E5
:106A10007AB90260F8030060B273046044950360C1
:106A2000E52405607AB702605C030060B60100608F
:106A30006B040060A530056026CB0260A0F5E8512C
:106A40003C397F2903D9A0F291227F2A6FD87F2970
:106A500002D841F63C5101E040F29121411A01EB8C
:106A6000D170C0F34700C9071ED0C0EBC00101EBD5
:106A70000011FB4800EB4100599090F8280090B3BA
:106A80005998D0F81E0014F095FB010A04EB4B0056
:106A900030445890C1705998D0F81E0014F08AFB09
:106AA0000146589801716CE3C0EBC00101EB001185
:106AB000EB4800EB41005B9090F82800A0B15B9898
:106AC000D0F81E0014F076FB010E04EB4B003044AE
:106AD0005A90C1705B98D0F81E0014F06BFB010C4B
:106AE0005A9801714DE305E004EB4B003044C77048
:106AF000077146E3599890F82D00A0F10C010A297E
:106B000016D91738072807D800EBC00101EB001190
:106B1000D448405C01280BD0599890F826000128F1
:106B200018D004EB4B003044C770077129E318E01C
:106B3000599890F82600012806D004EB4B00304409
:106B4000C77080F804901CE304EB4B003044C7701E
:106B5000077116E304EB4B003044C77080F80490D3
:106B60000FE3A0F5E851BC393F290FD8C8B204EBB8
:106B70004B013144CF70C0EBC00202EB0012B848A9
:106B800000EB420090F822000871FAE2A0F5E8510B
:106B9000FC393F2910D8C8B2C0EBC00101EB00118D
:106BA000AF4800EB410004EB4B01314410F82B3FA0
:106BB000CB7040780871E4E2A0F5F0517C393F29B0
:106BC00010D8C8B2C0EBC00101EB0011A44800EB23
:106BD000410004EB4B01314410F8282FCA70407972
:106BE0000871CEE2A0F5F051BC393F290FD8C8B2E8
:106BF00004EB4B013144CF70C0EBC00202EB00123A
:106C0000974800EB420090F827000871B9E2A0F520
:106C1000F0513C393F290FD8C8B204EB4B01314445
:106C2000CF70C0EBC00202EB00128D4800EB4200B7
:106C300090F829000871A4E2A0F5F051FC393F2931
:106C400035D801EBD171C1F347010291C00716D0CD
:106C50000298F7F795FD4FF47A7190FBF1F0010A75
:106C600004EB4B0030445690C1700298F7F788FD52
:106C70004FF47A7190FBF1F15698017181E202981C
:106C8000F7F77EFD4FF47A7190FBF1F0010E04EB03
:106C90004B0030445790C1700298F7F771FD4FF4E4
:106CA0007A7190FBF1F0010C5798017169E2A0F53F
:106CB000F8513C391F290BD804EB4B013144CF70FC
:106CC000694A1044A0F5005090F8C400087158E2D9
:106CD000A0F5F8515C393F290BD804EB4B01314446
:106CE000CF70624A1044A0F5005090F8A4000871DB
:106CF00047E2A0F5F8519C39FF2903D9A0F291127F
:106D0000FF2A79D8FF2902D841F69C7101E040F2B0
:106D10009111411A01EBD170C0F34700C9071DD092
:106D2000C0EBC00101EB401151480844539090F86A
:106D3000230088B35398D0F81E0014F03BFA010AE0
:106D400004EB4B0030445290C1705398D0F81E00B1
:106D500014F030FA01465298017112E2C0EBC00102
:106D600001EB401142480844559090F82300A0B12F
:106D70005598D0F81E0014F01DFA010E04EB4B00DC
:106D800030445490C1705598D0F81E0014F012FA97
:106D9000010C54980171F4E105E004EB4B00304420
:106DA000C7700771EDE1539890F82600A0F10C012F
:106DB0000A2915D91738072807D800EBC00101EBBD
:106DC00000112848405C01280AD0539890F824000C
:106DD000012818D004EB4B003044C7700771D0E194
:106DE000539890F82400012807D004EB4B0030445E
:106DF000C77080F80490C4E10CE004EB4B00304411
:106E0000C7700771BDE104EB4B003044C77080F8D8
:106E10000490B6E1A0F500519C397F290DD804EB10
:106E20004B003044C770C1EBC10202EB4112104964
:106E3000114491F822100171A3E1A0F504515439D5
:106E40007F2917D804EB4B003044C770C1EBC10257
:106E500002EB41120649114491F82610017190E1AC
:106E6000E524056026CB02603C6404606530056063
:106E7000BECF0260A0F50451D4397F290DD804EBB0
:106E80004B003044C770C1EBC10202EB4112F8491C
:106E9000114491F82310017173E1A0F504511C39DC
:106EA00007290DD804EB4B003044C770C1EBC1017A
:106EB00001EB4102EF4901EB4201C97F017160E141
:106EC000A0F50451243907290DD804EB4B003044B8
:106ED000C770C1EBC10101EB4102E64901EB420180
:106EE000897F01714DE1A0F504512C3907290ED895
:106EF00004EB4B003044C770C1EBC10101EB410210
:106F0000DC4901EB420191F82410017139E1A0F54F
:106F10000451343907290ED804EB4B003044C770B4
:106F2000C1EBC10101EB4102D24901EB420191F8F1
:106F30002010017125E1A0F504513C3907290ED834
:106F400004EB4B003044C770C1EBC10101EB4102BF
:106F5000C84901EB420191F82710017111E1A0F538
:106F60000451443907290ED804EB4B003044C77054
:106F7000C1EBC10101EB4102BE4901EB420191F8B5
:106F800021100171FDE0A0F504514C3903290CD802
:106F900004EB4B003044C77001EB4112B649114479
:106FA000C97F0171EDE0F4E0EFE0A0F50451503944
:106FB00003290AD804EB4B003044C77001EB41129F
:106FC000AD491144897F0171DBE0A0F5FE426C3AC6
:106FD0005B2A16D82E2092FBF0F1C9B292FBF0F397
:106FE00000FB1320C2B204EB4B003044C770C1EB6E
:106FF000C10303EB0111A14B03EB4101895C01715A
:10700000BFE0A0F1C801082921D2CF280DD0CA289D
:1070100015D004EB4B013144CF70994A104410F85D
:10702000C80C00E0A8E10871ABE0954804EB4B0107
:107030003144B0F80700020ACA700871A1E004EBFD
:107040004B003044C7708E498978017199E0A0F5F2
:10705000B85170390B2909D88A4830F8310004EB4F
:107060004B013144030ACB7008718AE0A0F5B85196
:107070007C390B290BD8834809EB410130F82100FA
:1070800004EB4B013144020ACA70087179E0A0F5A3
:10709000B85188390B290ED87A4B09EB410053F8C7
:1070A0002000020C04EB4B003044C27053F8311046
:1070B000090C017165E0A0F5D8515839312909D87A
:1070C000714830F8110004EB4B013144020ACA70D8
:1070D000087156E0A0F51851483945F688429142AA
:1070E00009D880B2FEF74DFD04EB4B013144C87066
:1070F000000A087145E0A0F51C4040383B283AD80A
:10710000C11700EB9172C2F38F0122F00302801AC3
:1071100080B230B101280FD0022818D0032820D027
:107120002FE05A4800EB410004EB4B01008831444A
:10713000030ACB70087124E0544800EB410004EBD3
:107140004B01C08B3144030ACB70087119E004EB8A
:107150004B003044C7704D4A114491F83C10017106
:107160000FE004EB4B003044C770484A114491F8DB
:107170004B10017105E004EB4B003044C77080F800
:1071800004900BF1010B1FFA8BFB50988345FEF422
:1071900071AF619850B36198022827D06198042894
:1071A00024D06198052877D09AF801009AF8001049
:1071B00040EA012036490885010A8DF814108DF83F
:1071C00015008DF816708DF81770049801287DD081
:1071D0005098032101EB4000010A8DF818108DF83A
:1071E00019000398012872D001F0E9BF0498012822
:1071F00013D05098032101EB4000C1B205A8FDF760
:1072000014FD5099020A06EB4101CA700871619899
:10721000042814D06198C8B1E6E760988078C01C53
:10722000C1B205A8FDF701FD6099020A8B780DF146
:1072300017015A5460998A7806A95054E7E7509884
:10724000F11C4200134817F0BFFCCDE798F8260068
:10725000FDF75FFD049801281FD05098052101EB30
:10726000400081B298F8262005A8FDF7F6FCBBE7A0
:10727000BECF026098330360A83B03602C3C0360E0
:1072800010180060DCCF0160207204602C6D046077
:107290005C0300606EAE026008E0609898F82620FB
:1072A000817805A8491DFDF7D8FC9DE79AF80100F3
:1072B0009AF8001040EA0120FE490885010A8DF87D
:1072C00014108DF815008DF8167001E027E032E0FB
:1072D0008DF817705098032101EB4000010A8DF8DA
:1072E00018108DF81900049801280CD0509805A9A1
:1072F00004EB40021446D21CEF4817F065FCEF483F
:10730000E41C048070E7509805A902191446D21CA9
:10731000E94817F059FCE948E41C048064E76098E8
:107320008078C01C000A8DF8180060988078C01C16
:107330008DF8190055E76198012886D10498012835
:107340000CD0509805A904EB40021446D21CDC482E
:1073500017F03AFCDB48E41C048045E7509805A987
:107360000219D21CD64817F02FFC6098E41C8078D4
:107370000119D448018037E76199E1B16199022987
:1073800019D06199042916D09AF800C08DF814C05C
:107390009AF801C08DF815C08DF816708DF8177029
:1073A0008DF818708DF819006198012810D0619837
:1073B000052821D033E0619888BB98F82600FDF7B6
:1073C000A8FC98F8262008215046FDF746FC26E048
:1073D000002021181AF801200EF80120401C80B26C
:1073E0000628F6D3059818600698586007989860A4
:1073F000B4480C21018012E0002021181AF8013055
:107400000EF80130401C80B20628F6D305981060B3
:107410000698506007989060A8490C20088004984E
:10742000052842D0A5F5D851BC394FF41072B1F5FA
:10743000B36F2FD24FF4C070814201D286F8009012
:10744000A5F5E8533C3BB3F5187F01D286F80190CF
:10745000A5F5F8539C3B834201D286F80290A5F52E
:1074600004501C382F2804D9A5F5FA402C38904236
:1074700001D286F80490A5F504504C38072804D9A9
:10748000A5F5FE406C385B2801D886F805908E483B
:1074900080F80090032D73D8864C207E00F0010107
:1074A00029436ED0022D6DD09EE63F2D6BD8EDB2F4
:1074B000C5EB051000EB400184480C1894F823003C
:1074C0000028F1D1F7F728F9A8423CDD94F928000B
:1074D000A0F10C010A290FD91738072807D800EBAB
:1074E000C00101EB00117A48405C012804D09BF8F0
:1074F0000400B8B1012016E09BF8040070B1002030
:1075000017F057FE734901EB8511886228460FF08A
:10751000F8F828B1002084F825003AE00120EFE7D0
:107520000120F8E7002017F044FE6A4901EB8511BD
:10753000886228460FF0E5F808B1012000E000203D
:1075400084F8250025E094F92800A0F10C010A290F
:107550000FD91738072807D800EBC00101EB00113D
:107560005B48405C012804D09BF8040070B1012006
:107570000DE09BF8040038B1002084F8250008E0F5
:107580007EE051E065E01CE00120F6E7002084F891
:10759000250094F8250028B14FF47A712846F6F7B3
:1075A000CFFF03E000212846F6F7CAFF28460FF078
:1075B000A8F84FF47A714843C4F81E0086F800908A
:1075C00012E6403D3F2DFBD8E8B2C0EBC00101EB15
:1075D0000011414800EB410090F8281009BB90F8D9
:1075E0002D10A1F10C020A2A0FD91739072907D843
:1075F00001EBC10202EB01123549895C012904D07B
:107600009BF8041051B1012109E09BF8041019B155
:10761000002180F8261004E00121FAE7002180F81B
:10762000261086F80190DFE59BF8051088F8001019
:107630009BF8040088F8010000200AF0E8FF98F8A1
:10764000011001200AF0E3FF207E40F001002076C7
:10765000CAE58007B4D49BF8051088F802109BF89F
:10766000040088F8030002200AF0D1FF98F8031004
:1076700003200AF0CCFF207E40F002002076B3E524
:10768000062D5FD0082D7DD00C2D70D0122D6FD01F
:10769000132D6ED01A2D6DD01C2D6CD01B2D6BD0E0
:1076A000102D6AD00D2D69D0222D68D0242D67D0E1
:1076B0002A2D13E05C0300608EE70460B4040060D0
:1076C000CF1F0160EE000060DE030060A5300560A2
:1076D00026CB026094640360E524056074D01D2D00
:1076E00073D0A5F57D40E83824D0A5F57D40E93874
:1076F0006CD0A5F57D40EA3869D0232D68D0202DC7
:1077000067D0282D73D02B2D72D05D2D71D0602DB8
:1077100070D0612D6FD0A5F13B0002286CD8C4B2A7
:1077200008EB04059BF8050095F8281081427CD0F1
:107730003CB3BAE1FF489BF805100170D1200AF074
:1077400066FF51E59BF8051088F8041006200AF042
:107750005EFFF94998F804000873F8490870F84981
:1077600081F8F200002011F0C1FA3DE50AE011E0D5
:107770001DE02FE041E064E077E08CE0B1E0B8E0AC
:10778000C4E089E19BF8051088F8071008200AF08A
:107790003EFF29E5E74C9BF805006C3C20739BF805
:1077A000051009200AF033FF84F803901CE5E14C32
:1077B0009BF805006C3C60739BF8051052200AF0A2
:1077C00026FF0220E0700FE5B4E0C8E0D1E0E8E079
:1077D000FFE01BE1D74C9BF805006C3CA0739BF8C5
:1077E000051053200AF013FF0320E070FCE42CE1A5
:1077F00033E140E144E149E1CFE1CE4C9BF80500A3
:107800009BF804106C3C00EB0120B4F93E10884258
:1078100097D000231A46E9F79AFB9BF805009BF8DE
:10782000041000EB0120E08700E0ABE19BF80410BE
:107830000C200AF0ECFE9BF805100D200AF0E7FE84
:10784000D2E4BC4C9BF805206C3C637A9A428CD005
:1078500000210846E9F77BFB9BF8050060729BF866
:10786000051019200AF0D3FEBEE49BF80500052898
:107870008FD888F84800E9F791FC9BF8051007209D
:107880000AF0C5FE98F8480002288FD3AD4807706B
:10789000AD480770A8E49BF805007F2806D08E2825
:1078A00008D08F2806D055280ED09DE4ECF7ADFA0D
:1078B000FDF77CFA8E2886D19E4839466C380776CB
:1078C0009E200AF0A4FE8FE4A04880F800909BF868
:1078D0000400C0EB001081009D480180ECF795FA90
:1078E00082E49BF8051088F8271020200AF08FFE0C
:1078F0007AE49BF805009BF8041000EB0120C1B26C
:1079000088F823100E200AF082FE6DE49BF8051023
:10791000002995D0FF2993D08E4C21709C200AF02D
:1079200076FE874D217849352878F3F7B6FA207826
:10793000287059E49BF80510002995D0FF2993D0B1
:107940007E4C217088F8041006200AF060FE7C4806
:10795000217880F8F210002011F0C8F944E49BF877
:107960000510012996D97C4801709D200AF04FFE30
:107970003AE4704A521C1068010C09049BF8050097
:107980009BF8043000EB0320084310609BF80510BF
:10799000D2200AF03CFE9BF80410D3200AF037FEF8
:1079A00022E46449491C088880B29BF805209BF8B2
:1079B000043002EB032240EA024008609BF8051005
:1079C000D4200AF024FE9BF80410D5200AF01FFEF4
:1079D0000AE4624C21689BF805009BF8042000EB48
:1079E0000220B0EB114F90D06FF30F0108432060DD
:1079F0009BF80510A3200AF00AFE9BF80410A420AF
:107A00000AF005FE206810F0ECFC05E4534C9BF8EE
:107A100005009BF80410226800EB0123B3EB124F22
:107A200087D0000400EB016091B2084420609BF80D
:107A30000510A5200AF0EBFD9BF80410A6200AF023
:107A4000E6FD206810F0CDFC11E49BF8051088F8E5
:107A500044109A200AF0DBFD09E49BF8051088F831
:107A60004710022903D13E4807703E4807700A209C
:107A70000AF0CDFD19E42F486C3880F8009014E42A
:107A80002C489BF805106C38C1710EE429489BF80E
:107A900005106C38017208E4D8B1022819D0072803
:107AA00017D0012815D0092813D0012C06D180B198
:107AB00002280ED007280CD008280AD0022C61D149
:107AC00038B1022805D0072803D0012801D00928A1
:107AD00058D185F82800022802D12046FDF76CF81D
:107AE00095F82800012801D0092805D11E4880F802
:107AF0000090204612F014FA95F82800072805D1C6
:107B0000FAF7AAFA012C01D11848077098F8230057
:107B1000052801D0062806D198F82910144807290D
:107B200032D0C0F88C7195F8281004F11D000AF0CD
:107B30006EFD1FE0C803006063BF0260A102006029
:107B40007ABF0260ED030060EE030060E9030060AD
:107B5000FE03006067020060660200608802006049
:107B6000EF030060F0030060E5070060FC020060C6
:107B7000000022420021E9200AF049FDFE4807707A
:107B8000FE4807801CB18FE4C0F88C91CBE7FC481D
:107B900098F8281080F8261086E43E2D24D0A5F110
:107BA00046005190092827D89BF805009BF804103F
:107BB000453D00EB012008EB4501A1F82B00519851
:107BC0003E2202EB40009BF8041080B20AF01FFD39
:107BD00051983F2202EB40009BF8051080B20AF05A
:107BE00016FD06F02CFA5FE49BF8051088F84110AA
:107BF00022200AF00CFD57E4532D24D0502D35D00F
:107C0000512D3FD05A2D42D05B2D4CD02E2D54D02B
:107C10002F2D65D0302D7DD0622D76D0632D75D07F
:107C2000272D74D06A2D73D0A5F16B00032870D86E
:107C300008EB05009BF8051000F85C1C3C3DA8B261
:107C40000AF0E5FC30E49BF805009BF8041000EB1B
:107C5000012081B2A8F84B10B0200AF0D8FCB8F887
:107C60004B00010AB1200AF0D2FC1DE4C548C17BDB
:107C7000012988D19BF805109BF8042001EB022113
:107C8000018411E4BF489BF80510C1730CE49BF814
:107C900005009BF8041000EB0120BB4980B208806E
:107CA000EBF74CFC8CE49BF8050088F84E009BF841
:107CB0000510B2200AF0ABFC82E49BF805009BF8AB
:107CC000041000EB0120A8F842009BF80510E72003
:107CD0000AF09DFC9BF80410E6200AF098FC6FE483
:107CE0009BF805009BF8041000EB0120A549A1F8C2
:107CF00040009BF8051016200AF089FC9BF8041040
:107D000015200AF084FC5BE404E00DE018E02CE0B0
:107D100035E043E09B489BF80510C1729BF80510C5
:107D200017200AF074FC4BE49BF8050088F84F001C
:107D30009BF80510D6200AF06AFC944807703FE4CF
:107D400093499BF80500087001288ED19BF8040028
:107D5000904908B1087001E00520087089488E49F3
:107D6000006D08608D490860A9E39BF8050088F85C
:107D700050009BF80510CB200AF049FC9FE39BF8CC
:107D8000050001288ED89BF8041000EB0120C1B239
:107D900088F80E102E200AF03AFC90E3A5F16F004F
:107DA00003280AD808EB05009BF8051000F8561CBC
:107DB0003C3DA8B20AF02BFC81E3A5F17300032837
:107DC0000AD808EB05009BF8051000F8561C3C3D4E
:107DD000A8B20AF01CFC72E3782D26D0262D37D0ED
:107DE0001E2D48D0962D52D0982D5DD0992D68D05B
:107DF0009B2D76D0A5F5807029380CD0212D7DD013
:107E0000A5F5FA6064286BD8524621462846619B46
:107E1000FDF704FE53E39BF805009BF8041000EB0C
:107E2000012080B2FCF7B4FD49E39BF805009BF804
:107E3000041000EB0120A8F821009BF805103D205C
:107E40000AF0E5FB9BF804103C200AF0E0FB36E367
:107E50009BF805009BF8041000EB0120A8F84900EE
:107E60009BF80510C8200AF0D2FB9BF80410C9202B
:107E70000AF0CDFB23E39BF8050088F859009BF836
:107E80000510C7200AF0C3FBEDF7E9FD17E39BF8E7
:107E9000050088F851009BF80510BF200AF0B7FBD9
:107EA000384880F803900AE39BF8050088F85300EF
:107EB0009BF80510C0200AF0AAFB32480321C170CC
:107EC000FDE29BF8050088F854009BF80510C420DB
:107ED0000AF09DFB2B4880F80390F0E201E00DE0F2
:107EE0001FE09BF8050088F856009BF80510C52098
:107EF0000AF08DFB23480321C170E0E29BF80500E6
:107F00006F2802D0972802D0D9E2FCF75CFFE8F78F
:107F10005DF9234880F800901A490520A1F8420035
:107F2000CDE2A5F5D8505838312809D89BF805106E
:107F30009BF8042001EB02211A4A22F81010BEE23D
:107F4000A5F5B854703C0B2C3BD8174951F83400B8
:107F500000F4702041F834009BF805209BF80430B1
:107F600002EB0322024341F83420542000EB44008A
:107F70009BF8051080B219E0E9030060FE03006081
:107F80007ABF02605C030060B60100606E020060B0
:107F9000EC030060EA030060380400603C04006009
:107FA0003C00006020720460DCCF01600AF02FFB0F
:107FB000552000EB44009BF8041080B20AF027FB28
:107FC0007DE2A5F5B8547C3C0B2C22D8FF4A09EB86
:107FD000440052F8201001F4702142F820109BF860
:107FE00005309BF8045003EB05230B4342F8203087
:107FF0006C2000EB44009BF8051080B20AF007FBF0
:108000006D2000EB44009BF8041080B20AF0FFFAE8
:1080100055E2A5F5B85088380B2828D8EB4931F837
:10802000302092B241F830209BF8053042EA0342FA
:1080300041F8302009EB400031F8202092B241F89D
:1080400020209BF8043042EA034241F820209BF8AC
:1080500005009BF8041000F00F0001F0F001A5F5F9
:10806000B0550144D53DA8B20AF0D1FA27E2A5F1F6
:10807000C800072863D89BF805009BF8041000EBA4
:108080000121D348421902F8C81CC82D0AD0C92DB5
:1080900015D0CA2D20D0CB2D2BD0CD2D36D0CE2D26
:1080A00040D00CE2CA4942780978CDE90117009224
:1080B0008378C27841798079E3F7A0FAFFE1C44A76
:1080C00001785278CDE9011700928378C27841791E
:1080D0008079E3F793FAF2E101784278CDE901176C
:1080E000BB490092C2788B7841798079E3F786FAB0
:1080F000E5E101784278CDE90117B549009283782E
:10810000CA7841798079E3F779FAD8E14178027841
:108110008DE88600AE498378C27849798079E3F7A3
:108120006DFACCE101784278CDE9011700928378AD
:10813000C2784179A6488079E3F760FABFE17F29E8
:108140007CD801EBD170C0F34708C8EB081000EBF6
:108150004001A0480C18D4F81E0013F02BF8E907D2
:1081600026D06FF30F009BF804209BF8051000EB5E
:1081700002200844029094F92300002823D021D043
:10818000F6F7CAFA404512DD934800EB881593488C
:10819000696A81426FD19BF805009BF8041000EBDF
:1081A000012017F006F88E4916F041FFE86101E161
:1081B00080B29BF805109BF8042001EB022100EB34
:1081C0000140029057E1F6F7A7FA404574DD94F9B3
:1081D0002800A0F10C010A291BD91738072807D855
:1081E00000EBC00101EB00117E48405C012810D07B
:1081F000794800EB881A7948DAF82410814243D193
:108200009BF805109BF8040011EB002036D00120EC
:1082100035E0714800EB881A7048DAF82410814282
:108220000FD19BF805109BF8040011EB002006D03D
:10823000002016F0BEFFCAF81C000EE043E101204A
:10824000F7E79BF805109BF8040011EB002010D015
:10825000002016F0AEFFCAF82800634894F82510F5
:10826000817640460EF04DFA30B1002084F82500AA
:1082700026E00120EDE791E00120F7E7002016F06D
:1082800098FFCAF81C000DE09BF805109BF804004D
:1082900011EB002001D0012000E0002016F089FF42
:1082A000CAF82800504894F82510817640460EF010
:1082B00028FA10B1012001E00CE0002084F825002C
:1082C000494894F92510827E91422FD080F8199068
:1082D000C7762BE094F9255094F92800A0F10C0101
:1082E0000A2913D91738072807D800EBC00101EB7A
:1082F00000113C48405C012808D09BF805009BF821
:10830000041010EB01200ED001200DE09BF80500B9
:108310009BF8041010EB012003D0002084F8250006
:1083200004E00120FAE7002084F8250094F82500F5
:1083300028B14FF47A714046F6F702F903E00021C4
:108340004046F6F7FDF8F6F7E7F940451DDC94F9ED
:108350002500A84219D025480078804515D2244D23
:108360002868E3F78DFFDFF88CA0DAF80000E3F768
:1083700087FF204600224146F9F754F8DAF800005A
:10838000E3F7C2FF2868E3F7BFFF40460EF0B9F9F4
:108390004FF47A714843C4F81E006CE09BF8050066
:1083A0009BF8041000EB012016F003FF0C4916F0B7
:1083B0003EFEA862F6F7B0F940454CDCD4F81E50FA
:1083C0009BF805009BF8041016E00000DCCF01606C
:1083D00010180060A53005609464036000007F43BE
:1083E00000007A4426CB02605C030060EA02006071
:1083F000180300607804006000EB0120FC4921F8BC
:1084000018009BF805009BF8041000EB012016F003
:10841000D0FE8246284616F0C3FE514616F04EFFA7
:1084200019D0F4480078804515D2F34D2868E3F759
:1084300027FFDFF8C8A3DAF80000E3F721FF2046A2
:1084400000224146F8F7EEFFDAF80000E3F75CFFA0
:108450002868E3F759FF40460CF0C5FCE84916F0E0
:10846000B4FD16F0C9FEC4F81E0016F099FE0146D0
:108470004046EDF7F8FAEDF7F2FAF6F74DF9404518
:1084800018DC94F92800401E0A2809D89BF805003A
:108490009BF8041000EB0120012811D084F825700E
:1084A000029812F087FEC4F81E00204600224146C2
:1084B000F8F7B8FF86F80090D24880F8009014E2F0
:1084C00084F82590ECE7A5F5E0507C383F2813D8D8
:1084D000C1B2C1EB011000EB4003CB489BF8052073
:1084E000184480F8282086F80090C64A82F8009048
:1084F0000122F8F797FFF8E1A5F5E050BC383F28D6
:1085000017D8C1B2C1EB011000EB4002BE481044C5
:1085100090F82420012A03D19BF8052080F822201E
:1085200086F80090B74A82F800900122F8F77AFFA7
:10853000DBE1A5F5E050FC383F2813D8C1B2C1EB10
:10854000011000EB4003B0489BF80520184480F868
:10855000232086F80090AB4A82F800900122F8F7B9
:1085600061FFC2E1A5F5E8503C387F287DD800EBDB
:10857000D070C0F34708C8EBC80000EB0811A3484F
:1085800000EB4104D4F81E0012F014FEE9070ED0EF
:10859000020C12049BF804109BF8050002EB012268
:1085A000851894F9282062B1012A2FD037E080B2D3
:1085B0009BF805109BF8042001EB022100EB01451C
:1085C00044E094F82D20A2F10C030A2B11D9173A9C
:1085D000072A07D802EBC20303EB02138C4AD25CD2
:1085E000012A06D000EB012001280CD084F8267067
:1085F00015E000EB0120012802D084F826900EE05F
:1086000084F826700BE084F8269008E000EB012047
:108610004FF47A71484312F0CDFDC4F81E0094F86F
:108620002700012812D194F82D00192803D00F2813
:1086300001D01D280AD1D4F81E0012F0BBFD28B9C4
:10864000744840F82870744800F80890284612F0E2
:10865000B1FDC4F81E0086F801906A4880F80090C9
:108660002046F8F78AFF40E1FFE7A5F5E850BC385F
:108670003F2813D8C0B2C0EBC00202EB001263481F
:108680009BF8051000EB420080F8221086F801905C
:108690005C4981F80090F8F770FF26E1A5F5E850F5
:1086A000FC383F2817D8C0B2C0EBC00202EB001262
:1086B00056489BF8041000EB420080F82B109BF802
:1086C000051080F82C1086F801904E4981F8009032
:1086D000F8F753FF09E1A5F5F0503C383F2813D8CF
:1086E000C0B2C0EBC00202EB001248489BF8051074
:1086F00000EB420080F8291086F80190414981F88A
:108700000090F8F73AFFF0E0A5F5F0507C383F28EC
:1087100017D8C0B2C0EBC00202EB00123B489BF876
:10872000041000EB420080F828109BF8051080F838
:108730002D1086F80190334981F80090F8F71DFF5D
:10874000D3E0A5F5F050BC383F2813D8C0B2C0EB39
:10875000C00202EB00122D489BF8051000EB42000E
:1087600080F8271086F80190264981F80090F8F7E4
:1087700004FFBAE0A5F5F8503C381F280BD8C0B26A
:10878000244A9BF805108032115486F801901D4848
:1087900080F80090A9E0A5F5F8505C383F2805D88E
:1087A000C0B21E4A9BF8051011549EE0A5F5F85082
:1087B0009C38FF286ED800EBD070C0F34700C0EBA8
:1087C000C00101EB401116480C18D4F81E0012F03D
:1087D000F1FCE90726D06FF30F009BF804309BF8FB
:1087E000052000EB0320104494F8231021B33AE055
:1087F0007AB80260EA020060180300607804006042
:1088000000007A44DE030060A5300560E5240560C1
:1088100026CB0260BC630460DC72046065300560D6
:10882000BECF026080B29BF805109BF8042001EBDC
:10883000022100EB014016E094F82610A1F10C058E
:108840000A2D1AD91739072907D801EBC10505EBFD
:108850000115FE49495D01290FD002EB03210129D1
:1088600015D084F8247012F0A5FCC4F81E0086F818
:108870000290F74880F8009037E002EB03210129CD
:1088800002D084F82490EEE784F82470EBE784F8B3
:108890002490E8E7A5F500509C387F2810D8C0B296
:1088A000C0EBC00202EB4012EA489BF805101044EE
:1088B00080F8221086F80290E54880F8009014E0D5
:1088C000A5F50450D4387F2810D8C0B2C0EBC00240
:1088D00002EB4012DF489BF80510104480F823108B
:1088E00086F80290DA4880F800901BE1A5F5045064
:1088F00054387F2810D8C0B2C0EBC00202EB40123F
:10890000D4489BF80510104480F8261086F8029091
:10891000CF4880F8009005E1A5F504501C380728E1
:1089200010D8C0B2C0EBC00000EB4002CA489BF8B0
:10893000051000EB4200C17786F80490C44880F827
:108940000090EFE0A5F504502438072814D8C0B2F1
:108950009BF8051009B1012100E00021C0EBC00027
:1089600000EB4002BC4800EB4200817786F804909F
:10897000B74880F80090D5E0A5F504502C380728BA
:1089800011D8C0B2C0EBC00000EB4002B2489BF867
:10899000051000EB420080F8241086F80490AC48E3
:1089A00080F80090BEE0A5F504503438072811D8AF
:1089B000C0B2C0EBC00000EB4002A7489BF8051016
:1089C00000EB420080F8201086F80490A04880F860
:1089D0000090F4E3A5F504503C38072811D8C0B244
:1089E000C0EBC00000EB40029B489BF8051000EB79
:1089F000420080F8271086F80490954880F800908F
:108A0000DDE3A5F504504438072811D8C0B2C0EB07
:108A1000C00000EB400290489BF8051000EB4200BC
:108A200080F8211086F80490894880F80090C6E309
:108A3000A5F5FA402C3890422DD2482290FBF2F155
:108A4000CBB290FBF2F102FB1101CC1701EB547198
:108A5000C1F3C70190FBF2F402FB1400C21700EB54
:108A6000527222F00702801AC0B203EBC3047B4BA0
:108A70009BF8042003EB041303EB011101EB40030B
:108A80005A709BF8052001F8102086F81090704865
:108A900080F8009093E3A5F504504C3803280DD8D6
:108AA000C0B200EB40126E489BF805101044C1772D
:108AB00086F80590664880F8009080E3A5F504509C
:108AC0005038032811D8C0B29BF8051009B1012114
:108AD00000E0002100EB401261481044817786F8E5
:108AE00005905B4880F8009069E3A5F5FE456C3D74
:108AF0005B2D17D82E2195FBF1F0C0B295FBF1F25A
:108B000001FB1251C9B2C0EBC00303EB0010554B7F
:108B10009BF8052003EB4000425486F811904C4826
:108B200080F800904BE36199C9B36199022937D06D
:108B30006199042934D0619905294FD09AF8002011
:108B40008DF814209AF801208DF815208DF81670F4
:108B50008DF817708DF818708DF819000020F44604
:108B600021181AF801200CF80120401C80B20628B8
:108B7000F6D30598186006985860079898603A49A7
:108B80000C200880642D4DD0A5F2CB200A2873D884
:108B90009BF80600142870D800203449A0E0FFE7B5
:108BA000DAF800000190BAF80400ADF808000621D8
:108BB00001A8FCF73AF8020A8DF80A208DF80B009C
:108BC00061980028DED198F82600FCF7A2F898F802
:108BD0002620082101A8FCF740F8D3E79AF80030D6
:108BE0008DF814309AF801308DF815308DF8167024
:108BF0008DF817708DF818708DF819000020211865
:108C00001AF801300EF80130401C80B20628F6D365
:108C100005981060069850600798906014490C20E1
:108C20000880AFE7134C207838B39BF806000C2877
:108C300030D19BF8080088F813009BF80A0088F8E8
:108C400014009BF80C0088F8150017E026CB026092
:108C5000DE030060BECF026098330360E834036037
:108C6000A83B03602C3C0360EE0000604495036069
:108C7000B40400605C0300603CE07BE09BF80E0005
:108C800088F816009BF8100088F817009BF812006F
:108C900088F8180098F81310282009F0B8FC98F804
:108CA0001410292009F0B3FC98F815102A2009F0B7
:108CB000AEFC98F816102B2009F0A9FC98F81710B4
:108CC0002C2009F0A4FC98F818102D2009F09FFC26
:108CD000277074E222185244D2790A54401CC0B260
:108CE0009BF806208242F5D8FE4880F8009086F86E
:108CF000189064E2B5F58C7F0CD0C82D66D0A5F530
:108D0000FA60642878D8524621462846619BFCF7D1
:108D100085FE54E29BF8060020282BD19BF80A0020
:108D2000DC2827D39BF80E009BF810109BF814202A
:108D300000EB01209BF81210090401EB02614418BA
:108D40009BF80C00401CC0B2F9F75EF9009703468F
:108D50009BF80C209BF808002146F9F713F8E24C29
:108D6000E24D012807D09BF8080002A9F8F7CBFFD5
:108D7000012816D023E2DE4EDE499BF80A20307827
:108D8000401EC0EBC00319448A710BF1150104EBBE
:108D90000010102215F018FF3078284400F8019CCC
:108DA0000DE29DF80800D349C0EBC00319449BF8BD
:108DB0000A208A710BF1150104EB0010102215F046
:108DC00003FF9DF8080005F80090F8E19BF8050006
:108DD000082837D19BF8060008280ED09BF8080019
:108DE00050F080008BF808002DD09BF80C0040F06C
:108DF00080008BF80C002CE03DE09BF8070050F061
:108E000080008BF8070006D09BF8090040F0800036
:108E10008BF8090005E09BF8090000F07F008BF853
:108E200009009BF80E009BF80D10CDE90107009199
:108E30009BF80C309BF80B209BF809109BF808005E
:108E4000E2F7DCFBBBE19BF80C0000F07F008BF845
:108E50000C009BF816009BF81410CDE90107009157
:108E60009BF812309BF810209BF80C109BF80A001E
:108E7000E2F7C4FBA3E1A5F51850483845F6884150
:108E8000884205D8524621462846FCF762FC96E106
:108E9000A5F59850EC3808D0A0F5FA607F287DD869
:108EA0009BF80510022932D059E09BF805000728ED
:108EB00029D19BF80A009BF80C109BF8102000EBBE
:108EC00001209BF80E108C4C090401EB0261084450
:108ED000C4F801009BF8120060719BF81410A17196
:108EE000F9F7A9FA0346012B01D95B1EDBB2D4F8CE
:108EF0000120A1796079F8F749FE042804D0032005
:108F00002070F9F721FA5AE102202070F9E700EB0E
:108F1000D070C0F347049BF80A009BF809109BF837
:108F2000072000EB01209BF80810090401EB026107
:108F30004518284612F03EF90146C4EB041000EB38
:108F400040026E481044C0F81E1090F8232062B111
:108F5000084616F025F901462046ECF784FD86F810
:108F60000090604880F8009029E190F92810A1F164
:108F70000C020A2A19D91739072907D801EBC102AF
:108F800002EB01125E49895C01290ED0012D14D03B
:108F900080F8257090F8250090B100E015E04FF4BE
:108FA0007A712046F5F7CCFAD9E7012D02D080F886
:108FB0002590EFE780F82570ECE780F82590E9E749
:108FC00000212046F5F7BCFAC9E7A5F5E8503C3882
:108FD0007F2851D89BF8051002293CD100EBD070B6
:108FE000C0F347029BF80A009BF809109BF8073072
:108FF00000EB01209BF80810090401EB0361084411
:10900000C2EBC20101EB02133E4901EB430494F8A9
:109010002810E1B994F82D100C2909D3C2EBC20332
:1090200003EB4213384A1A4492F82620162A18D91C
:109030001739072907D801EBC10202EB01123049A9
:10904000895C01290DD0012813D084F8267012F014
:10905000B1F8C4F81E0086F80190224880F800900C
:10906000ADE0012802D084F82690F0E784F826705D
:10907000EDE784F82690EAE7A5F5F8509C38FF283C
:109080005DD89BF80510022948D100EBD070C0F3E1
:1090900047019BF80A009BF809209BF8073000EB7A
:1090A00002209BF80820120402EB03621044C1EB7B
:1090B000C10202EB41121449541894F8231049BB21
:1090C00094F82610A1F10C020A2A2DD91739072984
:1090D00007D801EBC10202EB01120949895C0129A1
:1090E00022D013E0DE0300602C3504601C450460D0
:1090F000F00200601A4804603F030060A53005607C
:1091000026CB0260E5240560BECF0260012813D0A3
:1091100084F8247012F04EF8C4F81E0086F802900D
:10912000FA4880F800904AE0012802D084F82490A0
:10913000F0E784F82470EDE784F82490EAE7462D00
:109140003DD19BF80600142839D101254FF03D0987
:109150004FF03C0B04EB450000EB0A06B079717947
:1091600000EB012008EB4501A1F82B0071790BEB16
:10917000450009F04CFAB17909EB450009F047FACE
:109180006D1CEDB20A2DE5D904F059FF17E0619886
:10919000D0B16198022817D0002001A90AEB000283
:1091A00092790A54401CC0B20428F7D3042101A8C4
:1091B000FBF73BFD010A8DF808108DF80900D44833
:1091C000877163B0BDE8F08F1AF804008DF80000D5
:1091D0009BF801008DF8010098F804008DF802005A
:1091E00098F800008DF8030098F801008DF804004D
:1091F00098F802008DF8050098F803008DF8060035
:1092000007216846FBF711FD020A8DF807208DF84B
:10921000080061980028D2D19BF801001928CED10E
:1092200098F804009BF802108842C8D89BF80310F5
:109230008842C4D398F82600FBF76BFD98F82620E7
:1092400009216846FBF709FDB9E7B1488079002894
:1092500002D1B049FCF738BE7047AD48FF2181709C
:109260004170704770B50446AA4E7178122905D036
:10927000A74DEA8C921EFF2902D010E0012070BD9C
:10928000B07854280BD1F078452808D130794D2892
:1092900005D17079432802D1B0794F280DD0192912
:1092A0001CD0032945D0062943D0102941D00129DB
:1092B0003FD005293DD0002070BDD1B29548FBF7C5
:1092C000B4FCE98C3144891E4A78097842EA0121CC
:1092D000814201D1012070BD002070BD04218D4864
:1092E000FBF7A3FC7179327901EB0221814201D0B5
:1092F000002070BDB178F278914201D3134600E0AE
:109300000B4600D211469C4201D38C4201D9002069
:1093100070BD15F047FC142190FBF1F201FB120027
:10932000C1B2002001E0401CC0B28842FBD3012042
:1093300070BDD1B27748FBF778FCE98C3144891EC7
:109340004A78097842EA0121814201D1012070BDA9
:10935000002070BD70B5704E00256D4C96F8280049
:10936000022829D1204696F82310408D401C80B257
:10937000072914D00C2912D0082910D06749096890
:10938000012914D06585618D6548642911D9418A08
:10939000491C418265850020FBF70EFC0CE0614909
:1093A0000968012901D06585EDE76085EBE76085F7
:1093B000E9E7018A491C018296F82A00022811D1A6
:1093C00059480068012809D0A585A08D642809D9CD
:1093D000A585BDE870400220FBF7EEBBA08D401CC8
:1093E000A085F2E770BD08B519200090DFF83CA118
:1093F00001208AF846000024DFF818B1464FDFF854
:109400003081434D4FF000090098E2F78CFE44484C
:10941000B0F86010A1F5A850B33803D145480068F2
:10942000E2F72EFF44490A200870BAF81400401CE5
:10943000AAF81400FFF78EFF97F82800022807D03B
:1094400097F82900022803D097F82A0002287BD138
:1094500097F82660022E09D14FF4FA7237492D4849
:1094600015F0B2FB2879A874E88BE8844EB94FF464
:10947000FA723349274815F0A7FB287CA874688C3A
:10948000E884012E09D14FF4FA722E49214815F0D3
:109490009BFB687CA874A88CE884A87C02280ED06A
:1094A000641CE4B2642C03D900243046FBF784FB2F
:1094B00085F8129097F82A00022857D05FE09BF8B1
:1094C00003009BF8021000EB0120C0B2FFF7CAFEB8
:1094D000D8B39BF800003979884201D0FF283DD1EC
:1094E00097F82600FBF715FC9BF80100FF2808D130
:1094F00097F826000022A030C3B211460548F2F7C3
:1095000082FCFFF7AAFEFFF7A0FE27E0DE03006063
:109510005C03006044680460526304608801224276
:1095200020720460A0812242AC0123422C6D0460B1
:10953000DF03006024040060E70300604C61046006
:109540005C6404605066046026E0FFE797F826003C
:10955000FE4A32F81010491C22F8101097F8260025
:10956000FBF72AFB85F812900024A3E7287D30B191
:10957000401EC0B2287510B90220FBF71DFB97F8FA
:109580002800022808D1E87C30B1401EC0B2E8743F
:1095900010B90020FBF710FB287F401CC0B22877D1
:1095A0000A287FF631AF85F81C9097F82800072825
:1095B00000D080B90021286EE3F7E8FC012807D12C
:1095C00098F8000008B1022802D10020FBF7F4FA55
:1095D000286EE3F726FC97F82900072800D080B909
:1095E0000021A86EE3F7D2FC012807D198F800000B
:1095F00008B1022802D10120FBF7DEFAA86EE3F7DA
:1096000010FC97F82A00072802D000287FF4FCAE4F
:109610000021686EE3F7BAFC012807D198F8000032
:1096200008B1022802D10220FBF7C6FA686EE3F700
:10963000F8FBE9E61CB50446FBF786FAC4490023AB
:10964000CDE900414FF48062C2A1AFF26520E2F79C
:10965000F4FB1CBD70B5BE4C0120583C2085C14EAA
:1096600096F82800022800D010B90020FBF7A4FAD1
:1096700096F82900022800D010B90120FBF79CFAC7
:1096800096F82A00022800D010B90220FBF794FABD
:109690000025A4F8465025746584A4F848506574E4
:1096A000A584E584A574A5872571E583A849FA20DA
:1096B0001A310880488088800020E3F7A0FB2066EC
:1096C0000020E3F79CFBA0660020E3F798FB6066B0
:1096D0000020E3F794FBE065A57196F828000228C6
:1096E0000CD001280AD0092808D096F82A000228B0
:1096F00016D0012814D0092812D020E096F82300B3
:1097000003280AD0042808D0072806D00C2804D043
:10971000082802D09448056011E0944805600EE0E6
:1097200096F82300924903280ED004280CD007286D
:109730000AD00C2808D00A2809D0C1F8AC5103205F
:10974000E0752075E07470BDC1F8AC51F7E7894849
:109750000560F4E77E4A583A51784140864893784C
:10976000405C584050708548405C907070470120C4
:1097700070477C4991F82A00092809D0012807D0B0
:1097800091F82800092805D0012803D0FF20704750
:10979000022070470020704770B50546022925D881
:1097A0000BD1774C4FF040012046E0F76AFC294688
:1097B0002046BDE87040E0F7FCBB61B1012915D13E
:1097C000704C40212046E0F75CFC29462046BDE86D
:1097D0007040E0F7EEBB6C4C40212046E0F751FCB6
:1097E00029462046BDE87040E0F7E3BB70BD2DE997
:1097F000F04104461546564E583EA6F84410022D38
:109800003BD8DFF8608100278DB9A6F8467008F5CF
:10981000857015F0F2F998F8230003280AD004287F
:1098200008D0072806D0082804D04F480460022D2D
:1098300003D015E04D480460F9E7B787B6F8441047
:10984000524815F0DAF998F823004949032811D055
:1098500004280FD007280DD00C280BD0C1F8AC413C
:10986000012D0AD14436B7803188BDE8F04148481F
:1098700015F0C3B9C1F8AC41F2E7BDE8F0812DE9BC
:10988000F04180460C46022C01D90020F5E7002566
:109890002F4F583F32E06CB9B7F84660B7F8440034
:1098A000864207D33B49324601F2DC5015F08CF971
:1098B0003046E2E7022C0CD1BE8FB7F84400864256
:1098C00007D33249324601F6EC0015F07DF93046F7
:1098D000D3E7012C0DD1B7F84860B7F844008642B1
:1098E00007D32B49324601F57A7015F06DF93046F1
:1098F000C3E70220E2F717FC6D1CADB24545CAD3A1
:109900000020BAE72DE9F041DFF8788040F22551D8
:109910004046E0F7B9FB0E4C01260025583C0128D3
:109920005DD040F2277739464046E0F7ADFB01288D
:109930007ED119484168491C4160A67517480670D8
:10994000228F501C20871648815C2BE02603006084
:10995000B40300606D61696E73657261696C7461F6
:10996000736B00005263046088012242A08122428E
:109970000000234280012142831304088314040859
:109980000048004000440040003801404C61046041
:10999000506604605C640460203504604F0400601D
:1099A000645D04604046E0F704FB218F608E8142D5
:1099B0003ED340214046E0F75DFB0028F9D040212E
:1099C0004046E0F75EFB002239464046E0F7A5FA44
:1099D00025876586BDE8F0410120FBF7EDB8FE481C
:1099E0004168491C4160FD480670B4F84800B0F574
:1099F000F97F0AD84046E0F7E0FAB4F848104A1C6C
:109A0000A4F84820F64A505401E0A4F84850F5A1C3
:109A1000F34815F0FDF8F44FA0B1DFF8D08398F8C3
:109A2000000078B9A4F8485097F82900072800E00A
:109A300014E005D0072187F829101E2008F0E7FD63
:109A400088F8006097F82900072801D0002805D180
:109A5000B4F84800012801D97420A0720DE72DE95F
:109A6000F05FE1480026012490F82600DA4FDFF885
:109A70008083FA254FF010094FF00C0A4FF0080BC5
:109A800040F2255100283FD001286FD002286ED126
:109A9000D848E0F7F9FA01286AD0DFF8589340F285
:109AA000277739464846E0F7EFFA01285FD1D8F822
:109AB0000800401CC8F80800CF4D6C71CF480470F6
:109AC0006A8F501C6887CE48815C4846E0F771FA7F
:109AD00010F049FA698FA88E814248D34021484648
:109AE000E0F7C8FA0028F9D040214846E0F7C9FA63
:109AF000002239464846E0F710FA6E87AE86BDE888
:109B0000F05F0220FBF758B840F22551BD48E0F75E
:109B1000BBFA01282DD0DFF8EC9240F227773946C6
:109B20004846E0F7B1FA01286AD1B34D6C75B648E2
:109B30000470D8F80000401CC8F80000E98E481CEA
:109B4000E886B248415C4846E0F733FA10F00BFA79
:109B5000E88E298E884253D3002442F210784021A7
:109B60004846E0F787FA002877D0A5E0B0E047E064
:109B700062E1A74804703868401C3860DFF87882DA
:109B800008F17208B8F8000008B9A8F80050B8F851
:109B900000104FF4FA70814201D9A8F80000964FE6
:109BA000B8F800009B4CB7F84610884212D9202123
:109BB0009448E0F766FA40F225519248E0F783FABC
:109BC0009048E0F7FAF9B7F846104A1CA7F8462083
:109BD000605402E00020FAF7EFFFB7F846000128D2
:109BE00010D0032814D004281CD0072828D00E2811
:109BF00041D0798C884203D302203874A7F846609C
:109C0000BDE8F09F7D84A8F80050F87DF874F7E770
:109C10006078192801D106217984FF28F0D1A7F8AE
:109C20002290EDE7E078A17800EB01200A28E7D147
:109C300060780628E4D1A7F822A0F87DF874DFE761
:109C4000607803280AD0062808D0012806D0052805
:109C500004D0102805D07D84D2E727E0A7F822B0F1
:109C6000CEE76179092000EB410078846A48807969
:109C70000830F874C4E76078FF28C1D1607A64289E
:109C800002D2A7F82290BBE7607B217B00F00100A5
:109C900001EB0021E07AA27A801A401C4843103080
:109CA0007884A8F800006420F874A9E72246641CB0
:109CB000A4B24245FFF453AF002239464846E0F7CC
:109CC0002CF9EE862E86BDE8F05F0020FAF774BF0F
:109CD000DFF848910D464846E0F7D6F901281ED036
:109CE00040F2277529464846E0F7CEF9012887D18A
:109CF000D8F80400401CC8F804003F4FBC75484821
:109D00000470398F481C38874648415C4846E0F764
:109D100050F9388F798E884291D3002448E07868D2
:109D2000401C78602D480470334C2D4EB4F8480028
:109D3000B0F5F97F11D820214846E0F7A2F929466D
:109D40004846E0F7C0F94846E0F737F9B4F848105C
:109D50004A1CA4F84820705402E00120FAF72CFFB6
:109D6000B4F84800012809D004280AD0072814D0E4
:109D7000A18C884287D30220607441E7A4F824B004
:109D80003EE7F078B17800EB01200A288DD1707899
:109D900006288AD1A4F824A032E77078102884D14C
:109DA0007179092000EB4100A08429E7641CA4B26A
:109DB00040214846E0F75EF90028F7D01A48A0F89D
:109DC000564040214846E0F75CF9002229464846C3
:109DD000E0F7A3F83E8729E0143504604E040060E4
:109DE000506604607A6900005263046001030060F9
:109DF00020350460004800405C03006051040060AE
:109E0000585F0460003801404D040060705B0460DE
:109E10004C0400605C6404604468046000440040DA
:109E20004F040060645D0460207204607E86BDE8BB
:109E3000F05F0120FAF7C0BEB868401CB860FE4869
:109E40000470DFF8F883B8F8040008B9A8F80450E3
:109E5000B8F804104FF4FA70814201D9A8F8040050
:109E6000F64FB8F80400723FF54CB98F884207D915
:109E7000F448E0F7A2F8B98F4A1CBA87605402E0B0
:109E80000220FAF799FE2021EF48E0F7FAF840F2B5
:109E90002551ED48E0F717F9B88F01280FD00328B6
:109EA00013D004281BD0072827D00E283DD0F98BCB
:109EB00088427FF4ACAE02203871BE87A0E6FD83F5
:109EC000F87D3875A8F804509AE66078192801D111
:109ED0000621F983FF28F1D10E20F88390E6E0787F
:109EE000A17800EB01200A28E8D160780628E5D1A6
:109EF000A7F81EA0F87D387582E66078032809D09F
:109F0000062807D0012805D0052803D0102804D042
:109F1000FD8375E6A7F81EB072E6A0790930F883D4
:109F2000CA488079083038756AE66078FF28C5D15C
:109F3000607A642802D2A7F81E9061E6617B207BDC
:109F400001F0010100EB0121E07AA27A801A401CA5
:109F500048431030F883A8F80400BD490A88521C11
:109F60000A804880642038754AE62DE9F05FB34ED8
:109F7000DFF8DC920027B74CDFF8DC820125723E67
:109F800040F2255AA9F1460940F2277B02280CD05D
:109F9000002855D10FF0E7FF5146DFF8ACA250463C
:109FA000E0F772F801284CD057E00FF0DCFF514683
:109FB000DFF890A25046E0F767F801280BD19E48E1
:109FC00005705046DFF7F9FFC1B2A4480FF03AFC24
:109FD000A068401CA06059465046E0F755F801289B
:109FE0002ED10FF0C0FF708F411C71879C49095C16
:109FF0005046DFF7DEFF708FB18E884218D34021C4
:10A000005046E0F737F80028F9D0B9F85C00401C5A
:10A01000A9F85C0040215046E0F733F80022594689
:10A020005046DFF77AFF7787B7860220FAF7C4FD3C
:10A0300075718C480570D8F80800401CC8F80800F5
:10A04000DEE5894805702068401C20605046DFF737
:10A05000B4FFC1B281480FF0F5FB59465046E0F716
:10A0600013F80128ECD10FF07EFFF08E411CF18631
:10A070007E49095C5046DFF79CFFF08E318E8842A6
:10A0800019D3002401E0641CA4B240215046DFF73C
:10A09000F1FF0028F7D0A9F8544040215046DFF7DF
:10A0A000F0FF002259465046DFF737FFF786378624
:10A0B0000020FAF781FD75756D480570D8F800002D
:10A0C000401CC8F800009BE52DE9F05F694F5B4D2F
:10A0D000DFF87CB197F824005E4CDFF87CA1DFF854
:10A0E00098810126723D4FF0000940F22551ABF1F5
:10A0F000460B002807D002287ED15248DFF7C4FF64
:10A1000001287AD02FE15048DFF7BEFF012819D08F
:10A11000DFF8348140F2277739464046DFF7B4FF55
:10A12000012869D1E88E411CE9865049095C404606
:10A13000DFF73FFF0FF017FFE88E298E884279D3B3
:10A14000002468E0484806702068401C2060B5F88C
:10A1500046004A4CB0F5F97F09D83B48DFF72DFFA0
:10A16000B5F846104A1CA5F84620605402E00020CD
:10A17000FAF722FD217855291AD16078FF2817D1E6
:10A18000A078012814D1607990B9A07980B998F8A5
:10A19000000068B188F8006097F82800072802D10D
:10A1A000092087F82800364A286D1060354A10606B
:10A1B00097F84E0000281FD1B5F84600062804D1B4
:10A1C000FF2902D16178192907D0082814D16178B4
:10A1D000032911D1E17900290ED0801EC1B2274890
:10A1E000FAF723FDB5F846102144891E4A7809780C
:10A1F00002EB0121814201E058E058E056D10220F3
:10A2000087F82800F7F728FFBDE8F05F0020FAF78D
:10A21000D3BC641CA4B240214046DFF72BFF0028CA
:10A22000F7D0ABF8524040214046DFF72AFF00222A
:10A23000394629E032E0000050040060CE0300609F
:10A240004C610460004800400038014044680460EC
:10A250006672046014350460203504607020056067
:10A26000585F0460510400604C040060705B04603F
:10A270004D04006052630460EC0300605C640460A1
:10A28000380400603C0400604046DFF746FEA5F855
:10A290003690A5F830900020FAF78EFC6E75A34832
:10A2A0000670DAF80000401CCAF80000A8E4A048D4
:10A2B0000670A068401CA060A88F9E4CB0F5FA7F85
:10A2C00007D29D48DFF779FEA98F4A1CAA87605400
:10A2D00002E00220FAF770FC97F84E0028BBA88F26
:10A2E000062805D12178FF2902D16178192906D0E5
:10A2F00008281AD16178032917D1E179A9B1801E04
:10A30000C1B28C48FAF791FCA98F2144891E4A7882
:10A31000097802EB0121814207D1022087F82A0047
:10A32000F7F79AFE0220FAF747FC207855281AD151
:10A330006078FF2817D1A078012814D1607990B9EE
:10A34000A07980B998F8000068B188F8006097F8A3
:10A350002A00072802D1092087F82A007749286DAA
:10A36000086077490860744F40F2277421463846E8
:10A37000DFF78AFE012899D1688F411C69877149EE
:10A38000095C3846DFF715FE0FF0EDFD688FA98EEA
:10A3900088421AD340213846DFF76CFE0028F9D0F6
:10A3A000BBF85000401CABF8500040213846DFF7A6
:10A3B00068FE002221463846DFF7AFFDA5F83A9047
:10A3C000A5F834900220FAF7F7FB6E715E4806702C
:10A3D000DAF80800401CCAF8080011E45B490222C0
:10A3E00091F82A00022806D0012808D0092806D0B2
:10A3F00081F8242068E681F82620FFF730BB022090
:10A40000B3E5524991F82900072809D040B108283E
:10A4100006D0022806D1012081F82600FFF71FBBD5
:10A42000FFF770BA70474949002291F828000228C6
:10A4300006D0012808D0092806D081F8242043E658
:10A4400081F82620FFF70BBB00208EE54048807B7B
:10A450007047704770B53D4890F82300012801D03F
:10A4600005285ED1394C3A4D123C2088B0F5165F74
:10A4700001D105206873012008F029F9687B0528BF
:10A480004FD1A07801284CD1E1780A2903D20122CA
:10A49000201DFAF7E2FB2079522842D101220D213A
:10A4A0000020FFF7A4F901216420FFF7E8F910F07C
:10A4B000FF0F36D02749C87A0D2832D1087B0A28E9
:10A4C0002FD1087877282CD148786E2829D1887820
:10A4D000214A30385043CA7840F63543303A5A431F
:10A4E00000EB4212087940F271233038584302EBF6
:10A4F00000124879303800EB4003C3EBC01002EB88
:10A50000C002C879303800EBC00303EB001002EB47
:10A510008002087A303800EB800002EB4000C4F87B
:10A520000E0070BD094890F8230070474D0400608C
:10A53000500400604C610460004800403804006032
:10A540003C040060585F0460510400605263046082
:10A550005C030060386A046040420F0070B5FE4C36
:10A560000026A078012805D1A670A08B0A2801D268
:10A570000A20A083A078F94D02280BD10120F4F71E
:10A580001FF9A670B5F84C00401CA5F84C00F4F774
:10A59000BBFBA683A08B00280CD0401E80B2A083FA
:10A5A000002807D135F84E0F401C2880BDE87040C8
:10A5B000F4F7AABB70BD2DE9F04F8DB06721E848D4
:10A5C00014F01BFB0024DFF898A320460AEB0401DB
:10A5D00008F00EF8641CE4B2042CF6D300240DF14C
:10A5E000040909EB040104F1A30008F001F8641C5C
:10A5F000E4B2042CF5D39DF804009DF805109DF8F5
:10A60000072000EB01209DF80610090401EB026110
:10A610000844D4490860421C02D0B0F5800F0ED324
:10A620009AF800009AF801209AF8033000EB022013
:10A630009AF80220120402EB0362104408600AF147
:10A640000701082007F0D4FF002409EB040104F1FE
:10A65000A70007F0CDFF641CE4B2042CF5D30AF187
:10A660000401062007F0C4FF9AF804000126FF2821
:10A6700000D028B931468AF80460062007F0C7FFE9
:10A68000B9499AF804000870B5492020273107F02D
:10A69000AFFF9AF827000025012801D98AF8275032
:10A6A000B249212007F0A4FFB0480178012904D95C
:10A6B00005700021212007F0AAFFA9492E200E31A4
:10A6C00007F096FF9AF80E00022805D38AF80E507C
:10A6D00000212E2007F09BFF9F4926200A3107F01A
:10A6E00087FF9F490E20233107F082FF9AF823004D
:10A6F0000E2801D98AF823609D4864210180C82171
:10A7000041804FF4967181804FF4C871C1804FF43D
:10A71000FA7101814FF4167141814FF42F718181DB
:10A720004FF44871C1814FF4617101824FF47A7125
:10A7300041828B490F200A3107F05AFF9AF80A002C
:10A7400006274FF00508312811D39AF82300012875
:10A7500004D0022805D0042806D008E08AF8238017
:10A7600005E08AF8237002E007208AF823009AF8AF
:10A7700023008049804A012875D0052873D004231E
:10A78000022874D0062872D0032873D00A2868D013
:10A79000002867D004287DD007287BD00C287AD0E9
:10A7A000092879D00B2878D00E2877D015700D7035
:10A7B0009AF80E0018B1012801D08AF80E50002432
:10A7C0000AEB040B0BF10F0104F12F0007F010FF4F
:10A7D0000BF1190104F1330007F00AFF0BF11D0121
:10A7E00004F1370007F004FF641CE4B2042CE7D343
:10A7F00000240AEB0401133104F1280007F0F8FEED
:10A80000641CE4B2062CF4D39AF8130010B30024AD
:10A810009AF81810282007F0FAFE9AF81710292045
:10A8200007F0F5FE9AF816102A2007F0F0FE9AF8C5
:10A8300015102B2007F0EBFE9AF814102C2007F0CF
:10A84000E6FE9AF813102D2007F0E1FE641CE4B236
:10A85000062CDDD39AF80F0080B358E003E006E041
:10A8600008E023E026E00C2008701070A0E70F70CD
:10A8700013709DE70B7002201070404B93F8D700C7
:10A8800068B10320107093F8040158B11078401C8F
:10A8900010708DE713E016E019E01CE01FE081F86E
:10A8A0000080F0E70878401C087081E70E700220F5
:10A8B00010707DE70A200870157079E713E0082012
:10A8C0000870177074E70F7082F8008070E781F8E5
:10A8D000008013706CE781F80080137068E7072030
:10A8E0000870137064E79AF8100080B99AF81100A4
:10A8F00068B99AF8120050B9C0208AF80F00A82051
:10A900008AF810008AF8115003208AF812009AF889
:10A910002A00012807D0092805D09AF82800012824
:10A9200001D0092801D11648067001A93D2007F081
:10A930005FFE09F101013C2007F05AFE9DF804007A
:10A940009DF8051000EB012080B2AAF821004FF617
:10A95000FF7B584517D015E0DC03006020720460CF
:10A960005263046088020060A10200606B04006012
:10A97000926D04609D0200609E020060A53005603B
:10A98000E407006060B94FF4FB71AAF821103D2084
:10A9900007F03DFEBAF82100010A3C2007F037FE1F
:10A9A00001A9C82007F024FE09F10101C92007F020
:10A9B0001FFE8AF85250FE49BF2007F019FEFC49DD
:10A9C000C020891C07F014FE9AF85100022805D90E
:10A9D0008AF851500021BF2007F019FE9AF8530061
:10A9E000022805D98AF853500021C02007F00FFE35
:10A9F0008AF85550EE49C420C91C07F0F9FDEC490E
:10AA0000C520491D07F0F4FD9AF85400022805D925
:10AA10008AF854500021C42007F0F9FD9AF8560036
:10AA2000022805D98AF856500021C52007F0EFFD0D
:10AA30009DF804009DF8051000EB012080B2AAF8F3
:10AA40004900584502D008B1FF280CD14BF6C0216F
:10AA5000AAF84910C82007F0DAFDBAF84900010A3F
:10AA6000C92007F0D4FDD249C720083107F0C0FD46
:10AA70009AF85900FF2801D18AF85950CC491D2075
:10AA8000293907F0B5FD9AF8280068B102280BD0E3
:10AA9000072809D0012807D0092805D08AF82850AE
:10AAA00000211D2007F0B3FDC1491E20283907F001
:10AAB0009FFD9AF8290058B1022809D0072807D02D
:10AAC000082805D08AF8295000211E2007F09FFD94
:10AAD000B7491F20273907F08BFD9AF82A0068B183
:10AAE00002280BD0072809D0012807D0092805D053
:10AAF0008AF82A5000211F2007F089FDAC49222046
:10AB0000103907F075FD9AF84100FF2801D18AF845
:10AB100041809AF8230020B19AF82810FF2938D0F4
:10AB20003AE08AF829509AF8280048B1022807D05C
:10AB3000012805D08AF8285000211F2007F067FD62
:10AB40009AF82A0068B102280BD0072809D00128FA
:10AB500007D0092805D08AF82A5000211F2007F0C5
:10AB600056FD94480770944805709449532007F0A7
:10AB70003FFD92480178FF2904D1394607705320E0
:10AB800007F045FD002007F0A2FD022007F09FFD21
:10AB90001FE002218AF828109AF82910FF2901D114
:10ABA0008AF829509AF82A10FF2902D107218AF839
:10ABB0002A109AF82910072901D1814A1570052811
:10ABC00001D0062805D17F4807292CD059B3C0F8F9
:10ABD0008C510020AAF82B0000240DF1040A3E201D
:10ABE0000AEB440500EB44082946404607F000FD07
:10ABF0003F2000EB4409691C484607F0F9FC6878DF
:10AC00001AF814106A4A00EB012081B2513A601C14
:10AC100002EB40058246A5F82B10A1F57F40FF38D6
:10AC200004D019B113E0C0F88C61D2E7DFF898B115
:10AC30003BF81400010A404607F0E9FC1BF8141029
:10AC4000484607F0E4FC3BF81400A5F82B000AF096
:10AC5000FF04092CC1D903F0F2F955499A200D39A6
:10AC600007F0C6FC52499B200C3907F0C1FC504C40
:10AC70000025513C84F8465004F147010A2007F0B2
:10AC8000B7FC94F84700FF2805D184F847600121FC
:10AC90000A2007F0BCFC4D49042007F0A9FC4B48F2
:10ACA0000178032904D903210170042007F0AFFCC7
:10ACB00001A91B2007F09CFC0DF104090DF1050111
:10ACC0001C2007F095FC9DF804009DF8051000EB92
:10ACD00001203F4980B208804FF6FF7B584509D1DB
:10ACE0000A2008800A211B2007F091FC00211C206B
:10ACF00007F08DFC3149532007F07AFC2F4801788A
:10AD0000FF2904D139460770532007F080FC2949F8
:10AD1000092007F06DFC27480178FF2904D1394646
:10AD20000770092007F073FC2349522007F060FCEC
:10AD300021480178FF2904D139460770522007F0D5
:10AD400066FC012007F0C3FC022007F0C0FC0020D5
:10AD500007F0BDFC1648513890F823000A2807D1A7
:10AD6000012007F0B4FC12490820513981F829006C
:10AD7000002409EB0401884604F1B30018310746AA
:10AD800007F036FC98F81800FF2805D10021384656
:10AD900007F03DFC88F81850641CE4B20C2CE8D392
:10ADA0000024DFF830A0542000EB440701A913E091
:10ADB000A363046068030060690300606A030060C5
:10ADC000FC02006000002242926D04609401006069
:10ADD0009C010060DCCF0160384607F009FC55207B
:10ADE00000EB440809F10101404607F001FC9DF821
:10ADF00005009DF8041000EB012058450AD14AF8DF
:10AE000034503846002107F002FC4046002107F08C
:10AE1000FEFB01E04AF8340009EB04015AF8340063
:10AE2000097E01F00F0100EB01404AF83400641C78
:10AE3000E4B20C2CB7D300243746CB466C2000EB91
:10AE4000440801A9404607F0D3FB6D2000EB4409FC
:10AE50000BF10101484607F0CBFB9DF805009DF87A
:10AE6000041007EB440600EB01204AF82600A0F589
:10AE70007F41FF3908D14AF82650404607F0C7FB0A
:10AE80004846002107F0C3FB0BEB04015AF82600EB
:10AE9000097E090900EB01404AF82600641CE4B26F
:10AEA0000C2CCBD301A90D2007F0A2FB0BF1010163
:10AEB0000C2007F09DFB9DF805009DF804104FF64F
:10AEC000FF7600EB0120B0420DD1FF4C4FF44871EA
:10AED00021800D2007F09BFBB4F90000C0F30F2187
:10AEE0000C2007F094FBF949192007F081FBF74883
:10AEF0000178012904D905700021192007F087FB8A
:10AF0000F349072007F074FBDFF8C483A8F1480871
:10AF100098F84800FF2805D188F8487001210720DB
:10AF200007F075FB98F84800052802D9022088F838
:10AF30004800E8499C2007F05BFBE649087808B127
:10AF4000FF2809D198F8120008B1087000E00F70CE
:10AF500009789C2007F05BFB01A9E72007F048FB7C
:10AF60000BF10101E62007F043FB9DF804009DF87A
:10AF7000051000EB012080B2A8F8420058B9314614
:10AF8000A8F84260E72007F042FBB8F84200010A47
:10AF9000E62007F03CFB01A9162007F029FB0BF186
:10AFA0000101152007F024FB9DF804009DF8051011
:10AFB000C94C00EB012080B2208008B1B04209D119
:10AFC00039462780162007F022FB2088010A152029
:10AFD00007F01DFBC149172007F00AFBBF480178A5
:10AFE000FF2904D129460570172007F010FBB84946
:10AFF000D620C91D07F0FCFAB549CB20083107F06F
:10B00000F7FA98F85000FF2805D1294688F85050E3
:10B01000CB2007F0FCFA00240BEB040104F1AB0099
:10B0200007F0E6FA641CE4B2042CF5D39DF80400A2
:10B030009DF805109DF8072000EB01209DF80610F3
:10B04000090401EB02610844A549086001A9AF2089
:10B0500007F0CEFA0BF10101E12007F0C9FA9DF8E3
:10B0600004009DF8051000EB01209E49088001A90D
:10B07000B02007F0BDFA0BF10101B12007F0B8FADA
:10B080009DF804009DF8051000EB012080B2A8F89F
:10B090004B00B04200D060B940F2FF31A8F84B102D
:10B0A000B02007F0B4FAB8F84B00010AB12007F05D
:10B0B000AEFA01A9CC2007F09BFA0BF10101CD20DB
:10B0C00007F096FA9DF804009DF80510864C00EBF9
:10B0D000012080B22080B0420AD142F2107121805A
:10B0E000CC2007F094FA2088010ACD2007F08FFACF
:10B0F0007749B220891D07F07BFA98F84E00FF28A7
:10B1000005D1294688F84E50B22007F080FA7749D9
:10B110009D2007F06DFA754A1078FF2801D00128AC
:10B1200004D8FE2111709D2007F071FA7049D120DA
:10B1300007F05EFA6E4C20785538102836D801A9F1
:10B14000D22007F055FA0BF10101D32007F050FA95
:10B150000BF10201D42007F04BFA0BF10301D520CB
:10B1600007F046FA9DF804009DF805109DF80720A9
:10B1700000EB01209DF80610090401EB0261084470
:10B18000C4F80100B04211D1C4F801500021D2200E
:10B1900007F03DFA0021D32007F039FA0021D4202E
:10B1A00007F035FA0021D52007F031FA5149142073
:10B1B00007F01EFA01A9122007F01AFA0BF101019B
:10B1C000132007F015FA9DF804009DF8051000EB18
:10B1D000C00202EB001001EB8001A1F5C850083855
:10B1E00007D04021122007F012FA0821132007F09F
:10B1F0000EFA3749E2201A3107F0FAF998F862009E
:10B20000FF2800D010B9032088F862003049E320FD
:10B210001B3107F0EDF998F86300FF2800D010B952
:10B220000E2088F863002A49E4201C3107F0E0F979
:10B2300098F86400FF2802D098F8620010B90B203B
:10B2400088F864002249E5201D3107F0D1F998F80B
:10B250006500FF2800D010B9072088F86500E5F7E1
:10B260003BFE01A9182007F0C3F9234C9DF8040008
:10B27000608001A9E82007F0BBF99DF80400208058
:10B280000DB0BDE8F08F2DE9F0414FF4FB713D208A
:10B2900007F0BDF901213C2007F0B9F90121062092
:10B2A00007F0B5F90121202007F0B1F90021BF20F6
:10B2B00007F0ADF90021C02007F0A9F90021C42052
:10B2C00007F0A5F9002119E09A030060650300600A
:10B2D0009A630460670200609C030060670300607B
:10B2E0008C020060B60100608A03006066020060A4
:10B2F000C80300606802006080720460C52007F027
:10B3000086F90021E92007F082F900219A2007F050
:10B310007EF900219B2007F07AF900245425552658
:10B320006C274FF06D08002104F1B30007F06FF9AE
:10B3300005EB4400002107F06AF906EB4400002108
:10B3400007F065F907EB4400002107F060F908EB0E
:10B350004400002107F05BF9641CE4B20C2CE2D33A
:10B360000021222007F053F9FE219D2007F04FF91C
:10B370000021C72007F04BF9F2F76CFD72B6DFF73A
:10B38000D5FB0024F94D05EBC420DFF7FDFB641C61
:10B39000E4B2402CF7D3DFF7CFFB62B60020F44ACB
:10B3A00001211154401CC0B21A28FAD3F1480222DC
:10B3B00082708175BDE8F08110B5EF4908200AF070
:10B3C0005AFCEE4900200AF056FCED480AF050FC09
:10B3D000EC490C200AF046FCEB490E200AF042FC36
:10B3E000EA490F200AF03EFCBDE81040E849102071
:10B3F0000AF038BC10B5E7480146027848788978E9
:10B40000002A01D100B921B3FF2A03D1FF2801D1BD
:10B41000FF291ED0DF48E7F799FF0CF0DBFFFFF7AD
:10B42000CBFFDD4800680CF0DCFF0AF0D6F94FF0E6
:10B43000FF30E8F77DFFD94908200870D84904207B
:10B440000870E8F7C1F9E8F7EAF9BDE81040E8F755
:10B4500011BAD44C94F82300012806D0052804D052
:10B46000022806D0062804D006E0CFA0E7F76EFF3A
:10B4700002E0CFA0E7F76AFF94F82300032801D089
:10B48000072802D1CCA0E7F761FF94F82300082831
:10B49000C3D1CBA0E7F75AFFBFE7B6490120C88365
:10B4A000704786B0DFF82083012788F843700020BA
:10B4B0000DF01CFCDFF81493002489F80040B94D0E
:10B4C000C34E95F82A00012808D0092806D095F81F
:10B4D0002800012807D0092805D008E002200EF036
:10B4E0001FFD377003E000200EF01AFD3770A14EEB
:10B4F000F48395F82A00092803D095F82800092834
:10B5000001D1B4480770B4480470B4480470694667
:10B51000E92007F06DF89DF80000FF280DD0010626
:10B5200012D577737F38C0EB00104FF6FF7101EA38
:10B5300080007084E8F74CFC08E00021E92007F067
:10B5400066F87473748401E0747374840520B073B6
:10B55000F473801FB06534743466DFF884B29A489F
:10B56000C189491CC1814FF0070886F80B80DFF8BC
:10B5700074A2F06DDAF80010091AB1F5167F0AD935
:10B58000012808D13474747374840021E92007F011
:10B590003EF8E8F74BFC307C00287BD0814D95F8D5
:10B5A000280009280DD001280BD095F82A00092879
:10B5B00007D0012805D0F08B401CF0830520E2F76E
:10B5C00084F8307C012865D1DAF80000F16D401A6A
:10B5D0001E2809D903203074747374840021E92073
:10B5E00007F015F8E8F722FC95F82800092807D09D
:10B5F000012805D095F82A10092901D0012911D177
:10B60000B16D00290EDDF18B4FF49672B1FBF2F3B0
:10B6100002FB131131B9F773DAF8001031664FF0FD
:10B62000FF31B165B16D491C34D1092813D001280F
:10B6300011D095F82A1009290DD001290BD00A2123
:10B64000DAF80020336ED21A8A4223D995F82A10EC
:10B65000092902D006E00521F2E785F82A8062492F
:10B6600081F82880092804D185F828805E4880F870
:10B670002680F7F763FE4FF47A752846E2F725F83F
:10B68000F7F75CFE2846E2F720F8F7F757FE346636
:10B6900002203074434D95F82800092810D0012865
:10B6A0000ED095F82A0009280AD0012808D0307C4D
:10B6B00000287FF454AF41F28830E2F706F84EE7F5
:10B6C0000520E0F730FDF08B42F6E061B0FBF1F2CF
:10B6D00001FB120169B195F82310491F032907D80E
:10B6E00095F82A10092917D095F82810092913D0A0
:10B6F0000EE195F82300401F03280BD895F82A0087
:10B70000092803D095F82800092803D1307C08B90E
:10B7100030480770F483FBE0C821B0FBF1F201FB75
:10B720001200002821D1307C00281ED1DFF8A8802B
:10B7300098F8000001285DD099F80000C0EBC00126
:10B740002A4800EB8100817E491CC9B281760A2912
:10B7500001D98476C472264899F800100078814295
:10B7600069D2491C89F8001067E0A4E000000608CF
:10B7700044CC0360DC030060FD9C0308E5980308EB
:10B78000CD9E0308159C03084BAC0308459D030898
:10B790001DAF03084495036088020060EC07006059
:10B7A000EA0700605263046054332D4242000000F7
:10B7B00054332D4C4200000054332D5442000000FD
:10B7C00054332D4E420000002C6D0460460300608F
:10B7D000E4070060E50700604D0300605702006069
:10B7E0006D020060AC0300607ABF0260D8A2036003
:10B7F0006B02006099F80000DFF800A4C0EBC00005
:10B800000AEB80000023C17880786A46F2F76FFD6A
:10B81000401C07D09DF8001005202B225143F84A08
:10B820001144C87499F80000C0EBC0000AEB800016
:10B830008476C7728FE789F8004099F8001081423A
:10B840003AD170799BF8001088422BD22B21DFF877
:10B85000B0A3414351448A7CC2B9D1F80520AAB9AA
:10B860004A7D521C4A7588F80040E8F73AFCE549E1
:10B870007079087002E0C820E1F727FF98F800000F
:10B8800020B928466D1CEDB21428F4D370792B2111
:10B8900000FB01A0417D052904D90168C0F805100D
:10B8A000447584727079401CC0B270719BF80010AE
:10B8B00088422DD974712BE000B395F82A0009282D
:10B8C00003D095F82800092822D188F80040CB4DF4
:10B8D000C1EBC10005EB80000094CB4A037DB0F8BA
:10B8E0001710407D1278EFF796FF002807DB99F8D4
:10B8F0000010C1EBC10105EB8101487608E099F821
:10B900000000C0EBC00005EB8000817E491C817601
:10B91000F08B401CF083707B00287FF4D0AE0023B6
:10B920004FF41672B94901A800940CF02CFD0246A0
:10B93000002A3FF4C4AE0023B44901A80EF03BF83E
:10B940000DE62DE9F04F89B0B14E0025708BB0F5B2
:10B95000616F75D2401C7083DFF8B8B2AE48AB4C53
:10B9600031789BF800200378203C0DF10C094FF052
:10B97000010A4FF015084FF6FF77914202D1717816
:10B9800099421FD0A5A103A814F0F8FB0220207053
:10B9900029466570C4F802904A4684F806A084F8E7
:10B9A000078021816781CDE9008101230297F3F7A8
:10B9B0001AFF9BF8000030709748007870700120E3
:10B9C00009B05EE49249326D706A4B6D904202D1CB
:10B9D000B06A984218D07262B36294A103A814F0BE
:10B9E000CDFB0320207029466570C4F8029084F8CE
:10B9F00006A084F8078021816781CDE900810123B9
:10BA00004A460297F3F7EFFE06F00EFE8B4A8CA132
:10BA100003A814F0B3FB0420207029466570C4F815
:10BA200002904A4684F806A084F807802181678145
:10BA3000CDE9008101230297F3F7D5FE05E0FFE78A
:10BA4000F3F79DFEF4F747F875830020B8E7704CD4
:10BA50000027277067706762A76267836774A7749F
:10BA6000E762DFF8A8810125A8F17A0888F83D503F
:10BA7000A783A770DFF8CC91734EFA20E0F753FB51
:10BA8000B8F8000008B9DDF7F0F8B8F80200401C7B
:10BA9000A8F80200E572A07980071ED1E5F7A2FBA5
:10BAA00001F096FE99F82300012801D0052801D164
:10BAB000FFF747FFDFF799FDFEF750FDB6F85E0090
:10BAC000C8280AD1002061490D54401CC0B20F287B
:10BAD000FAD3F3F719F9A6F85E70A079401CA071AB
:10BAE000CBE730B45A4B4FF47A74186890FBF4F0FB
:10BAF000C0B2544A92F8661001F0FC0182F8661058
:10BB0000032802D8014382F86610586890FBF4F0CD
:10BB1000C0B292F8661001F0F30182F866100328B3
:10BB200003D841EA800082F86600986890FBF4F040
:10BB3000C0B292F8661001F0CF0182F866100328B7
:10BB400003D841EA001082F86600D86890FBF4F050
:10BB5000C0B292F8661001F03F0182F86610032827
:10BB600003D841EA801082F8660092F8661030BC73
:10BB7000EA2006F04CBD334890F82300092801D094
:10BB80000B280DD1334834A10A6802604A6842602C
:10BB9000097A01720421A0F8091031492C48086083
:10BBA000704770B50024194D00267A3D281990F889
:10BBB0003C1001290DD105EB44010A88CB8B9A4238
:10BBC00003D0CA8380F84B6003E010F84B1F491C78
:10BBD000017095F84B0014280BD985F84B60C821EB
:10BBE000E82006F014FD0A20E1F76FFD0849012066
:10BBF0008875641CE4B20F2CD8D370BDD8A2036042
:10BC0000D8B003604703006067020060A66D04605F
:10BC1000DC030060E8020060F302006044423A2066
:10BC20002575204F4E3A20257500000052583A25C0
:10BC30006C752054583A256C75000000A6E004602D
:10BC400025730000526304602072046044CC0360DA
:10BC5000447503609474036049434F4E0000000034
:10BC600014C703602DE9F041FE48FF49FF4E00680C
:10BC70000968401AB0F5616F04D3F08C401CF08461
:10BC8000E4F7A4FAFA4C0025FA4F616B206D4FF0EF
:10BC90003C08814202D06063657611E0217A491C3C
:10BCA000C9B221720A290BD348B1708C401C708430
:10BCB000E4F78CFAA7F80080607E401C607625725D
:10BCC000216B606D814202D02063657611E0617A5C
:10BCD000491CC9B2617264290BD348B1B08C401CB5
:10BCE000B084E4F773FAA7F80080607E401C6076A9
:10BCF00065723888A6F85600411E398009D2308C0A
:10BD0000401C3084E4F762FAA7F80080607E401C93
:10BD10006076607E052800D36576BDE8F0810EB5BB
:10BD2000D34D0024EC756C75AC75EC742C75DFF894
:10BD300048B34FF001088BF84A80EC702C712C84CA
:10BD4000CE4800680CF04DFBCA494FF416700880CD
:10BD5000FFF711FFDFF82893CA4F4FF00A0A4FF49C
:10BD60007A70E0F7E0F9BBF81C00401CABF81C004F
:10BD70000E20E872EAF754FBC34E3078012804D055
:10BD8000022807D003280AD00DE0002006F09FFC0F
:10BD9000347008E0012006F09AFC347003E00220C1
:10BDA00006F095FC3470B14A286D1082696D51829D
:10BDB000B64A904201D8914201D92C656C65F2F7E0
:10BDC00068FBEFF7A1F9FFF74DFFB7F84900E1F77E
:10BDD00072FDAF4E307958B9B078022808D170782A
:10BDE00030B9A0480068B0F5616F01D9F8F7EBFFF2
:10BDF000F8F76EFEF8F73FFEF7F7D2FDE8F72FF8F9
:10BE0000EAF723FBA349087808B1401E0870F2F74F
:10BE1000CDF997F8230001280DD005280BD0022872
:10BE200009D0062807D0042805D0072803D0032806
:10BE300001D0082829D1298CB1F5966F25D2964AD0
:10BE40001278012A21D1491C89B22984B1FBFAF266
:10BE50000AFB1211C9B9022801D0062806D1D9F867
:10BE60000000E0F70DFA0120DEF762FC03F0E0FFCE
:10BE700097F82300022801D0062806D10020DEF71B
:10BE800057FCD9F80000E0F73FFAEDF770FDA87D08
:10BE9000012805D1F2F794FCF2F736FFF8F786FF98
:10BEA000287B01280DD130787178CDE9010400910B
:10BEB000B378F2787179B079DFF7A0FBDFF795FB03
:10BEC0002C73F8F7BEFD97F84700022835D1E879C2
:10BED000401CE871E5F777FCE87C08BBE5F7E0FB80
:10BEE000052809D0287D052817D2E879B0FBFAF19A
:10BEF0000AFB110058B113E085F8138067483168D8
:10BF0000016071684160318901812C7508E0E5F7B5
:10BF100050FC287D401C287502E02C7585F81380A4
:10BF20005F48E9790088C0EB0010B1EB800F04D9BD
:10BF3000E5F73FFCEC71EC742C75E87801280CD126
:10BF40002879401CC0B22871052806D955480068D8
:10BF5000E0F7DAF90220E8702C71287E3C2802D242
:10BF6000401C287602E02C76E8F74BFE687D01281D
:10BF700002D1FFF788F96C75FFF713FEFEF7EEFAB2
:10BF8000EDE610B545F25550DCF766FE0520DCF70E
:10BF900066FE4FF47A60DCF765FEDCF766FEBDE80E
:10BFA0001040DCF767BE38B501210D20DCF77FFFBC
:10BFB00001213D48DCF700FE4FF4C044ADF80040DD
:10BFC00010208DF8030003208DF80200374D6946DC
:10BFD0002846DCF766FD21462846DCF7CEFD38BD55
:10BFE00008B501218020DCF762FF8020ADF8000059
:10BFF00003208DF8020010208DF8030069462C48BC
:10C00000DCF74FFD08BD2DE9FE4F16480024046003
:10C0100028490803DCF74AFAFFF7C5FF4FF4A06090
:10C02000DCF710FA01212020DCF741FF4820E1F77E
:10C0300019FB06F0DBFA00200C4921F81040401CE7
:10C0400080B23228F9D301F0A5FD4FF4E130E1F7D9
:10C050007FF92720DEF794FA174D0A4E552862D053
:10C0600000212BE0AC030060280100602072046016
:10C07000DC0300609E0300602C6D04608802006099
:10C0800060040060526304605F0300603F420F0081
:10C0900010180060570200608C04006070B70260E6
:10C0A0009C0100601803006000043000000801409B
:10C0B000001C014000800008B0030060DB2006F097
:10C0C000A6FA0021DC2006F0A2FA0021DD2006F00D
:10C0D0009EFA0021DE2006F09AFA2C60002127202B
:10C0E000DEF76FFACE49262006F082FACD490E20FF
:10C0F00006F07EFA96F82300CB4FDFF83083012557
:10C1000004283ED007283CD00C283AD0082838D044
:10C11000C8F88851FFF764FF96F82300022835D04D
:10C12000062833D036E002A9DB2006F061FA02AF20
:10C13000791CDC2006F05CFAB91CDD2006F058FA08
:10C14000F91CDE2006F054FAB6490F20193906F022
:10C150004FFA9DF808009DF809109DF80B2000EBA0
:10C1600001209DF80A10090401EB026108442860CF
:10C17000B17A422902D20A302860AFE7C01C286099
:10C18000ACE7C7F8A05102F05BFFC5E7C8F88451DF
:10C19000C7F88C41A6A013F0E1FFDFF793FA5A210C
:10C1A000A64812F02AFDF1F755FEFEF704FA96F8BC
:10C1B00023004FF6FF774FF01508012801D9052815
:10C1C00017D1F3F7DCFAF3F775FCF3F718FDCDE9B7
:10C1D0000084002101239AA208460297F3F703FB8B
:10C1E000CDE9008401239BA2002118460297F3F7B2
:10C1F000FAFA96F82310DFF86CA24FF4FA790129C5
:10C2000008D0052906D002290CD006290AD0032916
:10C2100010D021E0CAF89C41484606F0FEF9CAF861
:10C220009C5119E0CAF89C41484606F0F6F9CAF854
:10C230009C5111E0F079072807D3CAF89C41484681
:10C2400006F0EBF9CAF89C5106E0CAF89C51484642
:10C2500006F0E3F9CAF89C41F3F768FDF6F744F8F5
:10C26000F2F7FEFBF2F7E8FFF5F737FB40F2CF21DC
:10C270006420DEF71FFEDFF8F0A18AF8005003F01B
:10C28000D7FD9AF80000022806D096F8230001286E
:10C2900012D9052810D018E096F82300012801D9FA
:10C2A000052812D1CDE90084012370A200210320CA
:10C2B0000297F3F798FA08E0CDE9008401236FA212
:10C2C000002103200297F3F78EFA714890F80901D4
:10C2D000022801D0EEF747FDECF7DBFCF1F7ACFBF1
:10C2E000F1F7B7FBFDF7B6F96A48047001F065FA9B
:10C2F0000A2007F05DFA4A4802213230CDE90010E9
:10C300004FF4807A0023524663A1AFF6BD00DFF7F9
:10C3100094FDFFF76FF80C20FDF78CF996F82300D9
:10C32000012801D9052808D1CDE9008401235DA2A7
:10C33000002104200297F3F756FAF3F7CCFB3848B4
:10C3400000233630CDE9005040F6B8325AA15D489E
:10C35000DFF773FD96F8231001290CD005290AD0C8
:10C36000022908D0062906D0042908D0072906D0BA
:10C370000C2904D010E0072001F03AF90CE000F09D
:10C3800011FA274803214230CDE9001000234A4624
:10C390004DA15248DFF751FD514C0023CDE9005427
:10C3A0004FF400724FA15648DFF747FDCDE9005426
:10C3B0000023524653A15A48DFF73FFD0320F8F708
:10C3C00031FA17480B212E30CDE900104FF40064EC
:10C3D0000023224653A1AFF63570DFF72EFD10483B
:10C3E00008213A30CDE900100023224652A15748D7
:10C3F000DFF723FD0A480D213E30CDE90010002370
:10C400004FF47A7252A1AFF2E960DFF716FD052012
:10C4100002F0ADFDBDE8FE4FDFF7E9BF7047000059
:10C42000E60300607563046000802242000022423F
:10C430006D696E69206170700D0A00002C6D0460DA
:10C4400073746570313A204C43442026204B455983
:10C450002000000073746570323A204532204F4B43
:10C4600020000000008023428C040060737465701B
:10C47000343A20534420455849535400737465702E
:10C48000343A20534420494E455849535400000043
:10C490007ABF0260F3020060436F6D6D6F6E5F7470
:10C4A00061736B0073746570353A20494E49544985
:10C4B000414C204F4B00000054435049505F746181
:10C4C000736B0000E7030108726566726573685F4D
:10C4D0006C65645F7461736B00000000B1FD02085D
:10C4E000480300605363616E5F6E6574776F726BB3
:10C4F0005F6261636E65745F5461736B000000007E
:10C50000EF3902085363616E5F6E6574776F726B0B
:10C510005F6D6F646275735F5461736B0000000040
:10C52000294102084D61737465725F4E6F64655FE7
:10C530007461736B000000004241435F436F6E748F
:10C54000726F6C5F7461736B00000000795D0108AD
:10C550006D6F6E69746F725F7461736B00000000C1
:10C5600010B50E21864B9A7B824202D94FF4AF6000
:10C5700010BD491EC9B25C5C224482421CD9101A0B
:10C58000642250435A5C90FBF2F0042909D3091F3E
:10C5900001EBC10202EB011100EB8100C0F30E00C0
:10C5A00010BD01EBC10202EB011100EB8100C0F5EF
:10C5B000C87040F4004010BD0029DAD148F2E830DC
:10C5C00010BD70B504461E46002C1AD0012C1BD09D
:10C5D0006C4E022C2DD0032C01D0052C13D1084613
:10C5E00012F0DEFD314612F022FD674912F0EDFC3B
:10C5F00012F002FE18282DDC052C27D0032C27D0A2
:10C6000032E08819803870BD0846FFF7A9FF0104A1
:10C6100002D5C0F30E0040425C49497A31B100EBCB
:10C62000C000052190FBF1F000F5A0703044803887
:10C6300070BD084612F0B4FD314612F0F8FC5449C2
:10C6400012F0C3FCBDE8704012F0D6BD01250BE02E
:10C65000002509E01A2807DB052C02D0032C02D0A4
:10C6600002E0002500E00125284670BD10B58021BC
:10C67000484812F0C2FA47484021803012F0BDFA13
:10C6800044484021C03012F0B8FABDE810402021E3
:10C69000414812F0B2BA2DE9F047C0EBC00202EBFC
:10C6A00000133E4A02EB430494F82D200F2A41D098
:10C6B000192A3FD01D2A3DD0394A527E282A39D81E
:10C6C0004FF6FF79B1F5806F02D34846BDE8F08799
:10C6D000DFF8C4C02F4FACF180051CF800304FF0DC
:10C6E000000805F140060AB29BB335F910A08A454F
:10C6F00001D225F8102036F910A08A4501D926F874
:10C70000102057F82020114447F820105B1CDAB2A3
:10C710000CF800200A2A24D30CF8008035F91020E8
:10C72000891A36F91020891A47F82010CA1701EB28
:10C730005271C910174D803D55F82030CA1A642A2D
:10C7400002DA12F1640F0EDC03EB620145F82010EF
:10C7500012E0FFE725F8102026F8102047F8208087
:10C76000CFE74846B2E794F9222053431944521CBC
:10C7700091FBF2F145F8201055F82000A6E70000E3
:10C780008315040800C07F440000484252630460DF
:10C790000000C8428070046080710460E524056078
:10C7A0007ABF02602DE9F047F9480025C574802161
:10C7B000F84812F022FA8021F74812F01EFA0024FD
:10C7C000F74FF64EDFF8DC8307F58E79C4EBC40033
:10C7D00000EB041006EB400191F82D00192803D05E
:10C7E0000F2801D01D280DD1D1F81E000EF0E2FC5B
:10C7F0004FF47A7190FBF1F0E64941F82400E648E5
:10C8000040F8245027F8145008F8045009F8045050
:10C81000641CE4B2202CD9D3BDE8F08710B5802089
:10C8200005F000FFE04890F82300BDE8104005F057
:10C83000F9BE2DE9F05F82468946DB4E96F823006B
:10C84000022801D0062806D1D84805210068E0F763
:10C850009DFB00287ED0504605F0E4FEFF2005F049
:10C86000E1FE09F10200C7B20024D14D05E0FF202E
:10C87000DDF732FF2855641CE4B2BC42F7D3BAF1AD
:10C88000250F05D0281910F8021C552914D017E0DF
:10C89000A01EC1B2C648F8F7C8F9291911F8022C30
:10C8A000B2EB102F06D111F8011CC0B2884201D1A1
:10C8B000002206E0012204E010F8010CAA2804D0AE
:10C8C00001222878552802D010E00022F9E7687884
:10C8D00055280BD1A878552808D1E878552805D1D6
:10C8E0002879552802D1FFF799FF0122AC4CA84BBB
:10C8F00080344FF001089AB12088401C208083F8D2
:10C900000280D878401CD87096F82300022801D005
:10C9100006281FD1A5480068BDE8F05FE0F781BA9E
:10C920006088401C608000229A70DA70A14FBAF1D2
:10C93000230F14D0BAF1240F02D0BAF1250FE3D19E
:10C9400096F82300DFF870924FF6FF7ADFF86CB2AA
:10C95000012800E038E161D005285FD09DE096F81D
:10C9600023009749032801D000202BE000202C5CF5
:10C9700021F810408C787C760C79BC7697F8F640DC
:10C9800004F0FE0487F8F640401CC0B20428EED341
:10C9900083F80180DA75B7E7062809D205EB400C69
:10C9A00015F810A09CF801C00CEB0A2C21F810C05F
:10C9B00091F802C087F819C091F800C087F81AC032
:10C9C000401CC0B2B0EB590FE6D348882A2802D3E6
:10C9D000888801280CD097F8F60000F0FE0087F850
:10C9E000F600787E58B1BD7E4DB183F8018009E034
:10C9F00097F8F60040F0010087F8F600F1E71625F9
:10CA0000A4F850500C890CB9498901B15A70092811
:10CA100001D3DA7578E783F8178075E700210020E5
:10CA20002A5C022A00D90121401CC0B21828F7D381
:10CA300099BB644880F800800024C4EB041101EB2A
:10CA400041014944285D91F92420904207D00228F1
:10CA500005D8285D81F824002046E9F7B7FA641C60
:10CA6000E4B2182CE9D3002405EB4400417E007E9B
:10CA700001EB002081B22046FFF70DFE80B2504549
:10CA800007D0B6F84B10C0EB8020B0FBF1F02BF8CC
:10CA90001400641CE4B2202CE6D396F8230002288C
:10CAA00001D0062845D1002100202A5C022A00D9A5
:10CAB0000121401CC0B20A28F7D3D1BB414880F8FD
:10CAC00000800024C4EB041000EB40004844295DC2
:10CAD00090F9242091420ED002290CD896F8231008
:10CAE000062902D1F179642935D0295D80F8241016
:10CAF0002046E9F76BFA641CE4B20A2CE2D3002466
:10CB000005EB4400417E007E01EB002081B220460F
:10CB1000FFF7C1FD80B2504507D0B6F84B10C0EB0F
:10CB20008020B0FBF1F02BF81400641CE4B2102C50
:10CB3000E6D3787E1E28FFF42EAF0024DFF858805D
:10CB400096F82300012809D0052807D0022807D02D
:10CB5000062805D005E080F82480C9E71A2700E000
:10CB60000A2705EB840111F8580F4A7840EA0220A1
:10CB70008A78C978120442EA016108430EF01AFB70
:10CB8000391948F82100641CE4B2062CD8D3BBE65E
:10CB900044040060BC630460AC6C0460E524056080
:10CBA000A07104603C640460526304604802006049
:10CBB0001C7304607ABF0260A53005607AB702601A
:10CBC0007AB902606D040060BDE8F09F2DE9F0477E
:10CBD00081460D461646F64FDFF8D88397F82300B6
:10CBE000022801D0062806D10521D8F80000E0F778
:10CBF000CDF900282CD0484605F014FD002404E0AF
:10CC0000285D05F00FFD641CE4B2B442F8D3B9F11D
:10CC1000150F11D0552005F005FDAA2005F002FDE5
:10CC200097F82300022801D0062811D1D8F8000077
:10CC3000BDE8F047E0F7F5B831462846F7F7F5FFCD
:10CC40000446200A05F0EEFCE0B205F0EBFCE7E755
:10CC5000E2E52DE9F041D84CD84DE078A880A178E4
:10CC600000291AD01E2818D90120E8F767F9D04802
:10CC7000002690F82300052801D006280BD1D04FBC
:10CC80003E60642005F0CBFC0120386020702675E2
:10CC9000E888401CE880E670A670BDE8F0812DE9C8
:10CCA000F84F00200023C449193191F800E0497879
:10CCB0000091C14ABE49157B91F82340567B177AF3
:10CCC00092F809C092F8078092F8069092F80AA0AC
:10CCD00092F80BB00021012C08D0052C06D0022CB4
:10CCE00055D0062C53D0032C7CD098E0B04CE4797E
:10CCF000152C11D30DB10220117316B140F00100B3
:10CD0000517317B140F008001172BCF1000F14D03C
:10CD100040F00400517210E00FB102201172BCF11A
:10CD2000000F02D040F00100517215B140F0080030
:10CD3000117316B140F004005173B8F1000F02D026
:10CD400040F02000D171B9F1000F02D040F0100086
:10CD50009171974C94F82940072C0BD0BAF1000F31
:10CD600001D002239172BBF1000F58D043F00103B0
:10CD7000D17254E0BAF1000F02D040F080009172FD
:10CD8000BBF1000F4BD040F04000D17247E00DB135
:10CD90000220117316B140F001005173B8F1000F79
:10CDA00002D040F00800D171B9F1000F02D040F07C
:10CDB0000400917117B140F020001172BCF1000F16
:10CDC00002D040F010005172BBF1000F02D040F0D1
:10CDD0004000D172BAF1000F21D040F08000917272
:10CDE0001DE0FFE70DB11020117316B140F02000D7
:10CDF0005173B8F1000F02D040F00400D171B9F1C5
:10CE0000000F02D040F00800917117B140F001000E
:10CE10001172BCF1000F02D040F00200517266495D
:10CE2000193108700124704500D094744B7000983B
:10CE3000834200D09474BDE8F88F2DE9FF5F61480C
:10CE400040882A2802D34FF0040B01E04FF0010B79
:10CE5000574890F8230001280CD005280AD0022852
:10CE60000FD006280DD0042812D0072810D00C2887
:10CE700022D026E020200190182000904FF00C09CD
:10CE80001FE0102001900A2000904FF0060918E0E2
:10CE9000082001900E2000904FF006094A4890F8B3
:10CEA000311109B94FF0070990F85E0148B909F14D
:10CEB000010909F0FF0904E00B20019000904FF0F8
:10CEC000060900243D4D4FF0050864354FF0010A76
:10CED00000278DE1285D029038493C48403930F800
:10CEE000140031F81410884203D9411AC9B20391D1
:10CEF00002E0091AC9B20391C4EBC40101EB0412A8
:10CF0000334901EB420696F82D10B9B196F8272067
:10CF1000B2B196F82800B0B356F81E0F0EF04AF9D9
:10CF20004FF47A7190FBF1F0F17B0A2974D8002854
:10CF300073D00A2872D205F804A035E12F5533E1E9
:10CF400096F92820012A01D08AB32DE10A2944D874
:10CF5000CBEB8B1101EBCB11B0EB810F01D92F552E
:10CF600022E1A7210BFB01F1B0EB810F02D905F8FB
:10CF700004A019E18D210BFB01F1B0EB810F03D966
:10CF80000220285510E184E073210BFB01F1B0EB86
:10CF9000810F02D90320285506E1CBEBCB0101EB31
:10CFA0000B11B0EB011F15D904202855FCE04FE010
:10CFB0005263046048020060440400602072046010
:10CFC0009C8123427AB90260A53005607AB702607D
:10CFD000E524056005F80480E6E019290CD00F2946
:10CFE0000AD01D2908D00BEBCB0101EB0B11B0EBE4
:10CFF000410F0BD22F55D7E0FE48015D012901D02A
:10D000002F55D1E005F804800755CDE0B0EBC10FF6
:10D0100005D205F804A0C7E070E05BE05CE0B0EB8F
:10D02000011F02D202202855BEE0CBEB0B1202EB0F
:10D030008202B0EBC20F02D203202855B4E0B0EB5D
:10D04000411F02D204202855AEE005F80480ABE071
:10D05000A1F10C000A2810D91739072907D801EBCC
:10D06000C10000EB0111E448405C012805D096F8AE
:10D07000260001280AD02F5596E096F826000128B0
:10D0800002D005F804808FE02F558DE005F804806C
:10D090008AE0A1F10C000A2810D91739072907D80E
:10D0A00001EBC10000EB0111D348405C012805D021
:10D0B00096F8260001280AD02F5575E096F826002C
:10D0C000012802D005F804806EE02F556CE005F8C9
:10D0D000048069E02F5567E0142802D20220285509
:10D0E00062E01E2802D2032028555DE0282802D2E3
:10D0F0000420285558E005F8048055E00B2901D09C
:10D10000112918D120B1012804D805F804A012E093
:10D110002F5510E0022802D802222A550BE00328DE
:10D1200002D803222A5506E0042802D804222A55F0
:10D1300001E005F804800D2919D1042801D82F55E4
:10D1400015E0072802D805F804A010E00A2802D844
:10D1500002222A550BE00E2802D803222A5506E0A7
:10D16000122802D804222A5501E005F80480132968
:10D1700001D0102918D120B1022804D805F804A044
:10D1800012E02F5510E0042802D8022028550BE0A9
:10D19000062802D80320285506E0082802D80420D3
:10D1A000285501E005F80480285D029988420BD0DB
:10D1B0000BEBCB0101EB0B120399B1EB420F03D93F
:10D1C0008E4981F811A00F718D4931F814208D49D5
:10D1D00021F8142000F00F0028558B49095D21B17A
:10D1E000491E40EA0110285500E02855641CE4B2AD
:10D1F00001988442FFF46EAE84487E4D0078583D1D
:10D20000012801D000208AE00024DFF804B27EE08B
:10D210002E5DC4EB041000EB40017E48084490F9F9
:10D220002410012903D091B3022962D066E090F95D
:10D23000281049B14C450BD2D0F81E000DF0BAFFB2
:10D2400020B105F8048059E02F5557E02F5555E0DF
:10D2500090F82320012A14D0A1F10C020A2A3AD90D
:10D260001739072907D801EBC10202EB0112624905
:10D27000895C01292FD090F82500012834D02F5542
:10D280003CE03BF81400322802D22F5536E02EE065
:10D29000A0F13201962902D205F804A02EE0A0F1F7
:10D2A000C801C82902D20220285527E0A0F5C8717C
:10D2B000C82902D20320285520E0A0F51671C829FC
:10D2C00002D20420285519E0A0F54870DF2815D2B5
:10D2D00005F8048012E090F82500012802D005F836
:10D2E00004800BE02F5509E005F8048006E02F5577
:10D2F00004E090F8280008B105F80480285DB042E9
:10D3000003D03E4880F810A04771641CE4B2009836
:10D310008442FFF47DAF05E02F54401CC0B2009959
:10D320008842F9D3BDE8FF5FB9E42DE9F04F01274A
:10D33000394840882A2800D3042700202D4EDFF8E2
:10D34000DC8007EBC701DFF8D8C0DFF8B490354DBB
:10D35000002401EB0711403E16F800A0BAF1010FBE
:10D3600014D13CF8102039F810309A420ED0C7EB97
:10D37000071B0BEB8B0BB3EBCB0F07D9B2EB011FEA
:10D3800004D258F82020521C48F82020BAF1020F8D
:10D3900009D148F82040C0EBC00202EB001205EBB7
:10D3A0004202C2F81E4039F810203CF8103002EB5F
:10D3B000011A9A4503D303EB0113934201D22CF8CF
:10D3C0001020401CC0B22028C6D30020094B203BAF
:10D3D000A3F59E72195C01292FD0C0EBC00101EBAF
:10D3E000001105EB410191F82D10192933D00F29B7
:10D3F00031D019E0FC72046026CB02604404006066
:10D400007AB70260E0710460653005606D04006009
:10D410007AB80260A53005607AB90260AC6C04602D
:10D42000FAB70260E52405601D2914D03454401C6D
:10D43000C0B22028CED3BDE8F08F0221315432F89B
:10D440001010491C89B222F810101429EFD922F8C3
:10D4500010401C54EBE701213154E8E79AB0DFF8A3
:10D4600028B24FF001088BF84480884D00242C76B8
:10D47000DFF81CA2DFF81C92BBF81000401C80B241
:10D48000ABF810002821B0FBF1F201FB120008B943
:10D49000FFF74BFFFFF7D1FC7F4908200870FFF72B
:10D4A000D8FB7B4E803EB6F8500037280ED00B28B4
:10D4B00013D0162819D03220DEF735FE287810B3A5
:10D4C000287D1E281BD2401C2875D5E7552005F065
:10D4D000A9F84B20DEF727FECEE7112005F0A2F8D1
:10D4E0004FF4FA70DEF71FFEC6E76C4F3C60642015
:10D4F00005F095F8C7F80080A6F85040BCE7FFF7A4
:10D500008DF92C70B8E7687850B1287E68B199F829
:10D5100019002D2866D370212520FFF78AF965E0D0
:10D520000C212320FFF785F9A6E7B5F81900ADF81F
:10D53000040057491822091D0DF1060011F044FBA3
:10D54000534920221C390DF11E0011F03DFB99F8C2
:10D5500019600A2E3FD3524890F82300012806D0C4
:10D56000052804D002280BD0062809D010E0DAF8EC
:10D570003600CDF83E00BAF83A00ADF8420007E0B8
:10D58000DAF82600CDF83E00BAF82A00ADF84200DD
:10D59000687D01280DD1A87D411CCFB2AF75C007B1
:10D5A0000FD00522402101A811F020FB322F00D915
:10D5B0006C752D2E0AD3402201A91520FFF706FB1A
:10D5C00009E0402101A811F018FBEFE7402201A972
:10D5D0001420FFF7FBFA85F81880A87C00288DD06E
:10D5E000AC7449E770212420FFF723F92C7643E738
:10D5F0001CB504460020DDF79BF825483522202184
:10D600001C3811F0F3FA224805221821001D11F0F0
:10D61000EDFA1F4896217C3011F0EFFA1B490022E9
:10D62000A1F819201F4B1A605A609A60CA75012030
:10D6300008704A700A758A70CA700A714A718A71D4
:10D64000CA710A724A728A72CA720A734A738A73F8
:10D65000CA730A744A748A74114890F82300032824
:10D6600010D0FFF703F8FFF7D9F808484FF480729D
:10D670001C30CDE9004000230BA1AFF21F20DEF7E4
:10D68000DCFB1CBDCA75F0E72C6D0460440400602F
:10D69000A07204607ABF0260E70300609C812342AD
:10D6A000526304607AB902605350495461736B004D
:10D6B00070B504460D461646DCF77AFEC020DCF74E
:10D6C00014FFDCF7C5FE2046DCF70FFFDCF79DFEFC
:10D6D000DCF76EFEC120DCF708FFDCF796FE0024C5
:10D6E000761E06E00120DCF721FF05F8010B641C23
:10D6F000E4B2B442F6DB0020DCF718FF2870DCF758
:10D700006DFE012070BD70B505460C46DCF750FE7D
:10D71000C020DCF7EAFEDCF778FEE8B2DCF7E5FED5
:10D72000DCF773FEE0B2DCF7E0FEDCF76EFEDCF760
:10D7300055FE0320DFF7C9FF012070BD10B50022A0
:10D740007D4B03EB8204A4781CB1521CD2B2322A66
:10D75000F7D3322A08D003F8220003EB820041708D
:10D76000012181700021C17010BD70B50020724A86
:10D77000002402EB80018B78012B09D1CB78052B9B
:10D7800005D202EB8003DB785B1CCB7004E08C706D
:10D79000401CC0B23228ECD3322809D002EB8005FD
:10D7A00012F820006978FFF7AEFF012802D002E0EE
:10D7B000002070BDAC70012070BD70B55F4C0025BD
:10D7C00065702570C8215C4811F017FAA57070BD0E
:10D7D0002DE9F05F5A4D95F8230004280FD0072853
:10D7E0000DD00C280BD0082809D00027DFF8548171
:10D7F000032806D1E979072903D388F80070BDE82A
:10D80000F09F0228FBD00628F9D0DFF830A14FF0B6
:10D8100064099AF800000A2809D305D18AF8009013
:10D820004FF00400E7F78AFB88F80070E7E7FFF79E
:10D830009CFF9AF801006428E1D03F4E4FF0010BA5
:10D84000C83620B1012815D01B2835D054E09AF8ED
:10D850000000401C8AF8000037490122C83100202E
:10D86000FFF726FF012847D13078E87218B38AF80D
:10D8700002B041E03449497E1E293DD295F823107B
:10D88000032939D12C491822C831FFF711FF01288B
:10D8900032D1002406EB440016F81410407800EB57
:10D8A00001212046FEF7F7FE284921F81400641CE8
:10D8B000E4B20B2CEED31FE0002404F11B0031195D
:10D8C000C0B20122FFF7F4FE641CE4B2182CF4D3BA
:10D8D0000020194A203A16F810104FF47A740B02FF
:10D8E00006EB40014978614303EB912122F81010C7
:10D8F000401CC0B20C28EED39AF80200012802D0D6
:10D900008AF801707BE795F82300032806D00128E8
:10D9100007D0052805D08AF8019070E78AF801B091
:10D920006DE798F80000012802D08AF8019066E7B8
:10D930001B208AF8010062E7D2730460640400606F
:10D94000526304606B0400607ABF02607AB70260C1
:10D9500070B500240121FD4AFD4DFE4B0C2811D26B
:10D96000DFE800F006111C27323D48535E69747FE2
:10D97000C2F89C11C5F88011C3F8B441C3F8B8418E
:10D98000C2F8984170BDC2F89C11C5F88011C3F867
:10D99000B411C3F8B841C2F8984170BDC2F89C11E7
:10D9A000C5F88011C3F8B441C3F8B811C2F8984162
:10D9B00070BDC2F89C11C5F88011C3F8B411C3F84A
:10D9C000B811C2F8984170BDC2F89C11C5F8801119
:10D9D000C3F8B441C3F8B841C2F8981170BDC2F899
:10D9E0009C11C5F88011C3F8B411C3F8B841C2F84E
:10D9F000981170BDC2F89C11C5F88011C3F8B441EC
:10DA0000C3F8B841C2F8984170BDC2F89C11C5F87E
:10DA10008011C3F8B411C3F8B841C2F8984170BD81
:10DA2000C2F89C11C5F88011C3F8B441C3F8B8110D
:10DA3000C2F8984170BDC2F89C11C5F88011C3F8B6
:10DA4000B411C3F8B811C2F8984170BDC2F89C1166
:10DA5000C5F88011C3F8B441C3F8B841C2F89811B1
:10DA600070BDC2F89C11C5F88011C3F8B411C3F899
:10DA7000B841C2F8981170BD70B590B001214FF453
:10DA80000570DBF714FA2920ADF82C0000248DF87E
:10DA90002F400BA9B048DBF704F81020ADF82C009C
:10DAA0008DF82F400BA9AD48DAF7FBFF012108469E
:10DAB000DBF7F4F9AA4E3046DAF7B8FEA948009031
:10DAC000A9480190029404250395049480210591AE
:10DAD00048000690800007902020089000020990DE
:10DAE0000A9469463046DAF70EFF01213046DAF72C
:10DAF00034FF6803DBF76FF901214802DBF7D7F940
:10DB00000C9401208DF834008DF835004FF460201E
:10DB1000CDF83600CDF83A408DF83E50914C0CA926
:10DB20004C3C2046DAF702FD052301220421204661
:10DB3000DAF780FD052302220A212046DAF77AFD72
:10DB4000052303220D212046DAF774FD0523042264
:10DB50000F212046DAF76EFD01212046DAF71CFD81
:10DB600001212046DAF70EFD2046DAF728FD20468F
:10DB7000DAF72AFD0028FAD12046DAF72CFD2046F4
:10DB8000DAF72EFD0028FAD101212046DAF72FFD21
:10DB900010B070BD2DE9F04F89B074480025032402
:10DBA00090F8230018271026DFF8C4A14FF00108D1
:10DBB0004FF002094FF47A7B01287DD005287BD0F5
:10DBC00002287AD00628FCD0042877D00728FCD079
:10DBD0000C2874D101210A20DBF772F901213C20C5
:10DBE000DBF765F9C820ADF820008DF823608DF8CB
:10DBF000224008A95848DAF754FFC8215648DAF7F6
:10DC0000BCFF4FF4A070ADF820008DF823608DF8B4
:10DC1000224008A95748DAF744FF4FF4A07155484D
:10DC2000DAF7ABFFADF820908DF823608DF8224035
:10DC30004A4E08A93046DAF734FF02213046DAF7B7
:10DC40009CFF4C20ADF820008DF823708DF8224009
:10DC500008A93046DAF725FFADF820408DF823708B
:10DC60008DF8224008A94348DAF71BFFADF818B039
:10DC7000ADF81450ADF81A50ADF8165005A950463D
:10DC8000DBF7BEFB3C4C05A92046DBF7B9FB702156
:10DC9000ADF80410ADF80680ADF80C9001A920464F
:10DCA000DBF758FC01A92046DBF78EFC01A95046A2
:10DCB000DBF750FC01A903E028E0A1E013E122E03A
:10DCC0005046DBF781FC01A95046DBF7D2FB082167
:10DCD0002046DBF735FF08212046DBF737FF082118
:10DCE0005046DBF72DFF08215046DBF72FFF0821B8
:10DCF0005046DBF70BFF01215046DBF729FE0121DF
:10DD00002046DBF725FE09B0BDE8F08F0121022097
:10DD1000DBF7D6F801210820DBF7C9F8ADF8204081
:10DD20008DF823708DF82240124F08A93846DAF793
:10DD3000B8FE01210820DBF7BAF8C020ADF82000BA
:10DD40008DF823608DF8224008A917E00080214259
:10DD50000000224200002142001001400008014062
:10DD6000080002404C2401407C04006052630460BF
:10DD700000040040000C0140000C00403846DAF777
:10DD800090FEC0213846DAF7F8FE01211020DBF7BB
:10DD90008EF8ADF820808DF823608DF82240FF4C7E
:10DDA00008A92046DAF77DFE01212046DAF7E5FED4
:10DDB000ADF818B0ADF81450ADF81A50ADF81650D3
:10DDC00005A95046DBF71CFB7021ADF80410ADF837
:10DDD0000680ADF80C9001A95046DBF7BBFB01A90A
:10DDE0005046DBF7F1FB08215046DBF7A9FE08217E
:10DDF0005046DBF7ABFE01215046DBF7A9FD82E779
:10DE000001210220DBF75CF8012140F24D10DBF725
:10DE10004EF80C20ADF820008DF823608DF82240DC
:10DE200008A9DF48DAF73DFE0C21DD48DAF7A5FE48
:10DE30004FF4F060ADF820008DF823608DF822409B
:10DE4000D84E08A93046DAF72CFE4FF4F061304680
:10DE5000DAF793FE3320ADF820008DF823708DF8AB
:10DE6000224008A9D048DAF71CFE0121CF48DAF792
:10DE7000A3FEADF818B0ADF81450ADF81A50ADF8D7
:10DE8000165005A95046DBF7BBFA7021ADF8041017
:10DE9000ADF80680ADF80C9001A95046DBF75AFBAF
:10DEA00001A95046DBF790FB01A95046DBF7E1FAE8
:10DEB00001A95046DBF712FB08215046DBF740FE74
:10DEC00008215046DBF742FE08215046DBF71EFED4
:10DED00008215046DBF72AFE01215046DBF738FDCA
:10DEE000FFF7CAFD0FE701210A20DAF7E9FF012158
:10DEF0003C20DAF7DCFFC820ADF820008DF8236065
:10DF00008DF8224008A9A548DAF7CBFDC821A3481F
:10DF1000DAF733FE4FF4A070ADF820008DF82360DF
:10DF20008DF8224008A9A048DAF7BBFD4FF4A07194
:10DF30009D48DAF722FEADF820408DF823608DF879
:10DF4000224008A99A48DAF7ACFD03219848DAF78D
:10DF500014FE8020ADF820008DF823608DF822405B
:10DF6000944E08A93046DAF79CFD80213046DAF756
:10DF700004FECC20ADF820008DF823708DF82240EF
:10DF800008A98B48DAF78DFDADF820408DF8237095
:10DF90008DF8224008A98448DAF783FDADF818B05F
:10DFA000ADF81450ADF81A50ADF8165005A950460A
:10DFB000DBF726FA804C05A92046DBF721FA702111
:10DFC000ADF80410ADF80680ADF80C9001A920461C
:10DFD000DBF7C0FA01A92046DBF7F6FA01A95046A3
:10DFE000DBF7B8FA01A95046DBF7EEFA01A9504673
:10DFF000DBF73FFA01A95046DBF770FA082120460B
:10E00000DBF79EFD08212046DBF7A0FD08215046E6
:10E01000DBF796FD08215046DBF798FD08215046B6
:10E02000DBF774FD08215046DBF780FD01215046E7
:10E03000DBF78EFC01212046DBF78AFC63E630B576
:10E0400000205E4A5E4B411C02EB410402EB40059E
:10E0500094F82B4095F82B50641B1C54C8B20A2826
:10E06000F1D330BD10B5002805D04FF47A73984233
:10E0700003D3184610BD002010BD6422B0FBF2F19E
:10E08000C9B2B0FBF2F402FB14004D4C645C604377
:10E09000B0FBF2F0494A02EB4101B1F82B10084401
:10E0A00080B29842E8D9184610BD7FB50020009094
:10E0B0000190029003900024424D0220DAF765FCA3
:10E0C0000028FAD00220DAF76EFC2988009808446C
:10E0D00000906988019808440190A9880298084432
:10E0E0000290E988039808440390641CE4B20A2C67
:10E0F000E3D300984FF47A7148432821B0FBF1F242
:10E100002E48B0F84B00B2FBF0F32F4A1380019B6E
:10E110004FF47A746343B3FBF1F3B3FBF0F3538032
:10E12000029B6343B3FBF1F3B3FBF0F39380039BD8
:10E130006343B3FBF1F1B1FBF0F0D0807FBD2DE97B
:10E14000F05F05460C46DFF874B09BF82300052805
:10E1500010D1DEF779F91A4E303E56F82510401AE4
:10E16000B0F5FA6F02D22046BDE8F09FDEF76CF9F9
:10E1700046F82500DFF84880012108F13A0818F830
:10E18000050050B1401CC0B208F805004FF000096E
:10E19000142801D908F8059018E025E00010014086
:10E1A0000018014000200140000C014000081A0046
:10E1B00000080140001C0140000C00405263046054
:10E1C000FC7404607C040060B27304609BF823005C
:10E1D00001280DD005280BD002280BD0062809D025
:10E1E000032809D00020BFE708F805102046BBE748
:10E1F0000C2002E0062000E004204FF47A718C42EB
:10E2000000D90C46F74B4719012633F8170040F2A6
:10E21000DE3CAE40DFF8D0A3F44A60450DD332F8BF
:10E220001500B0F5757F04D9BAF80800B043AAF814
:10E23000080008F80590084696E70A280CD832F836
:10E2400015000A2804D2BAF80800B043AAF808005A
:10E2500008F80590002087E732F81510A0F1050CAA
:10E2600061453FDD421D91423CD26421B0FBF1F299
:10E2700001FB12020ABBB0FBF1F0401E3E2101EB94
:10E28000400080B2210A04F0C2F9D64830F81710D5
:10E290006420B1FBF0F0401E3F2101EB400080B252
:10E2A000E1B204F0B4F9CF4830F817106420B1FBA4
:10E2B000F0F00BEB4000A0F82B4008F80590BAF8FE
:10E2C0000800B043AAF80800C84830F81510C5483F
:10E2D00030F81700814202D9641EA0B244E7641CE2
:10E2E000A0B241E7814210D9081A80B2844207D90E
:10E2F000A4EB5000002801D480B235E7204633E774
:10E300000CB1204630E720462EE7401A80B2BBF819
:10E310003F100A1AA24203DD04EB500080B223E74B
:10E32000A14201D920461FE720461DE710B5FFF79F
:10E3300031FCAD48002444708470AD490C80AD4977
:10E340000C7004812021A94810F057FC3021AA4804
:10E3500010F053FCA8483030046044608460002012
:10E36000A64B0122C0EB001101EB4101194481F8D9
:10E370002420401CC0B21828F4D310BD2DE9FC5F46
:10E380000446DFF87C9299F82300012801D0052883
:10E3900002D12046FFF7DCFA99F82310914EDFF8FE
:10E3A00058829648924FA51D012925D0052923D0D2
:10E3B000A21DC2EB021202EB420203464FF47A7A2C
:10E3C00002EB030B02297DD006297BD004297AD0E9
:10E3D0000729FCD00C2977D19BF82300002874D0A2
:10E3E00036F815008049C97801296FD080B2FFF74F
:10E3F00039FE002C6BD069E104F10C0BCBEB0B1157
:10E400007E4801EB41010844019090F8230000B3DD
:10E4100036F81B007449C978012925D080B2FFF76E
:10E4200021FE824604F1120BCBEB0B1000EB4001F6
:10E4300072480844009090F82300F0B136F81B00B1
:10E440006949C978012922D080B2FFF70BFE34B3A5
:10E450002DE036F81B00B0F5007F02D3B9F83FA0DD
:10E46000E0E74FF0000ADDE738F81B102046FFF721
:10E4700066FE824628F81BA0D4E736F81B00B0F5EC
:10E48000007F02D3B9F83F00E1E70020DFE738F86A
:10E490001B10E8B2FFF753FE28F81B00D7E75549D9
:10E4A0000978012901D1B7F800A0A7F800A00199C7
:10E4B00091F8281009B94FF0000A009991F8281036
:10E4C00039B905E01AE06DE0D1E0E7E0F0E0F7E00F
:10E4D0000020B9F83F10514500D28A460446A142B7
:10E4E00000D20C46474D1FFA8AF12846DBF735FC6F
:10E4F000A1B22846BDE8FC5FDBF731BC9BF82300E6
:10E5000050B136F815003849C97801290ED080B2CB
:10E51000FFF7A8FD94B117E036F81500B0F5007FBD
:10E5200002D3B9F83F00F5E70020F3E738F81510FB
:10E530002046FFF704FE28F81500EBE72D4909787F
:10E54000012900D1388838809BF8281001B90020B3
:10E55000B9F83F10814200D20846C0F57A71C1EB8C
:10E560000121B1FBFAF15CB1012C0FD0022C13D0C8
:10E57000032C7CD1BDE8FC5F81B22248DBF7EBBB0A
:10E58000BDE8FC5F81B21F48DBF7E7BBBDE8FC5F7D
:10E5900081B21C48DBF7E3BBBDE8FC5F81B21948E0
:10E5A000DBF7D7BB04F10805C5EB051101EB410111
:10E5B000084490F8230050B136F815000A49C9788C
:10E5C000012921D080B2FFF74DFD2CB32AE036F8A7
:10E5D0001500B0F5007F02D3B9F83F00F5E7002041
:10E5E000F3E700007AB8026068040060B273046068
:10E5F0007C0300606B03006006750460A530056055
:10E60000526304600004004038F815102046FFF7FC
:10E6100096FD28F81500D8E7FB490978012900D1B3
:10E6200038883880B9F83F10814200D20846C0F5DA
:10E630007A71C1EB0121B1FBFAF17CB1012C13D04D
:10E64000022C19D0032C1DD0042C21D0052C6FD105
:10E65000BDE8FC5F81B2ED48DBF77DBBBDE8FC5F48
:10E6600081B2EB48DBF779BB81B2E94800E05FE0BB
:10E67000BDE8FC5FDBF773BBBDE8FC5F81B2E3483C
:10E68000DBF76BBBBDE8FC5F81B2E048DBF767BB43
:10E69000BDE8FC5F81B2DD48DBF75BBB36F81500F7
:10E6A000B0F5007F02D3B9F83F00A2E60020A0E653
:10E6B00038F815102046FFF742FD28F8150098E6B7
:10E6C000D1490978012900D138883880B9F83F103C
:10E6D000814200D20846C0F57A71C1EB0121B1FB3D
:10E6E000FAF16CB1012C11D0022C15D0032C19D0E9
:10E6F000042C1DD1BDE8FC5F81B2C448DBF729BB07
:10E70000BDE8FC5F81B2C248DBF727BBBDE8FC5F18
:10E7100081B2BF48DBF723BBBDE8FC5F81B2BB48D9
:10E72000DBF71BBBBDE8FC5F81B2B848DBF717BB6A
:10E73000BDE8FC9F8AB00020B64A012182F8411052
:10E740000025002401A921F81040401CC0B20C286B
:10E75000F8D300200090B0484471B0480470B0482D
:10E760000470B0480470DFF8C092DFF8C0A2DFF890
:10E77000C0823220DDF7D7FCA6484189491C41817F
:10E78000AC49052008701420E7F74FF9A2484079FA
:10E790000128EED1A84890F82300012825D00528AB
:10E7A00023D0022871D00628FCD004286ED0072878
:10E7B000FCD00C28DDD100200121C0EB001202EBBF
:10E7C00042039E4A03EB020C9CF82320002A70D0DF
:10E7D0009B4A4FF47A7E32F8102072456AD1079A2C
:10E7E00001FA00F31A43079239E38C4B1878012899
:10E7F00005D18B4A1078411C11700528B9D31C70C3
:10E80000874804708448C088079000204FF0010BAF
:10E81000C0EB001101EB41028849561896F823100D
:10E8200061B187494FF47A7E31F81010714517D1E4
:10E83000079A0BFA00F10A43079241E0804931F848
:10E840001010B1F5007F05D307990BFA00F21143C0
:10E85000079135E007990BFA00F2914307912FE0F9
:10E8600069B101AB96F82C6033F8102006EB860CEA
:10E87000B2EB8C0F0BD2521C23F8102009E0079941
:10E880000BFA00F2914307911AE082E0ABE123F822
:10E8900010404E4306EB86018900B1FBFEF133F8D0
:10E8A0001020914207D907990BFA00F21143079102
:10E8B00006E095E2A6E207990BFA00F29143079170
:10E8C000401CC0B20C28A3D3534E9DF81C100A362E
:10E8D0003078814205D00127002531700220FEF7F3
:10E8E0002DFF9DF81D107078814205D0012700256D
:10E8F00071700320FEF722FF6FB16D1CEDB2C82DC1
:10E9000009D90027002531780220FEF717FF71781A
:10E910000320FEF713FF0026494A06F10C000146CA
:10E92000099032F81000474A32F81110884211D08D
:10E93000099922F81100FFF795FB4349099A21F83C
:10E94000120035490BFA06F00A89104308813E4847
:10E95000303084553C483030815D142905D98455C8
:10E960002D48C4700220E6F7E9FA761CF6B20C2EA8
:10E97000D2D30098401CC0B20090274E3078FFF7E9
:10E98000FDFC3078052802D2401C3070F1E634706E
:10E99000EFE60020DFF8A4C0DFF8A4E00126C0EB1A
:10E9A000001101EB4101614491F823206AB101ABF0
:10E9B00091F82C1033F8102001EB810BB2EB8B0F88
:10E9C00014D2521C23F8102012E03EF81010B1F5BA
:10E9D000007F05D3079906FA00F21143079151E031
:10E9E000079906FA00F2914307914BE023F8104093
:10E9F0003EF810204FF47A7B5A4527D1079906FA42
:10EA000000F2114307913DE06B03006000040040F9
:10EA1000000C00402C6D0460680400607503006009
:10EA200077030060760300600000244200802142EA
:10EA300000002242E703006052630460A5300560D5
:10EA40007AB80260FAB80260067504607AB1514380
:10EA500001EB81018900B1FBFBF133F810209142F9
:10EA60000BD9079906FA00F2114307910AE00799BA
:10EA700006FA00F29143079104E0079906FA00F2C2
:10EA800091430791401CC0B2062888D34FF0000B79
:10EA9000FD4A0BF106000146089032F81000FB4ACF
:10EAA00032F81110884212D0089922F81100FFF7AD
:10EAB000D9FAF749089A21F81200F64906FA0BF03C
:10EAC0000A8910430881F248303000F80B400BF1FE
:10EAD000010B0BF0FF0BBBF1040FD9D3ED490798E5
:10EAE0000A310A6890422FD0012700250860087873
:10EAF000C20702D0E84A166001E0E74A14608207C4
:10EB000003D5E54A121D166002E0E34A121D1460A7
:10EB1000420702D5C9F89C6101E0C9F89C4102078F
:10EB200002D5C9F8A06101E0C9F8A041C20602D52A
:10EB3000C9F8A46101E0C9F8A441800602D5C9F86A
:10EB4000A86101E0C9F8A8417FB36D1CEDB2C82DE2
:10EB50002ED9002700250878C10702D0CE490E60C3
:10EB600001E0CD490C60810703D5CB49091D0E603A
:10EB700002E0C949091D0C60410702D5C9F89C6132
:10EB800001E0C9F89C41010702D5C9F8A06101E084
:10EB9000C9F8A041C10602D5C9F8A46101E0C9F8CD
:10EBA000A441800602D5C9F8A86101E0C9F8A841CE
:10EBB000FFF77BFA0098401CC0B200900098052136
:10EBC000B0FBF1F201FB120000287FF4DFAEB14E82
:10EBD0003078FFF7D3FB3078032802D2401C307026
:10EBE000C7E53470C5E500200121C0EB001202EB3F
:10EBF0004203AA4A03EB020C9CF8232062B1A24A0A
:10EC00004FF47A7E32F81020724517D1079A01FA34
:10EC100000F31A4307923EE09B4A32F81020B2F507
:10EC2000007F05D3079A01FA00F31A43079232E0F6
:10EC3000079A01FA00F39A4307922CE06AB101AEF9
:10EC40009CF82CC036F810300CEB8C0BB3EB8B0F10
:10EC500009D25B1C26F8103007E0079A01FA00F38E
:10EC60009A43079217E026F810400CFB02FC0CEBCD
:10EC70008C029200B2FBFEF236F810309A4205D9AF
:10EC8000079A01FA00F31A43079204E0079A01FA7F
:10EC900000F39A430792401CC0B20828A5D37D4ACE
:10ECA00007980A321368984244D001270025106063
:10ECB0001078C30702D0C8F8981101E0C8F898414D
:10ECC000830702D5C8F89C1101E0C8F89C414307AE
:10ECD00002D5CAF8A01101E0CAF8A041030702D585
:10ECE000CAF8981101E0CAF89841C30602D56C4BE6
:10ECF000196001E06A4B1C60830603D5684B1B1D3D
:10ED0000196002E0664B1B1D1C60644E96F83131A1
:10ED100033B9430602D5634B196001E0614B1C60B7
:10ED200096F85E3133B9000602D5C8F88C1101E0BF
:10ED3000C8F88C417FB36D1CEDB2C82D44D90027B3
:10ED400000251078C20702D0C8F8981101E0C8F871
:10ED50009841820702D5C8F89C1101E0C8F89C418F
:10ED6000420702D5CAF8A01101E0CAF8A041020783
:10ED700002D5CAF8981101E0CAF89841C20602D536
:10ED8000474A116001E0464A1460820604D5444AAD
:10ED9000121D116003E017E0414A121D14603F4A42
:10EDA00092F8313133B9430602D53E4B196001E088
:10EDB0003C4B1C6092F85E2132B9000602D5C8F8BF
:10EDC0008C1101E0C8F88C41324E3078FFF7D6FA4A
:10EDD0003078062802D2401C3070CAE43470C8E48F
:10EDE000294A32F81020B2F5007F05D3079A01FABC
:10EDF00000F31A43079232E0079A01FA00F39A43AC
:10EE000007922CE06AB101AE9CF82CC036F81030A5
:10EE10000CEB8C0BB3EB8B0F09D25B1C26F810307C
:10EE200007E0079A01FA00F39A43079217E026F8E1
:10EE300010400CFB02FC0CEB8C029200B2FBFEF2C9
:10EE400036F810309A4205D9079A01FA00F31A43AE
:10EE5000079204E0079A01FA00F39A430792401CD4
:10EE6000C0B20628FFF4A9AC0A4A07980A32136810
:10EE700098423ED00127002510601078C30713D0B8
:10EE8000C8F8981112E000007AB80260FAB802607F
:10EE9000067504606804006088012342A53005609F
:10EEA000800121429C812342C8F89841830702D502
:10EEB000C8F89C1101E0C8F89C41430702D5CAF884
:10EEC000A01101E0CAF8A041030702D5CAF89811C1
:10EED00001E0CAF89841C30602D5C8F88C1101E0D8
:10EEE000C8F88C41800602D54F48016001E04E48C9
:10EEF00004606FB36D1CEDB2C82D2CD9002700251E
:10EF00001078C20702D0C8F8981101E0C8F89841FB
:10EF1000820702D5C8F89C1101E0C8F89C4142075D
:10EF200002D5CAF8A01101E0CAF8A041020702D533
:10EF3000CAF8981101E0CAF89841C20602D5C8F88B
:10EF40008C1101E0C8F88C41800602D5364801607A
:10EF500001E035480460354E3078FFF70FFA30781D
:10EF6000052802D2401C307003E4347001E41CB563
:10EF70000446FFF7DBF92D494FF480621031CDE9EB
:10EF8000004100232AA1AFF65300DCF756FF2749C2
:10EF900000200A3108601CBD10B504460120F5F7B9
:10EFA000B8FE0121FF20FAF7F7FB01210020FAF754
:10EFB000F3FB01212046FAF7EFFB641EE0B2BDE847
:10EFC00010400121FAF7E8BB10B504460120F5F71F
:10EFD000A0FE0121FF20FAF7DFFB01210846FAF726
:10EFE000DBFB01210020FAF7D7FB01210020FAF713
:10EFF000D3FB012204210020FAF7F9FB01214FF491
:10F00000FA70FAF73CFC10F0FF0F0CD00B4A1078A6
:10F01000FF2808D15078012805D19178D278C8B25C
:10F02000904200D1217010BD84012142680400602B
:10F030004F75747075745461736B3100386A046075
:10F040002DE9F843FE481024032590F82300FD4FD6
:10F0500008287DD001214FF4F670D9F728FF4FF42E
:10F060000166ADF800608DF803408DF80250DFF8BE
:10F07000D88369464046D9F714FD31464046D9F752
:10F080007AFD6601ADF800608DF803408DF80250FE
:10F09000DFF8B88369464046D9F703FD314640465C
:10F0A000D9F769FD4FF48966ADF800608DF803402B
:10F0B0008DF80250DFF8988369464046D9F7F1FC95
:10F0C00031464046D9F757FD42F21F06ADF80060C1
:10F0D0008DF803408DF80250DFF87883694640468A
:10F0E000D9F7DFFC31464046D9F745FDE601ADF8DA
:10F0F00000608DF803408DF80250DFF85C836946AC
:10F100004046D9F7CEFC31464046D9F734FD4FF49E
:10F11000E046ADF800608DF803408DF80250694676
:10F120003846D9F7BEFC31463846D9F724FD0020D1
:10F13000CA4900220A54401CC0B21628FAD3002142
:10F14000C64C1634002001EB410304EB830300E0BE
:10F150000DE023F81020401CC0B20628F7D3491C4C
:10F16000C9B20829EED3BE480270BDE8F883012178
:10F170000802D9F79CFE4FF4F866ADF800608DF8F0
:10F1800003408DF8025069463846D9F78AFC31466B
:10F190003846D9F7F0FCE8E72DE9F84301214FF4B0
:10F1A000F670D9F784FE2020ADF8000048258DF8D0
:10F1B000035003248DF80240DFF88C8269464046F4
:10F1C000D9F76FFC8020ADF800008DF803508DF862
:10F1D00002409E4F69463846D9F763FC42F201006F
:10F1E000ADF800008DF803508DF8024069469D4847
:10F1F000D9F757FC4DF22000ADF800008DF8035010
:10F200008DF8024069469348D9F74BFC48F6C06038
:10F21000ADF800008DF803508DF80240694689482A
:10F22000D9F73FFCBD14ADF8005010268DF80360EF
:10F230008DF8024069464046D9F733FC29464046DE
:10F24000D9F799FC0420ADF800008DF803608DF823
:10F25000024069463846D9F724FC04213846D9F7DC
:10F260008AFC82E72DE9F04788B0DFF8FC810026B0
:10F27000C8F88861DFF8F4910127C9F8B07101205E
:10F28000DEF723FAD8F81C018DF81000784C2068BE
:10F290008DF8110060688DF81200E0688DF8130099
:10F2A000606A8DF81400DFF8CCA1DAF800018DF85F
:10F2B000150020698DF81600DAF834018DF8170072
:10F2C00060698DF818006C4D28688DF81900D9F820
:10F2D00014018DF81A00E8698DF81B00686A8DF832
:10F2E0001C00A86A8DF81D00C8F88871C9F8B061C3
:10F2F0000120DEF7EAF9D8F81C018DF8000020683B
:10F300008DF8010060688DF80200E0688DF8030058
:10F31000606A8DF80400DAF800018DF805002069B4
:10F320008DF80600DAF834018DF8070060698DF871
:10F33000080028688DF80900D9F814018DF80A0032
:10F34000E8698DF80B00686A8DF80C00A86A8DF8E2
:10F350000D003B4890F823000C2806D000252C46D1
:10F360000DF11008DFF8149120E00325F7E7611B89
:10F37000C1EB011000EB4000484490F8243018F82D
:10F3800004201DF804C0624502D180F8246004E026
:10F39000012A10D0022280F8242090F924009842FB
:10F3A00002D0C8B2E6F712FE641CE4B20E2CDED323
:10F3B00008B0BDE8F08780F82470EEE710B50023B0
:10F3C0002C49052812D001222D4C022811D00328E7
:10F3D00016D001281BD0C1F88821C1F89421C4F8A7
:10F3E00098212849888E401C888610BDC1F8883134
:10F3F000F7E7C1F88821C1F89421C4F89831F0E703
:10F40000C1F88821C1F89431C4F89821E9E7C1F81E
:10F410008821C1F89431C4F89831E2E71FB54FF460
:10F420000040D9F7D8FC01214802D9F740FD00205F
:10F4300000908DF804008DF805004FF4602123E062
:10F44000526304600020014000080140000C0140AC
:10F450000014014000180140001C01404275046086
:10F46000840400600010014000802142000021421D
:10F47000180124420000224214012342A5300560F5
:10F480000080234220720460CDF80610CDF80A00F7
:10F4900001208DF80E00FA4C69462046D9F746F84F
:10F4A000052301220B212046D9F7C4F8012120466B
:10F4B000D9F768F82046D9F782F82046D9F784F8BA
:10F4C0000028FAD12046D9F786F82046D9F788F8DF
:10F4D0000028FAD101212046D9F789F81FBD08B5C7
:10F4E00001218020D9F7E3FC4FF40070ADF8000053
:10F4F00028208DF803006946E248D9F7D2FA0520A2
:10F50000DEF7E3F8E0480268E049E14842B1012251
:10F510008A8090F8F62042F0010280F8F62007E099
:10F5200000228A8090F8F62002F0FE0280F8F62091
:10F530002A224A80427608BDF8B501214FF4247092
:10F54000D9F7B5FC0220ADF8000000208DF80300CB
:10F55000D04D69462846D9F7A4FA2421ADF8001009
:10F5600010268DF8036003248DF802406946284672
:10F57000D9F797FA04212846D9F7FDFA2021284621
:10F58000D9F7FBFA4FF4F865ADF800508DF8036039
:10F590008DF80240BB4C69462046D9F782FA2946CD
:10F5A0002046D9F7EAFAF8BD70B506460C4615466E
:10F5B00002213046D9F719F905232A46214630465B
:10F5C000D9F738F801213046D9F711F80221304631
:10F5D000D9F704F90028F9D03046BDE87040D9F7D2
:10F5E0006DB82DE9F0474FF000084FF001090027F2
:10F5F000DFF88CA201220B215046FFF7D5FF84B221
:10F60000A044B9F1010F3BD0A64200D82646A5423E
:10F6100000D22C4625460A20DEF738F87F1CFFB2C0
:10F620000C2FE7D3A8EB0600401BC0EB80200A217B
:10F63000B0FBF1F0984CB4F84B10B0FBF1F080B295
:10F64000964D81086878FDF726F880B24FF6FF7175
:10F65000884205D201EA800091496A7821F81200B7
:10F660006878401CC3B26B7094F8234000210122DB
:10F670008C48042C09D0072C07D00C2C40D09BE0E0
:10F68000264625464FF00009C5E703F007036B70D7
:10F69000082B0AD2DFE803F0040A10161C22282ED9
:10F6A00000F5D07081604160016085E000F5D070A8
:10F6B0008260416001607FE000F5D070816042604F
:10F6C000016079E000F5D07082604260016073E013
:10F6D00000F5D0708160416002606DE000F5D0708F
:10F6E00082604160026067E000F5D0708160426036
:10F6F000026061E000F5D0708260426002605BE011
:10F700000B24B3FBF4F604FB16336B700B2B53D2B4
:10F71000DFE803F0060D141B222930373E454C006C
:10F7200000F5CE70C16081604160016044E000F589
:10F73000CE70C2608160416001603DE000F5CE7036
:10F74000C16082604160016036E000F5CE70C26049
:10F750008260416001602FE000F5CE70C160816081
:10F760004260016028E000F5CE70C26081604260B6
:10F77000016021E000F5CE70C160826042600160EE
:10F780001AE000F5CE70C26082604260016013E052
:10F7900000F5CE70C1608160416002600CE000F550
:10F7A000CE70C26081604160026005E000F5CE70FD
:10F7B000C1608260416002603B486978405CBDE89E
:10F7C000F047FBE52DE9F04133483849384C90F8D3
:10F7D00023000D684E68042804D0072802D00C28A6
:10F7E00023D034E00E22334931480FF0EDF9C4F84C
:10F7F0000E50C4F81260304E3078012827D12F49BE
:10F800000878421CD5B20D70C00709D00522162118
:10F8100027480FF0EBF9322D19D90020307016E08F
:10F82000162123480FF0E9F9F5E722480268226023
:10F830004268626002892281807AA072C4F80B500B
:10F84000C4F80F600889A4F81300887A6075002155
:10F85000174E012516360020225C02F00F028A4264
:10F860002ED8020902EB420206EB820200F00F07DB
:10F8700032F8113005FA07F73B4322F811302DE03A
:10F8800000240140001C0140248123427AB9026017
:10F890007ABF02600010014052630460840400607B
:10F8A0007AB702600080234265300560847204608C
:10F8B00042750460A4720460590400605A04006038
:10F8C000020902EB420206EB820200F00F0732F857
:10F8D000113005FA07F7BB4322F81130401CC0B2C3
:10F8E0001628B9D3491CC9B20629B4D3BDE8F081A2
:10F8F0002DE9FC4FFE48FF4BDFF8FCE390F82300B6
:10F900000022042803D0072801D00C2861D1FB4E27
:10F91000317801297ED1F1884FF4FA74B1FBF4F506
:10F9200004FB151414B93479E4433471491C1FFAEB
:10F9300081FBA6F806B0F64CEF4DF149DFF8C49311
:10F94000DFF8C4A3DFF8C48324782D785FEA8B77CF
:10F9500040D0F04EF24F0BF0030C36780196EE4E8D
:10F96000BCF1020F36780096EC4E3F7836787DD0A9
:10F97000DFF8B0C30121CCF88C11DFF8ACC3CCF8B0
:10F980008411C8F89011CCF89011CCF88C11DFF8E4
:10F990009483C8F8A811C9F8A411CCF88811CCF840
:10F9A000B411CCF88011C3F8B811CAF8AC11C3F87F
:10F9B000B411C446CCF89811C3F8B011DFF84CC3A9
:10F9C000CCF8AC111521BBFBF1FC01FB1CB10029EB
:10F9D0007DD072E1DFF850C30127CCF88471DFF8E5
:10F9E00044C3CCF88C2104284DD007284BD0C449FF
:10F9F00096F802B0DFF8148331F81B10C1F3C0276A
:10FA0000C8F89071C84FC1F30038C7F89081C1F3AE
:10FA1000403800E0CAE1C7F88C81C1F38038CCF8E7
:10FA2000A881C90BC9F8A411B54901EB4B01097BA9
:10FA300001F00108C7F88881C1F34008C7F8B48114
:10FA4000C1F38008C7F88081C1F3C007C3F8B8715B
:10FA5000C1F30017CAF8AC71C1F34011C3F8B41177
:10FA6000B5B30021CCF898119CB300E05CE0002114
:10FA7000C3F8B011AD4934790C60B178052951D281
:10FA8000491CB17019E19E4996F802B0DFF87C82FA
:10FA900031F81B1001F00107C8F89071A24FC1F3B3
:10FAA0004008C7F89081C1F38008C7F88C81C1F382
:10FAB0008038CCF8A881C90BC9F8A411904901EB92
:10FAC0004B01097B01F00108C7F8888102E0D6E00C
:10FAD00024E025E0C1F34008C7F8B481C1F38008F1
:10FAE000C7F88081C1F3C007C3F8B871C1F300172C
:10FAF000CAF8AC71C1F34011C3F8B41155B100217B
:10FB0000CCF8981144B10021C3F8B0118749347979
:10FB10000C60B2E70121F3E70121F5E70121A1E73C
:10FB20000121A5E7B270C8E07E4D0124C5F88C41E3
:10FB30007F4C2260784C042894F800C0754C2478DF
:10FB400044EA0C0448D0072846D0DFF8B0C19CF83E
:10FB500003C031F81C1001F0010CC8F890C1DFF8A7
:10FB6000C8C1C1F3400BCCF890B1C1F3800BCCF805
:10FB70008CB1C1F3C00BC5F8A8B1C1F3001BC9F823
:10FB8000A4B1C1F34019CCF88891C1F38019CCF825
:10FB9000B491C1F3C019CCF88091C1F3002CC3F823
:10FBA000B8C1C1F3402CCAF8ACC1C1F38021C3F87D
:10FBB000B411E6B30021C5F89811CFB30021C3F802
:10FBC000B011B4B30021C8F8AC114C4CE178052950
:10FBD00053D2491CE17070E0DFF820C19CF803C0EB
:10FBE00031F81C10C1F3C00CC8F890C1DFF838C15F
:10FBF000C1F3001BCCF890B1C1F3401BCCF88CB121
:10FC0000C1F3801BC5F8A8B1C1F3C01BC9F8A4B1EA
:10FC1000C1F30029CCF88891C1F34029CCF8B49104
:10FC2000C1F38029CCF88091C1F3C02C02E01EE022
:10FC30001FE020E0C3F8B8C1C1F3003CCAF8ACC172
:10FC4000C1F34031C3F8B4115EB10021C5F8981179
:10FC50004FB10021C3F8B0113CB10021C8F8AC117C
:10FC6000B3E70121F2E70121F4E70121F6E70121E1
:10FC7000A1E70121A3E70121A5E7E2701DE0DDF87E
:10FC800004C02449BCF1010F00D10A70DDF800C0A6
:10FC90002149BCF1010F00D10A701D49012C00D18E
:10FCA0000A70012D01D18EF800201D49012F00D1CD
:10FCB0000A701A49012E00D10A70082876D10F4C1B
:10FCC0004FF4FA71E088B0FBF1F501FB150121B9A1
:10FCD000D3F89811C943C3F89811401C80B2E08052
:10FCE0001421B0FBF1F401FB1401D1BB0B4921E05D
:10FCF00052630460000024425104006084040060E8
:10FD00005875046000802142008023420000214297
:10FD1000500400604B0400604A0400604D04006021
:10FD20004C0400600080224200002342AC012142CA
:10FD300084012342097801B30021C3F8A011364998
:10FD40000978E1B10021C3F89C1134490978C1B1A7
:10FD50000021C3F8A4119EF80010A1B10021C3F83E
:10FD6000A8111521B0FBF1F301FB130000281DD1F0
:10FD70002A480178012908D008E00121DDE70121A6
:10FD8000E1E70121E5E70121E9E702709EF80000C3
:10FD9000012801D18EF800201F480178012900D1E7
:10FDA00002701F480178012900D10270BDE8FC8F64
:10FDB000FFF795FBFFF744F9FFF7EEF9FFF7BCFB00
:10FDC000FFF72CFBFFF74EFA16480127077016487D
:10FDD0000078FFF7F3FADFF854800A261420DCF7E6
:10FDE000A2F9FFF7FEFB2846B0FBF6F16D1C06FBFF
:10FDF0001100ADB238B9FDF798FAFDF71EF8FFF71C
:10FE0000E1FCFFF72FFA052C02D2641CE4B2E5E70F
:10FE100088F80070E2E700004C04006050040060C5
:10FE20004D0400606D04006065300560840400606E
:10FE300010B5FC4C01202070DBF758FE08B12A28D1
:10FE400012D1F948007808B102202070F74900204B
:10FE500001F0A5FA20710020A070FF216170F44A22
:10FE60002178A2F85210E07010BD70B5F14C94F8F2
:10FE7000230001280FD005280DD002280BD006281A
:10FE800009D0042807D0072805D00C2803D0032860
:10FE900001D008281ED1E349097801291AD1E64D7D
:10FEA000022801D0062805D12868DCF7E9F90120ED
:10FEB000DAF73EFCFFF7BCFF94F82300022801D0DC
:10FEC000062807D10020DAF733FC2868BDE8704027
:10FED000DCF71ABA70BD2DE9F04F85B005460C4627
:10FEE000302C03D3012005B0BDE8F08F30270A265F
:10FEF0004FF031084FF041094FF0440A4FF0010B29
:10FF0000182C44D21422CDA168460EF05DFE0BEBF6
:10FF100054000A280CD3B0FBF6F130318DF80710ED
:10FF2000B0FBF6F106FB110030308DF8080005E05B
:10FF30008DF8077008EB54008DF80800E00723D017
:10FF40008DF809A04FF47A70B5FBF0F130318DF8DF
:10FF50000310B5FBF0F100FB11516420B1FBF0F18F
:10FF600030318DF80410B5FBF0F100FB1150B0FBFF
:10FF7000F6F030308DF80500B5FBF6F006FB1050BA
:10FF800030308DF8060032E08DF80990DAE714225F
:10FF9000AAA168460EF018FEA4F1180000EBD0717B
:10FFA0000BEB61000A280CDB90FBF6F130318DF889
:10FFB000071090FBF6F106FB110030308DF80800B9
:10FFC00005E08DF8077008EB61008DF80800E00788
:10FFD0001ED08DF809A054208DF8030049208DF81B
:10FFE00004004D208DF805005F208DF8060004EB1D
:10FFF000C400964900EBC41001EB8000132269464F
:020000040803EF
:1000000001F0DCF900287FF46EAF86494C706AE796
:100010008DF80990DFE72DE9FF5F0C461546814F0B
:100020003878022803D0012004B0BDE8F09F387969
:1000300008B10020F8E7DFF81892C821D9F80000CD
:10004000DCF7A4FF50B1DFF8EC81DFF8ECA198F801
:100050002300022804D0062802D008E00020E3E7AD
:10006000DAF80000DCF70CF90120DAF761FB012D6A
:100070000BD0012000EB4400C6B27878B04207D024
:1000800031460098FFF727FF03E06006060EF4E70D
:10009000002038B1002498F82310022942D0062904
:1000A00040D046E006EBC60000EBC611674800EB07
:1000B00081052846039901F044FC04464FF0000BEB
:1000C000B4B131460098FFF706FF2846039901F0C6
:1000D00038FC0446B878401CB8700CB987F802B0F8
:1000E000B878052804D987F802B00520E4F726FF80
:1000F000B4B987F802B04B4B4FF4C87428460C33A0
:100100002246544901F001FA2246524952480EF063
:100110005BFD52490398884202D1284601F007FC52
:100120000124B8E70020DAF703FBDAF80000DCF777
:10013000EBF8D9F80000DCF774FE204674E72DE9EF
:10014000FF4F83B00446DDF840801F46002600259F
:10015000DFF8D0B0A9469BF80000022807D0C7F806
:1001600000900120C8F80000002007B0BCE6182C61
:1001700001D30020F9E7DDE90401884201D900201C
:10018000F3E79BF8040008B10020EEE73048C821EF
:100190000068DCF7FBFE38B1264890F823000228FF
:1001A00004D0062802D008E00020DEE722480068DC
:1001B000DCF766F80120DAF7BBFA1834E1B2002068
:1001C0000294FFF788FE0446C7F80090C8F8009034
:1001D0004FF400711F480EF010FD4CB1002000904C
:1001E000144890F8230002287AD0062878D0C7E077
:1001F0001198C409B4F5005F32DB0E4890F8230073
:10020000022801D0062806D10020DAF791FA0A4820
:100210000068DCF779F80E480068DCF702FE002081
:10022000A3E700008C04006040000060B875046023
:10023000207204605263046060040060303A2F2032
:100240002020202020202E62696E0000E6770460C6
:1002500048020060A6DE04603CD00160708E0100A0
:10026000029800EBC00101EBC010C94901EB80000E
:1002700001906102019801F064FB10B10020009030
:1002800069E0C44B4FF40072C349019801F03DF995
:1002900010B1002000905EE07F201199A1F1010EC5
:1002A00000EBC412724553D2DAB1BB4901EB8001B5
:1002B0000968E9B3B94BDFF8E8C20B44634526D3BC
:1002C00000EBC410401E002801DD921E3A600120A0
:1002D000C8F80000841E01260125CBF808903AE0FA
:1002E00047E056EA050002D0012D05D00AE0C7F824
:1002F0000090C8F8009005E0C7F800900AF10100EE
:10030000C8F800004FF0FF34CBF8089023E0059BBD
:10031000994205D225B902F1010A0125CBF80890CE
:10032000049B99420CD25EB93A600126012D00E08F
:100330000EE003D1AAEB0201C8F80010CBF8089038
:10034000012E05D1012D03D1A81E0446CBF808903B
:10035000401E0028A4DA641E002C8ADADBF80800AC
:1003600000287FF43DAF01200090019801F0DFFAF2
:1003700036E70020DAF7DCF98A480068DBF7C4FFCB
:1003800089480068DCF74DFD0098EEE62DE9FF4F47
:1003900081B088467F4F0C3F3878022801D0012079
:1003A000A1E5814864210068DCF7F0FD38B17F48A1
:1003B00090F82300022804D0062802D008E000208C
:1003C00091E578480068DBF75BFF0120DAF7B0F9C8
:1003D0000120039900EB480901290DD009F0FF0421
:1003E000002504F11806F1B20020FFF774FDAA46BB
:1003F00030B10D2843D047E04FEA4860040EEFE7E4
:10040000EDF7F8FC83466549491E0BEB0100644992
:10041000891E884229D2664850F82400810006EBE4
:10042000C60000EBC6125A4800EB8200009001F0B3
:1004300088FAD0B958486E38C0F86EB0554B0422CF
:100440001B1D5549009801F020F958B1B878401C9F
:10045000C0B2B870052808D987F802A00520E4F7D3
:100460006DFD02E087F802A0012506EBC60000EB57
:10047000C611474800EB810001F059FA04E003205F
:1004800038704C4981F8C200012D6AD1DFF828B1DB
:10049000BBF83400401CABF834000025214601981D
:1004A000FFF719FD38BBBBF81400401CABF8140073
:1004B00004EBC40000EBC411354800EB8106304664
:1004C000049901F03EFAB8B1BBF81600401CABF835
:1004D000160021460198FFF7FEFCB878401CC0B218
:1004E000B8700421ABF82A1005283AD987F802A081
:1004F0000520E4F723FD34E0BBF81800401CABF8FE
:10050000180087F802A003982C494FF4C8740128FA
:1005100018D009EBC90000EB091001EB00112246CD
:100520001D480EF051FB1B4B30461B1D22461A493D
:1005300001F0ABF82249049888420ED1304601F010
:10054000F6F90DE008EBC80000EB081001EB4011D4
:10055000224611480EF038FBE5E7304601F09AF9E3
:100560000125124890F82300022801D0062806D160
:100570000020DAF7DDF80B480068DBF7C5FE0A4813
:100580000068DCF74EFC2846ADE40120704700000F
:10059000E677046098040060A6DE046080F6B6A5E5
:1005A000815E92166004006048020060526304603D
:1005B000DCCF01607ABF026020720460CCD10160A0
:1005C000708E010010B5002803D0012020B1012059
:1005D00010BDDBF78BFAF9E7002010BD0020704753
:1005E00070B50D46114604461A460120002A01D076
:1005F0002CB901E0042070BD2846DBF747FB08B1A9
:10060000012070BD002070BD2DE9F04184460E46EA
:1006100017461D4600201F24002D07D0BCF1000FF7
:100620000FD0012080B10120BDE8F0810420FBE75C
:100630002A4639463046DBF75EFB0028F2D0641EBE
:10064000E4B2002CF4D1EDE70020EDE7002801D062
:100650000120704739B1012910D0022905D00329A2
:1006600008D004207047002070474FF400701080BD
:10067000002070470820108000207047002070473D
:100680000020704710F086BB10F0AEB903E011F8FF
:10069000013B00F8013B521E531CF8D17047C9B210
:1006A00001E000F8011B521E531CFAD1704710B52F
:1006B0000023521E541C05D010F8013B11F8014BC9
:1006C0001B1BF6D0184610BD00E0401C02780AB192
:1006D0008A42FAD1007870472DE9F04104460F466E
:1006E000D4F82A50BD4231D0207904F12E0808B345
:1006F000607801232A464146FFF786FF10B10120AA
:10070000BDE8F08100202071D4F81E00D4F81A1042
:100710000844A8420ED9E6780AE0D4F81A00054445
:10072000607801232A464146FFF76EFF761EF6B237
:10073000012EF2D857B1607801233A464146FFF7BF
:100740004FFF08B10120DBE7C4F82A700020D7E78B
:100750002DE9F041044600212046FFF7BDFF054684
:10076000280053D12078032849D16079E8B30026C6
:10077000C4F82A6004F12E004FF4007200210746ED
:10078000FFF78DFF5520123484F81A02AA2084F84E
:100790001B025220207760776120A0774121E1770A
:1007A000722284F8002284F8012284F8021284F86C
:1007B000030254F8040C84F80402010A84F80512B8
:1007C000010C84F80612000E84F8070254F8080C95
:1007D00084F80802010A84F80912010C84F80A124C
:1007E000000E84F80B02226800E008E014F8110CF7
:1007F00001233946FFF708FF04F80D6C123C002274
:1008000060781146FFF722FF00B10125284677E7FF
:10081000891ED0F81620921E8A4201D80020704707
:10082000D0F82620807801FB002070472DE9F041A8
:1008300004460D46022D03D3D4F81600A84201D871
:1008400001205DE72078012804D0022828D0032861
:100850003FD136E005EB5506D4F81E0000EB5621DB
:100860002046FFF739FFA0BBC6F30800204490F8EC
:100870002E70761CD4F81E0000EB56212046FFF7A0
:100880002BFF30BBC6F30800204490F82E0047EA47
:100890000020E90701D0000932E7C0F30B002FE781
:1008A000D4F81E0000EB15212046FFF715FF80B994
:1008B000E8B204EB40002E300178407841EA002095
:1008C0001EE7D4F81E0000EBD5112046FFF704FF09
:1008D00010B14FF0FF3013E740F2FF1000EA85003F
:1008E00020442E300178C27841EA02618278407853
:1008F000120442EA0020014321F0704000E72DE994
:10090000F04704460D461646022D03D3D4F81600D0
:10091000A84202D80220BDE8F087207806F0FF093F
:100920004FF00108012807D0022839D0032849D008
:10093000022084F80480EEE705EB5507D4F81E008A
:1009400000EB57212046FFF7C7FE0028F1D1C7F37F
:10095000080020442E30E90703D0017869F31F1105
:1009600000E0314601707F1C84F80480D4F81E003A
:1009700000EB57212046FFF7AFFE0028D9D1C7F37F
:10098000080121442E31EA0702D0C6F3071205E020
:100990000A78C6F3032302F0F0021A430A70C8E78C
:1009A000D4F81E0000EB15212046FFF795FE002825
:1009B000BFD1E9B204EB410181F82E90320A81F8EF
:1009C0002F20B6E7D4F81E0000EBD5112046FFF724
:1009D00083FE0028ADD140F2FF1101EA85012144D8
:1009E0002E314FF07043CA7803EA026232430A7034
:1009F000130A4B70130C8B70120ECA7099E72DE915
:100A0000F04105460F46022F03D3D5F81600B84231
:100A100001D8022628E000264FF0010820E03946E0
:100A20002846FFF703FF0446F4B1012C0AD0601CEE
:100A30000AD0002239462846FFF761FF06463000FB
:100A400012D103E002260FE001260DE0D5F80E00DA
:100A5000411C04D0401CC5F80E0085F805802746CF
:100A6000D5F81600B842DAD8304649E62DE9F0410B
:100A700006460F46002F07D039463046FFF7D6FE10
:100A800002280AD201203BE6D6F80A501DB1D6F85A
:100A90001600A84206D8012504E0D6F816108142B7
:100AA000F1D83D462C46641CD6F81600A04204D866
:100AB0000224022D01D2002022E621463046FFF713
:100AC000B5FE38B1411CDED00128DCD0AC42EAD101
:100AD000002015E66FF0704221463046FFF70FFF09
:100AE00028B927B1224639463046FFF708FF20B122
:100AF00001280ED00124204602E6C6F80A40D6F8A6
:100B00000E00411CF7D0401EC6F80E000120707187
:100B1000F1E74FF0FF34EEE770B504460D46E5808F
:100B2000A168012904D02068D0F816208A4201D893
:100B3000022070BD21B90278032A01D1D0F8221019
:100B400011B1807806011EE0E1600189A94201D857
:100B5000022070BDD0F8220000EB151020611BE0D0
:100B60002068FFF763FE0146481C08D0022904D321
:100B70002068D0F81600884203D8022070BD0120FA
:100B800070BDA81B85B2B542EAD2E1602068FFF7CC
:100B90003FFE00EB15102061206805F00F012E22AA
:100BA00002EB411108446061002070BD2DE9F04165
:100BB00004460E46E088401C87B2002F04D020690E
:100BC00010B1390702D06EE0042099E5401C206185
:100BD000E16831B120688278521E12EA171F06D0F0
:100BE00061E020680089B8425DD8042088E5FFF7FD
:100BF0001DFE0546012D01D8022081E5681C16D096
:100C00002068D0F81610A94247D896B1E168FFF7DE
:100C10002DFF054628000ED0012D0ED0681C0ED0E9
:100C200020680021FFF758FD58B1012068E5012038
:100C300066E5042064E5072062E5022060E5012006
:100C40005EE520684FF400722E300021FFF727FD8B
:100C500020682946FFF7DCFD2168C1F82A0000263C
:100C60004FF001080FE080F8048020680021FFF7B2
:100C700033FD08B1012043E5206850F82A1F491CC4
:100C80000160761CF6B220688178B142EBD8216809
:100C9000D1F82A10891BC0F82A10E560206829467F
:100CA000FFF7B6FD2061E780206807F00F012E22D4
:100CB00002EB411108446061002021E50246887E74
:100CC000CB7E40EA03201278032A05D10A7D497DB4
:100CD00042EA012140EA0140704781760A0AC27661
:100CE0000A0C0275090E417570472DE9F041054661
:100CF00000212846FFF710FF0446200000D0FFE443
:100D000000264FF4FA77761CB6B2BE4217D829698E
:100D10002868FFF7E1FC04468CB96869017881B165
:100D2000C17A090704D4A9690B22FFF7C0FC30B1CE
:100D300000212846FFF73AFF0446002CE3D0204666
:100D4000DEE40424FBE710B50446042015E0206827
:100D5000FFF7C2FCA0B96269117861B1E52904D03E
:100D60002E2902D0D17A09070AD500212046FFF7A3
:100D70001DFF10B104E0042002E021690029E6D142
:100D8000002801D00021216110BD70B50546002169
:100D90002846FFF7C1FE0446200011D129692868C2
:100DA000FFF79AFC04465CB968690078E52807D02B
:100DB00030B101212846FFF7F9FE0446002CEDD0A2
:100DC000A4B929692868FFF787FC044620000DD1E3
:100DD0006E69202200213046FFF761FCA9690B22D1
:100DE0003046FFF753FC296801200871204670BD8A
:100DF00010B504462046E188FFF78EFE00280BD18F
:100E000021692068FFF768FC002805D16269E521A7
:100E1000117022680121117110BD2DE9F05F8B4620
:100E2000DBF8007000E07F1C39782F29FBD05C29AB
:100E3000F9D0D0F818A00B2220215046FFF72FFC44
:100E400000252E46A8464FF00809404608F1010843
:100E50003C5C202C0BD92F2C09D05C2C07D02E2CDD
:100E600001D04E4516D3B9F1080F0AD107E007EBC0
:100E70000800CBF80000202C2BD804202AE02E2CD0
:100E800002D00620BDE8F09F08264FF00B09A80607
:100E9000050EDAE7802C01D30620F3E72146F7A000
:100EA000FFF712FC08B10620ECE7A4F14100192875
:100EB00002D845F0020507E0A4F16100192803D823
:100EC00045F00105203CE4B23046761C0AF80040AB
:100ED000BBE7002026B19AF80010E52902D004E013
:100EE0000620CFE705218AF80010B9F1080F01D1DB
:100EF000A9060D0E05F00301012901D140F01000F3
:100F0000C5F38101012901D140F008008AF80B00E6
:100F10000020B7E730B501F109020369002B32D098
:100F200040690024035D202B07D0052B00D1E52369
:100F300002F8013B641C082CF4D3037A202B0BD05D
:100F40002E2302F8013B0823C45C202C04D002F8B5
:100F5000014B5B1C0B2BF7D3C37A0B72037FC47F4F
:100F6000457F43EA0463847F240444EA0524234341
:100F70000B60037E447E43EA04238B80837DC07D27
:100F800043EA0020C8800020107030BD73B50446CD
:100F9000019908782F2801D05C2801D1491C0191C2
:100FA0000025A56001980078202805D20021204660
:100FB000FFF7B2FD65617CBD01A92046FFF72DFF5B
:100FC0000028F8D12046FFF790FEA169C97A28B120
:100FD0000428F0D14907EED405207CBD4907FCD494
:100FE0006169C87AC00601D405207CBD2068FFF77E
:100FF00065FEA060E0E710B504460A46607801236C
:1010000004F12E01FFF7ECFA08B1032010BD94F8AB
:101010002C0294F82D1240EA0120A0F52A415539FE
:1010200001D0022010BD14F8640FE178627840EA24
:101030000161A078643C000440EA02200143934827
:10104000B0EB012F01D1002010BD14F8801FE27811
:10105000637841EA0261A278120442EA0322114352
:10106000B0EB012F01D1002010BD012010BD2DE9F2
:10107000F0470E46154601680B78303B092B02D825
:101080004A783A2A05D000230027376023B10B2085
:1010900041E4891C0160F7E77D48046884B134604D
:1010A000207820B16078FFF799FAC1070AD0384656
:1010B00027706070FFF786FAC1070AD003202AE480
:1010C0000C2028E41DB1400701D50A2023E40020AC
:1010D00021E41DB1400701D50A201CE40026314659
:1010E0002046FFF788FF0146012912D104F5F6706A
:1010F000027972B1017AC27A41EA0266817A407A53
:10110000090441EA0020064331462046FFF773FFF9
:101110000146032902D019B10D200CE401200AE494
:1011200094F8390094F83A1040EA0120B0F5007FB5
:1011300001D00D20ACE794F8440094F8451040EA43
:10114000012058B914F8520FE178627840EA016042
:10115000A1780904523C41EA02210843C4F81A006C
:10116000814694F83E10E170012903D0022901D094
:101170000D208DE7484394F83B20A27012B1531E16
:101180001A4201D00D2083E794F83F1094F84030C4
:1011900041EA03232381190701D00D2078E794F851
:1011A000411094F8425041EA052161B914F84E1FEC
:1011B000E57894F801C041EA0561A5782D044E3C1C
:1011C00045EA0C25294394F83C5094F83DC045EA83
:1011D0000C28B8F1000F07D008EB000505EB131C35
:1011E000614503D20D2053E70D2051E7A1EB0C011F
:1011F000B1FBF2F149B3012540F6F672914200D3FA
:1012000002254FF6F672914200D30325891C44F85B
:10121000161F06EB0C02226106EB0802A260163CC8
:10122000032D14D033B31044C4F82200022D23D070
:1012300001F0010001EB410100EB510000F2FF1051
:10124000B9EB502F26D20D2022E70D2020E70BB15D
:101250000D201DE714F85A0FE278637840EA026027
:10126000A278120442EA0322104344F8380C5A3C94
:101270008800E3E70D200BE74800DFE7222A2B2C4C
:101280003A3B3C3D3E3F5B5D7C7F00000046415465
:10129000A40400604FF0FF30C4F80E00C4F80A70D8
:1012A000032D5CD1677194F85E0094F85F1040EAFA
:1012B00001208219C4F812206078012304F12E0164
:1012C000FFF78EF9F0BB94F82C0294F82D1240EA47
:1012D0000120A0F52A41553941D114F82E0FE178AB
:1012E000627840EA0160A1782E3C090441EA0221BB
:1012F0000843F749884232D194F8120294F8151243
:1013000094F8132240EA016094F81412090441EAA7
:1013100002210843EF49884221D194F81A0294F837
:101320001D1294F81B2240EA016094F81C12090473
:1013300041EA02210843C4F80A0094F8160294F81E
:10134000191200E00BE040EA016094F8181294F8DA
:101350001722090441EA02210843C4F80E0025704F
:10136000DD490888401C0880E080C4F82A70277195
:1013700000208DE610B50168002905D00A781AB161
:10138000CA888088824201D0092010BD4878FFF7C2
:1013900025F9C00701D0032010BD002010BD002892
:1013A00001D00B207047CC4A121D1068002300B1F9
:1013B000037001B10B701160002070472DE9F747F1
:1013C0008BB00746002F0FD04FF00008C7F8008001
:1013D00002F01F0626F0010204A90CA8FFF747FE41
:1013E0000546280003D08EE009200EB050E601A883
:1013F0000A9004A80C99FFF7C9FD0546099C0DB990
:1014000004B9062516F01C0F4DD04DB1042D03D1A3
:1014100004A8FFF7BAFC054646F00806099C08E058
:10142000E07A10F0110F01D0072502E0700700D517
:101430000825BDBB300741D5FFF722F9A073010A8B
:10144000E173010C2174000E607484F80B8084F841
:101450001C8084F81D8084F81E8084F81F8021463B
:101460000498FFF72BFC814600212046FFF735FC4E
:10147000049901200871B9F1000F1FD00498D0F829
:101480002AA049460498FFF7BAFA0546280015D164
:101490000498A9F10109C0F80A9051460498FFF791
:1014A0001BF905460AE04DB9E07AC10601D50425CD
:1014B00004E0B10702D5C00700D0072545B93007C1
:1014C00001D546F020060498D0F82A00F8613C6265
:1014D000CDB9BE7121460498FFF7F0FB3861207F3B
:1014E000E17F627F40EA0160A17F090441EA0221B5
:1014F0000843F860C7F80880C7F818800498386077
:101500000498C088B88028466FE72DE9F05F04464C
:101510000F46164698460020C8F800002046FFF700
:1015200029FF002803D1A079010601D50220A9E4F2
:10153000C00708D0E068A168401A864200D9064674
:1015400004F124099CE007209CE4A068C1057FD138
:1015500022689178491E01EA502101F0FF0ABAF190
:10156000000F11D158B161691046FFF75FF90228E9
:1015700007D2A07940F08000A071022082E42069A7
:10158000F5E7411C1ED0606161692068FFF740F9F2
:10159000F0B100EB0A0B750A8DB320680AEB050267
:1015A00081788A4201D9A1EB0A05EBB240785A460C
:1015B0003946FFF715F888B1A07940F08000A07196
:1015C00001205FE4A07940F08000A071012059E47F
:1015D000A07940F08000A071022053E4A079400679
:1015E0000BD5A069A0EB0B00A84206D207EB402068
:1015F0004FF400724946FFF749F86D0236E0FFE705
:10160000A2695A4522D0A079400610D5206801234E
:1016100049464078FEF7F8FF28B1A07940F08000F5
:10162000A07101202EE4A07920F04000A071206874
:1016300001235A4640784946FEF7D2FF30B1A079DF
:1016400040F08000A07101201CE401E0C4F818B053
:101650002089C0F30800C0F50075B54200D93546B1
:10166000011924312A463846FFF710F82F44A068A4
:101670002844A060D8F800002844C8F80000761B71
:10168000002E7FF462AF002007E42DE9F84F0446F6
:101690000F46164699460020C9F800002046FFF77D
:1016A00069FEDFF8388020B10121A8F82C10BDE8D0
:1016B000F88FA079010603D50220A8F82C00F6E7E0
:1016C00080070DD40320A8F82C000720EFE70000C6
:1016D0005252614172724161A00400602072046044
:1016E000E068811900D3002604F124000090C0E0D6
:1016F000A068C10572D122689178491E01EA502183
:1017000001F0FF0ABAF1000F0BD1F0B16169104688
:10171000FFF7ACF9002874D001281FD0411C26D057
:101720006061A07940062FD52068A2690123407826
:101730000099FEF769FF18B30620A8F82C00A079DD
:1017400040F08000A0710120B1E720690028E1D1BC
:1017500000211046FFF78AF92061DBE70420A8F892
:101760002C00A07940F08000A07102209FE70520A6
:10177000A8F82C00A07940F08000A071012096E725
:10178000A07920F04000A07161692068FFF740F85F
:10179000D8B100EB0A0B750AA5B320680AEB050265
:1017A00081788A4201D9A1EB0A05EBB240785A460A
:1017B0003946FEF729FF90B10820A8F82C00A0793F
:1017C00040F08000A071012071E70720A8F82C00EC
:1017D000A07940F08000A071022068E72DE0A069A8
:1017E000A0EB0B00A8420AD207EB40214FF4007295
:1017F0000098FEF74BFFA07920F04000A0716D0229
:101800002DE039E0FFE7A069584514D0A068E168F1
:10181000884210D2206801235A4640780099FEF78A
:10182000DFFE40B10820A8F82C00A07940F080002D
:10183000A07101203BE7C4F818B02089C0F308006C
:10184000C0F50075B54200D93546204424302A46FB
:101850003946FEF71BFFA07940F04000A0712F44ED
:10186000A0682844A060D9F800002844C9F8000006
:10187000761B002E7FF43CAFA068E168884200D957
:10188000E060A07940F02000A0710920A8F82C00A9
:1018900000200CE770B504462046FFF76BFD0028DA
:1018A0000ED1A1798A060BD548060ED52068A2690B
:1018B0000123407804F12401FEF7A6FE08B10120BF
:1018C00070BDA07920F04000A071E1692068FEF7AA
:1018D00003FF0028F4D1256AE87A40F02000E8727E
:1018E000207B2877A089000A6877E068000CA87739
:1018F000E068000EE87721692846FFF7EEF9FEF769
:10190000BFFEA875010AE975010C2976000E6876FC
:101910000020A874E874A07920F02000A07121684C
:10192000012008712068BDE87040FEF711BF10B5B6
:1019300004462046FFF7AEFF002801D100212160B8
:1019400010BD2DE9F04104460D462046FFF712FD7B
:1019500080465FEA080001D0BDE8F081A079010669
:1019600001D50220F8E7E168A94202D2800700D43D
:101970000D46A0680027A760002D62D022689178EC
:101980004E0268B1691E401EB1FBF6F1B0FBF6F3E2
:10199000994205D3711E8843A0602D1A61690CE03D
:1019A000216949B900211046FFF760F80146012975
:1019B00005D0481C09D02161616179BB41E0A07963
:1019C00040F08000A0710220C6E7A07940F08000BE
:1019D000A0710120C0E7A079800706D52068FFF735
:1019E00045F8014629B9354620E02068FEF71EFF7C
:1019F0000146481C0CD0012904D92068D0F81600F3
:101A000088420CD8A07940F08000A0710220A3E7A2
:101A1000A07940F08000A07101209DE704E06161A1
:101A2000A0683044A060AD1BB542D4D8A06828445B
:101A3000A060E80505D02068FEF7EAFEC8B100EB1B
:101A400055272089C0052DD0A269BA422AD0A07995
:101A500004F12405400616D5206801232946407864
:101A6000FEF7D2FD58B1A07940F08000A0710120AE
:101A700072E7A07940F08000A07102206CE7A079A5
:101A800020F04000A071206801233A4640782946A2
:101A9000FEF7A6FD28B1A07940F08000A0710120DA
:101AA0005AE7A761A068E168884204D9E060A0799C
:101AB00040F02000A07140464EE7F3B583B00546E4
:101AC000002D0CD00022294604A8FFF7D0FA0446C6
:101AD0002E6800272CB12F60204605B0F0BD0920EC
:101AE000FBE7C5F818D028460499FFF74FFA0446DB
:101AF00094B9696941B1C87AC00604D53046FFF788
:101B0000DDF8A86000E0052434B9F088A880002141
:101B10002846FFF701F80446042C00D10524002CC8
:101B2000DAD02F60D8E7FEB504460E462046FFF710
:101B300021FC00280DD146B1C4F818D02046FFF78B
:101B400002F90025042805D006E000212046FEF712
:101B5000E3FFFEBD256100200028FAD13146204672
:101B6000FFF7D8F900212046FFF720F80428F0D12C
:101B700025610020FEBD33B58BB00D46002204A9BF
:101B80000BA8FFF774FA04467CB901A80A9004A8D0
:101B90000B99FFF7FBF904463CB9099820B1294697
:101BA00004A8FFF7B7F900E0062420460DB030BDC9
:101BB0002DE9F74F8B461446002221466846FFF771
:101BC00056FA804626685FEA080063D1D6F8169078
:101BD000D6F80E00A9F10201884202D8CBF8000025
:101BE00058E096F800A00025BAF1010F05D0D6F80C
:101BF0001E7000200024C0B124E00224214630469B
:101C0000FEF714FE411C03D0012804D030B106E0D9
:101C10004FF0010835E04FF0020832E06D1CD6F8B5
:101C20001600641C8442E9D32BE039467F1C304601
:101C3000FEF752FD80465FEA080022D106F12E042D
:101C40004FF40070BAF1020F0CD02178E27863787B
:101C500041EA0261A278120442EA03221143090117
:101C600009D009E02178627851EA022100D16D1C87
:101C7000A41C801E02E06D1C241D001FB9F1010987
:101C8000B9D1C6F80E50BAF1030F01D1012070711D
:101C9000CBF800504046BDE8FE8F70B50446002CDE
:101CA00006D02046FFF766FB0546280002D009E073
:101CB000092070BDA079010601D5022502E0800748
:101CC00000D40725ADBBE168A06881422CD9E06053
:101CD000A17941F02001A17138B161692068FEF756
:101CE000A5FD0646701C08D008E021692068FEF7B3
:101CF00086FE05460020206116E00125012E00D158
:101D000002258DB92068D0F81610B1420CD961694E
:101D10006FF07042FEF7F3FD0546280004D12068FD
:101D20003146FEF76CFE05461DB1A07940F08000FB
:101D3000A071284670BD71B591B001220AA911A801
:101D4000FFF795F90446E4BBCDF840D00AA81199F5
:101D5000FFF71CF90446A4BB0F9E56B1F07AC007EA
:101D600000D0072431460A98FEF7A8FF054614B1B3
:101D70001DE00624F6E7F07AC00618D5022D01D240
:101D8000022414E01C220AA903A8FEF77FFC059593
:101D9000022103A8FEF7C0FE044644B903A8FEF7DB
:101DA000D2FF044604B90724042C00D1002444B90E
:101DB0000AA8FFF71DF804461CB935B129460A9850
:101DC00000E007E0FEF71BFE04461CB90A98FEF788
:101DD000BFFC044612B0204670BD2DE9F14F8CB017
:101DE000FEF74EFC0646012204A90CA8FFF73FF9B6
:101DF000044620007ED101A80A9004A80C99FFF7A0
:101E0000C5F80446200000D10824042C72D100211A
:101E10000498FEF72BFE80460024B8F1000F00D195
:101E20000724B8F1010F00D10224B8F1FF3F00D11F
:101E3000012424B900210498FEF74EFC04464FF01B
:101E4000100A4FF00109D4BB41460498FEF7E0FCAC
:101E50008346049D2E354FF4007200212846FEF77C
:101E60001EFC0B2220212846FEF719FC2E272F707E
:101E700085F80BA0AE75300AE875300C2876300E68
:101E8000687641462846FEF728FF05F1200020220B
:101E900029460B90FEF7FAFB85F821700699049805
:101EA0000078032805D10498D0F82200884200D198
:101EB00000210B98FEF711FF0498877817E018E0CF
:101EC0000498C0F82AB00BF1010B049880F8049034
:101ED00000210498FEF700FC0446200009D14FF4CD
:101EE000007200212846FEF7DAFB7F1EFFB2002FAA
:101EF000E6D100E01EE01CB904A8FEF746FF044648
:101F000024B141460498FEF77AFD13E0099880F861
:101F10000BA08675310AC175310C0176310E417600
:101F20004146FEF7DAFE049880F804900498FEF724
:101F30000FFC04460DB02046BDE8F08F37B58AB0DF
:101F40000C461546012203A90AA8FFF790F80028BD
:101F500016D1CDF824D003A80A99FFF717F8002866
:101F60000ED1089868B105F02702C17A1440914358
:101F70000C43C4720399012008710398FEF7E8FB33
:101F800014E6062012E613B58AB00C46012203A916
:101F90000AA8FFF76CF8002819D1CDF824D003A8BF
:101FA0000A99FEF7F3FF002811D1089888B1A179AA
:101FB0008175E188090AC17521790176A188090A2C
:101FC00041760399012008710398FEF7C1FB0CB01C
:101FD00010BD0620FBE773B598B00D46012211A98C
:101FE00018A8FFF744F80446002C72D111980A9003
:101FF00001A8179011A81899FEF7C8FF0446002CF5
:1020000067D1169888B1169915220B3104A8FEF7EE
:102010003DFB1C2211A90AA8FEF738FB29460AA895
:10202000FEF7B4FF044614B102E0042451E0082492
:10203000042C4ED10AA8FEF7A8FE0446CCBB0F9D87
:1020400013220DF1120105F10D00FEF71FFB9DF8A3
:10205000100040F02000E8721198012606710C99DA
:10206000139888422BD0E87AC00628D529461198C3
:10207000FEF724FE01461198FEF7CAFB014639B16E
:102080001198FEF729FB044611984E3014B116E062
:10209000022414E041782E2911D1119909780329DD
:1020A00008D1119A0C99D2F82220914202D1002134
:1020B00001E00EE00C99FEF710FE1198067144B98C
:1020C00011A8FEF795FE04461CB91198FEF740FBD7
:1020D00004461AB0204670BD2DE9F74F88B015466A
:1020E000002802D00B200BB026E70998012801D95F
:1020F0001320F8E7681E054201D01320F3E7FA48E1
:10210000046844B1002020700490FEF75BFAC10718
:1021100003D00320E7E70C20E5E7400701D50A20BC
:10212000E1E76A4601210498FEF790FA10B9009899
:10213000802801D20120D6E7099911B14FF000089B
:1021400001E04FF03F08A0EB080100917DB94FF48A
:10215000FA60B1FBF0F20020E44B00E0401C33F8E1
:1021600010509542FAD8E14A163232F810504FEA30
:102170005529B9F1000F01D14FF00109B9F1800FD4
:1021800001D94FF08009B1FBF9F0012640F6F67253
:10219000904200D302264FF6F672904200D30326F7
:1021A000032E17D0012E1ED04000001D00F2FF109C
:1021B000470A01254FF0200A08EB050B0BEB07003F
:1021C0005044019001984844A0EB0800884210D97F
:1021D0000E2088E740F2072202EB8000470A202504
:1021E0004FF0000AE8E700EB4000401C4008C01C2C
:1021F000DCE702AA03210498FEF728FA20B9029826
:1022000010B1B0F5004F01D901200290DDE90110B5
:102210000144491E401E81430198081A0290032E72
:102220000BD007440098411BC91BA1EB0A01B1FB6D
:10223000F9F10391022E03D007E005448344F1E74E
:10224000039940F6F672914206D3032E06D1039904
:102250004FF6F672914201D20E2044E7012E08D0CB
:10226000022E09D00C200590099868B1F020069044
:1022700047E001200590F7E7B0F5803F01D2042048
:1022800000E006200590EFE704F12E004FF4007205
:1022900000210790FEF703FA04F5F6700121417062
:1022A00081700022C27005990171FE21417100996F
:1022B00043F6C1634144B1FBF3F102913F2343EA8A
:1022C000910C80F806C0C171037242728272C272B0
:1022D000009901730A0A42730A0C8273090EC173D2
:1022E000552084F82C02AA2084F82D020123002214
:1022F00007990498FEF788F908B10120F3E6F82061
:1023000006902E344FF4007200212046FEF7C7F9E4
:102310000B2277A12046FEF7B9F90021E1720220D5
:10232000207384F80D90A573280AE07301202074AF
:10233000032E0BD040026074000AA0740098B0F520
:10234000803F05D2E074000A20750AE00020F2E721
:1023500004F8200F020A6270020CA270000EE070F6
:10236000203C069860753F20207600206076FF2193
:10237000A176E07684F81C804FEA182060774FEA57
:102380001840A0774FEA1860E077FEF779F90290DD
:1023900080222921032E22D016346074030AA374EC
:1023A000030CE374000E20752770380A6070A27366
:1023B0002174163C132251A104F12B00FEF766F99B
:1023C000552084F8FE01AA2084F8FF01012342462B
:1023D00021460498FEF718F948B3012083E6243417
:1023E000E077030A84F82030030C84F82130000ED3
:1023F00084F822002770380A6070380CA070380EFC
:10240000E0700220207200206072A072E07201234E
:10241000237360730623A373E0732277A177243CB0
:1024200013223BA104F14700FEF730F9C8E7032E61
:1024300006D1012308F1060221460498FEF7E4F8CC
:102440005D464FF0000B4FF4007200212046FEF76E
:1024500026F906980290032E12D0012E0ED06FF0AE
:10246000FF010143029121700298000A60700298F6
:10247000000CA0700298000EE07018E02949F0E707
:1024800060F0FF00029020700298000A60700298CD
:10249000000CA0700298000EE070FF2020716071A7
:1024A000A071E07120726072A0720F20E0722A4663
:1024B0006D1C012321460498FEF7A6F808B10120FF
:1024C00011E64FF4007200212046FEF7E8F80120E3
:1024D00002902CE02A466D1C012321460498FEF749
:1024E00093F808B30120FEE5A404006092150408E7
:1024F000EBFE904D53444F53352E30004E4F204E3F
:10250000414D4520202020464154202020202000FD
:102510004E4F204E414D452020202046415433321D
:102520002020200000FFFF000298401C029002982B
:10253000B842CFD30BF1010BBBF1000F83D0032EB8
:1025400000D0D1462A466D1C012321460498FEF78F
:102550005BF808B10120C6E5B9F10109F2D1032EFB
:102560003AD15220207060706120A0704121E1704A
:10257000722284F8E42184F8E52184F8E61184F8D5
:10258000E7010398401E84F8E801010A84F8E91184
:10259000010C84F8EA11000E84F8EB01022084F8A3
:1025A000EC01002084F8ED0184F8EE0184F8EF01DD
:1025B000552084F8FE01AA2084F8FF01012308F1C8
:1025C000010221460498FEF71FF8012308F10702D3
:1025D00021460498FEF718F8002211460498FEF7E9
:1025E00035F808B101207EE500207CE5D7F7C6BFAD
:1025F00010B50C46D7F7C4FF2070012010BD10B5F0
:102600000C460221D8F711F82080012010BD10B52A
:10261000C9B2D7F7D6FF012010BDDBF737B880B2BB
:10262000DBF753B8D8F758B830B5B7483221017046
:1026300030214170B54A0A219379B3FBF1F430346B
:102640008470B3FBF1F401FB14333033C3702D25D8
:1026500005715379B3FBF1F430344471B3FBF1F4F9
:1026600001FB143330338371C571D378B3FBF1F4BC
:1026700030340472B3FBF1F401FB14333033437292
:10268000202383729378B3FBF1F43034C472B3FB2C
:10269000F1F401FB1433303303733A244473537859
:1026A000B3FBF1F530358573B3FBF1F501FB153361
:1026B0003033C37304741278B2FBF1F330334374D4
:1026C000B2FBF1F301FB13213031817430BD2DE9F0
:1026D000F05F4FF496614FF46163DFF834E24A0033
:1026E0008C005D00CE000F01DFF828B24FF4164CCD
:1026F0004FF461484FF496394FF4E13A022819D06B
:1027000078B3012874D1844890F8230004286FD04E
:1027100007286DD00C286BD0082869D07F48007836
:102720000C2865D2DFE800F0B1B6BBC0C5CACFD473
:10273000DEE3E8D99BF8020001280BD07848007846
:102740000C2855D2DFE800F00E13181D22272C317B
:102750003B4045369EF802004FF0000E8BF802E039
:10276000EEE73CE0BDE8F05F0846DAF77DBEBDE885
:10277000F05F1046DAF778BEBDE8F05F1846DAF78A
:1027800073BE2046BDE8F05FDAF76EBE2846BDE8AE
:10279000F05FDAF769BE3046BDE8F05FDAF764BE95
:1027A0003846BDE8F05FDAF75FBE6046BDE8F05F2F
:1027B000DAF75ABE4046BDE8F05FDAF755BE484644
:1027C000BDE8F05FDAF750BE5046BDE8F05FDAF7DB
:1027D0004BBEBDE8F05F4FF46120DAF745BE9BF8D1
:1027E000000001280DD04F4800780C2800D200E0EE
:1027F00088E0DFE800F00D12171C21262B303A3F4D
:1028000044359EF800004FF0000E8BF800E0ECE736
:10281000BDE8F05F0846DAF79BBDBDE8F05F104603
:10282000DAF796BDBDE8F05F1846DAF791BD2046AD
:10283000BDE8F05FDAF78CBD2846BDE8F05FDAF757
:1028400087BD3046BDE8F05FDAF782BD3846BDE8A7
:10285000F05FDAF77DBD6046BDE8F05FDAF778BD7E
:102860004046BDE8F05FDAF773BD4846BDE8F05F6B
:10287000DAF76EBD5046BDE8F05FDAF769BDBDE836
:10288000F05F4FF46120DAF763BDBDE8F05F084602
:10289000DAF773BEBDE8F05F1046DAF76EBEBDE84A
:1028A000F05F1846DAF769BE2046BDE8F05FDAF758
:1028B00064BE2846BDE8F05FDAF75FBE3046BDE88B
:1028C000F05FDAF75ABE3846BDE8F05FDAF755BE7A
:1028D0006046BDE8F05FDAF750BE4046BDE8F05F05
:1028E000DAF74BBE4846BDE8F05FDAF746BE504621
:1028F000BDE8F05FDAF741BEBDE8F05F4FF461205C
:10290000DAF73BBEBDE8F09FA6E004601018006057
:10291000D4030060D7030060526304606903006061
:102920006A0300606803006010B50024642300227D
:10293000FDA1FEA001F0F7F808B1022010BDD6F706
:1029400094F9641CE4B20A2CF0D301D0012010BD2C
:10295000002010BD70B5F6484FF4FA6490F82310CB
:10296000072913D0082911D00C290FD0F14E4FF4AC
:10297000805529463046D6F700F92046DAF7A5FEFD
:1029800029463046BDE87040D6F7F5B8EA4E4FF418
:10299000007529463046D6F7F0F82046DAF795FE5E
:1029A00029463046BDE87040D6F7E5B808B5E0489E
:1029B00090F82300072810D008280ED00C280CD03F
:1029C00001210802D6F773FA4FF48050ADF80000E9
:1029D0006946D848D6F765F808BD01211020D6F71A
:1029E00066FA4FF40070ADF800006946D248D6F799
:1029F00058F808BD70B5D14D40F225512846D7F79B
:102A000043FBCF4CB8B12846D7F7D7FAC2B2B4F8D7
:102A1000000440F2FF31C0F30E0088420BD2B4F83C
:102A20000004B4F80034C0F30E01481C60F30E0338
:102A3000A4F80034625440F224412846D7F724FB1E
:102A400001280AD194F8010440F0800084F80104C0
:102A50002846BDE87040D7F7B0BA70BDF0B5002386
:102A6000062582792C2A03D0427C2C2A00D10B2304
:102A70009A1D845C2C2C01D00020F0BD1418A27883
:102A80003A2A12D16678303E092E0ED8B4B200220E
:102A90002B4406E09D180544ED7801F8015B521CBB
:102AA00092B2A242F6D32046F0BDE6786FF02F072F
:102AB0003A2E05D094F804C0BCF13A0F1CD042E085
:102AC0006478303C092C3ED8302A3CD3392A3AD895
:102AD00004EB840407EB4404224494B200222B4408
:102AE00006E09D1805442D7901F8015B521C92B255
:102AF000A242F6D32046F0BD6478303C092C22D89F
:102B0000302A20D3392A1ED8302E1CD3392E1AD879
:102B100004EBC40C303A0CEB041402EB820206EB1B
:102B2000840407EB4202224494B200222B4406E0C4
:102B30009D1805446D7901F8015B521C92B2A242C6
:102B4000F6D32046F0BD0020F0BD70B500247D4DC9
:102B50004FF47A7601F076F9A870401E032808D366
:102B60003046DAF7B2FDD6F780F8641CE4B20A2CDE
:102B7000F0D3A878032808D1BDE870404FF4FA7369
:102B8000002269A170A000F0CEBF70BD4FF4FA73AF
:102B9000002265A170A000F0C6BF2DE9F047714E7C
:102BA00000253571674FB878012864D0387802283D
:102BB00061D050B175714FF4FA7300225AA16AA026
:102BC00000F0B1FFC820DAF780FD78784FF4806814
:102BD0004FF47A79012825D1002401F034F84846D1
:102BE000DAF773FD0FE0002001F007FF01464246CF
:102BF00061480BF0E9FF4CA151480CF009F838B9D5
:102C00004846DAF762FD2046641CE4B20528EAD3A0
:102C10004B465AA244A15BA000F085FFC820DAF71A
:102C200054FD35713878012822D1002000F0D4FFFE
:102C3000C820DAF74AFD002442494A31A1F1400098
:102C400000F0E0FF0FE0002001F0D7FE0146424611
:102C500049480BF0B9FF34A139480BF0D9FF38B916
:102C60004846DAF732FD2046641CE4B20528EAD370
:102C7000BDE8F04769E7BDE8F08710B5394CA079A9
:102C8000012805D1FFF789FFF2F79DF80020A07118
:102C900010BD10B58CB001210220D6F7FFF83B4CD7
:102CA0002046D5F7C3FD4FF4167004901020039012
:102CB00000210B91364A0292089180220692202030
:102CC00009901E48001D01900791059180140A90FB
:102CD00001A92046D5F717FE0CB010BD8EB0142008
:102CE0000990184900278F70DFF8789089F80570EF
:102CF00089F806700420C87189F80370A9F8087073
:102D0000B1F803004FF6FF72002801D0904203D1C2
:102D10004FF4FB70A1F80300B1F8050008B1904230
:102D20003AD14BF6C02035E04F4B00004154000033
:102D3000526304600020014000100140004C00403C
:102D4000DAEF0460BAE4046041542B434950434C29
:102D50004F53453D3500000041542B524553544FCD
:102D600052450000A804006041542B435753544F70
:102D700050534D4152540000BAE0046072656164E2
:102D80007900000041542B52535400005804024073
:102D900082ED0460A1F805008A46B1F803000A221A
:102DA00006A900F0A3FD00F051FEFFF7FFFDFFF7BD
:102DB00070FFFE4890F8230007281ED008281CD07A
:102DC0000C281AD04FF48051F948D5F7D4FE4FF4AF
:102DD000FA642046DAF779FCFFF7BCFD2046DAF703
:102DE00074FCFFF7A1FD08900898F24901250D91A8
:102DF000022808D08AF802505CE04FF40071EE48D7
:102E0000D5F7B9FEE3E704A9DF20FFF7F1FB9DF852
:102E10001000442843D018208DF81100FE208DF8B2
:102E20001200E24A107828B9517819B9917809B995
:102E3000D17899B3FF2808D15178FF2905D191782D
:102E4000FF2902D1D178FF292CD0D178102903D2C3
:102E500010318DF8131001E08DF8131091781029BE
:102E600003D210318DF8141001E08DF81410517850
:102E7000102903D210318DF8151001E08DF81510CE
:102E8000102803D210308DF8160001E08DF81600DE
:102E90000DF1110001F044F989F8035002E00D989A
:102EA00001F0F0F805218AF80210002000F094FEED
:102EB000FFF773FEC1480C900520DAF706FC08986E
:102EC00002280CD199F80300012808D10D9801F0CF
:102ED000D9F889F803704421DF20FFF798FBD5F774
:102EE000C4FE08980228E7D199F80000142803D9F5
:102EF00089F80070FFF72EFDB14CB9F80800608426
:102F0000411CA9F80810B0F57A7F06D9A9F8087015
:102F1000A08C401CA084FFF71DFD9AF80200022837
:102F20005CD001285AD09AF8010038B98AF86A7042
:102F30008AF86B708AF86C708AF86D7099F80500E1
:102F400050B94FF47A730022AFF224219DA000F013
:102F5000EAFD08B189F8055099F80500D0B30024BE
:102F600000F070FF8AF802006420DAF7AEFBD5F7B4
:102F70007CFE9AF80200032804D92046641CA4B2FF
:102F8000C828EDD3C82C07D3FFF707FE99F8000037
:102F9000401C89F800008FE78AF8007085484021BE
:102FA0006C380BF02AFE834820212C380BF025FECC
:102FB00088480576EBF7A8FE4FF4FA730022AFF2CB
:102FC0009821AFF25C2000F0AEFD6420DAF77DFBC3
:102FD000FFF7E3FDC820DAF778FB6DE789F80070AA
:102FE00099F80400F8B17648C18C491CC1844FF4AB
:102FF0008064214678480BF000FE214677480BF0AC
:10300000FCFD002001F0F9FC0146224673480BF05C
:10301000DBFD71497148FFF721FD04466F48817956
:103020002C296BD06EE0634928220C390D9801F0F1
:1030300011F968B19AF86A0040B99AF86B0028B99A
:103040009AF86C0010B99AF86D00E0B189F8045054
:10305000002001F04BFA4FF4FA7423460022AFF23D
:1030600038315FA000F05FFD012000F056FED5F77B
:10307000FCFD23460022AFF25031AFF2343000F0B5
:1030800052FD002406E089F804708AF80250DFE758
:10309000D5F7EBFD0097BAF8051002230A4654A0B5
:1030A00000F083FE20B92046641CA4B20528EFD3AB
:1030B000002440F2D24801E0D5F7D7FD4146022373
:1030C0000A464BA0009500F070FE20B92046641C13
:1030D000A4B20528F0D3002401E0D5F7C6FD09AA63
:1030E00006A9012000F08DFE00287FF454AF204691
:1030F000641CA4B20528BFF44EAFEEE74079303827
:1031000000F0FF0B002C17D0A9F80870ABF10200FB
:10311000022877D8DFF8C0C09CF800000B901C286C
:1031200001D1302C03D00B98EE2806D01BE00022F2
:1031300021462948DDF73BFFECE29CF8010010280E
:1031400011D19CF8020070B99CF8030058B99CF8A2
:10315000040040B99CF8050028B99CF8060010B995
:103160009CF8070050B1DFF844809CF8062098F8DE
:103170000400824209D0FF2A03D044E0F1F716FE92
:10318000C8E29CF8070019283DD013490520F2F742
:103190009BFEB9F80C2032B15B461949002001F0C2
:1031A000E4FBA9F80C70FFF768FDB3E2526304601A
:1031B0000020014030E5046000100140E82101607A
:1031C0002072046041542B43575354415254534D81
:1031D0004152540044CC036082E90460BAE00460C8
:1031E00041542B4349504D4F44453D3000000000B1
:1031F0003235352E3235352E3235352E32353500D5
:103200008EE7046092E09CF8060000283FF4C3AE0D
:103210009CF80700032812D0062810D010280ED0E2
:1032200019280CD001280AD0022808D0042806D07A
:10323000052804D00F2802D018287FF4ACAE10283F
:1032400004D19CF80C10611A0D29F6D198F82A10B7
:10325000072914D098F82810072914D098F82910B5
:103260000729EAD188F824500021DFF800C4FD4B7B
:10327000DFF8F4E39CF800C0CDF828C020E002217C
:1032800088F82410F0E788F82470EDE713F801C0FF
:10329000624504D14FF0020C88F824C00EE01EF8FD
:1032A00001C0624502D188F8247007E0DFF8C0C38E
:1032B0001CF801C0624501D188F82450491CC9B2EC
:1032C000DDF828C06145E1D3EA49022823D001286E
:1032D00021D0032825D0042823D00822E5484178AE
:1032E0000B9841EA002104A8DBF7D2FEE148A41FB5
:1032F00098F82420A1B204AB801DF0F78BFFB9F839
:103300000C20002A06D05B46DB49002001F02DFB93
:10331000A9F80C70FEE1C87AC01D032202EBD002AE
:10332000DCE7CA7A032000EB4202D7E7BBF1000FCB
:1033300003D0BBF1010F79D0ECE199F80200E8BBB2
:1033400089F8025000232246CA4901A8009505F0D9
:103350001AF80246501EB0F5FF7F63D80123C54915
:1033600001A806F028FBC548007840B30024DFF828
:10337000108302E03220DAF7A8F998F8000020B9AB
:103380002046641CE4B20A28F4D398F80000B0B1D7
:10339000BA480770002414E040F22D12B94804FB2B
:1033A00002F100EB41015B46B1F85822002001F028
:1033B000DCFA0120DAF789F9641C01E032E006E06A
:1033C000E4B298F800008442E6D388F80070B9F8B7
:1033D0000A2032B15B46AC49002001F0C6FAA9F8D8
:1033E0000A70AA480178E9B1002415E040F22D10D6
:1033F00004FB00F1A64800EB4108B8F8580248B1B8
:103400000120DAF762F9B8F8582241465B460020FD
:1034100001F0ABFA641CE4B29C4800788442E5D326
:103420009A48077089F8027074E1FFE7914B1878A9
:10343000642867D19748057000209AF86A209AF8A6
:103440006B109AF86CC09AF86D30C4F3850E15E0D5
:10345000884C04EB800494F8018090450CD194F8DA
:103460000280884508D194F80380E04504D124798E
:103470009C4201D1874C2770401CC0B27045E7D3F5
:1034800084480078F0B30020DBF7D4FF824CA777A4
:10349000E77784F8207084F821709AF86A00208217
:1034A0009AF86B0060829AF86C00A0829AF86D001E
:1034B000E082142279490C980BF086FB784800785A
:1034C00040F0020084F83E005B4643222146002083
:1034D00001F04BFA4FF000084CE0724AC8EBC8000C
:1034E00000EB020E9EF80610DC290FD2135CDFF809
:1034F000B8C10CEBD30C03F007039CF800C005FA2D
:1035000003F300E006E11CEA030F2FD023292DD09E
:10351000DEF80130A380C3F3072CA4F806C0C3F380
:10352000074CA4F808C01B0E6381A181105CE081E8
:103530005E480178A1774178E177817884F820109E
:10354000C07884F821005A48142200EB08110C9826
:103550000BF03AFB5248007840F0020084F83E003D
:103560005B4643224C49002001F0FFF908F10108B5
:1035700008F0FF083D4800788045AED34FF00008C2
:103580002DE008EB88004B4B00EBC800C118082267
:10359000A281185CE08145480278A2774278E27700
:1035A000827884F82020C07884F82100D1F80500C2
:1035B000A080010AE180010C2181000E6081384861
:1035C000007840F0020084F83E005B464322324916
:1035D000002001F0CAF908F1010808F0FF08364898
:1035E00000788045CDD34FF000088EE02B2008FBFB
:1035F00000F132480144887C90BB0868A080020A30
:10360000E2804FEA104CA4F808C0020E62818A7A68
:10361000A2814A7AE281254A1378A3775378E37727
:10362000937884F82030D27884F82120C0F30722E0
:1036300042EA00226284097984F824104FEA0C21BE
:1036400041EA1060A4F83900142101A80BF0D5FA62
:103650004D208DF8040053208DF8050054202FE0F4
:103660004FE00000DA1C0460DE1A0460E80200602B
:10367000DC1B046082E904608EE70460570200608E
:10368000640100601CA8016036E50460210100604F
:10369000C0310160F0000060C32101604495036007
:1036A000660300601A48046052510460526304606B
:1036B0002C350460695A04600E030060D8B00360C2
:1036C0008DF8060050208DF807003A208DF808008C
:1036D0008DF81770142201A90C980BF075FA0C20C4
:1036E00084F83F007048007840F0020084F83E0003
:1036F0000120D9F7EAFF5B4643226C49002001F024
:1037000034F908F1010808F0FF086948007880459D
:10371000FFF46CAF6420B6FBF0F100FB116008BB56
:10372000D5F7A3FA4FF47A70D9F7CFFF614CA08A8E
:10373000401CA08200F00EFD58B3208B401C20835B
:1037400002208AF8020089F8017099F80100032824
:1037500008D3608B401C60838AF8025089F804709B
:1037600089F801703046761CB6B2B0F5967F7FF6C8
:1037700012AC504CA08B401CA0830026D5F775FAE4
:10378000012000F0B3FE02280CD0208C401C2084C5
:1037900023E4E08A401CE08299F80100401C89F88B
:1037A0000100D2E7E08B401CE08389F8047014E448
:1037B0001CB541490023CDE900014FF47A723FA1C5
:1037C000AFF6E720D8F739FB1CBD70B504463E4D77
:1037D000012280212846D6F7B8FB21463B4C2046E3
:1037E000D5F7CEF801212046D5F7B7F8384E304648
:1037F000D5F7CBF80028FAD03046D5F7D4F8002119
:103800002046D5F7AAF82846BDE87040002280215E
:10381000D6F79BBB10B50C46014622462D480BF04F
:10382000D3F92046FFF7D1FF10BD70B58CB02A4800
:10383000002505700024022601E0D5F716FA7B2248
:103840000223114625A0009600F0AFFA20B92046C9
:10385000641CE4B20528F0D33022DB208DF8000090
:103860008DF8015004208DF80200FA208DF8030035
:103870008DF8045001208DF805008DF806508DF864
:1038800007508DF808508DF809000A20694602E0BB
:103890000D54401CC0B29042FAD302236946002066
:1038A00001F063F80CB070BD66030060C3210160D5
:1038B0006D02006020720460B804006057494649F8
:1038C0005F7461736B000000004C004058040240BC
:1038D0000000021082ED04607A0100603137362E5C
:1038E0003232312E34322E3132350000F0B50346FB
:1038F0000025084600260A2A01D00670F0BD002BDC
:103900001DD005DA4FF02D0200F8012BC3F10003A2
:1039100042F210724FF00A0793FBF2F454EA050CDE
:1039200006D004F1300500F8015B04FB12330125D9
:1039300092FBF7F2002AEFDC06700846F0BD302259
:10394000027046700846F0BD0FB430B585B005462C
:103950000AA800900EE05C2914D025292CD0521C16
:1039600028460992D6F725FB80212846D6F782FB08
:103970000028F9D0099A11780029ECD105B030BCA3
:103980005DF814FB521C099210786E280CD0722836
:1039900002D0521C0992E7E70D212846D6F709FB11
:1039A0000998401C0990DFE70A212846D6F701FB59
:1039B0000998401C0990D7E7521C09921078642896
:1039C00019D0732802D0521C0992CDE7009810C874
:1039D000009009E02846D6F7ECFA80212846D6F771
:1039E00049FB0028F9D0641C21780029F2D10998FC
:1039F000401C0990B8E7009808C800900A2201A965
:103A00001846FFF773FF01AC09E02846D6F7D1FA54
:103A100080212846D6F72EFB0028F9D0641C217897
:103A20000029F2D10998401C09909DE708B534207F
:103A30008DF8000000208DF801008DF802000120B3
:103A40008DF803006846D4F702FD08BD10B586B0B6
:103A50000121C804D5F734FA01211020D5F727FA3F
:103A60004FF48060ADF8140018208DF81700032083
:103A70008DF81600FC4C05A92046D5F712F8E11484
:103A8000ADF8141004218DF8171005A92046D5F7BC
:103A900008F84FF4E13001900020ADF80800ADF8CF
:103AA0000A00ADF80C00ADF810000C20ADF80E00C7
:103AB000EE4C01A92046D6F7B3F9012240F2255178
:103AC0002046D6F72AFA012240F224412046D6F7B2
:103AD00024FAFFF7ABFF01212046D6F714FA06B00F
:103AE00010BD08B510208DF8030003208DF80200EA
:103AF00001210802D5F7DBF94FF48050ADF8000042
:103B00006946DB48D4F7CDFF08BD10B5FFF7E9FFE4
:103B1000FFF79CFFFFF7BDF8BDE810404FF4805160
:103B2000D348D5F728B82DE9F0410D4690461E46FA
:103B30000246D0A1CD48FFF707FF55EA080012D092
:103B4000CE4FB7F800046FF30E00A7F8000497F803
:103B5000010420F0800087F8010400243220B6FB25
:103B6000F0F086B207E00120BDE8F0813220D9F7FD
:103B7000ACFDD5F77AF897F80104000604D4204686
:103B8000641CA4B2B042F1D3B7F800140020C1F312
:103B90000E0178547DB1B8F1000F0CD02946B7481A
:103BA0000BF036F828B94146B4480BF031F800283C
:103BB000DAD00120D8E73DB12946B0480BF028F80B
:103BC0000028D1D00120CFE74146AC480BF020F8C7
:103BD0000028C9D00120C7E740F6C413002805D04B
:103BE000012807D0022809D000207047A4A2A7A16D
:103BF000A7A098E7A2A2A5A1A8A094E7A0A2A3A12C
:103C0000A9A090E700B59FB00B460246A9A101A864
:103C10000CF0B4FA41F2883300229CA101A8FFF70E
:103C200082FF1FB000BD00B59FB00B460246A6A1A3
:103C300001A80CF0A3FA41F28833002293A101A855
:103C4000FFF771FFEDE72DE9F041CEB0642135A813
:103C50000AF0D3FF0024A24D13AE281906EB84010D
:103C600090F86A000A22FFF741FE641CE4B2042CBB
:103C7000F3D300240FAF281907EB840190F86E00EE
:103C80000A22FFF733FE641CE4B2042CF3D30024B1
:103C90000DF12C08281908EB840190F872000A2213
:103CA000FFF724FE641CE4B2042CF3D312A811A97C
:103CB000CDE9081010AACDE906720EA80DA9CDE92C
:103CC000041016A815A90CAACDE90010CDE90282AE
:103CD000331D13AA83A135A80CF050FA35AA8CA184
:103CE00017A80CF04BFA4FF47A63002267A117A8CB
:103CF000FFF719FF4EB037E700B59FB00B460092B3
:103D0000024688A101A80CF039FA4FF47A73002218
:103D10005EA101A8FFF707FF83E700B585B0002883
:103D200001D0012200E0002284A168460CF026FAAE
:103D30004FF4FA73002255A16846FFF7F4FE05B070
:103D400000BDF0B5B9B004460F4615461E466421C5
:103D500020A80AF052FF14B1012C0FD107E03B4616
:103D60007AA27BA120A800950CF008FA06E03B4659
:103D70007BA277A120A800950CF000FA052E06D2B0
:103D800020AB324677A102A80CF0F8F904E020AA93
:103D900079A102A80CF0F2F94FF47A637AA23BA160
:103DA00002A8FFF7C0FE39B0F0BD2DE9F041BAB06E
:103DB0008046409F0E4615461C46642121A80AF005
:103DC0001CFFCDE90065434665A273A121A80294BA
:103DD0000CF0D4F9052F06D221AB3A4661A103A815
:103DE0000CF0CCF904E021AA63A103A80CF0C6F9F9
:103DF0004FF47A6364A225A103A8FFF794FE3AB0BA
:103E0000B2E610B59EB04FF4FA7400280DD00B4600
:103E1000012266A168460CF0B1F9234600221BA1DD
:103E20006846FFF780FE1EB010BD0B4600225FA162
:103E300068460CF0A3F92346002214A16846FFF758
:103E400072FEF0E710B54FF4FA7300220FA15CA0E8
:103E5000FFF769FE30B15EA108480AF0D9FE10B143
:103E6000022010BDCFE0B9E000100140004C00403E
:103E70000020014025730D0A00000000DAEF046005
:103E80006E6F206368616E67650000004F4B000035
:103E900041542B43574D4F44453D310041542B4332
:103EA000574D4F44453D320041542B43574D4F44ED
:103EB000453D330041542B43574A41503D22257321
:103EC000222C22257322000041542B43574A415093
:103ED0005F4445463D222573222C22257322000093
:103EE000BAE404602225732E25732E25732E2573C4
:103EF000222C2225732E25732E25732E2573222C1A
:103F00002225732E25732E25732E25732200000083
:103F100041542B4349505354415F4445463D25731A
:103F20000000000041542B43575341503D2225735C
:103F3000222C222573222C312C25640041542B4342
:103F400049504D55583D2564000000005443500031
:103F5000222573222C222573222C257300000000B9
:103F60005544500041542B43495053544152543D01
:103F700025642C257300000041542B4349505354B1
:103F80004152543D25730000414C52454159204354
:103F90004F4E4E4543540000222573222C22257398
:103FA000222C25642C25642C2564000041542B43CD
:103FB00049505345525645523D25642C2573000007
:103FC00041542B4349505354415455530000000071
:103FD0005354415455533A320D0A0000F5A1F848A4
:103FE0000AF016FE08B103203BE7F6A1F4480AF0F8
:103FF0000FFE08B1042034E7F5A1F1480AF008FEED
:1040000008B105202DE706202BE710B500244FF45A
:10401000FA730022AFF28C11AFF25C00FFF783FD60
:1040200000282DD0EDA1E6480AF0F2FD00B10124F0
:10403000EEA1E3480AF0ECFD10B144F0020401E007
:1040400024F00204EDA1DE480AF0E2FD10B144F0D4
:10405000040401E024F00404ECA1D9480AF0D8FDDE
:1040600010B144F0080401E024F00804EBA1D448A6
:104070000AF0CEFD10B144F0100401E024F0100469
:104080002046EEE62DE9FC410646C8230022AFF2A9
:104090000421E6A0FFF747FD00250024E7A1C8485A
:1040A0000AF0B6FD18B10B3000226F4602E0002086
:1040B000BDE8FC81815C3A2902D0052D0DD00EE0CF
:1040C000022C06D19DF801109DF8003001EB031180
:1040D00071556D1CEDB2002413E0222915D0A1F119
:1040E0003003092B04D82146641CE4B27B5408E059
:1040F000A1F16103052B04D857392346641CE4B2AF
:10410000F954521CD2B2282AD4D3022C06D19DF8DD
:1041100001009DF8001000EB011070550120C7E769
:1041200010B592B041790279C3788478CDE9022143
:10413000CDE9004343780278C4A105A80CF01EF82D
:104140004FF47A730022AFF2BC2105A8FFF7EBFC15
:1041500012B086E6F8B54FF4FA730022AFF2D4211C
:10416000C4A0FFF7E0FC0024C6A195480AF050FD6A
:1041700018B10C300021C64D08E0C6A190480AF0E5
:1041800047FD08B10220F8BD0020F8BD425C222A9C
:104190000ED023462B44641CE4B29A72491CC9B267
:1041A0003C29F3D33C2906D038B11530002106E074
:1041B0000844401CF6E70020F8BD0020F8BD425C32
:1041C0002C2A1ED0491CC9B20529F8D305291BD0B9
:1041D000002100226C46835C63B12D2B1AD0303B4A
:1041E000092B03D80E46491CC9B2A355521CD2B2A2
:1041F000052AF0D301290FD0022911D0032919D0A3
:1042000026E00844401CE1E7A449088F401C0887C9
:104210000020F8BD0021E9E79DF80000287217E0B2
:104220009DF800009DF8011000EB800001EB4000BC
:1042300028720DE09DF80010642041439DF80100B4
:1042400000EB800001EB40009DF80210084428724A
:104250000120F8BD2DE9FE4380460E4617464FF477
:10426000FA794B460022AFF2DC318DA0FFF75BFC00
:10427000002500248DA152480AF0CAFC10B1C21DCD
:1042800000203BE00020BDE8FE83115C2E2902D017
:10429000032D27D028E0012C04D0022C06D0032CBB
:1042A0000ED01BE09DF80810715517E09DF808101E
:1042B0009DF8093001EB810103EB410171550DE0DF
:1042C0009DF8083064214B439DF8091001EB8101F2
:1042D00003EB41019DF80A30194471556D1CEDB294
:1042E000002409E022290BD0303923460DF1080CB7
:1042F000641CE4B20CF80310401CC0B2B842C4D332
:10430000012C04D0022C06D0032C0ED01BE09DF80B
:104310000800705517E09DF808009DF8091000EBA3
:10432000800001EB400070550DE09DF808106420FE
:1043300041439DF8090000EB800001EB40009DF82F
:104340000A10084470554B460022AFF2C04137A016
:10435000FFF7E9FB0025002438A119480AF058FCB2
:1043600020B100F10B0300206E46AEE000208AE78A
:10437000195C3A2902D0052D0ED00FE0022C07D18E
:104380009DF801109DF8002001EB021108F80510BE
:104390006D1CEDB2002496E0222908D0A1F1300274
:1043A000092A05D82146641CE4B272548BE08FE0E0
:1043B00080E000005354415455533A330D0A000035
:1043C000DAEF04605354415455533A340D0A000057
:1043D0005354415455533A350D0A00002B4349506C
:1043E0005354415455533A302C0000002B4349504C
:1043F0005354415455533A312C0000002B4349503B
:104400005354415455533A322C0000002B43495029
:104410005354415455533A332C0000002B43495018
:104420005354415455533A342C00000041542B430B
:1044300049505354414D41433F0000002B434950E4
:104440005354414D41433A220000000041542B4354
:1044500049505354414D41435F4445463D222578E0
:104460003A25783A25783A25783A25783A257822F7
:104470000000000041542B43574A41505F435552BE
:104480003F0000002B43574A41505F4355523A00CA
:10449000BAE4046062757379000000002072046061
:1044A00041542B43494653520000000053544149A4
:1044B000502C2200A1F16102052A04D85739224666
:1044C000641CE4B2B154401CC0B2B842FFF450AF17
:1044D000022C07D19DF801009DF8001000EB01109F
:1044E00008F80500FFF736FE0120CCE62DE9FF476E
:1044F00007464FF47A730022AFF27061FCA0FFF719
:1045000012FB00250024A1468DF80E908DF80D9029
:104510008DF80C90FAA1FC480AF07AFB20B1431DFB
:10452000002002AA03AE03E0002004B0BDE8F0873B
:10453000195C2E2907D0032D01D3222934D0022C57
:1045400028D90020F1E7012C04D0022C06D0032C3E
:104550000ED01BE09DF80C10515517E09DF80C1083
:104560009DF80D4001EB810104EB410151550DE037
:104570009DF80C4064214C439DF80D1001EB810126
:1045800004EB41019DF80E40214451556D1CEDB2E4
:10459000002405E03039A446641CE4B206F80C108F
:1045A000401CC0B22828C3D3DFF86083282806D077
:1045B000012C0BD0022C0DD0032C15D022E0B8F822
:1045C0003000401CA8F830000020AEE79DF80C0039
:1045D000505517E09DF80C009DF80D1000EB800081
:1045E00001EB400050550DE09DF80C106420414354
:1045F0009DF80D0000EB800001EB40009DF80E10CF
:1046000008445055DFF808A3E7B19DF808009AF870
:104610006A10884211D19DF809009AF86B108842FF
:104620000BD19DF80A009AF86C10884205D19DF8CC
:104630000B009AF86D10884207D00298CAF86A00F9
:10464000022072E70298CAF86A00002500248DF85B
:104650000E908DF80D908DF80C90AEA1AA480AF03E
:10466000D7FA20B100F10A03002001AA01E00020DE
:104670005BE7195C2E2907D0032D01D3222934D002
:10468000022C28D9002050E7012C04D0022C06D09F
:10469000032C0ED01BE09DF80C10515517E09DF82F
:1046A0000C109DF80D4001EB810104EB41015155C7
:1046B0000DE09DF80C4064214C439DF80D1001EB7A
:1046C000810104EB41019DF80E40214451556D1CC0
:1046D000EDB2002405E03039A446641CE4B206F8CB
:1046E0000C10401CC0B22828C3D3282806D0012CA7
:1046F0000BD0022C0DD0032C15D022E0B8F83200DC
:10470000401CA8F8320000200FE79DF80C0050551F
:1047100017E09DF80C009DF80D1000EB800001EBF8
:10472000400050550DE09DF80C10642041439DF869
:104730000D0000EB800001EB40009DF80E100844D6
:104740005055E7B19DF804009AF87210884211D1D3
:104750009DF805009AF8731088420BD19DF8060069
:104760009AF87410884205D19DF807009AF87510E0
:10477000884207D00198CAF872000220D5E6019855
:10478000CAF87200002500248DF80E908DF80D9067
:104790008DF80C9062A15C480AF03AFA20B100F161
:1047A0000A0300206A4601E00020BEE6195C2E29BB
:1047B00007D0032D01D3222934D0022C28D9002080
:1047C000B3E6012C04D0022C06D0032C0ED01BE043
:1047D0009DF80C10515517E09DF80C109DF80D40F8
:1047E00001EB810104EB410151550DE09DF80C40B6
:1047F00064214C439DF80D1001EB810104EB410154
:104800009DF80E40214451556D1CEDB2002405E089
:104810003039A446641CE4B206F80C10401CC0B247
:104820002828C3D3282806D0012C0BD0022C0DD069
:10483000032C15D022E0B8F83400401CA8F834004E
:10484000002072E69DF80C00505517E09DF80C0012
:104850009DF80D1000EB800001EB400050550DE07D
:104860009DF80C10642041439DF80D0000EB800082
:1048700001EB40009DF80E1008445055E7B19DF83B
:1048800000009AF86E10884211D19DF801009AF844
:104890006F1088420BD19DF802009AF87010884280
:1048A00005D19DF803009AF87110884207D000984E
:1048B000CAF86E00022038E60098CAF86E0001209F
:1048C00033E610B54FF4FA7423460022AFF64421C4
:1048D00016A0FFF728F940B1234618A2AFF65421DD
:1048E000BDE8104016A0FFF71EB9002010BD000063
:1048F00041542B4349505354415F4355523F0000AC
:104900003A69703A22000000DAEF04602072046015
:10491000BAE404603A676174657761793A2200000D
:104920003A6E65746D61736B3A22000041542B43FB
:1049300049504D4F44453D31000000003E0000000D
:1049400041542B43495053454E44000010B54FF499
:104950007A70D8F7BAFE47A14748FEF7F5FFBDE8E1
:1049600010404FF4FA70D8F7B0BE70B51546ADF5EB
:10497000167D0E461A46002440F226218D4203D9A8
:1049800000200DF5167D70BD50B13246AFF60C21FA
:104990003948FEF7D9FF0220D8F797FE01242AE014
:1049A000052A05D22B4635A168460BF0E7FB04E04B
:1049B0002A4637A168460BF0E1FB68460AF044F945
:1049C00081B211B1B1F5077F01D90020D9E768465E
:1049D000FEF720FF0220D8F778FE29463046FEF782
:1049E00019FF0120D8F771FE2D48B0F800146FF3BD
:1049F0000E01A0F800142046C3E72DE9F041074658
:104A00000026274DB5F800046FF30E00A5F800044A
:104A100095F8010420F0800085F8010440F202417D
:104A200028460AF0EAF8002404E00A20D8F74DFEF0
:104A3000D4F71BF995F80104000604D42146641C40
:104A4000A4B26429F1D3B5F800140020C1F30E011B
:104A500068540FB1124E09E012A111480AF0D8F8BB
:104A600020B110A10E480AF0D3F806463046BDE842
:104A7000F08100002B2B2B00004C004041542B43B5
:104A8000495053454E443D25642C25640D0A0000D1
:104A900041542B43495053454E443D25640D0A0073
:104AA000DAEF04602B4950440000000008B1BA4B13
:104AB000036011B1B84808380860002A02D0B6482F
:104AC000001F10607047412801D20120704700206C
:104AD0007047B24800787047B149085C401C704785
:104AE000B049084410F8010C70472DE9F0410C461C
:104AF0000746FFF7F5FF7CB3552121804FF0FF36C5
:104B00000025666025720421A172C2B229460120E7
:104B1000DDF7F0FA206184F87052D4F87442DCB109
:104B20006F202080666025720820A07204F11000BA
:104B3000064607F0CFF800221146304607F0D3F8BA
:104B400000220121304607F0CEF800220221304633
:104B500007F0C9F884F870523846BDE8F041DFF735
:104B6000F4B810B50C4603460022FFF7B9FF402BFE
:104B700008D2C1B20120DDF7B9F80146204607F09E
:104B800067F90246104610BD2DE9F043ADF51B7DD7
:104B90008146DDE9A25498460846FFF7A1FF0227A7
:104BA000FE1E4F2A2CD008DC1C2A1CD0242A27D019
:104BB0004B2A0DD04D2A08D110E0512A48D0552A51
:104BC00020D06F2A28D0752A4ED02F7020205AE08E
:104BD00002460021484602F0E8FE4DE0C1B2012045
:104BE000DDF784F803E0C1B20120DCF7DEFF014607
:104BF000684607F02DF96946484602F093FF3BE00E
:104C0000002136E0C2B200210120DDF773FA01462F
:104C1000484603F038F92FE096A807F05BF8002229
:104C2000114696A807F05FF80022012196A807F028
:104C30005AF80022022196A807F055F80022032115
:104C400096A807F050F896A9484602F03DFE13E0FA
:104C5000C1B20120DDF7E8F908B1012100E000212F
:104C6000484602F068FD07E0C1B20120DDF7D6F842
:104C70000146484603F05AF8002806DBB8F1FF3F2A
:104C800003D02F703220207030460DF51B7DBDE81B
:104C9000F08370B5ADF51A7D0446D0F86812002592
:104CA0006A46103002F045F80222002803DA84F840
:104CB0006D22252008E0208982280BD0E068401C66
:104CC00008D084F86D22322084F86E0200200DF5A1
:104CD0001A7D70BD6068FFF703FF01462089092631
:104CE000512847D008DC0DF10D031C2837D02428AB
:104CF0000AD04D2808D127E055280CD0672803D0CA
:104D00006F2801D0752812D084F86D22202084F8F5
:104D10006E022846DBE79DF8020004282ED1CAB2B5
:104D200094F86C120120029BDDF7B5FE31E09DF88E
:104D30000200092822D10298CAB2C3B294F86C12B8
:104D40000120DDF726FD24E09DF80200072815D19B
:104D5000CAB294F86C120120DEF730FA19E09DF81F
:104D6000020007280AD1CAB294F86C120120DDF7BC
:104D7000DCFD0EE09DF80200012804D084F86D22CD
:104D800084F86E62C5E79DF80820C9B20120DEF7FD
:104D9000A2F90125BDE70000C8150408BC040060A5
:104DA000B4C30160B4C5016008B1FA4B036011B12E
:104DB000F84808380860002A02D0F648001F106042
:104DC0007047412801D20120704700207047F24807
:104DD00000787047F149085C401C7047F04908446E
:104DE00010F8010C7047F8B500218DF800100C4642
:104DF000C0B26946ECF7A6FA9DF800100220DEF773
:104E0000D5FC06469DF80000402813D2E54DE1B2DE
:104E10009DF800200220DDF76DF9A84207D0E1B22D
:104E20009DF800200220DDF765F9064602E0641CCB
:104E3000102CECD33046F8BD2DE9F0410546C1B247
:104E400000240220DEF7B2FC0746402D11D2D54ED9
:104E5000EAB2E1B20220DDF74DF9B04206D0EAB283
:104E6000E1B20220DDF746F9074602E0641C102C8F
:104E7000EED33846BDE8F0812DE9F0410024054627
:104E8000264640280DD2C74FEAB2E1B20220DDF734
:104E900031F9B84204F1010401D0264601E0102C9A
:104EA000F2D33046E6E70B4610B5002140280CD27D
:104EB0005AB1102A09D8062A07D0521EC0B2D1B260
:104EC00002460220DDF7E7FD0121084610BD10B5BE
:104ED000002240280CD259B1102909D8062907D040
:104EE000C2B2491EC9B2AF4B0220DDF7D4FD012288
:104EF000104610BD10B50C4603460022FFF76EFFAA
:104F0000402B08D2C1B20220DCF7F0FE0146204659
:104F100006F09EFF0246104610BD2DE9FF4FADF58D
:104F20001B7D8246DDE9A89800241F4626460846D8
:104F3000FFF754FF05469D984FF0FF3B51285AD08C
:104F40000CDC4B281BD004DC1C2823D0242811D1D6
:104F50004FE04D2819D04F280CD128E0682870D098
:104F600004DC552825D0572804D159E06F2824D0D7
:104F700075284CD0022089F800002021A2E02A46A2
:104F80000121504602F011FD8BE0E9B20220DCF76E
:104F9000ADFE03E0E9B20220DCF707FE01466846F9
:104FA00006F056FF6946504602F0BCFD79E001214B
:104FB00032E02846FFF740FF90E096A806F08AFE10
:104FC0000022114696A806F08EFE0022012196A826
:104FD00006F089FE0022022196A806F084FE002237
:104FE000032196A806F07FFE96A9504602F06CFCBD
:104FF00057E0002110E0E9B20220DDF715F808B112
:10500000012100E00021504602F095FB49E0E9B2A1
:105010000220DCF703FF0146504602F087FE40E025
:1050200087B1781C13D0102F48D8EAB20021022093
:10503000DDF760F85B4988422DD1504602F0AFFBA6
:105040002FE047E01021504602F03FFE29E0EAB28F
:10505000F1B20220DDF74EF85249884204D10AEB42
:10506000040002F09CFB09E0EAB2F1B20220DDF795
:1050700041F801460AEB040002F005FF0444B4F5D0
:10508000167F03DA761C102EE1D30BE0052189F898
:105090000010122116E0EAB200210220DDF72AF802
:1050A0001CE00446002C10DB9D9857280DD07F1C77
:1050B0000BD0022089F80000322103E0022089F899
:1050C00000002A2188F800105C460DF51F7D20465F
:1050D000BDE8F08FE9B20220DEF768FB01465046DA
:1050E00002F0D1FEDDE72DE9F043ADF51B7D04466E
:1050F000D0F8681200256A46103001F01AFE022727
:105100004FF02508002804DA84F86D7284F86E8266
:105110000AE0208957280CD0E068401C09D084F8A8
:105120006D72322084F86E0200200DF51B7DBDE803
:10513000F0836068FFF752FE0646208904F26E2372
:105140005A1E09214FF02809512855D00EDC0DF1C7
:105150000D034B284BD004DC1C2874D0242811D11B
:1051600045E04D2855D04F280CD140E0682875D037
:1051700004DC552818D0572804D138E06F2836D0E1
:10518000752851D084F86D72202084F86E0228466C
:10519000CBE70000F4150408BD04006034C40160CE
:1051A00034C6016000007F439DF8020004280CD043
:1051B0000021684604F07AFE0500E8D094F86C12ED
:1051C0003046FFF784FE05460AE094F86C2230462C
:1051D0000299FFF768FE054694F86C02062806D08F
:1051E000002DD4D184F86D7284F86E82CFE784F8F4
:1051F0006D7284F86E92CAE70121684604F056FE8B
:105200000500C4D09DF80820F1B20220DDF763FF4D
:10521000BDE79DF80200072824D1F2B294F86C1281
:105220000220DDF7CBFF27E09DF80200092819D105
:105230000298F2B2C3B294F86C120220DDF7A9FA18
:105240001AE000E00AE09DF8020007280AD1F2B255
:1052500094F86C120220DDF768FB0DE09DF8020067
:10526000042804D084F86D7284F86E128FE7F1B2CE
:105270000220029ADEF722FA012588E708B1F74BEF
:10528000036011B1F54808380860002A02D0F348DD
:10529000001F10607047F249084410F8010C704775
:1052A00010B50C4603460022FFF7F5FF802B08D20D
:1052B000C1B20020DCF71AFD0146204606F0C8FD09
:1052C0000246104610BD812801D2012070470020FF
:1052D0007047E44800787047E349085C401C704719
:1052E0002DE9F041002705463C46802811D2DF4ECB
:1052F000EAB2E1B20020DCF7FDFEB04206D0EAB22D
:10530000E1B20020DCF7F6FE074602E0641C102C38
:10531000EED33846BDE8F0812DE9F0410024054682
:10532000264680280DD2D14FEAB2E1B20020DCF748
:10533000E1FEB84204F1010401D0264601E0102C40
:10534000F2D33046E6E710B50B460021144680281C
:105350000AD24CB1102C07D8062C05D0C2B2214677
:105360000020DDF798FB0121084610BD10B5002292
:1053700080280BD251B1102908D8062906D0C2B214
:10538000C9B2BA4B0020DDF786FB0122104610BDE2
:105390002DE9F04FADF51B7D8246DDE9A498002490
:1053A0001F4626460846FFF776FF05464FF0FF3BAF
:1053B000512A59D00CDC4B2A1BD004DC1C2A23D0E8
:1053C000242A11D14EE04D2A19D04F2A0CD128E0C1
:1053D000682A6FD004DC552A25D0572A04D158E01A
:1053E0006F2A23D0752A4BD0022089F80000202193
:1053F0009FE002460221504602F0D7FA8BE0C1B28C
:105400000020DCF773FC03E0C1B20020DCF7CDFB29
:105410000146684606F01CFD6946504602F082FBD4
:1054200079E0022131E0FFF75BFF72E096A806F019
:1054300051FC0022114696A806F055FC00220121DD
:1054400096A806F050FC0022022196A806F04BFC1C
:105450000022032196A806F046FC96A9504602F0C9
:1054600033FA58E0002110E0C1B20020DCF7DCFD87
:1054700008B1012100E00021504602F05CF94AE049
:10548000C1B20020DCF7CAFC0146504602F04EFCD7
:1054900041E087B1781C13D0102F46D80021EAB222
:1054A0000846DCF727FE714988422DD1504602F0AC
:1054B00076F930E045E01021504602F006FC2AE083
:1054C000EAB2F1B20020DCF715FE6849884204D147
:1054D0000AEB040002F063F909E0EAB2F1B200203D
:1054E000DCF708FE01460AEB040002F0CCFC0444A1
:1054F000B4F5167F03DA761C102EE1D30CE00521FB
:1055000089F80010122114E00021EAB20846DCF705
:10551000F1FD014616E00446002C0DDB7F1C0BD08C
:10552000022189F80010322103E0022089F80000EE
:105530002A2188F800105C460DF51B7D2046BDE849
:10554000F08F0021504602F09EFCE4E72DE9F04187
:105550000446ADF51A7D16460F4600254068FFF754
:105560009AFE8046FFF7AFFE60B16A4604F1100074
:10557000D4F8681201F0DDFB0221002806DA397048
:1055800025200BE0012038701F2007E020895728D4
:1055900009D0E268521C06D03970322030700020E9
:1055A0000DF51A7DB6E6092251284ED00EDC0DF11C
:1055B0000D034B2865D004DC1C282CD024280DD1E9
:1055C0005FE04D281BD04F2808D15AE0552808D05D
:1055D000572856D06F2854D0752828D039702020ED
:1055E00051E09DF80200042802D0397032704BE07F
:1055F00094F86C2240460299FFF7A5FE3FE09DF823
:105600000200072825D108F0FF0294F86C12002050
:10561000DDF7D4FD33E09DF80200072819D108F02A
:10562000FF0294F86C120020DDF77FF927E09DF867
:10563000020009280DD1029808F0FF02C3B294F8C5
:105640006C120020DDF7A5F819E09DF8020009288A
:105650000ED084F86D1284F86E2215E02816040826
:10566000B4C60160BE040060B4C4016000007F43A2
:105670009DF8082008F0FF010020DDF72CFD012532
:1056800002E0397028203070284689E72DE9F04182
:105690000C460746FFF7FFFD7CB3552121804FF0F4
:1056A000FF360025666025720421A172C2B2294628
:1056B0002846DCF71FFD206184F87052D4F874424C
:1056C000DCB16F202080666025720820A07204F192
:1056D0001000064606F0FEFA00221146304606F09B
:1056E00002FB00220121304606F0FDFA00220221D1
:1056F000304606F0F8FA84F870523846BDE8F041BA
:10570000DEF73ABB30B503780C780022A34221D1F2
:10571000072B09D9072307E084188D1864786D7862
:10572000AC4217D1521CD2B29A42F5D302890B89EE
:105730009A420FD1A2B1837A8A7A93420AD1072B77
:1057400000D90723002209E084188D18E47AED7A45
:10575000AC4201D0002030BD521CD2B29A42F3D3E9
:10576000012030BDFA49FB4A09E00B78DB0705D080
:105770004B68834202D10020087070472431914267
:10578000F3D9704770B50020821EF149F14C0AE050
:105790000B7803F00703012B04D10B6A934201D865
:1057A0001A4608462431A142F2D980254FF4616699
:1057B00080B9E7490AE00B7803F00703032B04D113
:1057C0000B6A934201D81A4608462431A142F2D905
:1057D000002801D00570066270BD42F2DC31DC4861
:1057E00009F00BBA10B5DA480022DA4B0CE0017868
:1057F000CC0704D0890701D4016A01B9027001788D
:10580000090600D5027024309842F0D910BD30B599
:10581000CF4BD04C16E01D78ED0712D05D68854265
:105820000FD1187884070AD432B140F00400187000
:105830004FF0FF30186230BD20F00400187019627C
:1058400030BD2433A342E6D930BD70B513460D46B2
:105850000022BF4CBF4913E02678F6070FD06668D8
:1058600086420CD1207880070CD4122204F10C015E
:10587000184609F0A9F9A0680122286002E0243442
:105880008C42E9D9104670BD2DE9F0410F468046A3
:105890000026AF4CAF4D10E0207800F00300012847
:1058A0000AD1414604F10C0006F082F920B10FB193
:1058B00060683860012602E02434AC42ECD93046FE
:1058C000BDE8F0812DE9F0470E46054691460021DE
:1058D0009F4C4FF461679F4820E02278D2071CD08C
:1058E0006268AA4219D11222494604F10C0009F05B
:1058F0006BF9A66020789849820708D4420702D540
:105900004FF0FF3103E0020701D5276200E021627A
:1059100020F002002070BDE8F08724348442DCD9F6
:105920000029F8D18A4C4FF0010803E02278D20711
:1059300008D024348442F9D90029ECD1FFF722FFA2
:105940000400E8D084F80080C4E9015612224946D8
:1059500004F10C0009F038F92762DCE72DE9F04189
:105960000F46134605460026794C7A491CE02078FC
:10597000C00718D06068A84215D12078800710D4DD
:105980000126122204F10C01184609F01DF9A06845
:1059900038602078010704D520F0080020706E4898
:1059A000206230468CE724348C42E0D968480324D6
:1059B0004FF4616604E0027812F0810F05D02430C4
:1059C0008842F8D9FFF7DEFE10B104700662456028
:1059D000002075E770B50D4613465D4C5D4916E035
:1059E0002278D20712D0626882420FD11222194661
:1059F00004F10C0009F0E8F8A560207820F002001E
:105A00002070400701D45448206270BD24348C4279
:105A1000E6D970BD70B50E46014600201546FF2937
:105A200014D24B4A01EBC10102EB8104217801F051
:105A3000030101290AD1122204F10C01184609F0D0
:105A4000C3F860683060A0682860012070BD002045
:105A50003F49404A06E00B7803F00303012B00D1D5
:105A6000401C24319142F6D97047F0B5ADF5177D51
:105A700006460025364C374F20E0207800F0030022
:105A800001281AD170190821626801F08EFF0544BF
:105A9000A18A701902F019F9A27D054412B104F12E
:105AA000170102E0227B04F10D01684606F010FBAD
:105AB0007019694601F09EFF05442434BC42DCD9CC
:105AC0000DF5177D2846F0BD2DE9F04FADF5197D98
:105AD0008146002701F118000D46B846969006F061
:105AE000F9F800221146969806F0FDF800220121EF
:105AF000969806F0F8F800220221969806F0F3F83E
:105B0000E86AC0F5167B00202863FFF7A0FF5FEA74
:105B1000000A17D0A86A0123082802D1C5F844A0BA
:105B2000AB63686C00280ADAAA6B511C0144012996
:105B300002DAAB636A6402E04042A9636864A86B5E
:105B400050450BD900200DF5197DBDE8F08F000000
:105B5000DCF304609417056080510100696C014416
:105B6000491E9791514501D9CDF85CA23B4C0126C5
:105B700000E02434217801F003010129F9D106E085
:105B800014F8241B01F00301012900D1761CB04256
:105B9000F6D1989638E0BBF1110F05D2012202210F
:105BA000969806F0A0F832E009EB07000821626839
:105BB00001F0FBFE804607EB0802A18A02EB090018
:105BC00002F083F8A27D804412B104F1170102E0D3
:105BD000227B04F10D01684606F07AFA07EB080112
:105BE00001EB0900694601F005FF4044ABEB000BF7
:105BF0000744B046286B761C401C286314F8240F19
:105C000000F003000128F9D197988642C3D99898EB
:105C1000012804D101220021969806F064F8D045AD
:105C200004D101221146969806F05DF838468AE7BD
:105C300030B50A4900240A4B0DE00A7812F0810FB2
:105C400008D0520706D40A6A824202D3121A0A62A4
:105C500000E00C7024319942EFD930BDDCF30460D0
:105C6000941705601E2802D2FE4A42F820107047A1
:105C7000FD49486070470B2803D2FA4A783242F84F
:105C80002010704730B500210A460C4628281CD247
:105C9000F54B10335D5C854203D1F2480DE00122E3
:105CA00013E0491C1E29F5DB7CB9EF4B00212E3394
:105CB0005C5C844206D1EB48783050F82100002823
:105CC000EDD102E0491C0B29F2DB104630BD70B566
:105CD0000023044618461370282C07D2E24D1035D5
:105CE000EE5CA64203D101200B60107070BD5B1CFE
:105CF0001E2BF5DB0028F9D1DB4B00222E339D5CF7
:105D0000A54202D101200A6070BD521C0B2AF6DBAD
:105D100070BD1D2814D2DFE800F00F0F0F13130F12
:105D200013130F0F130F1313130F0F0F130F0F1363
:105D30000F13130F130F0F00CA4AA43242F820109A
:105D40007047C21E1B2A13D2DFE802F00E0E120E9D
:105D50000E12120E120E0E0E1212120E12120E123F
:105D60000E0E120E12120E00BE4AA43242F820107D
:105D700070471E2802D2BD4A42F820107047BA4927
:105D800088607047B849C86070472DE9F0470446FD
:105D9000DDE9088900781E46C0F3C0001070207845
:105DA0001546C0F38000507020780F46C0F34000C5
:105DB0009070607801F020FB6860607801F037FB3C
:105DC000A860A07828732978032021B1E07868734F
:105DD0002079A8730520215C401C31702218391AE3
:105DE000C8F80020A9F80010BDE8F0879E48408858
:105DF00070479D49488070479B48007870479A4992
:105E000008707047F0B58DB007464FF0000007905E
:105E1000089009900A90ADF8180002901D461646A9
:105E20000C008DF8100005908DF80C000B900C9074
:105E300072D0217801F0F0021211062A22D2DFE896
:105E400002F0034BC5C921EF06A905A8CDE9000161
:105E500004AB07AA31462046FFF797FF9DF81000D4
:105E60000C2810D00E2817D00F281ED0102825D0AF
:105E700012282CD0009507AB3A46BDF818100598AB
:105E800004F024F807E1009507AB3A46BDF8181076
:105E9000059803F0BFFEFEE0009507AB3A46BDF85B
:105EA0001810059804F0D1FEF5E0009507AB3A46CE
:105EB000BDF81810059803F045FFECE0009507AB1E
:105EC0003A46BDF81810059805F028F8E3E09DBBA8
:105ED00067490A2008705CE061788DF81010B11EE7
:105EE000A31C9DF8102089B20593ADF81810082A5C
:105EF0003BD125B1012D20D0022D1ED0CBE0052EA7
:105F000005D11878DF2802D15878FD2805D03A4607
:105F1000184603F0F3FE28E0C7E0DDF759FF5549C6
:105F200001200870059854498078C0EB001080006B
:105F30000880DDF76AFF18E02BE00090019001ABCC
:105F40006A4689B2059807F081FA10F0FF0F05D074
:105F500002F044FA01460098814204D1294647489C
:105F600007F062F80020E8F731F89DF810000728E4
:105F700007D004280DD0092812D0062817D0E8B180
:105F800089E02B463A46BDF81810059808F078FBD2
:105F900081E02B463A4631462046E5F734FF7AE069
:105FA0003A46BDF81810059808F0C3F873E03A4671
:105FB000BDF81810059808F095F86CE02B463A46A5
:105FC000BDF81810059803F08DFC64E0A0788DF8FA
:105FD000100060E0C1F3C001022001B10420215C87
:105FE000401C27188DF81010301A81B29DF810004F
:105FF0000597ADF818100C2804D0122808D01A28DC
:1060000049D105E02A4631462046E5F7AAF942E0A3
:106010003346224638460095E5F7D6FC3BE0FFE7DD
:10602000A07803268DF81000122805D1E01C00216D
:1060300001F056FB00B10426A01902AA03A901F041
:10604000A5FA0644A0190CAA029901F04CFE0644D8
:10605000A01902AA03A901F099FA0644A0190BAAF3
:1060600002990DE0B8170560C0040060D4180560FF
:1060700057020060E9030060FE030060C2D30760BE
:1060800001F031FE9DF810103044122903D1204454
:10609000002101F03BFB40F239104543044840F237
:1060A000722100EB450008F0A8FD0DB0F0BD000026
:1060B00050D1076008B1B74B036011B1B54808383B
:1060C0000860002A02D0B3480C381060704741289D
:1060D00001D20120704700207047AF480078704718
:1060E000AE49085C401C70477047AD49084410F841
:1060F000010C7047002070470020704700B5002257
:10610000FFF7F3FF402801D2A6490A5C104600BD04
:1061100000B5FFF7EAFF402802D2A24A002111543D
:1061200000BD2DE9F0410C460746FFF7DEFFB4B392
:10613000552121804FF0FF36002566602572092128
:10614000A172C2B229460320DBF7D4FF09F06DF833
:10615000206184F87052D4F8744204B36F20208018
:10616000666025720820A07204F11000064605F052
:10617000B1FD00221146304605F0B5FD0022012197
:10618000304605F0B0FD00220221304605F0ABFD9F
:1061900000220321304605F0A6FD84F870523846EF
:1061A000BDE8F041AAE70020704710B50C46034651
:1061B0000022FFF79AFF402B08D2C1B20320DBF781
:1061C00095FD0146204605F043FE0246104610BDEF
:1061D0002DE9F043ADF51B7D8146DDE9A2549846DB
:1061E0000846FFF782FF0227FE1E4F2A2AD008DC4E
:1061F0001C2A1AD0242A5BD04B2A0BD04D2A06D158
:106200000EE0542A56D0552A1ED06F2A28D02F705F
:10621000202047E002460321484601F0C6FB3AE051
:10622000C1B20320DBF762FD03E0C1B20320DBF75C
:10623000BCFC0146684605F00BFE6946484601F085
:1062400071FC28E0032107E0C2B200210320DBF744
:1062500051FF08F0EAFF2FE0484601F067FD1AE021
:1062600096A805F037FD0022114696A805F03BFDE3
:106270000022012196A805F036FD0022022196A8F1
:1062800005F031FD0022032196A805F02CFD96A90A
:10629000484601F019FB002806DBB8F1FF3F03D0A8
:1062A0002F703220207030460DF51B7DBDE8F08345
:1062B0000021D1E7DDF75DFC0146CDE7F0B5ADF596
:1062C0001B7D0446D0F8681200256A46103000F0A5
:1062D00030FD02262527002804DA84F86D6284F850
:1062E0006E7207E0E068401C08D084F86D623220CE
:1062F00084F86E0200200DF51B7DF0BD20894F282B
:1063000040D008DC1C283DD024283BD04B2839D075
:106310004D280BD136E004F26E235A1E512813D0BB
:1063200054281BD0552805D06F282BD084F86D62D7
:1063300020202AE00921684603F0B8FD050026D098
:106340000298012823D917E00121684603F0AEFD29
:1063500005001CD06068FFF7C8FE18E009216846F8
:1063600003F0A4FD050012D00298022804D2C1B2A5
:106370006068DDF714FC0AE084F86D62002584F89B
:106380006E7204E084F86D62282084F86E0228465C
:10639000B1E700004C160408F9040060F4C3016082
:1063A000F4C501604C19056008B1C14B036011B11F
:1063B000BF4808380860002A02D0BD480C38106079
:1063C0007047812801D20120704700207047B948EA
:1063D00000787047B849085C401C7047B7490844CA
:1063E00010F8010C704710B50C4603460022FFF769
:1063F000F5FF802B08D2C1B20920DBF777FC0146FC
:10640000204605F025FD0246104610BD2DE9F0415D
:10641000002605463446802813D2A94FEAB2E1B2DD
:106420000920DBF767FEB84208D0EAB2E1B20920E2
:10643000DBF760FE08F0F9FEC6B202E0641C102C27
:10644000ECD33046BDE8F0812DE9F043ADF51B7D7E
:106450009846DDE9A25481460B460846FFF7BEFF89
:106460000227FE1E4F2A2CD008DC1C2A1CD0242A0E
:1064700051D04B2A0DD04D2A08D110E0512A4CD0D2
:10648000542A5BD0552A1ED06F2A28D02F70202086
:106490004EE01A460521484601F087FA41E0C1B2B4
:1064A0000920DBF723FC03E0C1B20920DBF77DFB09
:1064B0000146684605F0CCFC6946484601F032FBCF
:1064C0002FE0052107E0C2B200210920DBF712FE10
:1064D00008F0ABFE34E0484601F028FC21E096A825
:1064E00005F0F8FB0022114696A805F0FCFB0022FF
:1064F000012196A805F0F7FB0022022196A805F0DD
:10650000F2FB0022032196A805F0EDFB96A9484670
:1065100001F0DAF905E00021DDE70021484601F04D
:106520000AF9002806DBB8F1FF3F03D02F703220B4
:10653000207030460DF51B7DBDE8F083DDF78BFB49
:106540000146C8E72DE9F0470446ADF51A7D15462A
:106550000E4600274068FFF734FF88B16A4604F111
:106560001000D4F8681200F0E4FB4FF002084FF07E
:10657000250A002808DA86F8008085F800A00DE0DA
:10658000012030701F2008E0208957280BD0E068D8
:10659000401C08D086F800803220287000200DF5BD
:1065A0001A7DBDE8F0876068FFF718FF81462089F3
:1065B00009214F2876D00ADC0DF10D031C2847D0A5
:1065C00024286FD04B286DD04D2808D134E05128B5
:1065D00022D054284ED0552805D06F2862D086F896
:1065E0000080202061E09DF80200092818D102985F
:1065F000012805D020B186F8008085F800A055E07C
:10660000C0B208F0D6FD034609F0FF0294F86C1200
:106610000920DCF740FA2BE09DF80200012803D0A6
:1066200086F80080297041E09DF8082009F0FF01FC
:106630000920DCF750FD1BE09DF8020007280BD174
:1066400009F0FF0294F86C120920DCF7B7FD0FE0A7
:106650009DF80200072804D084F86D8284F86E1239
:1066600024E009F0FF0294F86C120920DCF75DF9D0
:1066700001271BE004F26E235A1E0921684603F02D
:1066800015FC070012D00298022805D2C1B260683A
:10669000DDF7F6FA0AE005E084F86D82002784F859
:1066A0006EA203E086F8008028202870384676E73E
:1066B00078160408FA04006034C5016034C701602C
:1066C00000007F4308B1F94B036011B1F7482C304B
:1066D0000860002A02D0F548001F1060704741286A
:1066E00001D20120704700207047F14800787047C0
:1066F000F049085C401C7047EF49084410F8010C51
:106700007047F8B500218DF800100C46C0B26946FC
:10671000EAF726FE9DF800100420DDF747F808F0A0
:1067200084FDC5B29DF80000402815D2E34EE1B2C9
:106730009DF800200420DBF7DDFCB04209D0E1B277
:106740009DF800200420DBF7D5FC08F06EFDC5B2F3
:1067500002E0641C102CEAD32846F8BD2DE9F04174
:10676000C5B2002429460420DDF720F808F05DFDBD
:10677000C6B2402D13D2D14FE1B22A460420DBF736
:10678000B9FCB84208D0E1B22A460420DBF7B2FCDB
:1067900008F04BFDC6B202E0641C102CECD330466E
:1067A000BDE8F08110B50C4603460022FFF7A4FFB8
:1067B000402B08D2C1B20420DBF798FA01462046EC
:1067C00005F046FB0246104610BD2DE9FF4FADF522
:1067D0001B7D0746DDE9A8A9002498462646084601
:1067E000FFF78AFF05469D984FF0FF3B512859D08F
:1067F00010DC2E287ED006DC04287CD01C2827D074
:10680000242815D14CE04B2817D04D281BD04F28F9
:106810000ED123E068286FD006DC54284ED05528CE
:106820001ED0572804D14EE06F281DD0752875D092
:1068300002208AF800002021A6E02A4604213846DA
:1068400001F0B3F88EE0E9B20420DBF74FFA03E081
:10685000E9B20420DBF7A9F90146A5E004217EE0B6
:106860002846FFF77BFF2CE096A805F033FA0022BC
:10687000114696A805F037FA0022012196A805F0E6
:1068800032FA0122022196A805F02DFA01220321F5
:1068900096A805F028FA96A9384601F015F861E0A7
:1068A00000215CE0E9B20420DBF7BEFB08B1012166
:1068B00000E00021384600F03EFF53E02846DDF7B7
:1068C00092F901464BE0B8F1000F16D0B8F1FF3F46
:1068D00018D0B8F1100F53D8A8F10104EAB2E1B210
:1068E0000420DBF707FC7549884230D1384600F0B8
:1068F00056FF37E057E054E04EE01021384601F0F3
:10690000E4F92FE0EAB2F1B20420DBF7F3FB6B49C4
:10691000884204D1381900F042FF0BE04CE0EAB2A3
:10692000F1B20420DBF7E6FB08F07FFCC1B23819B6
:1069300001F0FCF90444B4F5167F03DA761C102E3E
:10694000E0D310E005218AF8001012211CE0EAB221
:10695000E1B20420DBF7CEFB08F067FCC1B2384699
:1069600001F0E4F90446002C11DB9D9857280ED065
:10697000B8F1FF3F0BD002208AF80000322103E07B
:1069800002208AF800002A2189F800105C460DF5E3
:106990001F7D2046BDE8F08FE9B20420DCF706FF3A
:1069A000DAE747A100E047A1684605F051FA6946D9
:1069B000384601F0B7F8D5E7E9B20420DBF72EFA44
:1069C0007FE72DE9F043ADF51B7D0446D0F8681252
:1069D00000256A46103000F0ACF902274FF0250977
:1069E000002804DA84F86D7284F86E920AE0208937
:1069F00057280CD0E068401C09D084F86D72322012
:106A000084F86E0200200DF51B7DBDE8F083606800
:106A1000FFF772FE0646208904F26E2328215A1ED3
:106A20004FF0090C512876D012DC0DF10D032E2801
:106A300067D006DC042864D01C2879D0242817D11C
:106A40005FE04B285DD04D2875D04F2810D158E01D
:106A5000672856D006DC54286CD055280FD057280C
:106A600006D14EE0682871D06F284AD075287AD0B8
:106A700084F86D72202084F86E022846C3E79DF8E2
:106A80000200092820D00021684603F00FFA050013
:106A9000F3D094F86C0290B3102830D8401EC1B2E5
:106AA000064BF2B20420DBF7F6FFE6E79C1604087B
:106AB000FB04006074C4016074C6016000007F4381
:106AC0006F6E00006F66660094F86C82B8F1000F7C
:106AD0001CD0B8F1100F19D8B8F1060F11D00298D8
:106AE000012813D8C0B2A8F1010808F062FB0346E0
:106AF000F2B208F0FF010420DBF7CDFF51E060E0C7
:106B000009E084F86D7284F86E12B6E784F86D724D
:106B100084F86E92B1E70121684603F0C7F90500D9
:106B2000ABD09DF80820F1B20420DCF7D4FAA4E73A
:106B30000EE000E037E09DF80200072824D1F2B211
:106B400094F86C120420DCF739FB2AE018E00AE024
:106B50009DF80200072817D1F2B294F86C120420B5
:106B6000DBF7E3FE1DE09DF8020009280CD1029836
:106B7000F2B2C3B294F86C120420DBF70AFE10E004
:106B80009DF80200092804D084F86D7284F86EC262
:106B900073E7029808F00DFB0246F1B20420DCF71F
:106BA0008DFD012569E70921684603F07FF905009D
:106BB000ABD00298022804D2C1B26068DDF729F890
:106BC0005BE70025A2E7000030B40446002000295E
:106BD00011D0002C0FD08B7801F108020D2B0AD2B6
:106BE000DFE803F0070B10151A1F252A2F34393E52
:106BF00043002370012030BC7047097A204630BC26
:106C000000F099BD8968204630BC01F05EB8896803
:106C1000204630BC01F005B98968204630BC01F03F
:106C200032B9D1E90223204630BC01F04AB92046EE
:106C300030BC114600F0DEBE204630BC114600F0EC
:106C400071BF204630BC114600F03EBE8968204628
:106C500030BC01F06BB8204630BC114601F0CEB913
:106C6000204630BC114601F058B9CA68098920464F
:106C700030BC00F09ABE2DE9FC411C4617460D467B
:106C8000002670B36CB304F108020D2D46D2DFE884
:106C900005F045070C1014181C2024292D3136004E
:106CA000384600F076FD207240E0394600F0A1FF42
:106CB00023E0394601F064F81FE0394601F0AFFAED
:106CC0001BE0394601F0F2FA17E0394600F0D3FE36
:106CD00013E0394600F05DFF0FE0394600F088FD13
:106CE0000BE01CE0394600F0FEFF06E0394601F0FB
:106CF000ADF902E0394601F036F906460EE0002112
:106D0000ADF80010019101AB6A46394600F013FE60
:106D10000646BDF8000020810198E06036B92DB12B
:106D2000012D03D0062D01D01020A0703046BDE803
:106D3000FC812DE9FC414FF0000614460500374662
:106D40008DF8006001961CD0DCB12878000718D4BB
:106D5000277001AA6946284600F018FC78B19DF812
:106D600000100646A170A8192346019AFFF783FF79
:106D7000A178102901D0064401E04FF0FF36C4F895
:106D800060723046D3E72DE9FC41002714468DF8A8
:106D900000703E46FE4D019708B185E8830054B36C
:106DA000696841B32A68A868135C1B0723D41044A0
:106DB000277001AB6A4600F022FCD0B1A9680A181E
:106DC000AA606968081A68609DF80010012902D05D
:106DD000019B83420DD8A170286823461044019A74
:106DE000FFF749FFA9680144A9606968081A0126EC
:106DF0006860C4F86072304699E703004FF0000005
:106E00000BD00D2909D2DFE801F0080807070707B2
:106E10000707070707070700104670477CB54FF0C4
:106E2000000405008DF80440009410D02878000775
:106E30000DD46A4601A9284600F0A8FB38B10446E3
:106E400028199DF80410009AFFF7D7FF0444204644
:106E50007CBDF0B404460020002A52D0002C50D053
:106E6000957802F108030D2D4BD2DFE805F0070BF2
:106E700010151A1F262B30353A3F44002046F0BC2F
:106E800000F091BC127A2046F0BC00F05ABC926827
:106E90002046F0BC00F0FDBE92682046F0BC00F039
:106EA000CEBF92682046F0BC00F0FDBFD2E90203DD
:106EB00002462046F0BC01F015B82046F0BC1A4648
:106EC00000F0B7BD2046F0BC1A4600F046BE204692
:106ED000F0BC1A4600F00BBD92682046F0BC00F0F2
:106EE00033BF2046F0BC1A4601F096B82046F0BCED
:106EF0001A4601F020B8D36812892046F0BC00F091
:106F000043BDF0BC704702461020982A45D019DCDA
:106F1000352A3AD00ADC022A26D0262A21D1012994
:106F20002DD002291DD003291BD119E0662A2CD0AF
:106F3000842A16D119B3012923D0022910D003299C
:106F40000FD11CE0D32A23D0D42A03D0D62A01D0D3
:106F5000DA2A06D121B1012902D0022901D101E0AA
:106F600002207047042070470929FCD2DFE801F0B5
:106F7000070709060506060B0B00F4E7F0E70C20EF
:106F8000704709207047012070470029FCD1F6E7BF
:106F90000029F4D00129F7D1F1E70529F4D2DFE87F
:106FA00001F0060605040300DCE7D9E7EBE7EBE7B1
:106FB00070B50C0003464FF000050FD073B1617837
:106FC0001046FFF7A0FF102805D261782246184628
:106FD000FFF73FFF05460020C4F86002284670BD59
:106FE0002DE9FC414FF000040600984615460F4677
:106FF00020468DF80040019432D065B331780907FE
:107000002ED501212970C5F8600201AA69463046D3
:1070100000F0BCFA040023D0BC4205D89DF8001053
:10702000304600F073FB10B1012C18D018E09DF829
:10703000001069704046FFF766FFA870102807D25D
:10704000264401462B463046019AFFF714FE01E024
:10705000019808B1044403E04FF0FF3400E000243D
:10706000204664E67CB54FF00004164605008DF816
:107070000040019418D02878000715D501AA694668
:10708000284600F083FA78B104469DF80010304697
:10709000FFF739FF0146102804D22819019AFFF79B
:1070A000ACFE00E00198044420467CBD034600206D
:1070B00000290AD0002B08D0087820B148780A4669
:1070C00001461846C5E618467EE5704770B50C4681
:1070D00005004FF0010637D084B3A078A870A278DD
:1070E00004F1080105F108000D2A28D2DFE802F0BA
:1070F00028070A0A0A0D1215180A1B1E2100207AF9
:1071000028721DE0A068A8601AE0D4E90201C5E970
:10711000020115E005F029F812E004F0BBFE0FE0D3
:1071200004F037FE0CE005F050FA09E005F05AFAD9
:1071300006E020892881E068E86001E004E000269C
:10714000D4F86002C5F86002304670BD2DE9FC5FDE
:10715000002706468DF8007001970078934600F0EE
:1071600007008846062843D1304601AA694600F048
:107170000DFA9DF80090044601254FF0FF3A305D6E
:1071800000F0070106290FD0C143490717D001E0DD
:10719000FC0400600007A8EB040106EB04001AD50C
:1071A0005A46FFF75FFF18E0301901AA694600F060
:1071B000EDF99DF800204A450FD16D1C09E030190A
:1071C00001AA694600F0E2F99DF800204A4504D181
:1071D0006D1EEDB201E0FFF721FE044415B1002859
:1071E00002DD0744444501D9574601E0002DC6D1D0
:1071F0003846BDE8FC9FF0B58DB04FF00006140096
:107200008C4602963546039679D0102877D2012510
:10721000A07004F108070D2810D2DFE800F09107F4
:1072200037121920272C32373D5F88000022114683
:10723000604607F001FE10B10120207280E0267246
:107240007EE000221146604607F0F6FDA06077E080
:107250000021604609F0FAFD08F014F8F6E7002175
:10726000604609F0F3FDC4E9020169E06146384671
:1072700004F053FF03E06146384604F0E9FD05469B
:107280005EE00025384604F025FD59E00022114655
:10729000604607F009FED9E70BA909A8CDE900016E
:1072A00008AB07AA2BA1604607F004FD032802D013
:1072B00004280AD043E00998C3B20898C2B20798DC
:1072C00081B2384605F06FF83AE0079820810898B7
:1072D000A0720998E0720B98207331E00AA906A801
:1072E000CDE9000105AB04AA1EA1604607F0E2FC4F
:1072F000042805D003280CD0022811D01FE021E07B
:1073000004982072059860720698A0720A98E0723C
:1073100016E004982072059860720698A07204E046
:107320000498207205986072A672E67208E003ABBA
:1073300002AA10A1604607F0BDFC022805D0002576
:10734000C4F860620DB02846F0BD02982081039811
:10735000E060F5E72534642F2533642F2533643A44
:10736000253364002533643A2533643A2533642E8B
:10737000253364002534643A253764000246002032
:10738000022A1ADB042A01DA102016E0082A01DAA0
:10739000202012E0102A01DA30200EE0202A01DA43
:1073A00040200AE0402A02DA4FF0500005E002D106
:1073B0004FF0600001E04FF07000322903DD8029BA
:1073C00002DC40F001007047CE2902DC40F00200F0
:1073D0007047B1F5F07F02DC40F003007047B1F573
:1073E000806F02DC40F00400704740F2C4529142CA
:1073F000FADC40F005007047014601F0F001002082
:107400000911082906D2DFE801F0050406080A0C74
:107410000E1002207047042070470820704710208B
:107420007047202070474020704741207047014638
:10743000002001F00F01062905D2DFE801F0030565
:1074400007090C0F3220704780207047CE2070470C
:107450004FF4F07070474FF48060704740F2C450B2
:10746000704770B50124002505700AB1082202702A
:1074700002780E2903D842EA0111017004E042F0BB
:10748000F0020270417002240178042B02D81943E3
:1074900001701AE041F005010170FD2B02D803557F
:1074A000641C12E0B3F5803F07D2FE210155641C35
:1074B00099B2204400F008FE06E0FF210155641C4B
:1074C0002044194600F022FE0444204670BD0823E3
:1074D000012203700E2903D843EA0111017003E071
:1074E000F822027041700222017841F00601017019
:1074F000104670470823012203700E2903D843EA7F
:107500000111017003E0F82202704170022201783B
:1075100041F0070101701046704710B50346012085
:107520001A780F24B4EB121F04D109B158780870EF
:10753000022010BD0029FCD012090A7010BD0346BC
:1075400010B5002000290AD018780F24B4EB101FC2
:1075500006D1022904D30AB158781070022010BD58
:107560000AB100091070012010BD007800F007007A
:10757000062801D000207047012070470078C043E2
:10758000400701D000207047012070477CB51446A9
:107590000546FFF7C2FF2A7802F00701052903D04C
:1075A000002306291FD021E0295CFF2905D0FE29F0
:1075B0000DD004B12160401C7CBD461CA81901A956
:1075C00000F0ADFD3044002CF6D0019909E0461CD6
:1075D000A819694600F07DFD3044002CECD0BDF8C0
:1075E000001021607CBD0CB123607CBDD2435207EA
:1075F00002D0002CF5D17CBD002CF5D17CBDF8B5B6
:107600001C460E460546FFF79AFF002814DD2B782E
:10761000311A03F00702052A03D00021062A27D0D9
:1076200029E02A5CFF2A08D0FE2A12D01ED2E9B136
:1076300004B1226000F10100F8BD052916D3461CF3
:10764000A819694600F06BFD3044002CF4D0009975
:107650000FE003290AD3461CA819694600F039FD3A
:107660003044002CE8D0BDF8001002E00020F8BD46
:107670000CB12160F8BDDB435B0703D0002CF9D0CF
:107680002260F8BD002CF4D1F8BD38B50D460022BB
:1076900004468DF800206946FFF73FFF2078000779
:1076A00005D59DF80000A84201D1012038BD002079
:1076B00038BD78B5054600200E468DF8000014460A
:1076C00069462846FFF729FF20602878000705D57E
:1076D0009DF80000B04201D1012078BD002078BDA6
:1076E00038B50D46002204468DF800206946FFF7A4
:1076F00014FF207800F00700062805D19DF800004F
:10770000A84201D1012038BD002038BD38B50D4652
:10771000002204468DF800206946FFF7FEFE20781F
:10772000C043400705D19DF80000A84201D10120C7
:1077300038BD002038BD002301B101230022012102
:107740008FE670B51446012305461A46FFF789FEF9
:107750002C54401C70BD014600200978002900D03F
:107760000120704778B51546002604466A46009603
:10777000FFF79FFF50B10098205C10B101202870E6
:1077800000E02E700098401C009078BD4FF0FF3054
:10779000FAE701004FF0000000D0012070470023FD
:1077A0001A4619465DE6002301225AE601460020EA
:1077B000CA0700D080208A0701D540F040004A0760
:1077C00001D540F020000A0701D540F01000CA069C
:1077D00001D540F008008A0601D540F004004A06B1
:1077E00001D540F00200090601D540F001007047C4
:1077F0002DE9F041074600250E4690462C461046DE
:1078000004F068FABEB1761E0F2E14D8012509E0E7
:10781000785D6D1CFFF7CAFF0246E1B2404604F0F6
:10782000A1FA641CB442F3D33878F1B200F0070235
:10783000404604F0A1FA2846BDE8F08177B581B052
:10784000164604469DF80810FFF71FFF68B1204652
:107850006A4602A9FFF79AFE05466019324600996A
:10786000FFF7C6FF284404B070BD4FF0FF30FAE7C1
:107870002DE9F041064688460025084604F05DFAE9
:1078800080B1404604F05BFA0746404604F055FAE2
:10789000C7F1010100EBC100C0B2C0F108003070B7
:1078A00001240DE00020307001240BE02946404601
:1078B00004F04FFAFFF77AFF6D1C3055EDB2641CEF
:1078C000BD42F3D32046B7E770B506460D460846DD
:1078D00004F035FA431C002208213046FFF7C1FDB1
:1078E000044630192946FFF7C3FF204470BD70B528
:1078F00006460C461546104604F021FA431C0122A8
:1079000021463046FFF7ADFD044630192946FFF702
:10791000AFFF204470BD38B50C46002100911546DC
:10792000694600F0FCFB0099890D21800099C1F3A4
:107930001501296038BD30B41446042902D030BC8A
:1079400000207047214630BC1A46E4E7F8B50446EB
:107950000020164600901D4620466A46FFF7A9FE05
:1079600040B100982A4620443146FFF7D4FF0099E1
:10797000084401E04FF0FF300090F8BD0B4611467F
:1079800063F39F5100F0C2BB2DE9F0411D4616463E
:10799000074604230122FFF764FD044638192A46EE
:1079A0003146FFF7EBFF204446E770B50446401C24
:1079B000FFF7E4FF0546034600220C212046FFF7AF
:1079C00050FD284470BD2DE9F0414FF000050646FA
:1079D0000F002C460CD0084604F0BBFB0546384689
:1079E00004F0BDFB02E0015D3155641CAC42FADBE2
:1079F000284621E770B506460D004FF0000015D06F
:107A0000084604F0A6FB0346002206213046FFF795
:107A100028FD0446284604F09CFB2044B0F5167F60
:107A200005D230192946FFF7CEFF204470BD002053
:107A300070BD70B505000C4616464FF0000017D01B
:107A4000002E15D0104604F084FB03460122214687
:107A50002846FFF706FD0446304604F07AFB204432
:107A6000B0F5167F05D228193146FFF7ACFF204448
:107A700070BD002070BD70B513460D460A46014624
:107A80000024184604F024FB00B12C46204670BDAB
:107A900077B581B0054600200090164628469DF82F
:107AA0000810FFF7F2FD70B128466A4602A9FFF7F9
:107AB0006DFD044629193046009A04F009FB20B1F7
:107AC0000098044401E04FF0FF342046CBE670B547
:107AD0000400049D05F101000BD0884209D82270F2
:107AE000002103E05A5C6618491C7270A942F9D360
:107AF00070BD002070BDF8B506460F46084604F07C
:107B0000B7F90546384604F0B9F90446384604F09A
:107B1000BBF9024623464FF4167130460095FFF735
:107B2000D6FFF8BD2DE9F04107460E46084604F0A1
:107B30009FF9451C2B46002207213846FFF791FC90
:107B400004462844B0F5167F05DA38193146FFF7A8
:107B5000D2FF204470E600206EE62DE9F041074692
:107B60000C461646104604F083F9451C2B460122AC
:107B700021463846FFF775FC04462844B0F5167FC9
:107B800005DA38193146FFF7B6FF204454E60020E5
:107B900052E670B50C4616460178421C0025631E5D
:107BA000304604F02DF900B12546284670BD77B562
:107BB00081B0054600200090164628469DF8081022
:107BC000FFF763FD88B128466A4602A9FFF7DEFC8D
:107BD0000446009B2A19295D3046521C5B1E04F0A6
:107BE0000FF920B10098044401E04FF0FF34204623
:107BF00039E638B50C464FF000011500ADF800101D
:107C000008D0012C08D0022C09D0032C0ED0042C53
:107C100010D01160204638BD00781060FAE7694640
:107C200000F057FABDF800002860F3E7114600F0B5
:107C300060FAEFE7114600F072FAEBE777B581B032
:107C4000164604469DF80810FFF71FFD60B1204658
:107C50006A4602A9FFF79AFC054660193246009968
:107C6000FFF7C7FF2844FEE54FF0FF30FBE5FF2993
:107C700002D8017001207047B1F5803F02D289B26D
:107C800000F022BAB1F1807F01D200F02BBA00F0EF
:107C90003DBA70B514460646FF2A01D801230AE012
:107CA000B4F5803F01D2022305E0B4F1807F01D218
:107CB000032300E004230122FFF7D3FB05467019DC
:107CC0002146FFF7D4FF284470BD70B50446401C20
:107CD000FFF7CDFF05460346002202212046FFF7AD
:107CE000C0FB284470BD38B51446002200926A4695
:107CF000FFF77FFF002C01D00099216038BD7CB5D3
:107D000016460446FFF7C1FC60B120466A4601A949
:107D1000FFF73CFC0546601932460099FFF7E3FF88
:107D200028447CBD4FF0FF307CBDA0E770B5044611
:107D3000401CFFF7FAFF05460346002209212046B2
:107D4000FFF78FFB284470BD70B514460646FF2A26
:107D500001D801230AE0B4F5803F01D2022305E0F7
:107D6000B4F1807F01D2032300E004230122FFF756
:107D700078FB054670192146FFF7D7FF284470BDF0
:107D800010B50C464AB1012C09D0022C0BD0032CA3
:107D90000DD0042C0FD000201060204610BD1146DD
:107DA00000F0D1F9F9E7114600F0E0F9F5E71146E6
:107DB00000F0F4F9F1E7114600F00FFAEDE777B5BE
:107DC00081B0164604469DF80810FFF75EFC60B1CE
:107DD00020466A4602A9FFF7D9FB054660193246DC
:107DE0000099FFF7CDFF28443DE54FF0FF303AE51D
:107DF00001F18002FF2A02D849B200F0A1B901F5D1
:107E00000042B2F5803F02D209B200F0AAB9AD4AF1
:107E10006FF07F430A449A4201D200F0B8B900F0F3
:107E2000D3B970B50446401CFFF7E2FF0546034690
:107E3000002203212046FFF714FB284470BD70B5D3
:107E4000064602F180001446FF2801D801230FE006
:107E500004F50040B0F5803F01D2022308E09948C4
:107E60006FF07F422044904201D2032300E00423BC
:107E700001223046FFF7F5FA054670192146FFF753
:107E8000B7FF284470BD70B50A460446411C104631
:107E900000F0E6F905460346002204212046FFF7DC
:107EA000E0FA284470BD70B5154606460423012249
:107EB000FFF7D7FA04463119284600F0D1F92044DB
:107EC00070BD70B515460446821C1946284600F060
:107ED000FAF905460346002205212046FFF7C1FABC
:107EE000284470BD2DE9F04115461E46074608237B
:107EF0000122FFF7B6FA04463A192846314600F047
:107F0000E2F9204498E40A7802704A7842708A784C
:107F10008270C978C1700420704770B50446401C57
:107F2000FFF7F1FF0546034600220B212046FFF72D
:107F300098FA284470BD70B5144605460423012202
:107F4000FFF78FFA0346E8182146FFF7DCFF1844D5
:107F500070BD02780A7042784A7082788A70C07860
:107F6000C870042070470B46042906D00021117008
:107F7000D17051709170184670471146E9E738B5D5
:107F80000D4604466946FFF7C8FA9DF800000B2825
:107F900002D04FF0FF3038BD601C2946FFF7D9FFF3
:107FA000401C38BD38B504460020154600902046D8
:107FB0006A46FFF77EFB38B1009829462044FFF758
:107FC000C8FF0099084401E04FF0FF30009038BD31
:107FD0000A8840F26C739A4202D3A2F26C7201E0FA
:107FE000FF2A08D802708A784270CA7882700979AC
:107FF000C170042070474FF0FF30704770B50446E1
:10800000401CFFF7E5FF0546034600220A212046F3
:10801000FFF727FA284470BD70B5154606460423BD
:108020000122FFF71EFA044630192946FFF7D0FF58
:10803000204470BD027802F26C720A8042788A7025
:108040008278CA70C0780871042070470B460429F2
:1080500006D00021D17091701171118018467047BF
:108060001146E7E738B50D4604466946FFF755FA6D
:108070009DF800000A2802D04FF0FF3038BD601C88
:108080002946FFF7D7FF401C38BD38B5044600200D
:108090001546009020466A46FFF70BFB38B1009862
:1080A00029462044FFF7C6FF0099084401E04FF03D
:1080B000FF30009038BD2023037041708270032090
:1080C00070470000FFFF7F000A0A02704170022023
:1080D000704729B1027812020A80407802430A8070
:1080E000022070470A0C02700A0A42708170032055
:1080F000704749B1027812040A60437842EA0322C9
:108100000A60807802430A60032070470A0E0270FA
:108110000A0C42700A0A8270C1700420704769B16B
:10812000027812060A60437842EA03420A608378C2
:1081300042EA03220A60C07802430A6004207047C2
:1081400001700120704751B10278120602D56FF01C
:10815000FF0200E000220A60007802430A6001206A
:1081600070470A0A027041700220704769B10278B4
:10817000120601D5214A00E000220A60037842EA93
:1081800003220A60407802430A60022070470A0C0A
:1081900002700A0A427081700320704791B1027820
:1081A000120602D54FF07F4200E000220A600378F9
:1081B00042EA03420A60437842EA03220A60807876
:1081C00002430A60032070470A0E02700A0C4270D4
:1081D0000A0A8270C1700420704769B102781206E1
:1081E0000A60437842EA03420A60837842EA032243
:1081F0000A60C07802430A60042070470000FFFF55
:10820000C37863F30702837863F30F22437800781F
:1082100063F3174260F31F6204200A607047042969
:1082200003D000230846136070471146E8E777B58E
:1082300081B0164604469DF80810FFF726FA60B193
:1082400020466A4602A9FFF7A1F9054660193146A2
:10825000FFF7D6FF284404B070BD4FF0FF30FAE7B7
:10826000020E0A70020C4A70020A8A70C87004205A
:10827000704710B5047864F30702447864F30F2262
:10828000847864F31742C47864F31F62047964F35A
:108290000703447964F30F238479C07964F31743A7
:1082A00060F31F63C1E90023082010BD10B40C4621
:1082B000082905D00021C2E90011204610BC7047F2
:1082C00010BC1146D5E71070030A5370030C93706D
:1082D000000ED0701171080A5071080C9071080ED0
:1082E000D0710820704777B581B0164604469DF8D6
:1082F0000810FFF7CAF958B120466A4602A9FFF7ED
:1083000045F9054660193146FFF7B3FF2844A2E757
:108310004FF0FF309FE700280CD000290AD04A68B0
:10832000C0F801204988A0F805100621017000213D
:1083300001818172704738B50546049C002064B104
:10834000012C10D0022C14D0042C17D0052C0FD1E6
:1083500028460094DCF7F7F909E000200090284651
:1083600001F06AF903E028460094DCF705F880B2D2
:1083700038BD28460094DCF78BF8F8E728460094CF
:10838000DCF71DF9F3E730B40446029B00202BB163
:10839000012B08D1204630BCDCF76EBA204630BC39
:1083A000002301F06BB930BC704729B1012901D01D
:1083B000022903D1DCF71ABB01F0C5B9704729B116
:1083C000012901D0022903D1DCF7E9BA01F0ABB9E8
:1083D00070470000F749002008707047F548406872
:1083E000704701460120B1F5800F04D2F14A516077
:1083F000F14A1160704700207047EE494968814298
:1084000001D10120704700207047DBF718B810B584
:10841000FCF75FFF441CFDF7DAFF0444FCF759FB4F
:108420000444FCF7D4FC0444FEF75FF90444FDF770
:1084300054FE044402F013F8044401F0C9FE04445D
:1084400005F0ABFE044405F091FF204410BD2DE97A
:10845000F041002415460E460746012805D10820A4
:108460003060D4480124406828607F1E002C6FD102
:108470007F1EFCF72EFF874205D20220306038466F
:10848000FCF72AFF4BE03F1AFDF7A1FF874205D218
:10849000052030603846FDF79DFF40E03F1AFCF7AD
:1084A00018FB874205D2002030603846FCF714FBE9
:1084B00035E03F1AFCF78BFC874205D20120306083
:1084C0003846FCF787FC2AE03F1AFEF70EF9874290
:1084D00005D2042030603846FEF70AF91FE03F1A43
:1084E000FDF7FBFD874205D2032030603846FDF7DB
:1084F000F7FD14E03F1A01F0B2FF874205D21120C8
:108500003060384601F0AEFF09E03F1A01F060FE2E
:10851000874207D206203060384601F05CFE012415
:10852000286015E03F1A05F038FE874205D280200A
:108530003060384605F034FEF1E73F1A05F02DFEB5
:10854000874205D213203060384605F00EFFE6E77B
:108550002046BDE8F08138B5984C6079A179401C7F
:10856000C2B2E378964801F26C7103F01CFF002060
:10857000009023786278A178924804F04CF8A07AB1
:1085800000B10120DAF7F3FFBDE83840DBF77AB835
:1085900010B50446FFF7DFFF894908682060888826
:1085A000A08088480068C4F8060010BD10B5FFF729
:1085B000D2FFBDE81040DBF761B8DAF7DBBF2DE989
:1085C000FF4FADF51D7D00240646DDE9AAA79A946C
:1085D0009F987849994625469B944FF0FF3B4D283C
:1085E00052D022DC3E2877D010DC1E2875D006DC65
:1085F0000B2873D00C285AD01C283CD1F7E02C282B
:1086000053D038286BD0392835D1FEE0492867D0BF
:1086100006DC3F2875D0402874D046282BD141E095
:108620004B282DD04C2826D181E0792833D010DC7E
:1086300062283ED006DC4F2829D0602851D061281E
:1086400019D13AE06B2870D0702822D0782812D146
:1086500025E05D49B0F57A7F68D006DC8B282AD00A
:108660009B283DD0D12806D161E0A0F54070E938C3
:1086700073D0012872D002208AF8000020208EE0FA
:108680004A680821304664E0D9F708FF05E0082170
:108690008CE009788AE0DAF72FFF0146A8E0DAF7E4
:1086A000CEFEB9E0DAF72BFFF7E748A1A0E049A139
:1086B0009EE00121D4E00C21D2E096A803F00AFB51
:1086C000E8B2FDF7DFFA0246E9B296A803F00BFB29
:1086D0006D1C282DF4D323E064E082E07CE08FE081
:1086E0007DE096A803F0F6FAE9B2002296A803F01E
:1086F000FAFA6D1C332DF7D32E4C4FF480650834F5
:108700000BE087E08AE0A06830B1804720B1217893
:10871000012296A803F0E7FA38342088A842F2D361
:1087200096A93046FFF7D0F815E03EE079E0FFF774
:108730006EFE8046B9F1000F11D0B9F1FF3F10D0A5
:108740009BAA9AA94846FFF782FE20B3DDE99A1258
:108750003046FFF72AF9044672E07EE07FE04146AA
:108760007EE0012514E09BAA9AA92846FFF76FFE38
:10877000DDE99A123019FFF718F904442044B0F5E6
:10878000167F04DB362038706FF001046CE06D1C3E
:108790004545E8D954E002208AF800002A203870C4
:1087A0005C4661E04FF416715AE003213046FFF752
:1087B000BDFAD0E70805006088020060101800606C
:1087C000940200609902006020720460302E382EFE
:1087D00030000000312E30004EF6602140E00021D4
:1087E0003EE04FF416713046FDF73FF9B3E7FEA1C6
:1087F000684603F02DFB69463046FFF793F9AAE778
:10880000FD493046FFF7FAFBA5E7FC493046FFF784
:1088100084FBA0E700F07FFF014621E000F07FFF2E
:10882000FAE788463019B8F800106943FFF74DFAA7
:1088300004442044B0F5167FA4DA6D1C052DF1D94F
:10884000002C11DB9F984C280ED0B9F1FF3F0BD0C4
:1088500002208AF800003220A1E7498800E0C98C94
:108860003046FFF732FA76E70DF5217D2046BDE868
:10887000F08F70B5ADF51A7D0446D0F8681200256A
:108880006A461030FEF755FA02232526002804DA3E
:1088900084F86D3284F86E620AE020894C280BD08F
:1088A000E168491C08D084F86D32322084F86E02E9
:1088B00000200DF51A7D70BD09220DF10D014D2826
:1088C00062D00DDC402830D005DC02A9382863D006
:1088D000392814D168E046284ED04B280FD115E036
:1088E000B0F57A7F10D004DC78283CD0792806D106
:1088F00031E0A0F54070E93864D0012862D084F8F6
:108900006D32202084F86E022846D2E79DF80200DE
:108910000C284DD1BDF80800082817D10398FFF79F
:1089200060FD98B10398C0B20DE09DF802000228E6
:108930003ED10298401EFD2808D80298C4B22046B5
:1089400000F0CFFE2046DBF79FFA3FE084F86D325F
:1089500084F86E62D8E79DF802000728D4D1084653
:10896000DAF7D0FD32E09DF802000228CCD102985F
:1089700080B2DAF7E3FD29E09DF802000728C3D1B1
:108980000846DAF7CDFD21E09DF8020007280FD157
:108990000846DAF7DBFC19E09DF802000A2807D147
:1089A0000846DAF7EDFD0BE09DF802000B2804D035
:1089B00084F86D3284F86E22A6E70846DAF750FE96
:1089C0000546A1E79DF8020002289DD101259BE7FD
:1089D0002DE9F04704460088002702252826904606
:1089E0008946122854D2DFE800F009320D212A17F7
:1089F00043534B53535353535353533A6068FCF709
:108A000062F816E06068FCF75EFC80B342464946B7
:108A10002046FCF79BFD3AE06068FDF7D2FC30B3DE
:108A2000424649462046FDF78DFD30E06068FDF77F
:108A30004EFBE0B184F86D5284F86E6228E0606805
:108A4000FDF74DFE98B12046FDF7BBFF1FE06068C3
:108A5000FCF7B7F958B12046FCF745FB17E0606812
:108A600001F0F7FC18B1204601F04CFE0FE00FE0DA
:108A7000606801F0A7FB58B1204601F033FC06E026
:108A80006068FFF7BAFC18B12046FFF7F2FE074610
:108A90003846BDE8F0870120704759484068704764
:108AA00010B5574A0C46014652680020914207D142
:108AB000D9F7F4FC01462046BDE8104003F0C8B9E0
:108AC00010BD08B14F4B036011B14E485C300860D7
:108AD000002A02D04B487030106070472DE9F041F9
:108AE00004464FF0FF38008800F0AEF805004FF064
:108AF00001064FF01F070AD0296941B16068884715
:108B000028B12146284600F0ACF8804601E02676E0
:108B1000677640461DE510B50C46014600202060F2
:108B2000A0602061084600F08FF838B1036A2BB1CD
:108B300004F1100204F1080120469847206808B1AA
:108B400000F078F86060A06808B100F073F8E060A9
:108B5000206908B100F06EF8606110BD10B500F03A
:108B600073F8002800D0406A10BD70B515460E4657
:108B7000002400F069F828B142691AB1294630464C
:108B800090470446204670BD2DE9F043ADF5197DB0
:108B9000002690460F4681469696FFF738FC05461C
:108BA000012432E097AA96A92046FFF750FCD0B1E5
:108BB000969880B200F048F8A8B142699AB1694627
:108BC0009798904778B16946484603F090F950B1BC
:108BD00001260FB196983860B8F1000F17D0979919
:108BE000C8F8001013E00FE04261636E6574205016
:108BF000726F6475637400009402006099020060F3
:108C000008050060D8160408641CAC42CAD90DF5EA
:108C1000197D3046BDE8F08370B50D46002480B262
:108C200000F012F820B102692846904700B10124F3
:108C3000204670BD002110B904E0001D491C0268E7
:108C4000521CFAD108467047024627484FF4806309
:108C500002E0914204D0383001889942F9D30020D3
:108C600070472DE9FC4105460C694FF0FF30CCB14F
:108C70004A69BAB10A89022332264B2A14D04F2AF4
:108C800028D0AF69002F0BD00B7601F119034E7677
:108C9000581ECDE90003CB68AD6949682046A84756
:108CA000BDE8FC810020FBE7CA68521C02D00B76AD
:108CB0004E76F5E70888082801D04A6803E00A4A9A
:108CC000083A52684A60014602B02046BDE8F041C9
:108CD000FEF76BBECA68521CE9D109882046BDE880
:108CE000FC41FFF723B8000010050060FD4810B5F7
:108CF00000210171417181710172417200F12403FF
:108D000081621A6822F02B021A60F74A1278827286
:108D1000F64A127802730122C2728182C17101F097
:108D200022F9012010BD70470022FF2911D0012334
:108D30000370417001214318491C5A700729FADB5E
:108D40000281827200214318491CDA720729FADB7A
:108D5000704702704270EDE7F0B5E54D0446002122
:108D6000287889B0022815D0012813D0032811D003
:108D700004280FD0DF480025012602788AB105704B
:108D8000002305AA6946DC4804F024F980B2267065
:108D900009B0F0BDF2F781FB21462878E2F7C5F96A
:108DA000F6E7D64F387850B1F2F777FB0022501E25
:108DB0003D70014601F0FFF9082002210AE0D04889
:108DC00002784AB10570CF480021007804F030FBEA
:108DD0000B2007212170DBE7CB4F387850B1F2F739
:108DE0005CFB3D700022C949C94802F067F9267052
:108DF0001420CDE70846CBE72DE9F043ADF5197D0A
:108E000088465521A09D8DF85812FF218DF85912E2
:108E10001F4691464FF6FF7600248DF85A0203F064
:108E20000FFA014640468DF85B8203F009FA0146CD
:108E300048468DF85C9203F003FA0146280A8DF843
:108E40005D0203F0FDF90146E8B28DF85E0203F021
:108E5000F7F9C0438DF85F023DB90EE0385D314649
:108E600003F003FA641C0646A4B2AC42F6D3F04306
:108E70008DF86002000A8DF8610201F05FF80120B0
:108E800001F055F8B5B1DDE99601CDE900012A46BA
:108E9000394602A805F098FE0DEB0500BDF86012FA
:108EA00001810A35A9B2684601F061F80DF5197D16
:108EB000BDE8F083082196A8F6E72DE9F843894D2F
:108EC00000248DF8004028794FF0010805F12C07A7
:108ED00050B14FF00209012829D005F124060228DB
:108EE00060D0032829D133E101F053F840B101F0FB
:108EF0003AF8E879FF2801D2401CE871BDE8F88310
:108F00005146684601F047F80028F7D001F02BF8E9
:108F1000E879FF2801D2401CE8719DF8000055282F
:108F200001D185F8048085F804803870E6E701F007
:108F300002F85A2802D9E5F796FA5EE101F029F81D
:108F400038B101F010F8E879FF28F6D2401CE8713A
:108F500053E15146684601F01EF80028CED001F0DA
:108F600002F8E879FF2801D2401CE8719DF8000062
:108F7000FF21FF2806D0552808D0032809D019283A
:108F800007D00CE06C822970797005E085F80480C8
:108F9000B4E76C822970787085F80490AEE7E5F745
:108FA0004CFA2AE100F0C7FF5A2879D800F0F1FF07
:108FB000002876D103E0306840F00100C6E0514659
:108FC000684600F0E8FF002898D000F0CCFFE87970
:108FD000FF2801D2401CE871688A60B101282FD0B7
:108FE0004FF00308022838D003284CD0042859D069
:108FF000052866D0F6E029789DF8000003F020F9F6
:1090000028709DF800002872397855290CD179789C
:10901000FF2909D1072807D900F0A5FFE879FF2823
:1090200001D2401CE8712C719DF80000B8703878AE
:10903000FF2802D17878192851D0A5F812805DE771
:1090400029789DF8000003F0FBF828709DF80000D7
:10905000A871F870A5F8129050E729789DF80000E3
:1090600003F0EEF8287020499DF800006872097836
:10907000884202D1E5F7CBF901E0E5F780F89DF8E9
:1090800000003871D9E729789DF8000003F0D8F87E
:1090900028709DF800000102A982787104200EE07A
:1090A0005AE061E029789DF8000003F0C9F82870C3
:1090B000A98A9DF800000144A982B8710520688240
:1090C0001CE79DF80000F871064806212C30EBF7EC
:1090D000ACFDF979BA7901EB022181421AD1F1F79D
:1090E000B8F90BE7B0070060A102006066020060FB
:1090F000E6070060E40700608C190560E507006082
:10910000EB030060EA030060E7070060990200607B
:109110009402006029789DF8000003F091F828700F
:10912000552806D0E5F789F9306840F00100306035
:1091300007E7A88AF0B3E98A884253D86C824FF6D1
:10914000FF70288222E7306840F00200306054E06F
:1091500000F0F1FE5A2804D9306840F00100306078
:10916000E9E600F016FF40B100F0FDFEE879FF28C7
:10917000BFF421AF401CE8711DE75146684600F07E
:109180000AFF00289CD000F0EEFEE879FF2801D20B
:10919000401CE871698AA88A81420CD2298A9DF80C
:1091A000000003F062F82882688AAA6A9DF800101D
:1091B000115408E01BE008D1298A9DF8000003F053
:1091C00054F82882688A401C79E7401C814288D183
:1091D000298A9DF8000003F048F8A0F57041288224
:1091E000B83904D0306840F001003060D7E6A87983
:1091F000A97A8842A7D0FF28A5D02C717EE62DE958
:10920000FC5FFA4E002406F1240BF178307B491CF8
:10921000401CB1FBF0F200FB1211B27A01F0FF0921
:10922000511CB1FBF0F300FB1311C9B20091B178EE
:10923000B0464B1CB3FBF0F500FB1530C0B20190FB
:1092400096F805C0DBF800000025012798F809E032
:1092500020F004034FF0040ABCF1090F7ED2DFE8CE
:109260000CF0051260ADDEEFEEEDEC00B270F270C6
:1092700032203062777123F003000124CBF8000024
:1092800000F071FED5E100F056FEB0F5FA7F09D38B
:10929000E5F7E9F8F57106207071DBF8000020F0C1
:1092A0000300B2E0DBF800005F46C10702D0E5F73B
:1092B000C4F896E18107E5D5317A07292AD2DFE89B
:1092C00001F0040F292129191500B179FF2921D0B6
:1092D000757020F0060038600220707101241CE0D7
:1092E00000950023B27A717A022011E040F020004C
:1092F00038600FE040F020003860B079FF2809D0D6
:109300000820DBE0B08A0090B27A717A0420B36A58
:10931000FFF772FD70790828B4D0386820F0020099
:1093200062E18DF8045001A8FFF716FD30839DF827
:10933000041079B3022908D10090AD4BB27AFF2115
:109340000620FFF759FD86F805A09DF804000728C0
:109350000DD001280BD00325032800E068E111D0CF
:10936000042818D0052816D0062814D01CE0308B0D
:1093700000909F4BB27AFF210620FFF73DFD86F853
:1093800005A011E0E2F768F90146308B0090994B97
:10939000B27A05E00CE0308B0090954BB27AB17B4D
:1093A0000520FFF729FD75717078401C707040E151
:1093B000F07A7070012486F805A03AE100F0BBFD58
:1093C000B0F5937F04D9E5F74EF8F07A707008E0B5
:1093D000DBF800005A46C10706D020F00100CBF8A8
:1093E000000086F805A093E08107E0D5B179B37A53
:1093F000994206D1317A04290AD006290BD00729CF
:1094000006D07771106820F00200CBF800007FE0F2
:1094100086F805A0F6E740F020001060F8E77378C2
:1094200096F80BC0634502D20220707170E04307CA
:1094300007D4914205D1009938E0E1E084E056E09C
:109440003EE0336A312B13D243076848006A00F1CB
:10945000010005D5009B994202D075703062E3E7A8
:109460003062002318460095FFF7C6FCF56119E04D
:109470004B46894519D140070CD50199F17000235D
:1094800001200095FFF7B8FCB07AB070C6E9075725
:10949000072013E0F270002318460095FFF7ACFC9C
:1094A000C6E90757F571052008E01946F170002359
:1094B00001200095FFF7A0FCF56107207071B8E06E
:1094C00000F039FD5F2804D8F07904280ED97771AF
:1094D0001EE0F06908B101992AE0F76100950023C8
:1094E000B27AB1781846FFF787FCF571A1E0B04673
:1094F00002EB82014FF4FA7000EB410600F01BFD15
:10950000B04207D298F80710042902D988F80570EC
:1095100001248EE098F80A004FF4FF7100EB800000
:10952000464601EB400700F006FDB8421CD2009908
:10953000F17000950023B27A0120FFF75DFCB07A4C
:10954000B070F5613562B8E7800720D5B0799042F8
:1095500002D1307A022808D077710124DBF800109C
:1095600021F00201CBF8001063E0CBF8003086F860
:1095700002E0F5710023714618460095FFF73CFCA8
:10958000B07AF07035620520F5617071E6E700F0A1
:10959000D2FC5F2803D89BF80000C00749D0DBF855
:1095A00000005F46410704D50220757070710124E8
:1095B00017E0B178B27A914209D0F57100231846CC
:1095C0000095FFF719FC0520F561707109E0494627
:1095D000914511D0F170002301200095FFF70CFC9C
:1095E000F561386820F00100386022E0B0070060C3
:1095F0008C19056050D1076040F004003860D3E753
:1096000000070DD5308B0090584B717B0620FFF77B
:10961000F3FBDBF8001021F00801CBF8001005E0A7
:109620000023714607200095FFF7E6FB777195E769
:1096300077712046BDE8FC9F2DE9F0414C4C1D465A
:109640001346064622680020069F5FEA027C13D478
:1096500077B94878194660F3041222602A464348D5
:1096600005F0B2FAA4F1240005837178417328460D
:10967000216841F008012160BDE8F0812DE9F04149
:109680003B4C0026243C0746A06A08B9A162E2824E
:10969000374D2868810708D4C00706D1FFF70DFCB5
:1096A0002868810701D4C00702D0207918B10BE0E7
:1096B00020790028F2D12F48A17A0078814203D87E
:1096C000FFF79DFD0028FBD12868810607D520F013
:1096D00020002860A68A01203870607A78703046B1
:1096E000CAE7234924390873704722490978884218
:1096F00006D81F49243988720A7B904200D9087322
:1097000070471B482438807A7047002802D01849D7
:109710002439C872704716482438C07A70471448F4
:109720002438007B704701220270114A0021243A3C
:10973000927A427001810A4681724318491CDA729A
:109740000729FADB7047002100280DD001220270A2
:10975000FF2242704FF6FF7202810022827243188C
:10976000491CDA720729FADB704700008C19056082
:10977000D407006066020060002802D001684068DB
:10978000081A704700B5020004D0FFF7F5FFD16852
:10979000884201D1012000BD002000BD00B50B466C
:1097A000020007D0FFF7E8FFD268101A984201D3F1
:1097B000012000BD002000BD00B520B1FFF7DCFF97
:1097C00008B1002000BD012000BD002807D041687D
:1097D000C2688068B1FBF2F302FB1311405C704772
:1097E00000B502460023FFF7E7FF50B95068D16883
:1097F000B0FBF1F301FB130091680B5C5068401C57
:109800005060184600BD70B50C460346FFF7B4FF24
:10981000904200D91046824210D902460EE05968A3
:10982000DD68B1FBF5F605FB16119D68695C5D68A6
:109830006D1C5D600CB104F8011B401E0028EED1C8
:10984000104670BD70B50D4603004FF0000409D0FE
:10985000FFF798FF40B122480068B0F5967F01D924
:10986000EBF7B1FA204670BD1868DA68B0FBF2F188
:1098700002FB110099680D541868401C18600124FF
:10988000F0E7F0B50D461646044600271146FFF7EF
:1098900085FF90B175B910E02068E168B0FBF1F286
:1098A00001FB1200A26815F8011B11542068401C2E
:1098B0002060761E002EEFD101273846F0BD00282B
:1098C00001D0016841607047002808D0002906D007
:1098D000002A04D0002303604360C0E902127047ED
:1098E000AC0300602DE9F04188B000268046059663
:1098F00006A814460F46009003960496ADF818602B
:1099000005AB04AA03A9404603F042F8BDF81810BD
:10991000942917D00025401C28D0DDE903012246F8
:10992000FBF7D0FF21780122F8B2012911D00629D6
:109930001CD1BDF8181094291FD08DE8450043466E
:109940002A460FE00D2F01D0FF25E4E798F80C50D0
:10995000E1E7BDF8181094290BD0CDE90006029676
:109960006278434621460398E4F77EFB08B0BDE8E1
:10997000F0810090CDE90162F2E7CDE900024346B3
:109980000292DDE710B586B00021019102910391AA
:10999000ADF8101004A91446009103AB02AA01A966
:1099A00002F0F6FF002804DDDDE901012246FCF7A4
:1099B00011F806B010BD2DE9F04188B00E460746FB
:1099C000984615461421684605F017F900200590C1
:1099D000069007903078012827D105AB3A466946B2
:1099E000304603F0EEF804469DF816004FF6FF717E
:1099F00000281AD1002C18DDAC4216DCBDF8080096
:109A0000B0B1884214D0DAF7C6FFBDF8081088421A
:109A100003D19DF80A0006280AD0B8F1010F0FD033
:109A200078782A463146E1F703FC08B0BDE8F081BA
:109A3000281B82B2311943463846FCF7E3F9F4E7B4
:109A400029463046E1F79AFBEFE700002DE9FF4198
:109A5000804608880C461E4617464FF0FF350528FD
:109A600055D006DC052810D2DFE800F05F6D438D8D
:109A70007F00112875D004DC062873D0082804D193
:109A80000BE013286FD080286ED0012010701F20AB
:109A9000187004B02846BDE8F08196496068884295
:109AA00001D0606802E0FEF799FC6060FEF7A5FC5B
:109AB0000028EED02289A2F58070733807D0CDE956
:109AC00000764046E3686168FEF779FDA0E000207B
:109AD00001900290039003AA02A901A8FEF7F1FFEA
:109AE00003980090DDE901232146404604F01FFE63
:109AF0008EE06068FBF7E7FB0028CAD0CDE900766E
:109B000022894046E3686168FBF742FC80E06068B8
:109B1000FCF757FC0028BCD0CDE9007622894046EE
:109B2000E3686168FCF790FC72E06068FAF7CBFFCD
:109B30000028AED0CDE9007622894046E36861680E
:109B4000FBF722F864E06068FBF73BF90028A0D03F
:109B5000CDE9007622894046E3686168FBF7DDF9CC
:109B600056E01EE02BE046E037E06068FCF7B7FD0A
:109B700000288ED0CDE9007622894046E3686168EE
:109B8000FCF723FE44E06068FCF7A1FA002880D0CF
:109B9000CDE9007622894046E3686168FCF718FB4E
:109BA00036E0606800F055FC0028A6D0CDE90076CC
:109BB00022894046E368616800F06AFC28E060683A
:109BC00000F000FB002898D0CDE9007622894046BD
:109BD000E368616800F015FB1AE0606804F0D7FAEA
:109BE00000288AD0CDE9007622894046E368616882
:109BF00004F0F2FA0CE0606804F0BBFB00288AD0A5
:109C0000CDE9007622894046E368616804F01EFCD5
:109C100005463EE72DE9F04F93B0804601208DF8D0
:109C20004000DDF870A01F200F468DF844001E464E
:109C3000934651460BA8FEF7C2FB0022114608A826
:109C400002F0B0FF40F239110AFB01F02A4908ABDB
:109C500001EB40040BAA5946204602F020FF0546BE
:109C6000307810B1317B60193FE001AA3946404697
:109C700003F0B0F80028317B04EB050002DA012381
:109C8000002234E0804601AA03F003F9814605EB87
:109C90000900204411AB10AA01A9FFF7D7FE070065
:109CA00009D4E91901EB0900204403F018F909EB84
:109CB000070108440CE010F1020F14D09DF8440095
:109CC0000090317B40469DF840300C2201F0A2FF0D
:109CD0002B18224608A95846CDF800A0FEF72BFB0A
:109CE00013B0BDE8F08F317B40460123042201F020
:109CF0002BFFEDE7FFFF3F0050D107607CB500224E
:109D00000092019201AB6A4603F0A0FB0B4D0124C7
:109D100048B1401C08D0FEF761FB0099884204DB83
:109D2000019A904201DC2C707CBDB1F5800FFBD212
:109D3000034901988842F6D27CBD0000E407006028
:109D4000FFFF3F002DE9F0438BB01E460B4601217B
:109D50008DF804101F2191468DF80810129F594A62
:109D6000194603F0FFFB8046394606A8FEF727FB9D
:109D70000022114603A802F015FF40F239105249A3
:109D8000784301EB400403AB06AA4946204602F0A3
:109D900086FE0546B8F1000F04DC60190123317B13
:109DA000002205E0307830B1317B601901230422B4
:109DB00001F0CAFE70E04348008805283AD006DC6E
:109DC00005285FD2DFE800F0222A1C322E0011287D
:109DD00020D004DC062833D0082853D104E013280F
:109DE0003AD080284ED12FE002AA01A93548FEF7CB
:109DF000EFFD2EE0317B60190F22FEF75CF94BE09E
:109E000002AA01A92F48FBF7A1FB22E02D48FAF78F
:109E100040FF1EE02B4800F075FC1AE02948FBF7D4
:109E200062F916E02748FCF7CCFD12E02548FCF764
:109E300045FA0EE002AA01A92248FCF783FB08E0DC
:109E4000204800F04FFA04E002AA01A91D4804F0DE
:109E50000BFA0028CED115E002AA01A9194804F096
:109E6000B1FB28B1317B60190F22FEF724F909E01C
:109E70009DF808000090317B60199DF804300F2296
:109E800001F0C8FE9DF808000090317B60199DF834
:109E900004300F2201F0BEFE2B18224603A94846CB
:109EA0000097FEF748FA0BB0BDE8F08310B5044602
:109EB0000120A4788C4204D00221002011700921D5
:109EC000197010BD001C056050D10760F0B589B055
:109ED0001F460E9E1546314604A8FEF770FA002272
:109EE000114601A802F05EFE01AB04AA29460B4808
:109EF00002F0D5FD044640F23910084A604302EBF7
:109F00004000397B092202F02FFF2318034A01A9E0
:109F100028460096FEF70FFA09B0F0BD50D1076051
:109F200025494FF4007201F50070FFF7CDBC00B178
:109F30000120D7F70BBE21480088704710B5F0F715
:109F400085FA052809D0062809D0072809D002205B
:109F50001A490A888242FCD310BD0620F8E7042083
:109F6000F6E70320F4E7154900200880704770B534
:109F70000C460546EFF7FDFB401C06D0EFF7F9FB5A
:109F8000024621462846EAF768FE0C490020088070
:109F900070BD0020704770B5054600240848FFF7E3
:109FA0000BFC28B91DB10648FFF71AFC28700124E4
:109FB000204670BD70470000701E0560E807006015
:109FC000702005602DE9F0418AB00F4680461546A5
:109FD000114604A8FEF7F3F90022114601A802F089
:109FE000E1FD40F239103049684301EB400401AB18
:109FF00004AA4146204602F052FD2C490646A0190B
:10A000003A460978E3F7F3F83318224601A94046A7
:10A010000095FEF790F90AB0BDE8F0812DE9F04710
:10A020008AB0894682461646114604A8FEF7C7F94B
:10A030000022012101A802F0B5FD40F23910DFF83D
:10A040006880704308EB400401AB04AA51462046E7
:10A0500002F025FD074603F0A4F8050001D103F046
:10A060002FF82946E0194A46E2F7AFFF07445EB9E8
:10A070000F483A46016821F00801016041460D4849
:10A0800004F0A2FD0C48077022463B4601A9504649
:10A090000096FEF750F9002803DD28460AB0BDE817
:10A0A000F0876FF00100F9E750D1076051020060BE
:10A0B000D40700608C1905605C0200602DE9F04750
:10A0C0008AB08946824690461D46194604A8FEF786
:10A0D00076F90022114601A802F064FD40F2391120
:10A0E00005FB01F0344F01AB07EB400404AA5146D5
:10A0F000204602F0D4FC0646A0194246494603F029
:10A1000015F9064435B9394632462C4804F05CFD51
:10A110002B4806702246334601A950460095FEF7AB
:10A120000AF90AB0BDE8F08770B586B00D4606465C
:10A13000144611466846FEF738F923462A4631464A
:10A140006846FFF7BBFF06B070BDF0B587B00D469F
:10A150000646144611466846FEF727F90020ADF87A
:10A1600008009DF804008DF814009DF803008DF898
:10A1700015009DF802008DF816009DF801008DF87D
:10A1800017009DF806008DF818009DF805008DF861
:10A19000190000216A4605A85718435C491C7B70CA
:10A1A0000629F9DB23462A4631466846FFF786FF33
:10A1B00007B0F0BD82E7B7E750D107608C190560A2
:10A1C0005C020060052801D2012070470020704722
:10A1D000974800787047401C7047401E704710B584
:10A1E0000C46014600204A1E042909D2D1B206209D
:10A1F000D7F77CFD01462046BDE8104001F028BE9F
:10A2000010BD2DE9FF4FADF51B7D491EDDE9A89876
:10A21000002407460D464FF0020A4FF0FF3B4D2A3F
:10A2200014D006DC172A35D01C2A16D04B2A04D1AC
:10A2300007E04F2A1ED0552A20D089F800A02021FF
:10A2400048E00A460621FDF7B0FB04E0C9B206204B
:10A25000D7F74CFD05E0044634E0C9B20620D7F735
:10A26000A4FC0146684601F0F3FD69463846FDF757
:10A2700059FCF0E70621FDF759FDECE7CAB20021D1
:10A280000620D7F737FF04F0D0FF01463846FDF728
:10A290001CFDE0E7002610E0E9B2324698A8D8F7A6
:10A2A00047FADDE99801CDE99601381996AA00210F
:10A2B000FDF7B2FE761C0444F6B2E8B2D8F7D3F943
:10A2C000B042E9D8002C08DB9E98401C05D089F8E4
:10A2D00000A0322188F800105C460DF51F7D204655
:10A2E000BDE8F08F2DE9F0410446007C0026ADF575
:10A2F0001C7D00074FF002071CD46A4604F11000D1
:10A30000D4F86812FCF715FD002803DA84F86D72A2
:10A31000252008E0208982280CD0E068401C09D064
:10A3200084F86D72322084F86E0200200DF51C7DD9
:10A33000BDE8F0816568208909216D1E4F280FD086
:10A340000ADC172823D00DF10D031C2847D0242840
:10A3500006D04D2804D137E051284BD0552806D0DF
:10A3600084F86D72202084F86E023046DEE79DF896
:10A370000200042842D19DF8080004F01AFF0346A9
:10A38000EAB294F86C120620D8F785FB41E0D4F8C5
:10A390006802052190FBF1F000F0FF080027E8B209
:10A3A000D8F77EF900260CE0E0199AA91130FDF7E4
:10A3B00041FEDDE99A12E8B2D9F708F8761CF6B248
:10A3C0007F1D4645F0D324E09DF80200072815D1F3
:10A3D000EAB294F86C120620D8F7F0FE19E09DF866
:10A3E000020007280AD1EAB294F86C120620D8F7C6
:10A3F0009CFA0EE09DF80200012804D084F86D72EA
:10A4000084F86E12B1E79DF80820E9B20620D8F76B
:10A4100062FE0126A9E708B1064B036011B10548A9
:10A4200008380860002A02D00248001F10607047F8
:10A43000EA0700606017040808B1FB4B036011B124
:10A44000F94808380860002A02D0F7480C38106034
:10A450007047092801D20120704700207047F34857
:10A4600000787047401C7047401E704710B50C467E
:10A47000014600204A1E082909D2D1B20520D7F78B
:10A4800035FC01462046BDE8104001F0E1BC10BD9E
:10A490002DE9FF4FADF24C7D0446491EDDF854070F
:10A4A0000026DDF884B799460D464F2841D010DCD0
:10A4B000262873D006DC1C282ED020286FD0242814
:10A4C00017D115E13628F4D04B2818D04D2810D1DB
:10A4D0001BE06728F5D006DC51283BD055282AD050
:10A4E000582806D109E16F287ED07B2839D0AE28C4
:10A4F000E7D0DDF88017022008702021BFE00A466F
:10A5000011212046FDF751FA04E0C9B20520D7F722
:10A51000EDFB05E006469DE0C9B20520D7F745FBF7
:10A5200001469CA801F094FC9CA92046FDF7FAFA8C
:10A53000F0E71121DDE0CAB200210520D7F7DAFDEE
:10A5400000F0FF400AE0012100E000212046FDF775
:10A55000F2F8DFE7C9B20520D7F766FD0028F4D08E
:10A56000F1E7B9F1000F77D0B9F1FF3F4FF0090AD9
:10A570000BD0B9F1070F7DD8A9F1010820460021C1
:10A58000FCF7A5FF0746002658E00027A019002188
:10A59000FCF79DFF00EB060800261EE05CE077E07C
:10A5A000F3B2FAB2E9B20DF59960D7F782FF4FF432
:10A5B0001C720DF59961684604F006FB8DF80AA03F
:10A5C000F2B2F9B2E8B2D7F76BFF049004EB0800DF
:10A5D000694603F05CF88044761CF9B2E8B2D7F71C
:10A5E00093FFB042DCDC00E060E004EB08000021F7
:10A5F000FCF780FF7F1C00EB0806072FC6DB29E075
:10A60000F3B208F0FF02E9B20DF59960D7F751FFF8
:10A610004FF41C720DF59961684604F0D5FA8DF877
:10A620000AA0F2B208F0FF01E8B2D7F739FF0490B0
:10A63000E019694603F02BF80744761C08F0FF0187
:10A64000E8B2D7F761FFB042DADCE0190021FCF78D
:10A6500051FFC619002E16DBB9F1FF3F13D0DDF80C
:10A6600054077B280FD0DDF88017022008703221B4
:10A6700005E0FFE7DDF88017022008702A218BF83B
:10A6800000104FF0FF360DF25C7D3046BDE8F08FD4
:10A69000A421FF2021706070A070E07020716171B2
:10A6A000A071E071207260720A26D5E70DF5E760AF
:10A6B00001F010FB002211460DF5E76001F013FBDD
:10A6C000002201210DF5E76001F00DFB00220221BF
:10A6D0000DF5E76001F007FB002203210DF5E760AF
:10A6E00001F001FB0DF5E7612046FDF7EDF811E7FC
:10A6F00000212046FDF71AFB0CE70A212046FDF752
:10A70000E4FA07E72DE9F0470446007C002501073D
:10A7100004F11000ADF59C6D4FF0020680461AD48E
:10A7200002AAD4F86812FCF704FB002803DA84F8C4
:10A730006D62252008E0208982280CD0E068401C4A
:10A7400009D084F86D62322084F86E0200200DF585
:10A750009C6DBDE8F0876768208909217F1E4F281E
:10A7600026D012DC0DF11503262821D006DC1C288A
:10A770007DD020287CD0242815D119E0362828D077
:10A780004B2815D04D280ED185E0672810D006DC67
:10A7900051286ED055280DD0582804D108E06F28D4
:10A7A00006D07B2816D084F86D62202084F86E02D3
:10A7B0002846CCE79DF80A00012877D19DF81000C3
:10A7C00004F0F7FC0346FAB294F86C120520D8F7AF
:10A7D00062F993E04FF000094D464FF0070A41E05F
:10A7E00004EB050898F810000E2807D00F280DD0AC
:10A7F000B6FBFAF10AFB1160A0BB19E00026F8B223
:10A800004946D8F7ADFD6D1CADB22BE0B6FBFAF1B1
:10A810006D1C0AFB1160ADB220BB09F1010000F014
:10A82000FF0900261EE0000084170408EC07006002
:10A8300008F110009CA902F04BFF98F81500912830
:10A8400018D0B6FBFAF2FF219DF87102CDE90001A4
:10A85000AD1DADB29DF87032F8B24946D8F79BFDF8
:10A86000F61DF6B2D4F86802A842B9DC46E01EE054
:10A8700038E027E0B6FBFAF298F816109DF871025E
:10A88000CDE900019DF87032F8B24946D8F783FD52
:10A89000ED1DADB2E4E79DF80A00072816D1FAB223
:10A8A00094F86C120520D8F789FC27E00EE09DF89B
:10A8B0000A0007280AD1FAB294F86C120520D8F7DA
:10A8C00034F81BE09DF80A00012804D084F86D627A
:10A8D00084F86E126CE79DF81020F9B20520D8F7C5
:10A8E000FAFB0BE006494046FDF7BCFB0449204457
:10A8F000891D1030FDF7B6FB0028EBDD012557E779
:10A90000EE0700602DE9FF4F91B09A46209F9346D5
:10A910005FEA000937D002F044FC060037D0394620
:10A920000BA8FDF74CFD0022012108A802F03AF91E
:10A9300040F23910DFF8D08007FB00F108EB41044A
:10A9400008AB0BAA4946204602F0A9F805461E9816
:10A95000ADF804B0ADF80C001F980490CDF808A035
:10A96000601901AA314602F013FA05441299A8B2FF
:10A9700088421ED20090234608AA4946304602F07B
:10A980004AFC3FB10DE0002015B0BDE8F08F02F0A9
:10A9900097FB12E041462A461C4804F015F91C4872
:10A9A000057022462B4608A948460097FDF7C3FCD0
:10A9B00003E0304602F091FB00263046E4E72DE943
:10A9C000F0478AB08A46DDE9127680461D469146F8
:10A9D000142103A804F011F900200446089003AAEA
:10A9E00008A94046FAF731FF50B10898CDE9005761
:10A9F00081B202964B46524603A8FFF783FF0446F6
:10AA00000AB02046BDE8F08750D107608C19056078
:10AA10005C0200602DE9FF4FADF52B7D9B460346A0
:10AA20000020DDF8E4A289460646AA90BC9F9DAAB4
:10AA3000AAA91846FAF709FFE8B302F0B2FB06002C
:10AA40003ED03946A5A8FDF7BAFC00220121A2A8F4
:10AA500002F0A8F840F23910DFF81C8107FB00F182
:10AA600008EB4104A2ABA5AA9DA9204602F017F865
:10AA70000546AD980290BB980490ADF80490ADF8EF
:10AA80000CB05246CDF86CA205A8B89904F09CF819
:10AA9000BA988DF87002601901AA314602F01AFDC9
:10AAA0000544AA9885421DD2A8B200902346A2AAC6
:10AAB0009DA9304600E003E002F0ADFB1FB109E0C4
:10AAC00002F0FEFA12E041462A462C4804F07CF8D7
:10AAD0002B48057022462B46A2A99DA80097FDF79A
:10AAE0002AFC03E0304602F0F8FA00260DF52F7D2F
:10AAF0003046BDE8F08F2DE9FF4FADF51B7D0E46CA
:10AB0000DDE9A84BDDE9AA7A4FF41678414605A89D
:10AB1000DDF8B09204F071F80025042E0AD0052E5D
:10AB200008D0032E06D00420A07000212170607090
:10AB3000A76006E00920A07017F0FF4000D00120B8
:10AB4000A06005AF3CB178192146FCF7AFFA411976
:10AB500041450FDA0544CDE90075CDF808B0CDE9DF
:10AB600003A9DDE99D2331469B98FFF753FF0DF5BF
:10AB70001F7DBEE70020FAE750D107608C19056001
:10AB80005C0200602DE9F04F16468846834689B086
:10AB90001C461989DE48DA6802F026FF054603469E
:10ABA0004246DB495846009603F083F936276FF09A
:10ABB000010978B301208DF81C001F208DF81D00BD
:10ABC0002088ADF80400606802902089ADF80C0080
:10ABD000E0680490CE4805904FF41670069001A8E6
:10ABE000FDF77CFF00281CDA811C14D0C11C12D098
:10ABF0009DF81D209DF81C10C54802F029FF8246D3
:10AC000008EB05025346C2495846009603F051F935
:10AC100000B114E016E09DF81D10617409B0BDE8A4
:10AC2000F08F08EB05010A18921CB2420ADA01EB18
:10AC30000B030246B649184602F0EBFE824605EBCE
:10AC40000A00EBE767744846E8E72DE9FF4F97B045
:10AC5000002583462C46A84611A82499FDF7AFFB92
:10AC6000002211460EA801F09DFF249840F23911F0
:10AC70004843A8490EAB01EB400011AA0C9019996A
:10AC800001F00DFF0D901A98007828B136208DF84C
:10AC900015006FF00108F2E01A98017BDDE90C0263
:10ACA0008618304602F084FE0446189801AA411B1B
:10ACB0000BEB050002F0EDFD00286FDB284487B2A6
:10ACC000BDF80400082806D193490298884202D1B1
:10ACD000FDF784FB029001A98D4802F073FE034644
:10ACE0004FF41670009030462246894903F0E1F88F
:10ACF0000004000CCAD00444189801AAC11B0BEB35
:10AD0000070002F0FFFD002848DBBDF80C103844B6
:10AD100087B2082907D0692905D0502903D0A1F5A9
:10AD20008070733870D104980025401C25D0784875
:10AD3000049A02F059FE05464FF4167930462B4628
:10AD400022467349CDF8009003F0B3F80004000CDC
:10AD50009CD02C44322202216D4802F079FE054637
:10AD600030462B4622466A49CDF8009003F0A1F800
:10AD70000004000C8AD02C445BE08946BDF8040036
:10AD800006A9FDF7C8FE00204946B9F1080F06D014
:10AD900069290AD0B9F1500F09D009E082E0099978
:10ADA000079808440B99084402E0079800E00998C6
:10ADB0005FEA000A6DD03AE004443AE0DDF82CC0C6
:10ADC000099B07994A464FF0FF30B9F1080F05D0AB
:10ADD000692A16D0B9F1500F17D01BE08D4201D26D
:10ADE000069915E0CA18AA4202D9681A089905E01E
:10ADF00002EB0C03AB420DD90A99A81A51F82000B6
:10AE000008E08D42ECD305E043E09D4202D2089970
:10AE100051F82500ADF80C00A1B2304601AB4FF45B
:10AE20001672FFF7AFFE00283CDD04446D1C55454B
:10AE3000C4D30BEB07000121FCF768FC00283FF4AA
:10AE40005BAF7F1CBDB2324802F01FFE03464FF4D9
:10AE500016700090304622462D4903F02AF800046F
:10AE6000000C87D0044418988542FFF41EAF1A984E
:10AE70008068A042FFF60AAFB8F1000F3DD018F18C
:10AE8000020F11D0B8F1FF3F1CD018F1030F27D0EB
:10AE900033E0A1B2304601AB4FF41672FFF772FEF9
:10AEA000002889DC8046E7E79DF8150000F038FEB1
:10AEB00002461A98017BDDE90C031844012300F0D7
:10AEC00043FE19E09DF8150000901A989DF8143083
:10AED000017BDDE90C0210440E2200F09BFE0BE02A
:10AEE0009DF8150001F020FF02461A98017BDDE96C
:10AEF0000C03184401F038FF04460D980EA92318DE
:10AF0000249800900C9A1998FDF715FA1BB086E664
:10AF10008020056050D10760FFFF3F002DE9F04F12
:10AF2000ADF5277D0646012000248DF89402DDF85A
:10AF3000C0A21F208DF8980218789946934688463B
:10AF4000274620B136208DF87202A51E2FE0A8EB0F
:10AF5000040081B2301901AA02F020FE051E25DD91
:10AF60002C4430190121641CFCF7BAFBD8B1A8EBC2
:10AF7000040081B2301901AA02F05AFE051E15DD47
:10AF80002C44A6AAA5A901A8FDF722FD40B13019BD
:10AF90000121FCF7BBFB0028E9D0641C3FB902E0AB
:10AFA0000127BD1E03E04445D1DB00E001275146E7
:10AFB000A0A8FDF704FA002211469DA801F0F2FDB9
:10AFC00040F239110AFB01F020499DAB01EB40042E
:10AFD000A0AA5946204601F062FD0646002027B38C
:10AFE000A91C04D0691C0ED0ED1C13D022E09DF8E2
:10AFF000720200F095FD024699F80C10A019012389
:10B0000000F0A2FD16E099F80C10A01901AA02F0B8
:10B010000FFF0FE09DF8720201F086FE024699F8DC
:10B020000C10A01901F0A0FE04E099F80C10A01972
:10B0300002F0F4FE331822469DA95846CDF800A030
:10B04000FDF779F90DF5277DBDE8F08F50D1076048
:10B050002DE9F0478AB08946824690461D4619463A
:10B0600004A8FDF7ACF90022114601A801F09AFDF1
:10B0700040F2391105FB01F04B4F01AB07EB4004E7
:10B0800004AA5146204601F00AFD0646A019424690
:10B09000494602F038FF064435B93946324643483E
:10B0A00003F092FD424806702246334601A95046FD
:10B0B0000095FDF740F90AB0BDE8F08770B586B09D
:10B0C0000D460646144611466846FDF76EF92346BE
:10B0D0002A4631466846FFF7BBFF06B070BD2DE932
:10B0E000F0418EB00F4680461546114601A8FDF787
:10B0F0005CF9294609A8FDF762F90022114606A865
:10B1000001F050FD40F23910274E684306EB400431
:10B1100006AB09AA01A9204601F0C1FC20443A4629
:10B12000414602F0ECFE074635B9024631461F485B
:10B1300003F04AFD1E48077022463B4606A901A8B7
:10B140000095FDF7F8F80EB0BDE8F08170B586B057
:10B15000054603A8FDF71CFAFDF72FFA08B10124F4
:10B1600000E00024FDF722FA064603A9684601F034
:10B1700046FA3146684601F0A3FA24B16FF03B016C
:10B18000684601F09DFA68462A46811DFFF7A7FF31
:10B19000A3E73EB504466846FDF7FAF9684622463D
:10B1A000811DFFF78BFF3EBD50D107608C190560F4
:10B1B0005C020060704770472DE9F04708220025C7
:10B1C000431EDCB26308FC4EFC4F7688A7F1280CC6
:10B1D0002A2E7CD3032B52D84FF0640903EB0313C0
:10B1E00007F5B07606EB4306338C8B4204D307EBAE
:10B1F000C4004068BDE8F08733888B4202D857F816
:10B200003400F7E7082337E036F8138088451ED866
:10B21000A3F1010A36F81AA08A4518D35B1E5A1CFE
:10B2200036F8135036F81220AA1A002AE2D0681A0B
:10B2300000FB09F090FBF2F003FB09015CF824002D
:10B24000484390FBF9F057F834100844D2E702B9AC
:10B25000012502EBD2725210884501D9134400E057
:10B260009B1A002B02DC57F83400C3E7102B03DBDA
:10B2700007EBC4004068BDE7002DC5D0C3E06426DD
:10B28000CE4AFA3213888B4202D357F83400B1E722
:10B29000B2F864308B4203D807EBC4004068A9E7DA
:10B2A0004FF47A78DFF8189359E0538E8B422CD202
:10B2B000192332F813A08A4522D803F1010A32F883
:10B2C0001AA08A451CD35D1C32F815A000E049E0A5
:10B2D00032F81350AAEB05026AB1481B704390FB89
:10B2E000F2F003FB06015CF82400484390FBF6F003
:10B2F00057F83410084490FBF8F1A9F8101079E7DA
:10B300005B1CDBB2322BD4D329E0002332F813A02C
:10B310008A4520D803F1010A32F81AA08A451AD3C7
:10B320005D1C32F815A032F81350AAEB05026AB181
:10B33000481B704390FBF2F003FB06015CF824000D
:10B34000484390FBF6F057F83410084490FBF8F1AE
:10B35000A9F812104EE75B1CDBB2192BD6D3002DD7
:10B36000A3D050E04FF06409944E03EB0313503622
:10B3700006EB4306338C8B4203D307EBC4004068D3
:10B3800038E733888B4202D857F8340032E7082375
:10B3900037E036F8138088451ED8A3F1010A36F845
:10B3A0001AA08A4518D35B1E5A1C36F8135036F87B
:10B3B0001220AA1A002AA2D0681A00FB09F090FBFA
:10B3C000F2F003FB09005CF82410414391FBF9F013
:10B3D00057F8341008440DE702B9012502EBD27288
:10B3E0005210884501D9134400E09B1A002B02DC5F
:10B3F00057F83400FEE6102B03DB07EBC40040686F
:10B40000F8E6002DC5D00020F4E62DE9F0410C4609
:10B4100001220021143800B2C0EB0010694BC0EBD0
:10B42000C000C51802EB420005EB40030933B3F935
:10B430000000FFF7C0FEA04207D1D3F80200FFF7DB
:10B44000B9FEBDE8F04103F0ABBE33F9060CFFF7DF
:10B45000B2FEA04207D153F8040CFFF7ABFEBDE8E3
:10B46000F04103F09DBEB3F90000FFF7A4FEA04237
:10B4700008DD33F9060CFFF79EFEA04202DA521EE9
:10B4800012B203E0521C12B20E2ACBDD0F2A36DBB9
:10B490004B4FF88E401CF886002000EB400305EB74
:10B4A000430333F809CFBCF1000F02D1D3F80230C7
:10B4B00013B1491CC9B205E008B9491CC9B2012839
:10B4C00000D10021401CC0B21028E6D33987B1B1A9
:10B4D000093501EB410005EB4000B5F9002030F9DA
:10B4E000061C8A4205DDD5F80200BDE8F04103F0F4
:10B4F00057BE50F8040CBDE8F04103F051BE02EB1A
:10B50000420005EB40050935B5F90600FFF753FE8B
:10B510000146B5F90000FFF74EFE081A07B2DFF842
:10B52000A88097B1B5F90000FFF745FE201A03F097
:10B5300037FE414603F049FD0446384603F030FE2D
:10B540000146204603F073FD0646A868FFF732FE69
:10B550000146D5F80200FFF72DFE081A03F020FE81
:10B56000014611F0FF4F10D0304603F02EFD41464A
:10B5700003F05DFD0446D5F80200FFF71BFE03F063
:10B580000FFE214603F0C9FC06463046BDE8F081B7
:10B590002DE9F05F002601270C4C074840882A2837
:10B5A00000D30427DFF82880DFF818A0DFF8109018
:10B5B0004FF0000B70E200007AB90260E017040857
:10B5C00020720460D822056000007A44E5240560FA
:10B5D000653005603046E3F7D1F800284FD0E3F737
:10B5E00063F8B04277D994F82D00A0F11401042932
:10B5F0000BD894F92300011103D0000908F80600C4
:10B6000019E0042008F8060015E094F82810B9B3F2
:10B610000B2842D0112840D0132842D0102840D007
:10B620000D2842D0122840D0092842D00A2840D004
:10B63000042008F8060094F8230000F00F0018F822
:10B64000061040EA011084F82300E3F733F8B04213
:10B650006FD984F824B084F825B084F82AB04EB1AC
:10B66000FA4918F806008A5D904203D088553046A2
:10B67000E2F748FF94F92700F8B1012871D008E2F9
:10B68000FFE794F92300011103D0000908F8060030
:10B69000D1E7042008F80600CDE7022008F80600EC
:10B6A000C9E7032008F80600C5E7012008F80600EE
:10B6B000C1E7052008F80600BDE794F82D00002832
:10B6C00050D03046E2F738FF054694F9280018B10B
:10B6D00001283CD07CE1D0E114F8230F00F0F00009
:10B6E0002070A07A233CA0F10C010A2908D8B5EB00
:10B6F000472F01D9012100E0002184F8261007E03E
:10B70000B5EB472F01D3012100E0002184F826107A
:10B710001738072807D8B5EB472F01D3012000E0E1
:10B72000002084F8260094F8260018B14FF47A70AF
:10B7300001E091E10020FFF73DFDC4F81E0094F800
:10B74000260010B14FF47A7542E1002540E114F86B
:10B75000230F00F0F0002070A07A233C1E2839D27D
:10B7600001E06BE147E1DFE800F0350F0F0F0F0F4D
:10B770000F0F0F36365E6A7077FE7E7E8464949477
:10B78000949494FE353535FD3046E2F7D5FE07EB4F
:10B790004701C1EBC711B0EBC10F08D994F82300E2
:10B7A00000F0F00040F0010084F823000CE0304687
:10B7B000E2F7C2FE142807D294F8230000F0F0004C
:10B7C00040F0020084F82300A9B294F82D00FFF79E
:10B7D000F3FC0546EEE03046E2F7AEFEB0F57A6FD8
:10B7E00008D994F8230000F0F00040F0010084F83C
:10B7F000230011E03046E2F79FFE07EBC70101EBA3
:10B800000711B0EB410F07D294F8230000F0F000CD
:10B8100040F0020084F82300A9B294F82D00FFF74D
:10B82000CBFC0546C6E0B5FBF7F0E2F791FE054616
:10B83000C0E0B5FBF7F0E2F7B5FE0546BAE0844894
:10B840004543B5FBF7F0850AB4E044F62060454374
:10B85000B5FBF7F0850AADE044F620604543B5FB43
:10B86000F7F0850AA6E07A484543B5FBF7F0850A6C
:10B87000A0E0B5FBF7F0CC2801D200259AE0B5FB9B
:10B88000F7F07349CC3848434FF44C71B0FBF1F5F5
:10B8900090E0284603F08DFC0546284603F0C5FCE1
:10B8A000A9F8280018F80600052820D13046E2F74C
:10B8B00043FEB0F57A6F08D994F8230000F0F00049
:10B8C00040F0010084F8230011E03046E2F734FE36
:10B8D00007EBC70101EB0711B0EB410F07D294F85A
:10B8E000230000F0F00040F0020084F8230094F8F8
:10B8F0002D001438C0EB0010C0EBC0005044007A9B
:10B90000EF2834D0384603F054FC0146284603F0B3
:10B910008EFB03F08AFC01463046E2F768FE6421A4
:10B92000B0FBF1F003F045FC0546284603F07DFC32
:10B93000A9F82A00284603F05FFC01B294F82D0014
:10B94000FFF763FD434903F040FB03F06EFC05463F
:10B9500094F82D001438C0EB0010C0EBC000504428
:10B96000007A01E022E01CE0EF2814D016E038460F
:10B9700003F01FFC0146284603F059FB03F055FC79
:10B9800001463046E2F733FE0A21B0FBF1F003F046
:10B9900010FC0546C9E76420B5FBF0F5A9F82C506A
:10B9A00008E03046E2F7ECFE054603E03046E2F7F9
:10B9B00090FF054694F8290080B194F82C0094F883
:10B9C0002B1000EB01206FF01801484305EB8005B8
:10B9D0002846FFF7EFFBC4F81E005AE094F82C004D
:10B9E00094F82B1000EB012000EBC00101EB0010DC
:10B9F00005EB8005ECE794F8230000F0F00084F8F4
:10BA00002300E2F757FEB04210D93046E2F794FD2A
:10BA1000B0FBF7F040F6B831484340F2FF31B0FBDD
:10BA2000F1F0FFF7C7FBC4F81E0032E03046E2F742
:10BA300083FDFFF7BFFBC4F81E002AE094F8230043
:10BA400000F0F00084F8230023E00000853005605A
:10BA5000A086010000007A443046E2F789FFC0B9B1
:10BA600084F824B084F825B084F82AB094F8230030
:10BA700000F0F00084F823000BE084F824B084F890
:10BA800025B084F82AB094F8230000F0F00084F880
:10BA90002300761CF6B22E34402EFFF49BADBDE899
:10BAA000F09F00002DE9F04100251C4C00260127E5
:10BAB00030E0E2F7FCFDA84223D9E2F72DFEA842D0
:10BAC00005D92734A670E670267104F8276994F822
:10BAD000280008B9C4F81E602846E2F775FF01285F
:10BAE0000BD004F8296F6670A670293CE2F714FEAB
:10BAF000A8420CD884F8277009E02846E2F737FFFF
:10BB000005E02734A670E670267104F827796D1CCD
:10BB1000EDB22D34402DCCD3BDE8F081A5300560C9
:10BB2000014600203339052905D2DFE801F003057D
:10BB300007090B000120704702207047032070475F
:10BB4000042070474020704710B5002438B10BB175
:10BB5000712300E07023037041708270032420463B
:10BB600010BD10B5002429B10AB1017811700BB1D4
:10BB700040781870204610BD10B50022002816D05D
:10BB8000002914D00B7803708B1884185B78521C32
:10BB90006370072AF8DB0A8902818A7A827200229E
:10BBA0008B188418DB7A521CE372072AF8DB10BD6D
:10BBB00070B5002288422BD004890B899C4221D188
:10BBC000837A8D7AAB421DD1072B09D9072307E071
:10BBD00085188E18ED7AF67AB54213D1521CD2B27E
:10BBE0009A42F5D3A4B903780A7893420AD1072B75
:10BBF00000D90723002209E084188D1864786D7835
:10BC0000AC4201D0002070BD521CD2B29A42F3D394
:10BC1000012070BD70B50400049E4FF000000DD0EF
:10BC2000502020706170A270E01C1946FCF77EF86D
:10BC3000C51C60193146FCF779F8284470BDFEB583
:10BC4000044600201E4617468DF800000190029021
:10BC500000291DD0204601AA6946FBF797FC05463E
:10BC60009DF80000092812D1601902AA0199FCF779
:10BC70003AF805440FB102983870601901AA694674
:10BC8000FBF784FC05449DF80000092801D0002042
:10BC9000FEBD601902AA0199FCF725F82844002E80
:10BCA000F6D002993170FEBD70B50024DDE904566E
:10BCB00002290CD90AB1047814700BB142781A70B9
:10BCC00033462A46801C891EFFF7B9FF04462046EA
:10BCD00070BD00000022027011464318491C5A70C2
:10BCE0000F29FADB704770B5CB0801250F2B11D255
:10BCF00006784C1CA64200D204705B4201EBC303E1
:10BD000000EBD1009D404178EBB20AB1194300E04D
:10BD10009943417070BD30B504460020CA08012324
:10BD2000782909D25542224401EBC5018B40527853
:10BD3000D9B20A4200D0012030BD007870470146D8
:10BD400000200978002903D0491EC1F3C400401C1B
:10BD5000704702004FF0000003D00F2901D25018A5
:10BD60004078704703004FF0000004D00F2902D242
:10BD7000581842700120704703004FF0000003D0B4
:10BD8000C2EBC100187001207047002800D0782055
:10BD9000704710B5002258B151B10A7802700022E4
:10BDA0008B1884185B78521C63700F2AF8D3012219
:10BDB000104610BD70B5002200B304780B789C4289
:10BDC0001CD17F2C1AD8E30804F00704C4F108053D
:10BDD000FF24EC4006E085188E186D787678B54221
:10BDE0000CD1521C9A42F6DB184419444078497829
:10BDF00020402140884201D1012070BD002070BD4B
:10BE0000F0B5002510B300240460017140F2512107
:10BE10008B421BD84D1C4FF000018AB1461D994240
:10BE200008D2D0F800C0575C0CF8067007687F1C79
:10BE3000076001E047187C71491CA942EFD304E078
:10BE40004218491C5471A942FAD301252846F0BD75
:10BE500070B505460C0003D0084602F0F5FE00E080
:10BE60000020034622462846BDE870400021C7E76F
:10BE700001004FF0000000D00868704701004FF04B
:10BE8000000000D0481D704701004FF0000000D0B6
:10BE90000879704730B504460D460846FFF7E8FFBD
:10BEA00003462846FFF7EAFF02462846FFF7ECFF65
:10BEB00001462046BDE83040A2E730B5A8B1A2B1A6
:10BEC000137993B913688B420FD200231C4608E004
:10BED00015689D4203D9D5186D79C55400E0C45446
:10BEE0005B1C8B42F4D3012030BD002030BD70B507
:10BEF00003460020E1B1BBB10C681A68944212D12C
:10BF00000A791D79AA420ED10120002207E08D187E
:10BF10009E186D797679B54200D00020521C94426B
:10BF200001D90028F3D170BD096804E0012070BD7B
:10BF3000002BFCD019680029F8D070BD70B50E0038
:10BF400005464FF000041AD00846ADB102F07CFE61
:10BF50002968884217D12879A8B90124002006E071
:10BF60002B18325C5B799A4200D00024401C81423D
:10BF700009D9002CF4D106E002F066FE01E015B10B
:10BF8000006800B90124204670BD70B5002388B157
:10BF9000046840F251251444AC420BD8451D06E01C
:10BFA0000668CC5C74550468641C5B1C0460934296
:10BFB000F6D30123184670BD02004FF0000005D0F3
:10BFC00040F25123994201D80120116070470100CD
:10BFD0004FF0000001D040F25120704702004FF0B6
:10BFE000000001D011710120704730B502004FF000
:10BFF000000013D0107900284FF001000ED1136813
:10C00000002140F252248B4208D955186D79203D09
:10C010005F2D00D30020491CA142F4D330BDF0B500
:10C02000461871B3022541E002785AB3802A3CD306
:10C030000323B3EB921F34D17E4B9B5C994230D3E8
:10C0400010F8014FC91AB5EB941F2AD1062B2AD23A
:10C05000DFE803F02903070C111912F03E0F20D07E
:10C0600023E0E02A1FD1A2061BD51CE0F02A1AD13A
:10C0700004F0300203E0F82A15D104F038020AB1C6
:10C0800011E015E00DE0FE2A0BD0FF2A09D0FC2AB2
:10C0900009D104F03C02F2E710F8012FB5EB921F32
:10C0A00001D00020F0BD5B1EF6D1401CB042BBD3D6
:10C0B0000120F0BD10B501790024062906D221B96E
:10C0C00050F8051BFFF7ABFF00B10124204610BD5F
:10C0D000F0B50025F8B1002440F2522304609A42E2
:10C0E00019D881B10023051D0AE006D20768CE5C8D
:10C0F0007E550668761C066001E0C61834715B1C2C
:10C100009342F2D306E000EB010201F10101147148
:10C110009942F8D301252846F0BD30B5464B0022A0
:10C120001C88464B1B781C4440F252239C4202D28E
:10C130000123046009E000210160084630BD8C5CE9
:10C140008518521C2C71046892B29442F7D8184694
:10C1500030BD01004FF0000000D0086870470100BA
:10C160004FF0000000D0081D704710B503460C4684
:10C170000846FFF7EEFF02462046FFF7F0FF0146B4
:10C18000BDE810401846A3E710B5002362B158B1CE
:10C1900014688C4208D3002103E053181B794354E0
:10C1A000491C13688B42F8D8184610BD70B500239F
:10C1B00088B1046840F252251444AC420BD8051DE6
:10C1C00006E00668CC5C74550468641C5B1C046063
:10C1D0009342F6D30123184670BD02004FF00000D1
:10C1E00005D040F25223994201D8012011607047D6
:10C1F00001004FF0000001D040F25220704730B5EE
:10C200000022A0B199B103680C68A3420FD140F29B
:10C210005224A34207D90AE084188D1824792D7975
:10C22000AC4204D1521C9342F6D8012030BD00200C
:10C2300030BD0000EA190408580200605202006094
:10C24000414081EA410080EA810080EAC10080EA41
:10C25000011080EA411080EA811080EAC11101F0EA
:10C26000FE00C1F3002148407047CAB24240080AAC
:10C2700080EA022080EAC20080EA023080EA1211DD
:10C2800002F00F00414081EAC01080B27047000008
:10C2900081070CD16421B0FBF1F201FB120141B91D
:10C2A0004FF4C871B0FBF1F201FB120008B100209D
:10C2B00070470120704730B58DB00C4605463422DA
:10C2C000F949684602F080FC0023022C05D128467B
:10C2D000FFF7DEFF08B11D2304E0601E0B2801D824
:10C2E0001DF824300DB0184630BD70B51546064611
:10C2F0000024FFF7E0FF40F26C718E4204D318B1C6
:10C3000015B1854200D80124204670BD10B500212A
:10C3100028B1C27881780088FFF7E7FF0146084618
:10C3200010BD2DE9F04117460E4680460025FFF767
:10C33000DCFF58B1012406E021464046FFF7BBFF71
:10C34000641C0544E4B2B442F6D33D442846BDE83B
:10C35000F0812DE9F04116460F4605460024FFF70F
:10C36000C4FFA0B140F26C7308E0184604F26D14EB
:10C37000FFF78EFF00B1641C5B1C9BB2AB42F4D391
:10C38000324639462846FFF7CCFF0444641E204657
:10C39000DDE710B5FFF7DDFF0721B0FBF1F201FB90
:10C3A0001200401C10BD70B516460D46040008D0A2
:10C3B0002580A670E3701A4631462846FFF7E9FF4C
:10C3C000207170BD2DE9FC47894600219246044644
:10C3D0008DF804108DF8001001AF6E4601258846D7
:10C3E00006E029464846FFF766FF241A6D1CEDB2A9
:10C3F00029464846FFF75FFFA042F2D308EB04004E
:10C40000C0B207B13D7006B130709DF800309DF8A4
:10C41000042049465046FFF7C6FFBDE8FC8710B52B
:10C42000002128B1C27881780088FFF77AFF0146A1
:10C43000084610BD10B5002128B1C2788178008867
:10C44000FFF787FF0146084610BD3EB500220C46A7
:10C45000ADF808208DF804208DF800206B4601AA65
:10C4600002A900F029FA9DF800309DF80420BDF8DB
:10C4700008102046FFF797FF3EBD002160B102780B
:10C48000182A09D242783C2A06D282783C2A03D262
:10C49000C078642800D201210846704710B50C46C8
:10C4A000FFF734FF28B12046FFF7E7FF08B101206E
:10C4B00010BD002010BD02004FF000000CD000297C
:10C4C0000AD010880B88C01A06D190788B78C01AD1
:10C4D00002D1D078C978401A704702004FF00000AE
:10C4E00010D000290ED010780B78C01A0AD15078DD
:10C4F0004B78C01A06D190788B78C01A02D1D078C8
:10C50000C978401A704730B50D460446FFF7D3FF8F
:10C51000002804D1A91DA01DBDE83040DDE730BDD5
:10C5200030B502004FF000001AD0002918D014884E
:10C5300040F66B05AC4204D00B88AB4201D0E01A48
:10C540000ED19378FF2B04D08C78FF2C01D0181BD0
:10C5500006D1D278FF2A03D0C978FF2900D0501A1B
:10C5600030BD10B502004FF0000020D000291ED0D1
:10C570001378FF2B04D00C78FF2C01D0181B16D198
:10C580005478FF2C04D04B78FF2B01D0E01A0ED149
:10C590009478FF2C04D08B78FF2B01D0E01A06D1C1
:10C5A000D278FF2A03D0C978FF2900D0501A10BDD5
:10C5B00030B50D460446FFF7B3FF002804D1A91D8E
:10C5C000A01DBDE83040CCE730BD002809D00029CF
:10C5D00007D00A8802808A788270CA78C270097986
:10C5E00001717047002809D0002907D00A7802702D
:10C5F0004A7842708A788270C978C170704710B5E5
:10C600000B460446891D801DFFF7ECFF2046BDE860
:10C6100010401946D9E710B50028029C03D00170DC
:10C6200042708370C47010BD002913D0002A11D04D
:10C6300000280FD0137883715378C37193780372F5
:10C64000D27842720A8802808A788270CA78C27070
:10C650000979017170472DE9F0479046DDE90965D8
:10C66000DDF82C90089F8C4604000FD0A4F800C081
:10C6700084F80280E3701A4641466046FFF789FE5F
:10C680002071A771E671257284F80990BDE8F087E2
:10C6900010B5002128B182784178007800F04BF97C
:10C6A0000146084610BD0000EC1A0408002128B11C
:10C6B00001784078C1EB011100EB810188B270472D
:10C6C0002DE9F0410E460446027AC179807900F0E6
:10C6D00032F93C27B0FBF7F52046FFF7ABFE4FF4ED
:10C6E000B46296FBF2F10844A1EB011101EB4101A8
:10C6F00016EB41112DD54942A94204D9C1F5B461C7
:10C700002944401E09E0691AB1FBF2F21044A2EB81
:10C71000021202EB420201EB4211C1EB01118D004A
:10C720004FF46163B5FBF3F3DBB26FF0E00603FB9C
:10C7300006F605EB0615B5FBF7F5A21D04F107019A
:10C74000EDB200D0137001B10D702146BDE8F0418B
:10C750007BE62944D8E70021D0B10288A2F5006326
:10C760006B3B15D18278FF2A12D1C278FF2A0FD1F4
:10C770000279FF2A0CD18279FF2A09D1C279FF2AD6
:10C7800006D1027AFF2A03D1407AFF2800D1012185
:10C79000084670470021B8B10288A2F500636B3BE0
:10C7A00011D082780C2A0ED8C2781F2A0BD8827931
:10C7B000FF2A08D0C279FF2A05D0027AFF2A02D0C8
:10C7C000407AFF2800D1012108467047002806D092
:10C7D00040F66B010180FF218170C17001717047CB
:10C7E000002804D0FF21017041708170C170704732
:10C7F00000B5020005D0FFF7E9FF901D5DF804EBDE
:10C80000EEE700BD70B506000D464FF000000AD0FF
:10C81000002D08D03046FBF7F1FB04463019A91D66
:10C82000FBF77BFB204470BD2DE9F0410400174667
:10C830000E464FF000000FD0002F0DD02046FAF723
:10C8400046FE054660193946FFF7DCFF05446019CE
:10C850003146FAF74FFE284479E52DE9F0410F46BD
:10C860000546FBF7FFFB411C4FF0FF3608D004469E
:10C870002819B91DFBF783FB411C01D0204466E554
:10C88000304664E52DE9F04114460F460546FAF7B7
:10C8900027FF4FF0FF3668B1681C2146FFF7DDFF28
:10C8A000411C07D00C4628193946FAF72FFF08B16A
:10C8B000601C4CE530464AE52DE9F0471F4601254E
:10C8C00090468946044640F26C76AA4640F26D13C3
:10C8D0004FF4B67C0EE03046FFF7DAFC08B19C421C
:10C8E00012D03046A4F26D14FFF7D2FC00B1641EE2
:10C8F000761CB6B26445EED806E029463046FFF70E
:10C90000DAFC241A6D1CEDB229463046FFF7D3FC41
:10C91000A042F2D90AEB0400C0B2B9F1000F01D075
:10C92000A9F80060B8F1000F01D088F80050002F7E
:10C9300000D03870AAE6C0EB001001EB8000C0EB1D
:10C94000001002EB800070472DE9F0410400069EC4
:10C95000984617464FF0000018D010202070002095
:10C9600060700A46A01C0821FBF71FF8851C60199F
:10C970003946FBF7AAF9054460194146FBF7D6F999
:10C98000054460193146FBF7A0F92844BDE8F08161
:10C990002DE9F04786B004460020DDF83890904637
:10C9A0000E46ADF8000001908DF808000390049049
:10C9B0001D46204603AA02A9FAF7E8FD07469DF89E
:10C9C00008004FF0FF3A0C284BD1E01901AA694644
:10C9D000FAF7A1FF0744BDF80000082841D10EB1C5
:10C9E00001983060E01903AA02A9FAF7CFFD3E18BA
:10C9F0009DF80800022834D1A01904AA0399FBF776
:10CA0000F8F80644B8F1000F02D00499C8F80010F5
:10CA1000A01903AA02A9FAF7B9FD06449DF8080077
:10CA200009281ED1A01904AA0399FBF75CF9064452
:10CA30000498042815D205B12860A01903AA02A9F8
:10CA4000FAF7A4FD35189DF80800022809D16019ED
:10CA500004AA0399FBF7CDF804992844B1F5803F67
:10CA600003D3504606B0BDE8F087B9F1000FF9D006
:10CA7000A9F80010F6E7000000280FD000290DD01B
:10CA80000A7802704A7842708A788270CA78C270D6
:10CA90008A888280CA88C280097A017270472DE92B
:10CAA000F0474FF00004984616460F460500A14691
:10CAB00075D0B8F1000F72D098F8000028700020EF
:10CAC000687098F8020008B1802068702FB138892A
:10CAD00018B1687840F0200068703EB1308928B104
:10CAE000B07A18B1687840F00800687098F80100D2
:10CAF00018B1687840F00400687098F803106878FE
:10CB000001F00301084368700224BFB13989A9B15B
:10CB1000A81CFBF7D9FA801CB97A2954441CB87AAE
:10CB200048B90BE007EB0900C07A285509F101006C
:10CB300000F0FF09641CB97A4945F3D8BEB13189C8
:10CB4000A9B1B07A98B12819FBF7BEFA0444B07ABB
:10CB50002855B07A641C50B1002005E03118401C03
:10CB6000C97A2955C0B2641CB17A8142F6D82FB176
:10CB7000388918B198F808002855641C98F8020004
:10CB800068B198F804002855B8F80400641C80289F
:10CB900005D3B8F806102819FBF796FA0444204686
:10CBA000BDE8F08700280BD0417001210170002101
:10CBB00081704FF480738380C180C270FF21017245
:10CBC00070472DE9FC5F4FF00004994617468846F0
:10CBD00005002646A246ADF80040ADF804407DD0E1
:10CBE000B9F1000F7AD0297889F80010687802240A
:10CBF000C10989F8021068784FF0FF3BC0F380014B
:10CC000089F80110687800F0030189F8031068784A
:10CC1000800620D5A81C01A9FBF75BFA841C285DBF
:10CC2000641CB8F1000F05D0BDF80420A8F8082056
:10CC300088F80A00F0B1072831D809E0295D641CA2
:10CC4000B8F1000F02D008EB0602D172761CF6B2E2
:10CC50008642F3D30EE0B8F1000F0BD0A8F808A07D
:10CC6000504688F80AA008EB0601761CF6B2C87296
:10CC7000072EF8D3687801072A481FD501210170D3
:10CC800028196946FBF725FA0444295D641C1FB185
:10CC9000BDF800003881B97221B3072902D958467E
:10CCA000BDE8FC9F002006E02A5D641C0FB13B1824
:10CCB000DA72401CC0B28842F6D313E097B180F814
:10CCC00000A038895146A0F57F42FF3A00D0398153
:10CCD000B97200203A18401CD17200E01BE0C0B2CB
:10CCE0000728F7D3BDF8040020B1295D89F80810A2
:10CCF000641C01E089F808A099F8020060B1285D81
:10CD0000641CA9F8040080280AD3281909F1060137
:10CD1000FBF7DFF9044403E04FF48071A9F8041035
:10CD20002046BDE7E0010060014600203B390A29AA
:10CD300007D2DFE801F00507090B0D0F11131517D6
:10CD4000012070470220704703207047042070477D
:10CD5000052070470620704707207047082070475D
:10CD60000920704740207047002320B160230370E2
:10CD70004170827003231846704710B5002429B112
:10CD80000AB1017811700BB140781870204610BDBF
:10CD900070B5040016460D464FF0000019D0207003
:10CDA0004FF41671FAF7EAFA6070A5700C20E07083
:10CDB00032880425B2F5806F05D2201D00217368EA
:10CDC000FAF7E2FD051D328960190121FAF7BCFF6F
:10CDD000284470BD2DE9F04385B04FF000050F46A3
:10CDE000064614008DF800500195ADF808500395E3
:10CDF0006FF0020904953FD0072F02D23F205076F2
:10CE00003EE030460021FAF740FC4FF03E0890B17A
:10CE1000701C221D02A9FAF77EFD451CBDF8080012
:10CE20002080701901AA6946FAF7B0FB05449DF805
:10CE30000000012802D084F8198021E0701903AAAB
:10CE40000199FAF750FF054403982081BD421BD297
:10CE5000701901AA6946FAF799FB05449DF800008C
:10CE60000228E8D1BD42E6D2701904AA0199FAF766
:10CE7000C0FE05440498E060BD4208D241206076BF
:10CE8000484605B0BDE8F0834FF0FF30F3E7284691
:10CE9000F7E770B5040016464FF000001ED03020B2
:10CEA000207061700C20A0703288E01C0021736833
:10CEB000FAF76AFDC51C328960190121FAF744FFAF
:10CEC000F2680544501C04D060190221FAF7E1FE13
:10CED000054460190321FAF7FAFA284470BD0200EC
:10CEE0004FF0000003D003211046FAF703BB704750
:10CEF0002DE9F04106004FF000051746284611D0F5
:10CF00003046FFF7C6FF044604E03869405D3055FF
:10CF1000641C6D1C7869A842F7DC30190321FAF70C
:10CF2000E9FA2044BDE8F0812DE9F041044686B0DD
:10CF300000200F468DF800000190ADF80800039026
:10CF40000146049015462046FAF79FFB4FF0FF3844
:10CF500098B3601C2A1D02A9FAF7DDFC461CBDF837
:10CF600008002880A01901AA6946FAF70FFB0644B9
:10CF70009DF8000001282BD1A01903AA0199FAF706
:10CF8000B2FE064403982881A01901AA6946FAF75F
:10CF9000FDFA9DF80010022910D0C5F80C80A019E8
:10CFA0000321FAF79DFB40B1761CA0192861B81B3C
:10CFB000401E6861384606B0B4E709E00644A0198F
:10CFC00004AA0199FAF715FE06440498E860E6E71A
:10CFD0004046F0E7F0B587B00E46054614461F46BA
:10CFE000194601A8FBF7EBF939463046FBF7DDF9A6
:10CFF000002211462046FFF7D5FD234601AA3146FF
:10D000002846FFF74CFD0446FBF7FFF90646FBF701
:10D01000E5F90146281903234FF416720096FFF72D
:10D0200093FC204407B0F0BD30B589B00C460B46E8
:10D03000054606AA01A9FFF7CDFF03462A4606A921
:10D0400001A80094FBF777F909B030BDF0B587B0BF
:10D0500005461C46174610460C9EFEF78DFD3146D0
:10D0600001A8FBF7ACF9002211462046FFF79AFD14
:10D07000234601AA39462846FFF711FD0446FBF76F
:10D08000C4F90646FBF7AAF90146281903234FF411
:10D0900016720096FFF758FC2044C3E730B589B0FC
:10D0A00014460092054606AB01AAFFF7CFFF0346E0
:10D0B0002A4606A901A80094FBF73DF9C4E7000041
:10D0C0000020984B02465321414303EBC101401C11
:10D0D0004A710A71FF28F6DB704710B500F010F9AD
:10D0E000FF2807D20021532250438E4A02EBC00092
:10D0F0004171017110BD2DE9F0470025DFF8248250
:10D100000746A946532005FB00F608EBC6046179E3
:10D1100001291BD16088B84205D9C01B0004000C4E
:10D12000608002D012E0A4F80290F8F765FE18F8CB
:10D130003610884208D9F8F759FE608018F8360092
:10D14000401C08F8360001E084F805906D1CFF2DA6
:10D15000D8D3BDE8F0870020724A014653234B43E1
:10D1600002EBC3031B791BB1491CFF29F6D370479F
:10D170000120704710B500206A4B014653224A43F4
:10D1800003EBC20214791CB952790AB9401CC0B22F
:10D19000491CFF29F2D310BD00B901206249087073
:10D1A00070472DE9F04700273D46FFF7D4FF80B3D5
:10D1B000DFF870915C4E4FF00108307800F0A0F875
:10D1C000FF2819D101250020FF214A46532343435C
:10D1D00002EBC3031B79B3B1401CFF28F6D3FF2930
:10D1E00015D05320414309EBC10437782771002043
:10D1F0006071F8F7FBFD60803078401C10F0FF0094
:10D20000307002D003E0C1B2E9E786F80080002D5B
:10D21000D3D038469DE72DE9F0470024089E1F46ED
:10D2200090468946002894D000F06AF8FF2890D2F2
:10D23000532250433B4A012102EBC0056971002192
:10D2400002F83010F8F7D2FD688005E0385D291942
:10D25000641C81F82200A4B2B442F7D305F118008F
:10D260004146C5F89462FFF707FCA81D4946BDE892
:10D27000F047FEF781BC6CE72DE9F0470024089EDB
:10D280001F46904689462546F8B100F039F8FF2838
:10D290001BD253214843234901EBC005B5F8940242
:10D2A000308005E0281990F822003855641CA4B29B
:10D2B0003088A042F6D805F118014046FFF7DCFBA4
:10D2C000A91D4846FEF758FC0125284641E710B540
:10D2D000012400F015F8FF2800D20024204610BDDC
:10D2E00010B5002400F00CF8FF2807D25321484362
:10D2F0000C4901EBC000407900B90124204610BD63
:10D3000010B50021074AFF2453234B4302EBC3030C
:10D310001B79834201D1CCB202E0491CFF29F3D32F
:10D32000204610BDE83B0560FA07006070B50400B8
:10D3300016464FF0000017D01020207008206070B3
:10D340000220420591420FD2002E0DDB96420BDAED
:10D350000A46A01C0021FAF79CFC851C6019324685
:10D360000121FAF796FC284470BD2DE9F041040034
:10D370001E4615464FF000001FD0102020700820D8
:10D3800060700220420591420FD2002D0DDB9542C4
:10D390000BDA0A46A01C0021FAF77BFC871CE01977
:10D3A0002A460121FAF775FC3844DF212154401C3C
:10D3B000FD212154401C2654401CBDE8F0812DE97C
:10D3C000F0478AB08946824615464FF0FF3611462F
:10D3D00004A8FAF7F4FF0022114601A8FFF7E2FBC8
:10D3E00040F23910DFF8E08005FB00F108EB410462
:10D3F00001AB04AA51462046FFF751FB07463246CF
:10D40000E0194B461146FFF7B0FF3E1835B94146CB
:10D4100032462E4801F0D8FB2D480670224633468E
:10D4200001A950460095FAF786FF0AB0BDE8F087DB
:10D4300030B585B005460C466846FAF7B6FF224679
:10D4400029466846FFF7BBFF05B030BD2DE9FE4316
:10D45000044600201E4617468DF8000001900290F9
:10D46000002922D0204601AA6946FAF78FF805461E
:10D470009DF800004FF0FF39B0B9601902AA019978
:10D48000FAF7B7FB054402984FF48008404501D2F3
:10D4900007B13860601901AA6946FAF777F80544C0
:10D4A0009DF80000012802D04846BDE8FE836019BF
:10D4B00002AA0199FAF79DFB029928444145F4D24A
:10D4C000002EF2D03160F0E750D107608C19056072
:10D4D0005C0200602DE9F04115460F4604004FF054
:10D4E00000063CD0002020704FF41671F9F746FF7B
:10D4F0006070A7700F20E0702A88201D00216B68E3
:10D50000FAF742FA061D2A89A0190121FAF71CFC34
:10D51000EA680644501C04D0A0190221FAF7B9FBAE
:10D520000644A0190321F9F7D2FF3118002004E0C6
:10D530002A180B18127CE254401CD5F8682282424B
:10D54000F6DC5618A0190321F9F7D4FF95F86C22E0
:10D55000064422B1A0190421FAF79BFB0644304689
:10D56000BDE8F0812DE9F04786B04FF00007144682
:10D570005FEA010805468DF800700197ADF8087064
:10D5800003973E4604977DD0002C7BD0284600218F
:10D59000FAF77BF84FF0FF3AB0B3681C221D02A9DE
:10D5A000FAF7B9F9471CBDF808002080E81901AA6C
:10D5B0006946F9F7EBFF07449DF8000001282ED1DA
:10D5C000E81903AA0199FAF78EFB07440398208112
:10D5D000E81901AA6946F9F7D9FF9DF80010022958
:10D5E00013D0C4F80CA0E81981460321FAF778F8A3
:10D5F00050B10398A8EB070182B24846F9F7A6FD9F
:10D600007F1CC4F8680213E009E00744E81904AA83
:10D610000199FAF7EEFA07440498E060E3E7504610
:10D6200006B0BDE8F087B819A119285C0874761C0B
:10D63000D4F86802B042F6DC0744E8190321FAF78F
:10D6400065F878B110207F1C84F86C02474519D228
:10D65000E81901AA6946F9F799FF9DF80010042915
:10D6600003D00FE06FF00100DAE73844284404AA41
:10D670000199FAF7BEFA07460498411E0F2903D80C
:10D6800084F86C023846CBE76FF00400C8E770B549
:10D690000E460546FAF741FC0446281906F1080132
:10D6A000F9F792FA204470BD2DE9F04117460E4675
:10D6B0000446F9F70CFF054660193946FFF7E7FF06
:10D6C000054460193146F9F715FF2844BDE8F0819B
:10D6D0002DE9F0410E460446FAF751FC4FF0FF35B4
:10D6E000002809DD0746E01906F108024FF4006141
:10D6F000F9F71FFB002801DC2846E7E73844E5E797
:10D700002DE9F04114460F460546F9F7E9FF4FF0C1
:10D71000FF3668B1681C2146FFF7DAFF002807DDF5
:10D72000441C28193946F9F7F1FF08B1601CCDE710
:10D730003046CBE770B504000D464FF0000009D02D
:10D7400020704FF41671F9F719FE6070A5700E2065
:10D75000E070042070BD70B505004FF000000BD0E4
:10D7600013460A4600212846FAF70EF904462819FE
:10D770000121F9F7ACFE204470BD70B516460500D6
:10D780004FF000040CD00A460021FAF7DDFA0446F7
:10D79000701C05D0281932460121FAF77AFA0444A0
:10D7A000204670BD02004FF0000003D0012110465A
:10D7B000F9F7A0BE70472DE9F04186B00F468046CC
:10D7C0001E460024114601A8FFF7B4FF0346224677
:10D7D00001A94046009700F06CFB002856D0044693
:10D7E00051E03288002101A87368FAF7CDF80346AA
:10D7F000224601A94046009700F05BFB002845D077
:10D800000444012101A8F9F762FE0346224601A95A
:10D810004046009700F04DFB002837D02518B4682B
:10D8200020E02288002101A8FAF78EFA03462A4652
:10D8300001A94046009700F03CFB002826D0626812
:10D840000544501C0DD0012101A8FAF722FA034625
:10D850002A4601A94046009700F02BFB002815D06E
:10D8600005442469002CDCD1012101A8F9F742FE0E
:10D8700003462A4601A94046009700F01AFB0028FB
:10D8800004D0F6682C18002EABD1204606B0BDE8B7
:10D89000F0812DE9F84305004FF000001446ADF883
:10D8A00000001FD000291DD0002C1BD06FF00208F3
:10D8B000052902D23F20607417E028460021F9F7BD
:10D8C000E4FE3E2780B1681C221D6946FAF723F862
:10D8D000461CBDF800002080A8190121F9F700FFBF
:10D8E00010B1701CBDE8F88367744046FAE710B5C4
:10D8F000002428B121B10121F9F708FF00B101246A
:10D90000204610BD2DE9FF474FF000060F460500E9
:10D9100014468DF8006001960296039646D0EFB348
:10D92000E4B328784FF03E0800076FF0020902D4F4
:10D9300082F811802EE0284601AA6946F9F726FEF2
:10D9400006469DF8000018BB01994FF03F0870187B
:10D95000B8421DD2A81902AAFAF7C5F906440298DE
:10D9600020814FF0FF30E060A85D01071ED5C04365
:10D9700040071BD0A81901AA6946F9F707FE9DF8D0
:10D980000010012912D1019906447018B84206D33B
:10D9900084F81180484604B0BDE8F08706E0A81975
:10D9A00003AAFAF726F906440398E0603046F2E746
:10D9B000002228B13022027041700E2181700322B2
:10D9C0001046704770B505004FF000000BD00A8874
:10D9D0004B6800212846F9F7D7FF04462819012192
:10D9E000F9F775FD204470BD70B5164605004FF07F
:10D9F00000040CD00A460221FAF7A6F90446701C6E
:10DA000005D0281932460321FAF743F90444204689
:10DA100070BD2DE9F04106004FF0000090460F4622
:10DA2000054614D030460421F9F751FD044630195B
:10DA3000B84205D1444405E0785D3055641C6D1C46
:10DA40004545F9D330190421F9F754FD20441EE768
:10DA50002DE9F041040016460F464FF0000013D0A8
:10DA600020460521F9F733FD054660193946FAF7D6
:10DA70005DF9054460193146FAF758F90544601913
:10DA80000521F9F737FD284401E702004FF00000B7
:10DA900003D001211046F9F72DBD7047F8B50400F9
:10DAA0004FF000001D461646ADF800001BD00029BF
:10DAB00019D0002E17D0002D15D020460021F9F7DF
:10DAC000E4FD4FF0FF3778B1601C2A466946F9F74C
:10DAD00022FF451CBDF80000308060190121F9F7D4
:10DAE000FFFD08B1681CF8BD3846F8BD10B500242C
:10DAF00028B121B10121F9F709FE00B10124204626
:10DB000010BD2DE9FF474FF000051E46904689469F
:10DB100004008DF8005001950295039532D0B9F1BB
:10DB2000000F2FD0B8F1000F2CD05EB320784FF04B
:10DB3000FF37000709D5204601AA6946F9F726FDF7
:10DB400005469DF80000022801D0384623E76019F9
:10DB500002AA0199FAF7C7F805440298A8F800004C
:10DB60004D450ED2605D01070BD5C043400708D07C
:10DB7000601901AA6946F9F709FD9DF8001003290B
:10DB800002D03760284606E70544601903AA0199C8
:10DB9000FAF72FF8054403983060F3E72DE9FF47C3
:10DBA00006004FF000000F4614468DF8000001906B
:10DBB0000290ADF80C004FF03F086FF0020A34D02D
:10DBC000052F32D984B3304601AA6946F9F7DEFC45
:10DBD00085B29DF800004FF03E0908BBAF421FD947
:10DBE000781B87B2042F18D3701902AA03A9F9F77A
:10DBF00092FE284485B2BDF80C0020800298606037
:10DC0000781B10EA1A4004D070190121F9F768FD59
:10DC100030B1284604B0BDE8F08784F86E8201E098
:10DC200084F86E925046F5E7FFE782F86E82F9E7D6
:10DC30002DE9FE4F05004FF00000894614468DF88F
:10DC40000000019006466FF0020A029076D0B9F10A
:10DC5000000F73D0002C7ED0411EE160102184F8AB
:10DC60006C12C4F86802284601AA6946F9F78EFCCE
:10DC700007469DF800004FF03E0890B9E81902AA47
:10DC80000199FAF730F8074402982081E81901AAAF
:10DC90006946F9F77BFC07449DF80000012803D092
:10DCA00010E084F86E824AE0E81902AA0199F9F7B7
:10DCB000A0FF07440298E060E81901AA6946F9F755
:10DCC00065FC07449DF800000228EAD1E819401ECF
:10DCD000F9F74BFC0028E4D07F1E2289A9EB07014D
:10DCE000E819F9F733FA7F1CC4F8680204E0B819A0
:10DCF000A119285C0874761CD4F86802B042F6DCDE
:10DD0000C619A81901AA6946F9F740FC06449DF80E
:10DD10000000022805D0A819401EF9F72FFC0028A2
:10DD2000BFD1A81901AA6946F9F730FC06449DF84D
:10DD30000000032805D0701EBDE8FE8F0BE05046A2
:10DD4000FAE7A81902AA0199F9F753FF029930449A
:10DD500084F86C12F0E73F2082F86E02EFE770B5AE
:10DD600004000D464FF0000009D020704FF41671EA
:10DD7000F9F704FB6070A5701020E070042070BDFE
:10DD800070B505004FF000000BD013460A46002185
:10DD90002846F9F7F9FD044628190121F9F797FB00
:10DDA000204470BD02004FF0000003D00121104656
:10DDB000F9F7A0BB70472DE9F0414FF000040F4682
:10DDC0000600254627D03A890021F9F7BDFFFA68F9
:10DDD0000446501C04D030190121F9F75AFF0444BD
:10DDE00030190221F9F773FB044404E07819007C30
:10DDF0003055641C6D1CD7F86802A842F6DC301957
:10DE00000221F9F777FB97F86C2204441AB1301914
:10DE10000321F9F73EFF2046BDE8F081002228B13A
:10DE20002022027041701021817003221046704739
:10DE300070B5040015464FF0000039D05020207016
:10DE400061701020A070E01C0021F9F740FBC61C97
:10DE500095F86D12A019F9F769FF064495F86E124E
:10DE6000A019F9F763FF0644A0190021F9F742FB56
:10DE70000644A0190121F9F72AFB06442A88A019B3
:10DE800000216B68F9F780FD06442A89A019012159
:10DE9000F9F75AFFEA680644501C04D0A019022181
:10DEA000F9F7F7FE0644A0190121F9F723FB3044E6
:10DEB00070BD10B51C46029B9B1AA34205D31044AB
:10DEC000224600F081FE204610BD002010BD70B536
:10DED00004001E464FF0000010D0002A0ED0002E85
:10DEE0000CD0102020706170A01C1146FAF786F843
:10DEF000851C60193146FAF710F8284470BD1346A6
:10DF00000A460921E3E713460A460621DFE72DE921
:10DF1000FC41044600201E4617468DF80000019083
:10DF200000291FD0002F1DD0002E1BD0204601AA93
:10DF30006946F9F72BFB05469DF800004FF0FF38C6
:10DF40000A280ED160193946FAF774F805446019A9
:10DF500001AA6946F9F71AFB05449DF800000B2851
:10DF600002D04046BDE8FC8160193146F9F7F1FF67
:10DF70002844F7E7F0B5ADF5177D14460F46064681
:10DF8000002541E0207810B101280ED03BE0052F9C
:10DF900006D3A28870190021A368F9F7F5FC31E0D7
:10DFA0006FF001000DF5177DF0BDA08908B1A07BD1
:10DFB00000E02079C01D874225D370190121F9F7AF
:10DFC00086FA0544A1897019F9F77FFE0544A089F6
:10DFD000A0F57F41FF3904D030B1A27B04F10F01DD
:10DFE00004E00022114601E02279611D6846FEF737
:10DFF0006FF870196946F9F7FDFC054470190121A5
:10E00000F9F778FA0544A469002CBBD12846C9E782
:10E010002DE9F043ADF5197D002514460646A846C6
:10E020008DF8585297956FF00109989555E077193A
:10E0300000213846F9F729FB60B184F800803846A2
:10E0400004F10803221D0021F9F780FC002825DBDC
:10E05000054441E038460121F9F717FBF0B10120F2
:10E0600020706D1C701997AA96A9F9F78FFA0544CC
:10E070009DF85802022811D1701998AA9799F9F7BA
:10E08000B8FD9899A1810544701997AA96A9F9F746
:10E090007DFA05449DF85802062804D048460DF53F
:10E0A000197DBDE8F0836A4630469799F9F7E3FC9D
:10E0B00005446846FEF74DF870B1A0896A464FF0F6
:10E0C000070128B104F10F00FEF75EF8A07303E02A
:10E0D000601DFEF759F82071A469002CA7D12846CD
:10E0E000DDE7000070B586B0044605AB03AAFFF774
:10E0F0000EFF00281BDD2078A42818D16079B428F1
:10E1000015D160786438C6B21D488671A178417116
:10E11000E278C270A3798370E5794570247A04703F
:10E1200000200095CDE901403046CDF767FA06B0F2
:10E1300070BD70B586B0044605AB03AAFFF7E7FED5
:10E140000028F4DD2078A428F1D16079B428EED13C
:10E1500060786438C6B20A488671A1784171E27865
:10E16000C270A3798370E5794570247A0470002029
:10E170000095CDE901403046CDF740FAD7E70000E1
:10E1800010180060002801D06B49016070470B280F
:10E1900001D201207047002070476848007870471E
:10E1A000401C7047401E704710B500210A2804D259
:10E1B000C2B20A20D3F79EFF0146084610BD10B533
:10E1C0000A2807D2C2B20B4600210A20D4F763FC0A
:10E1D000012010BD002010BD2DE9F043ADF5177DE5
:10E1E0000746DDE99E54481E022699464FF0FF3847
:10E1F0004B2A08D04D2A0CD04F2A0FD0552A12D0C6
:10E200002E7020202AE0024680213846F9F7CDFB07
:10E210001DE0C1B20A20D3F769FD10E08021384625
:10E22000F9F784FD13E0042806D0FFF7BDFF01468F
:10E230003846F9F728FE0AE00420D5F729FE014602
:10E240006846FDF705FE69463846F9F76BFC00287D
:10E2500006DBB9F1FF3F03D02E703220207040461C
:10E260000DF5177DBDE8F0832DE9F04104464068C7
:10E27000ADF51A7D401E15460E4600278046FFF775
:10E2800086FF68B16A4604F11000D4F86812F8F706
:10E2900050FD01004FF0020006D5307025200BE044
:10E2A000012030701F2007E02289572A0AD0E16838
:10E2B000491C07D030703220287000200DF51A7DDF
:10E2C000BDE8F08109230DF10D014D2A20D0552A1A
:10E2D00004D03070202028703846EFE7B8F1040FE2
:10E2E00004D09DF8021004290BD003E09DF8022011
:10E2F000072A02D030702B70EEE70420D5F7F5FD29
:10E3000018E094F86C2240460299FFF758FF11E09C
:10E310009DF80220072A04D084F86D0284F86E323A
:10E32000DAE794F86C020B46014608F0FF02002081
:10E33000D4F744FF0127CFE7201B0408FB07006048
:10E3400008B1CD4B036011B1CB4824300860002ADE
:10E3500002D0C948001F106070470146C7480078C6
:10E36000421C914200D2084670477047C34800786B
:10E37000704700B5FFF7F1FFC0490978491C884292
:10E3800001D2012000BD002000BD10B50123FFF720
:10E39000E4FFBA490978884207D2C2B200210B20B3
:10E3A000D3F7A8FE00F041FF0346184610BD70B534
:10E3B0000D460026FFF7D1FFB04904460978884290
:10E3C0000FD275B1E0B2D5F77EFCA84209D328463A
:10E3D00000F0EFFE0346E2B200210B20D4F75BFB16
:10E3E0000126304670BD70B50D460026FFF7B5FF1B
:10E3F000A2490446097888420BD255B1E0B2D5F75C
:10E4000062FCA84205D36D1EE9B2E0B2D5F783FCE9
:10E410000646304670BD2DE9F04116460C460746CB
:10E420000025FFF79AFF9549097888420BD254B12D
:10E43000C0B2D5F748FCA04205D3611E0125324683
:10E440003846D5F781FC2846BDE8F0812DE9F04F2C
:10E45000ADF51B7D8146DDE9A4861D46924600246C
:10E460000846FFF77AFF02465046BAF14D0F1DD01D
:10E4700009DC1C281FD0242847D04A2861D0BAF1D3
:10E480004B0F09D10DE04F2822D0552822D06E28FD
:10E4900046D0BAF16F0F21D0022088F8000020206A
:10E4A00088E013214846F9F780FA37E0D1B20B2013
:10E4B000D3F71CFC03E0D1B20B20D3F776FB014667
:10E4C0006846FDF7C5FC69464846F9F72BFB25E091
:10E4D00013211BE01046FFF758FF1BE096A8FDF73D
:10E4E000F9FB0022114696A8FDF7FDFB0022012151
:10E4F00096A8FDF7F8FB0022022196A8FDF7F3FB92
:10E5000096A94846F9F7E0F908E000214846F9F7EE
:10E510000DFC03E001464846F9F7D7FB044631E01D
:10E520007DB1681C104610D0FFF717FF0446C0B23B
:10E53000D5F7C9FBA84239D329462046FFF753FF38
:10E54000BDE7D0B2D5F7BFFBE4E7FFF706FF834690
:10E55000012711E039465846FFF745FF0146684656
:10E56000FDF776FC09EB04006946F9F7DBFA044491
:10E57000B4F5167F15DA7F1C0BF0FF00D5F7A3FB6F
:10E58000B842E7D2002C18DBBAF16E0F15D0BAF101
:10E59000570F12D06D1C10D0022088F800003220D6
:10E5A00008E0052188F80010122003E0022088F816
:10E5B00000002A2030704FF0FF340DF51B7D2046FF
:10E5C000BDE8F08F2DE9F0430446ADF51B7D1546FF
:10E5D0000E464FF000084068FFF7BFFE6A4604F1A0
:10E5E0001000D4F86812F8F7A4FB02274FF02509B1
:10E5F000002803DA377085F800900AE020896E2839
:10E600000CD057280AD0E168491C07D03770322057
:10E61000287000200DF51B7DBDE8F0834F2825D024
:10E6200006DC1C2822D0242820D04A2806D11DE050
:10E63000552806D06E2819D06F2817D037702020A3
:10E6400016E004F26E235A1E02216846FBF72EFCE8
:10E650005FEA00080DD002996068FFF7A8FE5FEA44
:10E66000000806D1377085F8009002E03770282046
:10E6700028704046CEE70000381B0408FC07006005
:10E6800010B5ADF51A7D1C466A4600F09BF90028CE
:10E6900013DD0098401C0CD00198401C09D0F9F7FC
:10E6A0009DFE0099884208D3F9F798FE01998842A7
:10E6B00003D82146684600F003F80DF51A7D10BD19
:10E6C00030B5ADF5197D0446002097909890207ADA
:10E6D0000D4680B104F10C0098AA97A90446FAF7F8
:10E6E00053FA002816D0F9F779FE9799009589B268
:10E6F0002346989A0CE0A08901AA2169FAF735FA15
:10E70000002807D0F9F76AFE0095A18901AB2269BC
:10E7100000F0E4F80DF5197D30BD002110B904E0DA
:10E72000001D491C0268521CFAD1084670472DE9A9
:10E73000FF4F81B0804600240D4627460398FFF71F
:10E74000ECFF81460498FFF7E8FF83460E98FFF739
:10E75000E4FF824609EB0B015144B9F1030F00D3EA
:10E76000C91E6DB1286958B1686948B100902889FF
:10E770000223A0F58070733806D02B762020A8E005
:10E78000002005B0BDE8F08FE86840B1421C0AD017
:10E79000884274D80026B9F1030F68D86AE0404671
:10E7A000F9F793FA8DE0B9F1030F19D81AE003983D
:10E7B00050F827104F2912D04B2910D04D290ED0D8
:10E7C00008EB0400F9F7B2FA04440098844206DB2F
:10E7D00005202876122068764FF0FF3402E07F1C77
:10E7E0004F45E4D3BBF1000F0FD000260BE0049897
:10E7F00050F8261008EB0400F9F798FA0444009842
:10E80000844207DA761C5E45F1D3BAF1000F63D07B
:10E81000002612E005202876122068764FF0FF349B
:10E82000F3E70E9850F8261008EB0400F9F77EFA8B
:10E8300004440098844203DA761C5645F1D34BE039
:10E8400005202876122044E0039951F827104F291B
:10E850000CD04B290AD04D2908D0761CB04205D1E6
:10E8600008EB0400F9F762FA044602E07F1C4F450A
:10E87000EAD33CBBBBF1000F13D000200EE026E032
:10E88000E968761CB14208D1049951F8201008EBD0
:10E890000400F9F74BFA044602E0401C5845EFD358
:10E8A00084B9BAF1000F17D000200DE0E968761C9A
:10E8B000B14208D10E9951F8201008EB0400F9F785
:10E8C00035FA044608E0401C5045EFD304E02B76AF
:10E8D0002A2068764FF0FF34204652E72DE9F047B2
:10E8E000ADF5287D0F46B09D81469A469046294653
:10E8F000A3A8F9F764FD29469BA8F9F756FD002265
:10E900001146A0A8FEF74EF940F2391013496843AA
:10E9100001EB4004A0ABA3AA9BA92046FEF7BFF8D9
:10E9200006460820ADF80400CDF80890ADF80C704C
:10E93000514605A8CDF81080FDF7ACFAA01901A941
:10E9400000F0B9F833182246A0A99BA80095F9F762
:10E95000F2FC0DF5287DBDE8F087000050D107607E
:10E9600070B505000C464FF000002AD0002C28D0CE
:10E9700010202870072068700226226871058A42DC
:10E980000FD2606800280CDB88420ADAA81C00213C
:10E99000F9F77FF9861CA81901216268F9F779F95E
:10E9A0000644207A30B1A81904F10C020321F9F7CA
:10E9B000D4F805E0A289A81902212369F8F7E4FF39
:10E9C000304470BD2DE9FF47002614460546B04689
:10E9D0008DF8006001960296ADF80C60002964D0B5
:10E9E000002C62D028460021F8F74FFE4FF0FF3A86
:10E9F000E8B3284601AA6946F8F7C8FD0646A819F3
:10EA000002AA0199F9F7F5F8064402984FF4800933
:10EA1000484500D22060A81907460121F8F735FEC5
:10EA200030B3384601AA6946F8F7B0FD0644A81984
:10EA300002AA0199F9F7DDF806440298484500D288
:10EA40006060AF1902213846F8F71FFEC8B184F89C
:10EA50000880384601AA6946F8F798FD0644A819C7
:10EA600004F1100203A9F8F756FF064401E004E0A0
:10EA70001FE0BDF80C00A08117E05046C4F800A0CC
:10EA8000DEE738460321F8F700FE90B1012020723E
:10EA9000384601AA6946F8F779FD0644A81904F139
:10EAA0000C020199F9F775F80644304604B0BDE848
:10EAB000F0875046FAE770B504000D464FF00000AD
:10EAC00017D0002D15D010202070012060702988EB
:10EAD000A01C6A68F8F769FF861C2989A019EA68F2
:10EAE000F8F763FF0644A01905F11001F9F71AF8C9
:10EAF000304470BDFEB50446002015468DF8000078
:10EB00000190ADF80800471E89B385B3204601AADD
:10EB10006946F8F73BFD06469DF800000C2826D113
:10EB2000A0192A1D02A9F8F7F6FE0644BDF8080050
:10EB30002880A01901AA6946F8F728FD06449DF827
:10EB400000000C2813D1A01905F10C0202A9F8F756
:10EB5000E2FE0644BDF808002881A01901AA694612
:10EB6000F8F714FD06449DF80000072801D0384648
:10EB7000FEBDA01905F110020199F9F70AF8304419
:10EB8000FEBD30B44FF0FF3328B10478102C02D111
:10EB90004478012C02D030BC18467047801C30BC31
:10EBA000891EA7E70649074A0868504343F239021D
:10EBB0001044086040087047014908607047000031
:10EBC000000800606D4EC64140EA01039B0703D078
:10EBD00009E008C9121F08C0042AFAD203E011F89C
:10EBE000013B00F8013B521EF9D27047D2B201E05E
:10EBF00000F8012B491EFBD270470022F6E710B542
:10EC000013460A4604461946FFF7F0FF204610BD9A
:10EC100030B505462A460B4612F8010B13F8014B96
:10EC200008B1A042F8D01CB1002802D06D1CF1E759
:10EC3000284630BDCAB2401E10F8011F8A4202D0D9
:10EC40000029F9D100207047421C10F8011B00294F
:10EC5000FBD1801A704710B5002200E0521C835C83
:10EC60008C5CA34201D1002BF8D1D8B2E1B2401A9A
:10EC700010BDCBB203E00178994203D0401C521E74
:10EC8000F9D20020704730B504460020034600E06A
:10EC90005B1C934203D2E05CCD5C401BF8D030BDDE
:10ECA000034611F8012B00F8012B002AF9D1184670
:10ECB000704700000FB400B58DB010A909900B90FB
:10ECC00000914FF0FF300A9000200C90054806900C
:10ECD000054807906A4609A80F9900F05DFB0DB042
:10ECE0005DF814FBB5F30308D3F303082DE9FF5FC8
:10ECF0001D464FF0FF3BD5E9014691465F464FF078
:10ED00000008A9697F1C01988847296A82468847BC
:10ED10000028F6D1BAF1FF3F0CD024F4C064002ED5
:10ED200019DD600614D5BAF12B0F09D0BAF12D0FF9
:10ED30000ED103E0584604B0BDE8F09F44F480646F
:10ED4000A9697F1C01988847761E8246002E02DD45
:10ED5000BAF1300F03D0B9F1000F26D032E0A96923
:10ED6000761E44F400747F1C019888478246002E6A
:10ED700005DDBAF1780F06D0BAF1580F03D0B9F11A
:10ED8000000F10D01EE0B9F1000F02D0B9F1100F42
:10ED900018D1A969761E24F400747F1C0198884755
:10EDA0008246102002E0082000E00A20814609E0A7
:10EDB00008FB0908A969761E44F400747F1C0198B9
:10EDC00088478246002E05DD4946504600F0CFFABE
:10EDD0000028EDDAE96901988847A00502D46FF0B0
:10EDE0000100A8E7E00725D1600613D5600502D52C
:10EDF000C8F1000000E0404629680A1D2A60096841
:10EE0000220501D5087015E0220701D5088011E020
:10EE100008600FE02868011D29600068210502D5FF
:10EE200080F8008006E0210702D5A0F8008001E00C
:10EE3000C0F8008038467EE72DE9F04791460F463E
:10EE400080460446002614F8015B2DB100F082FADA
:10EE50000068405DC007F6D12B2D02D02D2D18D0B3
:10EE6000641E4A463946204600F0C4FA27B1396884
:10EE7000A14201D1C7F8008071054FF002040BD503
:10EE80004042002803DD01F0A1F90460A007BDE8BD
:10EE9000F08746F48066E4E70028F8DA01F096F996
:10EEA00004606FF00040F2E72DE9F05F93460F46F3
:10EEB00080460446002601F089F9D0F80090824689
:10EEC00014F8015B2DB100F045FA0068405DC00701
:10EED000F6D12B2D02D02D2D1AD0641E0021CAF898
:10EEE00000105A463946204600F084FA014627B100
:10EEF0003868A04201D1C7F80080DAF80000022883
:10EF000009D0CAF80090700505D54842BDE8F09FC9
:10EF100046F48066E2E70846F8E7F0B480EA0102CA
:10EF2000D40F4200B2EB410F02D20246084611460E
:10EF30004A0042D0C30DDDB2C1F3C752AD1A202D35
:10EF400035DAC1F3160141F4000204B15242C5F1B1
:10EF5000200602FA06F12A411044B3EBD05F23D019
:10EF6000C4B1012DA0EBC35009DCF0BC4FF000424E
:10EF700002EAC352DBB200F5000000F0E2BA400042
:10EF800000F1807000EBC350A0F1807040EAD170B6
:10EF9000490009E0490841EAC071A0EBC35000F5FF
:10EFA0000000400800EBC350F0BC00F0C1BA614261
:10EFB000012202EB4101001BF6E7F0BC704781F033
:10EFC0000041AAE780F00040A7E780EA010210B5FF
:10EFD00002F00043400022D04A001FD0010E01EB96
:10EFE0001261C0F35600C2F3560240F4000042F42E
:10EFF0000002A0FB022000047F39140400D0401C52
:10F0000050EA124001D44000491EC2B20C0604EB83
:10F01000D010401C4008802A02D003E0002010BD20
:10F0200020F00100002900DA0020184310BD30B4A0
:10F0300080EA010202F0004530F0004221F0004079
:10F0400013D090B1C30DD40DC2F31601C0F3160056
:10F05000E41A41F4000140F400027D34914201D3EE
:10F06000641C00E04900002C02DA30BC002070472C
:10F070004FF400000023914201D3891A0343400852
:10F080004FEA4101F7D151B1914202D14FF0004115
:10F0900005E002D24FF0010101E06FF0010103EB46
:10F0A000C450284430BC00F043BA420005D0C0F33D
:10F0B000C7525242914201DC0020704700EBC15020
:10F0C00070472DE9F04D81EA030404F0004B21F074
:10F0D000004514464FF0000A23F0004150EA0502B3
:10F0E00020D054EA01021DD0C5F30A570246C5F3E9
:10F0F0001303C1F31300C1F30A5640F4801543F41F
:10F100008013A7EB0608101BD64608F2FD3873EBF8
:10F11000050002D308F1010801E092185B41B8F143
:10F12000000F03DA00200146BDE8F08D00204FF407
:10F130008011064684460EE0171B73EB050705D3C6
:10F14000121B63EB050306434CEA010C49084FEA26
:10F15000300092185B4150EA0107EDD152EA0300FA
:10F1600012D082EA040083EA0501084305D0101B8F
:10F17000AB4106D20122002306E000224FF00043FB
:10F1800002E06FF0010253101AEB06004CEB08513D
:10F1900010EB0A0041EB0B01BDE8F04D00F0FFB9A8
:10F1A000C10F80EAE0700844CA079623002100F0EE
:10F1B000C8B996230022114600F0C3B90EB5C10F9D
:10F1C00080EAE0700844CA07002140F233438DE82A
:10F1D0000E000A460B4600F0F1F903B000BD0EB573
:10F1E00040F2334102910021CDE900110A460B465D
:10F1F00000F0E4F903B000BD00F0004220F0004050
:10F20000C10DC0F3160040F400007F2901DA002090
:10F210007047962903DCC1F19601C84001E0963998
:10F220008840002AF4D04042704720F00040C10DD1
:10F23000C0F3160040F400007F2901DA0020704777
:10F24000962903DCC1F19601C84070479639884081
:10F250007047C1F30A5210B5C1F3130140F2FF33F6
:10F2600041F480119A4201DA002010BD40F233438C
:10F270009A42A2F2334203DC524200F05AF810BD27
:10F28000904010BD01F0004330B421F0004150EA3D
:10F29000010206D00A0DA2F56072C1F31301002A23
:10F2A00002DC30BC00207047440F44EAC104C100B6
:10F2B000E01830BC00EBC25000F03AB9002801DB86
:10F2C000C0F10040002901DBC1F1004181427047DB
:10F2D0002DE9F05F0546002092469B46884606468B
:10F2E000814640241BE0284641464746224600F01E
:10F2F00020F853465A46C01A914110D31146184679
:10F30000224600F08BFB2D1A67EB01084F46224680
:10F310000120002100F082FB17EB00094E41201E66
:10F32000A4F10104DFDC484631462A464346BDE8E5
:10F33000F09F202A04DB203A21FA02F000217047D6
:10F3400021FA02F3D040C2F120029140084319464D
:10F350007047000000487047841C040810B504463C
:10F36000FFF7F8FF0068005D00F0010010BD3A28CB
:10F3700000D2303820F02002412A01D3A2F1370018
:10F38000884201D34FF0FF307047000002681144FB
:10F390001378016018467047D160044951610449EF
:10F3A000116200211161114600F05ABB8DF3030870
:10F3B0005DF30308426842B1016811F8013B23B1D3
:10F3C000521EC0E90012184670470121C160881E14
:10F3D000704742685AB1C368016843B983688B4279
:10F3E00005D0491E521CC0E90012002070474FF0A2
:10F3F000FF3070472DE9F05F824600780027154600
:10F400008B460AF10104B946302801D09DB113E0C2
:10F4100014F8010B0127782803D0582801D045B1F2
:10F420000AE00DB1102D07D10027102514F8010BAB
:10F4300002E0082500E00A250026B0460EE005FBA4
:10F44000080005FB06F1012701EB10461FFA80F8C2
:10F45000B6F5803F00D3B94614F8010B2946FFF7F3
:10F4600086FF0028EBDABBF1000F05D00FB1641E58
:10F4700000E05446CBF80040B9F1000F06D000F090
:10F48000A5FE02210160C81EBDE8F09F48EA0640C3
:10F49000FAE700000FB4002300B589B00CA9009171
:10F4A0000B996FF00042CB601E4B06931E4B0793E7
:10F4B0000423CDE901321D4A089202466B46002022
:10F4C00000F0F8FC09B05DF814FB70B586B0064694
:10F4D0004FF0FF300091CDE90101002015460C46A8
:10F4E00004903246694604A8FFF7D4FF0246049808
:10F4F000211825B108B1084600E02046286004988C
:10F5000000280DD0002A02DD0098884208D0081B90
:10F510000094CDE901043246694604A8FFF7BAFF1A
:10F5200006B070BDB5F30308D3F303085DF3030819
:10F530000029A8BF7047401C490008BF20F0010007
:10F54000704710B4B0FA80FC00FA0CF050EA0104E5
:10F5500004BF10BC704749B1CCF1200421FA04F477
:10F5600011FA0CF118BF012121430843A3EB0C0150
:10F57000CB1D4FEA00614FEA102042BF002010BCB3
:10F58000704700EBC35010440029A4BF10BC704763
:10F59000401C490008BF20F0010010BC704710B5A6
:10F5A000141E73F1000408DA401C41F100019218A6
:10F5B0005B411A4301D120F0010010BD2DE9F04D4F
:10F5C00092469B4611B1B1FA81F202E0B0FA80F2A4
:10F5D0002032904600F022FA04460F4640EA0A0024
:10F5E00041EA0B0153465A46084313D0114653EAE9
:10F5F000010019D0C8F140025046FFF79AFE0546B7
:10F600000E4650465946424600F008FA084305D0D7
:10F61000012004E020463946BDE8F08D0020054376
:10F6200046EAE0762C4337430A986305E40AA0EBE8
:10F6300008000022FD0A44EA47540A3002D500209F
:10F640000146E9E7010510196941DDE9084500199E
:10F650006941BDE8F04DA2E72DE9FE4F804681EA01
:10F660000300C00F0C46009021F0004123F000453C
:10F67000B8EB0200A94105D24046214690461C46FF
:10F680000B46024623F00040104347D0270DC7F336
:10F690000A00C3F30A510290401A019040286BDA25
:10F6A000C3F3130040F4801B0098924620B100235E
:10F6B000D2EB030A63EB0B0B01985946C0F14002F1
:10F6C000504600F0ABF906460D4650465946019AA1
:10F6D00000F0B3F910EB08006141002487EA1152F1
:10F6E00084EAE7731A4340D0009A62B3019A012A70
:10F6F0004FEA075215DC001B61EB02014FF000429C
:10F7000002EA0752CDE90042001C41F58011324661
:10F710002B46FFF753FF03B0BDE8F08F404621466C
:10F72000F9E7001B61EB0201001C41F58013001892
:10F730005B412018A2F5001747EB030140EAD570A2
:10F74000B6196D4111E06D084FEA360645EAC075FD
:10F750004FEA0752001B61EB0201001C41F58011CA
:10F7600049084FEA30000019514132462B4603B098
:10F77000BDE8F04FFFF713BF0098012240000023BF
:10F78000D0EB020263EBE073009821464FEAE0748D
:10F79000B8EB000061EB0401E9E783F000435BE7AD
:10F7A00081F0004158E72DE9FE4F81EA030404F09F
:10F7B000004421F0004100944FF0000B23F000437F
:10F7C00050EA01045ED052EA03045BD0C3F30A544A
:10F7D000C1F30A552C44A4F2F3340194A0FB025463
:10F7E000C1F3130141F48011C3F3130343F48013F5
:10F7F00001FB024400FB034E840A970A44EA815449
:10F8000047EA8357A4FB076802958D0A05FB078525
:10F810004FEA932C04FB0C542705029D4FEA06582F
:10F8200047EA1637B5EB08056EEB070C870E920E0C
:10F8300047EA811742EA8312A7FB0201B6EB0B01EC
:10F8400064EB00042B0D43EA0C335E1844EB1C50B0
:10F85000DA465146E7FB0201C5F313044FEA0B33C6
:10F8600043EA14534FEA0432019C43EA0603A4F12D
:10F870000C040294009CCDE900B4FFF79FFE03B096
:10F88000BDE8F08F00200146F9E770B521F0004394
:10F8900003430CD0C1F30A550024D5EB040564EBF7
:10F8A0000403D617AD1AB34102DB0020014670BD38
:10F8B000201841EB025170BD2DE9F04D00231A468E
:10F8C0001B1A8A4103DB00200146BDE8F08DC1F31D
:10F8D0000A52C1F3130141F480154FF0000BD10718
:10F8E00002D100186D41521E0027044640F2FF115C
:10F8F000384601EB620A3E468046024600204FF43D
:10F900008011FFF716FDC2197141BB1846EB0100CB
:10F91000B4EB030C75EB000C04D3E41A65EB0005A3
:10F9200017460E46241908F101006D41804634281F
:10F93000E3DDF91946EB0600091BA84103D24FF09D
:10F94000FF32134601E0002213461BEB070046EB93
:10F950000A51BDE8F04DFFF722BE70B5C1F30A525F
:10F9600001F000450024C1F3130140F2FF3341F4DC
:10F9700080119A4201DA002070BD40F233439A426E
:10F98000A2F2334203DC5242FFF7D3FC00E0904086
:10F990002C43F1D0404270BD30B5041E71F100041B
:10F9A00004DB4FF00044404264EB0101141E73F18C
:10F9B000000405DB1C464FF00043524263EB040396
:10F9C0008B4208BF824230BD30B5041E71F1000485
:10F9D00004DB4FF00044404264EB0101141E73F15C
:10F9E000000405DB1C464FF00043524263EB040366
:10F9F000994208BF904230BD064C074D06E0E068D2
:10FA000040F0010394E8070098471034AC42F6D365
:10FA1000C8F792FBB41E0408D41E0408202A04DB95
:10FA2000203A00FA02F1002070479140C2F1200311
:10FA300020FA03F3194390407047202A06DBCB17C6
:10FA4000203A41FA02F043EAE07306E041FA02F399
:10FA5000D040C2F12002914008431946704700008F
:10FA60002DE9F34F8BB04FF0000801F10C000C466C
:10FA70004FF0010B46460DF1080A01906269012121
:10FA800001989047051E2DD0252D2CD0216A88473E
:10FA9000C0B16269012101989047216A8847002816
:10FAA000F7D1411E62690198904700E0761CA16978
:10FAB0000B988847216A88470028F7D1E1690B989D
:10FAC0008847DBE7A1690B9888470746A84201D120
:10FAD000761CD3E7E1690B9888477F1C02D1B8F107
:10FAE000000F6FD046E1002762693D463946019814
:10FAF00090472A2804D16269012101989047012585
:10FB0000DFF884926269012101989047A0F13001E9
:10FB10000A290AD24F45E5DC07EB870100EB4107D4
:10FB2000303FDFD445F01005ECE7E90601D46FF073
:10FB300000476C280AD04C2814D0682815D06A28B1
:10FB40000DD074281CD07A281AD01DE062690121DA
:10FB5000019890476C2802D045F0040514E045F068
:10FB600002050DE045F020050AE0626901210198D7
:10FB70009047682802D045F0080505E045F4006587
:10FB80006269012101989047C4E9015765283DD079
:10FB900019DC58287AD00CDC452837D004DC25281D
:10FBA00026D0412831D131E046282FD047282CD10A
:10FBB0002CE05B2877D0612828D063287CD064288B
:10FBC00023D15AE0D0E06F2848D008DC66281DD049
:10FBD00067281BD0692821D06E2816D127E070280D
:10FBE00045D0732868D0752847D078280DD14DE0CE
:10FBF000A1690B988847054625283FF469AFE1695C
:10FC00000B9888476D1C3FF46AAFB3E023466A4601
:10FC10006FF001000B9900F04DF99EE045F04000B7
:10FC20006060A80723464FF0000236D43EE0E807A4
:10FC30007FF447AF2068011D21600068290501D5C8
:10FC400006701BE7290701D5068017E7A90703D52A
:10FC5000F117C0E9006111E706600FE745F04000C9
:10FC60006060A80723464FF0080216D41EE040F655
:10FC70000E0125EA0100606016E045F0400060607A
:10FC8000A80723464FF00A0207D40FE045F04000D2
:10FC90006060A80708D5234610226FF001000B9979
:10FCA000AFF3008059E007E0234610226FF0010017
:10FCB0000B99FFF71BF850E04FF000094F464B46F9
:10FCC000632802D05B2806D040E0E80601D401207A
:10FCD000A06001273AE062690121019890475E28FF
:10FCE00005D14FF0010962694946019890472169A1
:10FCF00039B900210A46534643F82120491C0829F6
:10FD0000FADBB0B3216969B9C11700EBD1625311B5
:10FD10000AEB830122F01F02821A01200B68904037
:10FD200003430B6062690121019890475D28E8D187
:10FD3000B9F1000F09D00020514651F82020D243DC
:10FD400041F82020401C0828F7DB02AB2246009730
:10FD50006FF001000B99AFF3008000280CDA401C13
:10FD600008D1BBF1000F05D04FF0FF300DB0BDE85A
:10FD7000F08FFFE74046F9E7E90701D108F10108F4
:10FD800006444FF0000B79E6CCCCCC0C2DE9FF4FAC
:10FD9000087883B09946FF2805D0491C2D2804D047
:10FDA0000024002008E000200BE00124F9E700EB2C
:10FDB000800003EB4000491C0B78FF2BF7D104B106
:10FDC000404200230293147819461D462D2C01D081
:10FDD0002B2C04D1521C2D2C13D000240294AA46A3
:10FDE0001478FF2C0FD00A25A3FB057801FB0581B1
:10FDF0004FF0000C03FB0C11521CE3194AEB0101FC
:10FE0000EEE70124EAE7814453EA010002D019F544
:10FE1000C87F06DA03980021C0E9001107B0BDE8E9
:10FE2000F08F0025AE4E2F46DFF8B882184600F05E
:10FE30005DF9CDE90001B9F1000002DAC9F1000471
:10FE400000E004460023A74A1AEB030B42EB045AD6
:10FE500012E0E00707D02A46334638464146FFF70E
:10FE6000A2FC074688462A46334610461946FFF745
:10FE70009AFC05460E466410002CEAD1DDE900012B
:10FE8000B9F1000F5A46534606DAFFF71AF93A4617
:10FE90004346FFF716F905E0FFF785FC3A4643466F
:10FEA000FFF781FC029A0AB181F00041039AC2E98E
:10FEB0000001B3E72DE9FF4F1F468DB0D7E901469A
:10FEC0004FF0FF382E2045464FF000090B90B969DE
:10FED0006D1C0E988847396A824688470028F6D1FB
:10FEE000BAF1FF3F0AD024F4D064002E11DDBAF13C
:10FEF0002B0F08D0BAF12D0F0BD102E0404611B004
:10FF00008DE744F48064B9696D1C0E988847824679
:10FF1000761E6946600501D52D2000E02B208DF866
:10FF2000000001F1010B0DF1200809E0B9696D1C19
:10FF30000E98884782460F9844F40074761E056038
:10FF4000002E02DDBAF1300FF0D00B998A453ED178
:10FF500044F0800406E00F99681CA9F1010944F4FB
:10FF600000740860B9696D1C761E0E988847824639
:10FF70003028F0D02BE00B998A4505D1200603D418
:10FF800044F08004761E18E0504600F0ADF908B346
:10FF90000DF11301761E44F400748B4508D2AAF1CA
:10FFA00030000BF8010B200607D5A9F1010003E092
:10FFB000200602D409F101008146A00502D50F995F
:10FFC000681C0860B9696D1C0E9888478246002E2F
:10FFD000D1DC53E0002E51DDBAF1650F02D0BAF149
:10FFE000450F4BD1A00549D5B9696D1C24F4407467
:10FFF000761E0E9888478246002E0CDD2B2804D0F2
:020000040804EE
:10000000BAF12D0F07D144F48074B9696D1C0E98B4
:1000100088478246761EE00501D52D2100E02B2180
:1000200008F8011BCDF82C8021E00DF12901761E86
:1000300044F4007488450CD2AAF1300010F0FF009F
:1000400088F8000002D10B99884509D908F1010808
:1000500006E0E00501D5244801E042F20F70814638
:10006000B9696D1C0E98884782460F980560002E6E
:1000700004DD504600F038F90028D6D1F9690E9811
:100080008847FF208BF8000088F8000000200690C9
:1000900007904B466A4608A906A8FFF777FEA00519
:1000A00002D46FF001002AE714F0240F0AD0E00711
:1000B00014D1DDE906123868031D3B600068C0E911
:1000C00000120BE0DDE90601FFF7DCF80146E0076E
:1000D00004D13868021D3A600068016028460EE7C6
:1000E000000014400000F03FF1D8FFFF0EB540F2D1
:1000F000334202920022CDE900221346FFF75EFA56
:1001000003B000BD70B58C1810F8015B15F0070343
:1001100001D110F8013B2A1106D110F8012B03E0A0
:1001200010F8016B01F8016B5B1EF9D12B0705D4A8
:100130000023521E0DD401F8013BFAE710F8013BF1
:10014000CB1A921C03E013F8015B01F8015B521E0D
:10015000F9D5A142D8D3002070BD00000FB4054BE3
:1001600010B503A9044A029800F0C6F810BC5DF867
:1001700014FB000033D300089C0000600FB4084B50
:1001800010B504A902AA039800F0B6F8044602A923
:10019000002000F0E2FA204610BC5DF814FB0000DD
:1001A0005B070408490050EAC12018BF04204A0D2B
:1001B00018BF40F0010040F2FF72B2EB515F08BF80
:1001C00040F00200012808BF052070470048704732
:1001D0000C0800602DE9F0414F1E00EBC7010446FA
:1001E000D1E9000115461E4637F006020DD02A4619
:1001F0003346FFF7D8FA7F1E04EBC703D3E9002389
:10020000FFF72AFA37F00602F1D1022F25D0042F8A
:1002100013D0062F18BFBDE8F0812A463346FFF7FA
:10022000C2FAD4E90A23FFF717FA2A463346FFF742
:10023000BAFAD4E90823FFF70FFA2A463346FFF744
:10024000B2FAD4E90623FFF707FA2A463346FFF746
:10025000AAFAD4E90423FFF7FFF92A463346FFF749
:10026000A2FAD4E90223FFF7F7F92A463346FFF74B
:100270009AFAD4E90023BDE8F041FFF7EDB9000098
:100280000022134610460149FEF71BBF0000F03F55
:100290000122FFF7FABA0022134610461146FEF774
:1002A00010BF40F2013200204FF0E041FFF7EDBAFD
:1002B000024A00201107FFF7E8BA000001FDFFFF26
:1002C00002E008C8121F08C1002AFAD170470020B6
:1002D00001E001C1121F002AFBD1704701490860EB
:1002E000704700000C08006030380A2801D2012055
:1002F00070470020704700002DE9FF4F8DB00F467A
:100300000546002606E025280BD0DDE90F129047B0
:100310006D1C761C28780028F5D111B03046BDE858
:10032000F08F0024A246A1460122EC4900E00443DC
:1003300015F8013F203B02FA03F00842F7D1287874
:100340002A2810D06FF02F022878A0F13001092957
:1003500014D80AEB8A0102EB410144F0020400EBDD
:10036000010A6D1CF0E701CF5FEA000A03D544F4EF
:100370000054CAF1000A44F002046D1C28782E28AB
:1003800017D115F8010F44F004042A280ED06FF09D
:100390002F022878A0F1300109290AD809EB890138
:1003A00002EB410100EB01096D1CF2E757F8049BD9
:1003B0006D1C28786C280FD006DC4C2817D06828D4
:1003C0000DD06A2814D104E0742810D07A280FD1F7
:1003D0000DE044F400140AE044F4801401E044F415
:1003E00040146978814202D104F580146D1C6D1CA3
:1003F0002A786E2A1FD00CDC632A31D004DC002A54
:100400008BD0582A11D1A3E0642A68D0692A0CD174
:1004100065E0732A2ED004DC6F2A73D0702A04D1D1
:100420009BE0752A6FD0782A6ED01046DDE90F1256
:100430009047761C50E1C4F30250022806D00328EE
:1004400009D0042801CF09D0066045E101CFF1179A
:10045000C0E9006140E101CF06803DE106703BE16B
:1004600017F8040B8DF8000000208DF80100EB4612
:10047000012003E057F804BB4FF0FF3061074FF055
:10048000000102D40DE008F10101884649450FDA68
:100490008045F8DB1BF808100029F4D108E008F1CA
:1004A000010188468142FADB1BF808100029F6D1C9
:1004B000DDE90F23AAEB08008146214600F036F95A
:1004C000304400EB080604E0DDE90F121BF8010BD5
:1004D0009047B8F10108F7D221464846F7E00A21D3
:1004E000C4F302534FF0000B0891022B04D001CF4C
:1004F000C117032B09D00AE0FF1D27F00707F7E813
:10050000020108E032E01FE020E000B2C117042B36
:1005100001D140B2C117031E71F1000307DA4FF099
:10052000000CD0EB0C006CEB01012D2302E0230545
:1005300004D52B238DF82430012303E0E30701D0F9
:100540002023F7E7984658E00A2110E010210EE03A
:1005500010204FF0000B08900CE010214FF0000B22
:1005600044F004044FF00809089103E008214FF01B
:10057000000B0891C4F30253022B04D001CF0021D9
:10058000032B06D006E0FF1D27F00707F7E802015E
:1005900003E080B2042B00D1C0B24FF00008230763
:1005A0002BD5702A07D0DDF820C08CF0100C5CEA47
:1005B0000B0C05D00EE040238DF82430012308E019
:1005C00050EA010306D030238DF824308DF8252021
:1005D00002239846DDF820C08CF0080C5CEA0B0C76
:1005E0000BD150EA010301D1630706D530238DF802
:1005F00024304FF00108A9F10109582A04D038A28B
:100600000B9208AA0A920BE03AA2F9E75B46089A15
:10061000FEF75EFE0B9B9B5C0A9A521E0A921370B9
:1006200050EA0102F2D10A98ADEB000000F1200B74
:10063000600702D524F4803401E04FF00109D94568
:1006400002DDA9EB0B0000E0002000EB0B014144B0
:100650000890AAEB010AE00306D4DDE90F23214646
:10066000504600F063F806444FF0000908E009A97D
:1006700011F80900DDE90F12904709F10109761C14
:10068000C145F4DBE0030CD5DDE90F2321465046DC
:1006900000F04CF8064404E0DDE90F1230209047EA
:1006A000761C0899481E08900029F5DC08E00A9895
:1006B0000A990078491C0A91DDE90F129047761CCF
:1006C000BBF10001ABF1010BF1DC21465046DDE945
:1006D0000F2300F019F806446D1C1BE609280100E1
:1006E00030313233343536373839616263646566A8
:1006F000000000003031323334353637383941426A
:1007000043444546000000002DE9F0410446002521
:100710001E461746880404D405E039462020B04719
:100720006D1C641EF9D52846BDE8F0812DE9F04125
:10073000044600251E469046C80301D5302700E038
:100740002027880404D505E041463846B0476D1C93
:10075000641EF9D52846BDE8F0810A68531C0B6079
:10076000107070472DE9F04D894BCE0F21F00047F6
:1007700084B005460C469F4230D38648874211D349
:10078000C7F31300284305D004B02846BDE8F04D58
:10079000FFF77EBD002E1ABF00200146284604B098
:1007A000BDE8F08D7C4A2846FFF70EF907D20220FB
:1007B000FFF794FD04B0BDE8F04DFFF772BD774A36
:1007C000774B28462146FFF7E7F807D20220FFF7CC
:1007D00085FD04B0BDE8F04DFFF76ABD7148B84231
:1007E00048D27148874215D27048784400EBC60061
:1007F0002146D0E900232846FEF7CFFFCDE90001CE
:100800006B48784400EBC600D0E900ABC6F10100AC
:10081000861B26E0674A684B28462146FEF7C3FF41
:10082000664A7A4402EBC603D3E90023FEF714FFBD
:10083000FFF793F80646FEF7C1FC07468846604A74
:10084000604BFEF7B0FF2A462346FEF7A9FFCDE92D
:1008500000015D4A5D4B38464146FEF7A4FF8246E3
:100860008B46DDE9000152465B46FEF796FF0546E2
:100870000C4618E05648874214D2564A564B284632
:100880002146FEF7E9FE554E00223346FFF79CF85D
:1008900008D204B0334628462146BDE8F04D002278
:1008A000FEF7DABE00262A46234610461946FEF712
:1008B0007AFF804602464A480F460B460521784497
:1008C000FFF788FC42463B46FEF76DFF2A4623466B
:1008D000FEF766FF07468846E6B302460B46002051
:1008E0004FF08041FEF759FFCDE902013A464346F9
:1008F00028462146FEF757FFDDE90223FEF7E1FB1C
:1009000052465B46FEF74CFFDDE90023FEF745FF4C
:100910000022324BFEF744FF6FF47F729642A2BF73
:1009200001EB065104B0BDE8F08D4FF07A5202EBB6
:10093000065211442B4AFEF7A8FF04460D46FFF766
:1009400031FC042808BFFFF7B3FC204604B0294659
:10095000BDE8F08DFFE700224FF08043FEF71DFF5A
:1009600082460E463A46434628462146FEF71BFF7E
:1009700052463346FEF7A5FB2A462346FEF70DFFF7
:1009800004B00022BDE8F04D144BFEF709BF000093
:10099000422E86400000F07FEF39FAFE51302DD50F
:1009A000104987C0422ED63FB2A2F03F8A13000002
:1009B00082130000FE822B654715F73F42130000AB
:1009C0000000E0FE422EE63F763C7935EF39EA3D05
:1009D0000000303E9C7500883CE4377E0000F03F0C
:1009E000D612000018FCFFFF10B5002821D0114BD3
:1009F0000022001F196803E0814203D80A464968B3
:100A00000029F9D152B11368841A9C4204D10068BC
:100A100018441060104602E0506000E0186039B1E0
:100A200002680B1A934203D10B681A4402604968AA
:100A3000416010BD040800602DE9F04DC84A002453
:100A400090B0914205DA21F00043934201D805D1DC
:100A500020B110B0BDE8F04DFFF71ABCB1F5801F12
:100A60001BDA53EA000209D0002911DA0120FFF74E
:100A700035FC10B0BDE8F04DFFF70DBC0220FFF7CC
:100A80002DFCFFF7FDFB10B081F00041BDE8F08DBB
:100A90006FF035043622FEF7F8FE04EB2152C1F365
:100AA0001308B049A2F2FF33414401F4801282F0EE
:100AB0007F6103EB225281F04051009241EA08012C
:100AC0000022A94BFEF769FE044608F10200A74E7A
:100AD000C0F313000D467E44032867D2D6E90023F5
:100AE0002046FEF759FF1ED10098002802BFD6E924
:100AF000000110B0BDE8F08DFEF760FB07460C4624
:100B00009B4A9C4BFEF74FFE06460D469A4A9B4B6E
:100B100038462146FEF747FE10B032462B46BDE868
:100B2000F04DFEF799BD4FF05532954B20462946C2
:100B3000FEF739FE0022934BFEF732FE06460F46C3
:100B400022462B4610461946FEF72DFE32463B46FE
:100B5000FEF729FE064600980F46F0B1FEF72EFB81
:100B600080468A46824A834BFEF71DFE32463B464C
:100B7000FEF716FE22462B46FEF70FFE05460C46F4
:100B80007D4A7E4B40465146FEF70DFE10B02A4688
:100B90002346BDE8F04DFEF700BE0B4610B03246CE
:100BA00020462946BDE8F04DFEF7F7BD00224FF084
:100BB00080432046FEF750FD02460B46204629465C
:100BC000FEF77FFA06460F460098FEF7F7FACDE9E2
:100BD000040132463B4610463946FEF7E4FD0C90D0
:100BE00069480C9A4044019009910B461046FEF763
:100BF000DAFD8246024665488B46C8F151080B462D
:100C000008F5D72803217844FFF7E4FA52465B46FB
:100C1000FEF7C9FD0A905E480D9152465B460421DD
:100C20007844FFF7D7FA099B0C9AFEF7BCFD84467F
:100C300001980D9B40EA080860460A9AFEF70CFDF1
:100C400083460891B8F1000F4EDD4FF0FF32204689
:100C50002946FEF71AFE22462B46FEF7A4FD8046E3
:100C600000988A4660B3DDE90401414A414BFEF732
:100C70009AFD099100905A4640465146089BFEF75E
:100C8000EBFC32463B46FEF78EFD099B009AFEF7D1
:100C9000E3FC42465346FEF783FD22462B46FEF711
:100CA0007CFD04460D46DDE90401334A334BFEF773
:100CB0007AFD10B022462B46BDE8F04DFEF76DBD23
:100CC0005A464046089BFEF7C7FC32463B46FEF7B5
:100CD0006AFD42465346FEF763FD10B022462B469E
:100CE000BDE8F04DFEF75CBD009840B3DDE90401BE
:100CF0001F4A204BFEF757FD80468A465A4620463B
:100D00002946089BFEF749FD32463B46FEF74BFD60
:100D100042465346FEF741FD22462B46FEF73DFD77
:100D200004460D46DDE90401134A144BFEF73BFD72
:100D300010B022462B46BDE8F04DFEF72EBD0B4607
:100D40005A4620462946FEF728FD32463B46FEF726
:100D50002AFD10B022462B46BDE8F04DFEF720BD1F
:100D60000000F07F645F09000000F03F1E110000EA
:100D7000763C7935EF39EA3D0000E0FE422EE63F51
:100D80005555D53F0000E03F86EBF9FFB60F000058
:100D9000B40F0000F0B50B30154D20F00701002412
:100DA000144A0FE003688B420BD38B4205D95E1ABD
:100DB00043184768C3E9006700E04368136002C056
:100DC00004E0021D10680028ECD12046002802D162
:100DD000286808B10020F0BD064A07481060074A9D
:100DE000121A22F00702C0E9002401202860D7E788
:100DF00008080060040800603CD6076038D8076027
:100E00002DE9F04106460F46FEF756FD041E0D463D
:100E100018BF0120284320F00040C0F17F6000F19E
:100E2000E040C00F0ED0301C18BF0120384320F026
:100E30000040C0F17F6000F1E040C00F04BF01201E
:100E4000FFF74CFA20462946BDE8F08100B583B093
:100E50000A460021CDE9001101466846FEF735FB40
:100E6000DDE9000103B000BD000303060104060232
:100E7000050003051F1C1F1E1F1E1F1F1E1F1E1FF8
:100E8000FFFFFFFFFFFFADDE1223638253631F1CD2
:100E90001F1E1F1E1F1F1E1F1E1F1F1D1F1E1F1E6A
:100EA0001F1F1E1F1E1F4142434445464748494AD3
:100EB0004B4C4D4E4F505152535455565758595A0A
:100EC0006162636465666768696A6B6C6D6E6F709A
:100ED0007172737475767778797A3031323334354C
:100EE000363738392B2F00000102404080100804AB
:100EF0001005020C1010100808303132333435362A
:100F00003738390000000000000000000000000039
:100F100000F800000000003300000000080608068A
:100F2000000000000000004040F840F840043F0589
:100F30003F05047088FC0830001820FF211E00F0D7
:100F40009860E0380000310E1F330C00F08870000C
:100F5000001E2126192720100E00000000000000AE
:100F6000000000000000F00C020000000F30400004
:100F70000618E000000060180700004080F0804084
:100F80000002010F0102000000F000000001011F3B
:100F9000010100000000000000807000000000005F
:100FA000000000000001010101010000000000003C
:100FB00000003000000000000080700C00601C0386
:100FC000000000F0080818E0001F2020300F00008B
:100FD00010F800000000203F20000070080808F012
:100FE00000302C2221300030088888700018202022
:100FF000311E00008060F000000605243F2404F844
:101000000888880800192120311F00E018889800FE
:10101000000F3120201F00380808E8180000003FAA
:101020000000007088088870001E2121211E00F039
:10103000080818E000013222310F000000C0000053
:10104000000000300000000000800000000000E010
:101050000000000000806010080001020C10204019
:101060004040404000040404040400000830408074
:101070000000201804020170080888700000003782
:10108000010000F0108878F0001F2027340F0000C6
:101090008078E00000203F02033E2008F888887036
:1010A00000203F20201F00F010080818001F2020FB
:1010B00020100008F80810E000203F20100F000862
:1010C000F888E81800203F2023300008F888E81846
:1010D00000203F20030000E010080818000F102037
:1010E000221E0208F80000F808203F01013F2008F6
:1010F00008F808080020203F202000000808F80811
:1011000008C080807F000008F888601808203F2011
:10111000073C2008F808000000203F20202030F87D
:10112000F800F8F8003F003F003F0008F8E008F83A
:1011300008203F21063F00F0080818E0001F20208B
:10114000300F0008F80808F000203F21010000F0EF
:10115000080818E0000F342C707F0008F8888870A9
:1011600000203F20033C2070880808180030202110
:10117000221C001808F808180000203F2000000872
:10118000F80000F808001F20201F0008F80080F871
:101190000800033C0F00007884F8C07800003F008E
:1011A0003F0000087880780800203C033C200008BD
:1011B000F88078080000203F200000180888780890
:1011C00000203C232030000000FE02020000007FCF
:1011D0004040000038C00000000000011E60000018
:1011E0000202FE00000040407F00000004020400F4
:1011F000000000000000000000000000008080806F
:101200008080800002040000000000000000000058
:101210000080808000003D26223F2008F8008000EA
:1012200000001F21201F00000080808000001F217F
:1012300020210000008088F800001F20203F2000AF
:101240000080800000001F222223000080F0888898
:101250001800203F202000000080808080006B94D8
:1012600094936008F800808000203F21003F200018
:10127000809800000000203F2000000000809800BF
:1012800000C080807F000008F800808080203F241C
:101290000639200808F800000020203F20200080A8
:1012A00080808000003F003F003F00808000808001
:1012B00000203F21003F20000080800000001F2010
:1012C000201F0080808080000080FFA0201F000081
:1012D0000080808000001F20A0FF80808000808030
:1012E00000203F21000100000080808000002324B6
:1012F0002439000080E080000000001F20200080D2
:101300008000808000003F20203F208080000080FF
:10131000800007381C0300804080008000033C03ED
:101320003E030080800080800020330E3B20008040
:1013300080000080808087780C030000808080809F
:101340000000302C2330000000807E0200000000EE
:101350003F40001C221CC040400000003F0202F839
:10136000F0E0C080000F07030100001C221C804039
:10137000400000001F2020000000FF0000000000CF
:10138000FF000000C1814001C0804101C0804100D8
:10139000C1814001C0804100C1814000C181400144
:1013A000C0804101C0804100C1814000C181400135
:1013B000C0804100C1814001C0804101C080410026
:1013C000C1814001C0804100C1814000C181400114
:1013D000C0804100C1814001C0804101C080410006
:1013E000C1814000C1814001C0804101C0804100F5
:1013F000C1814001C0804100C1814000C1814001E4
:10140000C0804101C0804100C1814000C1814001D4
:10141000C0804100C1814001C0804101C0804100C5
:10142000C1814000C1814001C0804101C0804100B4
:10143000C1814001C0804100C1814000C1814001A3
:10144000C0804100C1814001C0804101C080410095
:10145000C1814001C0804100C1814000C181400183
:10146000C0804101C0804100C1814000C181400174
:10147000C0804100C1814001C0804101C080410065
:10148000C1814000C0C101C30302C2C60607C7052F
:10149000C5C404CC0C0DCD0FCFCE0E0ACACB0BC9E0
:1014A0000908C8D81819D91BDBDA1A1EDEDF1FDDC0
:1014B0001D1CDC14D4D515D71716D6D21213D31190
:1014C000D1D010F03031F133F3F23236F6F737F590
:1014D0003534F43CFCFD3DFF3F3EFEFA3A3BFB3920
:1014E000F9F83828E8E929EB2B2AEAEE2E2FEF2D20
:1014F000EDEC2CE42425E527E7E62622E2E323E1D0
:101500002120E0A06061A163A3A26266A6A767A5EF
:101510006564A46CACAD6DAF6F6EAEAA6A6BAB695F
:10152000A9A86878B8B979BB7B7ABABE7E7FBF7D3F
:10153000BDBC7CB47475B577B7B67672B2B373B10F
:101540007170B0509091519353529296565797554F
:101550009594549C5C5D9D5F9F9E5E5A9A9B5B999F
:10156000595898884849894B8B8A4A4E8E8F4F8D9F
:101570004D4C8C448485458747468682424383414F
:1015800081804038293D5366717065554333261C70
:1015900015410004000200018000400020001000FE
:1015A000080004000200000000800040002000103D
:1015B00000080040002000100008000400020000A5
:1015C000FFFFFFFFFFFFFFFF4B0000004D0000008B
:1015D0004F000000550000006F00000024000000D4
:1015E0005100000075000000FFFFFFFFFFFFFFFF3D
:1015F000FFFFFFFF4B0000004D0000004F00000008
:10160000550000006F0000002400000051000000A1
:10161000750000005700000068000000FFFFFFFF9A
:10162000FFFFFFFFFFFFFFFF4B0000004D0000002A
:101630004F0000005500000075000000FFFFFFFF95
:10164000FFFFFFFF1C000000FFFFFFFF4B0000003B
:101650004D0000004F000000550000006F0000002A
:101660002400000054000000FFFFFFFFFFFFFFFF0A
:101670001C000000FFFFFFFF4B0000004D000000BA
:101680004F000000550000006F0000002400000023
:1016900054000000FFFFFFFFFFFFFFFF4B000000B3
:1016A0004D0000004F000000550000006F000000DA
:1016B000240000005100000054000000570000000A
:1016C00068000000FFFFFFFF1C0000000400000096
:1016D0002E000000FFFFFFFF4B0000004D00000048
:1016E0004F0000007000000079000000780000004A
:1016F000460000002C0000000C000000620000000A
:101700008B00000061000000600000004C00000041
:101710003E0000006B0000000B00000049000000CC
:101720001E0000009B00000038000000390000008F
:10173000FFFFFFFF1C0000003A0000004000000017
:101740003F000000FFFFFFFFE8030000E903000087
:10175000EA030000FFFFFFFFFFFFFFFFFFFFFFFFA8
:101760004B0000004D0000004F000000550000003D
:1017700024000000FFFFFFFFFFFFFFFF7B000000D2
:10178000FFFFFFFF4B0000004D0000004F00000076
:101790005500000020000000AE00000036000000F0
:1017A000580000006F0000006700000051000000BA
:1017B00026000000FFFFFFFF632E00007F530000A4
:1017C000102700005046000010270000504600007F
:1017D000102700005046000010270000504600006F
:1017E000C063FFFFF0490200C063FFFFB09B04002D
:1017F000C063FFFFC0D40100C063FFFFC0C8030087
:10180000C063FFFFC0D40100C063FFFFC0C8030076
:10181000C063FFFFC0D40100C063FFFFC0C8030066
:10182000C0F2FCFFE0930400C0F2FCFFE093040070
:10183000A4034C03CC0234029C011C01C0008000B4
:101840005400380028001C00140010000C00080090
:101850000400DC03C4039C035E030A03AA023C02E7
:10186000CE016C011A01D600A400800064004C0077
:101870003E003000A4035C03F8028002FC018001FA
:101880001801C8008C0064004800340024001C00CB
:10189000140010000C00D003B4038A034A03FC02B6
:1018A0009E023602D20178012801EA00B4009000BD
:1018B00072005A004C003C006D007A00A400CE007B
:1018C000F7002001480170019701BE01E5010B02FC
:1018D000320258027E02A402B602CD011902610250
:1018E000AB02F6023D038403CB03130459049F04A7
:1018F000E8042F057005B805FC0541068406CB06F3
:101900000D0750079407D6071C085C08A108E408D7
:1019100028096709AA09EC092F0A700AB10AF40A12
:10192000320B760BB50BF20B360C740CB20CF30CBD
:10193000360D710DB00DEE0D2D0E6D0EA80EE50ECF
:10194000900E300D300BD00870067C2DC01E0002AA
:101950005001E000A0007000500040003000200066
:101960001000870F270F880E940D260CBB0AFF0866
:101970004807B8057404620394020402890138011F
:10198000FA00CB00900E700DE00B000AF007000685
:1019900060042003300290012001D000900070000C
:1019A0005000400030005C0FE80E380E420D030C72
:1019B0008C0AF1085907E805AC04B603E2024102BB
:1019C000C8016D013201F8003E01EC0196023C03B2
:1019D000E10385042605C5056206FD069607320863
:1019E000C6085E09EC097E0A040B00000000000036
:1019F00000000000000000000000000000000000E7
:101A000000000000000000000000000000000000D6
:101A100000000000000000000000000000000000C6
:101A200000000000000000000000000000000000B6
:101A300000000000000000000000000000000000A6
:101A40000000000000000000000000000000000096
:101A50000000000000000000000000000000000086
:101A60000000000000000000000000000000000076
:101A70000000000000000000000000000000000066
:101A80000000000000000000000000000000000056
:101A90000000000000000000000000000000000046
:101AA0000000000000000000000001010101010130
:101AB0000101010101010101010101010101010116
:101AC0000101010101010101010102020202020200
:101AD00002020202020202020202030303030303E0
:101AE00003030404040405050505000000000000CC
:101AF0001F0000001C0000001F0000001E0000006E
:101B00001F0000001E0000001F0000001F0000005A
:101B10001E0000001F0000001E0000001F0000004B
:101B20004B0000004D0000004F0000005500000079
:101B3000FFFFFFFFFFFFFFFF4B0000004D00000015
:101B40004F000000550000006F000000240000005E
:101B5000510000004A000000FFFFFFFF1C000000D2
:101B60006E000000FFFFFFFF000000000000E03FEC
:101B7000000000000000E0BF0000E0FE422EE63F53
:101B80000000E0FE422EE6BF763C7935EF39EA3DB3
:101B9000763C7935EF39EABD3E5555555555C53F2B
:101BA00093BDBE166CC166BF2CDE25AF6A56113FD1
:101BB000F16BD2C541BDBBBED0A4BE726937663ED3
:101BC00004FA97999999D93FAF788E1DC571CC3F8A
:101BD0009FC678D0099AC33F935555555555E53F53
:101BE000599322942449D23FDE03CB966446C73FE3
:101BF00044523EDF12F1C23F00000000000000002E
:101C0000004040404040404040404141414141400F
:101C100040404040404040404040404040404040C4
:101C20004005020202020202020202020202020253
:101C30000220202020202020202020020202020258
:101C400002029090909090901010101010101010B0
:101C500010101010101010101010101002020202BC
:101C60000202888888888888080808080808080800
:101C700008080808080808080808080802020202FC
:101C800040000000011C0408486F73743A20647916
:101C90006E7570646174652E6E6F2D69702E636F42
:101CA0006D0D0A557365722D4167656E743A206D2E
:101CB00079636C69656E742F312E30206D65406ECE
:101CC000756C6C2E6E65740D0A0D0A00486F737486
:101CD0003A206D656D626572732E333332322E6F2A
:101CE00072670D0A417574686F72697A6174696F01
:101CF0006E3A2042617369632025730D0A5573653E
:101D0000722D4167656E743A206D79636C69656EFA
:101D1000742F312E30206D65406E756C6C2E6E65A3
:101D2000740D0A0D0A000000486F73743A206D6547
:101D30006D626572732E64796E646E732E6F726756
:101D40000D0A417574686F72697A6174696F6E3AD1
:101D50002042617369632025730D0A557365722DE6
:101D60004167656E743A206D79636C69656E742F96
:101D7000312E30206D65406E756C6C2E6E65740D65
:101D80000A0D0A00474554202F6E69632F75706451
:101D90006174653F73797374656D3D64796E646ECB
:101DA0007326686F73746E616D653D2573266D795A
:101DB00069703D25752E25752E25752E257526777E
:101DC000696C64636172643D4F4646266D783D4E92
:101DD0004F434847266261636B6D783D4E4F266FD7
:101DE00066666C696E653D4E4F20485454502F31E5
:101DF0002E300D0A00000000474554202F64796EF4
:101E0000646E732F7570646174653F737973746564
:101E10006D3D64796E646E7326686F73746E616D68
:101E2000653D2573266D7969703D25752E25752EC6
:101E300025752E25752677696C64636172643D4F44
:101E40004646266D783D4E4F434847266261636B98
:101E50006D783D4E4F266F66666C696E653D4E4FE0
:101E600020485454502F312E300D0A00474554203D
:101E70002F646E733F757365726E616D653D25737A
:101E80002670617373776F72643D257326686F7374
:101E9000746E616D653D25732669703D25752E252F
:101EA000752E25752E257520485454502F312E300F
:101EB0000D0A0000D41E0408000000601008000095
:101EC00004010408902004081008006028D00700CE
:101ED000CE0204081184A24A04680D01020304061C
:101EE0000708090204060810691401581AAA010318
:101EF0006AF8EF02A3010A1B01A53A01C4700E544F
:101F0000656D636F436F6E74726F6C733914F00993
:101F10002050726F647563741AFF0101FF51520102
:101F20000266FF0A24FF68499401BA097AC01203C5
:101F3000CBB80B8D00271402030405060708090A15
:101F40000B0C0D0E0F101112131415161718192360
:101F50002526271A1B1C1D1E1F2021222414A1F731
:101F60000372081E978A03089B041EFB830308A1C3
:101F700008180ABF85030873880308C30C011C1ED8
:101F8000D34A0308D9041AC7041E634B0308890403
:101F9000411AAD10411AEB087C4B3D014472031EFF
:101FA000DB600308E1041ACF041EAB610308D1040F
:101FB000411AB510415A231079E7711ECF4D03081D
:101FC000D5041AC3044FF54E03081B4F281AA91055
:101FD00001146A02A81A52A819041AC7041AA10403
:101FE000180A915303084D5503087D0C419E8D56E8
:101FF000030879A86A05701A637019041AC3041AD1
:10200000E704180A4964030845650308A90C01148C
:1020100072041EEB660308F1041ADF041EA56703B1
:1020200008CB04411AC510011472061ED1A1030881
:10203000D7041AC5041ADF044B03A2300B1417A4EB
:102040003872111A5F201A69041A53041A6D045A5F
:1020500091300A15393872801E9BE10308A1041AD9
:102060008F04411AD9085E69E203088510011072D5
:10207000131E6DE303086B041A7304411B4DE4B493
:102080005DE5030841100111026A040A29011600E6
:04000005080081313D
:00000001FF
