:020000040800F2
:108000000020002025A60008158200081B82000819
:10801000478200084F8200085782000800000000D5
:108020000000000000000000000000004D8100087A
:10803000658200080000000091810008D5D7000883
:108040009FA600089FA600089FA600089FA60008FC
:108050009FA600089FA600089FA600089FA60008EC
:108060009FA600089FA600089FA600089FA60008DC
:108070009FA600089FA600089FA600089FA60008CC
:108080009FA600089FA600089FA600089FA60008BC
:108090009FA600089FA600089FA600089FA60008AC
:1080A0009FA600089FA600089FA600089FA600089C
:1080B0009FA60008E9B000089FA600089FA6000838
:1080C0009FA600089FA600089FA600089FA600087C
:1080D0009FA60008791E02086F1E02084B1E0208A8
:1080E000813702089FA600089FA600089FA60008E7
:1080F0009FA600089FA600089FA600089FA600084C
:108100009FA600089FA600089FA600089FA600083B
:10811000395402089FA600085BB100089FA600081A
:108120009FA600089FA600089FA600089FA600081B
:10813000DFF80CD02FF008FD00480047933202080A
:108140000020002080F3088870470000224B196847
:108150000868B0E8F00F80F30988BFF36F8F4FF025
:10816000000080F311884EF00D0E704700000000F3
:1081700006480068006880F3088862B661B6BFF3FD
:108180004F8FBFF36F8F00DF00BF00BF08ED00E02F
:10819000EFF30980BFF36F8F0F4B1A6820E9F00FE0
:1081A000106008B54FF0BF0080F31188BFF34F8F08
:1081B000BFF36F8F04F03CFB4FF0000080F3118899
:1081C000BDE8084019680868B0E8F00F80F3098836
:1081D000BFF36F8F704700BF3C000060EFF3058076
:1081E000704710B51C46029B9B1AA34205D310444E
:1081F00022462EF02FFD204610BD002010BD7047F6
:1082000054656D636F50494431300000000000A593
:108210001800000018A030F027B81A4F1A4C1B4D58
:108220004FF4E1380126404605F080FBC7F8A06115
:108230002178E8201CF0A3FF2B8BEA8A217814A078
:1082400030F012F8EFE718A030F00EF8FBE719A0B5
:1082500030F00AF8FBE71AA030F006F8FBE71CA0A4
:1082600030F002B81CA02FF0FFBF1DA02FF0FCBF04
:108270001DA02FF0F9BF00004E4D49206661756CBE
:108280007400000000002142F402006088F90160DF
:1082900068617264206661756C742025752025758F
:1082A000202575200D0A00004D656D204661756C16
:1082B00074200000427573204661756C74200000C4
:1082C0005573616765204661756C7420000000007D
:1082D000535643200000000044656275672000008B
:1082E00050656E20000000005379735469636B2061
:1082F000000000000CB50022019200925248016873
:1083000041F4803101604FF4A063016801F4003151
:1083100000910199491C0191009911B90199994263
:10832000F3D10168890302D50121009100E0009298
:108330000099012930D145490A6842F010020A60CB
:108340000A6822F003020A600A6842F002020A6028
:108350004168416041684160416841F48061416029
:10836000416821F47C114160416841F4E8114160A9
:10837000016841F08071016001688901FCD54168A4
:1083800021F003014160416841F002014160416810
:10839000C1F381010229FAD10CBDABE710B52A481F
:1083A000016841F0010101604168294A11404160C2
:1083B0000168284A11400160016821F480210160B0
:1083C000416821F4FE0141604FF41F018160FFF715
:1083D000E4FF21494FF00060086010BD10B51A4A53
:1083E000506800F00C011D4B1D4800290ED00429D7
:1083F0000ED008290ED003605168194AC1F3031149
:10840000121D515C0268CA40026010BD0360F3E7B0
:108410000360F1E7516801F47011536803F480338D
:10842000022404EB914133B153689B0307D50D4BF4
:1084300059430160E0E70B4B59430160DCE7074B10
:1084400059430160D8E700000010024000200240BC
:108450000000FFF8FFFFF6FE08ED00E000127A00D2
:108460000000006000093D002A4908432A490860CD
:10847000704770B50F23C27801260178002A1ED0FC
:10848000254A126802F4E062C2F5E062120AC2F103
:108490000404D3404578A54082781A402A4312014B
:1084A00001F1E02181F80024007800F01F018E40E6
:1084B0004009800000F1E020C0F8006170BD01F0CB
:1084C0001F0086404809800000F1E020C0F880616C
:1084D00070BD124A114001430F48001F01607047F0
:1084E0000D4A121D002903D0116801431160704725
:1084F00011688143116070474FF0E021042804D0D7
:10850000086920F0040008617047086940F0040021
:10851000086170470000FA050CED00E080FFFF1FC6
:1085200010B5DD4988420AD144150121204600F0EA
:10853000CCFD2046BDE81040002100F0C6BDD74963
:1085400088420AD104150121204600F0BEFD2046D4
:10855000BDE81040002100F0B8BDD14988420AD1E1
:108560000121CC03204600F0B0FD2046BDE81040BC
:10857000002100F0AABD10BD10B54268C94B1A40D9
:108580000C790B6842EA0422134343608268C64BAD
:108590001A40D1F80A30D1F8064023434C7942EA18
:1085A000440213438360C26A22F47002897B491E2D
:1085B000C9B242EA0151C16210BD002101600171DE
:1085C0004171C0F80610C0F80A100121817370478C
:1085D000002904D0816841F0010181607047816801
:1085E00021F0010181607047002904D0816841F4C5
:1085F000807181607047816821F48071816070476B
:10860000C9B2002A03D042680A43426070474268F8
:108610008A4342607047816841F008018160704779
:10862000014600208968090700D50120704781684C
:1086300041F00401816070470146002089684907C4
:1086400000D501207047002904D0816841F4A001C1
:1086500081607047816821F4A00181607047014604
:1086600000208968490200D501207047426822F441
:108670006042491E42EA413141607047002904D0FE
:10868000416841F4006141607047416821F4006134
:108690004160704770B5072609290AD9C568A1F15C
:1086A0000A0404EB4404A640B543A3401D43C5603F
:1086B00007E0056901EB4104A640B543A3401D4313
:1086C00005611F23072A09D2446B521E02EB820266
:1086D00093409C4391400C43446370BD0D2A09D2E2
:1086E000046BD21F02EB820293409C4391400C43E7
:1086F000046370BDC46A0D3A02EB820293409C434E
:1087000091400C43C46270BD002904D0816841F4DB
:10871000801181607047816821F480118160704709
:10872000C06C80B270475C484C30006870470029CC
:1087300004D0416841F4806141607047416821F490
:10874000806141607047002904D0416841F4805144
:1087500041607047416821F48051416070478268F0
:1087600022F4E0420A4382607047002904D0816805
:1087700041F4004181607047816821F400418160CB
:108780007047002904D0816841F40211816070476C
:10879000816821F4021181607047014600208968D8
:1087A000890200D50120704770B5072609290AD92A
:1087B000C568A1F10A0404EB4404A640B543A340F4
:1087C0001D43C56007E0056901EB4104A640B543C0
:1087D000A3401D430561836BC3F30154121B921C1C
:1087E00002EB82021F249440A34391400B43836316
:1087F00070BD826B22F44012491E42EA015181632E
:10880000704708B5009000980844009000980260F6
:1088100008BD08B5009000980844283000900098E2
:10882000006880B208BD4268204B1A400A4342608B
:108830007047416282627047426822F01F020A4319
:108840004260704714490831002804D0086840F499
:10885000000008607047086820F400000860704756
:108860000246002012680A4200D001207047C94326
:108870000160704710B5024600200B0A5468C9B267
:108880000C401168194202D0002C00D0012010BD0C
:10889000090AC943016070470024014000280140D3
:1088A000003C0140FFFEF0FFFDF7F1FFFFFD3FFF41
:1088B00001684FF6FE7211400160002101604160C5
:1088C0008160C1607249724A0839904204D1486897
:1088D00040F00F00486070476D4A1432904204D156
:1088E000486840F0F00048607047694A283290427A
:1088F00004D1486840F4706048607047644A3C3274
:10890000904204D1486840F4704048607047604A23
:108910005032904204D1486840F47020486070475B
:108920005B4A6432904204D1486840F47000486069
:108930007047574A7832904204D1486840F07060DE
:1089400048607047534A111F904204D1086840F0B4
:108950000F00086070474F4A1432904204D10868F3
:1089600040F0F000086070474A4A2832904204D133
:10897000086840F4706008607047464A3C32904294
:1089800004D1086840F4704008607047414A503292
:108990009042FAD1086840F470200860704730B502
:1089A000026847F6F0739A438B680C6A4D6923435B
:1089B0000C692C4323438C692343CC6923434C6AC1
:1089C00023438C6A234313430360CA6842600A68E6
:1089D00082604968C16030BD0021016041608160F2
:1089E000C160016141618161C16101624162816275
:1089F0007047002904D0016841F00101016070470F
:108A000001684FF6FE72114001607047002A03D0E2
:108A100002680A430260704702688A430260704736
:108A200041607047406880B2704702460020D10024
:108A300003D518490839096802E015490839096859
:108A4000114200D001207047C10003D51149091F10
:108A5000086070470E490839486070470246002098
:108A6000D10003D50B490839096802E008490839E3
:108A70000968114200D001207047C10003D50549A3
:108A8000091F0860704702490839486070470000B4
:108A90000800024008040240384900200860091D0F
:108AA0000860091D0860091D086034493448143104
:108AB0000860704730B5314A83790168002B2AD0AD
:108AC00013688B431360111D0B680468A3430B608C
:108AD000017911440B68046823430B60274C083468
:108AE0002168036899432160231D19680568A9431B
:108AF00019604179102905D011440A6800680243C1
:108B00000A6030BD2168026811432160196800685D
:108B10000143196030BD0079104402688A43026045
:108B200030BD0021016001710C22427181717047DA
:108B3000124910310A6802430A607047014600205A
:108B40000E4A143212680A4200D0012070470B49C5
:108B500014310860704701460020084A12680A4034
:108B6000064B14331B680B4202D0002A00D00120B0
:108B7000704702491431086070470000000401404A
:108B8000FFFF0F0010B59C49884209D10121042044
:108B900000F09BFA0021BDE81040042000F095BAD7
:108BA0009649884209D10121082000F08EFA00215F
:108BB000BDE81040082000F088BA9149884209D1E8
:108BC0000121102000F081FA0021BDE810401020A2
:108BD00000F07BBA8B49884209D10121202000F0A6
:108BE00074FA0021BDE81040202000F06EBA8649DA
:108BF000884209D10121402000F067FA0021BDE838
:108C00001040402000F061BA8049884209D101211A
:108C1000802000F05AFA0021BDE81040802000F0CA
:108C200054BA7B4988420AD184150121204600F0BC
:108C30004CFA2046BDE81040002100F046BA10BDB5
:108C400010B50121084600F040FA0021BDE81040AF
:108C5000012000F03ABA2DE9F0410022CC7804F06E
:108C60000F03E40601D58C7823430C784FF00F07EF
:108C700014F0FF0F4FF0010C1CD005680CFA02F441
:108C80000E882640A64211D1960007FA06F825EA7A
:108C9000080503FA06F848EA0505CE78282E02D022
:108CA000482E02D002E0446100E00461521C082A10
:108CB000E4D305600A88FF2A1ED94568002202F124
:108CC00008060CFA06F40E882640A64210D196003B
:108CD00007FA06F825EA080503FA06F848EA050542
:108CE000CE78282E00D14461CE78482E00D1046180
:108CF000521C082AE3D34560BDE8F0814FF6FF71AE
:108D00000180022181700421C17070470246002059
:108D100092680A4200D001207047806880B2704794
:108D200002460020D2680A4200D001207047C06885
:108D300080B270470161704741617047002A01D0DD
:108D40000161704741617047C160704741F48032F2
:108D500082618161826181698069704710B52D4BA4
:108D60001A684FF68074224042EA001008431860E7
:108D700010BD2949C8617047F0B5264C002801DABA
:108D8000E36900E06368C0F30346420D120185B257
:108D9000C0F301579540032F07D0C2020CD5032220
:108DA000B240934343F0706209E023F0706263685D
:108DB00023F07063636002E0AB4343F0706201B183
:108DC0002A43002801DAE261F0BD6260F0BD10B50F
:108DD0008A07120F0F23934021F003040D49214409
:108DE0008C689C438C608B68904003438B6010BD03
:108DF0000949DC310860704700080140000C01405F
:108E0000001001400014014000180140001C014006
:108E10000020014000000140000020420D49086090
:108E200070470C49486070470A4988607047094993
:108E30004AF6AA200860704706494CF6CC40086004
:108E4000704701460020034AD2680A4200D0012040
:108E50007047000000300040B448016841F0010153
:108E600001604168B24A114041600168B14A114055
:108E70000160016821F480210160416821F4FE0154
:108E800041604FF41F0181607047A8490A6822F4CD
:108E900080320A600A6822F480220A60B0F5803FBE
:108EA00007D0B0F5802F03D1086840F4A0200860F7
:108EB0007047086840F4803008607047034600201F
:108EC00059099A4A01290AD002290AD0516A03F0A5
:108ED0001F02012393400B4200D00120704711680C
:108EE000F5E7116AF3E718B5002000904FF4A0648D
:108EF0003120FFF7E3FF0099491C00910099A1423E
:108F000001D00028F4D03120FFF7D8FF08B10120AC
:108F100018BD002018BD854A116821F0F80141EA0A
:108F2000C000106070478449086070477F4B5A68E2
:108F300022F47C1208431043586070477E4908664B
:108F400070477A4A516821F003010143516070472C
:108F50007648406800F00C007047744A516821F070
:108F6000F001014351607047704A516821F4E0619B
:108F70000143516070476D4A516821F4605141EAE4
:108F8000C00050607047694A002903D0517A0143FC
:108F900051727047517A8143517270476649D83196
:108FA00008607047614A516821F4404101435160B3
:108FB00070475E49002220310A7001F820290128FB
:108FC00005D0042802D1052081F820007047012037
:108FD00081F82000704759490860704753490A6A70
:108FE00002430A627047554944390860704710B51A
:108FF0004E4A516801F00C01514B002927D0042939
:1090000027D0082927D00360516801F0F001090931
:109010004C4B5C5C0168E1404160546804F4E064DE
:10902000240A1C5D21FA04F48460546804F460543A
:10903000E40A1B5DD940C160526802F44042920BC1
:10904000404B1B1F9A5CB1FBF2F1016110BD036044
:10905000DAE70360D8E7516801F47011536803F44C
:109060008033022404EB914133B153689B0307D54D
:10907000354B59430160C7E7334B59430160C3E7A0
:109080002F4B59430160BFE7284A002903D051699B
:109090000143516170475169814351617047234ACF
:1090A000002903D09169014391617047916981431F
:1090B000916170471D4A002903D0D1690143D161F4
:1090C0007047D1698143D1617047184A002903D0A4
:1090D000D1680143D1607047D1688143D160704746
:1090E000124A002903D011690143116170471169C7
:1090F00081431161704711494039086070470E493A
:10910000C86470470949C87170470848416A41F00E
:1091100080714162704701460020044A92680A4209
:1091200000D001207047014988727047001002404A
:109130000000FFF8FFFFF6FE0000424280044242BA
:1091400000127A001800006000093D00434A00291F
:1091500003D0118801431180704711888143118029
:1091600070473E48001D018841F0100101807047A2
:109170003A48001D018821F01001018070473748EE
:109180001C30008835491831098840EA0140704791
:1091900000B50246FFF7E5FF3049100C1831088092
:1091A000081D02805DF804EBE2E700B50246FFF718
:1091B000D8FF2A49C2F3034008310880081D028005
:1091C0005DF804EBD4E700B50246FFF7CAFF234978
:1091D000100C20310880081D02805DF804EBC7E701
:1091E0001E48103000880007010B1C48143000880E
:1091F000084370471948001D01888906FCD570474F
:109200001648001D018821F0080101800188090726
:10921000FCD5704701460020104A121D12880A42F0
:1092200000D0012070470D49091D0A8882430A8039
:1092300070470A49091D0988C2B21140074A1288BD
:10924000024202D009B10120704700207047034953
:10925000091D0A8882430A807047000000280040E8
:1092600010B5A94988420AD1841401212046FFF78C
:109270002CFF2046BDE810400021FFF726BFA34980
:1092800088420AD1041401212046FFF729FF204615
:10929000BDE810400021FFF723BF9D4988420AD155
:1092A000C41301212046FFF71BFF2046BDE81040F4
:1092B0000021FFF715BF10BD30B5028802F44153FD
:1092C0000A884C88CD8822438C882C4322430C8901
:1092D00022434C8922438C892243CC8922431A435E
:1092E0000280828B22F400628283098A018230BD6F
:1092F000F0B585B005460C46022000210126AA8B58
:109300004FF240031A40AA8302222A84AF8BA2683C
:10931000022A21D0A08800B102266846FFF767FE26
:109320000098E188B1F5007F2CD07101B0FBF1F01D
:1093300000EB8000A1684000B0FBF1F0401D80B25E
:109340000A21B0FBF1F000F00101401AC0F34F0018
:109350004FF6FF7202EA0121821EFE2A01D302208B
:109360000021E288084302432A8420886188A28978
:109370000843A18811430843384340F40060A883A0
:1093800005B0F0BD000A00EB8000A1684000B0FB12
:10939000F1F0401D80B2D3E700210180418081803F
:1093A000C180018141818181C18107210182704792
:1093B0000021018041808180C18002228260818100
:1093C0007047002904D0018841F0400101807047B6
:1093D000018821F0400101807047002904D0818B71
:1093E00041F4806181837047818B21F480618183A6
:1093F0007047090901238B4099B2002A03D0828863
:109400000A438280704782888A4382807047002A9C
:1094100003D082880A438280704782888A43828090
:1094200070478181704780897047A1F57E42FF3A7D
:1094300004D0018841F4807101807047018821F4D3
:10944000807101807047002904D0818841F00401B7
:1094500081807047818821F00401818070470288F3
:1094600022F40062028002880A4302807047018869
:1094700041F4805101807047002904D0018841F4F3
:10948000005101807047018821F40051018070472C
:10949000012901D0008B7047808A7047008A70478D
:1094A000B1F5804F04D0018821F4804101807047DC
:1094B000018841F4804101807047024600201289F2
:1094C0000A4200D001207047C9430181704730B57E
:1094D0000246002001F00F03012505FA03F4A3B2B0
:1094E000090905FA01F4A4B29188214012891A42AF
:1094F00002D0002900D0012030BD01F00F0201216F
:109500009140C9430181704700300140003800405C
:10951000003C004010B5FE4988420AD1C414012124
:109520002046FFF7D2FD2046BDE810400021FFF79E
:10953000CCBDB0F1804F0CD0F649884213D1012147
:109540000220FFF7CDFD0021BDE810400220FFF70B
:10955000C7BD01210846FFF7C3FD0021BDE810404B
:109560000120FFF7BDBDEC49884209D1012104204B
:10957000FFF7B6FD0021BDE810400420FFF7B0BDA5
:10958000E649884209D101210820FFF7A9FD002101
:10959000BDE810400820FFF7A3BDE149884209D18A
:1095A00001211020FFF79CFD0021BDE81040102094
:1095B000FFF796BDDB49884209D101212020FFF742
:1095C0008FFD0021BDE810402020FFF789BDD6495E
:1095D00088420AD1441401212046FFF776FD204637
:1095E000BDE810400021FFF770BDD04988420AD184
:1095F0000121CC042046FFF768FD2046BDE810405D
:109600000021FFF762BDCA4988420AD101210C0539
:109610002046FFF75AFD2046BDE810400021FFF725
:1096200054BDC44988420AD101214C052046FFF7A8
:109630004CFD2046BDE810400021FFF746BDBE4965
:10964000884209D101214020FFF74AFD0021BDE8F1
:1096500010404020FFF744BDB849884209D101219C
:109660008020FFF73DFD0021BDE810408020FFF77E
:1096700037BDB34988420AD1841501212046FFF73E
:109680002FFD2046BDE810400021FFF729BDAD4960
:1096900088420AD101210C042046FFF716FD20461E
:1096A000BDE810400021FFF710BDA74988420AD14C
:1096B00001214C042046FFF708FD2046BDE810407C
:1096C0000021FFF702BDA14988420AD101218C0483
:1096D0002046FFF7FAFC2046BDE810400021FFF7C6
:1096E000F4BC10BD30B50288894C8F4DA0420DD01E
:1096F000A8420BD0B0F1804F08D0864B984205D0DD
:10970000854B984202D0854B984203D122F07003DA
:109710004A881A43824B984206D0824B984203D023
:1097200022F44073CA881A4302808A8882850A8894
:109730000285A0420AD0A84208D0824A904205D0B1
:10974000814A904202D0814A904201D1097A018631
:109750000121818230BD30B5028C22F001020284E9
:10976000028C8388048B24F0700424F003050C8899
:109770002C4322F002020D8915434A882A43644D86
:10978000A8420BD0684DA84208D06E4DA84205D023
:109790006D4DA84202D06D4DA8420FD122F00805B0
:1097A0004A892A4322F004058A882A4323F48073D5
:1097B00023F400738D891D43CB892B43838004835D
:1097C000C9888186028430BD70B5028C22F01002F7
:1097D0000284028C8388048B24F4E04424F44076D1
:1097E0000D884FF6FF7404EA0525354322F0200268
:1097F0000E8904EA061616434A8804EA0212324326
:10980000434EB04202D0484EB04217D122F08002FF
:109810004E8904EA0616164326F040068A8804EAB2
:109820000212324323F4806323F400638E8904EA36
:1098300086061E43CB8904EA830333438380058372
:10984000C9880187028470BD70B5028C22F48072D1
:109850000284028C8388848B24F0700424F0030437
:109860000D88254322F400720E894FF6FF7404EA36
:10987000062616434A8804EA02223243244EB042A6
:1098800002D0294EB04217D122F400664A8904EA78
:109890000222324322F480668A8804EA022232439A
:1098A00023F4805323F400538E8904EA06161E43E2
:1098B000CB8904EA0313334383808583C988818776
:1098C000028470BD70B5028C22F480520284058C33
:1098D0008288838B23F4E04323F440760C884FF690
:1098E000FF7303EA0424344325F400550E8903EA88
:1098F00006362E434D8803EA05353543044EB04203
:1099000002D0094EB04226D122F480468A891FE057
:10991000002C01400004004000080040000C004002
:10992000001000400014004000340140004C014091
:10993000005001400054014000180040001C00404D
:109940000020004000400140004401400048014028
:1099500003EA8212324382808483C988A0F84010CF
:10996000058470BD828B22F440628283828B4FF625
:10997000FF7303EA01210A4382837047F0B5048C28
:1099800024F480540484868B048C4FF6FF7505EA1A
:10999000013726F4734605EA0222324305EA03330F
:1099A0001343F74A90420ED0F64A90420BD0B0F1E2
:1099B000804F08D0F44A904205D0F44A904202D039
:1099C000F34A904205D124F40051394341F48051C7
:1099D00004E024F402420A4342F480518383018468
:1099E000F0BD828B22F00C028283828B0A43828339
:1099F0007047F0B5048C24F480740484858B048C47
:109A00004FF6FF7707EA012625F0F30507EA03136F
:109A100013432B43DA4A90420ED0DA4A90420BD0DD
:109A2000B0F1804F08D0D84A904205D0D74A904232
:109A300002D0D74A904205D124F40071314341F459
:109A4000807104E024F420620A4342F4807183832D
:109A50000184F0BD028B22F440620283028B4FF638
:109A6000FF7303EA01210A4302837047F0B5048CB7
:109A700024F010040484068B048C4FF6FF7505EA6D
:109A8000011726F4734605EA0333334305EA02223D
:109A90001A43BB4B98420ED0BA4B98420BD0B0F150
:109AA000804F08D0B84B984205D0B84B984202D0AE
:109AB000B74B984205D124F02001394341F0100101
:109AC00004E024F0A0030B4343F01001028301845F
:109AD000F0BD028B22F00C020283028B0A43028348
:109AE000704770B5048C24F001040484058B048C49
:109AF00025F0F3054FF6FF7606EA031313432B43D5
:109B00009F4A90420ED09F4A90420BD0B0F1804FB6
:109B100008D09D4A904205D09C4A904202D09C4A6F
:109B2000904205D124F002020A4342F0010104E010
:109B300024F00A020A4342F001010383018470BD4C
:109B400070B505460C468E48854209D08D48854241
:109B500006D0B5F1804F03D08B48854200D08B48AA
:109B600020886188A288238958B1042811D0082848
:109B700017D02846FFF702FFE1882846BDE870406D
:109B8000F0E62846FFF7ADFFE1882846BDE87040C3
:109B90009FE72846FFF76AFFE1882846BDE8704046
:109BA00058E72846FFF725FFE1882846BDE87040C2
:109BB00017E72DE9F04107460C460025012661888C
:109BC000002900D10225A288012A00D1022620887E
:109BD000238988B13846FFF749FFE1883846FFF707
:109BE00039FF2389324629463846FFF77AFFE18854
:109BF0003846BDE8F0416CE73846FFF772FFE18870
:109C00003846FFF766FF2389324629463846FFF774
:109C10002DFFE1883846BDE8F0411BE710B50A8802
:109C20004B88CC881A438B8823431A430B891A43E9
:109C30004B8989891A430A43A0F8442010BD4FF686
:109C4000FF71818000210180C180418001727047D5
:109C50000021018041808180C18001814181818119
:109C6000C181704700210180418001228280C18032
:109C7000018170470021018041808180C180018184
:109C8000418181817047002904D0018841F00101A0
:109C900001807047018821F001010180704700298F
:109CA00005D030F8441F41F400410180704730F87E
:109CB000441FC1F30E0101807047002A03D082893E
:109CC0000A438281704782898A43828170478182F8
:109CD00070471143A0F848107047002A03D08289CA
:109CE0000A438281704782898A4382817047018951
:109CF00021F0070101817047028922F070020A43B6
:109D00000281704700B503461846FFF7F5FF188932
:109D100040F00700188100BD70B50D46044611469D
:109D2000602D0CD001222046FFF7DBFE294620469D
:109D3000FFF7E2FF208940F00700208170BD01227B
:109D40002046FFF793FEF1E730B50489E4B24FF601
:109D5000FF7505EA032313430B432343038130BDFF
:109D600010B504462046FFF7EFFF208920F00700DA
:109D700040F0070020F0700040F07000208110BD1E
:109D8000002C014000340140000400400008004065
:109D9000000C004010B504462046FFF7D5FF20898F
:109DA00040F480402081EAE7018582827047028882
:109DB00022F070020A430280704770B50589048B57
:109DC000068C25F007050D434FF6FC410C4040F290
:109DD00001110C4326F022064FF6FF7101EA031130
:109DE0001143314305810483018470BD028B22F04D
:109DF00070020A4302837047028B22F4E0424FF65E
:109E0000FF7303EA0121114301837047828B22F023
:109E100070020A4382837047828B22F4E0424FF63D
:109E2000FF7303EA0121114381837047002904D0A5
:109E3000018841F0800101807047018821F0800194
:109E400001807047002904D0818841F0040181809D
:109E50007047818821F0040181807047002904D077
:109E6000818841F0080181807047818821F00801D4
:109E700081807047002904D0818841F001018180F0
:109E80007047818821F0010181807047028B22F0A8
:109E900008020A4302837047028B22F400624FF6E5
:109EA000FF7303EA0121114301837047828B22F083
:109EB00008020A4382837047828B22F400624FF6C5
:109EC000FF7303EA0121114381837047028B22F063
:109ED00004020A4302837047028B22F480624FF629
:109EE000FF7303EA0121114301837047828B22F043
:109EF00004020A4382837047828B22F480624FF609
:109F0000FF7303EA0121114381837047028B22F022
:109F100080020A4302837047028BC2F30E024FF69F
:109F2000FF7303EA0121114301837047828B22F002
:109F300080020A4382837047828BC2F30E024FF67F
:109F4000FF7303EA0121114381837047028C22F0E1
:109F500002020A4302847047028C22F008020A437C
:109F600002847047028C22F020024FF6FF7303EA4E
:109F70000111114301847047028C22F080024FF6D8
:109F8000FF7303EA0111114301847047028C22F42C
:109F900000724FF6FF7303EA0121114301847047F9
:109FA000028C22F400624FF6FF7303EA0121114391
:109FB00001847047028C22F400524FF6FF7303EACB
:109FC000013111430184704710B501238B40048C8B
:109FD0009C430484038C8A4013430384CFE610B56A
:109FE00004238B40048C9C430484038C8A401343D9
:109FF0000384C4E630B500F1180301248C40058CBD
:10A00000A5430584002911D008290FD0091FC1F3E9
:10A010004E001844016821F4E041016001684FF6E8
:10A02000FF7303EA02221143016030BD03EB5100CC
:10A03000016821F07001016001681143016030BDC9
:10A04000002904D0018841F0020101807047018895
:10A0500021F0020101807047002904D0018841F0FD
:10A06000040101807047018821F0040101807047DC
:10A07000002904D0818841F0800181807047818867
:10A0800021F0800181807047028822F0080202805E
:10A0900002880A4302807047828822F07002828020
:10A0A00082880A4382807047028922F00702028177
:10A0B00002890A4302817047028922F080020281EC
:10A0C00002890A4302817047818470478185704705
:10A0D000818670470187704781877047A0F84010DC
:10A0E0007047028822F44072028002880A4302808C
:10A0F0007047808E7047008F7047808F7047B0F830
:10A1000040007047808C7047008D704702460020E9
:10A11000128A0A4200D001207047C9430182704769
:10A1200002460020138A0B4092890A40002B02D07D
:10A13000002A00D001207047C94301827047000007
:10A1400010B5E14988420AD101218C032046FEF76F
:10A15000BCFF2046BDE810400021FEF7B6BFDB493A
:10A1600088420AD101214C042046FEF7B9FF20465F
:10A17000BDE810400021FEF7B3BFD54988420AD19F
:10A1800001218C042046FEF7ABFF2046BDE81040BD
:10A190000021FEF7A5BFCF4988420AD10121CC0496
:10A1A0002046FEF79DFF2046BDE810400021FEF747
:10A1B00097BFC94988420AD101210C052046FEF704
:10A1C0008FFF2046BDE810400021FEF789BF10BD7B
:10A1D00030B585B004460D46208A4CF6FF71084024
:10A1E000E98801432182A0894EF6F3110840A9882D
:10A1F0002A8911436A8902431143A181A08A4FF63B
:10A20000FF410840A9890143A1826846FEF7EFFE9D
:10A21000AD48844201D1039800E00298A189090465
:10A2200008D500EBC00101EB001029684900B0FB24
:10A23000F1F007E000EBC00101EB00102968890094
:10A24000B0FBF1F06422B0FBF2F109010B096FF0F1
:10A2500018056B4300EB8300A3891D044FF0320304
:10A2600007D503EBC000B0FBF2F000F00700084395
:10A2700006E003EB0010B0FBF2F000F00F00084323
:10A28000208105B030BD4FF416510160002181805E
:10A29000C18001810C2242818181704710B5038AFF
:10A2A0004FF2FF0213400A884C8822438C88C988E9
:10A2B0000C4322431A43028210BD002101804180D9
:10A2C0008180C1807047002904D0818941F4005108
:10A2D00081817047818921F400518181704710B5D7
:10A2E00040F66A13C1F3421301F01F040121A1409B
:10A2F000012B07D0022B07D014303AB102680A4371
:10A30000026010BD0C30F8E71030F6E702688A43AF
:10A31000026010BD002A03D0828A0A4382827047FD
:10A32000828A8A4382827047028A22F00F02028266
:10A33000028A0A4302827047828922F40062828183
:10A3400082890A4382817047002904D0818941F0C3
:10A35000020181817047818921F00201818170476A
:10A36000028A22F020020282028A0A430282704795
:10A37000002904D0018A41F4804101827047018A9A
:10A3800021F4804101827047C1F308018180704748
:10A390008088C0F308007047818941F00101818104
:10A3A0007047028BD2B20283028B42EA0121018301
:10A3B0007047028B02F47F420283028B0A430283BE
:10A3C0007047002904D0818A41F0200181827047C2
:10A3D000818A21F0200181827047002904D0818A7E
:10A3E00041F0100181827047818A21F01001818241
:10A3F0007047002904D0818A41F0080181827047AA
:10A40000818A21F0080181827047002904D0818966
:10A4100041F40041818170478189C1F30E0181813E
:10A420007047002904D0818A41F40061818270471D
:10A43000818A21F4006181827047828A22F00402BD
:10A440008282828A0A4382827047002904D0818AEC
:10A4500041F0020181827047818A21F002018182EC
:10A4600070470246002012880A4200D0012070473F
:10A470008A05C9430180704770B5002440F66A120E
:10A48000C1F3421301F01F05012606FA05F2012B64
:10A490000CD0022B0DD0838A1340090A8E4000880D
:10A4A00030400BB100B10124204670BD83891340B8
:10A4B000F3E7038A1340F0E740F66A120A0A012123
:10A4C0009140C9430180704700380140004400407A
:10A4D00000480040004C00400050004010B50120F2
:10A4E000FEF709FEBDE810400020FEF704BE20493B
:10A4F000086070471E49091F086070471C49843175
:10A50000086070471B4A118821F460710143118073
:10A510007047184A118821F07F010143118070476C
:10A5200008B5144A2C3A104400900098016008BD08
:10A5300008B510492C39084400900098008808BDDF
:10A540000B489C300068C0B270470A480830018848
:10A5500041F00101018070470548A0300068C0B299
:10A56000704704480830018841F0020101807047BB
:10A5700004860D422C6C004010B501210C072046CA
:10A58000FEF7AEFD2046BDE810400021FEF7A8BD55
:10A590002149086270472049086170471F4A1168C5
:10A5A00021F0E0010143116070471B49A0310860B0
:10A5B00070471A4B1A6822F0030202431A601848C7
:10A5C000026842F004020260012905D020BF016840
:10A5D00021F004010160704730BFF8E70F480168BF
:10A5E00041F004010160016841F0020101600C4882
:10A5F000016841F00401016030BF7047014600204E
:10A60000064A52680A4200D00120704703490A688E
:10A6100042EA80000860704700000E42007000406F
:10A6200010ED00E04FF480701D4908604FF4F070A9
:10A630001C4908601C481D4908604FF0BB301C498C
:10A6400008601C481C4908604FF0BB301B4908607B
:10A650001B481C4908601C481C49086018481C49D4
:10A6600008604FF044301B49086041F201004FF090
:10A67000204108604FF44070174908606FF0704047
:10A68000164908601648804716480047FEE7FEE76F
:10A69000FEE7FEE7FEE7FEE7FEE7FEE7FEE7FEE792
:10A6A0001410024018100240BB44BBB40014014017
:10A6B00004140140BB4444B4001801400418014094
:10A6C000BBBBBB44001C01404444BBBB041C014059
:10A6D0000020014004200140040000A0040100A06B
:10A6E0009D83000831810008924A00284FF008013C
:10A6F000104601D0FEF71EBBFEF71EBB8D4A002898
:10A700004FF00401104601D0FEF714BBFEF714BB56
:10A7100004218848FEF7FABA08218648FEF7F6BAFF
:10A7200038B501210420FEF7BAFC0C20ADF800007A
:10A7300010208DF8030003207E4C8DF8020069463E
:10A740002046FEF788FA0C212046FEF7F3FA38BDC2
:10A75000784810B5016821F470610160016841F426
:10A76000407101600120FFF7C9FF0120FFF7BCFF26
:10A77000042003F06DFA0020FFF7C0FF042003F06F
:10A7800067FABDE810400020AEE76A4810B50168DE
:10A7900021F470610160016841F4407101600020A2
:10A7A000FFF7A2FF0020FFF7A9FF042003F050FAF3
:10A7B0000120FFF799FF0120FFF7A0FFBDE810403F
:10A7C000042003F045BA10B500240120FFF796FFDE
:10A7D0005848016821F470610160016841F400612A
:10A7E0000160012003F034FA0120FFF77DFF012012
:10A7F00003F02EFA07E0641CE4B2FA2C03D9FFF749
:10A80000C4FF012010BDFFF783FF0028F3D1FFF73D
:10A810006BFF002010BD10B50020FFF765FF454815
:10A82000016821F470610160016841F440710160C8
:10A830000020FFF763FF022003F00AFA0120FFF770
:10A8400053FF022003F004FABDE8104000204BE75C
:10A8500010B50020FFF748FF3648016821F4706109
:10A860000160016841F4407101600120FFF746FF7B
:10A87000022003F0EDF90120FFF736FF022003F07C
:10A88000E7F9BDE8104000202EE770B505462948DD
:10A89000016821F470610160016841F44071016058
:10A8A0000020FFF721FF0024E809FFF727FF6806D3
:10A8B000050E022003F0CCF90120FFF715FF02205E
:10A8C00003F0C6F90020FFF70FFF022003F0C0F9E4
:10A8D000641CE4B2082CE7D370BD70B50646154879
:10A8E0000024016821F470610160016841F4006195
:10A8F000016025460020FFF7F7FE022003F0A8F9CB
:10A900000120FFF7F1FE6006040EFFF701FF08B11A
:10A91000641CE4B2012003F09BF96D1CEDB2082D1C
:10A92000E8D31EB1FFF777FF204670BDFFF790FF19
:10A93000FAE7000000080140FFF7F2BE10B5044638
:10A94000FFF706FF200AA02101EB4000C0B2FFF78D
:10A950009CFFFFF738FFE0B2FFF797FFFFF733FFE9
:10A96000FFF7F6FEA120FFF790FFFFF72CFF002076
:10A97000FFF7B3FF0446FFF708FF204610BD70B590
:10A980000D460446FFF7E4FE200AA02101EB40003B
:10A99000C0B2FFF77AFFFFF716FFE0B2FFF775FFCF
:10A9A000FFF711FF2846FFF770FFFFF70CFFFFF7D7
:10A9B000ECFEBDE87040052003F06AB92DE9F041D6
:10A9C00016460D460746002409E0E00025FA00F08F
:10A9D000C1B2381980B2FFF7D2FF641CE4B2B442AE
:10A9E000F3D3BDE8F0812DE9F0410D46014600208A
:10A9F00004464E1908E00702301B401E80B2FFF7E4
:10AA00009DFF641C3844E4B2AC42F4D3E9E710B5CE
:10AA1000FF20FFF793FF55280AD05521FF20FFF7AD
:10AA2000AEFFFF20FFF78AFF552801D0012010BD9F
:10AA3000002010BD70B515460E46044608E02046BD
:10AA4000641CA4B2FFF77AFF6D1E06F8010BADB2CD
:10AA5000002DF4D170BD70B514460D46064606E0D3
:10AA600029783046FFF78BFF761CB6B26D1C641E4A
:10AA7000A4B2F5D270BD00000146E348028822F07E
:10AA80003802028002880A4302800121FEF799BC45
:10AA90002DE9F041074600244FF48055DA4E03E0DB
:10AAA000641CA4B2AC420FD202213046FEF705FD71
:10AAB0000028F5D039463046FEF7B3FC002406E006
:10AAC000641CA4B2AC4202D30020BDE8F081012195
:10AAD0003046FEF7F2FC0028F2D03046FEF7A3FC29
:10AAE000C0B2F2E7F0B5074687B0012141F2340069
:10AAF000FEF7D5FAE020ADF814001825C34C8DF808
:10AB0000175003268DF8166005A92046FEF7A3F816
:10AB1000E0212046FEF70EF9BD48002490F82300FE
:10AB2000092801D00B281BD101210802FEF7B7FA32
:10AB30004FF48050ADF814008DF8166010208DF899
:10AB4000170005A9B348FEF786F80220ADF8060005
:10AB50000120ADF80800B048ADF80C50C0F8B04185
:10AB6000ADF800404FF48270ADF802004FF4007071
:10AB7000ADF80440ADF80A00ADF80E400720A24C35
:10AB8000ADF8100069462046FEF796FB01212046ED
:10AB9000FEF717FCFF20FFF77BFFFF20FFF778FF92
:10ABA000FF20FFF775FF012F04D01820FFF764FF87
:10ABB00007B0F0BD3820F9E701469848028822F036
:10ABC0003802028002880A4302800121FEF7F9BBA5
:10ABD0002DE9F041074600244FF480558F4E03E0E5
:10ABE000641CA4B2AC420FD202213046FEF765FCD1
:10ABF0000028F5D039463046FEF713FC002405E066
:10AC0000641CA4B2AC4201D300205EE701213046AF
:10AC1000FEF753FC0028F3D03046FEF704FCC0B228
:10AC200053E770B586B001213820FEF738FA0121CC
:10AC3000C803FEF73FFA3820ADF800001826784D1B
:10AC40008DF8036003248DF8024069462846FEF71C
:10AC500002F838212846FEF76DF86D48102255019C
:10AC600090F8230001280AD0052808D0042814D021
:10AC7000072812D00C2810D008280ED01CE0202065
:10AC8000ADF800008DF80240664C8DF8032069464F
:10AC90002046FDF7E0FF20210BE0ADF800508DF8D5
:10ACA0000240614C8DF8032069462046FDF7D3FF32
:10ACB00029462046FEF740F80020ADF80400ADF824
:10ACC00008004FF48271ADF806100221ADF80A10A9
:10ACD000ADF810600121ADF81200ADF80C1007209E
:10ACE0004E4CADF81400ADF80E5001A92046FEF709
:10ACF000E3FA01212046FEF764FBFF20FFF768FF1F
:10AD00003820FFF759FF06B070BD0146474802885A
:10AD100022F03802028002880A4302800121FEF7F5
:10AD200050BB2DE9F041074600244FF480553F4EBB
:10AD300003E0641CA4B2AC420FD202213046FEF7FD
:10AD4000BCFB0028F5D039463046FEF76AFB0024EC
:10AD500005E0641CA4B2AC4201D30020B5E6012199
:10AD60003046FEF7AAFB0028F3D03046FEF75BFB27
:10AD7000C0B2AAE630B587B001210820FEF78FF9EE
:10AD800001218803FEF796F94FF46044ADF81440B2
:10AD900018208DF817000320214D8DF8160005A905
:10ADA0002846FDF758FF21462846FDF7C3FF6846B1
:10ADB000FEF7F2FA0020ADF800004FF48271ADF812
:10ADC0000210ADF808006915ADF80A103821ADF889
:10ADD0000C10ADF80400ADF80600ADF80E00072029
:10ADE000124CADF8100069462046FEF765FA0121C5
:10ADF0002046FEF7E6FAFF20FFF793FF1020FFF74B
:10AE000084FF07B030BD0000003001400008014061
:10AE1000C09003600020014000002442003C00403C
:10AE2000000C0140001001400014014000380040B7
:10AE3000A648A5494160A64941607047A3480169F9
:10AE400041F0800101617047A048C068C10701D08E
:10AE500001207047410701D502207047C00601D587
:10AE6000032070470020704770B50446FFF7ECFFE1
:10AE70000546012D05D102F0EBFE641EA4B2002CA4
:10AE8000F4D104B9FF25284670BD70B5054645F6D6
:10AE9000FF763046FFF7E8FF002812D18B4C20697F
:10AEA00040F0020020616561206940F040002061AF
:10AEB0003046FFF7D9FF012803D0216921F00201B4
:10AEC000216170BD70B506460D46FF20FFF7CCFF2F
:10AED00000280ED17D4C206940F0010020613580B2
:10AEE000FF20FFF7C1FF012803D0216921F00101F4
:10AEF000216170BD00887047C10703D030F8010C94
:10AF0000000A70470088C0B270472DE9F04105463D
:10AF10000E461746002407E036F814102846FFF7BF
:10AF2000D1FFAD1C641CA4B2BC42F5D3BDE8F081D6
:10AF300010B50446002307E02046FFF7DBFF21F8A9
:10AF40001300A41C5B1C9BB29342F5D310BD2DE9EA
:10AF5000F05F82460F461546AAF10062B2F5002F57
:10AF600038D272B6FFF764FF4FEAD228C2F349061F
:10AF7000C6F58064A54200D82C46DFF858B139E008
:10AF800032183BF812208A4203D1401C80B2A04202
:10AF9000F6D3A04214D24846FFF777FF002006E020
:10AFA000821937F810102BF81210401C80B2A04202
:10AFB000F6D348464FF480624649FFF7A6FF04E007
:10AFC000224639465046FFF7A0FFA54204D1FFF7BD
:10AFD00035FF62B6BDE8F09F08F10108002607EBD7
:10AFE00044070AEB440A281B85B24FF48064A5424B
:10AFF00000D82C464FF0006000EBC82942143549B8
:10B000004846FFF795FF00204FF6FF71BFE770B588
:10B0100004460D460023304E08E0B44208D22046D4
:10B02000FFF76AFFE854641C5B1C9BB29342F4D3A5
:10B0300070BD13B5012201A9FFF789FF1CBD2DE9E1
:10B04000F0470D46904600240746A0F10060B0F599
:10B05000002F25D200264FF48069DFF880A015E08C
:10B060006878000215F8021B08442146641CA4B24B
:10B070002AF811004A46944206D10024174938465E
:10B08000FFF743FF07F50067B61CB6B24645E7D3A6
:10B09000002C05D022463846BDE8F0470F4934E77A
:10B0A000BDE8F08710B501680D4A1140B1F1005FAD
:10B0B00009D141680B4C21600068FDF743F8206816
:10B0C000BDE81040004710BD230167450020024045
:10B0D000AB89EFCD7C100060000008807C08006028
:10B0E0000000FE2F2800006010B54E4C01212046C4
:10B0F000FFF70CF82046BDE810400121FFF70DB81E
:10B100007FB50D46044601210220FDF7D3FFADF8BF
:10B110000440ADF800500024424DADF80640ADF8B3
:10B12000024069462846FEF7DDFA1D218DF80C1015
:10B130008DF80D4002208DF80E0001208DF80F00D3
:10B1400003A8FDF796F9012211462846FEF7B5FD42
:10B1500001212846FEF797FD7FBD70B5BF20EFF3B4
:10B16000118480F31188BFF34F8FBFF36F8F2E4D83
:10B1700001212846FEF7CAFF2C4A012802D1506857
:10B18000401C50602A4900230868401C0860118850
:10B19000B1F57A7F02D2491C118004E02549086884
:10B1A000401C0860138024480188491C01800188E4
:10B1B00042F21072914200D9038001212846FEF725
:10B1C000ACFF84F3118870BD7FB50D4604460121A4
:10B1D0001020FDF76FFFADF804400020ADF80050DF
:10B1E000114CADF80600ADF8020069462046FEF7A6
:10B1F00079FA36208DF80C0001218DF80D1003220C
:10B200008DF80E208DF80F1003A8FDF732F90122FA
:10B2100011462046FEF751FD01212046FEF733FD81
:10B220007FBD000000040040001000402C000060C2
:10B2300008010060B802006054080060704730B533
:10B240006423B0FBF3F4E4B2B0FBF3F503FB1500A9
:10B25000132C01D96430C0B200EB90030724B3FB78
:10B26000F4F504FB1533BC4D1A440D4415F8015C8C
:10B270002A4492B2800703D1032901D2521E92B20E
:10B28000B2FBF4F004FB102030BD810701D0002098
:10B2900070476421B0FBF1F201FB120109B10120FA
:10B2A00070474FF4C871B0FBF1F201FB120008B116
:10B2B00000207047012070472DE9F04707460C46F3
:10B2C0001646DFF89882B7FBF8F3A548002E01D1A7
:10B2D000002101800188994235D0038040F2B27587
:10B2E0004FF4B7794FF4B67A0CE02846FFF7CDFF5C
:10B2F00020B14B4508D3A3F5B77301E0A3F26D135A
:10B300006D1CADB25345F0D8A5F5FA65A571581C72
:10B31000A4F807000025DFF8409209F10C090CE0C1
:10B32000A079FFF7B2FF08B1012D44D019F805004C
:10B33000984204D81B1A6D1CADB21C2BF0D26D1CA8
:10B3400065715B1CE370B7FBF8F008FB10704FF4FD
:10B350006161B0FBF1F2A270B0FBF1F201FB1203EC
:10B360003C22B3FBF2F36370B0FBF1F301FB13007B
:10B37000B0FBF2F102FB11002070A079E278617954
:10B3800000F5FA60FFF75BFF2071012E11D1A17962
:10B39000744801F5FA61018061798170E178C170CA
:10B3A000217901717048A17801706178417021782C
:10B3B0008170BDE8F0871D2BC1D31D3BBBE710B5E5
:10B3C000FDF7DDFE01226949FFF776FF002010BD81
:10B3D0002DE9F05F8846DDF828A09146002400F1B1
:10B3E0001E01822902D30120BDE8F09F40F2B27510
:10B3F00000F5FA665E4FDFF87CB108E02846FFF7FB
:10B4000044FF08B13C4400E05C446D1CADB2B54261
:10B41000F4D3A8F1010808F0FF070025DFF8388110
:10B42000DFF838B108F10C080FE018F8050040F219
:10B43000A321484304EBC014B0B2FFF726FF10B1BC
:10B44000012D00D15C446D1CADB2BD42EDD3A9F11C
:10B45000010940F2A32009FB00F904EBC910C3EB7A
:10B460004311C1EB032100EB0110CAEB0A1100EB01
:10B4700081000B99441801214FF0C050FDF71AFECE
:10B480000120FFF785F80C9911B92046FDF780FEE1
:10B49000FDF7B0FE2046A7E73EB500240420FFF7E5
:10B4A00047F845F25005A84247D001214FF0C0505F
:10B4B000FDF700FE0120FFF76BF8FFF70FF8012002
:10B4C000FDF777FD08E0641CE4B20A2002F0E0FB1F
:10B4D000FA2C01D300203EBD4120FDF7EFFC0028EF
:10B4E000F1D04FF48070FDF779FD0120FDF77BFD71
:10B4F000FDF780FEFDF784FE01210846FDF726FEDC
:10B50000FDF778FEFDF72DFE47F6FF70FDF74DFEC7
:10B51000FDF770FE37212A22CDE90021002002909C
:10B520000F231B2208211020FFF752FFFDF720FEFA
:10B5300029460420FEF7F4FF07E0FDF761FE012134
:10B540000846FDF703FEFDF755FEFFF777FEFFF710
:10B5500036FF01203EBD0000A09D03088051010080
:10B56000340000605C010060610100607C180060D4
:10B570000085E2018033E101FE4991F823100129A1
:10B5800013D0052911D004290FD007290DD00C297B
:10B590000BD0082909D0022905D0062903D0092992
:10B5A00001D00B2903D1FFF773BAFFF711BB704726
:10B5B000F04890F82300012814D0052812D0042860
:10B5C00010D007280ED00C280CD008280AD002284A
:10B5D00005D0062803D0092801D00B2805D1382032
:10B5E000FFF74ABA3820FFF7E7BA7047E14890F80A
:10B5F0002300012814D0052812D0042810D00728D1
:10B600000ED00C280CD008280AD0022805D0062815
:10B6100003D0092801D00B2805D11820FFF72CBA38
:10B620001820FFF7C9BA7047D248012190F82300CB
:10B63000012813D0052811D0CF4A042812D007289A
:10B6400010D00C280ED008280CD002280DD00628C7
:10B650000BD009280CD00B280AD00CE0C748C0F842
:10B66000941108E0C2F8A41105E0C2F88C1102E0C0
:10B67000C348C0F8B011FF207EE770B5002441F642
:10B68000FF75FF20FFF778FFFF2806D0641CFDF749
:10B69000CEFBAC42F5D3012070BD002070BDB54893
:10B6A00010B590F823000021012813D0052811D0EF
:10B6B000B14A042812D0072810D00C280ED0082830
:10B6C0000CD002280DD006280BD009280CD00B284E
:10B6D0000AD00CE0A948C0F8941108E0C2F8A411FF
:10B6E00005E0C2F88C1102E0A548C0F8B011FFF7E0
:10B6F000C4FF002802D0FFF797FF012010BD70B5EE
:10B7000005464FF6FF7401E0641EA4B2FF20FFF768
:10B7100033FFA84202D0002CF6D102E00CB1002089
:10B7200070BDFF2070BD70B504460D46FE20FFF7CA
:10B73000E6FF28B1012070BDFFF71EFF04F8010BE2
:10B740006D1EADB24FF0FF00F6D2FFF715FFFF20E0
:10B75000FFF712FF002070BD70B50C460546FFF7DD
:10B760008CFF08B1012070BD2046FFF705FFFD2CBE
:10B7700018D000244FF40076285DFFF7FDFE641C0E
:10B78000A4B2B442F8D3FF20FFF7F6FEFF20FFF784
:10B79000F3FEFF20FFF7F0FE00F01F00052801D0A8
:10B7A000022070BD002070BD70B516460C460546DF
:10B7B000FFF73AFFFFF773FF08B1FF2070BD45F0B8
:10B7C0004000FFF7D9FE200EFFF7D6FEC4F3074076
:10B7D000FFF7D2FEC4F30720FFF7CEFEE0B2FFF77B
:10B7E000CBFE3046FFF7C8FE0C2D02D1FF20FFF73D
:10B7F000C3FE1F24FF20FFF7BFFE0106DED5641E37
:10B80000E4B2F7D270BD70B50546012200210A20CE
:10B81000FFF7CAFF040004D110212846FFF783FF79
:10B820000446FFF701FF0CB1012070BD002070BD80
:10B8300070B50546012200210920FFF7B5FF04007D
:10B8400004D110212846FFF76EFF0446FFF7ECFEF7
:10B850000CB1012070BD002070BD1FB56846FFF718
:10B86000E7FF10B1002004B010BD9DF800100120CA
:10B87000B0EB911F09D19DF808209DF8091000EB4D
:10B880000220084400048009EDE79DF805009DF8BA
:10B890000A1000F00F0000EBD1109DF809109DF880
:10B8A000072001F0030100EB41019DF80800800929
:10B8B00000EB82009DF8062002F0030200EB8220DC
:10B8C000401CC91F8840CEE72DE9F843294890F86D
:10B8D0002300012812D0052810D004280ED00728F4
:10B8E0000CD00C280AD0082808D0022809D0062835
:10B8F00007D0092805D00B2803D005E0FFF791F900
:10B9000002E00120FFF7EEF8FFF752FE0024FF20CF
:10B91000FFF732FE641CA4B20A2CF8D302240021E3
:10B9200095220846FFF740FF0546012802D0641E15
:10B93000A4B2F4D2134E0027012D37706FD18722A5
:10B940004FF4D5710820FFF72FFF4FF6FE7801283E
:10B9500029D0012200213720FFF726FF01220021F4
:10B960002920FFF721FF01285AD8022030704446D1
:10B97000012209E0C09003600080224200002242C0
:10B98000000024423600006000213720FFF70CFF42
:10B99000012200212920FFF707FF05004DD0641E7A
:10B9A000A4B2E5D249E000246F46FF20FFF7E4FD92
:10B9B0003855641CA4B2042CF7D39DF8020001286A
:10B9C00043D19DF80300AA283FD144464FF0804858
:10B9D000012200213720FFF7E7FE012241462920FE
:10B9E000FFF7E2FE050002D0641EA4B2F0D2B4B1AB
:10B9F000012200213A20FFF7D7FE80B90024FF2062
:10BA0000FFF7BAFD3855641CA4B2042CF7D39DF897
:10BA10000000400601D5062000E00420307014E04C
:10BA2000012030704446012200211046FFF7BCFE81
:10BA3000050002D0641EA4B2F5D22CB1012251023D
:10BA40001020FFF7B1FE00B13770FFF7EDFDFFF7F3
:10BA5000CDFD307810B10020BDE8F8830DB1284647
:10BA6000FAE7AA20F8E72DE9F041064637481546DF
:10BA70000078062800D049024FF40077012D4FF0DE
:10BA8000010219D01220FFF78FFE39463046FFF72A
:10BA90004AFE6D1E044606F5007615F0FF0501D03E
:10BAA000002CF2D0012200210C20FFF77DFEFFF7D1
:10BAB000BBFD2046BDE8F0811120FFF775FE0400B4
:10BAC000F5D139463046FFF72EFE0446EFE770B554
:10BAD00006461E4815460C460078062800D04C0243
:10BAE000012D13D0012809D0012200213720FFF7B2
:10BAF0005BFE012229461720FFF756FE0122214650
:10BB00001920FFF751FE04000AD01AE00122214655
:10BB10001820FFF749FE040013D1FE2130460DE046
:10BB2000FC213046FFF718FE6D1E06F5007615F075
:10BB3000FF0501D00028F3D0FD210020FFF70CFE07
:10BB40000446FFF771FD204670BD0000360000601E
:10BB5000794810B5016821F470610160016841F411
:10BB6000407101600120FEF7C9FD012002F070F86C
:10BB70000120FEF7B9FD012002F06AF80020FEF76F
:10BB8000BDFD0A2002F064F80020FEF7ADFDBDE81F
:10BB900010400A2002F05CB8674810B5016821F433
:10BBA00070610160016841F4407101600020FEF79E
:10BBB0009BFD012002F04CF80020FEF79FFD0120C4
:10BBC00002F046F80120FEF78FFD0A2002F040F84F
:10BBD0000120FEF793FDBDE810400A2002F038B8BE
:10BBE00070B505465448016821F470610160016830
:10BBF00041F44071016080242C4201D1002000E01A
:10BC00000120FEF77BFD052002F022F80120FEF75F
:10BC10006BFD052002F01CF80020FEF765FD0120F9
:10BC200002F016F86408E7D1BDE87040FEF7CBBD1E
:10BC300070B5044640480025016821F47041016058
:10BC4000016841F4004101604FF47A7607E0641E18
:10BC5000E4B201D2042070BD304601F0F9FFFEF7D6
:10BC60005BFD0028F3D0284670BD2DE9F04706465D
:10BC70000020307090460F460120FEF73FFD2E4D0C
:10BC8000286820F470602860286840F4006028600C
:10BC900080240120FEF728FD012001F0D9FF404655
:10BCA000FFF7C6FF8146032001F0D2FF286820F489
:10BCB00070402860286840F440502860FEF728FD56
:10BCC00010B13078204330700020FEF70DFD0120C8
:10BCD00001F0BEFF6408DCD1286820F470602860A1
:10BCE000286840F440702860BFB10120FEF706FDCF
:10BCF000012001F0ADFF0120FEF7F6FC052001F068
:10BD0000A7FF0020FEF7F0FC0120FEF7F7FC14204F
:10BD100001F09EFF4846BDE8F0870020E6E710B539
:10BD2000FFF716FF0020FFF75BFF002803D1BDE8F7
:10BD30001040062054E710BD00080140FE494000B5
:10BD4000087040F001004870704738B50446012182
:10BD50002020FDF7A4F90821ADF8001010218DF87E
:10BD600003100321F54D8DF8021069462846FCF7B3
:10BD700072FF08212846FCF7DDFF2046FFF7DEFFB3
:10BD800038BDFFF709BF70B50546FF20002340F21C
:10BD900031140FE0EA5C50400822060602D584EA1E
:10BDA000400000E04000521EC0B212F0FF02F4D189
:10BDB0005B1CDBB28B42EDD370BD10B51446FFF7B0
:10BDC000E2FFA04201D0022010BD002010BD7CB5D2
:10BDD0000D46044600216846FFF747FF90B9002250
:10BDE00011460DF10100FFF740FF58B90022294626
:10BDF00001A8FFF73AFF28B99DF804200221684600
:10BE0000FFF7DBFFBDF8001049BA21807CBD10B5FB
:10BE1000FFF79EFEC8484078BDE81040FFF7E0BE3F
:10BE200070B50446000AFFF7DBFE0546E0B2FFF7F7
:10BE3000D7FE284370BD10B5FFF78AFEBE480078D4
:10BE4000BDE81040FFF7CCBEF8B50546FFF7F3FF9D
:10BE500006464FF45E50FFF7E3FF50EA060411D1A7
:10BE6000FFF7D5FF04000DD1642200216846FFF7DB
:10BE7000AEFF040006D1002201210DF10200FFF700
:10BE8000A6FF0446FFF788FE1CB900984FEA304031
:10BE900028602046F8BD70B50546FFF7CCFF0400CA
:10BEA0000FD14FF22D30FFF7BBFF040009D1FFF790
:10BEB000AEFF040005D1002201212846FFF787FFCD
:10BEC0000446FFF769FE204670BD10B5FFF7B3FFCB
:10BED000040004D143F24100FFF7A2FF0446FFF73C
:10BEE0005BFE204610BD10B52BF0C2FA94492BF032
:10BEF000B2F894492BF0AFF8BDE8104092492BF00E
:10BF0000DCB810B52BF0B4FA90492BF0A4F88D49A9
:10BF10002BF0A1F88C492BF0D0F8BDE810408C49EB
:10BF20002BF093B82DE9FC411D461746884606467E
:10BF3000FFF781FF04002FD15FB1012F06D0022F40
:10BF400001D0802428E042F2164004E042F20B4087
:10BF500001E04FF41050FFF763FF040007D01BE02F
:10BF6000FFF755FF040005D0012001F091FE6D1E82
:10BF7000EDB2F5D20DB114B10EE004240CE00022B4
:10BF800011466846FFF723FF05460022012101A85C
:10BF9000FFF71DFF40EA0504FFF7FEFD54B9BDF8A9
:10BFA0000000FFF7AEFF3060BDF80400FFF79BFF15
:10BFB000C8F800002046BDE8FC812DE9FC41984608
:10BFC00015460E460746FFF736FF040023D15DB144
:10BFD000012D06D0022D01D080241CE042F6104035
:10BFE00004E042F60D4001E042F60640FFF718FF7C
:10BFF000040010D1FFF70BFF04000CD142460021D2
:10C000006846FFF7E4FE040005D10022012101A8E3
:10C01000FFF7DDFE0446FFF7BFFD4CB9BDF8000099
:10C02000FFF76FFF3860BDF80400FFF75CFF30607A
:10C030002046C0E730B4029C23B1012B05D030BCB0
:10C0400080207047234630BCB7E7234630BC69E701
:10C0500070B50E460546FFF7EEFE04004BD17DB3EA
:10C06000012D1AD0022D45D1052E43D2DFE806F06E
:10C0700003060C0F120042F22F0001E042F22D10D5
:10C08000FFF7CEFE044636E042F22B20F8E742F2FC
:10C090002930F5E742F22A70F2E7052E2AD2DFE8CE
:10C0A00006F00306090C100042F22400E8E742F211
:10C0B0002610E5E742F22020E2E742F22230DFE7F5
:10C0C00002E042F22170DBE7052E13D2DFE806F032
:10C0D0000306090C0F0042F23200D1E742F23010A1
:10C0E000CEE742F23620CBE742F23430C8E742F2E4
:10C0F0003770C5E78024FFF74FFD204670BD7CB543
:10C100000D460646FFF797FE040031D14FF460401C
:10C11000FFF786FE04002BD1FFF779FE040027D13C
:10C12000002211466846FFF752FE040020D100228B
:10C13000012101A80EE0000037000060001401405A
:10C140000000C8420000204100FF7F4700002F434D
:10C150000000E143FFF73BFE040009D1BDF80000F9
:10C16000FFF7CFFE3060BDF80400FFF7BCFE28608B
:10C17000FFF712FD20467CBD10B5FFF75CFE040002
:10C1800004D143F26D00FFF74BFE0446FFF704FDB8
:10C19000204610BD10B5FFF74EFE040004D143F257
:10C1A0006600FFF73DFE0446FFF7F6FC204610BD93
:10C1B00070B5FFF740FE054643F2A200FFF730FEE0
:10C1C00040EA0504FFF7E8FC1CB94CF2503001F0DE
:10C1D0003FFD204670BD10B5234C4FF080502060CD
:10C1E000224801F035FDA0142060BDE810404CF25B
:10C1F000503001F02DBD38B5010A8DF800108DF8D2
:10C20000010002216846FFF7BEFD04469DF80000CC
:10C21000FFF7E6FC002808D19DF80100FFF7E0FCDD
:10C22000002802D12046FFF7DBFC38BD10B51049CD
:10C230002AF0B9FE0F492AF040FF0F492AF00BFF00
:10C240002BF052F980B210BD10B50C492AF035FF21
:10C2500009492AF000FF2BF047F980B210BD0848C9
:10C260000068C0F38020704710140140A0860100D0
:10C270000000344200002F4300FF7F470000C84207
:10C28000080C014070B50024FE4D04EB840005EB62
:10C29000800000F0EFFE641C142CF6D3FA4800F086
:10C2A000E9FEF948143000F0E5FEF748283000F0C8
:10C2B000E1FEF5483C3000F0DDFEF348503000F080
:10C2C000D9FEF248F04941631431816370BD70B505
:10C2D000044601F06AFAED4DA868401CA860286881
:10C2E00010B1686938B10CE02C60A868012808D149
:10C2F000FFF7C8FF05E02868E16AC06A884200D8F5
:10C300002C60686A401C6862E06A01212A698140E9
:10C3100011432961DB4900EB800001EB8000211D06
:10C3200000F0B6FE01F04DFA686900280CD02868CC
:10C33000E16AC06A884207D2D5494FF08050086050
:10C34000BFF34F8FBFF36F8F70BD2DE9F04781466C
:10C35000DDE908570A9C0E4690469A464FEA880146
:10C36000A522206B2AF088FC206BA8F1010800EBC5
:10C37000880020F0070800202218315C82F8341071
:10C38000315C11B1401C1028F6D3002684F84360BC
:10C39000142D00D31325E5626564A664201D00F00A
:10C3A00074FE04F1180000F070FE2461C5F1140061
:10C3B000A0616462E66484F8506052464946404693
:10C3C00001F0CCF92060002F00D03C60BDE8F08780
:10C3D0002DE9FF5F8146DDE90E788A4616469B46C9
:10C3E000B00001F022FA054628000AD0542001F0DE
:10C3F0001CFA04460CB1256304E0284601F060FAFB
:10C4000000E000248CB10020CDE90240CDE90078A5
:10C410005B46324651464846FFF797FF2046FFF7F6
:10C4200056FF012004B0BDE8F09F4FF0FF30F9E760
:10C430009648416B0968002905D0416BC968C968F5
:10C440004968816270474FF0FF318162704710B5D3
:10C450000446206B01F034FA2046BDE8104001F09C
:10C460002FBA70B5044601F0A0F9884D04B92C68C4
:10C47000201D00F031FE58B9E06A824A00EB8001CD
:10C4800052F8211021B9012181402869884328618F
:10C49000A06A18B104F1180000F01EFE686A401C82
:10C4A00068622868844208D17748211D3C3000F03A
:10C4B000EFFD6868401C686007E0A868401EA8603F
:10C4C0002046FFF7C4FFFFF7B3FF01F07AF9686970
:10C4D00000280AD02868844207D16D494FF0805067
:10C4E0000860BFF34F8FBFF36F8F70BD2DE9F04130
:10C4F0000026664F386B002808D0B869401CB86128
:10C50000F86900B101263046BDE8F081FD686D1C78
:10C51000FD6045B9786BB96B7963B863386A401CC4
:10C520003862FFF785FFB86ADFF8588185420DD37E
:10C53000786B006838B1786BC068C4686068854201
:10C540000ED2B86202E04FF0FF30B8623868C06ABD
:10C5500000EB800058F820000128D1D90126CFE750
:10C56000201D00F0B9FDA06A18B104F1180000F018
:10C57000B3FDE06A01213A6981401143396100EB62
:10C58000800008EB8000211D00F082FDE06A396820
:10C59000C96A8842CCD30126CAE72DE9F0410024BC
:10C5A000002701F002F9394D286B401E2863286BE3
:10C5B000F0BBA868E0B3DFF8D080012608F12808B6
:10C5C0001DE0D8F80C00C46804F1180000F084FDE8
:10C5D000201D00F081FDE06A2A6906FA00F111438E
:10C5E0002961284900EB800001EB8000211D00F04B
:10C5F0004FFDE06A2968C96A884200D3EE61D8F825
:10C6000000000028DDD10CB1FFF712FFAC6944B186
:10C61000FFF76CFF00B1EE61641E002CF8D1002022
:10C62000A861E86920B1012719493807086000E0CE
:10C6300003E0BFF34F8FBFF36F8F01F0C2F83846AE
:10C6400062E72DE9F04104460F46104EF568306868
:10C65000001D00F041FD38B9306890F82C10012021
:10C660008840316981433161601C08D13FB1316834
:10C67000BDE8F0410448091D503000F009BD2C44CC
:10C68000306807E088180060181A00603C000060FD
:10C6900004ED00E04460AC4206D23168B06B091D85
:10C6A000BDE8F04100F000BD3168706B091D00F07D
:10C6B000FBFCB06A844200D2B46225E7FA48016B01
:10C6C000491C0163704770B505460E460023FFF70D
:10C6D000F5FFF548C2682C68A119944205D98C422F
:10C6E00008D9914206D9012304E08C4201D8914235
:10C6F00000D9012329601BB1881A0021FFF7A1FF8F
:10C70000FFF74BFF002807D1E8494FF08050086041
:10C71000BFF34F8FBFF36F8F70BD10B5024600207F
:10C72000002A07D0FFF7CAFF00211046FFF789FF54
:10C73000FFF733FF002807D1DC494FF08050086035
:10C74000BFF34F8FBFF36F8F10BD10B5044601F0DC
:10C750002CF80CB9D4480468E46A01F032F8204699
:10C7600010BDBF22EFF3118182F31188BFF34F8F09
:10C77000BFF36F8F002801D1CB480068C06A81F3F6
:10C78000118870472DE9F04104460D460026142D0E
:10C7900000D3132501F009F8C34F04B93C68606C5D
:10C7A000A84241D0854208D939688C4209D03968FD
:10C7B000C96AA94205D8012603E039688C4200D134
:10C7C0000126D4F82C80404500D1E5626564A0695B
:10C7D000002802DBC5F11400A061B54D08EB88010B
:10C7E000606905EB8101884215D1201D00F074FCC1
:10C7F000012120B93A6901FA08F082433A61E06AFE
:10C800003A6981401143396100EB800005EB8000FB
:10C81000211D00F03DFC3EB1A4494FF0805008605E
:10C82000BFF34F8FBFF36F8FBDE8F04100F0C9BF7A
:10C830009D4A106B002802D00120D0617047002073
:10C84000D0611069B0FA80F0C0F11F00984900EB88
:10C85000800001EB800041684968416000F10803F5
:10C86000994201D1496841604068C06810607047D2
:10C8700070B5044600F099FF8B4D04B92C68201D5B
:10C8800000F02AFC58B9E06A894A00EB800152F8AE
:10C89000211021B901218140286988432861A06ABB
:10C8A00018B104F1180000F017FC211D814800F0B8
:10C8B000EFFB00F086FF686928B100F076FFFFF714
:10C8C000B7FD00F07EFF2868844209D1686940B155
:10C8D00076494FF080500860BFF34F8FBFF36F8FE2
:10C8E00070BD7448A9680068884202D100202860A1
:10C8F00070BDBDE870409BE700216E4B42699A42D3
:10C9000006D1806AA3F12802904201D000B901212A
:10C910000846704770B50446002C2BD0624D28683D
:10C92000844227D000F041FF2046FFF7E5FFE8B141
:10C93000201D00F0D1FBE06A01212A6981401143EA
:10C9400029615B4900EB800001EB8000211D00F0B4
:10C950009FFBE06A2968C96A884207D353494FF0B0
:10C9600080500860BFF34F8FBFF36F8FBDE87040FA
:10C9700000F027BF70BD2DE9F04104460026BF201E
:10C98000EFF3118580F31188BFF34F8FBFF36F8FE3
:10C990002046FFF7B1FF40B1434F386B48B14548DF
:10C9A00004F11801283800F073FB85F31188304634
:10C9B000AAE5E06A3968C96A884200D30126201DC9
:10C9C00000F08AFBE06A01213A6981401143396134
:10C9D000374900EB800001EB8000211D00F058FB7F
:10C9E000E3E770B5334E304D143E1CE0FFF766FEB2
:10C9F000306820B10024FFF7D0FDA4B901E0012484
:10CA0000F9E700F0D2FEF068C468201D00F064FB76
:10CA1000A868401EA8606868401E686000F0D1FEEB
:10CA20002046FFF714FD68680028DFD170BD204E56
:10CA30004FF080541D4DFFF7D4FF30680128FAD91C
:10CA40002C60BFF34F8FBFF36F8FF4E71CB5164810
:10CA500000242C30CDE900402346802216A118483E
:10CA6000FFF7B6FC012811D1BF2080F31188BFF376
:10CA70004F8FBFF36F8F0C484FF0FF318162012160
:10CA80004161C460BDE81C4000F07BBE1CBDBF20FE
:10CA900080F31188BFF34F8FBFF36F8F02490020DF
:10CAA000486100F081BE00003C00006004ED00E041
:10CAB00088180060681A006049444C450000000076
:10CAC0002FCA0008FE48C0687047FD48C06870471C
:10CAD000FB4880687047002801D1F948006834306D
:10CAE000704710B50C46F6490968183100F0DCFAB9
:10CAF0002046BDE810400121A3E570B5154641F080
:10CB00000043EF490C68A3610968183100F0C0FACE
:10CB10002846BDE87040012193E52DE9F041C06849
:10CB2000C46804F11800074600F0D6FAE44D2A6BF9
:10CB300001265AB13946E34800F0AAFAE06A2968AA
:10CB4000C96A884214D90120EE61DDE4201D00F09D
:10CB5000C3FAE06A2A6906FA00F111432961DA4949
:10CB600000EB800001EB8000211D00F091FAE5E769
:10CB70000020C9E470B541F000410160C46800F0D4
:10CB8000ABFA201D00F0A8FACD4DE06A01262A6913
:10CB900006FA00F111432961CB4900EB800001EB5B
:10CBA0008000211D00F074FAE06A2968C96A884291
:10CBB00002D90120EE6170BD002070BDC0490A6A33
:10CBC0000260C9684160704770B504460D4600F0C8
:10CBD000ECFDBB49C8682A68531C08D02368096A61
:10CBE0008B4206D06168814203D801240DE0002405
:10CBF0000BE06168401A904206D2101A2860204665
:10CC0000FFF7DCFF002400E0012400F0DAFD2046FD
:10CC100070BDAB490120C8617047002101E0401C94
:10CC2000491C0278A52AFAD0880880B270470028EB
:10CC300001D1A3480068006BEFE7A1480068704786
:10CC40009F484169002903D0006B18B1002070474C
:10CC5000012070470220704770B50446002839D083
:10CC6000974DE06A2968C96A884233D2A0690028D2
:10CC700004DB2868C06AC0F11400A061E06A924E2B
:10CC800000EB8000616906EB800081421FD1201D0E
:10CC900000F022FA012150B9E06A00EB800256F858
:10CCA000222022B92A6901FA00F082432A61286809
:10CCB000C06AE0622A6981401143296100EB80006B
:10CCC00006EB8000211DBDE8704000F0E1B9286846
:10CCD000C06AE06270BD70B504460020002C2CD004
:10CCE000A16C491EA164636CE26A9A4225D00029B6
:10CCF00023D1201D00F0F0F9734A7149012350B986
:10CD0000E06A00EB800552F8255025B90D6903FA59
:10CD100000F085430D61606CE062C0F11400A06119
:10CD2000E06A0D6983402B430B6100EB800002EB4E
:10CD30008000211D00F0ACF9012070BD6049086839
:10CD400080690A680968D26AC2F114028A61704770
:10CD50005B490868002803D00868826C521C826412
:10CD60000868704770B506460C4600F01EFD544D2D
:10CD70002868C06C80B92A68012082F850005CB134
:10CD800001212046FFF75DFC50494FF080500860BC
:10CD9000BFF34F8FBFF36F8F00F013FD00F005FD61
:10CDA0002868C46C002034B116B12968C86402E058
:10CDB0002A68611ED164296881F8500000F001FDE5
:10CDC000204670BD2DE9F04781460F46164698462D
:10CDD00000F0EBFC3A4D286890F85000022817D07C
:10CDE0002C68E06C20EA0900E0642968012081F8E1
:10CDF0005000B8F1000F0BD001214046FFF721FC95
:10CE000032494FF080500860BFF34F8FBFF36F8FF0
:10CE100000F0D7FC00F0C9FC16B12868C06C306087
:10CE2000286890F8500001280DD02868C16CB943DB
:10CE3000C16401242968002081F8500000F0C1FC81
:10CE40002046BDE8F0870024F4E72DE9F0410446D0
:10CE50000D4690461F46012600F0A7FC0FB1E06C7E
:10CE6000386094F85000022184F85010B8F1050F92
:10CE700013D2DFE808F01203070B0D00E16C294321
:10CE8000E1640AE0E16C491CE16406E0E56404E069
:10CE9000022801D0E56400E00026012827D1201DEA
:10CEA00000F01AF9064DE06A01212A698140114318
:10CEB0002961054900EB800001EB8000211D07E09E
:10CEC0003C000060401A00608818006004ED00E03B
:10CED00000F0DEF8E06A2968C96A884207D961492A
:10CEE0004FF080500860BFF34F8FBFF36F8F00F09B
:10CEF00068FC30465CE52DE9F0470446089F0126B2
:10CF0000BF20EFF3118580F31188BFF34F8FBFF37C
:10CF10006F8F002B01D0E06C186094F85000022352
:10CF200084F85030052A13D2DFE802F01203070B11
:10CF30000D00E26C0A43E2640AE0E16C491CE16422
:10CF400006E0E16404E0022801D0E16400E000268C
:10CF500001282BD1DFF81081D8F830004FF00109FB
:10CF600070B104F11801414800F092F8E06AD8F875
:10CF70000010C96A884219D9B7B1C7F8009015E006
:10CF8000201D00F0A9F8E06AD8F8102009FA00F195
:10CF90001143C8F8101000EB8001354800EB810008
:10CFA000211D00F075F8E1E7C8F81C9085F31188A1
:10CFB000304646E72DE9F04104468846BF20EFF3AE
:10CFC000118780F31188BFF34F8FBFF36F8F94F8F1
:10CFD0005010022084F85000E06C401CE0640129ED
:10CFE00026D1214D286B012678B104F118011F4884
:10CFF00000F04EF8E06A2968C96A884218D9B8F189
:10D00000000F14D0C8F8006012E0201D00F064F892
:10D01000E06A2A6906FA00F111432961144900EB1C
:10D02000800001EB8000211D00F032F8E2E7EE61A4
:10D0300087F31188BCE410B500280BD0044600F03B
:10D04000B4FB94F85000022807D0002400F0B9FB8C
:10D05000204610BD04480468F1E7002084F8500021
:10D060000124F3E704ED00E03C000060401A00609A
:10D070008818006000F1080141604FF0FF328260C3
:10D08000C1600161002101607047002101617047AA
:10D0900042684A6093688B60936859609160086148
:10D0A0000168491C0160704730B50C68621C02D0F1
:10D0B00000F1080202E0026904E01A4653681D68A4
:10D0C000A542FAD953684B6099608A605160086143
:10D0D0000168491C016030BD0169D0E901329A60E4
:10D0E000D0E901235A604A68824201D182684A60CD
:10D0F000002202610868401E0860704770B504464F
:10D100000D4600F052FBD4E90F12206801FB02002B
:10D1100060600020A0632068A060E06B226C216842
:10D12000401E00FB0210E0604FF0FF3084F8440026
:10D1300084F8450004F110004DB1FFF79BFF04F1A6
:10D140002400FFF797FF00F03CFB012070BD216930
:10D150000029F8D0FFF7E1FC0028F4D0FF494FF098
:10D1600080500860BFF34F8FBFF36F8FEBE703462C
:10D170000098002904D00260C36301640121BDE767
:10D180000060F9E7F8B506460D461746002D10D0A9
:10D1900006FB05F0483000F048FB04463CB104F1C2
:10D1A00048023B46294630460094FFF7E0FF204600
:10D1B000F8BD0020EEE72DE9F041044600F0F5FA55
:10D1C00094F9455004F1240609E0606A48B13046FC
:10D1D000FFF7A3FC08B1FFF71CFD6D1E6DB2002D1B
:10D1E000F3DC4FF0FF3684F8456000F0EAFA00F017
:10D1F000DCFA94F9445004F1100709E0206948B1C1
:10D200003846FFF78AFC08B1FFF703FD6D1E6DB2CB
:10D21000002DF3DC84F84460BDE8F04100F0D1BAA1
:10D2200010B5044600F0C1FAA06BE16B884201D151
:10D23000012400E0002400F0C4FA204610BD2DE9CE
:10D24000F041044617460026A56B226C002A10D038
:10D25000C7B1E06829F0FEFCE168206C091AE160C2
:10D260002268914202D26168081AE060022F16D04B
:10D2700017E02068A8B96068FFF72DFD064600207A
:10D2800060600EE0A06829F0E5FC216CA06808440D
:10D29000A0606168884204D32068A06001E005B105
:10D2A0006D1E6D1CA5633046BDE8F0812DE9FF477A
:10D2B00082B004468A4699460025A8464FF080561B
:10D2C000A64F00F072FAA06BE16B884206D3B9F169
:10D2D000020F03D00498F8B115B325E04A46514631
:10D2E0002046FFF7ACFF616A51B104F12400FFF75B
:10D2F00014FC58B13E60BFF34F8FBFF36F8F05E052
:10D3000020B13E60BFF34F8FBFF36F8F00F059FA2B
:10D31000012006B0BDE8F08700F053FA0020F8E7DE
:10D320006846FFF74BFC012500F04BFAFFF7C6F902
:10D3300000F03BFA94F94400401C01D184F8448089
:10D3400094F94500401C01D184F8458000F039FA79
:10D3500004A96846FFF738FC30B12046FFF72BFFE1
:10D36000FFF71BF90020D4E72046FFF759FF88B1EB
:10D3700004F110000499FFF7B4FB2046FFF71BFFF0
:10D38000FFF70BF900289CD13E60BFF34F8FBFF32E
:10D390006F8F96E72046FFF70EFFFFF7FEF890E746
:10D3A000002807D0002141600160C16000231A46B7
:10D3B00019467BE7704710B5024600210120FFF7B0
:10D3C000E1FE04462046FFF7EBFF204610BD10B5F6
:10D3D0000446FFF732FC616888420BD1E068401ECA
:10D3E000E06028B900231A4619462046FFF75EFF81
:10D3F000012010BD002010BD10B5044600F0D5F985
:10D40000A06B20B1002400F0DCF9204610BD0124FF
:10D41000F9E730B40B46026C002A0CD0C168114405
:10D42000C1604468A14201D30168C160C16830BCD9
:10D43000184629F00FBC30BC70472DE9FF4F83B070
:10D4400004468B469A460026B1464FF08057DFF8D7
:10D450000C8100F0AAF9A56B95B3E6685946204601
:10D46000FFF7D7FFBAF1000F13D0E660606A50B142
:10D4700004F12400FFF751FB28B1C8F80070BFF396
:10D480004F8FBFF36F8F00F09CF9012007B0BDE80C
:10D49000F08F6D1EA563206810B9FFF759FC60601E
:10D4A00020690028EFD004F11000FFF736FB0028B8
:10D4B000E9D0C8F80070BFF34F8FBFF36F8FE2E77A
:10D4C000FFE7059808B126B107E000F07AF90020DF
:10D4D000DCE701A8FFF772FB012600F072F9FFF705
:10D4E000EDF800F062F994F94400401C01D184F891
:10D4F000449094F94500401C01D184F8459000F017
:10D5000060F905A901A8FFF75FFB58B12046FFF7B6
:10D5100052FEFFF742F82046FFF76EFF002898D032
:10D520000020B3E72046FFF767FF00B3206830B95B
:10D5300000F03BF96068FFF78FFB00F042F904F15F
:10D5400024000599FFF7CDFA2046FFF734FEFFF7D8
:10D5500024F800287FF47DAF02E0000004ED00E035
:10D56000C8F80070BFF34F8FBFF36F8F71E720468D
:10D57000FFF721FEFFF711F86BE770B504460D4683
:10D58000FFF75BFB6368984204D1E068401CE060F1
:10D59000012070BD00232A4619462046FFF74DFFA3
:10D5A0000028F6D0E168491CE16070BD2DE9F0412A
:10D5B000174604461A46BF20EFF3118680F3118800
:10D5C000BFF34F8FBFF36F8FA06BE36B984205D310
:10D5D000022A03D0002086F3118865E694F94550AD
:10D5E0002046FFF72CFE681C04D06D1C84F84550C3
:10D5F0000120F0E7606A0028FAD004F12400FFF768
:10D600008CFA0028F4D0002FF2D001203860EFE728
:10D6100070B50D46BF21EFF3118481F31188BFF37C
:10D620004F8FBFF36F8F836BC16B994217D990F9FE
:10D6300045205B1C8363511C04D0521C80F845209C
:10D6400001200DE0416A0029FAD02430FFF765FA85
:10D650000028F5D0002DF3D001202860F0E700204D
:10D6600084F3118870BD2DE9F04104469046BF2037
:10D67000EFF3118780F31188BFF34F8FBFF36F8FE4
:10D68000A66B002E1DD094F944502046FFF7C1FE32
:10D69000761EA663681C04D06D1C84F844500120DB
:10D6A00010E020690028FAD004F11000FFF735FAE5
:10D6B0000028F4D0B8F1000FF1D00120C8F8000024
:10D6C000EDE7002087F31188EEE570B50446BF2032
:10D6D000EFF3118580F31188BFF34F8FBFF36F8F86
:10D6E000A06B002806D0E6682046FFF792FEE660B1
:10D6F000012000E0002085F3118870BD10B50446BC
:10D7000000F053F8A46B00F05CF8204610BD10B593
:10D71000044600F04AF8D4E90E10441A00F051F81B
:10D72000204610BD806B704700F0CAB8806B00289F
:10D7300001D00020704701207047816BC06B81428F
:10D7400001D101207047002070470000BF2080F306
:10D750001188BFF34F8FBFF36F8FFEE720384FF074
:10D760008073C36121F0010181612449416140F866
:10D77000202970474FF0E0202149416107210161D4
:10D78000704710B51F48016841F47F0101600168CE
:10D7900041F07F410160FFF7EDFF1B490020086069
:10D7A000FAF7E6FC002010BD7047BF2080F3118817
:10D7B000BFF34F8FBFF36F8F13480168491C01609F
:10D7C000704711490868401E0860002801D180F3A5
:10D7D0001188704710B5BF2080F31188BFF34F8FB9
:10D7E000BFF36F8FFEF782FE20B106494FF08050E5
:10D7F0001C390860002080F3118810BD4DD7000847
:10D800003F19010020ED00E0780000603D4820F065
:10D8100007003D49086000234B6008314EF6F8725E
:10D820004A600B604260016070472DE9F041044698
:10D830000026FEF743FF344D083D686818B9FFF72E
:10D84000E5FF012068603CB10834600704D004F0B3
:10D850000700C0F108000444601E4EF6F7718842CC
:10D8600029D2294A1046016801E00A460146486863
:10D87000A04202D208680028F7D12348083081422C
:10D8800019D016680836086810604868001B102810
:10D890000DD90B1958604C605C681B4800E01046BD
:10D8A00002685768A742FAD302681A6003604868A2
:10D8B0002968081A2860FEF770FE3046BDE8F0813E
:10D8C00010B5002818D008380446FEF7F7FE606847
:10D8D0000D4900E011460A6853688342FAD308688C
:10D8E00020600C60084861680838026811440160D3
:10D8F000BDE81040FEF751BE10BD0348083800686F
:10D9000070477047841A006084000060704770B5EB
:10D91000BC4D044640212846FCF7A3FD0028F9D061
:10D92000A1B22846FCF730FD204670BD2DE9F0433A
:10D93000814687B0012144F23400FBF7B0FBB14DC2
:10D940002846FCF7FDFB6815ADF8100003208DF8A4
:10D9500012001820DFF8B0828DF8130004A94046A9
:10D96000FBF779F92E15ADF8106004208DF813003F
:10D9700004A94046FBF76FF9AF15ADF810701024FD
:10D980008DF8134004A94046FBF765F93946404637
:10D99000FBF7D0F9ADF810708DF8134004A99B483F
:10D9A000FBF759F925208DF8140000248DF8154057
:10D9B00001208DF816008DF8170005A8FAF759FD1B
:10D9C000934ACDF80090A81492F85110022925D05E
:10D9D000012926D0ADF80840ADF8044092F8541063
:10D9E00001292AD0022923D0032924D0ADF80640EA
:10D9F0000C20ADF80A00ADF80C4069462846FCF74B
:10DA0000E7FB012240F225512846FCF768FC012182
:10DA10002846FCF758FC07B0BDE8F083ADF8086075
:10DA200003E04FF4C061ADF80810ADF80400D5E78D
:10DA30004FF4005001E04FF44050ADF80600D7E736
:10DA40002DE9F0438146012187B08804FBF732FBC2
:10DA500001214820FBF723FB6E4D2846FCF770FBA5
:10DA60002E15ADF8106003278DF812701820DFF81E
:10DA7000A8818DF8130004A94046FBF7ECF8EC14DC
:10DA8000ADF8104004208DF8130004A94046FBF7C0
:10DA9000E2F8ADF8104010208DF8130004A95F489B
:10DAA000FBF7D9F827208DF8140000248DF81540D5
:10DAB0008DF8167001208DF8170005A8FAF7D9FC2B
:10DAC000534ACDF80090ADF8044092F85310A814D2
:10DAD000022923D0012924D0ADF80840ADF8044034
:10DAE00092F85610012928D0022921D0032922D0EA
:10DAF000ADF806400C20ADF80A00ADF80C406946C0
:10DB00002846FCF765FB012240F225512846FCF728
:10DB1000E6FB01212846FCF7D6FB7CE7ADF8086060
:10DB200003E04FF4C061ADF80810ADF80400D7E78A
:10DB30004FF4005001E04FF44050ADF80600D9E733
:10DB40002DE9F0438146012187B04804FBF7B2FA82
:10DB500001210420FBF7A3FA314E3046FCF7F0FA1E
:10DB60000427ADF8007003258DF802501820DFF867
:10DB700098808DF8030069464046FBF76CF808244E
:10DB8000ADF800408DF8037069464046FBF763F836
:10DB90001F4890F82310012901D0052908D1ADF8BC
:10DBA000004010208DF8030069461E48FBF753F82B
:10DBB00026208DF8140000248DF815408DF816509D
:10DBC00001208DF8170005A8FAF753FCADF80C40BA
:10DBD0000C20ADF80840ADF80E00CDF80490ADF87B
:10DBE0000A40ADF8104001A93046FCF7F1FA0122D5
:10DBF00040F225513046FCF772FB01213046FCF71C
:10DC000062FB08E7003801400008014000140140B1
:10DC1000C090036000480040000C01400018014023
:10DC200000440040001001404FF0E0210A6922F05A
:10DC300004020A61234AC00810704FF47A735843F3
:10DC4000012353804861086940F001000861704772
:10DC50002DE9F04100244FF0E0277E690546194880
:10DC600000784543FFF7A1FDBA69B9699142FCD03C
:10DC700003D2A2EB0100044403E0A6EB0100104430
:10DC800004440A46AC42F0D3BDE8F041FFF799BD29
:10DC900070B50446FEF7D4FF01280CD0094D688802
:10DCA000844203D3B4FBF0F0FEF737FD6888B4FB81
:10DCB000F0F100FB11444FF47A706043BDE870400E
:10DCC000C6E7000098000060F749C1F8A00170475E
:10DCD00038B50A46062814D0052819D0F34C08B3E5
:10DCE000092829D0F24C01282FD0032839D0F14C33
:10DCF00002283FD0042842D00A284FD00B2861D0F8
:10DD000065E0042A63D201EB4110EB49084443E08B
:10DD1000082A5CD2C1EBC100E84900EB400001EBEE
:10DD2000400039E0694610460DF098F808E0C0EB75
:10DD3000C00101EB40102EE0694610460DF09CF842
:10DD40009DF80000802842D2F1E7694610460DF0A8
:10DD5000A1F80AE0C0EBC00101EB001004EB4000A9
:10DD60001AE0694610460DF0A3F89DF8000040281F
:10DD70002DD2EFE7694610460DF0A8F803E069469A
:10DD800010460DF0B1F89DF8000040281FD2C0EBFE
:10DD9000001000EB40002044153038BD42B1012A8C
:10DDA00008D0022A08D0032A08D0042908D00AE0A3
:10DDB000C3A038BDC6A038BDC8A038BDCCA038BDF2
:10DDC000CFA038BD09B1D4A038BDD6A038BD002041
:10DDD00038BD38B50A46052814D006281CD0B34CE7
:10DDE00008B3092829D0B24C01282FD0032832D0FB
:10DDF000B04C02283ED0042841D00B284DD00A2830
:10DE00004ED062E0082A60D2C1EBC100AB4900EB02
:10DE1000400001EB400038BD042A56D201EB41100E
:10DE2000A549084438BD694610460DF017F808E0CA
:10DE3000C0EBC00101EB40102DE0694610460DF02B
:10DE40001BF89DF8000080283FD2F1E76946104694
:10DE50000DF020F803E0694610460DF029F89DF812
:10DE60000000402831D2C0EBC00101EB001004EBF0
:10DE7000400038BD694610460DF028F803E06946B9
:10DE800010460DF031F89DF8000040281DD2C0EB7F
:10DE9000001000EB4000204438BD51B9A4A038BDAB
:10DEA0004AB1012A09D0022A09D0032A09D004293B
:10DEB00009D099A038BD82A038BD85A038BD87A003
:10DEC00038BD8BA038BD8EA038BD002038BD08B548
:10DED0000A4640B101285BD002287CD004287BD0C0
:10DEE000032879D0A4E0694610460CF0B7FF9DF8EE
:10DEF0000000802871D2C0EBC00101EB40116B48DB
:10DF0000014491F82600002827D091F82310002919
:10DF100023D0012862D0022862D00B287ED00C28A2
:10DF20001CD00D281CD00E287CD010281AD0112807
:10DF30001AD012281AD013281AD004281AD005286B
:10DF40001AD008281AD009281AD007281AD017285A
:10DF50001AD018281AD0162862D067E0062008BD0B
:10DF6000032008BD492008BD482008BD472008BD42
:10DF7000462008BD352008BD362008BD2F2008BD2D
:10DF8000302008BD242008BD1D2008BD602008BD2C
:10DF9000694610460CF07EFF9DF80000402847D2ED
:10DFA000C0EBC00101EB0011414800EB410090F8CB
:10DFB000281081B390F82D0003280FD007280DD02A
:10DFC00004280DD008280BD00D282BD0132825D0DD
:10DFD0000B2823D02AE005E026E029E03E2008BDFA
:10DFE000402008BD694610460CF070FF9DF8000007
:10DFF000C0EB001000EB40012E48084490F92800C7
:10E0000048B101280AD002280AD0052808D00428DF
:10E0100006D0062806D009E000E003E0052008BD90
:10E02000622008BD022008BD402901D25F2008BD42
:10E03000002008BD38B51F4C0A4602280AD0042823
:10E040000DD0052819D0062821D0184C38B309283E
:10E0500077D087E0694610460CF038FF03E0694648
:10E0600010460CF041FF9DF80000C0EB001000EBE3
:10E070004000204490F8260038BD082A72D2C1EB37
:10E08000C1000E4900EB400001EB400005E0042A0E
:10E0900068D201EB411008490844C07F38BD694689
:10E0A00010460CF0DBFE50E00000214292140260AA
:10E0B000BDEB04607DF7046030850260207D026066
:10E0C00070616E656C206E756D6265720000000097
:10E0D00064656164206D6173746572006C636420B3
:10E0E00074696D65206F66662064656C61790000F7
:10E0F00064697361626C652069636F6E0000000083
:10E100006C636420646973706C617920636F6E6600
:10E110006967757265000000726573657276656483
:10E120000000000046414E204D4F444500000000D5
:10E1300046414E204D4F4445205459504500000063
:10E14000FFE7694610460CF097FE9DF80000802816
:10E1500008D2C0EBC00101EB4010204490F822002F
:10E1600038BDFFE70020FBE72DE9F84FFE4FDFF851
:10E17000FCB3DFF8FC83DFF8FCA3DFF8FC93FF4E71
:10E1800015460C460C287DD2DFE800F0065A6D4893
:10E19000E5FDFC7C7C1DFBFA694610460CF05EFE3A
:10E1A0009DF80000C0EBC00101EB401101EB08003D
:10E1B00090F82610002965D090F82310012961D12C
:10E1C000D0F81E0083E0694610460CF055FE9DF81D
:10E1D0000000C0EBC00101EB4011414491F8260062
:10E1E0000028E8D091F82320002AE8D1A0F10C0201
:10E1F0000A2A10D90B3A072A0AD800EBC00202EB10
:10E2000000103844A0F5805090F8C10D012802D0CC
:10E2100091F824004DE091F8240050E06946104642
:10E220000CF046FE9DF80000C0EBC00101EB0012AF
:10E230000AEB420292F82D10F1B392F8280020B3B5
:10E24000694628460CF026FE9DF80000C0EBC00190
:10E2500001EB00120AEB420191F82D2062B391F814
:10E260002800012831D0694628460CF02FFEC4480A
:10E270000178C448007808449DF80010884235D8D9
:10E280000F2C00E08EE02BD08AE0A1F10C000A28D0
:10E2900013D90B3807280AD801EBC10000EB011095
:10E2A0003844A0F5805090F8C10D012805D092F8AF
:10E2B000260001284CD0C8E004E092F8260001288E
:10E2C00070D045E03BF81000BAE0D1F81E0025F010
:10E2D000A7F929F0C4F8BDE8F84FAB4928F0EDBE26
:10E2E000C1EB011000EB4000304469E7A74D05EB9E
:10E2F000811050F82420484682421DD0C1EB011005
:10E3000000EB4000304490F82310B9B10AF0E6F970
:10E310009DF80060B0420BD805EB86109A4950F882
:10E32000240028F098FE29F0DFF8994921F816001A
:10E3300005EB861050F82400BDE8F88F12F0FF417D
:10E3400000D0012190F928003EE059BB00E049B31C
:10E350004FF07E50F0E7694610460CF0C5FD884846
:10E3600001788848007808449DF80010884210D849
:10E370000F2C15D1C1EB011000EB4000304403E03D
:10E3800062E043E03CE033E0D0F81E0078B30120C7
:10E3900056E07E4800EB811050F82400484502D139
:10E3A0004846C9E751E0C1EB011101EB41018A196F
:10E3B00092F823100029BFD110F0FF4F01D00121A6
:10E3C00000E0002192F92800A0F10C020A2ABCD931
:10E3D0000B3A072ABBD800EBC00202EB001038440E
:10E3E000A0F5805090F8C10D0128B0D1ADE718E03C
:10E3F000C2EBC200674900EB400001EB400003E0C4
:10E40000654902EB42100844807FBFE73DB1634994
:10E41000012D07D0022D0ED0032A11D10EE0604845
:10E4200000780DE091F85900010602D500F07F0058
:10E4300006E0002004E091F84F0001E091F85A0056
:10E44000BDE8F84F29F014B80AB1002074E7D8F8F5
:10E450002F01BDE8F84F4FF47A7190FBF1F028F0EE
:10E46000FEBF50487047504B00EBC00003EBC000AC
:10E4700000EBC100805C704730B54C4C01EBC10132
:10E4800004EB011404EB021404EB4305ADF5197D14
:10E490006D788DF8005014F813408DF80140002479
:10E4A0008DF802408DF803403F4C04EBC10101EBB5
:10E4B000C20140F26222C95CCDF8071009218DF833
:10E4C0000610694628F0C6FB0DF5197D30BD10B564
:10E4D0000346354C03EBC303002004EBC3030246A1
:10E4E00003EBC1018B5CFF2B01D0401CC0B2521C5E
:10E4F000D2B2082AF6D310BD2DE9F0432C4B0125EA
:10E5000000EBC0001D702B4B284F00241D741D769E
:10E51000254BFF2603EBC00307EB001003EBC10301
:10E5200000EB01104AB900EB4401497811B910F829
:10E53000141031B125EA04011955195DFF2902D0E3
:10E540000BE01E5547E000EB4401497811B910F883
:10E55000141089B325EA04011955641CE4B2082C8F
:10E56000E0D30022995C28E0FA0F02604EFC0160C3
:10E5700092140260BDEB046000007F437DF70460ED
:10E58000650100606601006000007A441CAE026014
:10E590004EFD0160207D026030850260C090036006
:10E5A000370100601CBE0260F0820260707E026073
:10E5B000EE0200605CF802600DE0FF2944D000EB41
:10E5C000420810F8124098F80110C1EB011104EB59
:10E5D0008104511C35E00CB11E55BEE7C17809B964
:10E5E000817809B11D70B8E71E70B6E75D5CA94679
:10E5F000FF2D25D000EB410710F811607D78C5EBA9
:10E60000051506EB8506B4421AD9254634463C2644
:10E61000B4FBF6FC88F801C0B4FBF6FC06FB1C4C0E
:10E6200000F812C0B5FBF6FC87F801C0B5FBF6F7A1
:10E6300006FB175500F811509D5C03F802905D54DD
:10E64000491CC9B20829D1D3521CD2B2082A89D395
:10E65000BDE8F08330B5002500240122214628467C
:10E66000FFF74AFF641CE4B2092CF6D36D1CEDB22F
:10E67000082DF1D330BD0020704770B5C0EBC0034A
:10E6800003EB00100022FF4B114603EB4005012471
:10E690006B5C002004FA00F6334201D0521C92B2A7
:10E6A000401C80B20828F5D3491C89B22E29EFD32B
:10E6B000D0B270BDC0EBC00101EB0010F14901EB1D
:10E6C00040002E2128F0DFBA70B5EF4E421C93B205
:10E6D000B279EE4D920708D01C226A700022AC5C21
:10E6E0009C4204D21B1B9BB205E01D22F5E7521C85
:10E6F0008A70CB700C22521C92B20C2AEFD3B6F85F
:10E7000007200723824208D9101A90FBF3F203FB7B
:10E7100012003279101AC01D06E0801A90FBF3F245
:10E7200003FB12003279104480B2B0FBF3F203FB1A
:10E730001200401C0871B07900F5FA60088070BDC5
:10E740002DE9FC438146C1EBC10000EB0110CD492E
:10E7500000269046354601EB40074FF0010C00249F
:10E76000785D0CFA04F108420AD0B04506D104EBFA
:10E77000C500401E80B26946FFF7A6FF761CB6B200
:10E78000641CA4B2082CEBD36D1CADB22E2DE6D3C5
:10E790000099C9F800109DF8041089F80410BDE82C
:10E7A000FC832DE9F843BA490125BA4F00261C46DF
:10E7B0000D70012817D0DFF8E082022874D00428F9
:10E7C00069D1694610460CF08FFB9DF80000402887
:10E7D00061D2C0EB001000EB400101EB08003D707E
:10E7E00080F8236071E0694610460CF053FB9DF8F9
:10E7F000000040284FD2A9495F2C16D03E2C1DD0D6
:10E80000402C1DD0032C25D0052C33D0032C41D017
:10E81000C0EBC00202EB001001EB400010F8231F18
:10E8200001F00F0141F0400133E0C0EBC00202EB08
:10E83000001201EB420282F82D60E9E7032200E0BA
:10E840000422C0EBC00303EB001301EB430383F886
:10E850002D20DDE7C0EBC00303EB001001EB40000F
:10E860000D2280F82D2010F8231F01F00F0141F038
:10E8700010010EE0C0EBC00303EB001001EB400001
:10E88000132280F82D2010F8231F01F00F0141F012
:10E89000300101707D70BDE8F88380F82860FAE7E8
:10E8A00002E080F82850F6E7694610460CF00EFBAF
:10E8B0009DF800004028EED2C0EB001000EB4001B4
:10E8C00001EB08003D7080F823505F2CE9D1E4E7AC
:10E8D0002DE9F8436E4901256E4E704FDFF8B8817F
:10E8E000DFF8BC911C460D700A28D4D2DFE800F096
:10E8F000310528121B47525E5E3E694610460CF0F9
:10E90000C9FA0BE0C0EBC00101EB0010757007EB1A
:10E91000400046E0694610460CF0CAFA9DF8000037
:10E920004028B8D2EEE7694610460CF0DDFA0BE05D
:10E93000C0EB001000EB4001357001EB080030E047
:10E94000694610460CF0C2FA9DF800004028A2D299
:10E95000EEE7694610460CF081FA0BE0C0EBC0010F
:10E9600001EB4011B57001EB09001AE06946104651
:10E970000CF082FA9DF8000080288CD2EEE7082A7D
:10E9800089D2C2EBC200474900EB4000357101EB70
:10E99000400006E0042A09D2434902EB4210757197
:10E9A0000844216840F8151F6168416073E72DE94C
:10E9B000F84F0E4636490127DFF8D890DFF8ECB063
:10E9C000DFF8ECA0DFF8EC801C4615460F700B2832
:10E9D0002ED2DFE800F006B1FADAF9F8F72D2D4073
:10E9E000F600694610460CF039FA9DF800008028C0
:10E9F0001ED23149204628F02EFB28F05CFD24F081
:10EA00000FFE02469DF80000C0EBC00101EB401371
:10EA100023491944C1F81E2058B101280ED00228FC
:10EA200012D0032804D1204628F05EFD2349086057
:10EA300082E4204628F058FD214903E0204628F0D2
:10EA400053FD2049087077E4204628F04DFD1E490B
:10EA500081F8280070E4694610460CF00DFA9DF824
:10EA600000008028E4D2C0EBC0010D4D01EB401046
:10EA7000284490F8231049BB90F8261009B980F873
:10EA8000267024E0B48502607C180060C2FF01603B
:10EA9000EE0200605CF802607DF70460BDEB04608C
:10EAA00092140260207D0260308502606501006082
:10EAB000660100601CAE026000007A4450010060F4
:10EAC0007902006069010060C090036031E0FD4997
:10EAD000204628F0C0FA28F0EEFC24F0A1FD014603
:10EAE0009DF80000C0EBC00202EB40102844C0F8C3
:10EAF0001E1090F82610A1F10C020A2A13D90B3A25
:10EB0000072A0BD801EBC10202EB0112EE491144B6
:10EB1000A1F5805191F8C11D012904D014F0FF41E5
:10EB200005D0012103E014F0FF4FFAD0002180F856
:10EB3000241089F802700DE4694610460CF0AAF919
:10EB40009DF800004028F6D2C0EBC001DF4D01EB7C
:10EB5000001005EB400089F8017090F82810012999
:10EB600027D01EE4D749204628F075FA28F0A3FCE8
:10EB700024F056FD9DF80010C1EBC10202EB01111B
:10EB800005EB4101C1F81E000BE4694610460CF08C
:10EB90008FF99DF800004028E3D2C0EBC001CB4DB7
:10EBA00001EB001005EB400089F8017090F8281087
:10EBB00061B190F82D100029D4D1032180F82D10D7
:10EBC000D0E79DE18CE169E139E0FCE090F82D109F
:10EBD00009B980F82D70BB49204628F03CFA28F08E
:10EBE0006AFC24F01DFD01469DF80000C0EBC00248
:10EBF00002EB001005EB4000C0F81E1090F82D103D
:10EC0000A1F10C020A2A13D90B3A072A0BD801EBFF
:10EC1000C10202EB0112AC491144A1F5805191F8F7
:10EC2000C11D012904D014F0FF4105D0012103E0EA
:10EC300014F0FF4FFAD0002180F8261006E4694650
:10EC400010460CF051F99DF80050402DF6D20120ED
:10EC50009F4F89F80000BC4202D108EB85106EE09E
:10EC6000C5EB0510DFF86C9200EB4001494491F9C7
:10EC70002800A0F10C020A2A24D90B3A072A0BD843
:10EC800000EBC00202EB00128F481044A0F5805048
:10EC900090F8C10D012815D09BF800209AF80000CB
:10ECA0001044A84204F0FF404CD900B1012028F0E4
:10ECB000DFFB08EB851141F8260028461FF08FF98D
:10ECC000D0B91AE09BF800209AF800001044A8423E
:10ECD00004F0FF401CD968B1002028F0C9FB0146B0
:10ECE00008EB851040F8261028461FF078F918B177
:10ECF000002002E00120F0E701209DF80010C1EBA8
:10ED0000011101EB410202EB090181F825002CE021
:10ED1000002807D04FF0000081F8250005D14FF002
:10ED2000010004E04FF00100F6E74FF0000028F08A
:10ED30009FFB014608EB85100F2EC16315D040F8EC
:10ED4000267012E000B1012081F825000F2E03D0BB
:10ED500008EB851040F8267014F0FF4000D0012029
:10ED600028F086FB08EB8511C8639DF80000594C1C
:10ED7000C0EB001101EB41012144002281F8232066
:10ED800002F01BFD02F0A3F99BF800109AF80000B6
:10ED900001449DF80000814207D8C0EB001101EB4F
:10EDA00041012144012281F82220C0EB001000EB38
:10EDB0004000204490F8281000297FF43FAF012143
:10EDC00080F8281034E6694610460CF07FF89DF86C
:10EDD00000004028F6D2C0EB00113E4D01EB41018E
:10EDE000294489F8007091F828200AB981F8287020
:10EDF00081F823709AF800209BF80010B94611445E
:10EE00005746814216D908EB801141F826401DF083
:10EE100058FC2C4928F01FF928F04DFB24F000FC89
:10EE200001469DF80000C0EB001000EB40002844B4
:10EE3000C0F81E109BF80000397801449DF80000CE
:10EE4000814228D8C0EB001101EB4101294408EBB5
:10EE5000801081F82290C4630F2E02D01C4940F824
:10EE600026101849204628F0F6F828F024FB04461E
:10EE700024F0D6FB9DF80010C1EB011101EB41011C
:10EE80002944C1F81E00204624F0CAFB12499DF80F
:10EE9000002021F8120002F01AF9C9E589F804707F
:10EEA0000849184628F0D7F828F005FB24F0B8FBED
:10EEB0000146C5EBC500094A00EB400002EB4000EB
:10EEC0008177B5E500007A44FA0F0260BDEB04607B
:10EED00000007F437DF704604EFD0160207D0260ED
:10EEE00089F80570FD49184628F0B5F828F0E3FACE
:10EEF00024F096FBFA4A05EB45111144887797E513
:10EF0000012D0ED0022D17D0032AC6D1184628F0A5
:10EF1000EBFAF44981F85A0081B2E02016F02FF99B
:10EF200086E5184628F0E0FAC1B2EE4880F859109C
:10EF3000C72016F024F9AEE7184628F0D5FAE949BB
:10EF400081F84F0081B2D62016F019F90020E64969
:10EF500078E5F8B514460F46E4490122E44BE54E46
:10EF60000A7065B2042815D0022819D0E24D09288C
:10EF700025D000280DD19A70694638460BF06EFFF7
:10EF80009DF80000C0EBC00101EB4010284480F860
:10EF90002240F8BD1A70694638460BF0A5FF04E020
:10EFA0001A70694638460BF091FF9DF80000C0EBDF
:10EFB000001000EB4000304480F82250F8BD9A70F9
:10EFC000694638460BF058FFDAE72DE9F843C749A0
:10EFD0000124C74DC94EC74FDFF81C8399460C70FA
:10EFE0000A285FD2DFE800F0320522121B48535E88
:10EFF0005E37694610460BF04DFF0BE0C0EBC001D9
:10F0000001EB00106C7006EB400033E069461046DF
:10F010000BF04EFF9DF80000802843D2EEE76946D2
:10F0200010460BF061FF05E0494639E0694610469D
:10F030000BF04CFF9DF80000402833D2C0EB0010CD
:10F0400000EB40002C7038441322EDE7694610466F
:10F050000BF004FF03E0694610460BF00DFF9DF82E
:10F06000000080281ED2C0EBC00101EB4011AC7043
:10F0700001EB08001522D7E7082A13D2C2EBC20021
:10F080009F4900EB40002C7101EB400006E0042A90
:10F0900008D2934902EB42106C71084415221946BC
:10F0A00027F0D8FD82E4914B012201461A70904B63
:10F0B00094481A76142227F0CDBD70B5934D00EB1D
:10F0C000C000914E05EBC005002206EB0010134670
:10F0D000FF2405EBC10500EB011000EB42014B7072
:10F0E00000F81230AC54521CD2B2082AF5D370BDCD
:10F0F000F0B57E4FDDE9055601243C707C4F00EBF6
:10F10000C0003C74804C04EB001404EB011404EBCD
:10F1100042077B707D4B04F8125003EBC00000EBFC
:10F12000C1008654F0BDF0B5704A01268CB216704D
:10F130006F4A5674764A927902F5FA639C4227D157
:10F14000744C920709D01C22C1F3074500236D1EA1
:10F1500062700B2D0AD8002206E01D22F4E7A75C9E
:10F16000521C3B449BB2D2B29542F8DCC0EBC002C9
:10F1700002EB0012684803EB116189B200EB420018
:10F1800000EBD10001F0070102788E40324302709B
:10F19000F0BD624810B5008840F2E5340146FF2812
:10F1A00042D00CDC022828D004DC00283CD0012905
:10F1B00012D113E0032829D094290DD134E0A1F510
:10F1C0004070E53819D00A2808D0D1281ED000F2A6
:10F1D000E630B0F5803F27D0084610BD4F481422D6
:10F1E0004FA1801C27F036FD4C48142250A1163048
:10F1F00027F030FD40F2EF3010BD484814224EA1F8
:10F20000801C27F027FD14224EA107E0434814225A
:10F210004FA1801C27F01EFD142252A13F4816303A
:10F2200027F018FD204610BD3C48142250A1801C38
:10F2300027F010FD3948142251A1163027F00AFD9D
:10F24000942010BD3548801C7047344816307047F4
:10F250000146324810B51422801C27F0FBFCBDE8A3
:10F26000104009F041BD01462C4810B5142216305B
:10F2700027F0F0FCBDE8104009F036BD00280BD0A7
:10F28000FF2809D0A0F57F41FF3905D0012803D020
:10F29000022801D02149088070471D4948727047F3
:10F2A0001B48407A002800D0012070473849026886
:10F2B0000A6002790A71164AC378D3708378537151
:10F2C0000379137100783C38C0B2907100F5FA6090
:10F2D00008803049012008707047000000007A441F
:10F2E00030850260C09003603D010060EE02006066
:10F2F0005CF802607DF7046092140260BDEB04606C
:10F30000207D02601CBE0260707E0260F08202609E
:10F310007C180060C2FF0160B48502609C00006040
:10F320004E4554495820436F6E74726F6C730000E1
:10F330004E434342000000004A6574436F6E74728E
:10F340006F6C73004A65742050726F64756374004B
:10F350004E6577726F6E20536F6C7574696F6E7344
:10F36000000000004E6577726F4E6F64650000000C
:10F3700054656D636F436F6E74726F6C7300000041
:10F3800054656D636F2050726F6475637400000084
:10F390005C010060F5020060F84902680A60F84903
:10F3A00002788A7042784A7080780870F5490120A6
:10F3B000087091E7F448B0F900008DE78CE78BE71F
:10F3C00070B50C46F14B014601201870F04BF24E1F
:10F3D00004295876EF48007810D002295ED1044401
:10F3E000104646F8242028F07FF8EC4921F8140054
:10F3F000E0B20021BDE8704001F09FBE84424DD2D2
:10F40000C4EB041000EB4001E54846F824200D1839
:10F4100095F8230078BB95F92800A0F10C010A2982
:10F420001BD90B3907290BD800EBC00101EB0010E9
:10F43000DC490844A0F5805090F8C10D01280CD09B
:10F4400012F0FF4000D0012028F012F846F8240006
:10F4500020461EF0C4FD88B911E012F0FF4F0BD01A
:10F46000002028F005F846F8240020461EF0B7FDDD
:10F4700020B1002003E00EE00120F2E7012085F832
:10F48000250010F0FF0F02D04FF47A7100E0002148
:10F49000204609F046F800212046ABE770BDBD4A82
:10F4A000BD4B0428127803D0881853F8200013E7C6
:10F4B0009142FCD253F821000EE7F0B5BB4BBC4D96
:10F4C000002211461046B84E03F5007703F1400CB8
:10F4D00003F510742D7811E0C0EBC00E0EEB001E8A
:10F4E00006EB4E0E9EF828E0BEF1010F0DD00CF891
:10F4F00001002154491CC9B2401CC0B2A842EBD340
:10F50000AC480270AC480170F0BD98543A54521C9B
:10F51000D2B2F1E7F0B50022A44BA84D80331146DA
:10F5200010469F4E03F5007703F1400C03F510746D
:10F530002D7810E0C0EB001E0EEB4E0EB6449EF888
:10F5400023E0BEF1010F0DD00CF801002154491C3D
:10F55000C9B2401CC0B2A842ECD399480270994885
:10F560000170F0BD98543A54521CD2B2F1E730B554
:10F570000022954C11461046C0EBC00303EB40132C
:10F58000234493F82650ADB193F82330012B01D0DA
:10F5900043B10FE08D4B985403F500731A54521C7D
:10F5A000D2B207E0894B8033585403F500731954E5
:10F5B000491CC9B2401CC0B28028DDD38448027007
:10F5C0008448017030BDF0B5794B7C4C0246002078
:10F5D000754E1B78724F24787B4D062A7ED2DFE869
:10F5E00002F0033F53182C6900220FE0C2EBC20463
:10F5F00004EB021406EB440494F82840012C03D1D8
:10F600008A426DD0401CC0B2521CD2B29A42EDD395
:10F6100064E000220EE0C2EBC20404EB021406EB2D
:10F62000440494F828401CB98A4259D0401CC0B206
:10F63000521CD2B29A42EED350E000220DE0C2EB4F
:10F64000021303EB43033B4493F823301BB98A4274
:10F6500046D0401CC0B2521CD2B2A242EFD33DE011
:10F6600000220EE0C2EB021303EB43033B4493F88A
:10F670002330012B03D18A4232D0401CC0B2521C2D
:10F68000D2B2A242EED329E00022C2EBC20303EBC6
:10F6900042132B4493F826403CB193F82330012BBE
:10F6A00003D18A421CD0401CC0B2521CD2B2802A64
:10F6B000EBD313E00022C2EBC20303EB42132B4453
:10F6C00093F8264034B193F823301BB98A4207D00F
:10F6D000401CC0B2521CD2B2402AECD34FF0FF30D3
:10F6E000F0BDF0B5324B354C00222F4D1B782C4F1E
:10F6F0002478354E062818D2DFE800F0036E831810
:10F700002C9900200FE0C0EBC00404EB001405EBC3
:10F71000440494F82840012C03D18A4270D0521C32
:10F72000D2B2401CC0B29842EDD394E000200EE06B
:10F73000C0EBC00404EB001405EB440494F828402B
:10F740001CB98A425CD0521CD2B2401CC0B2984252
:10F75000EED380E000200DE0C0EB001303EB430389
:10F760003B4493F823301BB98A4276D0521CD2B264
:10F77000401CC0B2A042EFD36DE000006101006008
:10F780007C180060F5020060AA020060EE020060D2
:10F790005CF80260650100604CF302604EFD0160A0
:10F7A0007DF70460FA0F0260BDEB04607C0A016023
:10F7B00021020060220500606105006022020060F5
:10F7C0002305006063050060921402607C0B0160F9
:10F7D000240500606205006000200EE0C0EB00130D
:10F7E00003EB43033B4493F82330012B03D18A42BC
:10F7F00033D0521CD2B2401CC0B2A042EED32AE099
:10F800002BE00020C0EBC00303EB4013334493F81C
:10F8100026403CB193F82330012B03D18A421CD0FF
:10F82000521CD2B2401CC0B28028EBD313E000209F
:10F83000C0EBC00303EB4013334493F8264034B1CC
:10F8400093F823301BB98A4207D0521CD2B2401C15
:10F85000C0B28028ECD34FF0FF30F0BDFD49085C0A
:10F8600040280DD2C0EBC00101EB0010FA4901EBBA
:10F87000400090F82D00401E0A2801D901202BE5F8
:10F88000002029E510B50022402818D2F24BC0EB29
:10F89000C00404EB001003EB4000002910F8011C29
:10F8A00007D04B1E0A2B0AD80B3100F8011C01208F
:10F8B00010BDA1F10C030A2B01D80B39F5E7104656
:10F8C00010BDE4498031085C40280CD2C0EB001028
:10F8D000E24900EB4000084490F92800401E0A2845
:10F8E00001D90120F8E40020F6E40022402817D2D4
:10F8F000DA4BC0EB001000EB40001844002910F96F
:10F90000051C07D04B1E0A2B0AD80B3100F8051C2A
:10F910000120E1E4A1F10C030A2B01D80B39F5E732
:10F920001046D9E4CE49085C80280CD2C0EBC00157
:10F9300001EB4010CB49084490F82600401E0A28ED
:10F9400001D90120C8E40020C6E410B500228028B7
:10F9500017D2C44BC0EBC00404EB4010184400297C
:10F9600010F8011C07D04B1E0A2B0AD80B3100F8E7
:10F97000011C012010BDA1F10C030A2B01D80B3989
:10F98000F5E7104610BD2DE9F041C0EBC00101EBD9
:10F990000010B54900252C4601EBC006C4EBC4009D
:10F9A00000EB04103718781C27F094F938B1781C54
:10F9B00027F090F9142802D86D1CEDB200E008245D
:10F9C000641CE4B2082CE9D3A648C0F82A532846A0
:10F9D000BDE8F08170B50C46C0EBC00101EB001131
:10F9E000A14800EBC100C4EBC40101EB04114518B0
:10F9F000681C27F06FF930B1681C27F06BF91428E8
:10FA000001D8681C70BD994904EBC400084470BD5E
:10FA1000002809D101EBC100944908441168016034
:10FA200051684160117A017256E48D498031085C59
:10FA3000C0EBC00101EB0012874901EB42018C4A87
:10FA4000D1F81E1052F82030994203D042F820100D
:10FA5000012041E400203FE4864A10B50146002021
:10FA6000515CC1EBC10202EB41137E4A1A44824B46
:10FA7000D2F81E2053F82140A24202D043F82120A0
:10FA8000012010BD10B5044681B2A32015F077FB0C
:10FA9000C4F30721A42015F072FBC4F30741A5208D
:10FAA00015F06DFB210EBDE81040A62015F067BBD8
:10FAB00070B5724C0225724E94F82800092806D1C0
:10FAC00084F8285086F8265000200DF0A9FE94F8FE
:10FAD0002A00092808D184F82A5086F82850BDE861
:10FAE000704002200DF09CBE70BD66480078012871
:10FAF0000BD165483C210088B0FBF1F000F07F009D
:10FB00008030C1B2E920FAF73ABF52E410B50020C4
:10FB100015F095FB59491D20283115F021FB574858
:10FB2000574990F8280081F8260010BD554A10B5B5
:10FB30001078002804D05449088810B1401E08806D
:10FB400010BD0020107008800146E92015F017FB59
:10FB5000BDE81040DAE701469D2015F010BB00B566
:10FB600085B0042802D049A005B000BD1421684624
:10FB700027F089F84248694690F8FF2090F8FE0087
:10FB8000012A03D0022A08D042A0EDE743A212883E
:10FB9000ADF800200A22891C08E041A2C91C128885
:10FBA000ADF8002052228DF802200A2216F068FBE0
:10FBB0006846D9E72DE9F047042802D00020BDE8C7
:10FBC000F0872F4F0D78DFF8DC802C48DFF8D890D5
:10FBD000B7F8014197F803314FF0010C492D02D0DD
:10FBE000562D1CD019E04D784E2D16D187F8FFC048
:10FBF0008D782E46303D092D01D8C9781EE00AB116
:10FC000087F8FE201E49D1F8FD1040F85B1F848064
:10FC1000837189F819C009F067F80120CFE74D78A2
:10FC2000412DFAD18D78522DF7D1022587F8FF505A
:10FC3000CD782E46303D092DE1D80979A1F1300269
:10FC4000092A33D806EB860208EB42021144CAB2F5
:10FC5000D5E70000BC0A0160BDEB04607DF70460DD
:10FC6000FC0B016092140260C0350260309E03609C
:10FC70007C0E01607C0D01607C0F0160C090036010
:10FC80004E040260F60200600A0300606572726F43
:10FC9000720000006E756C6C00000000494E0000A0
:10FCA00056415200F0FDFFFF5CF80260EAB2A6E7A1
:10FCB00030B5ADF25C6D00240546CDF83446CDF884
:10FCC0003846CDF83C464FF418716846CDF84046AA
:10FCD00026F0D9FF4FF4F07198A826F0D4FF4FF426
:10FCE0008270ADF83406ADF858460120CDF83606DE
:10FCF00007208DF840048DF841445E218DF84214B0
:10FD00008DF844440A218DF8451421498DF8434467
:10FD10008DF8464408701F486A460DF588610480D6
:10FD200006201EF0D6FE694698A81EF0BBFB98A9D7
:10FD3000CDF83A16CDF83E061748007818B1601E87
:10FD40000DF25C6D30BD15490220174C0870144946
:10FD500003200DF2446208702B20454311482844CB
:10FD6000417A217000680DF5CB611DF0DCF90F4D73
:10FD700058B12078401EFE2807D200220DF23461CF
:10FD80000DF2446022F030FA28702878D8E700009D
:10FD90002201006028010060270100602601006048
:10FDA00052080060F0E002602A080060660200600D
:10FDB000704770477047E44988607047E248806840
:10FDC0007047E1488068401C00D001207047DE4940
:10FDD0000C3108607047DC480C3000687047DA4925
:10FDE0001031086070477047D7481030006870477E
:10FDF000D54948807047D448408870472DE9F0477E
:10FE0000ADF5207D04460020A89DADF878024FF4A2
:10FE10001E791E4692464946684626F034FFDFF8B2
:10FE20002C83C94998F8000048B9012D07D188688A
:10FE3000002804DA00200DF5207DBDE8F087812040
:10FE40008DF800002089A0F57F42FF3A09D008B163
:10FE5000A07A30B1207820B106280BD04FF0FF30C7
:10FE6000E9E7B948103000689F904888ADF87802FB
:10FE70000B2007E02CB154F8010F9F90A088ADF83B
:10FE800078020A208DF80100301D81B26F46B81C3F
:10FE90001FF088FD841C38193246514626F0DAFEE0
:10FEA0003444012D09D198F8000030B1224669464A
:10FEB000A74826F0CFFEA74804804946684626F0AA
:10FEC000E2FE2046B7E708B5134601200A460021A6
:10FED00000900846FFF792FF08BD2DE9F04792B069
:10FEE00000268246ADF8006010960F961196069691
:10FEF00096480E96059607960B960D460896099617
:10FF00000A960C96ADF8046000788F49174634467F
:10FF100020B9012B02D18A68002A08DB894689882A
:10FF2000C9F81450012B05D120B9002902DC0020AA
:10FF300012B082E72978812901D00028F8D095F8FD
:10FF400001806946A81C1FF032FD0F96ADF81660BF
:10FF50000A96BDF80000ADF83A60001F81B206961F
:10FF6000ADF82660ADF80010B8F10C0F54D2DFE800
:10FF700008F0A6060EA6155464A6A66B7D91281D52
:10FF80001FF0CEFE08B1002153E0102151E00EA871
:10FF90001FF0F2FF002835DC20214AE005A90A46BF
:10FFA000281D06A9921C1FF058FEBDF80000801FF6
:10FFB000ADF800000EA820F001F805F10A0868B1BC
:10FFC00061484146103000680A90B9F80200ADF867
:10FFD0002600BDF8002009A81FF057FE06980A90D9
:10FFE000BDF81600ADF82600BDF80020414609A86E
:10FFF0001FF073FF09A950461FF0FCFDBDF800007B
:020000040801F1
:10000000B84205D359E02819807A2855641CA4B257
:10001000BDF800008442F6D351E001A9281D1FF06D
:10002000C6FCBDF804100EA81FF0A6FE0028AAD139
:1000300030210EA81FF08AFF3FE00EA81FF0ADFF91
:1000400000283ADC4021F4E70A46291D0EA81FF0DB
:1000500029FFBDF80020291D0EA81FF0EAFEBDF8FB
:100060000020291D0EA81FF038FF26E00EA95046DB
:100070001FF0C0FDBDF80000B84205D31DE02819EF
:1000800000792855641CA4B2BDF80000001D84420C
:10009000F5D314E00EA950461FF0ACFDBDF80000EA
:1000A000B84205D309E0281900792855641CA4B288
:1000B000BDF800008442F6D301E0ADF80060BDF861
:1000C000000035E72448B0F84200704770B50028BA
:1000D0001ED01D4A06240470D168C0F801101E4BC2
:1000E0005188A0F80510B3F842100181B3F842100E
:1000F0000025A1F57F46FF3E0BD051B111780129B3
:1001000009D08472D3F80F1040F80B1F1189818039
:1001100070BD857270BD8572F4E70021002812D091
:1001200006220270084A1369C0F801305288A0F80C
:1001300005204FF6FF720281002282724318491C8B
:10014000DA720729FADB7047C8000060A20300607A
:10015000B4300460AC030060C09003602DE9F05F30
:10016000DDE90C750B9E9846924689468346002D24
:1001700052DB05EB0510FC4900EB400001EB4004AD
:100180006621204626F07FFD022084F863000120CE
:10019000E07184F8655084F858A007F0A7FE23F0BA
:1001A0003FFAC4F80E003A20A074F04884F8579043
:1001B0000188A4F85510491C018084F80B8058462A
:1001C00026F088FDA074594604F1130026F0AEFD18
:1001D0000A9810B1FF2084F8590066B104F1590162
:1001E000002004E03A5C401C01F8012B00B2B04250
:1001F00001DA0528F6DBDE49002084F86300087880
:10020000401CC0B20870102801D910200870D949CC
:100210000888401C088001E04FF0FF356D1C28B2B3
:10022000BDE8F09F2DE9F047CF4CDDF820901F4648
:10023000904606460025E079012804D0A07A40B314
:100240000020A0720AE094F8581041451AD14FB12D
:10025000B4F85500B6F90010884213D16D1C28B2CD
:10026000BDE8F087207A68B9304626F033FD94F96E
:100270001210884206D1314604F1130026F031FDF8
:100280000028EBD06D1C2DB26634102DD3DB00207E
:10029000E6E7A9F80050FAE72DE9F04F85B083466C
:1002A000DDE90F5404A898464FF0FF370E9E0090EA
:1002B00091468A46ADF8107000235846FFF7B2FF0A
:1002C000002803DD384605B0BDE8F08FBDF9100009
:1002D00000280EDBCDE90240CDE9006543464A46E1
:1002E00051465846FFF73AFFA348017841F0010113
:1002F0000170BDF81000401C00B2E4E72DE9F04F9A
:1003000000259E4AB7B02C462E46A84628464FF0F8
:100310000109C0EBC00101EB001102EB410191F9B1
:100320002310CB0707D008F1010809FA00F108F003
:10033000FF080C4306E0890704D5761C09FA00F192
:10034000F6B20D43401CC0B22028E2D3C82104A855
:1003500026F099FC2C274FF0200B4FF0690AB8F1DA
:10036000000F78D08DF814B063218DF815108DF83A
:1003700016A072238DF8173063234F208DF81830A4
:100380008DF81000752370208DF819308DF811004C
:100390008DF81AA0742165208DF81B108DF81200BD
:1003A0006E228DF81CB06F218DF81D1058468DF807
:1003B0001E208DF81F0049208DF820004E208DF85A
:1003C000210012208DF813204FF00A08002109FAAD
:1003D00001F222421DD0092906D24A1CB2FBF8F3D1
:1003E00008FB132304AA0DE04B1CB3FBF8FC04AA82
:1003F0000CF1300C02F800C0B3FBF8FC401C08FB09
:100400001C33C0B230331354401CC0B21754401CCC
:10041000C0B2491CC9B22029D9D33A2800D93A2000
:1004200004AA002111545748574B554A90F900002F
:1004300093F90030CDE90030CDE9022153480B4655
:10044000FF21027804A8FFF727FF10F0FF0F02D06A
:100450004F4981F80090C82104A826F014FC002E12
:100460007DD053208DF8100068204FF06F0C8DF870
:10047000110074268DF812C072208DF813005846B2
:1004800072228DF814608DF818208DF820008DF8F8
:1004900015B06321632249208DF816108DF81920BC
:1004A0008DF81C608DF8210075228DF81DB04E204E
:1004B0008DF81EC06E218DF822000A238DF81A20B7
:1004C0008DF81F1013208DF817A08DF81BA00021A8
:1004D000C84608FA01F22A4220D0092901F1010296
:1004E0000AD2B2FBF3F403FB142404AA30341454EC
:1004F000401CC0B217540FE0B2FBF3F604AC303628
:100500002654B2FBF3F6401C03FB1622C0B2303275
:100510002254401CC0B22754401CC0B2491CC9B26E
:100520002029D6D33A2800D93A2004AA0021115410
:10053000144A154B124892F9002093F90030CDE986
:100540000032CDE9020111480B46FF21027804A8D0
:10055000FFF7A2FE10F0FF0F04D00D4900E001E00C
:1005600081F8008037B0AFE6BA070260440100604E
:10057000340100604C01006068010060BDEB046064
:1005800093010060920100609101006069010060C8
:1005900090010060F0B5B7B00E4604461F46154600
:1005A000C82104A826F06FFB3CB33B463246BDA1F0
:1005B00004A8009527F068FE04A826F08BFB002114
:1005C0003A2801D98DF84A10C04AC14BBE4892F969
:1005D000002093F90030CDE90032CDE90201BD4899
:1005E0000023FF21027804A8FFF756FE002802DD51
:1005F000B9490120087037B0F0BD3B463246B7A17B
:1006000004A827F041FED7E710B5B6B00446C821CC
:1006100004A826F038FB012C2ED0022C2ED0032C5F
:100620002ED0042C2ED0052C2ED0072C22D1B7A1F1
:1006300004A827F029FE04A826F04CFB00213A2844
:1006400001D98DF84A10A14AA14B9F4892F9002088
:1006500093F90030CDE90032CDE902019D48002335
:10066000FF21027804A8FFF717FE002802DD9A494F
:100670000120087036B010BDAAA1D9E7B2A1D7E712
:10068000B7A1D5E7BCA1D3E7C24903200870C2498E
:1006900081F8C200C1A1CBE730B589B00D46044650
:1006A000142104A826F0EFFA24B1012C05D0022C65
:1006B00006D00AE02A46BEA104E02A46C3A101E012
:1006C0002A46C9A104A827F0DFFD04A826F002FBF2
:1006D0007F487E49002390F900007B4A91F9001081
:1006E0008DE80F007B48FF21027804A8FFF7D4FDB6
:1006F000002802DD78490120087009B030BD2DE9DD
:10070000F041C14C16460F4680460025E079B0B155
:1007100094F85800B04212D194F85700B8420ED164
:10072000207A60B9404626F0D5FA94F91210884232
:1007300005D1414604F1130026F0D3FA30B16D1C07
:100740002DB26634102DE1DBBDE8F081012004F804
:10075000080F002084F8560084F8570084F85800E9
:1007600084F8590084F85A00617829B9A74A1178A9
:100770004B1E137000D21070A548017841F00201A1
:100780000170E1E770472DE9F04F524A834600249B
:100790009D48DFF87892177825464FF0010A2646E3
:1007A000C279EAB390F86320D2BB022280F86320BA
:1007B0005A4600230DE092F807C0BCF1000F05D0A7
:1007C00090F865C092F86580C44504D05B1C1BB2EC
:1007D00066328B42EFDB8B424DDA937A43B3027A77
:1007E00052B9427A42B999F80020B2F1010C89F865
:1007F00000C001D289F80060C67180F8636006729B
:10080000467280F80AA080F8646090F85820BA42D6
:100810000BD180F85E6080F85F6080F8606000E077
:100820002BE080F8616080F8626044F0020424E00C
:10083000527A02B3427AF2B9027A42B999F80020A8
:10084000B2F1010C89F800C001D289F8006080F88B
:1008500009A080F8646090F85820BA4209D180F865
:100860005E6080F85F6080F8606080F8616080F8AA
:10087000626044F0010480F863606D1C2DB2663044
:10088000102D8DDB002C0AD06149A20791F90000E0
:1008900040F00100087002D540F00200087013E536
:1008A000704700004944203A257520534E3A2025D0
:1008B0006C752068617320636F6E6C696674205379
:1008C0004E3A20256C750000930100609201006093
:1008D0009101006069010060900100604944203A84
:1008E000257520534E3A20256C752068617320636E
:1008F0006F6E6C6966742077697468205433206366
:100900006F6E74726F6C6C657200000043414E2014
:100910004E4F5420434F4E4E45435420534E545057
:10092000000000004C6F737420636F6D6D756E690D
:100930006361746F6E207769746820746F702062D1
:100940006F617264000000005245414420414F2015
:10095000466565646261636B204641494C00000056
:100960005570646174652074696D65207365727675
:100970006572206661696C004C6F736520636F6DF2
:100980006D756E69636174696F6E20776974682034
:1009900070696300800400604E0402605344204389
:1009A0004152442049532041424E4F524D414C0048
:1009B000505247202564206572726F72203A20647D
:1009C000656164206379636C653100005052472093
:1009D0002564206572726F72203A2064656164201C
:1009E0006379636C653200005052472025642065AE
:1009F00072726F72203A2074616B6573206C6F6E37
:100A0000672074696D650000BA07026034010060F8
:100A1000680100602DE9F047FE49C0EBC00301EB1F
:100A200083040A22A275E17C01297BD0FA4900EBFC
:100A3000400001EB8005E11C204603F050FE04F16C
:100A40000E01C81E03F04BFEE07D4FF6FF7101EA78
:100A50000020217E0026084487B2B046D4F8030067
:100A600022F0DEFDDFF8B493C9F81000D4F80E00D0
:100A700022F0D6FDC9F81400D9F81010DFF8A093C1
:100A8000A1EB000C00203FB164200CFB00F090FBB8
:100A9000F7F0484500DD4846217D01B9404229680C
:100AA000A27D6144520851436A681144002A04DB64
:100AB000B1F5000F06DBDB4904E011F5000F01DCA6
:100AC000D84949426960627E72B1237D13B102FB4D
:100AD00001F301E002FB1163617D09B13C2101E0FA
:100AE0004FF4616193FBF1F6E17E81B12B684FF029
:100AF000640803FB08F393FBF7F3277D5B4297B190
:100B00005943A37DC3EB03139B0091FBF3F86423CC
:100B100098FBF3F10844A17E08444946884204DD6D
:100B2000484605E013E04942EAE7002800DA0020E1
:100B30003AB13044884201DD084602E0002800DA7C
:100B40000020C5F800C022F06BFDC4F80700BDE826
:100B5000F0872DE9F84FB44C0026DFF8D092DFF88B
:100B6000D0A2B04699F804004F46401E45B2002D71
:100B700000DA0625E07FE8BB94F8280078B16946E2
:100B800004F1270003F0ABFD0098002801D04FF0DE
:100B9000010084F8210004D04FF0080501E084F83A
:100BA000218094F8250078B1694604F1240003F00F
:100BB00096FD0098002801D04FF0010084F8200035
:100BC00004D04FF0070501E084F82080994806EB37
:100BD000C60200EB021000EB0511BB787F780AEB30
:100BE000C2024FF0070002EBC50201F10E01155CD5
:100BF000FF2D00E011E006D04D78AB420BD802D1BA
:100C00000D78AF4207D2401E891E40B20028EEDAAE
:100C1000115CFF2908D0105CA077761C76B22A34CC
:100C2000082E9FDBBDE8F88F84F81E80F5E7F0B54D
:100C30007E4A00210125B2F807307F4843F3C702FE
:100C400003F007037D4E05FA03F463B20F46C47F39
:100C50005CB9C1EBC10404EB011406EB4404A45CD1
:100C60001C4201D0857700E08777491C49B22130CA
:100C70000429ECDBF0BD01228240087810430870A3
:100C8000704701228240D0430A7802400A707047C0
:100C9000C308012200F007008240C95CD0B20142C3
:100CA00001D001207047002070472DE9F04F644AC1
:100CB0005A4D8BB0A87902EBC004617819B9411C78
:100CC000A9716428F6D3A8790027642801D3AF71ED
:100CD000DDE06879411C6971032801D36F71D6E0AA
:100CE000E0780BF084F800287ED0401EC0B20A9055
:100CF000A079DFF850A14FF0060B4FF00109E0BBDF
:100D0000E0788DF800008DF801B002208DF8020027
:100D100035208DF803008DF804708DF805700621DC
:100D200068460CF094FD010A8DF806108DF8070056
:100D30000A980CF0C2FD082168460A9A0CF09EFD44
:100D4000082100200A9A10F06FFCC8200A9910F0C0
:100D500084FCDFF8F48006007AD0B11E50460CF017
:100D600076FD81B20AEB060010F8012C10F8020C97
:100D700002EB002088426BD100E00FE09DF80000FC
:100D8000324A642108F8007022F810106F710021B7
:100D900001200A9A10F048FC84F80690E0788DF85B
:100DA00000008DF801B08DF8029011208DF803003D
:100DB0008DF80470607960B304208DF80500062179
:100DC00068460CF044FD010A8DF806108DF8070006
:100DD0000A980CF072FD082168460A9A0CF04EFD44
:100DE000082100200A9A00E052E010F01DFCC82003
:100DF0000A9910F032FC060049D0B11E11480CF0DF
:100E000026FD81B20AEB060010F8012C10F8020C46
:100E10001FE040E0E629026032130160E00000605C
:100E2000A0860100FFFF7F00207D02607C1800602B
:100E3000F0820260707E026030850260B4850260DC
:100E4000B97E036054970360BA7D03605C7B0360E6
:100E500016E002EB0020884219D16F7100210120B9
:100E60000A9A10F0E1FB6079FE4E0028E0783146E6
:100E7000A0F10100C0B21AD0FFF70AFF70B126E05E
:100E80009DF8000018F80020521C08F800200020EF
:100E90000BB0BDE8F08F8DF8057090E7E078401E4C
:100EA00006EBE00100F00700FFF7E5FE0BE0FFF7BF
:100EB000EFFE01280BD1E078401E06EBE00100F0C8
:100EC0000700FFF7DEFE287800F0BF00287067708B
:100ED0000120DDE72DE9F84F0027DFF88C93DFF8DC
:100EE0008C833E464FF0010BBA46C6EBC600E04B82
:100EF00000EB46101A5C002A3ED000EB030C9CF875
:100F00000110002938D0521E1856D4B2FF2833D011
:100F10009CF8020000224D1E434688F80000072D71
:100F200009D8C1EBC101D34A01EB410102EB4101F8
:100F3000012211F80C7C010640D4002A77D009EB7D
:100F4000C6056F7117B140F0400001E000F0BF002E
:100F50008CF80200C3492046FFF79AFEC149009071
:100F600020312046FFF794FE0099B94205D120B107
:100F700098F80800012817D059E0611CE9709CF826
:100F800001102971594685F801B078BB09F836106F
:100F9000B44885F807A0A970203000EBD40104F014
:100FA0000700FFF768FE42E0601CE8706F7185F88B
:100FB00001B0FE2C3BD188F808A038E01D46FF2880
:100FC00035D0A84920462031FFF762FE8446A54966
:100FD0002046FFF75DFE2978C1F38011884206D1D3
:100FE000BCF1000F06D0287A012816D01FE0BCF112
:100FF000000F07D19B48203000EBD40104F007001C
:10100000FFF739FE09EBC600641CC4702978C1F3F0
:10101000801141710221417009E009EBC600C470E2
:10102000417102214170FE2C01D185F808A0761C87
:10103000F6B2FF2EFFF459AFF4E510B500208E4B49
:101040000146C0EBC00202EB001203EB4202401C5F
:10105000C0B282F829101028F3D3884C0020C0EBCE
:10106000C00101EB810114F81120002A14D0012ADB
:101070000ED104EB41014979102909D2C1EBC1021B
:1010800002EB011103EB410111F8292F521C0A70E8
:10109000401CC0B2F028E2D310BD744A10B551898B
:1010A000642911D300235381D179B1FBF0F400FB03
:1010B0001410491CD171002808D1D37102F028FB0B
:1010C000BDE8104002F0E4BC491C518110BD6749E5
:1010D0000020C860704770B50A460446C0EB041093
:1010E000674900EB40000844664D90F92800092844
:1010F00021D2DFE800F02005070C07070C070E00DF
:10110000614900E06149104625F0D7FF0BE06049D6
:10111000F9E70321104626F00EF8294625F0CDFF09
:101120005C4925F040FF26F0DFF981B22046BDE89A
:10113000704007F0F6B92946E5E72DE9F0470A4681
:10114000054655485549564B007809784418554985
:10115000AC4201EB851601D8F361F8E4C5EB05114B
:1011600001EB41044649504F0C44DFF8408194F8AC
:101170002210DFF810914FF47A7A39B13B4B0021FD
:10118000D96094F82330CBB3CAB364E0F36194F828
:101190002300A8BB28461CF022FF4FF47A71484375
:1011A00041E0A0F1170107290AD800EBC00101EBCB
:1011B00000103844A0F5805090F8C10D012804D0EB
:1011C00028461CF00CFFC8BB04E028461CF007FFB3
:1011D000A0B3002084F8250010F0FF0F01D0514685
:1011E00000E000212846BDE8F04707F09AB9D4F89E
:1011F0001E0022F015FA28F81500A8E401E020E00E
:1012000029E032B994F82520012A01D14FF07E510E
:10121000F1618542BED328461BF053FA494625F0BA
:101220001AFF26F048F922F0FBF9C4F81E0094F9E1
:101230002800A0F10C010A29C7D9B2E7FFE7012075
:10124000C8E7D4F81E0022F0EBF926F008F9494669
:1012500025F033FFF06107F041FAA842C7D92846CC
:1012600026E00000F2120160B97E0360E000006039
:101270006C860260207D0260A0380260803B0260C4
:101280007DF7046000007A44000020410000C8425D
:101290000000A04100004843650100606601006055
:1012A00000007F431CAE0260FA0F02604EFD016039
:1012B0001BF007FA494625F0CEFE26F0FCF822F096
:1012C000AFF9C4F81E0022F0ABF926F0C8F80146C9
:1012D0002846BDE8F047FEE608B5FBF7F3FBDFF86C
:1012E00000840126009088F845600024FD4FBC7002
:1012F0007C70FC703C71FFF7A0FE0025E8B2002175
:10130000FFF71BFF6D1CADB2BA46FC60402DF5D354
:10131000F549C62013F024FFF34D2878401CC1B2D4
:101320002970C62013F02BFF2878052810D9EF4923
:10133000002000EB800202EB40120A44401C80B205
:1013400082F820401028F4D30021C62013F017FFA4
:10135000E74901200870E74905200870FDF77AF990
:10136000E54D4FF01B0B4FF4FA716846FBF7ABF9F4
:10137000E24E96F823000B2813D00E2814D085F8DF
:10138000F94122F025FB022012F00EFB002896F80E
:10139000230012D00B280AD00E280BD085F8F9B103
:1013A00011E085F8B142ECE785F86943E9E785F893
:1013B000B1B208E085F869B305E00B280BD00E2820
:1013C0000CD085F8F9410220FFF767FE96F823005C
:1013D000082806D008E085F8B142F4E785F86943AB
:1013E000F1E70220FFF759FEC54909200870BC4803
:1013F000418A491C418207F09BFAC24800683C2898
:1014000007D9B948017821B104700021C62013F032
:10141000B6FE03F0B9FF012812D1002606EB8600C4
:1014200000EB4611B1480F18F88B18B197F820005F
:1014300001280CD087F82240761CB6B2102EEDD3CE
:1014400022F0CCFCB048002290F800804CE0DFF89D
:10145000BC9206EB4600AE49C0EBC61001EB001192
:1014600099F8008030B201F071F999F80000A0EB12
:101470000800401C87F82200DEE7A64802EB420184
:1014800000EB8101A44B887803EBD00300F0070642
:101490001B780120B040034201D0002600E0012665
:1014A0000020CF79DFF874C20AE0CB780344C3EBA5
:1014B000031303EB43036344401C83F8276080B2AB
:1014C0008742F2D800200F7A0AE00B790344C3EB7D
:1014D000031303EB43036344401C83F8276080B28B
:1014E0008742F2D8521C92B24245C6D39AF8010004
:1014F0005746401CC0B28AF80100142815D3DFF803
:1015000020820026C6EBC60108EB8100807810B16E
:1015100030B2FFF77FFA761CB6B2102EF2D37C7091
:10152000002007F052F907F08FF9F878052802D269
:10153000401CF87004E0FC70FFF70BFBFFF777FB33
:10154000FFF7C8FC7748017801B104707648774A04
:1015500001681160764904604FF080500860BFF365
:101560004F8FBFF36F8FFEE62DE9F0470646C0EBC5
:10157000061000EB40016948714F0C186E4894F951
:10158000241000EB8615DFF85C816A4BDFF8ACA114
:1015900038784FF07E5C4FF47A79002249B1022905
:1015A0006BD0012973D16748A8613046BDE8F04788
:1015B000C3E5C8F80C2094F82310D1B1AA6184F8CF
:1015C0002520864264D230461CF009FD4FF47A7122
:1015D000484322F025F8C4F81E0030461CF0FFFCFA
:1015E00000EB4001C1EBC0104FF6FF7101EAC001F2
:1015F0003EE094F92810A1F10C08B8F10A0F11D9B6
:10160000A1F11708B8F1070F0AD801EBC10808EBE0
:1016100001111944A1F5805191F8C11D012901D092
:10162000AA6156E0C5F818C08FE01CF0D8FC03E0B2
:101630001BF047F800F0FF4008B1002003E0012054
:1016400001E00028FBD184F8250038788642304636
:1016500045D21CF0C4FC4FF47A71484321F0E0FFFE
:10166000C4F81E0094F8250008B1494600E00021A6
:101670003046BDE8F04706F054BFC8F80C2094F897
:10168000231069B194F92800092870D201E093E091
:1016900072E0DFE800F0886D6F866F6F866F6F0015
:1016A00094F92810A1F10C08B8F10A0F4CD9A1F156
:1016B0001708B8F1070F0AD801EBC10808EB0111B0
:1016C0001944A1F5805191F8C11D01293CD0C5F8FC
:1016D00018C0864230463DD21CF081FCB1E73EE0A6
:1016E000C8990360E0000060EA02006042120260F4
:1016F0002401006025010060BDEB0460C090036020
:10170000F4020060B8020060200200603000006057
:101710007A7301601D4A03609A7D03607DF704605F
:10172000E6290260FC00006008010060040100601E
:1017300004ED00E0FA0F02601CAE026000007A4483
:101740006501006000007F43AA6186423046BFF415
:101750006FAF6AE71AF0B5FF00F0FF4071E71AF0CB
:10176000B0FF514625F077FC25F0A5FE76E71AE09C
:10177000694800E06948A86130461AF0A2FF514666
:1017800025F069FC25F097FE21F04AFFC4F81E0001
:1017900021F046FF25F063FE01463046BDE8F047E4
:1017A00099E45F48E7E7D4F81E0021F039FF90FB89
:1017B000F9F025F054FEDEE7CFE470B50446594851
:1017C0005949007809780144A14205D85849574839
:1017D00001EB8411C86160E0C4EB041101EB41022C
:1017E0005449554E551895F82310D1B1844234D23E
:1017F00020461CF0F4FB4FF47A71484321F010FFAF
:10180000C5F81E0020461CF0EAFB00EB4001C1EBCE
:10181000C0104FF6FF7101EAC001204606F081FEBC
:101820003BE08442204605D21CF0D9FB4FF47A718C
:10183000484306E01AF045FF314625F00CFC25F040
:101840003AFE21F0EDFEC5F81E0095F8250010B116
:101850004FF47A71E1E70021DFE706F03FFFA04295
:1018600014D920461AF02DFF314625F0F4FB25F05F
:1018700022FE21F0D5FEC5F81E0021F0D1FE25F094
:10188000EEFD01462046FFF726FC06E0D5F81E00D7
:1018900021F0C6FE294921F81400BDE8704007F088
:1018A000F0BD30B5264B224D204C002005EB8011B9
:1018B0004A6AA24205D01A5C12B1521E1A5400E0C4
:1018C0004C62401CC0B24028F0D330BD70B51D48FA
:1018D00090F8591000291ED01B4AC1EB0111D068A5
:1018E000431CD360B0EB810F15D900200F4D104E73
:1018F0000446D060002106EB841040F82150491CBA
:10190000C9B21029F9D300212046FFF716FC641C48
:10191000E4B2402CEED370BD000020410000C8426C
:101920000000A041650100606601006000007F4387
:101930001CAE02607DF7046000007A444EFD016039
:10194000F2130160C0900360E000006010B5014632
:10195000FEA025F0B5F9FE49002230B94888401CA8
:1019600080B24880B0F5FA6F02D94A80012010BDDC
:10197000002010BD30B5C5B2C0F30724C0F3074343
:10198000000E012A0AD0022A0DD0032A10D0042A00
:1019900003D1C8708B704C700D7030BD08704B70E7
:1019A0008C70CD7030BD8870CB700C704D7030BDB8
:1019B00048700B70CC708D7030BD70B5CEB2C1F375
:1019C0000725C1F307440023090E042A06D0032A81
:1019D0000DD0022A14D0012A1BD022E066F307039F
:1019E00065F30F2364F3174361F31F6319E064F396
:1019F000070361F30F2366F3174365F31F6310E0DA
:101A000065F3070366F30F2361F3174364F31F6362
:101A100007E061F3070364F30F2365F3174366F3ED
:101A20001F634FF6FF7101EA0321C3F3072211433D
:101A3000C3F3074242EA01211A0E42EA0121016082
:101A400070BD008840BA7047C178006861F31F60BC
:101A50007047C0490868001F086000687047027836
:101A6000B0F90130832A0AD0842A08D0852A08D008
:101A7000862A03D1C8564FF47A7148437047C85834
:101A80007047C85EF7E72DE9F041B34DB34C00272E
:101A90002F60226806461378A3F18200042808D834
:101AA000D21C226006B137602068BDE8F041C01E3C
:101AB000D5E7AA480068401C9C2B06D09E2B0BD073
:101AC0009D2B28D00020BDE8F081A349206002F0C2
:101AD00006FE2068801C0AE092780C2A0AD00023B7
:101AE0001A469D49206003F051FB2068401D20608C
:101AF0002868E8E70646401D2060084600F018F810
:101B00004FF47A7190FBF1F000231A469249304667
:101B100003F03CFBECE7521D226006B13760206801
:101B200050F8040CCFE78B4A116801C1116070476F
:101B30002DE9F14F8948DFF828B2DFF828A20068C4
:101B4000894C8A4D00789EB082384FF001081C28DD
:101B500074D800201E99FFF796FFA1E2316811F8B2
:101B6000010B316057286AD037DC3B2868D021DC74
:101B700031287CD014DC06287AD008DC022878D002
:101B8000032877D0042876D0052808D1FEE307285B
:101B900072D0082871D0292850D02C28FCD0F8E029
:101BA00032380928FBD2DFE800F0EAE9E8E7E6E5A9
:101BB000E4E3D0003C381B28F1D2DFE800F0EFEE80
:101BC000ED3FECECEBEAEAE9E8EAEAEAEAE9E7E623
:101BD000E5EA3FE4E3E2EAEAE10079287ED015DCB9
:101BE000A0F158001F28DAD2DFE800F0FCD3D3D3ED
:101BF000D3D3D3D3FBFAD3D3D366F993D95FD335F9
:101C00004EF8F7D3D3F6F5F4F3F2F100C628B3D0CB
:101C100017DCC128BED008DC7A2878D07B2877D0A2
:101C2000A42801D0A528BAD159E2C228A7D0C32838
:101C3000A7D0C428A7D0C528B1D1A7E351E2BDE3FE
:101C4000F9E3C7380928AAD2DFE800F0FCFBFAF96B
:101C5000F8F7A3F6F500FFF7FCFE2060FFF7F9FEAA
:101C60002860206821F0DCFC2060286806E0F4E3AE
:101C7000F4E3F4E3F4E3F4E3F4E318E121F0D0FC5B
:101C80002860216808448FE2FFF7E3FE2060FFF739
:101C9000E0FE2860206821F0C3FC2060286821F065
:101CA000BFFC28602168401A7EE2FFF7D2FE206068
:101CB00021F0B6FC2060D0E1FFF7CBFE2860FFF7F3
:101CC000C8FE206021F0ACFC2060286821F0A8FC50
:101CD0004FF47A72286090FBF2F000E02CE107B23A
:101CE0002068012F0346CEDD00217F1E0CE090FB13
:101CF000F2F602FB16065E4396FBF2F690FBF2F05C
:101D000000FB0360491C09B2B942F0DB4CE2FCE085
:101D100081E0FFF79EFE2860FFF79BFE206021F028
:101D20007FFC2060286821F07BFC286021684FF44C
:101D30007A7291FBF2F302FB1313434393FBF2F32A
:101D400091FBF2F101FB0030F5E38CE301FFFE00B3
:101D5000FC00006070010060800100606C010060A8
:101D60007C010060E6290260840100608801006057
:101D700097E1D6E2B5E2A9E1C8E3CDE3F8E164E199
:101D8000F1E2CDE3BFE3EEE375E168E1CBE392E39B
:101D900084E1E9E3E9E368E3A4E1DBE1C4E1FFF71F
:101DA00058FE2860FFF755FE206021F039FC2060C6
:101DB000286821F035FC2860061E78D0304625F0D2
:101DC0004EFB0746206890FBF6F181460BE0CAE027
:101DD00073E084E058E027E115E1D0E0F1E03AE07B
:101DE00000E1DDE013E306FB110025F038FB394686
:101DF00025F063F9FE4925F02EF9074699FBF6F028
:101E00004FF47A71484325F02AFB394625F0CBF888
:101E100025F051FB8FE3FFF71CFE2860FFF719FE4A
:101E2000206021F0FDFB2060286821F0F9FB28608C
:101E3000E8B3216807E018E2B7E1A0E39CE398E388
:101E400094E38DE389E391FBF0F021F0E9FB4FF49B
:101E50007A714843D3E3FFF7FCFD2860FFF7F9FDF3
:101E6000206021F0DDFB2060286821F0D9FB28608C
:101E7000E8B1216891FBF0F200FB12104FF47A7187
:101E800090FBF1F02060E4E2FFF7E3FD2860FFF74C
:101E9000E0FD206021F0C4FB2060286821F0C0FB39
:101EA0004FF47A7190FBF1F02860226800E029E09D
:101EB00092FBF1F148402160CBE2FFF7CAFD2060C0
:101EC000FFF7C7FD2860206821F0AAFB2060286882
:101ED00021F0A6FB28602168014313D126E3FFF718
:101EE000B8FD2060FFF7B5FD2860206821F098FB61
:101EF0002060286821F094FB286021680029EDD03B
:101F00000028EBD04FF47A7015E3FFF7A2FD2060B4
:101F1000FFF79FFD2860206821F082FB4FF47A765E
:101F200090FBF6F02060286821F07AFB90FBF6F138
:101F30002960206808438CE2FFF78BFD2060FFF7E3
:101F400088FD2860206821F06BFB4FF47A7690FBC7
:101F5000F6F02060286821F063FB90FBF6F1296021
:101F60002068084075E2FFF774FD206021F058FBFF
:101F7000206010B100202060DDE20120FBE7FFF7C8
:101F800068FD2860FFF765FD206021F049FB2060B7
:101F9000286821F045FB2860216881427EDCC5E28B
:101FA000FFF757FD2860FFF754FD206021F038FB54
:101FB0002060286821F034FB2860216881426DDAB6
:101FC000B4E2FFF746FD2860FFF743FD206021F0F3
:101FD00027FB2060286821F023FB286021688142CC
:101FE0005CDBA3E2FFF735FD2860FFF732FD2060E0
:101FF00021F016FB2060286821F012FB2860216880
:1020000081424BDD92E2FFF724FD2860FFF721FDBE
:10201000206021F005FB2060286821F001FB28608A
:10202000216881423AD081E2FFF713FD2860FFF773
:1020300010FD206021F0F4FA2060286821F0F0FA09
:1020400028602168814229D170E2FFF702FD2060FB
:1020500021F0E6FA206000288EDA40426BE2FFF7BA
:10206000F8FC206025F009FA0022624B25F088F97F
:1020700026F092FF0AE0FFF7ECFC206025F0FDF966
:1020800000225C4B25F07CF926F01CFE25F08BFA33
:10209000574924F0E0FF25F00EFA00E04AE2206004
:1020A000ADE2FFF7D6FC21F0BBFA206025F0E5F9A0
:1020B0000022504B25F064F927F03EFE25F073FA1C
:1020C0004B4924F0C8FF25F0F6F954E7FFF7C1FCAF
:1020D00025F0D3F90022474B25F052F9D6E7FFF758
:1020E000B8FC9DE24448027862B9096880680B1A1E
:1020F000002B03DDFFF7ADFC00200FE03F49184443
:10210000884205D1FFF7A5FC21F08AFA0346F3E7E0
:10211000FFF79FFC21F084FA03460120FFF703FD3F
:10212000306840F8043B7AE2B1F9000021F079FA16
:102130003349096808443349086010F8011C19B193
:10214000006821F06DFA00E00020FFF7ECFC306839
:10215000801C64E2B1F9000021F063FA28490968A3
:1021600008442849086010F8011C0029ECD1E7E771
:1021700011F8017B3160244800210E468146016040
:102180000CE0FFF766FC206021F04AFA2060D9F8E5
:102190000020761C104436B2C9F80000BE42F0DBC5
:1021A000D9F8000090FBF7F0C5E111F8013B316070
:1021B000D81E172895D200220EAE4FF47A790BE084
:1021C000FFF747FC90FBF9F0991A06EB41012060FC
:1021D000521C21F8020C12B29A42F1DB0B48007833
:1021E0008DF86E00BDF838008DF86F0010E000002B
:1021F00000007A4400408F40FC000060EB32A4F8FD
:10220000740100608C010060800100603701006093
:10221000BDF83A000322010A02EB41118DF86C006F
:102220008DF86D10802101EBD0209B1E8DF8700081
:10223000DAB2002001AF0CE006EB400189884FEADA
:10224000112C07F810C007EB400C401C8CF8011053
:1022500000B29842F0DB5200012339461BA8CDF8AA
:10226000008002F017FD4846C9E111F8012B3160EA
:10227000D01E17289ED2002301AF4FF47A760BE0D0
:10228000FFF7E7FB90FBF6F0D11A07EB4101206066
:102290005B1C21F8020C1BB29342F1DBF7481823B8
:1022A000921E00788DF83A00BDF804008DF83B00CE
:1022B000BDF806008DF83800010A03EB41118DF8D6
:1022C0003910802101EBD0208DF83C001006C20DA2
:1022D0000123391D0EA8CDF8008002F0DBFC30464A
:1022E0008DE111F8017B3160FFF7B3FB21F098F924
:1022F000E349002689467F1E08600FE0FFF7A9FB2F
:10230000206021F08DF92060CBF80000D9F8002082
:10231000904201DDC9F80000761C36B2BE42EDDB0A
:102320001EE011F8017B3160FFF793FB21F078F993
:10233000D349002689467F1E08600FE0FFF789FB1E
:10234000206021F06DF92060CBF80000D9F8002062
:10235000904201DAC9F80000761C36B2BE42EDDBCD
:10236000D9F80000E7E0FFF774FB21F059F94FF4CA
:102370007A7790FBF7F006B2FFF76BFB21F050F98C
:1023800090FBF7F001B2B800864200E0DFE001DD2B
:10239000064602E0002E00DA0026C1EBC1020AEB7D
:1023A0008201304611F8092C82BBC21700EB126281
:1023B00001F8040C120A01F8052C4AE0FFF749FB6A
:1023C00021F02EF90A2190FBF1F0AD4E3060FFF7BD
:1023D00040FB21F025F94FF47A7190FBF1F001B246
:1023E0003068002801DA002002E0C82801DDC8209A
:1023F0003060C1EBC1020AEB820111F8092C0AB965
:1024000001F8010C00EB8000400094E021E0FFF7B0
:1024100020FB21F005F94FF47A7790FBF7F006B234
:10242000FFF717FB21F0FCF890FBF7F001B2FF2E4D
:1024300002DDFF2603E0A5E0002E00DA0026C1EB56
:10244000C1020AEB8201304611F8092C0AB901F8E1
:10245000030C4FF47A7148436DE0D3E07AE06DE00D
:102460006FE071E062E00120C9E0FFF7F2FA20605E
:1024700021F0D6F82060FFF7ECFA286021F0D0F8C0
:10248000286021684FF47A7791FBF7F1491E0AB270
:102490007C490979491E00D50621336813F8013CAF
:1024A000402B0AD008EB420212B2B84203DB092AE1
:1024B00001D2002903DC0020A1E05200F4E790FBE8
:1024C000F7F390FBF7F0704E03EBC30300EBC00093
:1024D00006EB031306EB001003EB011300EB0110F6
:1024E00003EB420300EB420013F88F3C10F8900C12
:1024F0004FF4616C624903FB0CF3C0EB001003EB7B
:1025000080000860A5E75F48C07801E05D48007979
:102510004FF47A71484345E05A48B0F80700F7E7AE
:1025200058484079F4E75949487808B1002002E05A
:1025300081F80180012021F073F860E04FF4FA6027
:10254000F9E740F6B830F6E74FF47A60F3E741F286
:102550008830F0E741F27070EDE741F65830EAE775
:102560004FF4FA50E7E73BE069E01EE042F2283022
:10257000E1E742F21070DEE742F6F820DBE742F6D0
:10258000E060D8E73F4942488A784243487800EB08
:102590004003C3EBC01002EBC002087800EB8000E0
:1025A00002EB400036490860C5E73A4A002000EBDC
:1025B000001101EB410102EB4101CB79012B01D16B
:1025C000497A21B1401CC0B21028F0D373E7012032
:1025D00021F026F8FFF7A7FA1FB00120BDE8F08F21
:1025E000FFF737FA4FF47A7290FBF2F0FFF731FA07
:1025F00090FBF2F0FFF72DFA90FBF2F02648FFF780
:1026000092FA0DE0087882380A2806D8B1F901005C
:102610004FF47A714843FFF786FA3068C01C306087
:102620001E4E306890F90000FFF790F900283FF443
:1026300095AA314608680278FF2A04D005E0491EB1
:102640003160FFF786BA401C0860FFF702FA1FB03E
:10265000BDE8F04F20F0E4BF10B5B0F901300078CC
:1026600083281DD084281BD04FF47A74852819D074
:10267000862802D191FBF4F0D05410BD37010060E0
:10268000800100607C180060707E0260FC000060C9
:10269000A0860100BA07026018FCFFFF6C01006011
:1026A000D150EAE791FBF4F0D052E6E7F24A116824
:1026B0000B1D136008607047EF490868001F086031
:1026C00000687047F0B5B0F90170059DEE1936F954
:1026D00004CCBCF1000F03D0002A07DD944505DBD4
:1026E000002B03DD36F902CC9C4501DA0120F0BD58
:1026F0000078882806D0892804D08A2804D08B281E
:1027000005D103E0042402E0022400E0012436F8AD
:10271000026C521E02FB0632521E02FB047212B2FF
:10272000882808D0892806D04FF47A738A2804D0E4
:102730008B2809D105E0A95006E091FBF3F0A852DF
:1027400002E091FBF3F0A8540020F0BD2DE9F04F1A
:102750000746CA48CA4E8FB0002505700C46316046
:10276000C549C8480860208800B220F05AFF0028F8
:102770007ED031680844401D3060008800B220F0EF
:1027800050FF31688A1C0144891C0492316008881A
:1027900000B220F046FF3168AB46891C0844316026
:1027A0000090B948DFF8E8820160B8488246858029
:1027B0002CE00498FFF7BCF9B649086031680A4676
:1027C000491CC8F80010002810780A46316012D061
:1027D00048B19AF8002092B35A46C1F800B0DAF82E
:1027E000080010440EE0012002F8010CD8F8001097
:1027F000C1F800B007E00028EBD002F801BCD8F81F
:102800000010584608603068001D3060316800983C
:10281000814207D2BAF80400411CAAF80410B0F5AE
:10282000FA6FC6D3BAF80410781C4FF4FA680C900B
:10283000414507D3C1B20020FDF72EFF28E0FFE796
:102840000A68CCE73460208800B220F0EAFE0B90E2
:102850003168A41C891C0A1831605078927800EB0A
:102860000223434514D801EB02210844306000E004
:102870000FE08948AAF804B000680D90781C0FFAA0
:1028800080FA1EE384480D990068401A642802D932
:1028900000200FB0A2E6ADF800B030681DB100789E
:1028A000012822D007E00178012902D04FF0FF3043
:1028B000EFE7C01C3060316811F8010B316023284C
:1028C000DFD014DCA0F108001A28DAD2DFE800F02B
:1028D0003232CBF0CBEFEECBEDECEBEAE9E8CBFF1D
:1028E000CBCBFACB3232E6CBCBD30025EFE240287C
:1028F0007DD00ADCA0F125000A28C2D2DFE800F072
:102900001A1AB3B31AD2FE1A1A1A842808D008DC8D
:1029100041286DD043286CD05928B2D08328B0D13B
:10292000D0E0852805D0862803D0872801D08A28C2
:10293000A7D1C7E0316811F8010C09280BD008288D
:1029400009D0012290460A78A2F182030A2B04D80A
:10295000012789460BE00022F4E79C2A02D09E2A38
:1029600007D00FE0B1F801209C27ADF83820C91C32
:1029700007E051F8012F09920A799E278DF8282047
:10298000491D31601C2803D02D2801D0252802D1F3
:102990004FF47A7105911D2803D02E2801D02628E6
:1029A00001D1CDF814B0092808D0292810D02C283E
:1029B00026D008283FD0012F50D04AE00498FFF7D6
:1029C000B7F80590012F44D101464846049A48E0E3
:1029D000012006900498FFF7ABF807900498FFF7E2
:1029E000A7F8014605904FF47A72079802E073E069
:1029F000BFE04AE190FBF2F304980090069A16E0DB
:102A00000498FFF795F806900498FFF791F807905F
:102A10000498FFF78DF80146059007984FF47A72F5
:102A200090FBF2F3069890FBF2F20498009048466F
:102A3000FFF748FE0DE00498FFF77AF84FF47A713B
:102A400090FBF1F0401E4FFA80F80498FFF770F801
:102A500005909C2F08D09E2F05D12AE0DDE90421A6
:102A60004846FFF7F9FD2CE20023424605A90EA8CF
:102A700001F028FF25E2F0E07001006090010060A5
:102A80006C0100608CF6026074010060FC00006064
:102A90008C01006078010060300000602AE216E0DE
:102AA00017E041E063E0E6E1CBE100E2B5E178E187
:102AB0005BE10023424605A909A8CDF800B002F069
:102AC000E9F8FEE1306810F8011B0844F8E1012044
:102AD000DFE6FFF7F1FDF3E10498FFF729F80FFABD
:102AE00080FCBCF1010F03DB30684078604508DAF8
:102AF0003068017801297DD0401C00E023E030607F
:102B0000F7E730680178142905D1417800EB4100DE
:102B1000801CFFF7CBFD306800EB4C00008800B252
:102B200020F07FFD089076E1306800F1020800880F
:102B300000B220F076FD08902044801E30604046B0
:102B4000FFF7B4FDBDE1DFF8208498F8000058B12C
:102B50003068008800B220F064FD08902044801E98
:102B6000306088F800B0ACE13068801CA8E13068C3
:102B7000D4E71E226D21306824F0C1F85FEA000915
:102B800001D06D2008E01E226E21306824F0B7F8D5
:102B90005FEA000901D06E200890FF2189F800103B
:102BA0000498FEF7C5FF06900498FEF7C1FF079052
:102BB0000498FEF7BDFF05903168EC4811F8018BD1
:102BC0003160424624F046F8E84A02F808B031681D
:102BD00001EB0800306008980FFA80F8B8F16D0F2B
:102BE0001BD1DDE90601884217DAE249E04891F994
:102BF000003000E06BE1E04991F90010CDF80CB035
:102C00000091CDE90130DD48002351460278D748D4
:102C1000FDF742FBD44901200870B8F16E0F19D1BD
:102C2000DDE90601884215DDCF49D24A012008704E
:102C300092F90030D04ACE48514692F90020CDF8A2
:102C40000CB00092CDE90130CC4800230278C7488F
:102C5000FDF722FB89F8008033E130680178FF2915
:102C60000ED0C34ADFF80CC3017861B1CBB29CF936
:102C70000010401C5354491C30608CF80010F3E7DE
:102C8000BD4940220A70401C1AE1B74981F800B0E2
:102C90000498FEF74DFFBA49086030680068059057
:102CA00020F0BEFC05903168B54891F80480491DBC
:102CB00031600068A0B34246AC4823F0CBFFAB497B
:102CC00001F808B0316801EB0800AE4930600A78BD
:102CD0000AB1059A02600068002807DD8968401A79
:102CE00020F09EFC3168002808603BDCA14AA04827
:102CF000514692F90030A04A92F90020CDF80CB06C
:102D00000092CDE901309D48002302789748FDF7F5
:102D1000C3FA10F0FF0F25D093480121017021E084
:102D2000FFE701EB08000068002811DC42468F48ED
:102D300023F090FF8D49914801F808B00278514680
:102D40008A48FDF7DCFC9048017841F001010170F0
:102D5000316801EB08003060059820F061FC0590B7
:102D6000316808603068001DAAE030688146C01CE8
:102D700030600498FEF7DCFE80460498FEF7D8FE2B
:102D800006900498FEF7D4FE06994046414505DBBF
:102D900001464846049AFFF75FFCE5E63068008884
:102DA00032E030680088ADF8000000B220F039FC55
:102DB000ADF80000204400F10209401D3060049885
:102DC000FEF7B6FE0498FEF7B3FE06900498FEF7F1
:102DD000AFFE0090D6F80080C6F80090002004995D
:102DE000FEF751FE0099049A014405914846FFF709
:102DF00033FCC6F80080DDE905024146904202DC62
:102E0000891C31605DE00888ADF8000000B220F058
:102E100008FCADF80000204451E001250498FEF7BD
:102E200087FE574900280860B7D13068B0F9000024
:102E300020F0F7FB2044801E306014E0FE2846D1CD
:102E400014E00498FEF774FE4D49002808603068CD
:102E50000ED010F8011B306011BB012100F8011CDD
:102E60001CE00125306000780128E7D1002528E02A
:102E700000F801BB09E00498FEF75AFE40490860DB
:102E800028B13068012100F8011B306008E030688B
:102E900010F8011B306019B100F801BC801CE0E79C
:102EA000B0F9000020F0BDFB2044801ED9E7306857
:102EB000401C3060B0F9000020F0B3FB2044801EBD
:102EC000306030680078FE2808D04FF4FA682D4949
:102ED0008888421C8A804045FFF4D4AC2948808809
:102EE000B0F5FA6FFFF4E4AC0C98C1B20120FDF725
:102EF000D3FBCEE43068011F00910178A12916D0E0
:102F00000498FEF715FE804630680068059020F0B2
:102F100087FB1C49896808440590404514D93168ED
:102F2000C1F800B00B992144A1F801B01AE7401C88
:102F30003060006820F074FB4FF47A7100FB01F8F8
:102F40003068001D3060E0E720F06AFB05903168D2
:102F500008600098001B00B220F063FB0B9921442D
:102F6000A1F80100B3E5000090010060DCF602600A
:102F700093010060920100609101006069010060AE
:102F800078010060FC000060680100602DE9F041FC
:102F90000C46074691F85F104FF46160414394F886
:102FA0005E00C0EB001001EB800094F85D100E187D
:102FB00094F86200F84900EB80027320784301EB3B
:102FC000C00504F10901284623F044FE14F85D0F02
:102FD00085F84800607885F84900A07885F84A00AF
:102FE00005F8467F6079687004F080FFB0FBF6F06A
:102FF000401C7043686100202883BDE8F08170B5F3
:103000000C46064691F8611094F86200E24B091AEA
:1030100001EB810200EB800001197320704303EB88
:10302000C00505F5E670093123F014FE85F812623B
:1030300014F8610F6178401A85F813020020A5F892
:103040002A0270BD2DE9FC5F8946054691F85F10A4
:103050004FF46160414399F85E0005EBC502C0EB97
:10306000001001EB800099F85D1002EB0512084496
:10307000D9F864104FF000080144C9F86410C6493B
:10308000A1F5165000EB42177320684301EBC00412
:103090005AE008EB88002618B4F85E0018B904F06E
:1030A00025FFC4F85A0014F8461F208B07EB0010C8
:1030B00001703178417171788171B178C171F178A5
:1030C00001723179417204F011FF824604F00EFF63
:1030D000C0F30720009004F009FFC0F3074B04F091
:1030E00005FF010E009801EB0B21020402EB0A60C0
:1030F0000144208B002307EB00101A46C0F8011092
:1031000040F60D21C18101A93046463C02F03EF84F
:10311000012817D1019820F083FAC0F30726B4F8EC
:103120005E10C0F307424FEA106C360407EB011340
:103130000CEB022206EB00601044C3F80A00491CA5
:10314000A4F85E1008F1010894F847104145A0DC8E
:10315000B4F85E60C8B23044192808D8BDE8FC9FB6
:1031600007EB06101022002123F074FD761C192EA7
:10317000F6DB8A4C4FF4C871012254F83500C3B213
:103180004B43C0F30B20294616F09FF8012846D187
:1031900083480078022842D105F1B3006946804691
:1031A00011F0DEFF9DF8000054F8351000F00F021A
:1031B000C1F303418A4207D000F0F00001438DF8CB
:1031C0000010404611F0DBFF34F83500C0F3072152
:1031D000542000EB4507384611F0D1FF552000EB95
:1031E000450614F83510304611F0C9FF54F8350083
:1031F0006C49884201D2401C0FE03846002111F092
:10320000BEFF3046002111F0BAFF9DF8000000F02B
:10321000F001404611F0B3FF002044F83500494664
:103220002846FFF7B3FE99E75F490878192807D8C1
:10323000401C0870C1075D4803D0002180F8DC14F1
:1032400070470121FAE72DE9F34F83B08046FFF77D
:10325000EBFF53480078022803D155484188491CA8
:103260004180732108FB01F04B4901EBC004B4F825
:103270002A0218B904F03AFEC4F826024D4908EBB8
:10328000C80202EB0810002740F60D2A01EB401699
:10329000B8E107EB8700251805F5E6750023012244
:1032A0006946284601F072FF012874D104F01EFE21
:1032B000DFF8049159F82810FA3188427FD394F846
:1032C0001302401EB84203D104F010FE49F8280052
:1032D000B4F82A0294F8121206EB001080F890114C
:1032E000297880F89511697880F89611A97880F886
:1032F0009711E97880F89811297980F89911009848
:1033000020F08EF920B3B4F82E120120B84001430A
:10331000A4F82E1204F0EAFD054604F0E7FDC0F320
:10332000072B04F0E3FDC0F3074904F0DFFD000EB6
:1033300000EB05614FEA0B4202EB09200144B4F8AF
:103340002A0206EB0010C0F891114FF080711BE0CB
:1033500004F0CCFD054604F0C9FDC0F3072B04F0D2
:10336000C5FDC0F3074904F0C1FD000E00EB056187
:103370004FEA0B4202EB09200144B4F82A0206EBA3
:103380000010C0F891110021C0F89A11A0F89EA178
:10339000B4F82A0232E134E1BC3B01604C14016014
:1033A00080040060FFFF0F0067010060922402604C
:1033B0000C0100603C160160E8660160FFE74FF019
:1033C000010BB4F82E120BFA07F9009819EA010F55
:1033D0007DD020F025F90028B4F82E0208D040EA6C
:1033E0000900A4F82E02FD4859460278F2B308E11C
:1033F00020EA0900A4F82E02B4F82A1294F8120266
:1034000006EB011104F2122481F8900104F06EFD24
:10341000814604F06BFDC0F30720019004F066FDC7
:10342000C0F3074B04F062FD010E019801EB096146
:10343000020402EB0B200A18218B06EB0110C0F8E6
:103440009121A0F89EA12A7880F895216A7880F8C9
:103450009621AA7880F89721EA7880F898212A792D
:1034600080F899210022C0F89A2182E0FFE70170DC
:10347000B4F82A0294F8121206EB001080F89011AA
:10348000297880F89511697880F89611A97880F8E4
:103490009711E97880F89811297980F8991104F04A
:1034A00025FD054604F022FDC0F3072B04F01EFDA8
:1034B000C0F3074904F01AFD000E00EB05614FEA66
:1034C0000B4202EB09200A18B4F82A1200E00DE0C2
:1034D00006EB0110491CC0F891214FF08072C0F832
:1034E0009A21A0F89EA1A4F82A128AE020F098F868
:1034F0000028B4F82E0241D040EA0900A4F82E02B8
:10350000B4F82A0294F8121206EB001004F2122406
:1035100080F89011297880F89511697880F89611D3
:10352000A97880F89711E97880F89811297980F8BE
:10353000991104F0DBFC054604F0D8FCC0F3072B1E
:1035400004F0D4FCC0F3074904F0D0FC000E00EBFB
:1035500005614FEA0B4202EB09200A18218B06EBAA
:103560000110C0F891214FF08072C0F89A21A0F8A4
:103570009EA1491C2183A4F2122442E020EA090002
:10358000A4F82E02954859460278D2BB0170B4F8CF
:103590002A0294F8121206EB001080F89011297894
:1035A00080F89511697880F89611A97880F89711BC
:1035B000E97880F89811297980F899110021C0F8EC
:1035C0009A1104F093FC054604F090FCC0F3072B1D
:1035D00004F08CFCC0F3074904F088FC000E00EBFB
:1035E00005614FEA0B4202EB09200A18B4F82A02DF
:1035F00006EB0011C1F89121A1F89EA1401CA4F88E
:103600002A027F1C94F81302B8423FF742AEB4F886
:103610002A52C0B22844192804D870484088B0F50E
:10362000967F6DD36D494FF00009A1F8029008E034
:1036300006EB05101022002100F5C87023F00AFBEC
:103640006D1C192DF4DB664E06EBC8056968C1F3E5
:1036500007200A0ECBB200EB02404FF4C8714B4377
:1036600080B20022414615F030FE012844D15D4869
:103670000078022840D108F1B30001A9824611F078
:103680006FFD9DF8040056F83830F02100F0F0028C
:1036900001EA13418A4207D000F00F0001438DF880
:1036A0000410504611F06BFDA8886C22C0F307216E
:1036B00002EB4806304611F062FD6D2000EB480039
:1036C0002979074611F05BFD47496868884202D2B4
:1036D000401C686010E03046002111F050FD384673
:1036E000002111F04CFD9DF8040000F00F01504640
:1036F00011F045FDC5F8049040460499FFF77FFCA2
:103700003A4A94F82A0202F8080005B0BDE8F08FA2
:1037100070B5374C002594F86300B0B194F862009E
:1037200040B104F0E3FB616E884203D3E8B2214666
:10373000FFF788FC94F8610094F86210401A0028A2
:1037400003DDE8B22146FFF77EFD68346D1C0C2DC9
:10375000E1DB70BD2DE9F05F0446027901262048C7
:10376000E778012A10D000EBC70040681D4D401CCF
:103770002B78022B00D00120D4F8121001B3A846F8
:103780000025022B05D102E050F83700EEE7814218
:1037900001D2657401E00123637404F11A034FF44C
:1037A000C87A9B46814225D2491ECBB2504643433C
:1037B000C1F30B20394615F029FC012801D0002661
:1037C00040E054465146584623F05DFA04492246EB
:1037D0006031584623F03EFA34E000000C010060EE
:1037E0004C14016080040060FFFF0F00DC66016084
:1037F000002C0260DFF89094012A09F51657514613
:10380000184622D023F03FFAE0787321414307EBBA
:10381000C101B1F82A120A0100EBC00101EB00114D
:1038200009EB4111584601F5C87123F013FA98F8D5
:103830000000022806D0E0787321484307EBC0005F
:10384000A0F82A523046BDE8F09F23F01CFAE07839
:103850007321414307EBC101B1F85E100A0100EB8F
:10386000C00101EB001109EB4111584623F0F2F9B8
:1038700098F800000228E5D0E0787321484307EB70
:10388000C000A0F85E50DDE700EB800202EBC00252
:10389000FE4830B500EBC200002180F8611080F8CE
:1038A000621001EB81028318DA7A6AB390F8612022
:1038B000F74D521C80F861201C7B2D785A7AAC425F
:1038C00000D084BB9B7A022B04D0012B11D0032B98
:1038D0001BD02EE0C2EBC20303EB0213ED4A4418E7
:1038E00002EB430292F82D3084F84F3092F82820F2
:1038F00008E0C2EB021202EB4203E74A1A4492F8D4
:1039000028300AE0012A0FD013E0C2EBC20303EB18
:103910004213E24A1A4492F82630441884F84F3091
:1039200092F82320EEE7FFE790F86220521C80F81F
:103930006220491CC9B20E29B3D330BD2DE9F04134
:10394000DFF85C83D14C00263046FFF79DFF06EB85
:10395000860000EBC60704EBC70595F85D0028B9A3
:1039600095F85E0010B995F85F0098B195F8610080
:1039700080B195F8620018B129463046FFF706FB82
:1039800095F8610095F86210884203D029463046C8
:10399000FFF735FB04F0AAFA6866294608EBC70072
:1039A000682223F057F9761CF6B20B2ECCD3B74819
:1039B000BCA103270A68C0F878244A68C0F87C24B0
:1039C000097A80F88014B24900201922B34B097893
:1039D0000546012600EB800CA44400F180088CF819
:1039E00081848CF882748CF883148CF884148CF89D
:1039F000855404EB000C8CF8C724C0EBC00C0CEB16
:103A0000401C9C440CF5805C401C8CF8A6238CF870
:103A1000A363C0B2CCF89E530828DBD3882084F877
:103A2000A90484F8AA7484F8AB1484F8AC149F48F1
:103A300084F8AD5484F8CF64C670057045701420C6
:103A400084F8D50484F8D65484F8D754812084F8B7
:103A5000D804092084F8D904082084F8DA0484F80A
:103A6000DB5404F2BC4404F041FA206290490B207C
:103A70000C46FFF78BFA21460B20FFF7C0FA002017
:103A8000F9F799FC8B49C8608B480570BDE8F08157
:103A90002DE9F05F87494878142802D2401C48700D
:103AA000D1E6844800224270784890F8DB04002870
:103AB000F6D0834EDFF8E4B1DFF80082814F0024B6
:103AC00006F10C054FF47A7A4FF0140957F82410D8
:103AD00055F82420881A504512D2914210D94FF43B
:103AE0007A714843B0FBF9F01FF09AFDC4EBC401B2
:103AF00001EB44120BEB420101F58051C1F89E032A
:103B000058F8242056F82410501A504512D28A42F0
:103B100010D94FF47A714843B0FBF9F01FF080FDE3
:103B2000C4EBC40101EB44120BEB420101F58051DF
:103B3000C1F8C50356F8241058F82400814201D07A
:103B400046F8240055F8241057F82400814201D08B
:103B500045F82400641CE4B2032CB7D3DFF868B145
:103B6000544F5A4EDBF800007968421A52450AD287
:103B7000884208D94FF47A704243B2FBF9F01FF043
:103B80004FFDC6F88804DFF84881B968D8F800000E
:103B9000421A52450AD2884208D94FF47A704243F9
:103BA000B2FBF9F01FF03CFDC6F8AF047968DBF812
:103BB0000000814200D0786055F82410D8F8000049
:103BC00081423FF46DAFB8603DE62DE9FC5F0446ED
:103BD00000EB8400324900EBC40001EBC0072B4925
:103BE000BA4601EBC006002504F080F97066204655
:103BF000FFF74AFE06F1090107F1090088468146F0
:103C00005F2223F086F8E8B306F15D0107F15D005D
:103C1000032223F07EF8A0B196F8620000B10125DE
:103C200097F8611097F8623096F86120C91A121A55
:103C3000914256D100EB800001EB8102093031182E
:103C40001FE097F8620096F86210884206D100EBF8
:103C500080024146484623F05CF800B1012597F800
:103C6000610097F8623096F8612096F86210C01AE9
:103C7000521A904235D101EB8101093100EB8002EB
:103C8000314427E02FE000003C160160002C026068
:103C900037010060BDEB04607DF7046092140260A0
:103CA000E03002604E4554574F524B006D29026080
:103CB000783002600C010060670100605C610360A5
:103CC000341401606861036028030060922402607C
:103CD0002C03006003EB83000930384423F019F80B
:103CE00008B145F00205DFF880B104F1B3005F4F81
:103CF000E907009054D057F83400012201060B0D5B
:103D0000C0F30B20214615F0E0FA012848D19BF8BA
:103D10000000022840D101A9009811F021FA9DF875
:103D2000040057F8341000F00F02C1F303418A4237
:103D300007D000F0F00001438DF80410009811F056
:103D40001EFA37F83400C0F30721542000EB44007A
:103D5000814611F014FA552000EB440017F8341096
:103D6000804611F00CFA57F834004149884201D2DC
:103D7000401C0FE04846002111F001FA40460021A6
:103D800011F0FDF99DF8040000F0F001009811F029
:103D9000F6F9002047F8340031462046FFF7F6F8E0
:103DA000A80758D507EBC4056868C0F30721020EC1
:103DB00001EB02411FFA81FC0006030D002221469F
:103DC000604615F082FA012845D19BF800000228D0
:103DD0003DD101A9009811F0C3F99DF8040057F8EE
:103DE0003430F02100F0F00201EA13418A4207D09A
:103DF00000F00F0001438DF80410009811F0BFF996
:103E0000A888C0F307216C2000EB4400804611F025
:103E1000B6F96D2000EB44072979384611F0AFF967
:103E200013496868884201D2401C0FE040460021D7
:103E300011F0A5F93846002111F0A1F99DF8040010
:103E400000F00F01009811F09AF9002068603146E7
:103E50002046FFF7D4F802B031465046BDE8F05F87
:103E6000682222F0F7BE0000800400604C1401605C
:103E7000FFFF0F0010B5044622F02CFF401E01B2D8
:103E800004E0605C202803D1491E09B20029F8DA59
:103E9000214400204870204610BD70B5FE4D0646F6
:103EA000002405222946304622F033FF28B1641C45
:103EB00024B21B35202CF4DB03E0202C01DA204651
:103EC00070BD4FF0FF3070BD70B5064604F072FA59
:103ED00001280FD0F14C0025607B28B10422214637
:103EE000304622F016FF38B16D1C2DB21C34802DE7
:103EF000F2DB05E0EA4CEEE7802D01DA284670BDE2
:103F00004FF0FF3070BD70B5E34A84780023957898
:103F1000AC420AD1C578D678B54206D10578167874
:103F2000B54202D10B70012070BD5B1C9BB21B32ED
:103F3000202BECD3002070BD70B5A2B1D74A847895
:103F400000239578AC4210D1C578D678B5420CD113
:103F500045785678B54208D105781678B54204D12F
:103F60000B70012070BDCE4AE9E75B1C9BB21C328E
:103F7000802BE6D3002070BDF0B589B00C46DDE99A
:103F80000F15C84E0E9F4FF0000C36788DF802606A
:103F90008DF8030004F01F0004F0E004022905D0AE
:103FA000002642B380328DF8042026E00126022844
:103FB00015D01B2813D0A0B11C2812D0012812D074
:103FC0001D2810D0042810D01E280ED005280ED091
:103FD00015280CD003280CD014280AD032E01C3449
:103FE00019E01D3417E01E3415E01F3413E01634B9
:103FF00011E015340FE08DF804C0012806D0022826
:1040000006D0042806D0032808D01BE0183402E0AC
:10401000193400E01A348DF8014013E0012925D04D
:10402000E01C8DF801006DB105F1200000F01F01CA
:1040300021448DF801109DF8041000F06000014348
:104040008DF804108DF800308DF809C0324607A9AC
:104050006846FFF771FF002820D056B19DF81C007C
:104060008E49C0EBC00001EB800022E004F11B0090
:10407000D7E78B4CA5B12A46394608A8FDF79DFC29
:104080008949089822F0E7FF23F015FA9DF81C10E3
:10409000C1EBC10104EB8101C1F8050009B0F0BD1D
:1040A0004FF47A7047439DF81C00C0EBC00004EB4E
:1040B0008000C0F80570F1E7F0B588B00027DDE9B1
:1040C0000D460F9D8DF80200501C8DF80310C0B2F4
:1040D0005B1E8DF801008DF804708DF800308DF8AE
:1040E0000970022E2CD002F01F0102F0E00001291D
:1040F0002AD002292AD004292AD0012E2CD0C11C72
:104100008DF801104DB1203505F01F0108448DF8E0
:10411000010005F060008DF80400002207A9684640
:10412000FFF7F1FE002809D09DF81C005A4900EB6A
:10413000C00000EB40000844C0F8054008B0F0BDE6
:1041400001228DF80100E9E7183002E0193000E0A3
:104150001A308DF80100E0E700F11B01D0E72DE9EE
:10416000F0470E46044604F025F901281ED04B4DB9
:10417000002E72DA204604F01DF94C4FDFF8308132
:104180004FF0FF39012813D098F80000802819D289
:104190002046FFF799FE00280CDBC0EBC00105EBC1
:1041A00081014A7B521C4A73BDE8F0873C4DDFE732
:1041B0003878EBE70026687B30B1761C36B21C35C8
:1041C000802EF8DB4846EFE7204604F0F3F80322A0
:1041D000012301286078217900F01F0001F06001BF
:1041E0004FF002094FF0040A01441CD02B48C6EBE3
:1041F000C60C00EB8C00E778077594F801C02778AF
:104200000CF0E00C07EBCC07A0F817701C2965D068
:104210001D2966D01E2966D01F2967D0162968D0AF
:1042200015296AD06BE01E48C6EBC60800EB880073
:1042300094F803C080F814C094F804C05FEA0C68D6
:104240000CD594F8018008F0E0084FEAC80808EBA4
:10425000CC2C94F80080C44408E060E094F801801D
:1042600094F800C008F0E0080CEBC80CA0F817C0E8
:1042700003292DD01B2920D0182920D0192921D07D
:104280001A2922D0A1F1210CBCF1030F20D84EF243
:10429000030202EB01210DE030BE0260F0C40260B7
:1042A000F0D202603701006000007A443B010060F8
:1042B0003A010060A0F815100CE08321EBE7A0F8AC
:1042C000153007E0A0F8159004E0A0F815A001E073
:1042D000A0F815203878401C387015E0A0F815902B
:1042E0000DE0002106E0A0F8153008E0A0F815A0C8
:1042F00005E00521A0F8151001E0A0F8152098F8B8
:104300000010491C88F80010206828602079287166
:104310004FF05530C5F805006B73304644E7C6EBE7
:10432000C60005EB8000417B491C4173F5E72DE990
:10433000F041FF4C0746002923DAFE4D4FF0FF36CF
:10434000287820280CD23846FFF7A7FD002808DA85
:104350000020A17B39B1401C00B21B342028F8DBBF
:104360003046BDE8F08139682160397921714FF01C
:104370005531C4F805102978491C29700121A17311
:10438000EFE701EBC10000EB40002044827B521CB0
:1043900082730846E5E770472DE9F047002425467B
:1043A000DFF894834FF03C09DFF890A327E07F2CDF
:1043B00023D2E348C5EBC50100EB810704EB840180
:1043C00008EB810614223946304622F043FCD7F828
:1043D000050006F097FDC6F80500386923F048F897
:1043E00023F069F806F08EFD3061D64830F81410DD
:1043F000641CB1FBF9F0F073E4B26D1CEDB29AF8F5
:1044000000008542D3D30025DFF83CA32BE07F2CAE
:1044100027D2CE48C5EBC50100EB810704EB840130
:1044200008EB810614223946304622F013FCD7F8F7
:10443000050023F014F823F03EF806F063FDC6F8FB
:104440000500386923F014F823F035F806F05AFD1A
:104450003061BF4830F81410641CB1FBF9F0F07300
:10446000E4B26D1CEDB29AF800008542CFD300256E
:10447000DFF8C0A22CE01F2C28D205EBC50000EB12
:104480004001AB4814220F1804EB840108EB8106AD
:104490003946304622F0DEFBD7F8050022F0DFFF78
:1044A00023F009F806F02EFDC6F80500386922F061
:1044B000DFFF23F000F806F025FD3061A54830F855
:1044C0001410641CB1FBF9F0F073E4B26D1CEDB292
:1044D0009AF800008542CED3C4F1800000EB800042
:1044E000810004EB840208EB8200BDE8F04722F073
:1044F000CABB2DE9F047914F914D4FF00009387834
:1045000080284CD20026A84646E0A87818B1E87862
:1045100007F0C9FD04461C2C3BD0152C39D0142CB7
:1045200037D0162C35D02B2C33D02C2C31D05F2CFF
:104530002FD0482C2DD02E2C2BD0C6EBC60108EB4B
:104540008101854A087D02EBD00200F00703127852
:1045500001209840024227D134B385F80F90387873
:104560004946B0B1E972801B401EC0EBC00082001A
:1045700005F11C01284622F06DFB3878C0EBC00124
:1045800008EB81001C211C3822F07DFB3878401E8E
:104590003870761CF6B21C3538788642B5D36B4D30
:1045A00000242F46684E4CE0664A32F81600401C44
:1045B00022F8160091F90F007F2803D0002801DDB2
:1045C000401EC87395F90F000028E2DC38780028F7
:1045D000DFD085F80B90C6E7C4EBC40007EB800280
:1045E00092F90F007F2803D0002801DD401ED07310
:1045F000574A32F81400401C22F81400E87A0128C7
:104600001CD195F90F00002818DCB9B1081B401E19
:10461000C0EBC000820085F80B9005F11C01284614
:1046200022F018FB30781C21C0EBC00007EB8000A3
:104630001C3822F028FB3078401E3070641CE4B235
:104640001C3531788C42C7D3394D00242F46394E62
:104650003FE004EBC40000EB4000C11991F90F00EA
:104660007F2803D0002801DD401EC873394931F886
:104670001400401C21F81400E87A012826D195F98D
:104680000F00002822DC101B401E00EBC00000EBD6
:10469000400285F80B9005F11B01284622F0DAFA5A
:1046A00030781B2100EBC00000EB400038441B3881
:1046B00022F0E9FA30784FF0553200EBC00101EBFF
:1046C00041013944401E41F8162C3070641CE4B29C
:1046D0001B3532789442BCD3BDE8F0475CE670B538
:1046E0000C46417805464A1E0B2A7DD81B482B787C
:1046F0000329085C00D10C30834275D2184B4FF46B
:104700007A700A2A71D2DFE802F0054E79A8B1BAB0
:10471000C1A6A6CB2978134AC1EB011101EB4101D7
:10472000114491F82320A2BB91F928208AB31BE001
:1047300030BE026038010060186701603B01006014
:10474000F0D202608CF502603A010060F0C40260B1
:104750008CF402604CF402609A7D0360119E0308A1
:10476000FA0F02607DF70460A2F10C060A2E11D93F
:104770000B3E072E0AD802EBC20606EB02121A44C1
:10478000A2F5805292F8C12D012A03D091F825108C
:1047900057E005E091F8251059E01EF041FF59E07F
:1047A000D1F81E0056E02978C1EBC10202EB0111DD
:1047B000FE4A02EB410191F82820002AF0D191F83D
:1047C0002D20002AECD0A2F10C060A2E13D90B3EA4
:1047D000072E0DD802EBC20606EB02121A44A2F510
:1047E000805292F8C12D01E068E034E0012A02D045
:1047F00091F8261025E091F8261028E02978C1EBE1
:10480000C10202EB4111EA4A114491F82320002A27
:10481000C6D191F82620002AC2D0A2F10C060A2E99
:1048200013D90B3E072E0AD802EBC20606EB021282
:104830001A44A2F5805292F8C12D012A05D091F8B0
:1048400024100029A9D10020A7E791F824100029FD
:10485000F9D1A2E72060287870BD2878D549C0EB4F
:10486000C00001EB8000D0F80700F3E72978D24AB6
:10487000C1EBC10101EB410102EB410104E02978E8
:10488000CE4A01EB41111144897F13E0297801EBF5
:10489000810202EB4111CA4A114491F8201009E04B
:1048A000297801EB810202EBC101C64A02EBC1018A
:1048B00091F863100029CDD10020CBE700202060C3
:1048C000401E70BD2DE9F05F0D46417804460A4652
:1048D000491E4FF000090B297DD8BB4E2078925D10
:1048E000904242D20126DFF8E4820A29F9D2DFE8B9
:1048F00001F005F0EF3C3C3C3C3C3CEEC0EB0011D1
:10490000DFF8CCA201EB4102B24F02EB0A010A220E
:104910003A5491F92200894650EA030203D0012853
:1049200023D1012BFCD199F82300DFF8ACB2E8B118
:1049300003F0D4FE2778B84208DD286822F08FFD06
:10494000A64922F0BAFB0BEB8711486220780021C0
:10495000FCF7F3FB2868D9F81E10814201D088F8D3
:1049600000601EF05DFEC9F81E0087E103F0B6FE90
:1049700027789B4AB842C7EB071066DD00EB400181
:1049800001EB0A0090F92800A0F10C010A292FD9A7
:104990000B3907290AD800EBC00101EB00101044C5
:1049A000A0F5805090F8C10D012821D0286800B1F1
:1049B000012022F05DFD0BEB87114862207819F091
:1049C0000EFB00B1012021785746C1EB011101EB2C
:1049D0004101394400E054E191F92510814201D0B0
:1049E00088F80060207819F0FAFA08B301201FE077
:1049F000286830B3002022F03BFD0BEB87114862A2
:104A0000207819F0ECFAF0B1002021785746C1EB7C
:104A1000011101EB4101394491F92510814201D086
:104A200088F80060207819F0DAFA0028DED000203B
:104A30002178C1EB011101EB4101394481F82500D6
:104A400066E00120D7E70120DFE700EB4000534696
:104A5000184410F9251F90F90300A0F10C070A2F44
:104A600011D90B3F072F0AD800EBC00707EB001046
:104A70001044A0F5805090F8C10D012803D028689B
:104A800040B3012228E02A6892B10020814201D07F
:104A900088F8006072B100212078C0EB001000EBB4
:104AA0004000184480F82510286828B1002005E04F
:104AB0000120EBE70121EFE74FF47A702178C1EB99
:104AC000011101EB41015144C1F81E0020E0C9E091
:104AD00099E02CE0FFE70022914201D088F80060C5
:104AE00000B101202178C1EB011101EB4101194412
:104AF00081F82500286810B14FF47A7100E0002198
:104B00002078C0EB001000EB40005044C0F81E10AD
:104B10002078C0EB001101EB410202EB0A0191F891
:104B2000251009B14FF47A7103F0FBFC0EE7C0EBDE
:104B3000C001DFF878A001EB00110AEB410797F9FB
:104B4000270050EA030103D001285BD1012B59D182
:104B500097F8280080B9296809B1012000E00020F9
:104B600097F92620824201D088F8006009B101201F
:104B700000E0002087F8260028681EF051FDD7F8D5
:104B80001E10814201D088F8006028681EF048FDA0
:104B9000C7F81E002078C0EBC00101EB00110AEB42
:104BA000410191F82D00192820D01BE0BDEB0460D5
:104BB00092140260E6290260207D02603085026066
:104BC00042120260002C0260119E0308280400605B
:104BD0007DF70460F21301601CAE026000007A44AD
:104BE000FA0F02600F2801D01D2847D1D1F81E000E
:104BF0001EF016FD30B92178FE4A42F82190207847
:104C0000FD490E543AE0C0EBC00101EB4010FB49F6
:104C1000471897F8220050EA030103D001282DD14C
:104C2000012B2BD197F8230080B9296809B1012005
:104C300000E0002097F82420824201D088F800602C
:104C400009B1012000E0002087F8240028681EF048
:104C5000E7FCD7F81E10814201D088F80060C7F841
:104C60001E000BE000EB800101EBC000E44901EB0A
:104C7000C001286800B1012081F863002078BDE8F8
:104C8000F09F84F8019084F800904FF0FF30C5F851
:104C90000090F4E72DE9F04F85B00D46016880469D
:104CA000029100798DF80C001E469346002702A859
:104CB00003F099FB9DF80A107C1E00297ED0D14894
:104CC0000078814205D19DF80B20824277D0002ADE
:104CD000FCD081424FF0000A02A871D1FFF7F4F82E
:104CE0005FEA000806D5214602A8FFF738FA5FEA16
:104CF000000863D402A803F05DFB012813D0C24969
:104D0000C8EBC80001EB800461781C297BD01D2909
:104D10007AD0BE4E012978D01E2977D0012976D0CD
:104D20001F2975D02AE1BA48C8EBC80100EB8104FD
:104D30006178207901F01F0200F06003D6184FEA75
:104D40005119010601D500F01F070BF0FF0001907B
:104D5000032E07D01A2E05D01B2E03D0A6F121005A
:104D6000032815D8BBF1000F17D0D4F8050004991B
:104D700088420DD0019800904FEA092000EBC7212E
:104D800020782B460844217D82B2102007F02BFCAE
:104D9000182E3ED0192E3CD051E0D4F805102868CA
:104DA0008142F5D0A6F1210103291AD822F057FB40
:104DB000984922F082F9A6F1200102E045E1DBE109
:104DC00039E1CAB204A9FCF7D5FD042000904FEAEE
:104DD000092000EBC721207804AB084482B2217D72
:104DE000D3E74FF47A7190FBF1F00490012000902A
:104DF0004FEA092000EBC721207804AB084482B2B7
:104E0000217D0620C2E748E05BE073E077E09CE0AC
:104E1000A0E0BBF1000F16D0D4F805000499884239
:104E20000DD0019800904FEA092000EBC7212078AF
:104E30002B46084482B2217D0F2007F0D4FBBBF142
:104E4000010F26D01AE0D4F805102868814215D049
:104E500022F005FB6F4922F030F922F02CFB049080
:104E6000012000904FEA092000EBC721207804AB15
:104E7000084482B2217D052007F0B5FB0E9850B1A1
:104E8000022806D07F20644AE073504622F818A01A
:104E9000C6E03C20F7E71420F5E7D4F805102868B1
:104EA00081427CD022F0DBFA5A4922F006F9CDE9A2
:104EB000000A9DF80B309DF80A209DF8081002208A
:104EC00012E0D4F805102868814268D022F0C7FAB1
:104ED000504922F0F2F8CDE9000A9DF80B309DF818
:104EE0000A209DF80810002000F0F3FD2868C4F89F
:104EF000050043E09DF808003278904225D3D4F8AD
:104F000005202868824239D01E2910D022F0A7FA45
:104F1000404922F0D2F8CDE9000A9DF80800317826
:104F20009DF80B309DF80A20411A0120DCE722F0A1
:104F300096FA384922F0C1F8CDE9000A9DF80B3005
:104F40009DF80A209DF80810EFE79DF808003178D9
:104F5000884249D2D4F80510286881420ED022F048
:104F60007EFA2C4922F0A9F8CDE9000A9DF80B3011
:104F70009DF80A209DF808100420B5E760781628EF
:104F800018D1D4F80510286881422DD000B1012035
:104F900022F06EFACDE9000A9DF80B3000E023E024
:104FA0009DF80A209DF80810052000F092FD286861
:104FB000C4F805006078152816D1D4F805102868C3
:104FC000814211D000B1012022F052FACDE9000A4D
:104FD0009DF80B309DF80A209DF80810032000F082
:104FE00078FD2868C4F805009DF80B109DF80A00AC
:104FF000002213E028910360B887036092140260D6
:10500000002C026037010060F0C40260650100609E
:10501000F0D2026000007A448CF5026003F06FF970
:1050200020610E9828B17F20CE4AE07322F818A0A4
:10503000AAE00A20F8E7FEF730FF060009D521466E
:1050400002A8FFF774F9060003D5204605B0BDE8B5
:10505000F08F06EBC600C44900EB400044189DF8F1
:105060000B0018B99DF80A008DF80B00D4F8051054
:105070000491607803280DD002280BD0012809D0B4
:1050800002271C2827D01D2861D01E2835D01F28B4
:1050900049D05CE02868884259D09DF80B109DF8F3
:1050A0000A00022203F02BF9070050D09DF80810E7
:1050B00060786A4600F0F9FC8046286822F0CFF953
:1050C00022F012FA03469DF800200FFA88F13846C4
:1050D00000F067FE23E02868884238D022F0BFF94C
:1050E000A24921F0EAFFCDE900079DF80B309DF8B9
:1050F0000A209DF80810022026E02868884226D061
:1051000022F0ADF9994921F0D8FFCDE900079DF8CB
:105110000B309DF80A209DF80810012014E0286843
:10512000C4F8050013E02868884210D022F097F9EF
:105130008E4921F0C2FFCDE900079DF80B309DF8A4
:105140000A209DF80810042000F0C3FCE7E79DF852
:105150000B109DF80A00022203F0D1F820616420B0
:10516000F7F7DBFA0E9828B17F208149E07321F828
:1051700016A009E01E20F8E7012E05D133465A4655
:1051800029464046FFF79EFB01205FE72DE9FE4FD1
:105190004FF000080746CDF8088000680090387985
:1051A0008DF804001C4616460D46684603F01BF9B0
:1051B0009DF802104FF0FF3A002978D06D48007832
:1051C000814205D19DF8032082426FD0002A6DD024
:1051D0004FF0553B4FF07F09814256D16846FEF7AC
:1051E00073FE040009D5574651466846FEF7B7FFDF
:1051F000040002D53846BDE8FE8F802C1ADA6846D6
:1052000003F0D8F8012816D05B48C4EBC40100EBCA
:1052100081070022F978B87803F071F83861D7F87F
:10522000050058452ED028604EB387F80F904D49A1
:1052300021F814806DE05148C4EBC40200EB8207F2
:105240004FF0140AC7F81080D7F8050058450AD067
:105250001EF0E6F928601EB187F80F904849E7E78D
:1052600087F80FA0FAE73EB187F80F90444921F87C
:105270001480C5F8008044E087F80FA0F6E70A2004
:10528000F873D4E7C5F800803BE0012C0FD06846E6
:10529000FEF703FE07000CD5544651466846FFF75B
:1052A00046F8070005D52046A5E700E02BE050466C
:1052B000A1E7202F2DDA07EBC70000EB40012A48B9
:1052C00002220C18E178A07803F019F820611E2260
:1052D00096B184F80F90264B414623F81780D4F8F6
:1052E000050058450CD0002885D0286036B184F8D8
:1052F0000F9023F817100CE0E273ECE7E273F8E785
:105300002960002077E702A93846FFF7E8F90298FC
:10531000286001206FE7FEB500241A4D2646C4EB35
:10532000C40000EB800015F81010002919D005EB1F
:1053300040000123C17A8DF80010817A8DF80110A8
:10534000017A8DF80210407A8DF803008DF8046020
:105350001A4602A96846FFF719FF641CE4B2F02C54
:10536000DDD3FEBD8CF4026030BE026000007A44E2
:105370004CF4026037010060F0C40260F0D20260B9
:105380008CF50260803B0260FD49087930B14879B4
:10539000421E4A714FF0000001D20871012070478F
:1053A00070B50446F748CCB06E4600798DF8000021
:1053B000A0785E2802D0C2280AD02FE003208DF802
:1053C0000100B4F80500000A8DF80400607922E0BD
:1053D0002088C01F022816DD10208DF80100B4F8C7
:1053E0000500E949000A8DF8040060798DF8050090
:1053F0002078C01F8DF806002288F01DD21F21F0F2
:1054000029FC25880AE006208DF80100DE48017895
:105410008DF8041040788DF80500062520798DF868
:105420000200E0788DF80300E9B2684608F00FFA50
:10543000010A7155711948706946042009F0E7F8AE
:105440004CB070BD2DE9F05F4FF00008DFF83CA3D1
:10545000DFF83CB30D460646474607EB870000EBF6
:10546000471101EB0B09B9F923001EF0DAF8002807
:105470003BDD002433E007EB4700C0EBC7110AEB2C
:105480000110015D9E2928D12044042C81784279A5
:1054900001F01F0102F0600211441ED910F8012C26
:1054A0009D2A1AD010F8022C9D2A16D010F8032C31
:1054B0009D2A12D010F8042C9D2A0ED0032906D064
:1054C000A1F11802072A02D92139032905D8C17888
:1054D000B14202D1C5704FF00108641CA4B2B9F901
:1054E00023001EF09EF8A042C5DC7F1CFFB2102FE7
:1054F000B3D3A84B002202EB820101EBC2010020D2
:1055000003EBC10400EB80012144CF7AB74206D1FE
:10551000CD720F7BB74200D10D734FF00108401CD4
:1055200080B20E28EED3521CD2B20C2AE3D39A4A90
:105530000020C0EBC00101EB810102EB41010B7ABD
:10554000B34206D10D724B7AB34200D14D724FF087
:105550000108401CC0B2F028EBD3B8F1000F06D010
:105560008E490120C873BDE8F05F03F0BDBBBDE804
:10557000F09F2DE9F05F4FF00008DFF810A2DFF890
:1055800010B20D460646474607EB870000EB471171
:1055900001EB0B09B9F923001EF043F800283BDDAD
:1055A000002433E007EB4700C0EBC7110AEB011002
:1055B000015D9E2928D12044042C8178427901F094
:1055C0001F0102F0600211441ED910F8012C9D2A1F
:1055D0001AD010F8022C9D2A16D010F8032C9D2A00
:1055E00012D010F8042C9D2A0ED0032906D0A1F168
:1055F0001802072A02D92139032905D8C178B142F6
:1056000002D1C5704FF00108641CA4B2B9F923009F
:105610001EF007F8A042C5DC7F1CFFB2102FB3D3E9
:105620005C4B002202EB820101EBC201002003EB84
:10563000C10400EB80012144CF7AB74206D1CD727C
:105640000F7BB74200D10D734FF00108401C80B2B0
:105650000E28EED3521CD2B20C2AE3D34E4A0020BD
:10566000C0EBC00101EB810102EB41010B7AB342B7
:1056700006D10D724B7AB34200D14D724FF0010842
:10568000401CC0B2F028EBD3B8F1000F06D043495C
:105690000120C873BDE8F05F03F026BB67E7404B0D
:1056A00037490022187830B10878401CC0B2087021
:1056B000032801D91A700A70704710B50022384BC0
:1056C0002F4C02280DD003280ED004280FD001281B
:1056D00011D12D481A700C38427A642A0CD2162047
:1056E0000DE01A70042004E01A70052001E01A7021
:1056F00006200870A08910BD00780A30C0B20322CD
:105700000A7010BD30B40A46072953D3817A1C4C65
:10571000122932D0E17900294CD1111D214BA181F0
:1057200041791970204903780B700C234B701F4B83
:105730001B881D0A8D70CB7006230B71114BDD7B0E
:105740004D711D7C8D715D7CCD719B7C0B72BA237C
:105750004B72C0238B721649096821610121A17126
:105760000F490B78002B25D102230B70C11D0E4869
:1057700030BC0B30D21F21F06DBA0A21E171CCE7A9
:1057800020010060C0900360DEF201607A73016066
:1057900042120260002C0260803B02605CF80260F2
:1057A000520800602A08006064E00460AC020060F7
:1057B0003000006030BC70472DE9F0411446FF4BCB
:1057C0008122A51E1A700A225A702A0A9A70DD7068
:1057D00011F8022B1A7108225A7111F8012B9A71D3
:1057E00011F8092BDA7101221A725872A4F10C0215
:1057F00003F10A0021F02EFAF14E3078092811D277
:1058000040F22D114843EF4FA21E07EB4000EB4939
:1058100021F020FA307840F22D11484307EB400088
:10582000A0F8585230780A2801D2401C00E000202D
:105830003070BDE8F08130B54FF0FF3488B1E34AF5
:105840000021E14B12780AE0C1EBC10503EB8505AD
:105850006D7E854201D148B230BD491CC9B291422A
:10586000F2D3204630BD30B54FF0FF3490B1D94A65
:105870000021D74D13780BE001EBC10202EB42028D
:105880002A44527E824201D148B230BD491CC9B27D
:105890009942F1D3204630BD30B54FF0FF3490B17E
:1058A000CE4A0021CC4D13780BE001EBC10202EB94
:1058B00042022A44527E824201D148B230BD491C84
:1058C000C9B29942F1D3204630BD2DE9FF470F46BA
:1058D000002A71D1DFF808830122002698F806100B
:1058E000012902D002292FD088E0B44B8121BC1DB0
:1058F00019700A215970210A9970DC701A710146D9
:105900005E713A46981D21F0A5F9AD4D2878092819
:1059100012D240F22D114843DFF8A892BA1D09EBCC
:105920004000A64921F096F9287840F22D1148430D
:1059300009EB4000A0F8584228780A2802D2401CFF
:1059400028705BE02E7059E0A64B41781B78994295
:1059500054D1A5490A708178122905D0C17A442909
:1059600022D0912929D02CE001790844017B5E29BD
:1059700044D1817AC27BB1EB420F3FD1817C027D61
:10598000037E01EB0221827D120402EB03628B187D
:1059900096492B2209785143954A1144C1F80530A4
:1059A00090F82000887229E0AC2100F80B1F03AAB0
:1059B0000A211AF0AAF804E022E0007B21F058FD49
:1059C00003908C49039821F046FB21F074FD0221DD
:1059D0008DE843008848E0230078C0EBC0017A4896
:1059E00000EB8100B0F81720417D03EAD20319448F
:1059F000D3B2C9B2007D0022FEF7BEFA88F8066075
:105A0000BDE8FF8730B5ADF5197D0D460446D0F8E9
:105A1000060097AA96A919F027FA9DF858120629A8
:105A200003D000200DF5197D30BDD4F806106A466C
:105A30000844979919F08DFC9DF806006328F1D170
:105A40009DF808102970EDE76C4B10B50021684AED
:105A50001C780CE02B2303FB01231B68834204D139
:105A60002B2000FB0120007910BD491CC9B2A142C6
:105A7000F0D3002010BD10B5614A604B00205C4996
:105A8000B2F807201C780CE02B2303FB00131B68E3
:105A90009A4204D12B2200FB0210007910BD401C59
:105AA000C0B2A042F0D3002010BD034601280DD0A3
:105AB000022B04D0032806D141F69C7001E041F688
:105AC0003C5000EB410002211170704741F6BC30A0
:105AD000F7E72DE9F041ADF51E7D1D46DDE9A46433
:105AE00013460F46804622462946184602F007FC18
:105AF0004FF0FF3160B15CB9424A92F82A30092B6D
:105B000003D092F82820092A02D1354AD3791BB153
:105B100008460DF51E7D8CE6022393713A4B042254
:105B20001A703A4A55231570CDE90314002205A9CD
:105B30008DE846003A4641461DF03FF80120E8E76F
:105B40002DE9FC411D461346089C0E460746224699
:105B50002946184602F0D3FB4FF0FF3218B114B9B2
:105B60001F49CB7913B11046BDE8FC8102228A712E
:105B7000254A032155231170244932460D70002116
:105B8000CDE9001439461CF07CFF16490870EBE79C
:105B90002DE9F84305464FF0000014460E00009032
:105BA00050D0002C4ED028466A46002119F0B4FC93
:105BB0004FF0FF38002847DB074629E07AF0016004
:105BC000A5030060F0180460F0C402603A010060B0
:105BD00030BE02603801006090C10260390100608F
:105BE00020010060660200606702006065020060DC
:105BF000F0E0026000007A44640200603C01006052
:105C0000D2F20160C0900360520800602A08006070
:105C100000982080E8196A46012119F07DFC0028CF
:105C200012DB07440098C4F80200E819022119F0B9
:105C3000C5F948B17F1CE81944F8060FF01B401E57
:105C400060603046BDE8F8834046FBE72DE9F0414F
:105C500086B017461E466A46DDF83080FFF798FF8B
:105C600005A96846FFF7CEFEC5B2DDF80A00FE4C76
:105C7000B8B1DDF80A00B0F5FA7F3CDADDF80A20A9
:105C8000DDF80610F94820F0E5FFBDF80A00608154
:105C9000632D09D0424631463846FFF716FE06B05E
:105CA000C7E50120E070E9E7B0F815100088EF4C77
:105CB00001EB0045093404A9284602F042FB401CD0
:105CC000EDD09DF810002B214843E949227B084480
:105CD0004272617B8172217A627AE37A01EB02215E
:105CE000A27A120402EB03621144C0F80510A17BF2
:105CF00001710560D3E700206081D0E7F0B5ADF514
:105D00003F7D0D46074616463421AEA820F0BBFF66
:105D1000342198A820F0B7FF0024ADF8F4424FF4E6
:105D20001871684620F0AFFFA594A694A79414219B
:105D3000A9A8A89420F0A7FFCE486A46BBA9C680B0
:105D400085804FF48270ADF894020120CDF8960260
:105D50000720ADF8EC025E208DF8EE02C248ADF8E7
:105D6000EF52ADF8F1620481062018F0B2FE6946E8
:105D700098A818F097FB98A9CDF89A12CDF89E0232
:105D8000A9AABDA9384617F0CEF938B10222A5A9B3
:105D9000A9A81CF029FA0DF53F7DF0BD6FF00600B3
:105DA000F9E7FFB5ADF5597D0F4606461446342197
:105DB000CAA820F068FF3421A5A820F064FF0025C0
:105DC000ADF85C534FF41871684620F05CFFBF9546
:105DD000C095C1951421C3A8C29520F054FF0CB101
:105DE000802C04D96FF003000DF55D7DF0BD3421EA
:105DF00098A820F048FF4FF48270ADF8FC02012013
:105E0000CDF8FE0298480721817001EB4401ADF8FE
:105E10002013C2218DF822134FF6FF71ADF82543F0
:105E200001EA4401ADF823730181C898B290BDF82E
:105E30002403ADF8CC029DF826038DF8CE02640051
:105E40002246DCA998A820F005FF9DF863022246AF
:105E500060F307019DF8620260F30F219DF8610273
:105E600060F317419DF8600260F31F61989198A953
:105E70000DF2CF2020F0EEFE6A46B2A9062018F0FF
:105E800028FE6946A5A818F00DFBA5A9CDF80213B8
:105E9000CDF80603C3AAD7A9304617F044F928B1B4
:105EA0000222BFA9C3A81CF09FF99DE76FF0010073
:105EB0009AE72DE9F043ADF2DC6D4FF000080E4695
:105EC0000446CDF8B486CDF8B886CDF8BC864FF43C
:105ED00018716846CDF8C08620F0D5FE4FF41671D3
:105EE00098A820F0D0FE9420ADF8B4060127CDF894
:105EF000B67620780025C2214FF00709102804D07B
:105F0000032822D006283CD059E0B61EADF8AC6676
:105F10008DF8AE16A0788DF8AF06E0788DF8B00653
:105F2000DDF8AC06ADF8B176CDF8B804BDF8B00632
:105F3000ADF8BC049DF8B2068DF8BE04A279E11D4F
:105F40000DF2BF4020F086FE39E0082E37D1ADF8C3
:105F5000AC965E208DF8AE06A0788DF8AF06E0789E
:105F60008DF8B006DDF8AC06ADF8B176CDF8B80422
:105F7000BDF8B006ADF8BC049DF8B2068DF8BE04BD
:105F80001DE0082E1BD10920ADF8AC068DF8AE1629
:105F9000A0788DF8AF06E0788DF8B006DDF8AC0695
:105FA000ADF8B176CDF8B804BDF8B006ADF8BC04D4
:105FB0009DF8B2068DF8BE04A088ADF8BF042A4E45
:105FC0006A460DF5976186F80290BDF8AC063081FF
:105FD000062018F07EFD694698A818F063FA98A983
:105FE000CDF8BA16CDF8BE068DF8C47620788DF8B7
:105FF000C506ADF8CC8640468DF8CE860DF2C4615C
:106000004A196D1CD072072DFADBF07928B14FF0D8
:10601000FF300DF2DC6DBDE8F08302201649B0714F
:106020000320087015492078002208700DF2B46131
:106030000DF2C4601CF0D8F8EBE770B50500164609
:106040004FF0000030D032882846002119F08FFA36
:106050000446D6F802202819012119F088FA0444D0
:10606000281902210CE00000200100607AF0016094
:10607000F0E002600AF40160520800602A08006043
:1060800018F093FE0444002105E0D6F80600405CB9
:106090002855491C641CD6F80A008842F5DC2819EA
:1060A000022118F095FE204470BD10B5002360B1A8
:1060B000102200F8012B042200F8012B40F2562395
:1060C0000A461946FFF7B9FF831C184610BD70B584
:1060D0000024651E30B1067826B986781670C2781D
:1060E000122A01D0284670BD042905D91A46001D80
:1060F000091FFFF74DFD0446204670BD2DE9FF4FF7
:10610000ADF2045D0C464FF418759946294603A874
:1061100020F0B9FD29469DA820F0B5FD0020CDF85E
:10612000D404CDF8D804CDF8DC04CDF8E004FF4D5C
:10613000CDF8E404CDF8E804CDF8EC040646CDF83B
:10614000F004CDF8F404B9F1A00F23D20DF2E4432A
:10615000F74A2146DDF80405FFF7B9FF0DF5A06207
:10616000DDF8EA04111F18F07FFE9DF8FC140629E3
:1061700007D1DDF8EA142A460844DDF8001519F0C5
:10618000E8F8BDF8E404ADF8D404DDF8E604CDF891
:10619000D6040FE0DDF80405C179007A01EB002296
:1061A00040F2522082427BD8DDF80415281DC91D1B
:1061B00020F050FDDD48DFF878A3DFF878838079A0
:1061C000AAF1010A0446162821D0172C1FD05F2CF3
:1061D0001DD0C32C1BD0D54974280A794B7902EB0A
:1061E0000322ADF86C228DF86E02CA798DF86F2209
:1061F0000A7A8DF870224A7A897A01F0010302EB5B
:106200000322ADF871224CD010284AD04BE01A225C
:106210008AF80220D8F80000C44D47468470E97916
:10622000C170297AA5F11A02017152F8231FC0F832
:1062300005105368C0F809309268C0F80D20084670
:106240001DF0EEF90146386840F8051F80681DF022
:10625000E7F901463868C0F80D10D0F809001DF0C4
:10626000DFF901463868C0F80910697D4174A97EDC
:10627000EA7E6B7F01EB02212A7F120402EB0362AC
:106280001144C0F81610A97DEA7D6B7E01EB022156
:106290002A7E120402EB03621144C0F8121005E0DA
:1062A000FBE34FEA510B07218AF80210A24F0125A8
:1062B000642C75D94FF00008AAF80880B9F1A00F36
:1062C00005D30E229D48DDF8041520F0C3FC9C4840
:1062D0007A2C17D0792C02D0C62C00D00570A4F1EE
:1062E0006500182803DA9749214401F8655C8A2C77
:1062F0000BD0742C0CD0862C0DD0BF2C0ED08D2C36
:106300000FD010E002210170F9E38E49CD750AE04B
:106310008C498D7107E08B498D7504E08949CD74F6
:1063200001E088490D76762C76D00CDC11282AD233
:10633000DFE800F0372A43B34F5B652929BFCD2939
:10634000F5F4F3748E008E2C67D010DC892C79D094
:1063500006DC792C77D0862C76D0882C75D146E156
:106360008A2C73D08C2C72D08D2CF7D17AE0A4F1CA
:10637000BF000A28DBD2DFE800F0B806060506D722
:10638000D6D506D4704E65E19DF87002402874D8C9
:106390009DF86F02C0EBC00101EB00106B49FEE0FD
:1063A0007CE39DF870024028F1D89DF86F0268499F
:1063B000C0EB001000EB40002CE09DF8700280283C
:1063C000E5D89DF86F02C0EBC00101EB40116148B8
:1063D000F3E09DF870020828D9D89DF86F02C0EB51
:1063E000C00000EB40015C487CE09DF8700204288E
:1063F000CDD89DF86F0200EB40115848DDE09DF8C4
:1064000070021028C3D89DF86F0200EB800101EBE9
:106410004010534946181DE130E04CE19DF87002F0
:106420001028B4D89DF86F020BEBCB0200EB4001B3
:10643000C1EBC0104B4901EB001102EB0B1001EB5B
:10644000001607E1D7E025E0B9E069E0D5E058E0C3
:106450009DF8700208289AD89DF86F0200EBC001E1
:106460004148BDE09DF87002082859D89DF86F0298
:1064700000EBC00007EBC006ECE052E29DF87002B2
:106480000428F2D89DF86F02C0EBC00101EB0011A7
:10649000364827E0334E0A3EDCE09DF870021028B3
:1064A0008ED89DF86F023249C0EBC00001EB800628
:1064B000D0E09DF870020C288ED89DF86F0200EB9A
:1064C000800101EBC0012B4800EBC106C2E09DF842
:1064D000700210288CD89DF86F02C0EBC00101EB50
:1064E0000011254800EB4106B4E09DF87002F02849
:1064F000BBD89DF86F022149C0EBC00000EB8000C3
:106500004DE09DF870028028AFD89DF86F02C0EB77
:10651000C0011B4800EB81069CE058E042E033E0FC
:10652000F7E372E02EE060E05DE0000032F701602A
:106530002101006058010060F08202601871016062
:10654000EE0200605CF80260DEF20160BDEB046008
:106550007DF7046092140260207D02603085026045
:10656000421202607A730160707E0260B48502603C
:10657000E6290260002C0260A0380260803B0260C5
:10658000F0D20260F84E65E09DF87002102887D8BE
:106590009DF86F02F54900EB001000EB400001EBA5
:1065A000400657E09DF87002082885D89DF86F02D4
:1065B00000EBC00101EB0011ED480E184AE09DF818
:1065C0006F02C0EB0010C0EBC001EA48F5E79DF890
:1065D00070020828DBD89DF86F0200EB4001E64806
:1065E00000EB011636E0E54E34E0E54E32E0E548DA
:1065F000E54E45762EE0E54E2CE09DF86F02C0EBAF
:10660000C00101EB4011E248D7E700279AF80200E9
:10661000C119E04808440079012817D1DE48F9077C
:106620004FF0000140F827803BD007F16B000EF0DF
:10663000A6FDD94810F8271007F16C000EF09FFD59
:10664000B32000EB570000210EF099FD7F1CFFB234
:10665000182FDBD3002E6ED00120CDF8F404C22C0D
:1066600033D09DF870029DF86F12BDF87122411A67
:106670009AF80200491C02FB0102BDF86C128A4222
:1066800059D1652C7ED00A1AC24901443046091DF1
:1066900020F0E0FA672C27D0692C44D0752C28D044
:1066A0003CE007F154000EF06AFDBB4810F82710DB
:1066B00007F15500C2E7B34845769DF86F02C0EB7D
:1066C000C00101EB0011B548FEE6BDF86C129AF866
:1066D00002000A1AAF4901443046091D20F0BAFAF7
:1066E0009BA8FEF75DFE1CE1AD480570F8F73FFF83
:1066F00017E19DF86F220020AA49521C01EBC0034C
:106700001B79934206D101F8305001EBC00080F8AC
:10671000078003E0401CC0B26428EFD36A2C02D08B
:10672000662C03D035E0FAF714FAFAE09C480570BD
:106730009DF86F7225E0FDE3C7EBC70000EB071182
:10674000994800EB410090F82710012917D190F8E3
:106750002D10192903D00F2901D01D290FD1D0F8F0
:106760001E001CF05DFF50B99049934841F8278006
:106770008F4941F827808F4941F82780C5557F1CF4
:10678000FFB200E007E09DF87002B842D4D2F8F7FB
:1067900094FE652C1DD182480570BDF86C129AF8E4
:1067A00002000A1A7B4901443046091D20F052FAC2
:1067B0009DF86F6207E000213046FAF7BEFCFAF759
:1067C00086FC761CF6B29DF87002B042F3D2F8F760
:1067D000A1FE8A2C13D0742C2AD06E2C7DD0624E50
:1067E000792C7BD0C62C7AD0712C79D0BF2C78D064
:1067F0008C2C77D0C42C98D0C52C74D09AE39DF8FB
:106800006F026E4AC0EBC00101EB40166049135C99
:10681000314449788B4208D01154624901F8305014
:1068200001EBC00181F807808D7004F019FD78E05C
:106830008AF8045005208AF805009DF86F02574633
:1068400000EB4001C1EBC0115D4800EB0110017885
:10685000407801EB002000B21CF0E3FE01049DF83B
:106860006F02584E00EB800202EB40103044090CDE
:10687000C1834FD0B0F91E001CF0D3FE4FF4C87195
:1068800090FBF1F0401C484300B21CF0CAFE9DF89A
:106890006F1201EB810202EB41113144A1F8230098
:1068A000BDF86C02B9780BEBCB02411A02EB0B106E
:1068B00001EB0010B0F5FA6F08DD9DF86F0200EBF8
:1068C000800202EB40103044A0F823803E4F0025A8
:1068D000A7F8008042F2D87806E01EE022E03CE013
:1068E00078E087E0B1E0BEE005EB850000EB451005
:1068F0003044B0F923001CF094FE3988084480B27B
:106900003880404501D3A7F800806D1CEDB2102DF2
:10691000E2D3AEE3A0F82380C2E79DF86F02FDF753
:1069200054F9ADE326480A3800681CF079FE0123CB
:10693000264A27490EF02EFA244886F8EF8043466F
:10694000417802788DE80E008378C27841798079A9
:10695000F4F73EFDF4F733FD92E30A48057602486A
:1069600006F0C1FF8CE300004E040260BA0702602B
:10697000FA0F0260B0E90460C210026026010260F2
:10698000C20002605CF802605E0002605AFE0160B4
:106990006C86026032F701604C140160C035026001
:1069A00028040060B97E0360BDEB04602891036099
:1069B0008899036048990360B88703601EAD026040
:1069C0007A730160421202604A0100607C18006024
:1069D000929E03609DF870129DF86F02091A00EBF9
:1069E000001000EB4000FE4A491C02EB4000F9F7A2
:1069F000CAFE45E39DF86F52FA4F1FE0F02D1BD2FF
:106A0000C5EBC50000EB800007EB40000123C17A15
:106A10008DF80010817A8DF80110017A8DF802103E
:106A2000407A8DF8030096F832008DF804001A467B
:106A300002A96846FEF7AAFB6D1CEDB29DF8700234
:106A4000A842DBD8FAF7F9FA13E300959DF86F0234
:106A50000123C0EBC001E448002200EB8100411D8E
:106A6000FEF718F90CE3E14800781128C1D1E04B9A
:106A7000E04DE14EE14FE24A0020414643F820104C
:106A800045F8201026F8101027F8101022F81010E2
:106A9000401CC0B20328F1D3EBE224E3D94880794B
:106AA00016282DD017282BD05F2C29D09DF86E12D8
:106AB0005E293BD09DF870029DF86F22801ABDF8C8
:106AC0007122401C5043AAF80800BAF80820B2F519
:106AD000FA7F37D8CC48130A4370027081709DF852
:106AE0006F22C2709DF870220271BDF8712242714E
:106AF000120A8271102922D0742920D022E0BCE22F
:106B0000D8F80000C04982788A70C278CA700279C9
:106B10000A71D0F80520C1F80520D0F80920C1F885
:106B20000920D0F80D00C1F80D000BE0BDF871028E
:106B30004FF6FF7202EA4002AAF80820C5E742EACF
:106B40004B018171152C79D00DDC132C2ED2DFE88E
:106B500004F02D2E3A46C1525E682D2DE1F32DF141
:106B6000F0EF78919B002A2C69D010DC252C67D09F
:106B700006DC162C79D0222C78D0242C77D178E121
:106B8000262C75D0282C74D0292CF7D188E0A4F1BC
:106B90005B000928DAD2DFE800F0DD09090509ED1C
:106BA000ECEBEA009BA8FEF7FBFB984E2DE29DF86C
:106BB000700240285BD89DF86F029549C0EB001029
:106BC00000EB400038E09DF870024028F2D89DF8B4
:106BD0006F02C0EBC00101EB00108E495CE19DF833
:106BE00070028028E6D89DF86F02C0EBC00101EB6F
:106BF000401189485EE19DF87002082837D89DF859
:106C00006F02C0EBC00000EB400184489FE09DF89C
:106C1000700204282BD89DF86F0200EB40118048C9
:106C200048E19DF87002102821D89DF86F0200EB12
:106C3000800101EB40107B494618E6E13BE0F5E1BD
:106C400019E19DF87002102811D89DF86F020BEB26
:106C5000CB0200EB4001C1EBC010734901EB001106
:106C600002EB0B1001EB0016CFE190E024E17DE098
:106C700003E180E09DF87002082877D89DF86F0244
:106C800000EBC001694828E19DF8700204286DD826
:106C90009DF86F02C0EBC00101EB0011644856E0A3
:106CA0009DF87002082861D89DF86F0200EBC000C3
:106CB00007EBC006A9E101F019F91CF0B1FC5A4933
:106CC0000A390E4608605B48007808715A48007817
:106CD00048719AE19DF87002102847D89DF86F021C
:106CE0000025C0EBC001554800EB81068046C5EB8E
:106CF000C50108EB8107F91C3846FDF7F0FC07F1E8
:106D00000E01C81EFDF7EBFC6D1CEDB2102DEED38D
:106D10007BE1B0E19DF870020C2827D89DF86F0246
:106D200000EB800101EBC001454800EBC1066CE1BE
:106D3000CAE0B4E0A5E0FFE79DF87002102815D87E
:106D40009DF86F02C0EBC00101EB00113D4800EB64
:106D500041065AE19DF87002F02807D89DF86F02AD
:106D60002049C0EBC00000EB800095E037E075E003
:106D70007BE0B5E005E19DF8700280282FD89DF8F2
:106D80006F02314900EB800001EB80063DE1454692
:106D9000D8F80000FCF7DEFCCDF8F8044FF4C8701A
:106DA000AAF808002E68184816F8161F817536F8DC
:106DB000041B090AC17556F8041C090C017656F823
:106DC000041C090E417616F8081C817436F8081C5C
:106DD000090AC17456F8081C090C017536E0CFE0A9
:106DE000BA070260803B0260F0D20260C20002601B
:106DF000686103605C610360440200604A020060F5
:106E00005002006032F7016018710160DEF201602B
:106E10007DF70460BDEB046092140260207D026087
:106E200030850260421202607A730160707E0260F7
:106E3000B4850260AA02006077020060E629026061
:106E4000002C0260A03802601867016056F8081C28
:106E5000090E417516F8091C4174D6E000F0A4FE35
:106E6000FE490E4681F81490CFE000F09DFEFC4EE6
:106E7000CBE0FC4EC9E0FC4EC7E004F01FF9FB4E2E
:106E8000C3E09DF8700210287AD89DF86F02F84987
:106E900000EB001000EB400001EB4006B5E09DF870
:106EA000700208286CD89DF86F0200EBC00101EB5E
:106EB0000011F0480E18A8E09DF86F02C0EB00101A
:106EC000C0EBC001EC48F5E79DF87002082857D8E0
:106ED0009DF86F0200EB4001E84800EB011694E0DA
:106EE000E94A00200146E64EDFF898C392F800B068
:106EF00025E0C1EBC10293199F79DC2F0DD2B35C61
:106F0000DFF8888308EBD30803F0070398F80080C4
:106F100005FA03F318EA030F0FD0232F0DD0B35C4B
:106F200000EB40020CEB420293700023C2F80330E6
:106F3000537000E09DE0401CC0B2491CC9B25945E5
:106F4000D7D3D44A0021DFF848830E46177811E0E2
:106F50002B2201FB02839A7C52B900EB40020CEB1E
:106F60004202401C557096701B68C2F80330C0B2D4
:106F7000491CC9B2B942EBD38CF80000C14E44E0C1
:106F800070E0C54FC54E002557F825001CF048FBA2
:106F900006EB85016D1CEDB2C1F80200182DF3D38C
:106FA0006FF0AA001CF03DFB30805520DFF8F08226
:106FB000DFF8F0B286F89200002558F825001CF0A2
:106FC0002FFB06EB8507C7F89F005BF8250093377A
:106FD0001CF026FB3860B44830F915001CF021FB8A
:106FE00006EB450727F8AB0FB04830F915001CF049
:106FF00018FBF880AE4830F915001CF012FB6D1C30
:10700000EDB2B881032DD8D3A44E5EB3B9F1A00F71
:1070100014D29AF80200BAF8082040F252218318DC
:107020008B4260D2A3490844314619E09DF86F02B3
:10703000C0EBC00101EB00119F4876E60E229D488F
:10704000DDF804151FF006FE9AF80210BAF80820C1
:1070500040F252201144814245D2964831460E30CA
:107060001FF0F8FD03AA9349062017F032FDCDF872
:10707000F4047A2C01D0C82C02D10120CDF8F404FC
:10708000B9F1A00F33D2DDF8F40400282BD04FF46F
:10709000167188481FF0F7FD03A9864817F002FA19
:1070A0008449CDF8DA14CDF8DE040DF2D441DDF8D0
:1070B0000405FEF7FAFF7A2C02D0162C08D00BE05C
:1070C0004A460DF2D441DDF80C051BF061F803E0EF
:1070D000DDF8F804012806D14A460DF2D441DDF866
:1070E0000C051BF055F80DF2145DBDE8F08FA9F109
:1070F000A000044606F0E1FB9AF8080055460E3061
:10710000C1B26C4806F0A3FB6A4A2989030A0A4403
:1071100010319373D073E2B289B2664806F0AEFBC9
:10712000E1E770B500235C1E28B10578102D02D16F
:107130004578042D01D0204670BD022904D9801C59
:10714000891EFEF725FD0346184670BD70B5040084
:1071500015460E464FF000000FD020704FF4167108
:1071600017F07AFD6070A6701220E0704FF4157170
:10717000201D2A46FEF761FF001D70BD2DE9F0417C
:107180000400069E984617464FF000003BD0502062
:10719000207061701220A070E01C002117F005FE25
:1071A000C51C6019394618F02FFA0544601941468C
:1071B00018F02AFA05446019002117F009FE054469
:1071C00032886019012118F0D2F90544D6F802205E
:1071D0006019022118F0CBF905446019032117F05A
:1071E000E4FD0544002005E0D6F80610095C615571
:1071F000401C6D1CD6F80A108142F5DC6019032191
:1072000017F0E6FD2844BDE8F0812DE9FE434FF07C
:1072100000050A9E984617465FEA010904468DF864
:107220000050019502957CD0002E7AD02046002196
:1072300017F0C4FE80B1601C01AA694617F014FE65
:10724000451C9DF80000092845D1601902AA019942
:1072500018F0B7F9054431E053E00000370402604C
:107260004E0402605E0002605AFE01606C8602609D
:10727000BA070260FA0F0260B0E90460C21002604F
:1072800062740360B6020260200200609A7D0360AF
:10729000F0E002603C0100604C14016026010260D5
:1072A000686103605C610360440200604A02006040
:1072B0005002006018710160C03502600FB1029881
:1072C0003870601901AA694617F0CEFD05449DF893
:1072D0000000092802D00020BDE8FE83601902AA40
:1072E000019918F06EF90544B8F1000F02D0029828
:1072F00088F800006019002117F076FE0028EBD016
:107300006D1C601902AA012118F006F94FF0FF3731
:1073100000281EDB054402983080601902AA022171
:1073200000E014E018F0F8F8002812DB0544029899
:10733000C6F802006019032117F040FE48B16D1C29
:10734000601946F8060FA9EB0500401E706028463C
:10735000C2E73846C0E770B5040016464FF000009B
:1073600027D03020207061701220A0703288E01C7D
:10737000002118F0FCF8C51CD6F802206019012184
:1073800018F0F5F805446019022117F00EFD0544C8
:10739000002005E0D6F80610095C6155401C6D1C04
:1073A000D6F80A108142F5DC6019022117F010FDB1
:1073B000284470BDF0B5FE48002140252D2610223E
:1073C000082304272E24172919D2DFE801F00C1214
:1073D00019242B323BA2515966A26C7C86738F9A7A
:1073E000A2A2A2A24400DFF8CCC3C0F800C006717C
:1073F00004E0DFF8C4C3C0F800C00471457188E040
:10740000DFF8B8C3C0F800C04FF0270C80F804C004
:107410004FF0800C29E0DFF8A8C3C0F800C04FF09F
:107420001C0C4DE0DFF89CC3C0F800C04FF02A0CE4
:107430004FE0DFF894C3C0F800C04FF0210C80F893
:1074400004C065E0DFF884C3C0F800C04FF0250C2D
:1074500036E042715DE0DFF878C3C0F800C04FF05D
:10746000690C80F804C04FF0050C80F805C050E0AE
:10747000DFF860C3C0F800C006714FF0020CF4E7FB
:10748000DFF850C30CF15A0CC0F800C04FF0680C84
:1074900080F804C04FF00C0CE7E7DFF83CC3C0F8FD
:1074A00000C00471D5E7DFF834C3C0F800C04FF066
:1074B000660C05E0DFF828C3C0F800C04FF01E0CD2
:1074C00080F804C0C5E7DFF81CC3C0F800C04FF067
:1074D000190C80F804C043711BE0DFF808C30CF1FD
:1074E000C80CC0F800C04FF0300CF2E7DFF8F8C26B
:1074F000C0F800C04FF0900C80F804C04FF0090CA9
:10750000B3E7DFF8C4C20CF1840CC0F800C004710A
:107510004771491C09B208301429FFF654AFF0BD79
:107520002DE9F04FB14887B001250570B04800271C
:107530004FF438610760AF4807609F481FF0A3FB16
:10754000AD4E002106F1B9020692173205921732AC
:1075500004928A3203921732029297481732DFF868
:107560009CB24FF0050A4FF00209019201F10108A7
:107570000446C0F81E701FFA88F2A1A120F084FE14
:1075800084F822A084F8237084F8265084F82770A9
:1075900084F8285084F8295084F82B7084F82C70D3
:1075A0001FFA88F204F1150097A120F06DFE4FF448
:1075B000387191481FF067FB06F8B85F94A1A6F8F0
:1075C000157006981FF0B2FBF575B58592A1059868
:1075D0001FF0ACFB86F82E50A6F843908FA10498BC
:1075E0001FF0A4FB86F8B850A6F8CD7088A10398C8
:1075F0001FF09CFB86F8CF50A6F8E45088A10298B3
:107600001FF094FB86F8E650A6F8FB9086A1B83EE2
:1076100001981FF08BFB86488BF8195005700CF011
:10762000F8F91FFA88F104F12E0040299ED34FF497
:10763000346160481FF027FB5E480026761CC0F8C6
:107640001E7080F82870044680F82370B2B279A1C9
:1076500020F01AFEB2B204F1150076A120F014FE5B
:10766000B6B284F8227004F12D00402EE6D34FF418
:10767000E07153481FF007FB51490020401C4D7535
:1076800080B21C311028F9D34FF414714F481FF009
:10769000FAFA4E480021491C80F8205080F82170E9
:1076A000C78389B225301029F5D3DFF890814FF4D4
:1076B000FA416348A8F816701FF0E5FA604B002104
:1076C0004FF4FA6401EB4102C2EBC112002003EB5C
:1076D00002121754401C80B2A042FAD3491C89B24E
:1076E0001029EFD34FF49C5134481FF0CCFA334C9F
:1076F0000026032EC4F81E7084F8227084F82350EC
:1077000084F8259084F826702ED2C6EBC6004D4929
:1077100000EB40000144152220461FF09BFA494926
:1077200006EBC6003F3108440168C4F815104168F3
:10773000C4F81910007A607726B1012E0BD0022E02
:1077400012D10CE084F8235084F8265044F62060CF
:10775000C4F81E0008E0C4F81E70662002E0C4F8F9
:107760001E70672084F82600761CB6B22734802E5F
:10777000BFD34FF4387118481FF085FA44F2A011B6
:1077800031481FF080FAA8F8127013494446A8F84F
:107790001470002081F82970401C80B22E3110280E
:1077A000F8D3C02129481FF06EFA4FF4C0714FE0A2
:1077B000CEFF01607DF70460BDEB046092140260AF
:1077C000E6290260207D026030850260421202607C
:1077D000B0E90460A62B0260A0380260BA0702601C
:1077E0001A0E0260FA0F0260707E0260FC000060F8
:1077F0000401006008010060C03502605CF80260AE
:10780000494E202564000000494E25640000000018
:107810004155544F000000004F4E00004F464600B7
:10782000434F4F4C00000000484541540000000009
:10783000EE0200604F5554256400000034010060E2
:107840007A730160B89D0308803B026032130160C7
:10785000FE481FF018FA40F20D21FD481FF013FA00
:107860004FF42061FB481FF00EFA4FF4587529467B
:10787000F9481FF008FAF849677100204FF05536B3
:10788000C1F80560CF72401C80B21B312028F7D3AD
:107890002946F2481FF0F7F9F04927710020C1F896
:1078A0000560CF72401C80B21B312028F7D3DFF86F
:1078B000B0930025B046C5EBC50109EB81061C213C
:1078C00030461FF0E0F96D1CC6F80580ADB24046A9
:1078D000F772802DEFD3E349A771DFF88C930F7017
:1078E00000258046C5EBC50109EB81061C21304609
:1078F0001FF0C9F96D1CC6F80580ADB2F772802D76
:10790000F0D3DA48E7714FF4A8710770D8481FF038
:10791000BAF9D74D0020401CAF77EF7780B22A35F7
:107920000828F8D34FF490663146D2481FF0ABF9DF
:10793000FF223146D0481FF09FF98421CF481FF025
:10794000A2F90020AF77EF77401C80B221350428E0
:10795000F8D3CA48B82184301FF095F942F2B261D9
:10796000C7481FF090F9FE21C6481FF08CF9C548A2
:107970004FF48051FE301FF086F9C24D0021FE35D4
:10798000C14ADFF808C30A26002005EB811343F83B
:107990002020401C80B21028F9D30CF80160491C4B
:1079A00089B24029F0D35A21B9481FF06CF9A74891
:1079B000C821C8381FF067F9B5484FF49C652946BF
:1079C0005A301FF060F92946B2481FF05CF942F6C0
:1079D0002031B1481FF057F94FF4C871AF481FF07C
:1079E00052F94FF41651AE481FF04DF9A849002046
:1079F0005A310F2281F85E20401C80B268310C2879
:107A0000F8D3A8484FF4EE7160621FF03CF967703C
:107A1000277027824FF4CC61A3481FF034F9A248A5
:107A20000021491CC7718772A0F8557089B2663071
:107A30001029F6D34FF4F0719C481FF024F99C48AC
:107A40001F211C220170427081701E22C2700171C0
:107A500042718171C171027241728272C172694652
:107A60000D200DF07DFB0C200DF101010DF078FBD8
:107A70009DF800009DF801104FF47A7500EB01208D
:107A80008C492A46088080218B481FF0F5F88A48E7
:107A90002A46802180301FF0EFF8802187481FF0B0
:107AA000F2F88648802180301FF0EDF8FFF782FC65
:107AB00040F2811182481FF0E6F86848142114381A
:107AC0001FF0E1F860217F481FF0DDF87E4D45F2A0
:107AD000FF5060212880A81C1FF0D5F8552085F89C
:107AE000920005F11E000A2240F8757F00214760D0
:107AF000876005F19E0040F8017F47608760C7609E
:107B00000782C0F81270C78287618783A5F164007D
:107B10000770A0F27E401FF09DF841F2CC016B4847
:107B20001FF0B1F84FF416752772294668481FF008
:107B3000AAF8684829460780674807604760876059
:107B400066481FF0A0F82783202165481FF09BF8A6
:107B5000202164481FF097F8554864219C301FF09D
:107B600092F84FF4B47160481FF08DF83B4814212F
:107B700014381FF088F87C215C481FF084F85C48BA
:107B800040F85B7F8780877107B0BDE8F08F10B544
:107B9000172158481FF077F85648BDE810404FF4B9
:107BA000C87117301FF06FB82DE9F047504C514E97
:107BB000534FE07BB070207CF070607C3071A07C13
:107BC0007071BA20B071C020F07120783072607886
:107BD0007072A078B072E078F07220793073464805
:107BE00006F11705007885F8CE004448007885F83E
:107BF000ED00F8693080000CA6F81500B4F82100FB
:107C0000A6F80F00E179F1742A490988A5F8AF10A8
:107C1000A5F8C300386A1BF003FDC5F8CA0039494E
:107C200040F63F10A6F811000988A5F8BF10E882B9
:107C300020786178E27800EB0120A178090401EB5B
:107C400002610844C5F8B1005EE00000C2100260A5
:107C5000B0E904601867016090C1026030BE026044
:107C6000F0C4026064020060F0D202602A02006088
:107C7000207D0260707E0260F082026030850260CA
:107C80006C8602601EAD026000007F43F21301604B
:107C9000A62B0260E0300260BC3B0160AC140160C6
:107CA0003C160160DE050260BA0702601A0E02602F
:107CB000C2FF0160AA0200604EFC01604EFD01603F
:107CC000B60202604C14016026010260F0E002601E
:107CD0007AF001602A010060D2F20160ECF90160E3
:107CE0003DF704605DF704605AFE0160E0A20360A6
:107CF000C09003603704026077020060E002006019
:107D000034010060AC02006094F84F0085F8EE008A
:107D1000E07C2873207D6873607DA873A07DE87384
:107D2000E07D2874207E6874207985F8C500F87895
:107D3000B073E17B2970217C6970617CA970A17CA2
:107D4000E970617E2971A17E6971E17EA971217F4F
:107D5000E971617F2972A17F6972E17FA97294F84C
:107D60002010E972FE490978012904D0022994F80B
:107D7000231004D004E094F82310803100E0403157
:107D8000E97494F8441085F82F1094F8451085F89C
:107D9000301094F8461085F83110F24A94F84710E4
:107DA00085F8AA10518869769288AA762A2901D383
:107DB000012A27D095F8F61001F0FE0185F8F6109B
:107DC00094F8481085F8AE1094F8501085F8F0102B
:107DD0004FF0010A01291AD0002185F8EF10B4F8FC
:107DE000421085F83210090A85F8081194F823101A
:107DF0004FF02308491E4FF04A0903290AD885F895
:107E0000338009E095F8F61041F00101D6E785F8D6
:107E1000EFA0E4E785F83390E17905F8151F14F831
:107E20000A1FA9716178E970A17F6974E17FA97463
:107E300094F82010E97494F8471085F8E21094F84B
:107E4000481085F8E31094F8491085F8E41094F888
:107E50004A1085F8E51094F84B1085F8E61094F870
:107E60004C1085F8E710617F05F8151FBE490978A9
:107E7000A970BE490978E970BD4909782971E87788
:107E8000F8691BF0CDFBC5F89C0085F81EA01422F4
:107E9000B849B9482A3D1EF0DDFEB848007885F89B
:107EA000C200607E0A3C28B1401F072805D886F82A
:107EB0000D9004E03220707301E086F80D8034F8F4
:107EC000570F25F8F30FB878A870AB486268C23036
:107ED00040F8072F21898180A37A8371A848C0F8D0
:107EE0000A20C1810374BDE8F087704710B5A5482A
:107EF000A54C0078A8B1A548A549B0F807008A8923
:107F000090420ED3C98988420BD8F1F738F9B4F9F9
:107F10000010494201EBC10100EB8100A0F5616056
:107F200010BDF1F72CF9B4F90010494201EBC10181
:107F300000EB810010BDFFF7F3BA70B58EB0812160
:107F40008DF800100B218DF8011000238DF8023000
:107F50001C218DF8031001228DF8042028218DF8B2
:107F60000510FF218DF806108DF8071089498DF84E
:107F7000083009880C0A8DF809408DF80A102B2169
:107F8000484385498DF80B2008441A24417A8DF81E
:107F90000C10FE218DF80D1010218DF80E108DF8AB
:107FA0000F30D0F816100491817E8DF81410222124
:107FB0008DF815108DF81620E0218DF817109121FD
:107FC0008DF8181003218DF81910C17E212909D0D0
:107FD0000021C1F11A0202449279212A04D0222AF6
:107FE0000AD013E00121F4E7C1F10A0108441C247E
:107FF000C08AADF81A0009E0C1F10A0108441D2445
:10800000C18AADF81A10007E8DF81C00634D40F255
:108010002D11634E28782246484306EB40006946FE
:108020001EF018FE287840F22D11414306EB410165
:10803000401CA1F8584228700EB070BD2DE9F041E7
:108040000546584890F82A10092903D090F82800CE
:10805000092819D14E4F387A002815D052490020EE
:108060004D4E08704D490446087055B11BE02B2059
:1080700000FB0460807C10B92046FFF75EFF641CA3
:10808000E4B2387A8442F2D3BDE8F0812B2000FBC1
:108090000460817C29B90068A84202D12046FFF71C
:1080A0004CFF641CE4B2387A8442EFD3ECE72DE94C
:1080B000F05F9E46DDE90A76DDF8309015460C4605
:1080C000030073D02DB9012E70D1B9F1010F00D08A
:1080D00025792F490A7A642A68D800204FF0050ACA
:1080E000DFF8B4C08B4612E02B2101FB00C1D1F8B0
:1080F0000080984509D1897CB14206D14FF02B0808
:1081000008FB00C888F813A003E0401CC0B29042EE
:10811000EAD3904275D12B204243E04602EB08009F
:108120000821036086748172D4F80110C160B4F82C
:108130000510018280F813A0142F04D23A4671462C
:1081400016301EF087FD9BF808102B2000FB0180E5
:108150005B4680F82A704FF0000C094F012E26E094
:10816000F30200604EFE0160790200607A02006056
:108170007B0200601CBE026082040260800400601A
:1081800088F9016077020060AA0200607C18006034
:1081900034010060AC020060F0E00260A403006003
:1081A0005CA30360C0900360B403006029E008D0C2
:1081B000FA8F521CFA87DA780271457280F80AC089
:1081C00018E00571A27A012A03D0062A03D045726D
:1081D00003E0E27A00E0A27B4272A27A52B9B9F1DE
:1081E000010F07D1FF2D05D1227942722279027148
:1081F0000122827280F815C0491CC8B28BF80800B1
:10820000B887BDE8F09F30B5BC4B4FF47A72BC4CD8
:108210001A600022B8490523247A08E04D7A854285
:1082200002D18D7C05B9CB74521CD2B22B31A24243
:10823000F4D330BD70B5B24E7089411C71813C28B9
:1082400026D300207081AC4C05461EE0E17C491E1F
:1082500049B2E174002915DAA0B1421B2B20521E4D
:10826000424304F12B0120461EF0F4FC307A2B210E
:108270004843A14908442B212B381EF004FD307AD5
:10828000401E30726D1CEDB22B34307A8542DDD346
:1082900070BD30B59A4C0022974B257A10E02B2404
:1082A00004FB02342479844208D12B2000FB0230E5
:1082B000C2680A60008A8880012030BD521CD2B298
:1082C000AA42ECD3002030BD30B58D4C00228A4B41
:1082D000257A10E02B2404FB02342468844208D160
:1082E0002B2000FB0230C2680A60008A88800120CF
:1082F00030BD521CD2B2AA42ECD3002030BD70B5C2
:108300007F4B31B9DAB1022A03D1DA78904200D03A
:1083100001460022784C1D7A0FE02B2303FB024319
:108320001E79864207D15B7A8B4204D12B2000FB59
:108330000240006870BD521CD2B2AA42EDD30020A8
:1083400070BD30B56E4C00226B4B257A0AE02B24B1
:1083500004FB02342468844202D10A70012030BD3B
:10836000521CD2B2AA42F2D34FF0FF3030BDF0B56A
:10837000634C4FF0FF3631B9D3B1022B03D1E37810
:10838000984200D0014600235B4D277A0EE02B2453
:1083900004FB035494F804C0844505D1647A8C42EC
:1083A00002D1137058B2F0BD5B1CDBB2BB42EED3FE
:1083B0003046F0BD4178027901F01F0102F0600201
:1083C0001144032908D0A1F11800032802D921394A
:1083D000032906D80120704749498078C978884226
:1083E000F8D00020704770B50346FFF7E3FF4FF069
:1083F000FF3501281FD0187901061CD54006997851
:10840000400A00EB0120D97840180CD03C4C3A4986
:108410000022247A0BE00E68864205D10879987014
:10842000487AD870002070BD521CD2B22B31A242C3
:10843000F1D300209870284670BD3249324A91F835
:108440002A0001280BD0092809D091F8280001281A
:1084500001D0092802D11088401C108070479088F4
:10846000401C908070472749284A91F82A0001282B
:108470000BD0092809D091F82800012801D009283B
:1084800002D11088401C108070479088401C90805A
:1084900070471C491E4A91F82A0001280BD0092870
:1084A00009D091F82800012801D0092802D11088AC
:1084B000401C108070479088401C90807047114885
:1084C00010B50F4A90F84F100023507A114C401C01
:1084D000C0B269B1FF2906D05072814202D25372F4
:1084E000C4F8803110BD53720120C4F8800110BD62
:1084F00050720528F3D810BDF0E002603003006030
:1085000034010060C0900360440200604A020060D1
:1085100050020060000021427047F74931F8100016
:108520007047F64A22F810107047F44931F81000ED
:108530007047034610B5F24841F2883240F6B8342D
:1085400090F8231003FB02F003FB04F2940AEC4AB8
:10855000800A0129D2790ED005290CD002290DD02C
:1085600006290BD0032905D1072A03D242F26C0059
:108570004343980A10BD162AFCD201E0042AF9D21E
:10858000204610BD0246DE4842F2107390F82310D8
:1085900002FB03F042F228335A43D94B800A920A75
:1085A000DB7901290BD0052909D002290AD0062937
:1085B00008D0032902D1072B00D210467047162B92
:1085C000FCD2FAE7062BF8D3704730B5CD4A105CE1
:1085D00040F6B8324A43940AC94A0228D37992F83D
:1085E000232009D0012821D0032824D0042801D039
:1085F000002800D1204630BD41F2883501FB05F04E
:10860000800A012A0CD0052A0AD0022A0BD0062A99
:1086100009D0032AEFD1072BEDD242F26C0007E01C
:10862000162BE8D2E6E7042BE5D2E3E744F6206018
:108630004143880A30BD42F2107401FB04F042F25B
:1086400028346143800A890A012A0BD0052A09D0FF
:10865000022A0AD0062A08D0032AEBD1072BE9D236
:10866000084630BD162BFCD2FAE7062BF8D330BDF6
:10867000A54800787047A54800787047A04890F852
:108680002300012818D0052816D0022816D0062865
:1086900014D003281AD00A2812D098B1042813D075
:1086A000072811D00C2811D0092811D00B2811D07F
:1086B0000E2811D0002070472020704710207047EE
:1086C0000620704718207047082070470B2070471D
:1086D0000D2070471120704715207047884890F88A
:1086E0002300012818D0052816D002281AD0062801
:1086F00018D0032812D00A2812D098B1042813D019
:10870000072811D00C2813D0092804D00B280DD02D
:108710000E280DD0002070471820704708207047A1
:10872000032070470A2070470E20704709207047C9
:108730000B2070477249704A4FF47A7391F82310F6
:108740000B2904D00E290BD0092912D01BE0118B64
:10875000994202D90C2816D313E00C2813D910E043
:10876000118C994202D910280DD30AE010280AD999
:1087700007E0118A994202D9082804D301E00828A9
:1087800001D9002070470120704770B50446604D44
:10879000604E55F8240056F8241008444FF47A71BE
:1087A00048431AF03DFFC4EBC4015B4A01EB0411DE
:1087B00002EB4101C1F81E0055F8240056F82410C0
:1087C00008444FF47A71484370BDF0B54C4991F8B4
:1087D00023100E2912D0002250494FF4616309681A
:1087E000B1FBF3F403FB141109B101282BD10020D4
:1087F000494C474D474E4A4B0C3222E00422EBE7EE
:10880000C0EBC00101EB001104EB410191F82D1008
:10881000192903D00F2901D01D2910D155F8201096
:1088200056F82070394453F82070B94207D03D4FB4
:1088300043F82010012179703B4F02213970401C10
:10884000C0B29042DCD3F0BD2DE9F0432C4890F843
:1088500023000E2810D00027DFF8C4C02F490020C5
:108860000CF1400C0CF140068046DFF8A89006F1B0
:1088700040050C370A6834E00427EDE7C0EBC0017F
:10888000254B01EB001103EB410191F82D101D293F
:1088900025D15CF8203059F820108B4219D8CB1A1A
:1088A00056F82040C3EB03139B00141BB3FBF4F3F7
:1088B0001E4C44F8203035F810305C1C25F8104070
:1088C000052B0CD346F820204CF8201025F81080FA
:1088D00005E025F8108046F820204CF82010401CB8
:1088E000C0B2B842CAD3BDE8F083104951F82000A5
:1088F0004FF47A71484370474EFC01604EFD0160B1
:10890000C09003603DF70460210200602202006015
:108910002891036088990360BDEB0460B802006091
:108920003CF702605CF80260EE0200604899036068
:10893000F0B54B4890F823000E2809D00025002000
:108940000123484E484C494F494A86460C351DE0A4
:108950000425F4E7C0EBC00101EB001106EB410177
:1089600091F82D10192903D00F2901D01D290BD101
:1089700054F820C057F820108C4503D2135444F803
:10898000201001E002F800E0401CC0B2A842E1D390
:10899000F0BDB0E730B5384A0021364D14780CE010
:1089A00001EB410205EB82025379527A1A4482426A
:1089B00001D9834203D9491CC9B2A142F0D3A142D3
:1089C00002D14FF0FF3030BD2C48C1EBC101405CFB
:1089D0002B4900F0070201EBD001012009789040FB
:1089E000014201D0012030BD002030BDF0B502466B
:1089F000FFF774FE4FF0FF3690421CD81E4800214E
:108A00001C4D047813E001EB410005EB8000037975
:108A1000077A1F44974201D993420AD9C378C07993
:108A20001844904201D9934203D9491CC9B2A142CA
:108A3000E9D3A14201D13046F0BD1048C1EBC101DC
:108A4000405C0F4900F0070201EBD00101200978DA
:108A50009040014201D00120F0BD0020F0BD000097
:108A6000C0900360BDEB04601CF80260889903604D
:108A7000789E03601D4A03602002006062740360F8
:108A80009A7D036070B50021FE4CFF4E08460A46F1
:108A90000D46182A67D2DFE802F00C10151A1F24C1
:108AA0002866662D32663741453C4A4F5358666604
:108AB0005D6200214FF4346055E0084481B24FF408
:108AC000386050E0084481B24FF49C504BE00844B9
:108AD00081B24FF4E07046E0084481B24FF4A870D0
:108AE00041E0084481B284203DE0084481B24FF463
:108AF000147038E0084481B24FF49C6033E00844BD
:108B000081B24FF438702EE0084481B24FF4CC604B
:108B100029E0084481B24FF4F07024E0084481B2A7
:108B2000C82020E0084481B24FF4C0701BE0084424
:108B300081B24FF4906016E0084481B2B82012E090
:108B4000084481B240F2F2600DE0084481B244F280
:108B5000A01008E0084481B240F20D2003E0084470
:108B600081B240F6E260430504D0C00AC00200F5BD
:108B7000006080B204EB820319805880B554521C07
:108B8000D2B2182A85D3C149002000EB800202EB43
:108B900040120A44401CC0B2A2F823501028F4D35B
:108BA00070BD70B5B84C607E012833D172B6F2F753
:108BB0003FF9B74D2846F2F768F94FF40A72B54904
:108BC0002846F2F73CFAB822B349B448F2F737FA2C
:108BD000EA14B349B348F2F732FAB0481422B24962
:108BE0002838F2F72CFAAD481422B0491438F2F7BD
:108BF00026FAAA486422AE49B830F2F720FAA7480C
:108C00000722AC493038F2F71AFA00206076F2F702
:108C100015F962B670BD9C4810B5007E012820D1C0
:108C200072B6F2F705F9A44C2046F2F72EF9A248E5
:108C30001422A249A030F2F702FA4FF41072A049B0
:108C4000A048F2F7FCF9924864229F499038F2F765
:108C5000F6F97C229D492046F2F7F1F9F2F7EEF899
:108C600062B610BD2DE9F047DFF86492DFF81CA270
:108C7000DFF8608200244FF4FA6709EBC42630461F
:108C8000F2F703F904EB840000EB441101EB0A0551
:108C9000B5F923001AF0C5FC00281ADDB5F9230048
:108CA0001AF0BFFCB84214DCB5F923001AF0B9FC85
:108CB00081B208EBC420F2F705F904EB44008649C1
:108CC000C0EBC41001EB001130463A46F2F7B7F999
:108CD00004E008EBC4200021F2F7F4F8641CE4B2CD
:108CE000102CCAD3BDE8F0872DE9F05FDFF898A11A
:108CF00000240AF11A0A6348182C00EB8400B0F82B
:108D00000280068865D2DFE804F00C10181C2024CD
:108D10002764642F3364643B3E374246494D6464A4
:108D20002B514FF434626D4902E06D494FF43862C3
:108D300055481A301DF08EFF4BE04FF49C526949A4
:108D4000F6E74FF4E0726849F2E74FF4A87267491A
:108D5000EEE784226649EBE74FF414724B49E7E7EC
:108D600040F20D226349E3E74FF49C626249DFE77A
:108D70004FF438726149DBE74FF4F0726049D7E78E
:108D8000C8226049D4E74FF4C0725F49D0E74FF47E
:108D900090625E49CCE7B8225D49C9E740F2F262D1
:108DA0005C49C5E744F2A0125B49C1E7DFF86C916A
:108DB00000255746C5EBC50000EB4511C5EB051076
:108DC000494438440F221DF045FF6D1CADB2FE2D05
:108DD000F0D3DFF8B49019F80400012824D172B65A
:108DE000F2F726F80F2C03D00025DFF834B112E09B
:108DF000FFF738FF12E006EBC52101EB0B00074639
:108E0000F2F743F80AEBC52138464FF40062F2F757
:108E100016F96D1CEDB2B5EBD82FECD3F2F70EF8C6
:108E200062B6002109F80410641CA4B2182CFFF4E7
:108E300062AFFFF7F0FEBDE8F05FB2E62DE9F04764
:108E40001D4814221D49A030F2F7E1F81B480178B3
:108E5000FF2906D14078FF2803D1142117481DF0BF
:108E600012FF4FF4107216491648F2F7D0F84FF47B
:108E70000A7208490648F2F7CAF8B82206490748B4
:108E800050E00000964603605CF802604212026007
:108E900000880708C0350260E8370260588B070871
:108EA0004CF30260288A07089E000060B200006050
:108EB0005E0002601B910360008007081CBE026018
:108EC000F082026030850708BCF10260E0A2036016
:108ED00000000608D00706087A7301607DF7046079
:108EE000BDEB046092140260E6290260207D0260FE
:108EF00030850260B0E90460002C0260A038026096
:108F00001A0E0260FA0F0260C2100260707E0260E8
:108F1000B485026062740360803B02606C8602600C
:108F200000800608F2F773F86422F749F748F2F771
:108F30006EF8F74C4FF6FF77DFF8D893B4F8CD0012
:108F4000012500264FF00208B8421BD104F8B85F93
:108F5000EF48A4F81560F0A1B9301DF0E7FEEC4829
:108F6000E575A585EEA1D0301DF0E0FE84F82E5009
:108F7000E748A4F84380EBA1E730B83C1DF0D6FEEB
:108F800089F81950B4F88501B8421BD184F87051A2
:108F9000A4F88561E0A1E44804F5B8741DF0C6FEAC
:108FA000E148E575A585E1A117301DF0BFFEDE485B
:108FB00084F82E50A4F84380DEA12E301DF0B6FEBA
:108FC00089F81950D1480722DC49E838F2F71FF830
:108FD000DA485B3890F85B10FF2900D081B9C0F8FF
:108FE0005B60A0F85F6080F8616080F85B5080F89B
:108FF0005D5090F823100B2911D0092180F85C10E6
:109000006422CF49CF48F2F702F87C22CE49CF48FC
:10901000F1F7FDFFCC480178FF2902D008E00D21CF
:10902000ECE74078FF2803D17C21C7481DF02BFED8
:109030004FF48072C649C748F1F7E9FFC449C64CEE
:10904000002051F82020A24201D141F82060401CAC
:1090500080B2C24BC24FC34D4FF4C0624028F0D320
:109060009146394698461846F1F7D1FFD7E90001F5
:109070001EF0B6FA2BD1D7E902011EF0B1FA26D1C3
:109080003868A84223D0B968A94220D02646B04209
:109090001DD0B1421BD072B6F1F7CAFE4046F1F7BF
:1090A000F4FE0021002007EB811242F82060401CF2
:1090B00080B21028F9D3491C89B21829F2D34A4644
:1090C000A7494046F1F7BBFFF1F7B8FE62B60021B1
:1090D000002007EB811252F82030A34201D142F860
:1090E0002050401C80B21028F5D3491C89B21829A1
:1090F000EED3864814229C49E038F1F788FFBDE89A
:10910000F047824814229949CC38F1F780BF2DE905
:10911000F04797490020DFF85C92DFF85C82974FB8
:10912000088004464FF4FA6609EBC420F1F7E2FE2A
:10913000B04200D9002000B21AF073FA04EB8401A7
:1091400001EB441202EB0805A5F8230000B21AF067
:1091500068FA002812DDB5F923001AF062FA3246E7
:1091600090420BDC04EB4400C0EBC41007EB001191
:10917000834800EBC420F1F74AFF08E004EB440009
:10918000C0EBC41007EB001031461DF07CFD641CE1
:10919000E4B2102CC8D3A5E52DE9F04F0020FFB0B4
:1091A0005C4EDFF8E0B1ADF8010005461A367648AE
:1091B0008DF8005000EB850000244188019107885C
:1091C000DFF8C891D8464FF4006A0CE007EBC421E1
:1091D00001EB080048450AD806EBC4215246F1F7D6
:1091E00016FF641CE4B20198B4EBD02FEED33078B4
:1091F000FF281AD17078FF2817D1B078FF2814D132
:10920000F078FF2811D13079FF280ED17079FF282E
:109210000BD1B079FF2808D1F079FF2805D1307A39
:10922000FF2802D1707AFF281CD0182D1AD2DFE84F
:1092300005F00C121A20262C31EBEB3D43EBEB4FE3
:1092400054495A6065CDEBEB37D232494FF4346262
:109250001A314F4804E02F494FF438621A314D4813
:109260001DF0F8FCD0E02B494FF49C521A314A48CB
:10927000F6E728494FF4E0721A314848F0E72549EB
:109280004FF4A8721A314648EAE7224984221A317B
:109290004448E5E71F494FF414721A313648DFE7B6
:1092A0001C4940F20D221A313F48D9E719494FF4C1
:1092B0009C621A313D48D3E716494FF438721A318F
:1092C0003B48CDE713494FF4F0721A313948C7E7EC
:1092D0001049C8221A313848C2E70E494FF4C0720B
:1092E0001A313648BCE70B494FF490621A313448C2
:1092F000B6E70849B8221A313248B1E7054940F2C9
:10930000F2621A313048ABE75E000260108C070849
:10931000C03502605CF802604155544F0000000007
:109320004F4E00004F46460031370260434F4F4CCE
:109330000000000048454154000000001B910360FC
:10934000BCF1026070870708E0A203600080070894
:109350004CF30260288A070800FF7F470090070847
:109360001CAE026000007F439E000060B2000060FF
:109370004A010060D0070608421202607A73016059
:1093800000000608008006089646036000F80708FB
:109390007DF70460BDEB046092140260E629026070
:1093A000207D026030850260B0E90460002C02601C
:1093B000A03802601A0E0260FA0F0260C21002604A
:1093C000707E0260B48502606274036044F2A01291
:1093D0003549364844E7DFF8D880DFF8D8900024D4
:1093E000C4EB04108119C4EBC40000EB441202EB7F
:1093F00008070F2238461DF02DFC797809F8041073
:10940000641CE4B2FE2CEBD36D1CEDB2182DFFF4FE
:10941000CEAE0020284B0122C0EBC00101EB0011B1
:1094200003EB410191F82D400CB981F82820401C34
:10943000C0B24028F0D3214B0020C0EB001101EB5B
:109440004101194491F828400CB981F82320401CAF
:10945000C0B24028F1D31A4B0020C0EBC00101EB91
:109460004011194491F826400CB981F82320401C82
:10947000C0B28028F1D3FFF74AFE7FB0BDE8F04FBD
:10948000DCE410B572B6F1F7D3FC0E4C2046F1F7D0
:10949000FCFC4FF4C0620C492046F1F7D0FDF1F717
:1094A000CDFC62B610BD000076F80260803B026021
:1094B0006C8602601EAD0260BDEB04607DF7046047
:1094C00092140260009007081CAE026070B5FF4B5A
:1094D0000024C3F88C41FE4A0125C2F89851224667
:1094E000C3F89041060602D5C3F8945101E0C3F8D1
:1094F0009441C3F890514006521C000ED2B2082A83
:10950000EED30020C3F890410A0602D5C3F8945167
:1095100001E0C3F89441C3F890514906401C090E7C
:10952000C0B20828EED3C3F88C5170BDC0F3072237
:10953000C1B21046CAE730B5E44A0023C2F88C3104
:10954000E349C1F8983119460124C2F89031050663
:1095500002D5C2F8944101E0C2F89431C2F89041BA
:109560004006491C000EC9B20829EED3C2F88C414E
:1095700030BD30B5D54A0023C2F88C31D44901241E
:10958000C1F898411946C2F89031050602D5C2F8D3
:10959000944101E0C2F89431C2F890414006491C60
:1095A000000EC9B20829EED3C2F88C4130BD2DE9B6
:1095B000F04106468846C2F30724D7B2C3F3072515
:1095C00003F0FF0C2A20FFF7B6FF0020FFF7D1FFC2
:1095D0003046FFF7CEFF0020FFF7CBFF4046FFF7F6
:1095E000C8FF2B20FFF7A7FF2046FFF7C2FF384632
:1095F000FFF7BFFF2846FFF7BCFF6046FFF7B9FF44
:10960000BDE8F0412C2096E72DE9F0410646002206
:1096100040F23F13EF211046FFF7C9FF00254FF43A
:10962000A07700243046FFF781FF641CF02CF9D3AB
:109630006D1CBD42F5D3BDE8F08100B52820FFF7D1
:109640007AFF10205DF804EB75E710B51120FFF7E5
:1096500072FF7820F4F71CFBBDE8104029206AE770
:10966000F8B501214C20EFF71AFD0126ADF8006096
:1096700010248DF8034003258DF802506946954863
:10968000EFF7E9FA3C20ADF800008DF803408DF8C3
:10969000025069469048EFF7DEFA4020ADF800002E
:1096A0008DF803408DF8025069468C48EFF7D3FAE5
:1096B0008B48C0F880618B4900200870F8BD70B5F8
:1096C000824C0125C4F88C51052004F5C474F4F7CC
:1096D000DFFA002020600A20F4F7DAFA256078200B
:1096E000F4F7D6FA1120FFF726FF7820F4F7D0FA26
:1096F000CF20FFF720FF0020FFF73BFFC320FFF73D
:1097000038FF3020FFF735FFED20FFF714FF64200E
:10971000FFF72FFF0320FFF72CFF1220FFF729FF91
:109720008120FFF726FFE820FFF705FF8520FFF7E0
:1097300020FF1020FFF71DFF7920FFF71AFFCB2035
:10974000FFF7F9FE3920FFF714FF2C20FFF711FF78
:109750000020FFF70EFF3420FFF70BFF0220FFF77A
:1097600008FFF720FFF7E7FE2020FFF702FFEA20BF
:10977000FFF7E1FE0020FFF7FCFE0020FFF7F9FEF7
:10978000C020FFF7D8FE2220FFF7F3FEC120FFF72D
:10979000D2FE1120FFF7EDFEC520FFF7CCFE3D20E5
:1097A000FFF7E7FE2020FFF7E4FEC720FFF7C3FE28
:1097B000AA20FFF7DEFE3620FFF7BDFEC820FFF728
:1097C000D8FE3A20FFF7B7FE5520FFF7D2FEB120B2
:1097D000FFF7B1FE0020FFF7CCFE1320FFF7C9FE14
:1097E000B620FFF7A8FE0A20FFF7C3FEA220FFF76E
:1097F000C0FEF620FFF79FFE0120FFF7BAFE3020E3
:10980000FFF7B7FEF220FFF796FE0020FFF7B1FE4C
:109810002620FFF790FE0120FFF7ABFEE020FFF7C8
:109820008AFE0F20FFF7A5FE3F20FFF7A2FE2F20A4
:10983000FFF79FFE0C20FFF79CFE1020FFF799FE1C
:109840000A20FFF796FE5320FFF793FED520FFF77F
:1098500090FE4020FFF78DFE0A20FFF78AFE1320BE
:10986000FFF787FE0320FFF784FE0820FFF781FE45
:109870000320FFF77EFE0020FFF77BFEE120FFF7CD
:109880005AFE0020FFF775FE0020FFF772FE102041
:10989000FFF76FFE0320FFF76CFE0F20FFF769FE56
:1098A0000520FFF766FE2C20FFF763FEA220FFF7DE
:1098B00060FE3F20FFF75DFE0520FFF75AFE0E20F9
:1098C000FFF757FE0C20FFF754FE0DE00000234287
:1098D000008021420008014000180140000C0140B6
:1098E000000021423D0100603720FFF742FE3C208E
:1098F000FFF73FFE0F20FFF73CFE1120FFF71BFE96
:109900007820F4F7C5F92920FFF715FEBDE870406F
:109910003220F4F7BDB92DE9F047DDE9088700B33F
:10992000F74D03EBC30000EB4000182605EB800564
:109930002424A5F558658819401E00F0FF0C131962
:10994000C8B261465B1EFFF732FE7443E01704EBBA
:1099500050704FEAD00C00264FEA172A4FEA182918
:1099600027E0E84D302660242D2B08D0202B09D08D
:1099700003EBC30005EB8015A5F5D845DBE705F53E
:10998000B455D8E705F5C655D5E700242878E0405A
:10999000C00703D008F0FF01484601E0F9B2504685
:1099A000FFF794FD641CA4B2082CEFD3761CB6B26A
:1099B0006D1C6645E9D3BDE8F0872DE9FC471D46DF
:1099C000DDE90A9816460C46074609E0CDE90098FD
:1099D0003246A1B23846FFF79EFF37B117346D1CEF
:1099E0002B78002BF2D1BDE8FC871F34F7E71CB5BC
:1099F00047F6196401280094C3A3019405D0C2223C
:109A000000210120FFF7D9FF1CBD6C22002101209D
:109A1000FFF7D3FF0094BCA397220194F0E72DE950
:109A2000FC4107460E460120FFF7E1FF47F61964A7
:109A30004FF6FF75CDE900543B466C220021012012
:109A4000FFF7BBFFCDE900543346972200210120E8
:109A5000FFF7B3FFBDE8FC8100B5B0488DB0B0A101
:109A6000827C68461EF010FCAFA106A81EF00CFC1C
:109A7000694606A8FFF7D3FF0DB000BD10B5FFF78C
:109A8000EFFDFFF71CFEBDE8104047F61960BBE58F
:109A90002DE9F047DDE90887F0B1A54803EB430362
:109AA000102600EB03151824A5F5C0658819401E83
:109AB00000F0FF0C1319C8B261465B1EFFF777FD7B
:109AC0007443E01704EB50704FEAD00C00264FEAC5
:109AD000172A4FEA182927E08A4D302660242D2BBB
:109AE00008D0202B09D003EBC30005EB8015A5F5AA
:109AF000D845DBE705F5B455D8E705F5C655D5E7F4
:109B000000242878E040C00703D008F0FF01484651
:109B100001E0F9B25046FFF7D9FC641CA4B2082C4E
:109B2000EFD3761CB6B26D1C6645E9D343E72DE949
:109B3000FC471D46DDE90A9816460C46074609E033
:109B4000CDE900983246A1B23846FFF7A1FF2FB108
:109B500010346D1C2B78002BF2D144E71834F8E751
:109B600070B5164601FB00F2049C95B218446218C9
:109B7000401EC1B2D8B2531E2246FFF718FD002482
:109B800007E036F81400C1B2000AFFF79FFC641C1E
:109B9000A4B2AC42F5D370BD2DE9F04101FB00F455
:109BA000069AA5B218445418401EC1B2D8B2631E1A
:109BB000089EFFF7FCFC0024370A05E0F1B23846A6
:109BC000FFF784FC641CA4B2AC42F7D333E52DE963
:109BD000F04788B0044600262022052102A81DF087
:109BE0004BF800208DF80D00601E022840D8C4EB11
:109BF000C40000EB44114F480F1817F8015CA5F1A1
:109C00006500022839D8C5EBC50000EB05104A4DA8
:109C100057F8092C4FF47A7105EBC000C6EBC60C5F
:109C200092FBF1F30CEB061C8444ACF5A04CBCF8A1
:109C30007DC763451DD1C6EBC60101EB0616304456
:109C4000A0F5904097381DF045F8C2B2052A00D320
:109C5000052217F8010CC0EBC00101EB001005EB69
:109C6000C0008119A1F5904102A897391CF0F2FFBC
:109C700010E1761C082ED1DB0CE157F8096C304658
:109C80001DF0EDFBDFF8B48041461DF016FA2C49BB
:109C90008E4200DB2B4817F8041C49B1404570DBAD
:109CA0001DF009FC024628A102A81EF0EDFAF1E021
:109CB00017F8030C00B101201DF0DAFB2021452626
:109CC00054274D2241234FF0420C4FF04C094FF0E6
:109CD000430A172DCCD2DFE805F0DD0C41464B4F8F
:109CE0005B60656C737C80848D96A5A9ADB6BABEA9
:109CF000C70010F0FF4F01D114A065E015A063E08C
:109D00000A4B04085E9E03082020202020202020EB
:109D1000202020202020202000000000C090036090
:109D200049503A257500000054535441542D5000B9
:109D30001E73040892140260C035026000007A4469
:109D400080969800003C1C46256400004F46462043
:109D5000200000004F4E20202000000010F0FF4F98
:109D600042D0F7A030E010F0FF4F46D1F6A02BE034
:109D700010F0FF4F4AD04FE010F0FF4F02D1F4A097
:109D800001E075E0F4A0006802908DF80C2081E0FD
:109D900010F0FF4FF3D0F2A016E010F0FF4FEED01E
:109DA000F1A011E010F0FF4F01D1F1A00CE0F2A002
:109DB0000AE010F0FF4F01D1F1A005E0F2A003E0AE
:109DC00010F0FF4F4AD0F2A0006802908DF80C10FE
:109DD00060E010F0FF4FE3D0DDE710F0FF4F8DD0D3
:109DE0008AE710F0FF4FBCD0EBA0006802908DF81E
:109DF0000C604FE010F0FF4FB8D1E9A0006802906E
:109E00008DF80C7046E010F0FF4F05D0E6A000681A
:109E100002908DF80CC03DE0E5A0006802908DF83E
:109E20000C9037E010F0FF4FACD006E010F0FF4F81
:109E3000B1D002E010F0FF4FB2D0DFA00068029076
:109E40008DF80C3026E010F0FF4FB0D0ADE710F0E9
:109E5000FF4FB3D0B0E710F0FF4FB4D0D8A00068E8
:109E600002908DF80CA015E010F0FF4F98D192E70A
:109E700042F210718E4205DB1DF082FB0B4602465A
:109E8000D1A104E01DF07CFB0B460246D0A102A844
:109E90001EF0FAF947F617604FF6FF71012C06D055
:109EA000022C07D0032C0DD102ABC22204E002AB7E
:109EB0006C2201E002AB9722CDE900106A2101205B
:109EC000FFF77BFD08B076E52DE9FF4743226426C6
:109ED0002E2500240A234FF030094FF0200C4FF4B8
:109EE0007A78002863DB404520DB90FBF8F13031C5
:109EF0008DF8081090FBF8F108FB110191FBF6F1C9
:109F000030318DF8091090FBF6F106FB110191FB41
:109F1000F3F130318DF80A1090FBF3F103FB1100DF
:109F200030308DF80B508DF80C002BE0642817DBD7
:109F300090FBF6F130318DF8081090FBF6F106FB3E
:109F4000110191FBF3F130318DF8091090FBF3F121
:109F500003FB11008DF80A5030308DF80B000FE034
:109F60000A2812DB90FBF3F130318DF8081090FBDA
:109F7000F3F103FB11008DF8095030308DF80A0021
:109F80008DF80C208DF80D4064E090FBF3F103FB9D
:109F900011008DF808908DF8095030308DF80A00C6
:109FA0008DF80C408DF80B208DF80DC052E02D2758
:109FB000414210F57A7F19DC91FBF8F08DF80870BA
:109FC00030308DF8090091FBF8F008FB101090FB81
:109FD000F6F030308DF80A0091FBF6F006FB101019
:109FE00090FBF3F030308DF80B0014E010F1640FAB
:109FF00014DC91FBF6F08DF8087030308DF8090014
:10A0000091FBF6F006FB101090FBF3F030308DF86A
:10A010000A008DF80B208DF80C401BE010F10A0FA0
:10A020008DF8087005DC91FBF3F030308DF80900F5
:10A0300001E08DF8099091FBF3F003FB10108DF80F
:10A040000C208DF80A5030308DF80D408DF80B0043
:10A050008DF80EC047F617614FF6FF70CDE900018D
:10A0600002AB6C226A210120FFF7A7FCBDE8FF8745
:10A07000C0EBC00101EB001057491CB5084457491B
:10A0800050F8B92F4A610079087601F114001CF0EC
:10A0900021FEC0B2411E04290FD2504920221431A2
:10A0A000012806D0022805D0032804D0042803D0B4
:10A0B00003E04A708A70CA700A7147F617614FF65A
:10A0C000FF70464BCDE90001143397226A2101202D
:10A0D000FFF773FC1CBD1FB5022803D0012803D075
:10A0E00020B107E03EA102E03FA100E040A102A8AC
:10A0F0001CF01CFE47F617614FF6FF70CDE900011A
:10A1000002ABC2226A210120FFF757FC1FBD0EB52A
:10A110003949087890B1002008700020887047F60F
:10A1200019634FF6FF714FF489708DE80B00334AC5
:10A13000B6232D212820FFF713FD0EBD60E000009F
:10A140004F50454E2000000053544F502000000057
:10A150004E414F524D000000414C41524D00000015
:10A1600048494748200000004C4F5720200000007D
:10A170004E4F2020200000005945532020000000B1
:10A18000434F4F4C20000000484541542000000040
:10A190004F43432020000000434C4F534500000034
:10A1A00053544152540000004449534142000000BE
:10A1B000454E41424C0000004E4F524D41000000C0
:10A1C000554E4F4343000000252E3166000000002D
:10A1D000252E326600000000C0350260F64603609E
:10A1E0004865617420000000436F6F6C2000000020
:10A1F0004175746F20000000980100600AE00308B8
:10A20000012089E7FEB5FE4A0120D3788B4202D0B7
:10A21000FC4B5871D170FB4F002124374FF48975E6
:10A2200039707870B970F8703871797147F61964BF
:10A230004FF6FF760095CDE901640223F24A2D2105
:10A240003720FFF78DFCB878012803D0F978012971
:10A2500007D012E0F87801280FD03E23EB4A009592
:10A2600004E0012809D0EA4A3E230095CDE90164C3
:10A270002D213720FFF774FC08E0CDE900543E2380
:10A2800000222D2137200294FFF786FC387901281F
:10A2900012D07979012916D0012820D000280AD1BE
:10A2A000002908D1CDE900547A2300222D2137203E
:10A2B0000294FFF771FCFEBD78790128F2D07A2371
:10A2C000D44A009504E00128ECD0D34A7A230095C3
:10A2D000CDE901642D213720FFF742FCFEBD0129A5
:10A2E000E0D0FEBD3EB547F619654FF6FF74672016
:10A2F0008DE8310000231A462D21EF20FFF74CFC9A
:10A3000092208DE8310000231A462D21EF20FFF71F
:10A3100043FCBD208DE8310000231A462D21EF209B
:10A32000FFF73AFC3EBD2DE9FF4764250A232024B0
:10A330004FF000084FF47A77202A29D02E264FF0CC
:10A340003009002978DBB94278DB91FBF7F0303037
:10A350008DF8080091FBF7F007FB101090FBF5F06B
:10A3600030308DF8090091FBF5F005FB101090FBE3
:10A37000F3F030308DF80A0091FBF3F003FB10107E
:10A3800030308DF80C008DF80B608DF80D2083E0D7
:10A39000B9421EDB91FBF7F030308DF8080091FBDD
:10A3A000F7F007FB101090FBF5F030308DF8090046
:10A3B00091FBF5F005FB101090FBF3F030308DF8B9
:10A3C0000A0091FBF3F003FB101030308DF80B0006
:10A3D0002FE0642909DB91FBF7F007FB101090FBDD
:10A3E000F5F030308DF8080003E00A2912DB8DF813
:10A3F000084091FBF5F005FB101090FBF3F03030B6
:10A400008DF8090091FBF3F003FB101030308DF84C
:10A410000A000CE000290CDB91FBF3F003FB1010A9
:10A420008DF8084030308DF809008DF80A408DF81D
:10A430000B408DF80C402DE03FE0FFE7642917DB6F
:10A4400091FBF5F030308DF8080091FBF5F005FB3D
:10A45000101090FBF3F030308DF8090091FBF3F011
:10A4600003FB10108DF80A6030308DF80B000FE000
:10A470000A2914DB91FBF3F030308DF8080091FBD2
:10A48000F3F003FB10108DF8096030308DF80A00EE
:10A490008DF80C208DF80D408DF80E806AE091FB50
:10A4A000F3F003FB10108DF808908DF80960303040
:10A4B0008DF80A008DF80B20BBE748424FF02D0CB9
:10A4C00011F57A7F24DC90FBF7F18DF808C030316C
:10A4D0008DF8091090FBF7F107FB110191FBF5F1E5
:10A4E00030318DF80A1090FBF5F105FB110191FB5D
:10A4F000F3F130318DF80B1090FBF3F103FB1100F9
:10A500008DF80C6030308DF80D008DF80E202FE0A6
:10A5100011F1640F8DF808C019DC90FBF5F13031B2
:10A520008DF8091090FBF5F105FB110191FBF3F19A
:10A5300030318DF80A1090FBF3F103FB110030303D
:10A540008DF80C008DF80B608DF80D200EE090FB5F
:10A55000F3F103FB11008DF809908DF80A6030309B
:10A560008DF80C208DF80B008DF80D408DF80E4005
:10A570008DF80F800220FFF73AFA47F619614FF67F
:10A58000FF70CDE9000102ABC22200210120FFF7DC
:10A5900014FA6BE52DE9FE4F0C4647F619674FF6A6
:10A5A000FF768DE8D0000546034608211B4A084681
:10A5B000FFF7D6FAA11C47F6176889B28DE8420169
:10A5C000AB1D002201217120FFF7E6FA04F108001B
:10A5D0001FFA80FACDF800A0CDE90168AB1C00227B
:10A5E0001C210220FFF7D8FA0C4A04F122001FFABE
:10A5F00080F9803208212B460846CDF800900FE004
:10A6000098010060F6460360800F04085EB90308F5
:10A61000B4CC03082C360408D62204082E8404087F
:10A62000CDE90167FFF79CFA04F1270189B28DE8B3
:10A630004201AB1D002201217120FFF7ADFACDE9E7
:10A64000009605F17303082102979946FD4A0846D2
:10A65000FFF786FAFB4A8DE8D00008214B4680328E
:10A660000846FFF77DFACDF800A0CDE9016805F1B5
:10A67000780300221C210120FFF78EFA04F1280044
:10A680004BF69C6780B28DE8C1006B1D0022022151
:10A690007320FFF781FA8DE8D0006B1D00220221A4
:10A6A0007320FFF779FAA41DA4B28DE8D0002B46E1
:10A6B000002220210220FFF76FFA8DE8D00005F17B
:10A6C0007903002220210220FFF766FABDE8FE8F01
:10A6D00070471CB51421DC481CF0D5FADA4901207A
:10A6E0000C390871D9498878012855D8D6483221C3
:10A6F000D74A01703021417093790A21B3FBF1F4FC
:10A7000030348470B3FBF1F401FB14333033C37085
:10A710002D2303715379B3FBF1F430344471B3FB4F
:10A72000F1F401FB1433303383712D23C371D378DB
:10A73000B3FBF1F430340472B3FBF1F401FB1433D6
:10A7400030334372202383729378B3FBF1F43034B7
:10A75000C472B3FBF1F401FB1433303303733A23B7
:10A7600043735378B3FBF1F430348473B3FBF1F4E7
:10A7700001FB14333033C3733A2303741278B2FBF2
:10A78000F1F330334374B2FBF1F301FB13213031A9
:10A7900081742021C1741CBD02280DD003281AD059
:10A7A00004281BD00528F6D11422AAA102B0A6487D
:10A7B000BDE810401CF04EBA91F86D2091F86C0085
:10A7C000CDE9000291F86B3091F86A20A5A19E486E
:10A7D0001DF05AFD1CBD1422A6A1E7E71422A9A171
:10A7E000E4E72DE9FC41FFF774FF974F01230C3F8D
:10A7F00007F10D003B71B968441EA64D88424FF029
:10A8000000001CD803EB830204EB8206721A05E0F9
:10A8100011F800C005F800C0401CC0B28242F7DC4D
:10A8200000208E1B143607E014F800C002EB000E67
:10A83000401C05F80EC0C0B28642F5DC05E00A5C9B
:10A840002A54401CC0B20A28F9D303EB830004EB5E
:10A850008000401E884201D1BC6001E0491CB96003
:10A860000020A87247F617614FF6FF70CDE900018E
:10A87000884BED221E210120FFF79FF8BDE8FC81E7
:10A88000F0B587B004464FF47847ED20CDE90007D6
:10A8900047F6176600231A461E210296EF20FFF79F
:10A8A0007BF97D4B684D002003A903F11E0C0C3D84
:10A8B00014B1012C04D008E06A7802449A5C03E0E9
:10A8C0006A7802441CF802200A54401CC0B20A28CC
:10A8D000EED300248DF81640CDE900760B46ED222C
:10A8E0001E210120FFF769F86878192803D2401C5F
:10A8F000687007B0F0BD6C70FBE70EB54FF6FF71E6
:10A90000552220B1CDE900218B23029105E0CDE94C
:10A91000002147F619608B23029008210022084687
:10A92000FFF73AF909E42DE9FE4F15460C464FF4BE
:10A930007A7B47F619664FF6FF7800287ED14FF0F4
:10A940000A094FF0640AC5B1012D16D0062D14D0A6
:10A950005C4501DB40F2E7344746AFF61803CDE92A
:10A960000086202206210120FFF727F8642C66DBF1
:10A9700094FBFAF03030C3B2ACE0002C60DBAFF6F1
:10A980003C03CDE90086202206210120FFF715F8BF
:10A990005C452CDB94FBF9F007B2642F04DB97FBDA
:10A9A000FAF03030C3B200E02023CDE90086052262
:10A9B00027210020FEF7AFFF97FBFAF10AFB117188
:10A9C00091FBF9F03030CDE90086C3B20522572162
:10A9D0000020FEF7A0FF97FBF9F109FB1170303062
:10A9E000CDE90086C3B20522972100205AE0642CED
:10A9F00004DB94FBFAF03030C3B200E02023CDE951
:10AA00000086052227210020FEF785FF94FBFAF23D
:10AA10000AFB124191FBF9F03030CDE90086C3B258
:10AA20004746052257210020FEF775FF94FBF9F2F7
:10AA300009FB12403030C3B205222FE034E046E07B
:10AA40003AE000002E850408A4010060E0A2036043
:10AA50007C1800607769666920636F6E6669677548
:10AA60007265200025642E25642E25642E25642021
:10AA7000000000007769666920636F6E6E6563741D
:10AA8000656420007769666920646973636F6E6E20
:10AA900063742000FF460360229E0308CDE9007620
:10AAA00097210020FEF737FF3820002D63D0012DBD
:10AAB00076D0062D73D030E06042CDE9008607B233
:10AAC00052A3202206210120FEF777FF65E70A2C1A
:10AAD00036DB2023CDE90076052227210020FEF772
:10AAE0001AFF94FBFAF10AFB114191FBF9F03030A7
:10AAF000C3B2CDE90076052257210020FEF70BFFF7
:10AB000094FBF9F109FB11403030CDE90076C3B276
:10AB1000052287210020FEF7FEFE022D5ED0032DC8
:10AB200063D0052D68D0042D4FF0000069D0FFF7E9
:10AB3000E4FE382236A3C621CDE90086012045E097
:10AB4000002C0EDA6042CDE9007604B22FA3202259
:10AB500006210120FEF731FF642CBFF609AF0A2C55
:10AB6000B7DACDE900762023052227210020FEF761
:10AB7000D2FE2023BDE745468DE861000E21C823A3
:10AB8000244A0846FEF7ECFF5C4501DD002000E0AA
:10AB90000120FFF7B2FEAFF6D41312E000E018E098
:10ABA00045468DE861000E21C8231A4A0846FEF783
:10ABB000D7FF5C4501DD002000E00120FFF79DFE8E
:10ABC00015A3CDE900563822D6210120FEF7F5FE67
:10ABD0007CE50120FFF791FE10A303E00020FFF7C2
:10ABE0008CFE0FA33822BF21A6E70020FFF785FEC9
:10ABF00038220CA3D6219FE70020FFF77EFE0AA390
:10AC0000F0E7FFF77AFE09A3ECE700002D00000053
:10AC10002020000082490408460000002552000060
:10AC2000704D0000250000006B50000050610000D6
:10AC300008B501210420EEF732FA4FF47040ADF868
:10AC4000000048208DF8030003208DF802006946BB
:10AC50004548EEF700F808BD44480021444A818089
:10AC6000C1800121C2F880114FF4966101817047C3
:10AC70002DE9F0413C4F00243846EEF74EF84FF4F2
:10AC8000704626EA00051420F3F702F83846EEF77E
:10AC900044F886433540680401D54FF48044A80445
:10ACA00001D544F40054280401D544F40044E804D8
:10ACB00001D544F48054200BBDE8F08108B5002292
:10ACC00002210520F2F75EFA284C6061FFF7B0FF21
:10ACD0006420F2F7DDFFFFF7CBFFADF800006188DD
:10ACE000884212D029B900231A4669466069F2F7F2
:10ACF000DDFABDF8000060801E4900202070087059
:10AD00001B490120C1F8800115E0A0B121781E295E
:10AD100002D340F4807001E0142907D3ADF800009D
:10AD200000231A4669466069F2F7C0FA2078C828FD
:10AD300001D2401C20706420F1F7EFFCCBE71CB57A
:10AD40000A4900230C31CDE9000164220AA1AFF2C7
:10AD50009300F1F73DFB002201210320F2F712FAE4
:10AD6000024908611CBD00000008014008020060A3
:10AD7000000021423D0100606B65795F7461736B77
:10AD800000000000F0B4FE481825002390F82300CE
:10AD9000FC4901281DD005281BD00A2602281CD0FA
:10ADA00006281AD00B220824032819D00A2819D003
:10ADB000E0B104281DD007281BD00C281DD0092481
:10ADC00009281CD00B281CD00E281ED0082820D003
:10ADD00021E0202048708D701DE01020487006E0B2
:10ADE0004A7010E006204870032004E04D708E7019
:10ADF00011E04C700E2088700DE04A7007E00D20C5
:10AE000000E0112048708C7005E0152048708A70B1
:10AE100001E04B708B70CB70F0BC40F6E831DA4843
:10AE20001BF031BF10B50C4601460120F4F7CBFBF7
:10AE300040B2411C02D02070012010BD002010BD86
:10AE400010B50C4601460420F4F7BDFB40B2411C8E
:10AE500002D02070012010BD002010BD10B50C469E
:10AE600001460220F4F73DFC40B2411C02D02070A4
:10AE7000012010BD002010BD10B50C460146052074
:10AE8000F4F72FFC40B2411C02D02070012010BD0D
:10AE9000002010BD10B50C4601460020F4F721FC3F
:10AEA00040B2411C02D02070012010BD002010BD16
:10AEB00010B50C4601460320F4F713FC40B2411CC8
:10AEC00002D02070012010BD002010BD10B50C462E
:10AED00001460120F4F705FC40B2411C02D020706D
:10AEE000012010BD002010BD10B50C460146042005
:10AEF000F4F7F7FB40B2411C02D02070012010BDD6
:10AF0000002010BD030EC0F30742C0F3072109045F
:10AF100003EB022201EB0060104470472DE9FF5F54
:10AF20009A4693464FF4B47198481BF0ACFE944F88
:10AF3000964C97F82300401E032801D8232000E0F8
:10AF40004A2020703879A0709148D0F8B10018F0EC
:10AF500067FBC4F80B0000216170C4F803100120E6
:10AF6000E071607297F82300012812D0052810D0F4
:10AF7000022812D0062810D00B220823032810D054
:10AF8000042811D007280FD00C2811D0082812D07F
:10AF900015E020202072182008E0102020720A20DE
:10AFA00004E02272A3720AE023720E20A07206E06F
:10AFB0002272A27203E0E17161722172A172734C7C
:10AFC0004FF000081E34474648E0724AC7EBC701FD
:10AFD00001EB020999F806002B2805D02C2803D094
:10AFE0005F2801D02E2837D108F1010303F0FF08B4
:10AFF000B8F10C0F36D22070505CA070D9F8010067
:10B00000C4F80B0099F8050000F00E0060700E986F
:10B01000012810D1505C604900F0070201EBD0011B
:10B02000012009789040014205D0FCF75FFFFFF74F
:10B0300069FFC4F80300DDE90001084340EA0B00A2
:10B0400050EA0A0010D00098E0710198207284F84C
:10B0500009B084F80AA01E347F1CFFB2494800786A
:10B060008742B2D3BDE8FF9F99F806002B2806D08F
:10B070002E2806D02C2807D05F2808D009E01626F5
:10B0800000E00C26002504E008260E2501E0142629
:10B0900002253E48C8EB081100EB4101721E11F871
:10B0A000160D401CE071104420728878401C6072BC
:10B0B000691E0844A072CEE7704770472DE9FC5F17
:10B0C0000027364C3E46DFF8D8804FF47A79C0E04E
:10B0D0003049C6EBC60568188079092803D00728CF
:10B0E00001D05D284BD17F1CFFB2FE2F7DD2485D81
:10B0F0002070485D284A00F0070302EBD0020120CF
:10B1000012789840024201D0012000E00020E07354
:10B1100059208DF8000023484FF0230B8DF801B023
:10B1200000788DF80200485D8DF8030000208DF84E
:10B130000400034601221A496846FAF727F8012855
:10B1400005D1D8F8001091FBF9F0A4F81F005E209B
:10B150008DF800008DF801B0DFF848B04FF0000A1C
:10B1600053469BF800008DF802000A4801220C4962
:10B17000405D8DF803008DF804A0684614E066E099
:10B18000C0900360200200601D4A03605AFE016007
:10B190004E040260627403609A7D03606C860260F4
:10B1A0008001006037010060F9F7F0FF012805D148
:10B1B000D8F8001091FBF9F0A4F821000C208DF8CC
:10B1C000000063208DF801005448DFF854B10023DB
:10B1D00000788DF802001BF805008DF803008DF84B
:10B1E00004A001224F49684600E037E0F9F7CEFF9E
:10B1F000012805D1D8F8001091FBF9F0A4F823003C
:10B2000005208DF8000063208DF8010043480023DD
:10B21000012200788DF802001BF805008DF803006C
:10B220008DF804A03F496846F9F7B0FF012805D121
:10B23000D8F8001091FBF9F0A4F825003A480F2245
:10B2400000EB061104F110001BF004FD2734761CFE
:10B25000F6B2364800788642FFF43AAFBDE8FC9F6C
:10B260007FB532490978884257D2C0EBC00101EB63
:10B2700040102F492326441828484FF47A7102259C
:10B2800000788DF8060014F8010B8DF807000020F7
:10B290008DF80800E08B01234843039059208DF876
:10B2A00004008DF80560002203A901A80095F9F7B4
:10B2B000F1FC208C4FF47A71484303905E208DF8A6
:10B2C00004008DF805600123002203A901A8009560
:10B2D000F9F7E0FC608C4FF47A71484303900C203E
:10B2E0008DF8040063268DF805600123002203A970
:10B2F00001A80095F9F7CEFCA08C4FF47A71484371
:10B30000039005208DF804008DF8056001230022CC
:10B3100003A901A80095F9F7BDFC7FBD37010060C6
:10B320006274036080010060746103602002006049
:10B330006C860260F8B50023FF4F1A46194618467E
:10B34000FE4C26781FE0C0EBC004E5196D7905F0CE
:10B350000F05012D04D0022D08D0032D0CD010E0D4
:10B36000F74D3C5DEC545B1CDBB20AE0F54D3C5DF7
:10B37000AC54521CD2B204E0F34D3C5D6C54491CF9
:10B38000C9B2401CC0B2B042DDD3F048F14C0370EA
:10B390002270F14CEE481A442170114401700020D3
:10B3A0000346024601460090FFF7B8FDBDE8F840AD
:10B3B000FFF784BE2DE9F05F0024DFF880A3DFF8FB
:10B3C0009CB3DD4E234622468AF8004021464FF0CA
:10B3D00001080BF1200EC1EBC107BD19687900F01F
:10B3E0000F00012803D0022801D0032836D1F05DD8
:10B3F000A0B3FF2832D0D1B115F8075CA8422DD0F8
:10B400000BEBD00700F0070997F800C008FA09F520
:10B410004CEA050C0EEBD00087F800C00778AF436C
:10B4200007709AF80000401C8AF8000016E0307897
:10B430000BEBD00700F0070997F800C008FA09F5F0
:10B440004CEA050C0EEBD00087F800C00778AF433C
:10B4500007709AF800506D1C8AF80050491CC9B258
:10B46000FE29B8D300209AF800701FE0C0EBC0019D
:10B470008D196D7905F00F05012D04D0022D08D02E
:10B48000032D0CD010E0AE4D715C2955641CE4B264
:10B490000AE0AC4D715CE9545B1CDBB204E0AA4DE0
:10B4A000715CA954521CD2B2401CC0B2B842DDD368
:10B4B000A648A84904700B70A749A5480A70E1186E
:10B4C00011440170BDE8F05FFFF7F8BD70B50D469F
:10B4D0000446072102F0BBF92178FF291CD16178CD
:10B4E000192919D1E179B1EB102F15D1217AC0B208
:10B4F000884211D19148A1782E300170E1786268BC
:10B5000041EA0221C0F8011095480088854201D126
:10B51000012070BD032070BD022070BD2DE9FC41EB
:10B52000144688460746022A02D90020BDE8FC815D
:10B5300024B1022C04D0012C04D005E0894802E09B
:10B54000894800E089480568894E32213089401CCD
:10B5500030812846F2F711F898B3204602F0ADF991
:10B56000FF208DF8000019208DF801008DF8027081
:10B570008DF803800421684602F069F9010A8DF80C
:10B5800004108DF8050022460621684602F076F97F
:10B5900022460921002006F047F87089401C70817E
:10B5A000012C11D03220214606F057F810F0FF018F
:10B5B0000CD0B089401CB0816E48FFF787FF06466B
:10B5C00005E0FFE7FF20B1E75020ECE70026224628
:10B5D0000021012006F028F82846F1F7F8FE304651
:10B5E000A4E710B504460A2102F031F9A17AB1EBC3
:10B5F000102F05D1E17AC0B2884201D1042010BDDC
:10B60000002010BD2DE9FE430746144688461D461E
:10B610000026184602F051F98DF8007006208DF8CA
:10B62000010000208DF802000A208DF8030055204B
:10B630008DF804008DF805808DF80640200A8DF8FD
:10B640000700200C8DF80800200E8DF809000A2153
:10B65000684602F0FCF8010A8DF80A108DF80B001C
:10B660002A460C21684602F009F92A460C210020DE
:10B6700005F0DAFF29464FF4FA7005F0EEFF10F0FE
:10B68000FF0F04D00C213B48FFF7ABFF06462A46CC
:10B690000021012005F0C8FF3046BDE8FE8370B5EB
:10B6A0002E4B0120054603F1200403EBD00100F0EE
:10B6B00007060A7805FA06F10A4204D104EBD00223
:10B6C00012780A4204D0401CC0B2FF28EDD3FF20FC
:10B6D00070BDF0B51E4A0021174B084603F6381618
:10B6E000012514780FE0C0EBC0029A5C06EBD2078C
:10B6F00002F007023F7805FA02F2174201D0491C16
:10B70000C9B2401CC0B2A042EDD30C48C170F0BD1C
:10B71000094910B5C0EBC000085C01F6381101EB17
:10B72000D00100F007030A780120984002430A7014
:10B73000FFF7CFFF20E00000627403602802006082
:10B7400023470360214803601F490360250200600E
:10B750002002006026020060270200605A7D03601C
:10B76000AE020060C8020060CC020060D00200603F
:10B7700088F9016054970360BDE81040FFF79EBC54
:10B7800030B5FB4C0022F94B247809E0C2EBC2052E
:10B790005D5D854202D10A70012030BD521CD2B2DB
:10B7A000A242F3D3002030BD70B5F24E049D747BED
:10B7B000132C10D2641CE4B2747304EB840606EB01
:10B7C000C404ED4E3055A01940F8011F002142601D
:10B7D00003724572418170BD2DE9FC5F0D46040086
:10B7E0004FF000000C99934601907DD00BEB0312B3
:10B7F000DFF88083521C02F0FF0C4FF0010E98F826
:10B80000003018E0D94EC0EBC002B75CA74210D19F
:10B810003244D2F80160AE420BD1567906F00F06E1
:10B82000761E5E4505D082F805C001B1917188F899
:10B8300004E0401CC0B29842E4D3D04804F00702B0
:10B84000012696400079CE4A4FF0FF0902EBD40260
:10B85000A04216D110782B463043107000222146AA
:10B860001046F4F797FEC548817900910178427837
:10B8700001EB02218278C078120402EB00600144DF
:10B880003EE0BF48B94F203800EBD40A9AF80000D8
:10B89000009030424FF0000041D153E0C0EBC008AF
:10B8A00017F80880A04538D1C0EBC008B94608EBAE
:10B8B0000907D7F80100A84227D0B04B93F82730EA
:10B8C00013B1137833431370002D1ED0F0B102462C
:10B8D0002B4621460120F4F75DFEA94919F808001E
:10B8E000203101EBD00100E09BE000F00702097875
:10B8F00001209040014271D009200090D7F801103A
:10B900005B462A462046FFF74FFF67E0C7F8015025
:10B9100087F805C0E9B3B97160E0401CC0B2984235
:10B92000BCD35BE0C0EBC008B844D8F80180A845A0
:10B9300006D12DB1C0EBC008814607F8084003E0EE
:10B94000401CC0B29842EDD3B9F1FF0F2DD0C9EB26
:10B95000C9098B4B17F80900203B03EBD00EBB46FF
:10B960009EF8007000F00708012303FA08F39F43D4
:10B970008EF80070824F07EBD00007789F43077066
:10B980009AF8000030438AF800001078B043107035
:10B9900000E023E009EB0B000BF80940C0F8015070
:10B9A00080F805C0B9B1817115E0009830438AF87C
:10B9B00000001078B0431070C3EBC3006D4A3C54D4
:10B9C0003844C0F8015080F805C001B181715B1C9A
:10B9D0001370012001906749012008716849002017
:10B9E00040310855A1F25E214FF4167021F8140081
:10B9F00001F23E2000EBD4000078304210D16946BD
:10BA00002046FFF7BDFE01280AD19DF800005749E6
:10BA1000C0EBC00211448979DC2901D2FFF778FE1E
:10BA20000198BDE8FC9F574A57491278097838B108
:10BA3000012817D0022810D0032800D110467047E3
:10BA40004E4890F82A30072BF8D090F82820072A83
:10BA500008D090F82900072801D0062070474B48ED
:10BA600000787047084670470020424A10B5434BA3
:10BA7000014610321C1894F82840072C02D150546B
:10BA8000491CC9B2401CC0B20328F3D339488171A4
:10BA900010BD38B504463948204490F828100729CD
:10BAA00008D0072180F8281004F11D0009F067FB79
:10BAB000FFF7DAFF8CB1012C1BD0022C0CD16946A8
:10BAC000532009F04DFB2F489DF8002001788A4251
:10BAD00002D0532009F053FB38BD6946092009F014
:10BAE0003FFB29489DF8002001788A42F4D00920C4
:10BAF000F0E76946522009F033FB24489DF8002006
:10BB000001788A42E8D05220E4E72DE9F74F0D464C
:10BB100082B00446A8427AD801462846049AFFF724
:10BB2000FDFC002873D00499012201F1010961197B
:10BB300002EB5108DFF83CB049080BF12E0B0191E4
:10BB4000012825D00E490126A1F1200202EBD40ADA
:10BB500004F00702964001EBD407022838D00328EE
:10BB600058D029462046049A2EE0000062740360F3
:10BB70002002006028020060B1860360C09003606C
:10BB80007A7D03607B020060790200607A020060C7
:10BB90000498FFF77EFF09F0FF00FFF744FF03461C
:10BBA00000200090DBF801109BF80000049AFFF7DA
:10BBB00013FEAC422BD02046049A0199FFF7A5FF53
:10BBC000049A08F0FF00294605B0BDE8F04F9CE755
:10BBD0000498FFF75EFFAC42EDD1387830433870FF
:10BBE0009AF80000304212D0F94890F82700002857
:10BBF0000DD1F94AF749127807E008E0C0EBC0031D
:10BC0000CB5CA34203D0401CC0B29042F6D305B037
:10BC1000BDE8F08F0498FFF73CFFAC4219D13878AB
:10BC2000304338709AF800003042F0D0E84890F87D
:10BC300027000028EBD1E849E64A097806E0C0EB86
:10BC4000C003D35CA342E2D0401CC0B28842F6D30A
:10BC5000DDE709F0FF00FFF7E6FE03460020009055
:10BC6000DBF801109BF80000049AFFF7B5FDA2E78E
:10BC700030B4DA4C0022D74B24780FE0C2EBC20577
:10BC80005D5D8D4208D1C2EBC201194449790A09B0
:10BC900006D030BC08097047521CD2B2A242EDD384
:10BCA00030BCC0E6CE4A1154CE4A0121115470472F
:10BCB0000246FE21012028E710B52021CA481AF0CB
:10BCC000E2FFC948202120301AF0DDFFC6482021BC
:10BCD00040301AF0D8FF40F2F961BE481AF0D3FFA5
:10BCE000BD480024FE21C4700470C0481AF0CBFF88
:10BCF000BA480470BE480470BE48047010BDB6490E
:10BD0000002048734FF48271BB481AF0BCBF2DE984
:10BD1000F843B1480025012105704171C581FFF745
:10BD200031F8FFF7C9FFB54E00241E2706F58078CD
:10BD3000A6F57F69355528F8147009EB0410102119
:10BD40001AF0A1FF641CE4B2FF2CF3D3AC484FF40B
:10BD5000606421460570AB481AF095FFAA48214659
:10BD60000570AA481AF08FFFFFF7A8F9FFF7C7FF81
:10BD700000231A46194618460095FFF7CFF841F2FE
:10BD8000CC01A3481AF07FFFA2480570BDE8F883F4
:10BD90009049C0EBC000085C01F6381101EBD001FE
:10BDA00000F007030A780120984082430A7090E46B
:10BDB00070B5054686480C4601718648017006201C
:10BDC00009F0DDF9884B05F0070603EBD5010125E5
:10BDD000087805FA06F29043087003EBD40004F0EB
:10BDE0000703017805FA03F21143017070BD7B4B24
:10BDF00010B50021774A1B780DE0C1EBC104145D3A
:10BE0000844206D1C1EBC1001044407900F00F001C
:10BE100010BD491CC9B29942EFD36D4900200A18E0
:10BE200000F1010092F82820C0B2072AF0D00328C0
:10BE3000F5D3002010BD10B5A0F51C52103A40F209
:10BE4000BF541723A24209D2B2FBF3F003FB102028
:10BE500070B9B2FBF3F00870012010BDA0F53050AE
:10BE6000D038A04204D2B0FBF3F203FB12020AB1B5
:10BE7000002010BDB0FBF3F00870022010BDF0B53B
:10BE800001231080CB2922D0C0EBC005A0F16404AF
:10BE900005EB00155F2977D0C0EBC00742F2D4361E
:10BEA00007EB00173E44B6B22B296ED02E296DD079
:10BEB000A0F16C062C296AD064256C271C2967D058
:10BEC000142975D0152974D0162973D0E9E0B42847
:10BED0006CD032DC1C2869D016DC102866D00CDC53
:10BEE000082863D004DC032861D004285FD15DE01A
:10BEF0000B285CD00C285AD158E0132857D01428AE
:10BF000054D0182853D151E03C284FD00CDC2828BD
:10BF10004CD004DC202849D0242848D146E02C28E5
:10BF200044D0382843D141E03F2840D040283ED07B
:10BF300043283CD055283AD138E0D92836D018DCEF
:10BF4000C82833D00CDCBE2830D004DCB7282DD074
:10BF5000BA282CD12AE0C22828D0C52827D125E02C
:10BF6000CB2823D0CE2821D0D2281FD0D6281ED12E
:10BF70001CE0ED281AD011DCE22817D009DCDC28FF
:10BF800014D0DF2813D111E015E045E048E04AE085
:10BF900060E0E6280AD0EA2809D107E0F02805D0B9
:10BFA000F32803D0F62801D0FA287AD1822378E04A
:10BFB00060E06BE071E06838142804D242F2783017
:10BFC000284410809723022C6BD241F614603DE088
:10BFD000C090036062740360280200602002006069
:10BFE000E1020060E40200605A7D036023470360C1
:10BFF0002402006025020060B18603606471036062
:10C000003B010060F0D202603A010060F0C40260BF
:10C01000F0E002603C010060162C42D2168017E06E
:10C020000C2CFBD33DE07438082804D242F2642083
:10C03000284410809723062E04D241F65C502844F1
:10C0400010809723082C2CD241F69E602844108043
:10C05000972326E0082C01D215801CE0042E02D282
:10C06000178004231DE0BE380A281AD2BE20108093
:10C070000A2316E00D2C02D215800D2311E076382C
:10C0800010280ED27620108090230AE0082CE3D3EB
:10C09000082E06D21780082303E0202C01D2158039
:10C0A00020231846F0BD10B5FE4A0021FE4B1B7838
:10C0B0000BE0C1EBC104145D844204D1C1EBC100AB
:10C0C0001044807910BD491CC9B29942F1D30020B7
:10C0D00010BD2DE9F04F8246F44887B0884640797C
:10C0E000012871D0EF4ACAEBCA0002440092F04A1C
:10C0F000002502EB8004B8F1000F0FD0207D8DF8F1
:10C100000C00B4F8151001F07F028DF80D200D0A17
:10C11000B4F817100A0A8DF80E200EE0009AE149D3
:10C120009279DC2A50D8085C8DF80C0003218DF838
:10C130000D1000218DF80E1007218DF80F10FFF75C
:10C1400056FE06469DF80C10FFF792FD8146002E24
:10C150003AD0761ED748F7B2384490F8280007281E
:10C1600032D127B1012F04D0022F04D006E0D248EB
:10C1700002E0D24800E0D2480068059032210598DC
:10C18000F1F7FBF900281FD000208DF81000B8F15E
:10C19000000F1AD0207DFFF786FF0146B4F8170084
:10C1A00001AAFFF76CFE05B1822000F07F018DF837
:10C1B0001110BDF804100A0A8DF80E208DF80F102A
:10C1C000000606D5012005E00AE201208DF81100E5
:10C1D00001E000208346062103A801F038FB010A94
:10C1E0008DF812108DF8130049463846FFF75AFDB6
:10C1F000384601F062FB3A46082103A801F03EFBF5
:10C200009DF80D00052101281BD0022819D09DF8AA
:10C21000110001EB4000C6B23A463146002005F05D
:10C2200003FA012F13D04FF0280CB8F1000F14D0EF
:10C230009DF80C0001A9FFF7A3FA0A21012813D0E9
:10C240001DE09DF81100C01D01EBD006E4E79DF84C
:10C250001100322100EB800015E09DF8110000EB89
:10C2600080000CEB400010E09DF80400C0EBC00221
:10C270008C48104480795D28EFD00928EDD09DF8D6
:10C28000110000EB800001EB4000C0B2394605F020
:10C29000E4F900287ED0B01EC1B28A4801F0D7FA76
:10C2A000884A911911F8023CB3EB102F73D111F8A1
:10C2B000011CC0B291468842F8D1B8F1000F14D0E9
:10C2C0009DF80C0006A9FFF75BFA9DF81800C0EB7B
:10C2D000C0017448084480792B281DD02C281BD01D
:10C2E0005F2819D02E2817D01EE099F80400DC280A
:10C2F00011D200992B28887105D02C2803D05F28F3
:10C3000001D02E2807D10023012000901A4619469B
:10C310001846FEF703FEABE00023012000901A460A
:10C3200019461846FEF7FAFDBBF1000F4FF0000664
:10C330007ED14FF001084EE00AEB0600C0EBC002D0
:10C340005B4800EB820C8CF80B80207DFFF7ABFE86
:10C350008CF80C00B4F8150000F07F0101291BD007
:10C36000022919D0B4F81710C0F3C013FF291FD940
:10C3700099F804C099F803200CEB02228DE82C00F8
:10C380000A0A62F35F1000F0FF0CCBB2CA0A207DEC
:10C3900061461CE0F6E0EDE0B4F8171099F80330C0
:10C3A000C0F3C012CDE90032FF290295E8D809E0B8
:10C3B00009EB4602314492F804C0D2780CEB022219
:10C3C0008DE82C00CBB200F01F01207D0022F7F792
:10C3D000D3FD761CF6B29DF81100B042ACD847E010
:10C3E000DFF8CCB0207DFFF75EFECB2873D0207D38
:10C3F000FFF759FE2C286AD02B2868D05F2866D01A
:10C400002E2864D009EB8601B4F817008B7991F8D7
:10C4100003C094F8158003EB0C6391F804C04979CC
:10C420004FEA0C4CFF28C8F3C0120CEB012100E0CE
:10C4300019E0194470D98DE8260000EB4601CBB213
:10C44000010A61F35F1808F0FF01C20A207DF7F7C7
:10C4500093FD0AEB06000121C0EBC0020BEB82004A
:10C46000761CC172F6B29DF81100B6EB500FB7D32F
:10C470009DF80C00144A002100F007031154A2F2A9
:10C480005E224FF4167122F8101002F23E2101EBE9
:10C49000D0010A78012199400A4272D16946FFF71A
:10C4A0006FF915E0627403602002006028020060EA
:10C4B000F0D20260C0900360C8020060D002006049
:10C4C000CC02006054970360BA7D036003E024E06F
:10C4D000012843D063E099F8043099F803C099F833
:10C4E000051003EB0C234FF47A7C03FB0CF399F853
:10C4F00006C0607D0CEB01214FF47A7C01FB0CF14E
:10C50000C0F3C01203EB11418DE82600B4F81710F8
:10C51000CBB2CA0AC1B299E716E099F8223099F86D
:10C5200023C099F8211003EB0C6399F824C0607DB7
:10C530004FEA0C4C0CEB0121C0F3C01219448DE8FA
:10C540002600E37DC1B206E08DE8260000EB460040
:10C55000C3B208F01F01207D002278E79DF800009B
:10C56000FF49C0EBC00211448979DC2917D2FFF7DB
:10C57000CFF814E0FB4931F81700401C21F81700F0
:10C580000DE022E0F749891D31F81700401C21F821
:10C5900017009DF80C00F4490A5C521C0A549DF8DF
:10C5A0000C00F149095C0A290FD36946FFF7E8F846
:10C5B00001280AD19DF80000E949C0EBC0021144EE
:10C5C0008979DC2901D2FFF7E3FB384608F037FE12
:10C5D0003A460021012005F027F80598F0F7F7FE0C
:10C5E00007B0BDE8F08F2DE9F0418EB004461F463C
:10C5F00090468C460846149DFFF755FD012650B124
:10C60000D9480CF00701203800EBDC0006FA01F1F4
:10C610000078084243D0D54A002000EBC00101EB6E
:10C62000410102EB810191F8691019B1401CC0B2BF
:10C630001428F2D3142832D0322D30D200EBC000AF
:10C6400000EB4000012D02F8204002EB800484F84A
:10C6500001C0A4F8028084F8685002D000206A4625
:10C660000EE03888A08016E037F8101002EB400387
:10C67000090A02F8101017F81010401C5970C0B2C7
:10C68000B0EB550FF0D3680884F86800201D2A46E7
:10C6900069461AF0DFFA04F8696F002060700EB086
:10C6A000BDE8F0812DE9F04F9DB0050004D0012DCB
:10C6B00004D0022D04D006E0AD4802E0AD4800E011
:10C6C000AD48D0F800A00020A84A074600EBC00102
:10C6D00001EB410602EB860494F86910012954D15C
:10C6E00094F86A1003294DD200EBC00101EB41011F
:10C6F00002EB810191F86A10491C84F86A10142831
:10C7000047D293466078FFF7CEFC4FF0010958B14D
:10C7100095496078203901EBD00100F007020978D3
:10C7200009FA02F0014234D032215046F0F725FFD9
:10C7300000282ED061788DF80C102846FFF798FA63
:10C7400001462846FFF7AEFA284601F0B6F86088A1
:10C75000010A8DF80E108DF80F0094F868201BF870
:10C760002600012A8DF80D0061D98DF810708DF822
:10C7700011200DF10C0C0F280DD050008DF8120077
:10C7800000203BE004F8697F6770401CC0B21428A9
:10C790009CD31DB025E70021D01DC0088DF81200E4
:10C7A000084617E004EB40039B8803B1012300F027
:10C7B000070803FA08F30B43D9B24307B3F1604FFC
:10C7C00000F1010309D09A4202D10CEBD303D971D5
:10C7D000401CC0B28242E5D812E00CEBD303997141
:10C7E0000021F5E704EB40018B880CEB40014FEA98
:10C7F000132881F80780401C0B72C0B28242F1D826
:10C800009DF81200C01DC1B2604601F020F89DF8ED
:10C8100012300DF11301020A5A549DF8122005A995
:10C8200050549DF812102A4603A8093113E0052838
:10C83000A08828D0010A8DF810108DF8110006216B
:10C8400003A801F004F8010A8DF812108DF8130006
:10C850002A46082103A801F011F82A4608210020E1
:10C8600004F0E2FE2946642004F0F7FEDFF8F880C9
:10C8700010F0FF0F53D084F8697094F868200321FA
:10C88000012A0AD03AE018B1FF208DF8100001E02B
:10C890008DF810708DF81170D1E71BF8260005286F
:10C8A00002D006282AD00FE0A08849468DE88300F0
:10C8B0009DF80E009DF80F30C20801EB4010C1B288
:10C8C0009DF80C00F7F758FB9DF80C002B4A4FF42D
:10C8D000167108F8007022F8101002F23E2101EBE8
:10C8E000D00100F007030A7809FA03F10A424BD19C
:10C8F0006946FEF745FF012805D01EE0A288CDE974
:10C9000000290297D4E79DF800001549C0EBC0024A
:10C9100011448979DC2910D2FEF7FAFE0DE01149A5
:10C92000891D31F81500401C21F815009DF80C00F8
:10C9300018F80010491C08F800109DF80C0018F8B1
:10C9400000100A2920D36946FEF71AFF01281BD1DF
:10C950009DF800000249C0EBC002114489790FE044
:10C96000627403604A020060BA7D0360FC57036092
:10C97000C8020060D0020060CC0200605C7B0360F3
:10C98000DC2901D2FFF704FA284608F058FC2A46B1
:10C990000021012004F048FE5046F0F718FDF8E6AB
:10C9A0001CB5FF208DF8000006208DF80100002046
:10C9B0008DF8020010208DF80300FE480621007853
:10C9C0008DF8040055208DF80500684600F03FFF03
:10C9D000010A8DF806108DF80700F748F74C90F81B
:10C9E0002A10072904D090F82800072808D014E05E
:10C9F000E08E401CE086022000F05FFF022203E090
:10CA0000002000F05AFF00220821684600F036FF9F
:10CA100002220A21002004F007FE208F401C2087FC
:10CA20001CBD2DE9FE430746E54DC0EBC70041198B
:10CA30008979DC297CD8285C8DF8000003218DF8E9
:10CA4000011002218DF80210CA218DF803104FF059
:10CA500000088DF8048009218DF80510FFF7C7F94B
:10CA600004469DF80010FFF703F90646002C5FD03E
:10CA7000641ED148E4B2204490F82800072857D11A
:10CA80000621684600F0E3FE010A8DF806108DF8D5
:10CA9000070031462046FFF705F9204600F00DFF5C
:10CAA00022460821684600F0E9FE224617210020B0
:10CAB00004F0BAFD2146642004F0CFFD5FEA0009CE
:10CAC00005F658164CD01521BE4800F0C0FEBD49F1
:10CAD0004A7DB2EB102F3CD18A7DC0B2904238D152
:10CAE0000879CA7800EB0222B748562A00EB0710F3
:10CAF0001FD010211AF0C7F8B4480121B44BC1551A
:10CB00009DF800004FF4167206F8008023F81020FC
:10CB100003F23E2202EBD00200F0070312789940A4
:10CB20000A423DD102A9FEF72BFE012806D023E0E0
:10CB300042E01022491D1AF08DF8DDE79DF808004B
:10CB4000C0EBC00129448979DC2915D2FEF7E0FD4C
:10CB500012E0A04931F81400401C21F814000BE049
:10CB60009C48801D30F81410491C20F814109DF8C2
:10CB70000000315C491C31549DF80000315C0A29E9
:10CB80000ED302A9FEF7FCFD012809D19DF808008B
:10CB9000C0EBC00129448979DC2901D2FFF7F8F8FC
:10CBA000494688481AF06FF8204608F048FB2246AC
:10CBB0000021012004F038FDBDE8FE8370B58648F1
:10CBC000017800292DD0834C491E223C207A8842CE
:10CBD00001DA401C00E000202072C0B2784BC0EBAC
:10CBE000C00103F638155A5C05EBD20502F00706C2
:10CBF0002D780122B240154207D07449095C09B171
:10CC000000210AE0BDE870400BE719448979DC296E
:10CC100001D9FEF77DFD207A0021BDE87040FFF7C5
:10CC200058BA70BD6B4922394879012808D1C889A2
:10CC3000401C80B2C8810A2802D900204871C881EE
:10CC400070472DE9F04164480021614D5C4C037848
:10CC500048E0C1EBC100225C35F91200461E25F800
:10CC6000126000283CDAC1EBC1065C4AA05D02EB11
:10CC7000D00700F0070E97F800C0012202FA0EF26A
:10CC80002CEA020C87F800C0544F203707EBD00085
:10CC90000778974307700DE0C1EBC1021019491CDA
:10CCA000C779A7548268C0F80120027B4271427B99
:10CCB0008271C9B29942EFD3C1EBC1000027204471
:10CCC0004449C7718760077322394773087808B1F0
:10CCD000401E0870FEF72EFBA05D25F81070DFE403
:10CCE000491CC9B29942B4D3DAE41CB500208DF8CE
:10CCF000000003218DF801108DF802008DF804006A
:10CD0000152101208DF803108DF8050006216846D5
:10CD100000F09DFD010A8DF806108DF80700012036
:10CD200000F0CBFD01220821684600F0A7FD01229A
:10CD30000721002004F078FC0121052004F08DFC7F
:10CD4000002813D005211F4800F081FD1D494A79B4
:10CD5000B2EB102F0BD18A79C0B2904207D108797B
:10CD6000C97800EB01201449A1F857001CBD1948EF
:10CD70004188491C41801CBD0EB5FF208DF8000084
:10CD800003208DF8010004208DF802000A490020DC
:10CD90008DF8030009798DF804108DF80500232023
:10CDA0008DF806000721684600F051FD010A8DF854
:10CDB000071015E0F7020060C090036088F9016079
:10CDC000627403605497036074610360647103606C
:10CDD0005C7B03604A020060200200605A7D0360B1
:10CDE0008DF80800012000F068FD01220921684645
:10CDF00000F044FD0EBD1CB500248DF80040062057
:10CE00008DF801008DF8024022208DF803008DF886
:10CE1000044001208DF805000621684600F017FD4A
:10CE2000010A8DF806108DF80700012000F045FD7D
:10CE300001220821684600F021FDFD48C4711CBD97
:10CE4000FB4E08B500240F207072B4722546F472B0
:10CE5000FEF70AFE4FF00108DFF8D8A386F8058038
:10CE6000F5818AF83E80FF21F34819F00CFF3572F6
:10CE70003573FFF7C0FFF0484FF4FF61FF3019F042
:10CE800002FFDFF8B8B306F11009ED49022008707F
:10CE9000FFF7C8FE707A64280FD3B2795AB1B17A1D
:10CEA000521E914219F8010002DA491CB17200E0E9
:10CEB000B572FEF7FDFE757282E0307B01280DD160
:10CEC000F0790A2809D2401CF071C00702D0FFF7A0
:10CED0000CFF03E0FFF750FF00E03573FFF7B1FEF2
:10CEE0006420EFF71AFC707A401C7072BAF80410D4
:10CEF000491CAAF80410322C0ED2641C14F0FF0452
:10CF00005CD0B17931B3F07A491E884219F80070CB
:10CF100004DA401CF07202E000244FE0F572012FA9
:10CF200003D14FF4C870EFF7F8FB3846FFF7BAFBB0
:10CF3000C448017829B1B07888420CD2401CB07046
:10CF40000AE0FFF73BFE41F28830EFF7E6FB707A2C
:10CF50003230707234E0B570B0785F46C0EBC0001C
:10CF60000BEB80006946007DFEF70AFCB078B24A00
:10CF7000C0EBC00107EB8103203A197D02EBD1021F
:10CF800001F0070C177808FA0CF2174210D19DF83F
:10CF90000070DFF8B4C2C7EBC7076744BF79DC2F66
:10CFA00006D20CF6F80707EBD1073F78174204D1F9
:10CFB00021B12146FFF78DF802E0DD72FFF7FEFD9B
:10CFC000307901287FF461AFFEF7B4F99F4981F809
:10CFD00000809F4981F81280357156E72DE9FF4F97
:10CFE000044688464078052181B015464FF4FA730F
:10CFF000032815D0042813D001280CD002280AD009
:10D00000062814D0102812D0052810D00F280ED0D2
:10D01000FF2820D032E06279D21D01EBD20602E077
:10D02000627901EB42060A2101EB460726E0082659
:10D03000062802D161793F2903D0E178102902D076
:10D0400007E01F461AE062797F2A02D14FF47A770F
:10D0500014E0642712E0617A642919D2627B217B93
:10D0600002F0010201EB0221E27AA67A921B521C25
:10D070004A43103296B206F132018FB2192809D014
:10D080002178FF2910D00020FEF7F2FD014617E0BD
:10D090001026DEE76F4805786F4801782846FEF7CE
:10D0A00001FE09261F460EE025B1012D04D0022DF8
:10D0B00004D008E0694802E0694800E06948017866
:10D0C0002846FEF7EFFD284600F0F7FB6278DFF810
:10D0D00098A1FF2A0AEB080958D04246214650463B
:10D0E00019F0B8FD08F0FF01504600F0B0FB030A4C
:10D0F0000AF8083089F8010008F1020081B22A46D6
:10D10000594800F0BBFB2A463146002004F08CFA57
:10D110006078DFF858B14FF0000819284AD04FF670
:10D12000FF7000EA4700294604F097FADFF80891FB
:10D1300007007AD0B81EC1B24D4800F088FB014606
:10D140004B48384410F8012C10F8020C02EB002078
:10D1500088426BD104990A68CAF800208988AAF825
:10D1600004106178FF2962D0BA1E41490AF1060015
:10D1700019F070FD321D3C493E4819F06BFD361D1B
:10D18000ABF80060A078022878D0B4E0A8F10202E1
:10D190002146354819F05EFDA8F10200C1B23248BF
:10D1A00000F055FB020A09F8022C09F8010C2A4686
:10D1B0004146A5E72946384604F04FFA07460528B8
:10D1C00077D904990AF106000A68CAF8002089880C
:10D1D000AAF804103A46264919F03CFDBA1D224926
:10D1E000244819F037FDB81DABF80000F9B220480B
:10D1F000FEF76CF9012801D003285AD10C48CDF86C
:10D2000000802E30144CD0F8011046460078237868
:10D210002A46FEF7E1FA1848284490F82810072912
:10D2200031D0072180F8281029E09BE092E041E00E
:10D2300028020060C8990360BA7D0360F0D20260E2
:10D24000F40200603B01006062740360EE02006063
:10D250005CF802607502006076020060790200608E
:10D260007A0200607B02006008560360AE03006033
:10D27000549703600C330460C090036027E005F10D
:10D280001D0007F07CFF15B1022D05D00AE0FF4814
:10D2900021780170092003E0FD48217801705320B6
:10D2A00007F06DFFFB4C207901287ED1FEF742F894
:10D2B00026717AE03A46F8490AF1060019F0CAFCEC
:10D2C000B21DF649F64819F0C5FCB61D58E7E078DE
:10D2D000CB2810D1607910280DD120786946FEF74F
:10D2E0004FFA40B1EF489DF80010102200EB0110FA
:10D2F000E11D19F0AFFC012D05D1EB4981F800804B
:10D30000EA49A1F8008022784FF4167009F80280EB
:10D310002178E74A22F81100207802F23E2101EB41
:10D32000D00100F00702097801209040014226D187
:10D3300020786946FEF724FA012820D19DF80000E4
:10D34000DC49C0EBC00211448979DC2917D2FEF711
:10D35000DFF914E0CF49223131F81500401C21F8E3
:10D3600015000CE0CB49283131F81500401C21F89C
:10D370001500207819F80020521C09F800202178A7
:10D3800019F801000A2810D3C8B26946FEF7F8F967
:10D3900001280AD19DF80000C649C0EBC002114423
:10D3A0008979DC2901D2FEF7F3FC3946BA4819F035
:10D3B0006AFC284607F043FF05B02A46BDE8F04F57
:10D3C0000021012004F030B92DE9F0410D46064658
:10D3D0001446022A75D87078032811D0062818D070
:10D3E000102816D019286CD14FF00C08322731784C
:10D3F000FF291AD00020FEF73BFC0146204621E021
:10D400007079052101EB400000F0FF084FEA480762
:10D41000EDE74FF00808062802D170793F2801D0C7
:10D420006427E4E74FF47A77E1E724B1012C04D0D4
:10D43000022C04D008E0954802E09F4800E09448A0
:10D4400001781046FEF72EFC204600F036FA2A46F8
:10D450003146924819F0FEFBE9B2904800F0F7F926
:10D460008E49020A4A552944AD1C4870A9B2224689
:10D470008A4800F003FA22464146002004F0D4F81E
:10D480002146384604F0E9F8050030D0A81EC1B2A4
:10D49000814800F0DCF901467F48284410F8012C4F
:10D4A00010F8020C02EB002088420BD1834E16F8D4
:10D4B000260F00F002FA32782946774800F0DEF9AC
:10D4C00007E017E07349223131F81400401C21F8BD
:10D4D00014002946704819F0D6FB204607F0AFFE2D
:10D4E0002246BDE8F0410021012004F09DB86949C1
:10D4F0002831E9E7BDE8F0812DE9FC4781464FF48A
:10D5000007616F4819F0BFFBF0216E4819F0BBFBB3
:10D510006048002410305F4D847044700470AC711A
:10D520006C70604BEC70EC71183B6749674AAC70EB
:10D53000204603F10C0605F11C0705F1220C05F14C
:10D54000280843F8204046F8204027F810402CF8DF
:10D55000104028F810400C541454401CC0B203284A
:10D56000EFD35B490020524F1E2201F580734FF428
:10D570001676AC610C5423F8102027F81060401C7C
:10D58000C0B2FF28F6D3FEF7BAFB45F8354F514934
:10D59000AC80AC71FF2008704F494FF400620870F6
:10D5A0004E483C4914310470CDE9009100234CA150
:10D5B000AFF27370EEF70CFFBDE8FC87FEB50C46CA
:10D5C00000218DF80010A0F59850154603267338F9
:10D5D0008DF80160020A8DF802208DF804108DF894
:10D5E00003008DF805400621684600F030F9010A75
:10D5F0008DF806108DF80700012000F05EF9012279
:10D600000821684600F03AF9052000EB44010122A8
:10D61000002004F009F80121642004F01EF8E8B1AC
:10D6200006EB4400C1B21C4800F011F91A4901EBA5
:10D630004402D378B3EB102F10D11279C0B29042CC
:10D640000CD1002005E00A18401CD27805F8012B07
:10D65000C0B2B0EB440FF6D30120FEBD0020FEBDEA
:10D660001CB5044600208DF8000006218DF801103D
:10D670008DF8020015208DF80300200A8DF80400B3
:10D680008DF80540684600F0E2F82FE0790200606E
:10D690007B02006028020060549703600856036014
:10D6A0000C33046074610360E2000060F800006005
:10D6B0005C7B0360627403607A020060C090036068
:10D6C000FC5703606C600360E4020060E1020060EC
:10D6D000647103607502006076020060E002006021
:10D6E0005363616E5461736B00000000010A8DF892
:10D6F00006108DF80700012000F0DFF80122082154
:10D70000684600F0BBF801220821002003F08CFFDE
:10D710000121052003F0A1FF00280FD00621394880
:10D7200000F095F837498A79B2EB102F07D1C97903
:10D73000C0B2884203D13448A0F857401CBD3348DA
:10D740004188491C41801CBD70B5304E304DB61D1E
:10D75000A6F128047088A169401A142802D82888E4
:10D76000142803D9FFF747FB002028807088A061A8
:10D7700070BD70B528490020264A0B780546C3EBDA
:10D780000311A2F580764C000BE032F8101019B1AD
:10D79000491E22F8101002E0355422F81040401CB7
:10D7A000C0B29842F1D370BD70B5184D00241B4E25
:10D7B000223D22E004EB840000EBC4003044B0F8CA
:10D7C0000B20531CA0F80B30B2F5967F13D901EB58
:10D7D000810202EBC10131440D2219F03BFA687B52
:10D7E00000EB800101EBC00030440D2119F04BFA31
:10D7F000687B401E6873641CA4B2697B8C42D9D3D9
:10D8000070BD000054970360C09003604A0200603E
:10D81000F80000606472036020020060B18603605B
:10D82000022808D8FE49002230B101280BD0022876
:10D8300001D1CA878A727047FA48A1F848204A7510
:10D84000C0F8A0217047A1F84A208A757047F0B54A
:10D85000FF23F54E1C46002206F5807707E0855C25
:10D86000521C5D40EDB2D2B2735D63407C5D491ED7
:10D87000C9B2F4D244EA032080B2F0BD70B50C46C0
:10D88000002A19D10A460146E84819F0E3F9E44EA6
:10D89000012240F227717486E548ECF720FD002450
:10D8A000758E04E0641CA4B20220EEF736FF708E81
:10D8B000002801D0AC42F5D370BD022803D8D94965
:10D8C0000120C1F8A0017047012080F31388D948D6
:10D8D0000168D94A01F4E06111430160BFF34F8F41
:10D8E000FEE7FFF7F1FF2DE9FC5FD44E04463078E8
:10D8F0007178F27800EB0120B178090401EB026144
:10D90000084415F08DFED4F8B11088427ED104F1A0
:10D91000340114220F46CA4819F0FBF9002548B11A
:10D9200084F8475014223946C54819F093F9C44881
:10D93000F1F7B9FBB04696F8500094F8F010DFF814
:10D940000493012688420ED0BF480570BF48057079
:10D95000BF48056089F8EF6094F8F01088F850101F
:10D96000CB2007F00CFCB4F9AF0015F05AFEAC4F19
:10D97000B7F94210884218D0B4F9AF0015F051FE43
:10D9800000231A4637F9421F07F017FBB4F9AF001E
:10D9900015F047FE3880C0F307210C2007F0EFFB9D
:10D9A00017F842190D2007F0EAFB94F8CE20FB7B14
:10D9B0009A4209D00021084607F0FFFA94F8CE10E9
:10D9C000F973192007F0DBFB9E4998F8480094F89A
:10D9D000AE20CF318B46904206D1052831D11E2290
:10D9E0009C4819F096F960B394F8AE1088F8481086
:10D9F000052926D8072007F0C2FB98F848A0BAF1FD
:10DA0000020F1ED3BAF1050F06D100E046E21E2236
:10DA10005946904819F01EF9504607F031FB8A48E4
:10DA200005708A4805708A4805607D484C30016859
:10DA3000C07809BA21F0FF010143B7F9420007F0AD
:10DA40001DFB7E48E1680838DFF80CA240F81B1F78
:10DA5000218A818098F8281094F82600814223D0EA
:10DA6000434688F82800022800D010B90020FFF7AC
:10DA7000D7FE93F828009846012801D0092804D140
:10DA80008AF80060002014F031FBFDF7EDFF98F8F4
:10DA900028101D2007F073FB0021E92007F06FFB21
:10DAA0006E4805706E48058098F8291094F8270094
:10DAB000814218D0434688F82900022800D010B9C6
:10DAC0000120FFF7ADFE93F829009846072803D1FF
:10DAD000FDF7CAFF63480570FDF7C6FF98F82910E7
:10DAE0001E2007F04CFB98F82A1094F82800814279
:10DAF0001BD0434688F82A00022800D010B9022023
:10DB0000FFF78EFE93F82A009846012801D00928D5
:10DB100004D18AF80060022014F0E8FAFDF7A4FFAF
:10DB200098F82A101F2007F02AFB98F8510094F863
:10DB3000F710884205D088F85110BF2007F01FFB6E
:10DB4000FE7098F8530094F8F9104FF0030B8842D8
:10DB500006D088F85310C02007F011FB87F803B0F7
:10DB600098F8540094F8FA10884205D088F85410B8
:10DB7000C42007F004FBFE7098F8560094F8FC10DF
:10DB8000884206D088F85610C52007F0F8FA87F8C2
:10DB900003B098F8440094F82F10884204D088F815
:10DBA00044109A2007F0EBFA98F8450094F83010EA
:10DBB000884204D088F845109A2007F0E0FA98F8D7
:10DBC000040094F8C510DFF8A0A0884210D0481EC9
:10DBD000FE280DD288F80410062007F0D0FA98F835
:10DBE00004008AF8000089F8F200002013F02AF9F6
:10DBF00094F8F2109AF8002091420ED069B1FF29F2
:10DC00000BD08AF8001089F8F21088F8041006206A
:10DC100007F0B5FA002013F015F994F8491025E043
:10DC2000680200600000214226AB0408C48703603C
:10DC3000003801400CED00E00400FA05C0900360DC
:10DC40001CBE02604E040260FA020060FB0200602B
:10DC500014030060AE9E036051080060F60200608D
:10DC60000A0300602F02006069010060F948027831
:10DC7000914211D04A1EFE2A0ED2824601709C208B
:10DC800007F07DFA99F849009AF80010F7F7DAFBE7
:10DC90009AF8001089F8491094F8320094F80811A5
:10DCA00000EB0120B8F8421088420BD0A8F84200DF
:10DCB00094F83210E72007F062FA94F80811E62091
:10DCC00007F05DFAD4F8C60015F0AAFCDFF88893D7
:10DCD000D9F8001088420CD0D4F8C60048B115F02D
:10DCE0009FFCC9F8000012F028FCD9F80000F1F7F9
:10DCF000C9FE98F8270094F82A10884204D088F8C2
:10DD00002710202007F03BFA94F82C10787C8142F1
:10DD10000FD0797498F82800022806D028B1072877
:10DD200003D0012801D0092802D1092007F027FAE1
:10DD3000FE7094F82E10F87C814210D0F97498F897
:10DD40002A00022806D0012804D0092802D008B1F0
:10DD5000072802D1532007F012FA87F803B094F88D
:10DD60002B00582804D06F2807D0962807D00AE047
:10DD7000BA48067084F82B500FE0FFF7A5FD84F831
:10DD80002B50FDF7C4FF94F82B004D2805D1B44863
:10DD900084F82B500670B348057098F84F0094F83B
:10DDA000EE10884204D088F84F10D62007F0E7F92B
:10DDB00094F82B00632814D1AB4884F82B5084F8D6
:10DDC000F1500570A9480570A9480560A948016887
:10DDD000C07809BA21F0FF010143B7F9420007F00A
:10DDE0004DF9B8F85710B4F8F300814201D0FFF7AD
:10DDF00037FCA14894F8F5100278914203D00170E5
:10DE00009D2007F0BCF9072204F1FD019B4818F0A2
:10DE100080FF002842D09A4D2868EEF729FD9748E8
:10DE200054F8FD1F63384FF6FF7740F8631FA18851
:10DE30008180A179817147F61964CDE9007491A3BD
:10DE4000202206210120FBF7B8FDCDE90074202334
:10DE5000052227210020FBF75EFDCDE90074202379
:10DE6000052257210020FBF756FDCDE90074202341
:10DE7000052287210020FBF74EFDCDE90074202309
:10DE80000522B7210020FBF746FD804846768048F2
:10DE900006702868BDE8FC5FEEF73CBDBDE8FC9F5E
:10DEA0002DE9F041A0F51853483B1144C72B1AD86F
:10DEB000642093FBF0F200FB1232002A54D193FB52
:10DEC000F0F0C4B204EBC400724A00EB041002EBA1
:10DED000C000C822C91D18F0BDFE012C44D1BDE808
:10DEE000F0416C48FFE4A0F51C52103A4FF4B867BB
:10DEF0000124664D664E1723BA421AD2B2FBF3F0E4
:10DF000003FB102000282FD1B2FBF3F0C7B2C7EB00
:10DF10000710614A00EB400010442D22C91D18F083
:10DF200099FE00213846F3F708F9F3F7D0F82C7082
:10DF300019E0A0F53052D03ABA4217D2B2FBF3F052
:10DF400003FB102000280FD1B2FBF3F0C0B2C0EBEE
:10DF5000C00202EB0010514AC91D02EB40002E2204
:10DF600018F078FE6C703470BDE8F081A0F548526E
:10DF7000903AB2F5206F38D21420B2FBF0F300FBD8
:10DF80001323002BF0D1B2FBF0F0C7B2C7EBC700F0
:10DF9000DFF80C8100EB471202EB08002722C91DB5
:10DFA00018F058FE37B1012F0AD0022F0ED0032FE0
:10DFB00019D113E02F4998F81E004C39487412E02B
:10DFC0003748384990F8450008700CE034482B4930
:10DFD0005B3990F86C0081F8280004E030481E4955
:10DFE000D0F893000860AC70BDE7A0F57052903A8D
:10DFF000B2F5987F14D21320B2FBF0F300FB132389
:10E0000063B9B2FBF0F0C0B200EB800202EB40104B
:10E01000254AC91D1044252218F01CFEAC71A2E748
:10E02000A0F57752A72A43D81520B2FBF0F300FBE6
:10E0300013236BB9B2FBF0F0C0B2C0EBC0001B4AB7
:10E0400000EB400002EB40002A22C91D18F002FE3E
:10E050002C7188E73701006050010060FE0200600B
:10E060002004006021040060FA020060FB020060EE
:10E0700014030060B4020060360100601B9103606D
:10E08000BC03006020202020200000005CF802601B
:10E09000EE0200604E0402607DF70460BDEB046098
:10E0A000921402606901006042120260207D0260E9
:10E0B000A0F57852683A432A12D81120B2FBF0F347
:10E0C00000FB132353B9B2FBF0F0C0B2FF4A00EBE0
:10E0D000401010442122C91D18F0BCFD6C7142E7AC
:10E0E000A0F5FA422C3AB2F5107F13D24820B2FBC9
:10E0F000F0F300FB13235BB9B2FBF0F0C0B2F44ABB
:10E1000000EBC00002EB00109022C91D18F0A2FD28
:10E110002C7428E7A0F5FE426C3A5B2A14D892FBD7
:10E12000F3F003FB102068B992FBF3F0C0B2C0EB30
:10E13000C00202EB0010E74AC91D02EB40002E228C
:10E1400018F088FD6C740EE7A0F5FE42C83ADF2A8D
:10E1500013D80E20B2FBF0F300FB13235BB9B2FB24
:10E16000F0F0C0B2DC4AC0EBC00002EB80001C2221
:10E17000C91D18F06FFDEC70F5E6A0F50140B1384F
:10E18000B0F5907FBFF4F0AE242290FBF2F302FBD7
:10E1900013035BB990FBF2F0C0B2D04A00EBC000B1
:10E1A00002EBC0004822C91D18F054FD2C76DAE6B7
:10E1B0007CB5CB4B0125CB4E5418B0F5FA6F2DD062
:10E1C000A0F5E061D3391BD0A0F5E061D1392DD0A5
:10E1D000A0F5E061D5392CD0A0F5E061D4392FD07D
:10E1E000891F1F2933D8C006B0F1504F20D103F149
:10E1F0000A004021054618F046FDE11D402236E0A8
:10E200006079012814D107F029FA7C21B44818F06C
:10E210003AFD3576FAF768FDFFF756FB607918701E
:10E220003576FAF761FD07F019FAF5E7607958706D
:10E230007CBD6079217900EB0120A3F805007CBD4D
:10E240006079217900EB0120A3F803007CBDA0F2E6
:10E25000FA710F2911D80007B0F1204FF6D1A0486C
:10E2600020214A30054618F00EFDE11D202202B0A3
:10E270002846BDE8704018F0EDBCA0F500610A39F1
:10E2800024D0A0F500611639E0D10621A0F61600D1
:10E2900090FBF1F201FB12000028D7D1207A8DF813
:10E2A0000000A07A8DF80100207B8DF80200A07B91
:10E2B0008DF80300207C8DF80400A07C8DF805000B
:10E2C000684608F0ADFB884805707CBD0C21A0F6BF
:10E2D0000A0090FBF1F201FB12000028F5D1207A30
:10E2E00003F86A0FA07A5870207B9870A07BD870D2
:10E2F000207C1871A07C5871207D9871A07DD87108
:10E30000207E1872A07E5872207F9872A07FD872EB
:10E310007CBD70B5A0F51853483B6425C72B0AD8BF
:10E3200093FBF5F0C1B201EBC10000EB01106F49A6
:10E3300001EBC00159E0A0F51C53103B4FF4B86647
:10E340001724B34209D2B3FBF4F0C0B2C0EB001003
:10E35000674900EB400001440EE0A0F53053D03B8C
:10E36000B3420ED2B3FBF4F0C1B2C1EBC10000EB7B
:10E370000110604901EB4001B3FBF4F004FB1032E3
:10E38000A0E0A0F54853903BB3F5206F09D21420CC
:10E39000B3FBF0F1C9B2C1EBC10202EB4111564A25
:10E3A0000EE0A0F57053903BB3F5987F0AD213208E
:10E3B000B3FBF0F1C9B201EB810202EB41114F4A0C
:10E3C000114466E0A0F57853AC3BB3F57A5F11D207
:10E3D00093FBF5F0C0B20A21B0FBF1F101EB410073
:10E3E000C0EBC110464901EB001193FBF5F005FBB2
:10E3F000103066E0A0F57753A72B0BD81520B3FBA0
:10E40000F0F1C9B2C1EBC1013E4A01EB410102EB9F
:10E4100041013EE0A0F5FA432C3BB3F5107F09D251
:10E420004820B3FBF0F1C9B2294A01EBC10102EB6C
:10E4300001112EE0A0F57853683B432B07D811203B
:10E44000B3FBF0F1C9B201EB4111204AB8E7A0F5E6
:10E45000FE436C3B5B2B0ED893FBF4F0C1B2C1EBD7
:10E46000C10000EB01101B4901EB400193FBF4F0EC
:10E4700004FB103025E0A0F5FE43C83BDF2B0DD890
:10E480000E20B3FBF0F1C9B2134AC1EBC10102EB9C
:10E490008101B3FBF0F200FB123213E0A0F5014062
:10E4A000B138B0F5907F0DD2242290FBF2F1C9B2C1
:10E4B0000A4B01EBC10103EBC10190FBF2F302FB3C
:10E4C0001300C2B231F8120070BD00003085026046
:10E4D000707E0260B4850260E6290260F08202600C
:10E4E000E0A203605CF80260A30300604E040260D7
:10E4F0007DF70460BDEB046092140260421202607A
:10E500007A730160207D0260EB49B0F5FA6F25D087
:10E51000A0F5E062D13A1FD0A0F5E062D23A1FD058
:10E52000A0F5E062D43A1DD0A0F5E062D53A1CD047
:10E53000B0F5FB6F1ED0A0F5E062D63A18D0111FDF
:10E540001F2919D8DC48CA1701EBD2620A3022F021
:10E550001F02891AC9B21CE04878704708787047D2
:10E5600088787047B1F803007047B1F8050070472C
:10E57000C8797047087A7047A0F2FA710F290BD852
:10E58000CD48CA1701EB12724A3022F00F02891AE5
:10E59000C9B230F811007047A0F60A01032909D862
:10E5A000C548CA1701EB92726A3022F00302891A39
:10E5B000C9B21AE0A0F60E01032909D8BE48CA174D
:10E5C00001EB92726E3022F00302891AC9B20CE09C
:10E5D000A0F6120103290AD8B748CA1701EB9272B4
:10E5E000723022F00302891AC9B2405C7047A0F66B
:10E5F0001600052809D8B04A7632062190FBF1F3BF
:10E6000001FB1300C0B2105C7047002070472DE979
:10E61000F34FAA49CFB04FF0010B81F80CB04F98DF
:10E6200003AE4FF0000970B302282DD004282BD080
:10E630000624002049463154401C80B20628FAD3F3
:10E640005098DFF87CA2051968780090E878A978DE
:10E6500000EB012087B2687901900098032815D05B
:10E66000012813D00621974B0C22AAF5C47C06285A
:10E6700073D00528FCD0102802F0E982192802F096
:10E68000AC8502F0C1BDFFE70024D9E75098005DDA
:10E69000305569783019029041700098032802D0F3
:10E6A000012805D009E0019802994000887004E033
:10E6B0000198C01DC1080298817002988178C01C21
:10E6C00018F0E1FAA7F59850A638632806D8DDE9D6
:10E6D00001123846D21CFEF771FFF2E300980128C0
:10E6E00001D00025EEE3002342E0FA18082A19D2EF
:10E6F0000020DFF8D4C1014601EBC205C5EB0515CA
:10E7000005EB4505654495F82550002D0BFA01F5FC
:10E7100002D00543E8B200E0A843491CC9B2082969
:10E72000EAD320E0A2F1400108291CD80020D5003E
:10E73000DFF898C10146A5F500756A18C2EBC2085A
:10E7400008EB02120CEB420292F82620002A0BFA88
:10E7500001F203D00243D0B201E0F1E39043491C3F
:10E76000C9B20829E9D3E11831445B1CC8709BB2D7
:10E7700001998B42B9D3B0E77819032807D804EB85
:10E780004501314481F803901AF8000012E2A0F527
:10E790009851EC3964D004287CD0052870D0082822
:10E7A0006FD006286ED007286DD00E286CD00928AF
:10E7B0006BD01A286AD01C2869D0162868D0172870
:10E7C00067D0182874D0192873D01B2872D00C2851
:10E7D00071D012287ED013287DD00D287CD010282F
:10E7E0007BD022287AD0232879D0202878D02428DA
:10E7F00077D02A2876D01D2875D0A0F57D41E8393C
:10E8000035D0A0F57D41E9396ED0A0F57D41EA39DA
:10E810006BD0A0F57D41F23968D0282867D029282F
:10E8200076D02B2875D05E2874D05F2873D02E2820
:10E8300072D02F2871D0302870D062286FD0632812
:10E840006ED027286DD0A0F1640105296AD804EBA9
:10E8500045013144504481F8039010F8510CA9E16E
:10E8600004EB450030441A4980F8039085E004EB3E
:10E8700045003044114980F803906C317DE009E097
:10E880000FE035E03CE04EE054E05BE062E065E044
:10E890006CE074E004EB45003044092180F80390FB
:10E8A00038E204EB450030443F2180F8039031E228
:10E8B0006EE075E07DE084E0E0A203606802006045
:10E8C000C09003600C3304607DF70460BDEB04600E
:10E8D0005D0200607DE084E08BE092E099E0A0E0E2
:10E8E000A1E0A3E0A9E0AFE0B5E0B9E0C3E0C9E092
:10E8F00004EB4500304480F803909AF8071009E2D1
:10E9000004EB4500304480F803909AF8041001E2CB
:10E91000C0E0C7E0CEE0D3E0D7E0D9E0DCE0E3E060
:10E92000EAE0F0E0F7E004EB450030440A2180F82B
:10E930000390EFE104EB4500304480F803909AF82F
:10E940000A10E7E104EB4500304480F803909AF8A0
:10E950000B10DFE1F648B0F84200F6E304EB4500A7
:10E960003044F34980F80390C97BD3E104EB4500C0
:10E970003044EF4980F803904C310978CAE104EB48
:10E980004500EB4930444C3180F803904978C1E1AF
:10E9900004EB45003044E64980F803904C314BE1EC
:10E9A00004EB4500E24930444C3180F80390C978CB
:10E9B000B0E104EB4500304480F803909AF8481029
:10E9C000A8E104EB45003044D94980F80390497C24
:10E9D000A0E104EB45003044D54980F80390897CE0
:10E9E00098E104EB45003044D14980F80390C97C9C
:10E9F00090E104EB4500304480F803909AF827102A
:10EA000088E104EB4500304480F803909AF80C103C
:10EA100080E104EB4500304480F803909AF823101D
:10EA200078E1C448E7E2C34800681DE004EB450014
:10EA30003044C14980F803909FE704EB450030441F
:10EA4000BE4980F8039098E704EB45003044BC4988
:10EA500080F8039091E7B6486C30B0F8010074E399
:10EA6000B3486C30D0F8010004EB45013144020E8C
:10EA7000CA70000C9EE004EB45003044B14980F8B8
:10EA800003907AE704EB4500304480F803909AF84D
:10EA900044103FE104EB4500304480F803909AF8BD
:10EAA000451037E104EB4500304480F803909AF8B4
:10EAB00047102FE19E4830F8501F8088084444E3F7
:10EAC0009B48D0E914100844CEE7BAF842003CE372
:10EAD0009748B0F8440038E304EB450030449449CB
:10EAE00080F80390097C15E104EB4500304480F880
:10EAF00003909AF84F100DE104EB45003044924921
:10EB000080F8039039E704EB4500304480F8039027
:10EB10009AF85010FEE06A280CD0A0F16B0103298E
:10EB200010D804EB45013144504481F8039010F8AB
:10EB30005C0C3FE004EB4500304480F803909AF809
:10EB40000E10E7E0A0F16F01032902D9091F032984
:10EB500008D804EB45013144504481F8039010F883
:10EB6000560C27E078282ED026282FD01E2830D00B
:10EB7000A0F50071D9391ED0A0F580712B3930D0A5
:10EB8000491E642934D8C0EBC00170480844A0F580
:10EB900080506F4990F8CC0701EBD00100F00703DB
:10EBA0000A780BFA03F10A4000D0012204EB450178
:10EBB0003144CA7073E304EB4500304480F803909D
:10EBC0009AF85A10A6E0BAF82100BEE2BAF8490055
:10EBD000BBE204EB4500304480F803909AF85910EA
:10EBE00098E004EB450030445A4980F80390C4E6AD
:10EBF000362810D0372819D038281FD0A0F13B0173
:10EC0000022922D804EB45013144504481F8039095
:10EC100010F8130C43E304EB450030444E4980F8F0
:10EC20000390898800298CD0022173E004EB450011
:10EC30003044494980F8039089786BE004EB450043
:10EC40003044454980F8039097E63E280AD03F2893
:10EC500010D0A0F1460109290FD80AEB400030F886
:10EC60005F0C72E204EB4500304480F803909AF8A0
:10EC700041104FE03948008867E253284BD05428B0
:10EC80004CD0502853D051286ED05A286DD05B28D4
:10EC90006CD0A0F50071CA3936D0A0F50071DA3910
:10ECA00078D0A0F50071DB3975D0B0F5377F73D01F
:10ECB000A0F50071DD3970D0A0F50071DE396DD09E
:10ECC000A0F50071DF396AD0B0F5387F68D0B0F5B3
:10ECD000397F6FD0A0F50071E5396CD0A0F50071D7
:10ECE000E63969D0A0F50071E7396ED039390629C7
:10ECF0006CD804EB450131445044A0F5805081F8B4
:10ED0000039090F83B0DCAE204EB450030445621D5
:10ED100080F8039003E2BAF84B0016E2104890F82E
:10ED20002D00092823D00A2821D00E4863E13EE0B7
:10ED300068020060500100603701006069010060F6
:10ED400036010060F3020060F90200606274036043
:10ED50009A7D0360200200604EFE016004030060A3
:10ED6000BDEB04604EFC016027E030E031E0F74885
:10ED7000F74942F210720088098E4843B0FBF2F165
:10ED8000B0FBF2F04FEA112C04EB4501314481F85D
:10ED900003C084E225E041E066E05EE076E086E0E4
:10EDA00098E004EB45013144030ACB7077E2E84870
:10EDB000808CF6E7A1E086E0C3E004EB4500304438
:10EDC000E34980F80390097DA9E1C5E0D4E0E1487A
:10EDD00011E104EB4500304480F803909AF84E109E
:10EDE0009DE19AF823000B2805D00E28DA4806D0BA
:10EDF000D0F88E0141E0D848D0F846023DE0D0F886
:10EE0000FE023AE090FBF2F14FEA112C04EB4501CF
:10EE1000314481F803C090FBF2F040E29AF82300FD
:10EE20000B2812D00E2814D0CB484FF47A73D0F8A8
:10EE3000BC0190FBF3F190FBF3F04FEA112C04EBD3
:10EE40004501314481F803C029E2C348D0F8740277
:10EE50008BE0C148D0F82C0387E004EB4500304438
:10EE6000BE4980F8039088E59AF823000B2806D065
:10EE70000E28B94807D0D0F8EA016422C2E7B648A4
:10EE8000D0F8A202F9E7D0F85A03F6E79AF823007F
:10EE90000B2805D00E28B04806D0D0F8460264E012
:10EEA000AD48D0F8FE0260E0D0F8B6035DE09AF815
:10EEB00023000B28CDD00E28C7D1A748D0F8E403F3
:10EEC00029E0F1E3F1E39AF823000B2834D00E286F
:10EED0002BD1BAE79AF823000B2802D00E2804D0D1
:10EEE00007E09D48D0F85A033FE09B48D0F8120451
:10EEF0003BE09948D0F8A20237E09AF823000B28AB
:10EF000002D00E2804D010E09348D0F88E012CE0F7
:10EF10009148D0F846024FF47A7290FBF2F10B0A56
:10EF200004EB45013144CB7075E704EB45003044F8
:10EF3000494680F80390F2E08748D0F8BC0114E01D
:10EF4000FDE39AF823000B2802D00E28EDD1D0E77C
:10EF50008148D0F8EA0108E09AF823000B2807D08E
:10EF60000E28E2D17C48D0F8D0024FF47A7249E7FB
:10EF70007948D0F81802F8E7B0F5487F2CD0A0F512
:10EF80004071213920D0A0F50071E9392CD0A0F5CD
:10EF90000071EA392AD0A0F50071EB3928D0B0F51C
:10EFA0003B7F2AD0A0F50071ED3923D022310A2908
:10EFB00025D888B26A4A04EB4501314412F8103072
:10EFC000CB7002EB40007EE104EB45003044654924
:10EFD00080F80390497EA2E004EB4500304461498B
:10EFE00080F80390097E9AE05F4804E05F4802E001
:10EFF0005F4800E05F480088D3E65F48FBE796285B
:10F0000018D097281ED0982824D099282AD09A283A
:10F0100030D09B2836D0A0F58071293907D0A0F5D3
:10F02000FA61642936D880B2FFF76EFAB9E6BAF809
:10F030005700B6E604EB4500304480F803909AF898
:10F040005110F2E304EB4500304480F803909AF845
:10F050005210EAE304EB4500304480F803909AF83C
:10F060005310E2E304EB4500304480F803909AF833
:10F070005410DAE304EB4500304480F803909AF82A
:10F080005510D2E304EB4500304480F803909AF821
:10F090005610CAE3A0F5D851BC397F292CD801EB12
:10F0A000D171C1F34701C007C1EB011000EB400172
:10F0B000324867D001EB000898F8230080BB98F92C
:10F0C0002800A0F10C010A2911D90B3907290BD806
:10F0D00000EBC00101EB001129480844A0F5805065
:10F0E00090F8C10D012802D098F82500D5E198F8D4
:10F0F0002500D7E14E9898E3A0F5E0513C393F292F
:10F100000FD8C9B2C1EB011101EB410204EB45007C
:10F110001A493044114480F8039091F8241084E394
:10F120008FE1A0F5E0517C393F292CD8C9B2C1EB61
:10F13000011101EB410204EB450010493044114438
:10F1400080F8039091F828106FE3F5E24EFC01601F
:10F15000680200609C000060BDEB0460500300602A
:10F160001CBE0260E62902604403006046030060A2
:10F17000480300604C0300604A0300607DF70460B0
:10F18000FA0F02606DE1A0F5E051BC393F290ED8BD
:10F19000C9B2C1EB011101EB410204EB4500FC498E
:10F1A0003044114480F8039091F822103DE3A0F51B
:10F1B000E051FC393F290ED8C9B2C1EB011101EB76
:10F1C000410204EB4500F2493044114480F80390B9
:10F1D00091F8231029E3A0F5E8513C397F2903D9A0
:10F1E000A0F291227F2A46D87F2902D841F63C51CD
:10F1F00001E040F29121411A01EBD170C0F34700C8
:10F20000C907C0EBC00101EB0011E24800EB410867
:10F2100098F8280001D098B113E100283FF473AEAC
:10F22000D8F81E0014F0FCF9010E04EB4500304440
:10F230004E90C170D8F81E0014F0F2F9010C59E795
:10F2400098F82D00A0F10C010A2911D90B390729D2
:10F250000BD800EBC00101EB0011CF480844A0F52A
:10F26000805090F8C10D012802D098F8260014E1D2
:10F2700098F8260016E1A0F5E851BC393F290FD8CF
:10F28000C8B2C0EBC00202EB001204EB4501C1485A
:10F29000314400EB420081F8039090F822008DE2A7
:10F2A000A0F5E851FC393F290FD8C8B2C0EBC00126
:10F2B00001EB0011B74800EB410004EB450131447C
:10F2C00010F82B3FCB70407878E2A0F5F0517C39F4
:10F2D0003F290FD8C8B2C0EBC00101EB0011AD4807
:10F2E00000EB410004EB4501314410F8282FCA70AF
:10F2F000407963E2A0F5F051BC393F290FD8C8B27C
:10F30000C0EBC00202EB001204EB4501A1483144FE
:10F3100000EB420081F8039090F827004EE2A0F540
:10F32000F0513C393F290FD8C8B2C0EBC00202EB04
:10F33000001204EB45019748314400EB420081F88C
:10F34000039090F8290039E2A0F5F051FC393F29EB
:10F3500034D801EBD171C1F34701C0074E91084683
:10F3600016D0F9F712FA4FF47A7190FBF1F0010A16
:10F3700004EB450000EB060888F803104E98F9F7F7
:10F3800004FA4FF47A7190FBF1F188F804104DE221
:10F39000F9F7FBF94FF47A7190FBF1F0010E04EBF1
:10F3A000450000EB060888F803104E98F9F7EDF9D0
:10F3B0004FF47A7190FBF1F0010CE6E7A0F5F851FB
:10F3C0003C391F290BD8754A04EB450131441044E0
:10F3D000A0F5005081F8039090F8C400EEE1A0F58C
:10F3E000F8515C393F290BD86D4A04EB4501314493
:10F3F0001044A0F5005081F8039090F8A400DDE1DE
:10F40000A0F5F8519C39FF2903D9A0F29112FF2AE7
:10F4100052D8FF2902D841F69C7101E040F29111C7
:10F42000411A01EBD170C0F34700C907C0EBC0011E
:10F4300001EB40115B4814D001EB000898F8230061
:10F44000A0B1D8F81E0014F0EBF8010A04EB450057
:10F4500030444E90C170D8F81E0014F0E1F8014617
:10F4600048E601EB000898F82300D6E698F8260055
:10F47000A0F10C010A2913D90B3907290BD800EB8D
:10F48000C00101EB001144480844A0F5805090F8F9
:10F49000C10D012804D098F82400012804D044E5C7
:10F4A00098F824000128FAD004EB4500304480F895
:10F4B000039080F804B0B9E1A0F500519C397F2990
:10F4C0000FD8C0EBC00202EB4012364804EB4501F6
:10F4D00031441044A0F5A02081F8039090F85E0814
:10F4E0006CE1A0F5045154397F290FD8C0EBC0025C
:10F4F00002EB40122B4804EB450131441044A0F5C7
:10F50000A42081F8039090F85A0C57E1A0F504511B
:10F51000D4397F290FD8C0EBC00202EB401221483A
:10F5200004EB450131441044A0F5A62081F8039076
:10F5300090F8D70842E1A0F504511C39072910D8EA
:10F54000C0EBC00000EB4002174804EB450131441A
:10F5500000EB4200A0F5AE2081F8039090F88701FF
:10F560002CE1A0F50451243907291FD8C0EBC000B5
:10F5700000EB40020C4804EB4501314400EB420033
:10F58000A0F5AE2081F8039090F8360016E1000057
:10F590007DF70460BDEB0460FA0F026068910360C0
:10F5A0003DF7046092140260207D0260A0F50451D2
:10F5B0002C39072910D8C0EBC00000EB4002FB48F3
:10F5C00004EB4501314400EB4200A0F5B02081F886
:10F5D000039090F8EC0EF1E0A0F5045134390729BE
:10F5E00010D8C0EBC00000EB4002F04804EB45012E
:10F5F000314400EB4200A0F5B02081F8039090F870
:10F60000980DDBE0A0F504513C39072910D8C0EB78
:10F61000C00000EB4002E54804EB4501314400EB3B
:10F620004200A0F5B02081F8039090F84F0CC5E09F
:10F63000A0F504514439072910D8C0EBC00000EBF5
:10F640004002DA4804EB4501314400EB4200A0F5EA
:10F65000B02081F8039090F8F90AAFE0A0F50451CA
:10F660004C3903290DD800EB4012D14804EB450179
:10F6700031441044A0F58A2081F8039090F8530596
:10F680009CE0A0F50451503903290FD800EB40123B
:10F69000C74804EB450131441044A0F58A2081F8A5
:10F6A000039090F8CE0489E0C6E0C1E0A0F5FE42E8
:10F6B0006C3A5B2A16D82E2092FBF0F192FBF0F305
:10F6C00000FB1320C9B2C1EBC103C2B203EB0111AD
:10F6D00004EB4500B74B304403EB410180F8039045
:10F6E000895CA2E0A0F1C801082919D2CF280BD06B
:10F6F000CA280DD004EB4501AF4A3144104481F8CB
:10F70000039010F8C80C59E0AB48B0F8070073E458
:10F7100004EB45003044A84980F80390FFF78CBA09
:10F72000A0F5B85170390B290AD8A44901EBC000E3
:10F73000A0F54040B0F88004020AFFF737BAF1E0C4
:10F74000A0F5B8517C390B2907D89C4901EBC000C2
:10F75000A0F54040B0F824044EE4A0F5B851883933
:10F760000B290FD8954901EBC000A0F54040D0F817
:10F77000C4130A0C04EB45013144CA70D0F8C0032D
:10F78000FFF777B9A0F5D8515839312907D88C49F6
:10F7900001EB4000A0F58040B0F850092CE4A0F542
:10F7A0001851483945F68842914209D880B2FEF78F
:10F7B000B0FD04EB45013144C870000A087135E022
:10F7C000A0F51C4040383B283FF66EAEC11700EB59
:10F7D0009172C2F38F0122F00302801A0004000C20
:10F7E00006D0012809D002280CD0032814D01DE02F
:10F7F000744800EB4100008818E4724800EB4100B7
:10F80000C08B13E404EB45006E4A3044114480F889
:10F81000039091F83C1008E004EB4500694A30443D
:10F82000114480F8039091F84B1001716D1CADB23A
:10F8300001988542FEF4A0AF4F9830B1022804D061
:10F84000042802D0052844D04EE30098012812D0A5
:10F850000198032101EB4000C1B203A8FDF7F7FFB7
:10F860000199020A06EB4101CA7008714F980428F9
:10F8700013D0C8B1E8E702988078C01CC1B203A8D1
:10F88000FDF7E5FF0299020A8B780DF10F015A543A
:10F8900002998A7804A95054E8E70198F11C4200C3
:10F8A000494817F0D7F9CFE752469AF82600FEF7F5
:10F8B00004F8009892F82620012805D00198052127
:10F8C00001EB400103A8F0E30298817803A8491DE9
:10F8D000F9E750983D49008840BA8885020A8DF8BA
:10F8E0000C208DF80D000198032101EB4000020A65
:10F8F0008DF810208DF8110000988DF80E900128D9
:10F9000001988DF80F900BD004EB40021446D21CE6
:10F9100003A92F4817F09EF92E48E41C048093E7B2
:10F920000219F3E74F98C8B1022869D0042867D0BC
:10F93000509800788DF80C00509840788DF80D00A4
:10F940008DF810908DF811104F988DF80E908DF85D
:10F950000F90012815D005283ED051E0564616F8E4
:10F96000260FFDF7AAFF327808215098FDF786FF91
:10F970003078FDF7A2FF327808215098FDF77EFF1E
:10F980003EE000202118509B401C80B25B5C735409
:10F990000628F7D303AE0CF15C0C96E80B008CE85C
:10F9A0000B000A48A0F840202AE00000207D0260F9
:10F9B00030850260B48502607C1800604C140160E0
:10F9C00088F90160C8990360DEF201606802006096
:10F9D0000C330460AE03006000202118DDF840C144
:10F9E000401C80B21CF801C006F801C00628F4D300
:10F9F000039818600498586005989860FE48028043
:10FA00000098DFF8F883052847D0A7F5D850BC3810
:10FA10004FF41072B0F5B36F34D24FF4C073984204
:10FA200002D2F74E86F800B0A7F5E8513C39B1F59F
:10FA3000187F02D2F24E86F801B0A7F5F8519C3932
:10FA4000994202D2EE4B83F802B0A7F504511C395B
:10FA50002F2904D9A7F5FA412C39914202D2E8495D
:10FA600081F804B0A7F504514C39072904D9A7F54A
:10FA7000FE416C395B2902D8E14B83F805B0E14BBC
:10FA800083F800B0032F6FD8DF4C607F00F00101D6
:10FA900039436AD0022F69D0D6E63F2F78D8FEB21C
:10FAA000C6EB061000EB4001D8480C1894F8230070
:10FAB0000028F1D1F8F712FEB04294F92800A0F125
:10FAC0000C0130DD0A291BD90B3907290BD800EBB3
:10FAD000C00101EB0011CE480844A0F5805090F819
:10FAE000C10D01280CD0287900B1012017F0C0FC0D
:10FAF000014608EB8610816230460EF070FA25E070
:10FB0000287950B1002017F0B3FC014608EB8610AD
:10FB1000816230460EF063FA23E00120F3E7002013
:10FB200016E0012014E00A291AD9A0F117010729CB
:10FB30000BD800EBC00101EB0011B5480844A0F55B
:10FB4000805090F8C10D01280AD028790028E8D10A
:10FB500084F8250010F0FF0F0AD04FF47A7108E006
:10FB600028790028DDD0DAE76AE042E053E00FE0D0
:10FB700000213046F8F7D5FC30460EF030FA4FF44D
:10FB80007A714843C4F81E009D4880F800B05BE6D7
:10FB9000403F3F2FFBD8F8B2C0EBC00101EB001192
:10FBA0009C4800EB410090F82810F1B990F82D1016
:10FBB000A1F10C020A2A12D90B3A072A0BD801EB41
:10FBC000C10202EB011292491144A1F5805191F852
:10FBD000C11D012903D0297929B1012103E0297927
:10FBE0000029FAD0002180F82610854981F801B05B
:10FBF0002AE669798AF8001028798AF801005646C1
:10FC0000002005F0BCFA7178012005F0B8FA607F99
:10FC100040F0010012E08007B9D469798AF8021037
:10FC200028798AF803005646022005F0A8FAF178F0
:10FC3000032005F0A4FA607F40F00200607703E63D
:10FC4000062F42D0082F50D00C2F53D0122F5BD04C
:10FC5000132F63D0102F6BD00D2F73D0222F72D0A3
:10FC6000242F71D02A2F70D01D2F6FD0A7F57D4182
:10FC7000E83924D0A7F57D41E93968D0A7F57D4161
:10FC8000EA3970D0232F6FD0202F6ED0282F6DD05F
:10FC9000602F6CD0612F6BD0A7F13B01022968D88F
:10FCA000CCB20AEB0406687996F8281057468142D0
:10FCB00004D094B3012C6ED0022C6DD06DE152486B
:10FCC00069796C300170D1204AE0697954468AF82C
:10FCD0000410062005F053FA4F49207908734F4964
:10FCE00008704F4981F8F20083E069798AF80710BB
:10FCF000082035E0444C687960746979092005F082
:10FD00003EFA84F803B09FE53F4C6879A0746979A6
:10FD1000522005F034FA022008E0F5E03A4C687908
:10FD2000E0746979532005F02AFA0320E0708BE52E
:10FD300068797F280CD08E280DD08F28E3D05528E5
:10FD400018D081E522E028E030E042E073E079E07D
:10FD5000EFF7CBFE28E32C48494680F81D909E2003
:10FD600005F00DFA70E57FE090E0A3E0BDE0C1E0B2
:10FD7000C5E01AE12B4981F800B02879C0EB0010EA
:10FD8000810029480180EFF7B0FE5DE569798AF8C6
:10FD900027102020E4E7C1E0C8E06879297900EB6A
:10FDA0000120C1B28AF823100E20D9E76979002911
:10FDB000A9D0FF29A7D01D4C9C20217005F0DFF9A8
:10FDC000174D217815F8490FF5F73CFB207828707E
:10FDD0003AE56979002996D0FF2994D00F4C062086
:10FDE00021708AF8041005F0CAF90D48217880F8CE
:10FDF000F21000201CE00000AE0300601CAE0260A8
:10FE00005CF80260EE020060680200607DF704604A
:10FE1000FA0F0260BDEB0460370402606901006004
:10FE20004E040260F60200600A03006037010060C1
:10FE300011F008F808E56979012993D9FE480170A5
:10FE40009D208DE7FD4A2B7952F8010F010C68794E
:10FE5000090400EB0320084310606979D22005F003
:10FE60008EF92979D3207BE7F4496A792B7931F827
:10FE7000010F02EB032280B240EA02400860697978
:10FE8000D42005F07CF92979D52069E7EC4C687914
:10FE90002A79216800EB0220B0EB114F98D06FF364
:10FEA0000F01084320606979A32005F068F92979DA
:10FEB000A42014E0E24C68792979226800EB012340
:10FEC000B3EB124F84D0000400EB016091B2084400
:10FED00020606979A52005F052F92979A62005F05E
:10FEE0004EF9206810F029FB24E269798AF8441061
:10FEF0009A2035E7D14869796C3841731AE2CF48C6
:10FF000069796C38817315E2C8B1022817D00728C7
:10FF100015D0012813D0092811D040E078B102286B
:10FF20000DD007280BD0082809D003E238B10228E9
:10FF300005D0072803D0012801D00928D4D186F89C
:10FF40002800022802D12046FDF76AFC96F8280016
:10FF5000012801D0092805D1BA49204681F800B00E
:10FF600012F0C4F896F82800072806D1FBF77CFDAC
:10FF7000012C02D1B44981F8009096F8281004F1C0
:10FF80001D0005F0FCF80021E92005F0F8F8AF4964
:10FF900081F80090AE49A1F80090002CA4D1AD48A2
:10FFA00097F8281080F82610C4E13E2F1CD0A7F146
:10FFB000460109291DD86879297900EB01200AEB4F
:10FFC000470121F85F0C6FF04D0000EB47002979E5
:10FFD00080B205F0D4F86FF04C0000EB470069796F
:10FFE00080B205F0CCF8FCE369798AF84110222050
:10FFF000B6E6532F22D0502F2FD0512F38D05A2F62
:020000040802F0
:100000003BD05B2F43D0B7F53A7F46D02E2F4DD053
:100010002F2F58D0302F65D0622F6AD0632F77D022
:10002000272F72D06A2F71D0A7F16B0103296ED8E8
:100030000AEB0700697900F85C1C9EE06879297971
:10004000544600EB012081B224F84B1FB02005F08C
:1000500096F82088010AB12082E678486C38017D44
:100060000129A1D169792A7901EB0221818461E119
:10007000724869796C3801755CE16879297900EB1F
:100080000120754980B20880EFF7F8F852E16979EC
:100090008AF84E106979B22062E66879297900EB16
:1000A000012080B20CF067F844E1EEE36879297929
:1000B00000EB0120AAF842006979E72005F05FF81B
:1000C0002979E6204CE66879297900EB01205B4923
:1000D0006C39A1F844006979162005F050F82979A7
:1000E00015203DE6554869796C3801746979172007
:1000F00036E669798AF84F106979D62005F03FF81D
:10010000564981F8009015E102E019E01EE028E070
:100110005349687908700128A9D12879514968B1F3
:100120000870464850496C38006D08604F490860B7
:100130004F4830F84E1F491C0180FBE00520EFE7D7
:1001400069798AF850106979CB2009E66879012825
:100150008DD8297900EB0120C1B28AF80E102E202B
:10016000FEE5A7F16F01032902D9091F032906D86B
:100170000AEB0700697900F8561C3C3F68E1782FCC
:1001800058D0262F57D01E2F7ED0A7F50071D93911
:100190007DD04739062979D8364C2068ECF768FBC2
:1001A0006879297947F6196500EB01200AEB070108
:1001B000A1F580514FF6FF7681F83B0D2E49254879
:1001C0002EA351F8632F40F8FD2F8A888280897909
:1001D0008171CDE90065202206210120F9F7EDFBB0
:1001E000CDE900652023052227210020F9F793FBA4
:1001F000CDE900652023052257210020F9F78BFB6C
:10020000CDE900652023052297210020F9F783FB23
:10021000CDE9006520230522D6210020F9F77BFBDC
:10022000174981F819B0174981F800B02068ECF738
:1002300071FB7FE031E03DE036010060D4020060F8
:1002400050010060510800602F020060F60200605B
:100250000A0300604E0402609C0000603D010060E3
:10026000F9020060F70200603403006038030060A8
:1002700088F90160BC030060B890036020000000B2
:100280005CF80260EE02006021E000E029E069799C
:100290008AF85A106979E02062E56879297900EBDB
:1002A0000120AAF8210069793D2004F068FF29792E
:1002B0003C2055E56879297900EB0120AAF849002E
:1002C0006979C82004F05BFF2979C92048E569797C
:1002D0008AF859106979C72004F051FFF0F7F7FE4A
:1002E00028E0B7F5487F2ED0A7F54071213922D0FC
:1002F000962F34D0982F38D0992F3CD09B2F45D0B3
:10030000A7F58071293922D0212F4AD0A7F5FA61AB
:10031000642979D9A7F5D8515839312946D868794F
:10032000297900EB0120FC4901EB4701A1F580414F
:10033000A1F85009ACE2F94968794876F84958467D
:1003400081F803B091E3F54968790876F6E76879B2
:10035000297900EB012080B2FDF782F998E26979F2
:100360008AF851106979BF200AE069798AF8531038
:100370006979C0200FE069798AF854106979C4203E
:1003800004F0FDFEE74981F803B081E269798AF85B
:1003900056106979C52004F0F2FEE2480321C170CD
:1003A00076E268796F289BD1FDF78EFADE4BA7F5D0
:1003B000B85170395C1C0B2906D8DC4800EBC7002B
:1003C000A0F53B4080380AE0A7F5B8517C390B29ED
:1003D0001BD8D64800EBC700A0F53B40DC380168CD
:1003E00001F4702101606A792E7902EB06220A433A
:1003F000026003EB4700697980B204F0C0FE04EBB1
:100400004700297980B2ABE4F1E3A7F5B851883908
:100410000B291FD8C54800EBC700A0F53C40403869
:10042000A7F5B0570188D53F89B201606A7941EAE2
:1004300002410160818889B241602A7941EA024122
:1004400041606879297900F00F0001F0F001014462
:10045000B8B285E4A7F1C80107294DD86879297990
:1004600000EB0121B248C219C82F02F8C81C0AD0FB
:10047000C92F0CD0CA2F16D0CB2F1DD0CD2F25D0F1
:10048000CE2F2ED004E2AA494378097802E0A84B87
:1004900001785B78CDE90031CDF808908378C27897
:1004A00041798079FEE302784378A149CDE90032B1
:1004B000CDF808908B78F2E701784378CDE90031E8
:1004C0009B49CDF808908378CA78E9E702784378A9
:1004D000CDE90032CDF8089095498378C278497902
:1004E000DFE702784378CDE90032CDF808908378D1
:1004F000C27841798E48D4E77F2870D800EBD0705D
:10050000C0F34706C6EB061000EB400189480C1803
:10051000D4F81E0013F084F8F8077DD094F8230077
:10052000DFF814A298B1F8F7D9F8B0420EDD08EB65
:1005300086176879796A5145297900EB01206CD1D9
:1005400016F096FF7D4916F0B8FDF861A3E0F8F7C4
:10055000C5F8B04294F92800A0F10C0161DD0A2928
:100560001DD90B3907290BD800EBC00101EB001195
:1005700073480844A0F5805090F8C10D01280ED0B2
:1005800008EB86176879796A5145297900EB0120D3
:100590002AD100B1012016F06BFFF86129E008EBC9
:1005A00086176879796A5145297900EB012007D1CE
:1005B00020B1002016F05CFFF86106E00120F9E7A9
:1005C00070B1002016F054FFB862564894F8251018
:1005D000C17730460DF003FD20B1002012E06DE040
:1005E0000120EFE701200DE000B1012016F040FFEF
:1005F000B8624C4894F82510C17730460DF0EFFCF6
:100600000028EFD184F8250041B24648C27F9142CC
:1006100028D080F81EB001E04DE036E080F8209050
:1006200020E00A2916D9A0F1170107290BD800EB01
:10063000C00101EB001142480844A0F5805090F839
:10064000C10D012806D06879297910EB012007D067
:10065000012005E06879297910EB0120F8D000200D
:1006600084F8250094F8250010B14FF47A7100E069
:1006700000213046F7F755FF30460DF0B0FC4FF43F
:100680007A714843C4F81E0015E016F0F1FE2B49BC
:1006900016F013FDB86230460CF013F8274916F037
:1006A000DAFC16F008FFC4F81E0016F0D8FE01466A
:1006B0003046F0F710FDF0F70AFDF6E3A7F5E0503D
:1006C0007C383F280AD8C1B2C1EB011000EB4003CF
:1006D00018486A79184480F8282012E0A7F5E050FD
:1006E000BC383F2830D8C1B2C1EB011000EB40024A
:1006F0001048104490F82420012A02D16A7980F829
:100700002220074B012283F800B00E4B83F800B083
:10071000FAF7D2FCBCE0000088F90160E62902602B
:100720005CF802606802006074D1FFFF4C14016045
:100730007C1800607DF7046000007F4300007A446D
:10074000FA0F0260EE020060A7F5E050FC383F2887
:100750000AD8C1B2C1EB011000EB4003FC486A7932
:10076000184480F82320CCE7A7F5E8503C387F28D0
:100770007AD800EBD070C0F34706C6EBC60000EB9A
:100780000611F44800EB4104D4F81E0012F048FFB3
:10079000F9070CD0020C29791204687902EB0122C6
:1007A000851894F9282052B1012A2ED036E06979B3
:1007B0002A7980B201EB022100EB014546E094F872
:1007C0002D20A2F10C030A2B15D90B3B072B0DD8BA
:1007D00002EBC20303EB0213DF4A1A44A2F5805274
:1007E00000E0FFE392F8C12D012A04D000EB0120C4
:1007F000012804D006E000EB0120012802D084F893
:1008000026B00BE084F8269008E000EB01204FF4BE
:100810007A71484312F004FFC4F81E0094F82700D0
:10082000012813D194F82D00192803D00F2801D0E6
:100830001D280BD1D4F81E0012F0F2FE30B9C749C2
:1008400041F82690A1F5176101F806B0284612F08C
:10085000E7FEC349C4F81E00204681F801B0C14933
:1008600081F800B012E0FFE7A7F5E850BC383F2858
:100870000FD8C0B2C0EBC00202EB0012B5486979D4
:1008800000EB420080F822104CE0FCE3FAF715FC84
:1008900035E2A7F5E850FC383F280ED8C0B2C0EBCF
:1008A000C00202EB0012AB48297900EB420080F84D
:1008B0002B10697980F82C1034E0A7F5F0503C3803
:1008C0003F280BD8C0B2C0EBC00202EB0012A14817
:1008D000697900EB420080F8291023E0A7F5F05079
:1008E0007C383F280ED8C0B2C0EBC00202EB001229
:1008F0009848297900EB420080F82810697980F83F
:100900002D100FE0A7F5F050BC383F2811D8C0B229
:10091000C0EBC00202EB00128E48697900EB420086
:1009200080F827108E4A82F801B08E4A82F800B013
:10093000ACE7A7F5F8503C381F2805D8874AC0B265
:10094000403269791154D5E3A7F5F8505C383F2857
:1009500004D8854AC0B269791154D0E1A7F5F8509E
:100960009C38FF284ED800EBD070C0F34700C0EB96
:10097000C00101EB40117D480C18D4F81E0012F0A4
:100980004FFEF9070AD02B796FF30F006A7900EB5D
:10099000032094F82310104441B12AE069792A79A0
:1009A00080B201EB022100EB014022E094F8261016
:1009B000A1F10C050A2D13D90B3D072D0BD801EB26
:1009C000C10505EB011564492944A1F5805191F851
:1009D000C11D012904D002EB0321012904D006E046
:1009E00002EB0321012902D084F824B001E084F84D
:1009F000249012F015FEC4F81E005948594680F89C
:100A000002B043E0A7F500509C387F280AD8C0B256
:100A1000C0EBC00202EB401254486979104480F8E0
:100A200022101EE0A7F50450D4387F280AD8C0B29F
:100A3000C0EBC00202EB40124C486979104480F8C8
:100A400023100EE0A7F5045054387F280ED8C0B20A
:100A5000C0EBC00202EB401244486979104480F8B0
:100A600026103F49584681F802B047E3A7F50450E5
:100A70001C3807280DD8C0B2C0EBC00000EB400204
:100A80003B48697900EB4200C17713E035480170BB
:100A9000BAE3A7F504502438072810D86979C0B202
:100AA00001B10121C0EBC00000EB4002304800EB77
:100AB000420081772A48594680F804B0E6E7A7F556
:100AC00004502C3807280BD8C0B2C0EBC00000EB94
:100AD00040022748697900EB420080F8241031E099
:100AE000A7F50450343807280BD8C0B2C0EBC000BB
:100AF00000EB40021E48697900EB420080F82010AC
:100B000020E0A7F504503C3807280BD8C0B2C0EB52
:100B1000C00000EB40021648697900EB420080F803
:100B200027100FE0A7F504504438072822D8C0B298
:100B3000C0EBC00000EB40020D48697900EB4200B9
:100B400080F821100649584681F804B0D6E200002A
:100B50007DF70460BDEB0460FA0F0260289103602A
:100B60005CF80260EE0200603DF7046092140260DF
:100B7000207D0260A7F5FA402C3890422AD2482204
:100B800090FBF2F1CBB290FBF2F102FB1101CC171A
:100B900001EB547190FBF2F402FB1400C21700EB5E
:100BA000527222F00702801A2A79C1F3C701C0B23B
:100BB00003EBC304FD4B03EB041303EB011101EB47
:100BC00040035A706A7901F81020F949584681F8B3
:100BD00010B093E2A7F504504C38032808D8C0B2EF
:100BE00000EB4012F34869791044C1770EE0EBE066
:100BF000A7F50450503803280DD86979C0B201B167
:100C0000012100EB4012EB4810448177E849584637
:100C100081F805B072E2A7F5FE476C3F5B2F6ED8F6
:100C20002E2197FBF1F097FBF1F2C0B2C0EBC003AD
:100C300003EB001001FB1271DF4BC9B203EB400064
:100C40006A794254DA49584681F811B056E24F9811
:100C500048B3022836D0042834D0052850980078AC
:100C60008DF80C00509840788DF80D008DF80E909E
:100C70008DF810908DF80F908DF811104FF0000046
:100C80003ED02118509B401C80B25B5C73540628F8
:100C9000F7D303AE0CF15C0C96E80B008CE80B006C
:100CA000C64801E01EE10DE0A0F84020642F3BD0D3
:100CB000A7F2CB200A287ED8A87914281FD80020B4
:100CC000BF496DE05098016800918088ADF804003C
:100CD00006216846FCF7BBFD010A8DF806108DF869
:100CE00007004F980028E1D1524612F8260FFCF772
:100CF000E4FD127808216846FCF7C0FDD6E747E01E
:100D00002118DDF840C1401C80B21CF801C006F873
:100D100001C00628F4D30398186004985860059819
:100D20009860A8480280C1E7A44E307880B3A879C3
:100D30000C2811D1297A8AF81310A97A8AF814108C
:100D4000297B8AF81510A97B8AF81610297C8AF865
:100D50001710A97C8AF8181054469AF81310282006
:100D600004F00DFA217D292004F009FA617D2A2082
:100D700004F005FAA17D2B2004F001FAE17D2C207E
:100D800004F0FDF9217E2D2004F0F9F986F8009099
:100D90003AE2509A23181A44D2790A54401CC0B23D
:100DA000AA798242F5D8884880F800B0804880F857
:100DB00018B029E2FFE7B7F58C7F0CD0C82F5CD0C4
:100DC000A7F5FA60642871D8DDE94F32214638462C
:100DD000FDF7EEF918E2A879202823D1A87ADC28BB
:100DE00020D3A87B297C2A7D00EB0120A97C090463
:100DF00001EB02614418287B401CC0B2FAF713FED5
:100E0000CDF8009003462A7B287A2146FAF7E4FCC5
:100E10006E4C6F4E012806D0287A6946FAF7B0FC6E
:100E2000012816D0F0E16B4F6B49AA7A3878C0EBF5
:100E3000C003194404EB001001F8012C05F1150161
:100E40001022103815F006FF3978314401F801BC42
:100E5000DAE19DF800006049C0EBC0031944AA7AAA
:100E60008A7105F1150104EB0010102215F0F2FE55
:100E70009DF8001006F801B0C6E16879082833D162
:100E8000A879082808D0287A50F080002872287B9A
:100E90001BD040F080001AE0E87950F08000E87143
:100EA000687A04D040F0800003E0A4E01DE000F088
:100EB0007F006872A97B6A7BCDE90021CDF808909C
:100EC0002B7BEA7A697A287A0CE000F07F0028739D
:100ED000A87D297DCDE90010CDF80890AB7C2A7C57
:100EE000297BA87AEAF774FA8EE1A7F518504838FA
:100EF00045F68841884205D821463846509AFCF785
:100F0000CFFF81E1A7F59850EC3807D0A0F5FA6043
:100F10007F2868D8697902292AD06CE06879072887
:100F200023D1A87A297B2A7C00EB0120A97B2B4CBA
:100F3000090401EB02610844C4F80100A87C607157
:100F4000297DA171FAF753FF0346012801D9431EF9
:100F5000DBB2D4F80120A1796079FAF753FB0428B9
:100F600004D003202070FAF7CAFE4DE10220F9E711
:100F700000EBD070C0F34704A87A697AEA7900EBF5
:100F80000120297A090401EB02614518284612F074
:100F900047FB0146C4EB041000EB4002104810442C
:100FA000C0F81E1090F8232052B31DE0707E02603E
:100FB0005CF8026030850260B485026068020060FF
:100FC0001CBE0260AE030060EE020060746103604C
:100FD0006471036028020060627403605D02006057
:100FE0007DF70460F6E037E0084616F038FA01466F
:100FF0002046F0F770F8FF49584681F800B07DE0D0
:1010000090F92810A1F10C020A2A11D90B3A072AEB
:101010000BD801EBC10202EB0112F7491144A1F513
:10102000805191F8C11D012902D0012D02D005E0A7
:10103000012D03D0594680F825B002E0494680F8DA
:10104000259011F0FF0F02D04FF47A7100E00021DB
:101050002046F7F766FACEE7A7F5E8503C387F2838
:101060004FD86979022945D100EBD070C0F347020F
:10107000A87A697AEB7900EB0120297A090401EB5F
:101080000361084400E0FEE0C2EBC20101EB021381
:10109000DA4901EB430494F8281021BB94F82D1091
:1010A0000C2909D3C2EBC20303EB4213D44A1A44FE
:1010B00092F82620162A12D9A1F11702072A0BD876
:1010C00001EBC10202EB0112CB491144A1F58051A1
:1010D00091F8C11D012902D0012802D004E00128A5
:1010E00002D084F826B001E084F8269012F098FA35
:1010F000C4F81E00BF49584681F801B0C1490870C4
:1011000082E0A7F5F8509C38FF283ED8697902297B
:101110007FF487AC00EBD070C0F34701A87A6A7AFD
:10112000EB7900EB0222287A000400EB0360104404
:10113000C1EBC10202EB4112B149541894F82310DB
:10114000F1B994F82610A1F10C020A2A11D90B3A30
:10115000072A0BD801EBC10202EB0112A649114488
:10116000A1F5805191F8C11D012902D0012802D0BA
:1011700004E0012802D084F824B001E084F824902F
:1011800012F04EFAC4F81E006BE4462F3CD1A87949
:10119000142839D101254FF03D084FF03C0B57463C
:1011A000509804EB45010E18B079717900EB0120DD
:1011B00007EB4501A1F82B0071790BEB450003F01B
:1011C000DEFFB17908EB450003F0D9FF6D1CEDB2ED
:1011D0000A2DE5D902F068FB16E04F98D0B102283D
:1011E00018D000206946509A024492790A54401C53
:1011F000C0B20428F7D304216846FCF728FB010A93
:101200008DF804108DF805007F4981F80C9051B0DD
:10121000BDE8F08F50980721005D8DF800006878D8
:101220008DF801009AF804008DF802009AF8000089
:101230008DF803009AF801008DF804009AF8020076
:101240008DF805009AF803008DF8060054466846AC
:10125000FCF7FDFA020A8DF808004F988DF8072078
:101260000028D1D168781928CED12079A978884270
:10127000CAD8E9788842C7D314F8260FFCF71DFBBB
:10128000227809216846FCF7F9FABDE75E48007B41
:10129000002802D15D49FDF7BAB970475A48FF21CD
:1012A00081704170704770B5584D044669781229B5
:1012B00051D0554E728D921EFF290CD0192925D080
:1012C000032917D0062915D0102913D0012911D0D0
:1012D000052942D10EE0A87854283ED1E878452867
:1012E0003BD128794D2838D16879432835D1A87960
:1012F0004F2832D1D1B24548FCF7A9FA718D294463
:1013000031F8021C49BA814225D026E004213F4829
:10131000FCF79DFA69792A7901EB022181421CD1FF
:10132000AA78E9788A4201D3084600E0104600D343
:101330001146844211D38C420FD815F079FC142148
:1013400090FBF1F201FB1200C1B2002001E0401C51
:10135000C0B28842FBD3012070BD002070BD2C4874
:1013600090F82800022819D12A48D0F8A0010023BB
:10137000294A2549012801D0CB850CE0C88D401CA5
:1013800080B2C885642806D9508A401C5082CB851B
:101390000020FCF745BA108A401C1082704708B53F
:1013A0001920009001211D48194E002480F8461094
:1013B000DFF86CB0DFF85490134D274686F82640CE
:1013C00080464FF00A0A0098EBF7A7F98BF800A0C7
:1013D000B8F81410491CA8F81410FFF7C0FF0E4805
:1013E000B0F86010A1F5A850B3381FD10D480068BF
:1013F0001AE000005CF80260FA0F0260BDEB0460C6
:1014000092140260EE020060680200606095036062
:10141000C09003600000214288F90160C899036010
:10142000F402006024030060EBF722FA96F828002B
:101430000228C8D1FF494FF4FA7201F57A7015F00D
:1014400009FC687DE875E98C6985022817D0641C61
:10145000E4B2642C03D900242046FCF7E1F9EF75CF
:1014600096F828000228AED1287E0028ABD0401E76
:1014700010F0FF002876A6D1FCF7D2F9A3E799F87F
:10148000030099F802104C4600EB0120C0B2FFF7B0
:101490000AFFF8B160783179FF28207804D08842BB
:1014A00010D0FF280ED019E0884201D0FF2815D1B6
:1014B00096F826000022A030C3B21146DE48F4F7A9
:1014C0001DFE0BE00020FCF7F8F9FFF7E7FEFFF741
:1014D000DDFE03E0D9490888401C08800020FCF7A5
:1014E0009FF9EF750024BBE71CB5D5490023CDE972
:1014F00000014FF48062D3A1AFF25D10EAF768FFFC
:101500001CBD70B5CE4CCB4E583C0120B83EA085DA
:1015100096F82800022800D010B90020FCF780F9C6
:1015200096F82900022800D010B90120FCF778F9BC
:1015300096F82A00022800D010B90220FCF770F9B2
:101540000025A4F848506575E584A4F84A50A575AF
:1015500025856585E575BA49E587A5721A316584E3
:10156000FA200880488088800020EBF724FF20665E
:101570000020EBF720FFA0660020EBF71CFF606661
:101580000020EBF718FFE065257396F82800022885
:1015900000D030B9AF48C0F8A051A4F848506575E4
:1015A000E584032020776076207670BDA44A583AFF
:1015B000517893784140A848405C58405070A74803
:1015C000405C90707047012070479A49B83991F893
:1015D0002A00092809D0012807D091F828000928F5
:1015E00005D0012803D0FF2070470220704700205B
:1015F000704770B50446022915D803D14FF0400159
:10160000974D04E061B101290DD1964D4021284646
:10161000E8F72EFF21462846BDE87040E8F7B4BE43
:101620004021914DF3E770BD85485838022AA0F853
:10163000461011D8002342B1022A0AD0012A0BD148
:10164000A0F84A30894815F01EBBA0F84830794808
:10165000F9E7C3878648F6E770472DE9F0410C4665
:101660008046022902D90020BDE8F081744F002590
:10167000583F28E024B1022C0BD0012C11D01DE0E2
:10168000B7F84860B7F84600864217D33246694932
:101690000FE0FE8FB7F8460086420FD332467449FA
:1016A00007E0B7F84A60B7F84600864206D36F49AC
:1016B0003246704815F0CEFA3046D5E70220EBF7F7
:1016C0002CF86D1CADB24545D4D36B4830F81410DE
:1016D000491C20F81410C6E72DE9F05F5548584C16
:1016E000B838002690F826000125644FDFF8909165
:1016F00040F2255140F2277B583CC8B301287DD1E8
:10170000DFF860818A464046E8F7B6FE012876D0C9
:10171000594647464046E8F7AFFE01286ED1D9F852
:101720000410491CC9F80410E576E5715549608F2D
:10173000095C401C60873846E8F726FE608FA18E62
:1017400088425BD340213846E8F78BFE0028F9D069
:1017500040213846E8F78CFE002259463846E8F723
:10176000BEFD6687A6860120BDE8F05FFCF758B88D
:10177000DFF8F4A040F225515046E8F77DFE01283D
:101780002AD0594657465046E8F776FE012835D10B
:10179000A5766571D9F80010491CC9F800103A49BE
:1017A000208F095C401C20873846E8F7EDFD10F0DB
:1017B000C0FC208F618E884220D340213846E8F754
:1017C00050FE0028F9D0002259463846E8F787FD38
:1017D000268766860020C7E725713868184D401CAB
:1017E0001A35386028884FF0FA0808B34FF4FA72B7
:1017F000904208D9254988852A8001E067E0B5E054
:10180000488D401C48852888B4F84810094F884204
:1018100046D920215046E8F72BFE40F2255150468C
:10182000E8F74AFE5046E8F7B3FDB4F848102FE059
:1018300033E0000078910360609503604A02006025
:10184000C00200606D61696E73657261696C74617C
:10185000736B00000000214226AB040826AC04088C
:101860000048004000440040003801406C93036091
:10187000A08D036054970360500200605C610360B8
:1018800068610360B8890360C487036088F90160F8
:101890007854491CA4F8481005E0A5F80080B2E788
:1018A0000020FBF7BDFFB4F84800012811D010213B
:1018B000032813D0042819D0072824D00E283CD0A0
:1018C000E18C884203D302206075A4F84860BDE82B
:1018D000F09FA4F82680A5F8008012E078781928F7
:1018E00002D0FF282FD0F2E706201BE0F878B97865
:1018F00000EB01200A28EAD178780628E7D10C20ED
:10190000E084207F30E0787803280AD0062808D0C9
:10191000012806D0052804D0102805D0A4F8268078
:10192000D5E70820E084D2E77979092000EB41006F
:10193000E084F8488079083016E07878FF28C6D12E
:10194000787A642801D2E184C1E7797B387B01F0A1
:10195000010100EB0121F87ABA7A801A401C484351
:101960001030E084288064202076B0E77868401C3E
:101970007860A571B4F84A00E74DB0F5F97F12D848
:10198000202146464046E8F773FD51463046E8F7C9
:1019900093FD3046E8F7FCFCB4F84A106854491C43
:1019A000A4F84A1002E00120FBF73AFFB4F84A001D
:1019B000012809D0042809D0072812D0218D884297
:1019C00085D30220A07582E7082011E0E878A97885
:1019D00000EB01200A2886D168780628A0D10C20C7
:1019E00006E0687810289BD16979092000EB410056
:1019F00020856CE72DE9F05FC84FDFF824930125BF
:101A0000C84C4FF0000840F2255640F2277A0228D1
:101A10000DD0002851D110F08CFBDFF80CB331460B
:101A20005846E8F729FDC14E012847D056E010F08E
:101A300080FB3146BE4E3046E8F71EFD01280AD134
:101A400025723046E8F7A4FCC1B2BA480FF0E0FFB7
:101A5000B868401CB860574651463046E8F70CFD60
:101A600001282AD110F065FBB349A08F095C401C06
:101A7000A0873046E8F788FCA08FE18E884215D316
:101A800040213046E8F7EDFC0028F9D040213046EF
:101A9000E8F7EEFC002239463046E8F720FCA4F8CF
:101AA0003C80A4F836800220FBF7BAFEE57265722E
:101AB000D9F80810491CC9F8081008E725713868DA
:101AC000401C38605846E8F763FCC1B299480FF0F3
:101AD0009FFFB6F84A00401CA6F84A0051465F46F0
:101AE0005846E8F7C9FC0128E7D110F022FB9349DA
:101AF000208F095C401C20873846E8F745FC208F82
:101B0000618E88421AD340213846E8F7AAFC0028A3
:101B1000F9D040213846E8F7ABFC00225146384660
:101B2000E8F7DDFBA4F83880A4F832800020FBF74A
:101B300077FEB6F84C00401CA6F84C00A5766571FF
:101B4000D9F80010491CC9F8001036F84E0F401C97
:101B50003080BCE62DE9F05F794F704CDFF8C0A112
:101B600097F82400DFF8DC816E4D4FF0000940F259
:101B700025514FF0020B012638B102283ED16C48A6
:101B8000E8F77AFC01287DD029E16748E8F774FC82
:101B9000012834D0644C40F2277739462046E8F7D4
:101BA0006BFC01282AD16549288F095C401C2887D5
:101BB0002046E8F7E9FB10F0BCFA288F698E8842CE
:101BC00015D340212046E8F74CFC0028F9D04021ED
:101BD0002046E8F74DFC002239462046E8F77FFB17
:101BE000A5F83890A5F832900020FBF719FEAE76E4
:101BF0006E71DAF80010491CCAF8001067E62E7101
:101C00002068401C20604E4CB5F84800B834B0F550
:101C1000F97F09D84448E8F7BBFBB5F84810605491
:101C2000491CA5F8481002E00020FBF7F9FD2178D7
:101C300055291FD16078FF281CD1A078012819D11F
:101C40006079B8B9A079A8B998F8002092B1374A5C
:101C500032F84A3F5B1C138088F8006097F8280030
:101C6000072802D1092087F82800374A286D10601C
:101C7000364A106097F84E000028BFD1B5F84800EA
:101C8000062800E028E021D00828B7D16178032990
:101C9000B4D1E1790029B1D0801EC1B22848B83052
:101CA000FBF7D5FDB5F84810214411F8012C11F8C7
:101CB000021C02EB01218142A0D187F828B0F9F77C
:101CC000D3FEBDE8F05F0020FBF7AABDFF2995D148
:101CD00061781929E0D0FAE52E72A068401CA06056
:101CE000E88F1B4CB0F5FA7F07D21148E8F750FB9C
:101CF000E98F6054491CE98702E00220FBF790FD60
:101D000097F84E0028B9E88F062823D0082828D055
:101D100042E041E0609503606C9303605C610360A6
:101D200068610360680200600038014088F9016062
:101D30000048004048E70460AC8B0360C487036040
:101D4000C0900360F9020060340300603803006053
:101D5000A08D03602178FF291ED16178192905D053
:101D60003DE06178032917D1E179A9B1801EC1B2A4
:101D70004E48FBF76CFDE98F214411F8012C11F856
:101D8000021C02EB0121814206D187F82AB0F9F743
:101D90006BFE0220FBF744FD207855281FD16078A8
:101DA000FF281CD1A078012819D16079B8B9A07991
:101DB000A8B998F8001091B13D4931F84C2F521C48
:101DC0000A8088F8006097F82A00072802D10920C5
:101DD00087F82A003749286D086037490860374C72
:101DE00040F2277739462046E8F746FB01287FF482
:101DF00005AF3349A88F095C401CA8872046E8F747
:101E0000C3FA10F096F9A88FE98E884215D34021C5
:101E10002046E8F726FB0028F9D040212046E8F7C5
:101E200027FB002239462046E8F759FAA5F83C90EE
:101E3000A5F836900220FBF7F3FCEE726E72DAF82A
:101E40000810491CCAF8081041E51E49022291F801
:101E50002A00022806D0012807D0092805D081F8D9
:101E6000242077E681F8262036E40220C2E51549D1
:101E7000012081F826002FE41249002291F8280061
:101E8000022806D0012807D0092805D081F824208F
:101E900060E681F826201FE40020ABE50A48C07CFC
:101EA00070477047074890F823007047A08D036083
:101EB00088F9016034030060380300600048004086
:101EC000AC8B0360C09003606802006070B5FE4C8C
:101ED00000252046A178008B012902D0022906D0D6
:101EE0000DE0A57005280AD20520208309E0012015
:101EF000F6F76BFCA570F6F7F7FE258370BD00289A
:101F0000FCD0208B401E0004000C2083F6D1BDE8DD
:101F10007040F6F7E9BE2DE9F04F8DB06621EB4831
:101F200014F0B1FEE94F00243919204603F018F9E6
:101F3000641CE4B2042CF7D300246D46291904F183
:101F4000A30003F00DF9641CE4B2042CF6D39DF851
:101F500000009DF801109DF8032000EB01209DF882
:101F60000210090401EB02610844D949421C0860CF
:101F700002D0B0F5800F0AD338787A78FB7800EB7E
:101F80000220BA78120402EB036210440860F91DC3
:101F9000082003F0E5F80024AB460BEB040104F144
:101FA000A70003F0DDF8641CE4B2042CF5D3391D5E
:101FB000062003F0D5F838790125FF2800D020B994
:101FC00029463D71062003F0DAF8C24938790870D5
:101FD000BE492020273103F0C3F897F827000026D8
:101FE000012801D987F82760B8492E200E3103F067
:101FF000B7F8B87B022804D3BE7300212E2003F06B
:10200000BEF8B2490E20233103F0AAF897F8230056
:102010000E2801D987F82350AF4864210180C821D8
:1020200041804FF4967181804FF4C871C1804FF4A4
:10203000FA7101814FF4167141814FF42F71818142
:102040004FF44871C1814FF4617101824FF47A718C
:1020500041829E490F200A3103F082F8B87A0423A6
:102060009E499F4A4FF005084FF0060A312807D3D2
:1020700097F82300012872D0022875D0042878D060
:1020800097F8230001286CD005286AD002286DD06B
:1020900006286BD003287AD00A2873D0002872D083
:1020A000042869D0072867D00C286DD009286CD087
:1020B0000B286AD00E2869D016700E70B87B10B14C
:1020C000012800D0BE730024B94609EB040707F1CC
:1020D0000F0104F12F0003F043F807F1190104F197
:1020E000330003F03DF807F11D0104F1370003F060
:1020F00037F8641CE4B2042CE7D300244F463919A6
:1021000004F12800133103F02BF8641CE4B2062C10
:10211000F5D3F87CE0B10024397E282003F02FF8B5
:10212000F97D292003F02BF8B97D2A2003F027F848
:10213000797D2B2003F023F8397D2C2003F01FF844
:10214000F97C2D2003F01BF8641CE4B2062CE3D3C9
:10215000F87B70B353E002E006E00AE001E087F8A4
:1021600023800C2008702BE087F823A081F800A0C2
:1021700036E0072087F823000820087082F800A0C6
:102180009CE704E01AE01DE020E024E026E00B706C
:1021900002201070534890F8D7303BB103231370DE
:1021A00090F8040130B11078401C09E081F80080FB
:1021B000F6E717E00878401C08707FE70D700220F2
:1021C00010707BE70A200870167077E781F800A08E
:1021D00082F8008072E781F8008001E00720087033
:1021E00013706BE7387C50B9787C40B9B87C30B953
:1021F000C020F873A82038747E740320B87497F850
:102200002A00012807D0092805D097F828000128BE
:1022100001D0092801D13448057069463D2002F0FB
:102220009FFF5C46611C3C2002F09AFF9DF8000075
:102230009DF801104FF6FF7B00EB012080B2A7F85C
:102240002100584500D060B94FF4FB71A7F8211068
:102250003D2002F094FFB7F82100010A3C2002F073
:102260008EFF6946C82002F07BFFA146611CC92091
:1022700002F076FF154987F852605131BF2002F015
:102280006FFF1249C020533102F06AFF97F85100E6
:10229000022805D987F851600021BF2002F06FFFA6
:1022A00097F85300022805D987F853600021C02011
:1022B00002F065FF054987F855605431C42002F0EB
:1022C0004FFF0249563111E0EC020060C0900360FC
:1022D0005001006069010060229A0360650100609E
:1022E000660100607DF7046050080060C52002F0C0
:1022F00037FF97F85400022805D987F85460002169
:10230000C42002F03CFF97F85600022805D987F850
:1023100056600021C52002F032FF9DF800009DF8B4
:10232000011000EB012080B2A7F84900584502D007
:1023300008B1FF280CD14BF6C021A7F84910C820DE
:1023400002F01DFFB7F84900010AC92002F017FF8B
:10235000FE49C72002F004FF97F85900FF2801D179
:1023600087F85960F949E020491C02F0F9FE97F816
:102370005A00FF2801D187F85A60F4491D203139ED
:102380000C4602F0EDFE97F8280068B102280BD049
:10239000072809D0012807D0092805D087F8286028
:1023A00000211D2002F0EBFEE8491E20303902F02A
:1023B000D7FE97F8290058B1022809D0072807D07E
:1023C000082805D087F8296000211E2002F0D7FEDA
:1023D000DE491F202F3902F0C3FE97F82A0068B1AA
:1023E00002280BD0072809D0012807D0092805D0DA
:1023F00087F82A6000211F2002F0C1FED349222065
:10240000183902F0ADFE97F84100FF2801D187F896
:10241000418097F82300DFF8388320B197F828002F
:10242000FF2839D03BE087F8296097F8280048B1A9
:10243000022807D0012805D087F8286000211F2036
:1024400002F09DFE97F82A0068B102280BD00728F9
:1024500009D0012807D0092805D087F82A60002173
:102460001F2002F08CFEBB4888F800A0BA49067015
:10247000532002F075FEB8480178FF2905D180F895
:1024800000A05146532002F07AFE002002F0D7FE51
:10249000022002F0D4FE47E0022087F8280097F8D7
:1024A0002900FF2801D187F8296097F82A00FF2822
:1024B00002D1072087F82A0097F82900072801D1C0
:1024C000A648067021461D2002F04AFE97F8280013
:1024D000FF2817D0B0B102280BD0072809D0012857
:1024E00007D0092805D087F8286000211D2002F0B8
:1024F00046FE9749092002F033FE98F80010FF29A4
:1025000004D009E0022087F82800F2E7092188F8C2
:102510000010084602F033FE8E4887F8296087F8DD
:102520002A6006708C4806700020A7F82B0004462D
:10253000CA463E200AEB440700EB4400D1468046E1
:10254000394602F00DFE3F2000EB4406791C304670
:1025500002F006FE797819F8140001EB002081B230
:102560007A48593800EB44095945A9F82D1000D094
:1025700079B97B4F37F81400010A404602F0FFFD9D
:1025800017F81410304602F0FAFD37F81410A9F8C5
:102590002D10641CE4B2092CCBD901F085F96B49EC
:1025A0009A20153902F0DCFD68499B20143902F0AD
:1025B000D7FD664C0027593C384684F8467002F037
:1025C0003EFE94F823000A2806D1012002F037FECF
:1025D0002046082180F8291000263C46D04608EB0A
:1025E000060706F1B30007F11801814602F0B8FDB5
:1025F000387EFF2804D10021484602F0C0FD3C7619
:10260000761CF6B20C2EEAD3DFF858A10026C1469C
:10261000542000EB46008046694602F0A1FD55209B
:1026200000EB4600074609F1010102F099FD9DF813
:1026300001009DF8001000EB012058450AD14AF82E
:1026400036404046002102F09AFD3846002102F053
:1026500096FD01E04AF8360009EB06035AF83620E9
:102660001B7E03F00F0302EB03424AF83620761C70
:10267000F6B20C2ECCD30026CA466C2000EB4600E6
:102680008146694602F06CFD6D2000EB46008046F5
:102690000AF1010102F064FD9DF801009DF80010AF
:1026A00000EB01202F49584501EBC607786008D19F
:1026B000484600217C6002F062FD4046002102F0A5
:1026C0005EFD0AEB06007968007E761C000901EBCE
:1026D0000040F6B278600C2ECFD369460D2002F090
:1026E0003FFDD0460AF101010C2002F039FD9DF8B2
:1026F00001009DF800105E4600EB0120B0420DD1B4
:10270000194F4FF448710D20398002F038FDB7F9A8
:102710000000C0F30F210C2002F031FD13491920F5
:1027200002F01EFD11480178012904D9047000212E
:10273000192002F024FD05490720113902F010FD8F
:10274000024F593F97F84800FF2811E019910360A4
:10275000790200607A0200607B0200602F02006054
:10276000229A03604C140160AA02006077020060A4
:1027700005D187F848500121072002F000FD97F8A5
:102780004800052802D9022087F84800FE499C200D
:1027900002F0E6FCFC4A107808B1FF2804D1294673
:1027A00015709C2002F0EBFC6946E72002F0D8FC93
:1027B00008F10101E62002F0D3FC9DF800009DF82D
:1027C000011000EB01200004000CA7F842000BD11F
:1027D0003146A7F84260E72002F0D1FCB7F842008A
:1027E000010AE62002F0CBFC6946162002F0B8FC94
:1027F000C14608F10101152002F0B2FC9DF800006D
:102800009DF80110DFF8848300EB01200004000C28
:10281000A8F8000001D0B0420BD12946A8F800501A
:10282000162002F0ACFCB8F80000010A152002F0F6
:10283000A6FCD749172002F093FCD5480178FF2960
:1028400004D104702146172002F099FCD149D6200A
:1028500002F086FCCF49CB20491C02F081FC97F89E
:102860005000B846FF2805D1214688F85040CB20BB
:1028700002F085FC00254F46791905F1AB0002F006
:102880006FFC6D1CEDB2042DF6D39DF800109DF881
:1028900001009DF8032001EB00209DF802100904BF
:1028A00001EB02610844BC4908606946B02002F0AF
:1028B00057FC791CB12002F053FC9DF800009DF8F4
:1028C0000110454600EB012080B2A8F84B00B04251
:1028D00000D060B940F2FF31A5F84B10B02002F0F3
:1028E0004EFCB5F84B00010AB12002F048FCA949A2
:1028F000B220491E02F034FC95F84E00FF2805D1A5
:10290000214685F84E40B22002F039FCA3499D20B3
:1029100002F026FCA14A1078FF2801D0012804D833
:10292000FE2111709D2002F02AFC9D49D12002F069
:1029300017FC9B4D28785538102833D86946D2208B
:1029400002F00EFC791CD32002F00AFCB91CD42042
:1029500002F006FCF91CD52002F002FC9DF80000F4
:102960009DF801109DF8032000EB01209DF8021056
:10297000090401EB02610844C5F80100B04211D11D
:10298000C5F801400021D22002F0F9FB0021D3203C
:1029900002F0F5FB0021D42002F0F1FB0021D5204C
:1029A00002F0EDFB6946122002F0DAFB791C1320DD
:1029B00002F0D6FB9DF800009DF8011000EBC0026C
:1029C00002EB001001EB8000A0F5C051A53907D043
:1029D0003F21122002F0D3FB0921132002F0CFFB8C
:1029E0006946182002F0BCFB6E499DF80000A1F872
:1029F00062006946E82002F0B3FB0DB0BDE8F08F3D
:102A000070B54FF4FB713D2002F0B9FB01213C2071
:102A100002F0B5FB0121062002F0B1FB01212020CC
:102A200002F0ADFB0021BF2002F0A9FB0021C02075
:102A300002F0A5FB0021C42002F0A1FB0021C5206B
:102A400002F09DFB0021E92002F099FBF5F773FAF3
:102A500072B6E8F7EDF9544D002405EBC420E8F711
:102A600014FA641CE4B2402CF7D3E8F7E7F962B635
:102A700000204E4A01211154401CC0B21A28FAD33A
:102A80004B4802228270C17470BD4A4810B502786A
:102A90004178807812B1FF2A03D006E029B930B11D
:102AA00003E0FF2901D1FF2801D042480FE0394857
:102AB0004F3890F82300092804D00B2804D00E28A2
:102AC00004D006E03CA002E03DA000E03EA0ECF710
:102AD000EAFA0DF02BFD3F4908200AF03AFD3E4985
:102AE00000200AF036FD3D480AF030FD3C490C203C
:102AF0000AF026FD3B490E200AF022FD3A490F203C
:102B00000AF01EFD394910200AF01AFD3848006805
:102B10000DF013FD0AF0CFFA1D480078012801D10D
:102B20000DF078F833490820087033490420087004
:102B3000324905200870324903200870ECF7BDFCCB
:102B4000ECF7E8FCBDE81040ECF711BD1849012096
:102B500048837047DFF8AC8086B0012788F843705F
:102B600000200EF06FF9DFF8A0B00A4D00244F3DB1
:102B70008BF8004095F82A00244E01284DD00928F2
:102B80004BD095F8280043E037010060AC020060AC
:102B9000780200600F91036054010060360100600C
:102BA000D402006088F90160000006085CF8026049
:102BB000EC0200601CBE026054737461743130001A
:102BC00054332D4F454D000054332D4F454D2D317D
:102BD00032490000C91E0308B11A030899200308EE
:102BE000E11D03080F2D0308111F0308E12F03083F
:102BF00050010060580800605608006066080060D8
:102C000067080060C89903606402006050080060B3
:102C1000012804D0092802D005E0022000E00020AD
:102C20000FF064FA3770FE4E748395F82A00092875
:102C300003D095F82800092801D1FA480770FA480E
:102C400069460470F9480470E92002F089FA9DF899
:102C50000000FF280DD001060FD57F38C0EB001013
:102C60004FF6FF71B77201EA8000F083ECF720FFA6
:102C700005E00021E92002F082FAB472F483052015
:102C8000F0723473801F70647473F464E8484FF01A
:102C90000709DFF8A0A3C189491CC18186F8089003
:102CA000DAF80010B06C091AB1F5167F0FD90128B7
:102CB0000DD1E14830F8401F491C01807473B47293
:102CC000F4830021E92002F05AFAECF71FFF707B31
:102CD000002876D0D84DDFF86483B5F84200401C58
:102CE000A5F8420098F8280009280DD001280BD03B
:102CF00098F82A00092807D0012805D0708B401CBD
:102D000070830520EAF7C4FF707B01287DD1B5F8F8
:102D10004400401CA5F84400B6F844006885DAF881
:102D20000000B16C401A1E2809D903207073B472D8
:102D3000F4830021E92002F022FAECF7E7FE98F88C
:102D400028004246092807D0012805D092F82A1009
:102D5000092901D0012914D1716C002911DD718B71
:102D60004FF49673B1FBF3FC03FB1C1149B93773A5
:102D7000F17AA5F84C10DAF80010F1644FF0FF3149
:102D80007164716C491C40D1B5F84610491CA5F816
:102D90004610092816D0012814D092F82A100929C3
:102DA00010D001290ED00A21DAF80030D6F84CC034
:102DB000A3EB0C038B4228D992F82A10092903D0DF
:102DC00007E022E00521EFE79D4B82F82A9083F887
:102DD0002890092804D19A4988F8289081F82690EB
:102DE000F9F7DEFD4FF47A784046EAF751FFF9F73C
:102DF000D7FD4046EAF74CFFF9F7D2FD35F8480F0A
:102E0000401C28800220F46470738C4D95F82800D3
:102E1000092810D001280ED095F82A0009280AD0D8
:102E2000012808D0707B00287FF430AF41F2883051
:102E3000EAF72EFF2AE70520E9F76FFC708B42F6D0
:102E4000E061B0FBF1F201FB120169B195F82310CA
:102E5000491F032907D895F82A10092917D095F892
:102E60002810092913D0C4E095F82300401F032837
:102E70000BD895F82A00092803D095F828000928CE
:102E800003D1707B08B9674807707483B1E0C8212B
:102E9000B0FBF1F201FB1200717B08437BD1DFF83C
:102EA000888198F8000001289BF80000C0EBC00161
:102EB00014D0644800EB8100817E491CC9B2817640
:102EC0000A2901D98476C4725F489BF800105A46DB
:102ED000007881421FD2491C11701DE0DFF8649117
:102EE000002309EB81006A46C1788078F5F73FFA44
:102EF000401C07D09DF8001005202B225143534A57
:102F00001144C8749BF80000C0EBC00109EB8100BC
:102F10008476C772D8E71470117881423CD1DFF80B
:102F200030A170799AF8001088422BD22B21DFF85B
:102F30001C91414349448A7CC2B9D1F80520AAB901
:102F40004A7D521C4A7588F80040ECF7B1FE4149B1
:102F50007079087002E0C820EAF79AFE98F800003D
:102F600020B928466D1CEDB21428F4D371792B20BA
:102F700000FB0190417D052904D90168C0F80510C6
:102F8000447584727079401CC0B270719AF8001058
:102F900088422ED974712CE008B395F82A000928CC
:102FA00003D095F82800092823D188F80040254D42
:102FB000C1EBC10005EB80000094274A037DB0F807
:102FC0001710D846407D1278F2F7BAFD002807DBCB
:102FD00098F80010C1EBC10105EB8101487608E0CB
:102FE00098F80000C0EBC00005EB8000817E491C12
:102FF0008176708B401C7083B07A00287FF41AAF02
:103000000B4900234FF416726E3101A800940DF0A5
:1030100067FA02003FF40EAF054900236E311DE050
:10302000EC02006051080060670200602701006048
:10303000C8990360B802006088F90160C09003601D
:103040004E040260F0C402603A010060F0E00260E9
:103050003C010060650200603701006001A80EF0CD
:1030600090FD13E6FE4C0020FE4D20706070206243
:103070006062E082A073E0730126A06285F83D6083
:103080002083A070FA20E9F748FB288808B9E5F703
:10309000CEFE6888401C68802672A079800703D124
:1030A00001F0EFFFE8F78BF9A079401CA071E5F77C
:1030B000BEFEE7E70EB5EA4E0024EA4F3475B4745D
:1030C000F474347474744FF0010987F84A90F47002
:1030D000E5483471B48300680DF02FFAE3494FF4EA
:1030E0001670DFF88CA3DFF88C83DFF88CB30880D0
:1030F0004FF47A70E9F711FBB88B401CB8830E20AF
:103100003072EEF7CEFB9AF800005546012804D045
:10311000022809D0032809D011E0B8F83610491C5C
:10312000A8F83610002007E0012005E0B8F83A00C2
:10313000401CA8F83A00022002F081F82C70F16BD4
:10314000A8F81010CD4A306C4546A8F812009142FC
:1031500001D8904201D9F4633464F5F7B0F9C84856
:1031600050F8FD1F29608188A9808079A87100F03E
:10317000EDFEFAF719FBECF7D9FCEEF7A7FB9BF88D
:10318000000010B1401E8BF80000F5F753F8F1F77E
:10319000B0F9F07C012801D1FAF796FB707A01288A
:1031A0000ED1B84801784278CDE9002102948378A5
:1031B000C27841798079E8F70BF9E8F700F9747281
:1031C000FAF7D7FAF07801280CD13079401CC0B258
:1031D0003071052806D9AC480068E9F79BFB02204E
:1031E000F0703471707D3C2802D2401C707502E092
:1031F0007475EDF783F8B07C012802D1FFF700FC6D
:10320000B4740020391891F83C20012A0DD107EB45
:1032100040031A88DD8BAA4203D0DA8381F84B4041
:1032200003E011F84B2F521C0A7097F84C10142928
:1032300003D987F84C4086F81390401CC0B20F2881
:10324000E0D3FEF743FE53E710B545F25550E5F7DE
:10325000E5FD0520E5F7E5FD4FF47A60E5F7E4FDCF
:10326000E5F7E5FDBDE81040E5F7E6BD08B501214D
:103270008020E5F714FF8020ADF8000003208DF8D2
:10328000020010208DF8030069468048E5F7E3FC52
:1032900008BD7CB57E4800247E4904600803E5F73C
:1032A00018F901210D20E5F7FAFE01217A48E5F72A
:1032B00063FD4FF4C045ADF8005010208DF80300B9
:1032C0000320764E8DF8020069463046E5F7C3FCD0
:1032D00029463046E5F730FD4FF4A060E5F7C4F825
:1032E00001212020E5F7DBFE4820EAF79DFC01F0F4
:1032F00035FF6049002021F81040401C80B2322880
:10330000F9D301F09AF84FF4E130EAF70FFB2720E8
:10331000E7F714FB624D55287ED00021DB2001F039
:103320002EFF0021DC2001F02AFF0021DD2001F02A
:1033300026FF0021DE2001F022FF2C600021272043
:10334000E7F71DFB46492620C91D01F009FF554935
:103350000E2001F005FF54480125C0F8A051534844
:10336000C0F8AC5152A014F07FFFE8F795F85A214D
:103370003C4813F088FCF4F7DEFDFEF7CCFDF7F7D0
:1033800001FDF8F799FCF5F77DFBF5F705FFF8F778
:1033900011F840F2CF216420E7F716FF4748057087
:1033A00005F064FDF1F7B7FFF0F7C8FAF4F7EFFBAB
:1033B000F4F7FAFBFEF7A5F8414804700A2002F082
:1033C000A3FE0520F7F7BBFCF6F758FB042003F03B
:1033D000DCFF2349022030310023CDE90001C20186
:1033E00038A1AFF27F30E8F7F3FFFFF74EFB0C2078
:1033F000FEF77AF80320FAF77FF819490B202C31F1
:103400000023EC02CDE90001224631A1AFF6BB005A
:10341000E8F7DEFF124900E01DE034310820CDE975
:103420000001002322462FA13348E8F7D1FF0C49C1
:103430000D203831CDE9000100234FF47A722FA11D
:10344000AFF28F30E8F7C4FF052001F0F7FBBDE8CD
:103450007C40E9F7FBBA6946DB2001F081FE55E0CC
:10346000EC020060C899036050010060E80200604F
:103470006B02006088F90160270100603F420F0085
:103480004E0402607C1800603C020060001C014099
:10349000B80200600080000800043000000801400D
:1034A000BC020060E3900360000021420000234260
:1034B0007473746174206170700D0A008004006080
:1034C0002B020060436F6D6D6F6E5F7461736B00F4
:1034D0004D61737465725F4E6F64655F7461736B89
:1034E000000000004241435F436F6E74726F6C5F77
:1034F0007461736B00000000D91201086D6F6E6972
:10350000746F725F7461736B000000006E46DC20A4
:10351000711C01F025FEB11CDD2001F021FEF11C23
:10352000DE2001F01DFE0F490F2001F019FE9DF86D
:1035300000009DF801109DF8032000EB01209DF88C
:103540000210090401EB02610844064928600A39A7
:10355000897A422901D20A3000E0C01C2860EDE6D9
:1035600070470000CA900360574B10B59A7B0E213C
:10357000824202D94FF4AF6010BD491EC9B25C5CF3
:103580002244824217D9101A64225043E2B290FBBF
:10359000F2F0042901EBC10202EB011100EB810002
:1035A00004D3A0F5C870C0F30E0010BDC0F5C870FC
:1035B00040F4004010BD0029DFD148F2E83010BDD2
:1035C00070B51E4604001AD0012C1AD03F4E022CB2
:1035D0002CD0032C01D0052C27D1084613F03FFF37
:1035E000314613F06AFD3A4913F035FD13F063FFDD
:1035F000182828DC052C2FD0032C2BD02DE0C81840
:1036000012E00846FFF7B0FF010402D5C0F30E0038
:1036100040423049497A31B100EBC000052190FBAE
:10362000F1F000F5A0703044803870BD084613F00A
:1036300016FF314613F041FD274913F00CFDBDE89C
:10364000704013F038BF1A2807DB052C02D0032C7A
:1036500002D002E0002500E00125284670BD10B52B
:1036600080211E4813F00FFB1C484021803013F0CE
:103670000AFB1A484021C03013F005FBBDE810409A
:103680002021174813F0FFBA30B5144C803C54F891
:103690002030CA1A642A02DA12F1640F02DC03EB4A
:1036A00062010DE0C0EBC00202EB00150D4A02EB17
:1036B000450292F9222002FB0311521C91FBF2F108
:1036C00044F82010084630BD26AD040800C07F44F1
:1036D00000004842C09003600000C842109D036093
:1036E000109E0360BDEB04607FB501214120E5F72A
:1036F000D6FC4FF4F044ADF80C4048208DF80F0094
:1037000003208DF80E0003A9FA48E5F7A4FA0E216C
:103710000420E5F75CFB0B210420E5F758FB0C21A6
:103720000420E5F754FB0D210420E5F750FB00943D
:1037300000248DF804400C208DF8050001258DF83B
:1037400006506846E5F7B6F928208DF808008DF890
:1037500009408DF80A508DF80B5002A8E4F789FE55
:10376000E54890F82310E5480E2904D0046244622D
:103770008462C4627FBD046344638463C4637FBDA9
:103780002DE9F041DE4F3868DB4EDC4DDD4C0005A5
:103790001DD5F814E5F7EDF996F823000E280FD0A3
:1037A0000020C0EBC00101EB001104EB410191F8D6
:1037B0009D11192906D00F2904D01D2902D006E039
:1037C0000420EEE705EB8000016A491C01623868BD
:1037D000C00422D5CC49888D401C88854FF4805088
:1037E000E5F7C7F996F823000E280FD00020C0EBAC
:1037F000C00101EB001104EB410191F8CB11192933
:1038000006D00F2904D01D2902D006E00420EEE7DF
:1038100005EB8000416A491C4162386880041ED56E
:103820004FF40050E5F7A5F996F823000E280FD0C5
:103830000020C0EBC00101EB001104EB410191F845
:10384000F911192906D00F2904D01D2902D006E04C
:103850000420EEE705EB8000816A491C816238682C
:1038600040041DD54FF48040E5F783F996F8230016
:103870000E2817D00020C0EBC00101EB001104EBB3
:10388000410191F82712192905D094F827220F2A0F
:1038900001D01D2904D105EB8000C16A491CC16219
:1038A000BDE8F0810420E6E710B5934A974B00206D
:1038B00002EB400191F82D4091F82B10611A195438
:1038C000401CC0B20A28F3D310BD10B500281AD08E
:1038D0004FF47A73984215D26422B0FBF2F1B0FB38
:1038E000F2F402FB1400894CC9B2645C6043B0FB83
:1038F000F2F0814A02EB4101B1F82B10084480B28A
:10390000984200D9184610BDF0B57B490025804C7F
:10391000804ECB7991F8232005280ED07E4F0121CF
:10392000022814D003281ED0012828D00E2A34D013
:10393000042B32D2C6F8941131E00E2A01D0042BA8
:1039400002D3C4F8B451F0BDC6F89451F0BD0E2AAC
:1039500004D0042B02D2C6F8941101E0C4F8B411CB
:10396000C7F88C1116E00E2A04D0042B02D2C6F838
:10397000941101E0C4F8B411C7F88C5111E00E2A7B
:1039800004D0042B02D2C6F8941101E0C4F8B4119B
:10399000C7F88C51C7F88851F0BDC4F8B411C7F806
:1039A0008C11C7F88811F0BD5C4909785539102988
:1039B0002DD85A490228D1F8011013D0032813D06A
:1039C000042816D0052816D0062816D0072816D0A9
:1039D000082816D0092816D00A2816D00B2807D197
:1039E000080502E0480700E0080700280FDB002078
:1039F0007047C806F9E78806F7E74806F5E70806BE
:103A0000F3E7C805F1E78805EFE74805EDE7012092
:103A10007047F0B50320FFF7C7FF3A4A364D002341
:103A200010B33F48A021C1703221017105214171BD
:103A300095F823000A210B2808D00E280DD082F813
:103A4000271282F8223282F8203217E082F8DF1241
:103A500082F8DA3282F8D83210E082F8971382F8CE
:103A6000923382F8903309E095F823000B2818D0A0
:103A70000E281BD082F82732C2F818320220FFF736
:103A800093FF03210124002895F823001DD01B2655
:103A90000B2810D00E2813D082F8F96182F8F44177
:103AA00019E082F8DF32C2F8D032E7E782F89733C4
:103AB000C2F88833E2E782F8B16282F8AC4212E0E1
:103AC00082F8696382F864432EE00B2809D00E283F
:103AD00028D082F8F931C2F8EA3192F89D0140B15C
:103AE00036E082F8B132C2F8A23292F8550208B339
:103AF0002EE029E000180140C0900360889903601F
:103B000014040140BDEB046088F90160889E0360E5
:103B1000000024420000214200002242D402006042
:103B20003C03006082F86933C2F85A3392F80D03FF
:103B300028B10DE082F8551282F8504208E082F870
:103B40000D1382F8084303E082F89D1182F8984132
:103B50000420FFF729FF1927002895F823001DD01E
:103B60001C210B2805D00E280BD092F8550280B1ED
:103B70004FE092F80D03F0B982F80D1382F8084374
:103B800017E092F8C50328BB82F8C51382F8C0433A
:103B90001EE082F8551282F8504205E00B2806D04C
:103BA0000E2813D082F85532C2F8463231E082F83E
:103BB0000D33C2F8FE320020C0EBC00101EB001152
:103BC00002EB410191F89D612EB108E082F8C53306
:103BD000C2F8B6330BE081F89D7181F89841401C22
:103BE000C0B20428E8D395F823000E2811D1002094
:103BF000C0EBC00101EB001102EB410191F85562ED
:103C00001EB981F8557281F85042401CC0B2042898
:103C1000EED30620FFF7C8FE002895F8230013D046
:103C20001E210B2806D00E2809D082F8CB1182F86D
:103C3000C6410FE082F8831282F87E421FE082F8CC
:103C40003B1382F836431FE00B2816D00E2819D0FC
:103C500082F8CB31C2F8BC310720FFF7A5FE00285F
:103C600095F823001DD022210B2810D00E2813D048
:103C700082F8831282F87E4219E082F88332C2F819
:103C80007432E9E782F83B33C2F82C33E4E782F878
:103C90003B1382F836431FE082F8F31382F8EE43B9
:103CA0001FE00B2816D00E2819D082F88332C2F8F4
:103CB00074320820FFF778FE002895F823001DD005
:103CC00021210B2810D00E2813D082F8B11282F8CF
:103CD000AC4219E082F83B33C2F82C33E9E782F8B2
:103CE000F333C2F8E433E4E782F8691382F86443FB
:103CF0000FE082F8211482F81C440FE00B2806D054
:103D00000E2809D082F8B132C2F8A232F0BD82F892
:103D10006933C2F85A33F0BD82F82134C2F8123444
:103D2000F0BD1FB54FF40040E5F73CF90121480212
:103D3000E5F7B5F900208DF8040000908DF8050036
:103D40004FF46021CDF80610CDF80A0005208DF85B
:103D50000E006946FE4C2046E4F70EFC05230122C6
:103D60000B212046E4F796FC052302220F21204672
:103D7000E4F790FC0523032208212046E4F78AFC9F
:103D80000523042209212046E4F784FC05231A4672
:103D90000A212046E4F77EFC01212046E4F718FCC6
:103DA0002046E4F738FC2046E4F73AFC0028FAD134
:103DB0002046E4F73CFC2046E4F73EFC0028FAD11C
:103DC00001212046E4F73FFCFFF723FE1FBD2DE94C
:103DD000F84301214FF46770E5F761F91C20ADF855
:103DE00000001025DB4F8DF8035003244FF000082E
:103DF0008DF8024069463846E4F72DFFD648D74E85
:103E000090F823100E2915D0C079042837D2E0206D
:103E1000ADF800008DF80350D14D8DF80240694691
:103E20002846E4F718FFC0212846E4F785FF202143
:103E3000284638E04EF24000ADF800008DF80350FF
:103E40008DF8024069463046E4F705FF4CF2400128
:103E50003046E4F771FF4FF400513046E4F76CFF51
:103E6000ADF800508DF803508DF802406946384691
:103E7000E4F7F1FE10213846E4F75EFF15E04FF459
:103E80006040ADF800008DF803508DF8024069469F
:103E90003046E4F7E0FE4FF4C0413046E4F74CFF13
:103EA0004FF400413046E4F745FFADF800408DF88F
:103EB00003806946AB48E4F7CEFEBDE8F88370B5F1
:103EC0000D46144606460221E4F7D1FC052322469E
:103ED00029463046E4F7DEFB01213046E4F7B3FB28
:103EE00002213046E4F7BCFC0028F9D03046BDE89A
:103EF0007040E4F715BC9C4B10B55988814201D93C
:103F0000322010BDD98C814201D25A2010BD00212F
:103F100003EB81025488844212D8D48884420FD99A
:103F200003EB810433F82110A4885388641AC01A63
:103F30004443D088C01A94FBF0F00844C0B210BDCE
:103F4000491CC9B20929E3D3002010BD00B50320E4
:103F5000FFF72AFD002816D07F48834B002290F8F7
:103F6000230082492C3B0B280ED091F82002012817
:103F700009D1588A002806D0401E0004000C58823F
:103F800001D181F8202200BD91F8D8020128FAD190
:103F9000588A0028F7D0401E0004000C5882F2D145
:103FA00081F8D82200BD2DE9F84F4FF0000ADFF864
:103FB000A0B1D1465746544655465646D0460122F2
:103FC0000B215846FFF77BFF814401220F21584601
:103FD000FFF775FF0744012208215846FFF76FFFDE
:103FE0000444012209215846FFF769FF05440122D4
:103FF0000A215846FFF763FF40F24241884204D944
:10400000761CF6B2A0F2424008E0B0F54D7F04D233
:10401000761CF6B2C0F54D7000E00020824401200D
:10402000E9F736FE08F1010000F0FF08B8F1640F6F
:10403000C5D34FF4C878B9FBF8F14B482C38407819
:10404000FFF722FB009044484FF0640990F82300EA
:104050000B282DD0B7FBF8F10E283AD00820FFF737
:1040600013FB4F46B4FBF7F180460D20FFF70CFB26
:10407000B5FBF7F181460B20FFF706FB83460820CE
:10408000FFF792FC394D002490B3BAFBF6F080B2F2
:10409000FFF731FF304991F823100B2929D00E2961
:1040A0004FF47A7100FB01F029D0C5F8A20232E08A
:1040B000B7FBF8F10C20FFF7E7FA4F46B4FBF7F136
:1040C00080461120FFF7E0FAB5FBF7F181460F209B
:1040D000D2E71020FFF7D8FA4F46B4FBF7F180463D
:1040E0001520FFF7D1FAB5FBF7F181461320C3E79E
:1040F00008E04FF47A714843C5F85A030BE0C5F85D
:10410000120408E0144890F823000B287AD00E28F7
:104110007BD0C5F8A242144F154A2C3F0E4E797839
:10412000009822F8110096F823000B2870D00E2872
:1041300071D0A2F81080491CC9B279700E286DD0D8
:1041400001F0070078700720FFF72EFC98B311E00C
:104150000024014000100140C09003600020014095
:1041600000080140000C014068030060BDEB0460E2
:104170004EFC016096F823000A233F22DFF81484E6
:1041800040F6FF710B2850D00E2863D040F6B832AD
:1041900009FB02F0B0FBF1F013F06AF9FE4912F0EE
:1041A0005AFF414612F057FFFC4912F086FF13F008
:1041B00082F9C5F874020320FFF7F6FBF84AF94BC1
:1041C000012188B340F6B83C0BFB0CF049F6D87CD3
:1041D000B0FBFCF8A7F8148096F82380B8F10B0F19
:1041E0004DD0B8F10E0F61D0B0FBFCF095F82282F3
:1041F000B8F1000F72D0C5F8180285E002E004E0C3
:1042000006E008E0C5F85A4385E7C5F8124482E79E
:10421000A2F818808FE7A2F820808CE70C20B1FB71
:10422000F0F200FB12108DE76AE0B9FBF3F040F604
:10423000B8335843B0FBF1F064214843B0FBF2F0CF
:1042400013F016F9414612F006FF13F034F9C5F8E1
:104250002C03B0E7B9FBF3F040F6B8335843B0FB9A
:10426000F1F064214843B0FBF2F013F001F941464C
:1042700012F0F1FE13F01FF9C5F8E4039BE7B0FB61
:10428000FCF095F8DA82B8F1000F02D0C5F8D00240
:104290003AE097F803C0B0EB0C0000D5404297F825
:1042A00004C0604530DD85F8D81223E0B0FBFCF097
:1042B00095F8926316B1C5F888032FE0FE78801B4D
:1042C00000D540423E79B04228DD85F890137879D8
:1042D000C0EB00108000788220E0FFE797F803C071
:1042E000B0EB0C0000D5404297F804C060450BDDF0
:1042F00085F820127879C0EB00108000788203E006
:1043000096F823000E2809D07D78A748082D61D2A1
:10431000DFE805F0494C555867727D8878780C289D
:1043200058D2DFE800F006091013181B20232C2FA9
:104330003437C2F8B84101E0C2F8B811C2F8BC4144
:10434000C3F8904118E0C2F8B84101E0C2F8B811D2
:10435000C2F8BC11F4E7C2F8B84101E0C2F8B811E4
:10436000C2F8BC4106E0C2F8B84101E0C2F8B81199
:10437000C2F8BC11C3F89011C2F898412AE0C2F803
:10438000B84101E0C2F8B811C2F8BC4106E0C2F879
:10439000B84101E0C2F8B811C2F8BC11C3F89041AD
:1043A000C2F8981116E0C3F890411CE0C3F89041A0
:1043B00024E0C0F89C410DE0C2F8BC410AE0C3F81B
:1043C000904126E0C3F890412EE0C0F89C1101E036
:1043D000C2F8BC1175487978405CBDE8F84FFFF72A
:1043E00093BAC3F89011F179042902D2C0F8984128
:1043F000DFE7C2F8B841DFE7C3F89011F379042B87
:1044000002D2C0F89811D4E7C2F8B811D4E7C3F8C3
:104410009011F379042B02D2C0F89841D5E7C2F885
:10442000B841D5E7C3F89011F379042B02D2C0F854
:104430009811CAE7C2F8B811CAE72DE9F04F89B060
:1044400001214C20E4F72BFE4320ADF8000010269C
:10445000574D8DF8036003248DF8024069462846C5
:10446000E4F7F9FB43212846E4F766FC3020ADF879
:104470000000504F8DF803608DF8024069463846C1
:10448000E4F7E9FB30213846E4F756FC4A480025BA
:10449000DFF8289190F823004FF0180B4FF0804878
:1044A0000E285FD001210520E4F704FE0121092038
:1044B000E4F7F5FD01214248E4F75EFC4FF470603B
:1044C000ADF800008DF803B08DF80240694638461B
:1044D000E4F7C1FB4FF47A70ADF81800ADF8145052
:1044E000ADF81A50ADF8165005A944464046E5F718
:1044F000F9F805A94D464846E5F7F4F87021ADF8FE
:10450000041001210220ADF80610ADF80C0001A93D
:104510002046E5F799F901A92046E5F7D3F901A965
:104520002846E5F791F901A92846E5F7CBF90821D6
:104530002046E5F7BBFC08212046E5F7BDFC082135
:104540002846E5F7B3FC08212846E5F7B5FC01212C
:104550002046E5F798FB01212846E5F794FB09B0D2
:10456000BDE8F08F4FF4007AADF800A08DF803603D
:104570008DF8024069463846E4F76DFB51463846EF
:10458000E4F7DAFB8020ADF800008DF803608DF8C9
:10459000024017E000007A440000C84200007C425C
:1045A0000000244200002242000021423DF7046046
:1045B00000180140000C0140C0900360000800405A
:1045C00000031800FE4E69463046E4F744FB8021A4
:1045D0003046E4F7B1FB01210520E4F76BFD012132
:1045E0000920E4F75CFD0121F648E4F7C5FB4FF430
:1045F0005060ADF800008DF803B08DF802406946B8
:104600003846E4F728FB4FF47A70ADF81800ADF89F
:104610001450ADF81A50ADF8165005A9444640465E
:10462000E5F760F805A94D464846E5F75BF87021C7
:10463000ADF8041001210220ADF80610ADF80C0011
:1046400001A92046E5F700F901A92046E5F73AF966
:1046500001A92846E5F7F8F808212046E5F726FCE9
:1046600008212046E5F728FC08212846E5F71EFC2E
:104670006DE770B5D44D0446D44E28782044C0EB85
:10468000001101EB4101314491F82320D04931F868
:1046900010001AB1FFF719F94CB10FE0B0F5007F27
:1046A00003D3CC48B0F83F00F6E70020F4E7CA494E
:1046B0000A78CA49012A00D108880880297821444B
:1046C000C1EB011101EB4101314491F8281001B90E
:1046D00000204FF0804264B1012C04D0C04A022C6B
:1046E00007D0032C0BD1BDE8704001461046E5F71A
:1046F000F5BCBDE8704001461046E5F7EDBC70BD65
:104700000EB5B14BB94900201A780978E846B54D85
:10471000B54E01240A4409E0C0EB001101EB410C45
:10472000AA49401C6144C0B281F824408242F3D8B7
:104730003220E7F7F2FFA44B00221146104693F80F
:1047400000E03BE0C0EB001303EB430C9F4B6344E2
:1047500093F823C0BCF1000F0DD093F82CB038F8BB
:1047600010C00BEB8B03BCEB830F0BD20CF1010CD5
:1047700028F810C008E0964B33F81030B3F5007FEE
:1047800013D216E028F81020DFF844C23CF810C01D
:104790000BFB0CF303EB83039B0040F2FF3CB3FBEA
:1047A000FCF338F810C0634503D904FA00F3194349
:1047B00002E004FA00F39943401CC0B27045C1D333
:1047C0008B4B186881423CD01960187800274FF055
:1047D000010AC10702D0C5F8804101E0C5F8802177
:1047E000810702D5C5F8844101E0C5F8842141075D
:1047F00002D5C6F8904101E0C6F89021010702D524
:10480000C6F8944101E0C6F89421C10602D5C5F866
:10481000984101E0C5F898216E4991F823100E29BE
:1048200012D1810602D5C6F8A44101E0C6F8A42140
:104830004006704802D5C0F89C4105E0C0F89C21B4
:1048400002E0BAF1000F3ED07F1CFFB2C82F3AD968
:1048500018784FF0000A5746C10702D0C5F88041CA
:1048600001E0C5F88021810702D5C5F8844101E047
:10487000C5F88421410702D5C6F8904101E0C6F889
:104880009021010702D5C6F8944101E0C6F89421B1
:10489000C10602D5C5F8984101E0C5F898214D49F7
:1048A00091F823100E290ED1810602D5C6F8A44135
:1048B00001E0C6F8A42140064E4802D5C0F89C414C
:1048C00001E0C0F89C210521B9FBF1F201FB129136
:1048D00009F1010000F0FF0900297FF429AF002051
:1048E000FFF7C7FE0120FFF7C4FE0220FFF7C1FE5D
:1048F0000320FFF7BEFE1BE72DE9FF5F9A469146B6
:104900000846DDF838B012F0AAFD3B4912F0D5FB9D
:1049100012F036FE14F040FB12F045FE05460098FA
:1049200012F0ABFDDFF8D4800E4604460022434669
:1049300012F0B4FC12F037FE074620463146304AEA
:10494000304B12F004FC04460E46384612F018FEB6
:104950002246334612F014FD12F025FE0146284689
:1049600012F021FB12F00CFE0E46044600224346D4
:1049700012F091FC05460F4620463146224A234B51
:1049800012F08CFC2A463B4612F0FAFC12F00BFEA9
:104990001F4D0446294612F05EFB12F08CFDA9F86B
:1049A0000000204612F0ECFD0E460446194A1A4B50
:1049B00012F074FC12F0F7FD0746204631462DE058
:1049C0000020014000031800650100607DF70460CD
:1049D0004EFD0160C09003607C0200608C020060AC
:1049E0000008004000002342008021426601006070
:1049F0005C0300600000244200007A4400A03140C3
:104A0000CDCCCCCCCCFCA240E17A14AE47616E4058
:104A100000002041C03FA54A945D1E40BF4AC04BE4
:104A200012F095FB12F0BFFD0146384612F045FB2F
:104A300012F0A6FD02460B460020BA4914F090FC85
:104A400012F0B1FD12F09CFDB74AB84B12F026FCF3
:104A500012F0A9FD0446294612F0FDFA12F044FDB9
:104A6000AAF80000204612F08BFDB14AB14B12F0BB
:104A700015FC12F098FD06462146AF4812F0E5FA03
:104A80000146304612F019FB0646294612F0E3FAB9
:104A900012F02AFDABF80000304612F071FDA74A73
:104AA000A74B12F0FBFBA74AA74B12F050FB12F0EA
:104AB0007AFD0446A549304612F0CDFA0546009825
:104AC00012F0CDFC214612F0C6FA294612F06BFA1C
:104AD00012F00AFD0F990880BDE8FF9FF8B532205B
:104AE0009B49009001230022081FE7F7A3FA002842
:104AF0001ED19848964C994E90F8231096481C3C2D
:104B0000974D4FF47A720B2913D0008A904207D93F
:104B10003146A06912F09FFA12F0CDFCC5F88E0163
:104B20003146E06912F097FA12F0C5FCC5F8EA01C7
:104B3000F8BD008B904207D93146A06912F08BFA7C
:104B400012F0B9FCC5F846023146E06912F083FA6A
:104B500012F0B1FCC5F8A202F8BD4520E7F7F5B8A0
:104B60001CB5FFF734F9FFF7DCF84520E7F7EDF85F
:104B700006F09DFF774890F823000B2801D00E28FF
:104B800001D1FEF7B1FD0420FEF70EFF08B107F0DA
:104B900091FA6F4D00201C3D28816881A881E88131
:104BA00028820220FEF700FF08B1FFF797FF0620DA
:104BB000FEF7FAFE08B106F0A1FF0420FEF7F4FEAE
:104BC00050B1A8781421B0FBF1F201FB1201401C96
:104BD000A87009B907F08CFAFFF7E5F9052C02D2A5
:104BE000641CE4B201E001202870E86910F0FF4F76
:104BF000D7D012F060FC06B2A86912F05CFC544AEF
:104C000000B20C3A911ECDE900128B1E8A1F31466C
:104C1000FFF772FEB5F9080012F02FFC0022514B8D
:104C200012F03CFB0022504B12F0AAFB00224F4B2B
:104C300012F08DFA12F06CFC6881B2E71CB50446E4
:104C4000FFF7FBFB42484FF4FA720830CDE9004011
:104C5000002347A1AFF2F700E7F7BAFB3C48002377
:104C60000C30CDE90040C82244A1AFF26B50E7F709
:104C7000AFFB37490020091D08601CBD10B5344941
:104C800000201C3986B089793F4C01EB41016A460E
:104C900003AB04EBC1010C5C14540C18A47A1C5433
:104CA000401CC0B20A28F6D319461046F4F7B7FEE6
:104CB00006B010BD2DE9F0418046642791FBF7F066
:104CC00014460D4612F0CBFB214E1C3EB06194FB06
:104CD000F7F012F0C4FBF0611E481F4A4FF47A76D9
:104CE00090F823301E4908FB06F00B2B0AD0128ADD
:104CF000B24201D9C1F88E51C1F8EA41C1F8460269
:104D0000BDE8F081128BB24201D9C1F84652C1F818
:104D1000A242C1F8FE02F3E770477047B7627FD93D
:104D20003D176E400000244076A73B4F3C7718406B
:104D30002D211FF4EC6F834000407D44F3C81F0C0D
:104D40003CF75E3F295C8FC2F528F03F0000C84168
:104D500058030060C09003604EFC01600000C84230
:104D6000BDEB0460000022400000144000007440CD
:104D7000496E7075745461736B3100004F757470B7
:104D800075745461736B31004DAD0408DF49012027
:104D9000087070472DE9F0470C464860DC4998469A
:104DA0001646B1F90030642293FBF2F193FBF2F75F
:104DB00002FB1732002549B252B200290CDA4942EF
:104DC000CBB25142C9B24FF461625343C1EB0111FE
:104DD00003EB8101401A09E0CBB2D1B24FF461621A
:104DE0005343C1EB011103EB81010844DFF824A315
:104DF00060609AF8000070B1C748C849B0F8070071
:104E00000988884207D3C6490988884203D8606860
:104E100000F5616060606068C24AB0FBF2F1B0FB0F
:104E2000F2F702FB11014FF46162B1FBF2F0A160F5
:104E3000E760E075B1FBF2F002FB10113C20B1FB22
:104E4000F0F2A4F819102276B1FBF0F200FB121177
:104E5000E1768946384612F021FBB34AB34B12F093
:104E60008FFA12F074FB80B22082B8F1000F28D0C4
:104E700000F2B27140F2B552B7FBF2F289B28A0782
:104E800022D06FF4B67202FB0072A2EB900212B253
:104E90008907A4F81520B1F1804F02D0521CA4F864
:104EA0001520A34AB4F9151000292EDDB4F81530E9
:104EB000A4F81330535DC91A6D1CA4F81510EDB297
:104EC000F0E700F26C71D5E76FF4B67101FB007189
:104ED000A1EB9001491C09B2A4F81510B8F1000F1C
:104EE00002D1491CA4F81510914A0C32B4F91510DE
:104EF00000290ADDB4F81530A4F81330535DC91A3F
:104F00006D1CA4F81510EDB2F0E7A574B8F1000F10
:104F100015D000F2B270208286F80090207E70706A
:104F2000E07DB070E07CF070A07C7071207CA0F51A
:104F3000FA60B0719AF800007072BDE8F08700F274
:104F40006C70E8E72DE9F041744D754C00207A4A09
:104F50002880208092F8623076495B1E05E00E5C66
:104F60002F88401C3E442E80C0B28342F7DC92F86A
:104F7000643000205B1E05E00E5C2788401C3E4428
:104F80002680C0B28342F7DC12F8630F29880844F8
:104F9000288090782188084420805F48807900F537
:104FA000FA60E6F772F9002805D02888401C2880AE
:104FB0002088401C2080BDE8F0812DE9F0411C468E
:104FC00015460E460746F2F791FF0146B81B00EB67
:104FD000C00001EB80005049504AB1F80710128818
:104FE00091420AD34E4A1288914206D8291BC1EB3E
:104FF0004112C2EB012100EB0110BDE8F041012399
:10500000454A4E49C6E64D4910B508603F49091F5B
:10501000002A08600DD1006AF5F774FF00233E4AAC
:105020004649FFF7B7FE464901200870374904207A
:10503000087010BD8CB0DB2000218DF800008DF8C9
:10504000011004208DF80200FA208DF803000120E1
:105050008DF804108DF805008DF8081030228DF8B9
:1050600006108DF809008DF807100A206B461954B8
:10507000401CC0B29042FAD30CB0704770477047E2
:1050800070472DE9F0472C482E4990F84800022837
:1050900003D291F8F000012810D12B4D2B4EDFF8F0
:1050A000B0A02868401C2860327800273AB129490E
:1050B000884203D937708AF800702F603DE74FF0BF
:1050C0000109884681F8F190F2F710FF224C010E99
:1050D0002060AE2000F053F82068C0F30741AD20F7
:1050E00000F04DF82088C0F30721AC2000F047F80D
:1050F0002178AB2000F043F820680EF091FAC8F850
:10510000CA008AF8007086F80090D6E7980300601D
:10511000AA020060770200607C1800604001006015
:1051200042010060805101007B14AE47E1D376401C
:1051300035AD0408AC9D0308C0900360929E0360E7
:10514000F50200604E04026014030060FA02006081
:10515000FB0200600046050054010060E5F7ECBB6F
:1051600010B50C46E5F7EAFB2070012010BD10B524
:105170000C460221E5F737FC2080012010BD10B558
:10518000C9B2E5F7FCFB012010BDE8F761BD80B2B4
:10519000E8F77EBDE5F77CBC30B585483221854A0D
:1051A00001703021417093790A21B3FBF1F430345E
:1051B0008470B3FBF1F401FB14333033C3702D253D
:1051C00005715379B3FBF1F430344471B3FBF1F45E
:1051D00001FB143330338371C571D3783A25B3FBA7
:1051E000F1F430340472B3FBF1F401FB14333033C7
:1051F0004372202383729378B3FBF1F43034C4728A
:10520000B3FBF1F401FB143330330373457353786C
:10521000B3FBF1F430348473B3FBF1F401FB1433CA
:105220003033C37305741278B2FBF1F33033437437
:10523000B2FBF1F301FB13213031817430BD2DE954
:10524000F05F4FF496614FF46163DFF86C814A00C0
:105250008C005D00CE000F01DFF860C14FF41649ED
:105260004FF4614A4FF4963B4FF4E13E022819D0C7
:1052700078B301286FD1524890F8230004286AD0EF
:10528000072868D00C2866D0082864D04D480078DC
:105290000C2860D2DFE800F06E70727476787A7C49
:1052A0008082847E9CF8020001280BD0464800785A
:1052B0000C287BD2DFE800F00E10121416181A1C0E
:1052C0002022241E98F802004FF000088CF802807B
:1052D000EEE71BE0084615E0104613E0184611E023
:1052E00020460FE028460DE030460BE0384609E046
:1052F000484607E0504605E0584603E0704601E0A6
:105300004FF46120BDE8F05FE8F79ABB9CF800001D
:1053100001280BD02D4800780C2847D2DFE800F098
:105320000D0F11131517191C2022241E98F80000C8
:105330004FF000088CF80080EEE7084616E01046B3
:1053400014E0184612E0204610E028460EE03046F1
:105350000CE038460AE029E0484607E0504605E000
:10536000584603E0704601E04FF46120BDE8F05F6D
:10537000E8F7DCBA084615E0104613E0184611E0DD
:1053800020460FE028460DE030460BE0384609E0A5
:10539000484607E0504605E0584603E0704601E005
:1053A0004FF46120BDE8F05FE8F7CABBBDE8F09FAD
:1053B000CC9E03607C180060E1020060E4020060A3
:1053C000C09003607A0200607B0200607902006096
:1053D000FE494879002808D08879401CC0B28871FD
:1053E000052802D9002048718871704710B5002443
:1053F00064230022F6A1F7A001F03BF808B10220D7
:1054000010BDE3F714FD641CE4B20A2CF0D301D004
:10541000012010BD002010BD10B5EF4C0421204626
:10542000E3F78AFC4FF4FA60E8F732FC2046BDE867
:1054300010400421E3F77EBC70B5E84D40F22551E1
:105440002846E5F719F8E64CC0B12846E4F7A0FF76
:10545000C2B2B4F8000440F2FF31C0F30E0088423B
:105460000CD2B4F80004C0F30E01B4F800046318C1
:10547000491C61F30E00A4F800041A7040F22441A4
:105480002846E4F7F9FF01280AD194F8010440F016
:10549000800084F801042846BDE87040E4F778BF36
:1054A00070BD70B50C46CFA111F0F8FB00285CD0A0
:1054B00081792C295AD1017A3A290FD1C279303A0F
:1054C000092A0BD892B2002105E04318491C5B7AE7
:1054D00004F8013B89B29142F7D345E0427A3A2A77
:1054E00003D0837A3A2B1BD040E0C279303A092AA4
:1054F0003CD830293AD3392938D802EB82026FF0F0
:105500002F0303EB420211448AB2002105E0431845
:10551000491C9B7A04F8013B89B29142F7D323E0FE
:10552000C379303B092B21D830291FD339291DD805
:10553000302A1BD3392A19D803EBC30505EB031313
:1055400002EB830201EB81014FF6F05303EB4101C3
:1055500011448AB2002105E04318491CDB7A04F8A3
:10556000013B89B29142F7D3104670BD002070BD57
:1055700070B5054640219D4811F085FB9B4C15B147
:10558000012D02D003E0652000E067202080984EC6
:105590001D2060803078A0807078E080B078208115
:1055A000F07860810A20A081924D3079E08115F871
:1055B0006A0F208268786082A878A082E878E0820A
:1055C00035F8670C208340F27F200EF02AF86083C4
:1055D000F0790EF026F8A08387480068C0F3072111
:1055E00041EA002161848549097884F82410010C7E
:1055F000090241EA1060A4F83900002084F83B0059
:1056000035F8651CA1877E49097884F83E106F49FA
:1056100084F83F000120C87170BD70B50024754D3D
:105620004FF47A7601F08EF8A870401E032808D354
:105630003046E8F72DFBE3F7FAFB641CE4B20A2CD2
:10564000F0D3A878032808D1BDE870404FF4FA736E
:1056500000225FA16BA000F00CBF70BD4FF4FA7385
:1056600000225BA16BA000F004BF2DE9F047574E6C
:10567000604F00253572B878012863D03878022849
:1056800060D050B175724FF4FA73002250A164A03B
:1056900000F0EFFEC820E8F7FBFA78784FF4806955
:1056A0004FF47A78012822D1002400F05EFF0CE04C
:1056B000002001F087FD01464A465D4811F0CAFA14
:1056C00043A1474811F0EAFA38B94046E8F7E0FA52
:1056D0002046641CE4B20528EAD3434655A23CA107
:1056E00056A000F0C6FEC820E8F7D2FA3572387826
:1056F000012824D1002000F002FFC820E8F7C8FAF2
:105700003C4900244A31A1F1400000F00DFF4D4614
:1057100046460FE0002001F055FD01462A46444868
:1057200011F098FA2AA12E4811F0B8FA38B930468B
:10573000E8F7AEFA2046641CE4B20528EAD3BDE8D7
:10574000F0476AE7BDE8F08710B5204CA07A012841
:1057500005D1FFF78AFFF8F7C4F80020A07210BD4A
:105760000B0A0370417000218170C170110A017130
:10577000427170478CB01420144E8DF82C00002517
:10578000DFF870B07572B57204208BF807005946C7
:10579000174AF5704FF4FB7021F8030FB2F8492057
:1057A0004A800A2209A900F06BFD00F045FE4FF483
:1057B000FA642046E8F76CFAFFF72EFE2046E8F779
:1057C00067FAFFF713FE0BF176013BE0A0030060E0
:1057D0004F4B00004154000000140140004C0040B9
:1057E000583B04602B4950440000000074300460B2
:1057F000C0900360E0A203605001006037010060C8
:10580000E002006041542B434950434C4F53453D07
:105810003500000041542B524553544F524500006F
:1058200041542B435753544F50534D415254000051
:10583000E09E0360726561647900000041542B5260
:1058400053540000CDE906104FF0010A022802D09F
:105850008BF802A04CE06946DF20FFF781FC9DF841
:105860000000442839D018208DF80100FF4AFE209E
:105870008DF80200107810B1FF2807D00FE05178A2
:1058800069B9917859B9D17831B308E05178FF29D5
:1058900005D19178FF2902D1D178FF2920D0D17884
:1058A000102900D210318DF803109178102900D200
:1058B00010318DF804105178102900D210318DF874
:1058C0000510102800D210308DF806000DF10100EF
:1058D00001F0A6F886F803A002E0069801F057F858
:1058E00005218BF80210002000F009FEFFF7BDFE35
:1058F000DF4808900520E8F7CBF9079802280AD17D
:10590000F078012807D1069801F041F8F57044219C
:10591000DF20FFF734FCE3F78AFA07980228E9D181
:105920003078142802D93570FFF776FD9BF8020015
:10593000022856D05C46012853D0607838B984F8E4
:105940006A5084F86B5084F86C5084F86D50707A0B
:1059500068B94FF47A730022AFF28C11C5A000F041
:1059600088FD10B186F809A001E0707AA8B300277D
:1059700000F0E8FEA0706420E8F78AF9E3F757FA30
:10598000A078032804D938467F1CBFB2C828EFD3BB
:10599000C82F05D3FFF769FE3078401C3070A9E7A7
:1059A00025704021B74811F06EF9B64820214030EB
:1059B00011F069F9B44981F818A0F3F795F94FF49B
:1059C000FA730022AFF2F811AFF2AC1000F051FD03
:1059D0006420E8F75DF9FFF748FEC820E8F758F9BA
:1059E00088E73570307A38B34FF480642146A74891
:1059F00011F049F92146A64811F045F9002001F0BF
:105A0000E1FB01462246A24811F024F9DFF880822A
:105A10009E4998F807003038C4B24046FFF741FD70
:105A2000070074D0A01E022872D8984B18781C2842
:105A300071D0EE2877D085E092492822603106980F
:105A400001F073F870B19BF86A10584641B990F8AC
:105A50006B1029B990F86C1011B99BF86D00E8B182
:105A600086F808A0002001F01BF94FF4FA742346D1
:105A70000022AFF2A42187A000F0FBFC012000F07F
:105A8000DEFDE3F7D4F923460022AFF2BC21AFF2EA
:105A90008C2000F0EEFC00245F4603E03572E1E765
:105AA000E3F7C5F90095B7F8051002230A467DA073
:105AB00000F008FE20B92046641CA4B20528EFD3EC
:105AC000002440F2D248574601E0E3F7B0F9022340
:105AD0004146424673A0009700F0F4FD20B92046ED
:105AE000641CA4B20528F0D3002401E0E3F79FF979
:105AF0000BAA09A9012000F010FE00287FF44FAF87
:105B00002046641CA4B20528BFF449AFEEE7FFE1CC
:105B1000DEE000E007E0302F14D1002239465B4878
:105B2000FFF771FA9CE2587810280BD1987848B9A1
:105B3000D87838B9187928B9587918B9987908B93E
:105B4000D87938B1494C99792079814208D0FF2918
:105B500003D017E0F7F7B8FE82E2D879192811D000
:105B60004A490520F8F753FDF28942B198F8070039
:105B700050493038C3B2002001F0EAFAF581FFF74E
:105B8000E3FD6DE211F0FF0F3FF409AFD879032870
:105B900016D0062814D010280ED0192810D00128AD
:105BA0000ED002280CD004280AD0052808D00F28CF
:105BB00006D01828A2D103E0187B381A0D289DD1F1
:105BC00094F82A00072811D094F82800072811D04B
:105BD00094F82900072891D184F824A0384B00209C
:105BE000354ADFF8D8C093F800E01CE0022084F8C2
:105BF0002400F3E784F82450F0E7135C994203D1C2
:105C0000022384F824300CE02E4B1B5C994202D115
:105C100084F8245005E01CF80030994201D184F842
:105C200024A0401CC0B27045E7D3DFF860C0032158
:105C30009CF80B0001EB4002BCF8000041BA68463A
:105C4000FFF78EFDBF1F94F82420B9B26B460CF10C
:105C50000600F7F7C3F9F289002A92D098F80700F6
:105C600014493038C3B200202EE00000C090036019
:105C70009930046041542B43575354415254534D6F
:105C800041525400EAA203605CF8026000350460EF
:105C9000E09E036041542B4349504D4F44453D30F5
:105CA000000000003235352E3235352E3235352E96
:105CB000323535000C3304601F490360214803600E
:105CC000200200602347036001F042FAF581C7E13A
:105CD00014B1012C74D0C3E1B078E8BB86F802A0FF
:105CE00000233A46F74901A8CDF800A00AF0F8FBD6
:105CF0000246401EB0F5FF7F5FD80123F14901A89D
:105D00000BF03FFFF04F387838B3002402E0322028
:105D1000E7F7BEFF707918B13D700024EB4F19E032
:105D20002046641CE4B20A28F1D31AE098F8070070
:105D300040F22D113038C3B204FB01F007EB4001F3
:105D40000020B1F8582201F003FA0120E7F7A0FF84
:105D5000641CE4B2707901E02FE002E08442E5D3F4
:105D60007571B28942B198F80700D9493038C3B289
:105D7000002001F0EDF9B5813079F0B1002418E090
:105D800040F22D1004FB00F1D24800EB4107B7F8B8
:105D9000580260B10120E7F77BFF98F80700B7F8D9
:105DA00058223038C3B23946002001F0D1F9641CC2
:105DB000E4B230798442E3D33571B57050E1FFE746
:105DC000C0490878642886D186F807A000209BF88F
:105DD0006AC09BF86B409BF86C309BF86DE0C7F392
:105DE000850711E0B74901EB80014A78624509D186
:105DF0008A78A24206D1CA789A4203D10A797245BA
:105E000000D1F571401CC0B2B842EBD3F079002844
:105E10007ED00020FFF7ACFBAD4C5846403C14222E
:105E2000A577E57784F8205084F8215010F86A1F90
:105E300024F8101F417861808178A180C078E080CB
:105E4000A549089810F006FFA448A149402200780F
:105E5000403940F0020084F82E00A148C079303863
:105E6000C3B2002001F074F900274BE09D4AC7EB54
:105E7000C7018B189879DC280DD2545CDFF868C212
:105E800004F007080CEBD40C0AFA08F49CF800C0E4
:105E90001CEA040F34D0232832D08D4CD3F80130C3
:105EA000403CC3F3072C24F8043FA4F802C0C3F31A
:105EB000074CA4F804C01B0EE3802081505C608175
:105EC0008A4814220178A1764178E1768178217799
:105ED000C0786077864800EB0711089810F0BAFE8A
:105EE0007E487B4940220078403940F0020084F827
:105EF0003A007B48C0793038C3B2002001F028F95D
:105F00007F1CFFB27B4800788742AFD3002400E0BB
:105F1000A6E0DFF8E48132E004EB840000EBC40289
:105F20006B48764F40380823D1198381BA5CC2810F
:105F30006E4A137883775378C377937880F820304C
:105F4000D27880F82120D1F8051020F8041F0A0A21
:105F500042800A0C8280090EC18060494022097883
:105F600041F0020180F83A105D485949C079403942
:105F70003038C3B2002001F0EBF8641CE4B298F8AA
:105F800000008442C8D30027DFF8748164E02B202E
:105F900007FB00F15B480144887CE0BB4C4C08687F
:105FA000403C020AA080E280030C2381020E628141
:105FB0008A7AA2814A7AE2814C4A92F800C084F837
:105FC0001EC092F801C084F81FC092F802C084F885
:105FD00020C0D27884F82120C0F3072242EA0022B0
:105FE0006284097984F82410190241EA1060A4F847
:105FF00039001421684610F046FE4D208DF800004F
:1060000053208DF8010054208DF8020050208DF8A7
:1060100003003A2000E01DE08DF804008DF81350D5
:1060200014226946089810F015FE0C2084F83F00F1
:106030002A48007840F0020084F83E000120E7F78B
:1060400027FE274840222146C0793038C3B20020BD
:1060500001F07EF87F1CFFB298F80000874296D3CB
:106060006421B9FBF1F201FB1290B0B9E2F7DFFE57
:106070004FF47A70E7F70CFE00F0EAFC18B1022149
:106080008BF8021008E07078401CC0B270700328D2
:1060900003D98BF802A0357275704946481C1FFA67
:1060A00080F9B1F5967F7FF67AAC4FF00009E2F700
:1060B000BEFE012000F0F4FD02287FF470AC3572C2
:1060C00018E400000035046027010060F018046047
:1060D000B43004605CA303601CBE0260E002006098
:1060E000E09E0360627403609A7D0360C090036069
:1060F000746103602002006035020060B1860360B5
:106100003C010060F0E002601CB50446FDF79CF81D
:106110004E490023CDE900414FF47A724CA1AFF60D
:10612000AB10E6F755F91CBD10B58CB0012102206B
:10613000E2F7AAFF494C2046E2F7BAFB4FF416708B
:106140000390102002904648002101900A9180207F
:1061500005902020CDE9071042480491009080145A
:106160000691099069462046E2F719FC0CB010BD73
:1061700070B53C4D04462D1F012280212846E4F7CE
:10618000C9F82146354C2046E2F74AFC0121204659
:10619000E2F72FFC344E3046E2F747FC0028FAD0F5
:1061A0003046E2F751FC00212046E2F722FC284667
:1061B000BDE8704000228021E4F7ACB810B50C4671
:1061C0000A460146264810F045FD2046FFF7D0FF5D
:1061D00010BD70B5002525488CB02C4605700226F0
:1061E00001E0E2F724FE7B220223114620A0009664
:1061F00000F068FA20B92046641CE4B20528F0D308
:10620000DB208DF800008DF8015004208DF802008D
:10621000FA208DF8030001208DF804508DF8050058
:106220008DF8085030228DF806508DF809008DF851
:1062300007500A2069460D54401CC0B29042FAD360
:106240000223002000F084FF0CB070BDB00300609A
:10625000574946495F7461736B000000580402405F
:1062600000390460044C0040000002109E030060EE
:106270003137362E3232312E34322E313235000063
:10628000F0B5002504460B462E460A2A02D00E70B1
:106290001846F0BD002C1ED006DA4FF02D00187005
:1062A00001F10103C4F1000442F210704FF00A073B
:1062B00094FBF0F252EA050C06D002F1300503F827
:1062C000015B02FB1044012590FBF7F00028EFDC96
:1062D0001E700846F0BD302018704B1CF8E70FB454
:1062E0007FB506460AAD0FE05C2914D000F101002D
:1062F000252909901DD03046E4F746F88021304624
:10630000E4F7AFF80028F9D0099801780029EBD11B
:106310007FBC5DF814FB401C099001786E2903D006
:1063200072291BD10D2100E00A213046E4F72CF838
:1063300013E00178642914D073290FD110CD09E03E
:106340003046E4F721F880213046E4F78AF8002847
:10635000F9D0641C21780029F2D10998401C0990D9
:10636000CCE701CD0A226946FFF78AFF6C4609E0B7
:106370003046E4F709F880213046E4F772F8002847
:10638000F9D0641C21780029F2D1E6E730B501216B
:1063900087B0C804E2F78EFE01211020E2F77FFEED
:1063A0004FF48060ADF8100018208DF81300032022
:1063B000F74C8DF8120004A92046E2F74CFCE114DA
:1063C000ADF8101004218DF8131004A92046E2F74F
:1063D00042FC00244FF4E1300090ADF808400C205E
:1063E000EC4DADF80440ADF80A00ADF80640ADF84C
:1063F0000C4069462846E3F7EBFE012240F22551A6
:106400002846E3F76CFF012240F224412846E3F7D7
:1064100066FF34208DF814008DF815408DF8164075
:1064200001208DF8170005A8E2F723F8012128467E
:10643000E3F749FF07B030BD38B510208DF80300F1
:1064400003208DF8020001212020E2F728FE04201D
:10645000D14CADF8000069462046E2F7FCFBFFF79F
:1064600095FFFFF761FE2046BDE838400421E2F7C2
:1064700061BC2DE9F0411746884602461D46C7A17A
:10648000C448FFF72CFF58EA070035D0C54EB6F8D0
:1064900000046FF30E00A6F8000496F8010420F043
:1064A000800086F8010400243220B5FBF0F085B2AC
:1064B00004E03220E7F7ECFBE2F7B9FC96F80104C0
:1064C000000604D42046641CA4B2A842F1D3B6F856
:1064D00000140020C1F30E017054B8F1000005D083
:1064E000014627B1AF4810F0D9FB28B93946AD486D
:1064F00010F0D4FB002800D00120BDE8F08140F668
:10650000C41328B1012807D0022809D00020704701
:10651000A5A2A8A1A8A006E0A3A2A6A1A9A002E006
:10652000A1A2A4A1AAA0A4E700B59FB00B46024671
:10653000AAA1684611F0A8FE41F2883300229DA16D
:106540006846FFF796FF1FB000BD00B59FB00B4631
:106550000246A7A1684611F097FE41F28833002257
:1065600094A16846FFF785FFEDE72DE9F041CEB035
:1065700064210AA810F087FBA34D002441AE28191E
:1065800006EB840190F86A000A22FFF779FE641C8A
:10659000E4B2042CF3D3002445AF281907EB84019F
:1065A00090F86E000A22FFF76BFE641CE4B2042C24
:1065B000F3D300240DF59278281908EB840190F8A4
:1065C00072000A22FFF75CFE641CE4B2042CF3D3D1
:1065D00048A847A9CDE9081046AACDE906724CA8FB
:1065E0004BA9CDE9041044A843A94AAACDE900105B
:1065F000CDE90282331D41AA84A10AA811F044FE0C
:106600000AAA8DA123A811F03FFE4FF47A6300225D
:1066100068A123A8FFF72DFF4EB06EE700B59FB02D
:106620000B460092024689A101A811F02DFE4FF4FD
:106630007A7300225FA101A8FFF71BFF83E700B573
:1066400085B008B1012200E0002286A1684611F061
:106650001BFE4FF4FA73002256A16846FFF709FFAC
:1066600005B000BDF0B5B9B00F4604461E4615464C
:10667000642101A810F007FB14B1012C0BD103E039
:106680003B467CA2009502E03B467BA200957BA1A5
:1066900001A811F0F9FD052E06D201AB32467BA10F
:1066A0001AA811F0F1FD04E001AA7DA11AA811F0C9
:1066B000EBFD4FF47A637EA23EA11AA8FFF7D9FE44
:1066C00039B0F0BD2DE9F041BAB00C4680461E4607
:1066D0001546642103A8409F10F0D5FA8DE870009C
:1066E000434665A276A103A811F0CEFD052F06D280
:1066F00003AB3A4665A11CA811F0C6FD04E003AA4D
:1067000067A11CA811F0C0FD4FF47A6368A229A10B
:106710001CA8FFF7AEFE3AB0EFE610B59EB04FF4FE
:10672000FA740B4608B1012200E0002269A1684614
:1067300011F0AAFD234600221EA16846FFF799FE2C
:106740001EB010BD10B54FF4FA73002219A166A057
:10675000FFF78FFED8B168A1124810F09FFA08B178
:10676000022010BD67A10F4810F098FA08B103206D
:1067700010BD67A10B4810F091FA08B1042010BDBC
:1067800066A1084810F08AFA08B1052010BDCBE0D8
:1067900000100140004C00400014014025730D0A18
:1067A00000000000583B04606E6F206368616E67F4
:1067B000650000004F4B000041542B43574D4F44A0
:1067C000453D310041542B43574D4F44453D320028
:1067D00041542B43574D4F44453D330041542B43C7
:1067E000574A41503D222573222C22257322000056
:1067F00041542B43574A41505F4445463D2225733F
:10680000222C222573220000E0A203602225732E91
:1068100025732E25732E2573222C2225732E257386
:106820002E25732E2573222C2225732E25732E25BB
:10683000732E25732200000041542B4349505354BA
:10684000415F4445463D25730000000041542B4301
:10685000575341503D222573222C222573222C317F
:106860002C25640041542B4349504D55583D256417
:10687000000000005443500055445000222573226C
:106880002C222573222C25730000000041542B4339
:10689000495053544152543D25642C257300000047
:1068A00041542B43495053544152543D25730000E9
:1068B000414C5245415920434F4E4E4543540000F0
:1068C000222573222C222573222C25642C25642C4E
:1068D0002564000041542B434950534552564552BC
:1068E0003D25642C2573000041542B4349505354DB
:1068F00041545553000000005354415455533A320B
:106900000D0A00005354415455533A330D0A000008
:106910005354415455533A340D0A000053544154D2
:1069200055533A350D0A0000062010BD10B500245D
:106930004FF4FA732246AFF28411AFF25400FFF71E
:1069400098FD002821D0F3A1F64810F0A7F900B176
:106950000124F5A1F34810F0A1F908B144F00204B4
:10696000F5A1F04810F09AF908B144F00404F6A13A
:10697000EC4810F093F908B144F00804F6A1E94896
:1069800010F08CF908B144F01004204610BD2DE938
:10699000FC41C82306460022AFF2E811F2A0FFF73F
:1069A00068FD00252C46F4A1DE4810F077F9002898
:1069B00034D000F10B0300206F46195C3A2902D055
:1069C000052D0DD00EE0022C06D19DF801109DF88A
:1069D000002001EB021171556D1CEDB200240FE097
:1069E000222911D0A1F13002092A01D83A5505E037
:1069F000A1F16102052A03D857393955641CE4B264
:106A0000401CC0B22828D8D3022C06D19DF8010022
:106A10009DF8001000EB011070550120BDE8FC81CD
:106A200010B592B0817844790379C2788DE81E0060
:106A300043780278D4A104A811F026FC4FF47A73AD
:106A40000022AFF2902104A8FFF713FD12B010BD91
:106A500038B54FF4FA730022AFF2A821D4A0FFF7A3
:106A600008FD0024D6A1AF4810F018F918B1002194
:106A7000D64D0C3007E0D6A1AA4810F00FF9002837
:106A800000D0022038BD425C222A2AD02B19641C77
:106A9000491CC9B29A72E4B23C29F4D30028F1D05F
:106AA00000211530425C2C2A1ED0491CC9B2052990
:106AB000F8D300210A466C46835C5BB12D2B16D0BF
:106AC000303B092B02D86354491CC9B2521CD2B2C4
:106AD000052AF1D301290CD002290DD0032914D0A5
:106AE00021E00844401CD9E70844401CE1E70021AC
:106AF000ECE79DF8000015E09DF800009DF80110FE
:106B000000EB800001EB40000CE09DF800106420D9
:106B100041439DF8010000EB800001EB40009DF82F
:106B2000021008442872012038BD2DE9FE431646A4
:106B30004FF4FA790F4680464B460022AFF28C3173
:106B4000A5A0FFF796FC00252C46A6A1754810F0DD
:106B5000A5F8002872D00021C01D33E0425C2E2A27
:106B600002D0032D25D026E0012C04D0022C05D024
:106B7000032C0CD019E09DF8002015E09DF80020B2
:106B80009DF8013002EB820203EB42020CE09DF81B
:106B90000030642253439DF8012002EB820203EB94
:106BA00042029DF802301A447A556D1CEDB2002461
:106BB00006E0222A08D0303A0DF80420641CE4B222
:106BC000491CC9B2B142C9D3012C04D0022C05D052
:106BD000032C0CD019E09DF8000015E09DF8000092
:106BE0009DF8011000EB800001EB40000CE09DF8E7
:106BF0000010642041439DF8010000EB800001EB90
:106C000040009DF80210084478554B460022AFF230
:106C10005C4155A0FFF72DFC00252C4656A14148AC
:106C200010F03CF8002839D0002201AF0B3026E0EC
:106C3000815C3A2903D0052D0FD010E02EE0022C04
:106C400007D19DF805109DF8043001EB031108F8F9
:106C500005106D1CEDB200240FE0222911D0A1F126
:106C60003003092B01D83B5505E0A1F16103052B49
:106C700003D857393955641CE4B2521CD2B2B2421F
:106C8000D6D3022C07D19DF805009DF8041000EB27
:106C9000011008F80500FFF7DBFE0120BDE8FE83C8
:106CA0002DE9FF4780464FF47A730022AFF2FC4192
:106CB0004EA0FFF7DEFB00268DF802608DF8016024
:106CC0003446B1468DF800604CA116480FF0E6FF3F
:106CD00000281BD0002101AB6D46401D425C2E2ACE
:106CE00015D0032E01D3222A09D0022C10D8303A15
:106CF0002A55641CE4B2491CC9B22829EED3012CE0
:106D000007D0022C7ED0032C7DD0BCE065E17BE077
:106D100064E19EE02B4349505354415455533A305B
:106D20002C000000583B04602B43495053544154FD
:106D300055533A312C0000002B43495053544154D1
:106D400055533A322C0000002B43495053544154C0
:106D500055533A332C0000002B43495053544154AF
:106D600055533A342C00000041542B43495053549E
:106D7000414D41433F0000002B4349505354414D86
:106D800041433A220000000041542B4349505354E0
:106D9000414D41435F4445463D2225783A25783AA6
:106DA00025783A25783A25783A257822000000009F
:106DB00041542B43574A41505F4355523F00000016
:106DC0002B43574A41505F4355523A00E0A20360BB
:106DD000627573790000000041542B4349465352B9
:106DE0000000000053544149502C220041542B43D1
:106DF00049505354415F4355523F00003A69703A3D
:106E00002200000028E030E0012C04D0022C05D044
:106E1000032C0CD019E09DF8002015E09DF800200F
:106E20009DF8014002EB820204EB42020CE09DF867
:106E30000040642254439DF8012002EB820204EBDF
:106E400042029DF8024022449A55761CF6B2002474
:106E500051E79DF8000015E09DF800009DF8011035
:106E600000EB800001EB40000CE09DF80010642076
:106E700041439DF8010000EB800001EB40009DF8CC
:106E8000021008449855EA4EB8F1000F1BD09DF847
:106E9000040096F86A10884211D19DF8050096F812
:106EA0006B1088420BD19DF8060096F86C10884252
:106EB00005D19DF8070096F86D10884206D001981C
:106EC000C6F86A0018E10198C6F86A008DF80290C9
:106ED00000278DF801903C468DF80090D5A1D84848
:106EE0000FF0DCFE002878D0002102AB0A30425CB3
:106EF0002E2A14D0032F01D3222A09D0022C6DD8B8
:106F0000303A2A55641CE4B2491CC9B22829EED390
:106F1000012C29D0022C2AD0032C31D03EE0012CA8
:106F200004D0022C05D0032C0CD019E09DF80020D1
:106F300015E09DF800209DF8014002EB820204EB71
:106F400042020CE09DF80040642254439DF8012069
:106F500002EB820204EB42029DF802402244DA5521
:106F60007F1CFFB20024CFE79DF8000015E09DF8DC
:106F700000009DF8011000EB800001EB40000CE0E8
:106F80009DF80010642041439DF8010000EB800053
:106F900001EB40009DF802100844D855B8F1000FED
:106FA0001DD09DF8080096F87210884211D19DF806
:106FB000090096F8731088420BD19DF80A0096F8E4
:106FC0007410884205D19DF80B0096F87510884220
:106FD00008D00298C6F872008EE01EE01CE002980D
:106FE000C6F872008DF8029000278DF801903C469B
:106FF0008DF8009093A192480FF050FE00280CD01D
:10700000002103AB0A30425C2E2A09D0032F01D3A2
:10701000222A32D0022C28D9002004B0BDE8F08703
:10702000012C04D0022C05D0032C0CD019E09DF8C3
:10703000002015E09DF800209DF8014002EB82023F
:1070400004EB42020CE09DF80040642254439DF89A
:10705000012002EB820204EB42029DF8024022442E
:10706000DA557F1CFFB2002403E0303A2A55641C35
:10707000E4B2491CC9B22829C5D3012C04D0022C82
:1070800005D0032C0CD019E09DF8000015E09DF808
:1070900000009DF8011000EB800001EB40000CE0C7
:1070A0009DF80010642041439DF8010000EB800032
:1070B00001EB40009DF802100844D855B8F1000FCC
:1070C0001CD09DF80C0096F86E10884211D19DF8E6
:1070D0000D0096F86F1088420BD19DF80E0096F8BF
:1070E0007010884205D19DF80F0096F87110884203
:1070F00007D00398C6F86E0002208EE70398C6F802
:107100006E00012089E710B54FF4FA74234600227F
:10711000AFF660114EA0FFF7ACF9002808D0234667
:107120004FA2AFF67011BDE810404EA0FFF7A1B915
:1071300010BD10B54FF47A70E6F7AAFD4CA14D488A
:10714000FFF7CDF8BDE810404FF4FA70E6F7A0BDA8
:10715000F0B50E46002440F22621ADF5177D1F46FE
:1071600015468A421ED838B13246AFF6C0014148B2
:10717000FFF7B5F8012423E0052F06D213463A465F
:107180003DA1684611F080F803E040A1684611F087
:107190007BF868460FF09EFD0104090C02D0B1F5A2
:1071A000077F03D900200DF5177DF0BD6846FFF776
:1071B00005F80220E6F76CFD29463046FEF7FEFF93
:1071C0002046F0E72DE9F0411D4E07460025B6F8B0
:1071D00000046FF30E00A6F8000496F8010420F0F6
:1071E000800086F8010440F2024130460FF04BFD6A
:1071F000002404E00A20E6F74BFDE1F718FE96F8BC
:107200000104000604D42046641CA4B26428F1D30F
:10721000B6F800140020C1F30E01705427B91FA165
:1072200007480FF03BFD00B1054D2846BDE8F08151
:10723000E0A203603A676174657761793A220000E1
:10724000583B04603A6E65746D61736B3A220000BE
:1072500041542B4349504D4F44453D3100000000FF
:107260003E00000041542B43495053454E4400001A
:107270002B2B2B00004C004041542B4349505345CD
:107280004E443D25642C25640D0A000041542B43D7
:10729000495053454E443D25640D0A002B49504446
:1072A000000000004049C0EBC00010B501EB4001F8
:1072B0000E223E480FF0CEFC3C48D0F80500BDE859
:1072C00010400047704710B50020E6F774F83649C3
:1072D0001439086101200870BDE810400020E1E782
:1072E000704708B53226FFF7EEFF6420E6F7D0FCC2
:1072F0002D4C2E4D4FF0FF37143C39462069E6F7F0
:107300003CF9012838D12A48002314226946006834
:10731000E6F793F801280CD1D5F80110BDF800006C
:107320008847687B10B1E5F7CDFBA060D5F8090070
:107330008047207801281CD1A078401CC0B2A070E2
:107340000A2804D3D5F8090080470020A070687B84
:1073500078B1E5F7B7FBE060A168411A687B00EB04
:107360004002C2EBC010B1EBC00F02D30020FFF708
:1073700099FF2069E6F72BF83046E5F7CEF9BCE730
:10738000094900201439487070471CB506494FF46C
:10739000C0721039CDE90001002306A1AFF2BD0093
:1073A000E5F716F81CBD0000CC0300605A3F0460EE
:1073B0001C0200604D656E755461736B0000000027
:1073C0002DE9FE4347F6196846464046F2F71CF998
:1073D000FF4C4FF0000984F80390FE49FE4F4FF632
:1073E000FF7591F8FF20227191F8FE10FBA3491E52
:1073F0006171C7F80090C7F8049087F8089084F886
:107400000690CDE9005600220A210120F2F7D5FAB4
:10741000CDE90056F5A332220A210120F2F7CDFA78
:10742000CDE90056EDA324220A210120F2F7C5FA86
:10743000CDE90056E9A341220A210120F2F7BDFA65
:107440002079EE4E012803D058B1022811D01DE05A
:107450006079C0EBC00101EB0010E94901EB40008D
:107460000DE06079E749C0EB001000EB40000844F4
:1074700005E06079C0EBC00101EB4010304450F8EA
:10748000151F396041687960007A3872ED21CDE9C5
:10749000001547F61760002302901A462421F020B9
:1074A000F2F77AFBD949D848086069216620F3F7DA
:1074B00071F894216620F3F76DF8BF216620F3F789
:1074C00069F8B6F8150024F8070FF07DA070C048E1
:1074D0004F46C01D6C2280F80490B08FA08096F8B3
:1074E0003E00A071BA480A210B3080F80490B6F82B
:1074F0006300208196F86500A072B54844460F30BD
:10750000A0F1080380F80490CDE900580120F2F7BB
:1075100054FAAF4BCDE900540B3397220A210120D6
:10752000F2F74BFAAA4BCDE900540F33C2220A21DD
:107530000120F2F742FAB64C0021C1EBC10202EB86
:107540000112002004EBC203C0EBC00202EB0012E8
:107550009D5CFF2D00D19F54401CC0B20828F3D37E
:10756000491CC9B20429E8D3BDE8FE8370B50546BD
:107570001446084610F004F8B5B1012D18D0022DBC
:107580001AD0032D1CD0042D1ED0052D20D0062D81
:1075900002460B4620D09FA1204610F075FE002029
:1075A000215C20291ED119E00B4602469AA1F3E77F
:1075B0000B4602469AA1EFE70B4602469AA1EBE77B
:1075C0000B4602469AA1E7E70B4602469AA1E3E77B
:1075D0000B4602469AA1DFE79BA1DDE7401CC0B243
:1075E0000928DDD3C0F10901CAB2A0EB5001CBB22A
:1075F000002105E045185E18655D491CA555C9B216
:107600009142F7D39818C0B2202102E02154401CC7
:10761000C0B20928FAD370BD2DE9FE4F6C4A202074
:10762000D21DDFF8AC811070DFF8D0B15070404649
:10763000BBF8153020F8073F9BF817308370002700
:10764000D770BBF83C2082809BF83E20827108F105
:107650000B02D770BBF8632002819BF86510817222
:1076600008F10F00C7700120F2F7B1FA0220F2F71B
:10767000AEFA0320F2F7ABFA75484FF6FF7547F6FE
:10768000196490F85A0030B14FF48976012809D076
:10769000022812D037E0F3F7A4F8F2F7B3FDF2F7BF
:1076A00036FD30E047F61760CDE900504FA3ED22DC
:1076B00000210120F2F781F901E0F3F792F8CDE91A
:1076C0000064022300222D2137200294F2F764FA8D
:1076D000CDE900643E2300222D2137200294F2F7E9
:1076E0005BFACDE900647A2300222D213720029431
:1076F000F2F752FACDE90064B62300222D2137209B
:107700000294F2F749FA334A98F80430414692F865
:10771000FF004FF0010A984202D0087181F806A0DC
:1077200092F8FE004A79401E904202D0487181F8DA
:1077300006A091F804904E7998F8060008B388F8EE
:107740000670CDE9005425A300220A210120F2F79A
:1077500034F9CDE9005425A332220A210120F2F7A1
:107760002CF9CDE900541DA324220A210120F2F7AF
:1077700024F9CDE9005419A341220A210120F2F78E
:107780001CF9642114484FF47A72B9F1010F06D044
:10779000B9F1000F78D0B9F1020F76D0BFE0C6EB97
:1077A000C60303EB0616164B03EB460696F828C0F5
:1077B000BCF1010F6BD088F803A098F80510C1EB5D
:1077C000C10202EB011103EB410151F8152F41E019
:1077D000220400604E040260683F046020202020E4
:1077E00020202020202020202020000020202020D9
:1077F0002020202020202020000000009214026081
:10780000BDEB04607DF70460A4010060A00100608E
:10781000C03502602566000025392E306600000064
:1078200025392E316600000025392E326600000011
:1078300025392E336600000025392E3466000000FD
:1078400025392E356600000025392E3666000000E9
:10785000C090036002604A684260097A0172CDE913
:107860000054FB4B00221E210120F2F760F996F82C
:107870002600002896F82D007ED0012836D0022858
:107880007BD0032828D029E050E088E0FFE788F883
:10789000037096F82D00042804D0032809D01B2873
:1078A0000ED012E0D6F81E00012290FBF1F001B2DA
:1078B000C1E0D6F81E00002290FBF1F001B2BAE060
:1078C000D6F81E0090FBF1F0B3E0D6F81E0090FB56
:1078D000F2F001B26422AEE0DEA308E004287DD01D
:1078E00005287CD00A287BD00B287AD0B5E032223C
:1078F0000FE0022876D0032875D0042874D005281C
:1079000073D00A2872D00B2801D0D4A3EFE7D4A3F8
:107910000022CDE900540A210120F2F74EF898F830
:107920000200414605287DD90F70B9E0C6EB06116B
:10793000CC4A01EB41018E1896F82310012928D07A
:1079400088F803A098F80510C14BC1EB011101EBB9
:107950004101114451F8152F02604A684260097ACA
:107960000172CDE9005400221E210120F2F7DFF858
:1079700096F82500002801E00EE070E096F9280056
:107980000AD0012869D0022869D00328A6D1B6A35D
:10799000ADE788F80370C2E70128B6D0A9E7C6EBC7
:1079A000C60303EB46165E4496F823C0BCF1010FF4
:1079B00028D088F803A098F80510A54BC1EBC102A8
:1079C00002EB4111594451F8152F02604A68426098
:1079D000097A017200221E21012008E041E042E004
:1079E00043E044E045E046E047E048E049E0CDE9D7
:1079F0000054F2F79CF896F82400002896F8260028
:107A0000BFD1C9E788F8037096F8260002283FF432
:107A100049AF01283FF44DAF052810D0042815D0F8
:107A2000172800E02FE07FF43CAFD6F81E0090FB53
:107A3000F2F001B206220020F2F775FF6FE7D6F8E8
:107A40001E0090FBF2F001B20522F4E7D6F81E000A
:107A500090FBF2F001B20422EDE785A347E785A38E
:107A600045E786A343E787A341E788A33FE788A3C9
:107A70003DE789A33BE78AA339E78BA337E78DA3CB
:107A800035E78EA333E7401C8870087843F6EF464D
:107A900001280AD002281AD003283CD004287CD020
:107AA00098F80300012879D088E098F803000128AD
:107AB00006D1CDE90054664B00221E21F2F737F8BB
:107AC000CDE900566C220A217E4B01207CE098F81B
:107AD0000300012806D1CDE900545D4B00221E2190
:107AE000F2F725F8CDE90054764B6C220A210120EB
:107AF000F1F763FF734BCDE900561B1D97220A2156
:107B00000120F1F75AFF6F4BCDE900540833C22230
:107B10000A21012022E098F80300012806D1CDE9CE
:107B200000544B4B00221E21F2F701F8CDE900541E
:107B3000644B6C220A210120F1F73FFF614BCDE934
:107B400000541B1D97220A210120F1F736FF5D4BDF
:107B5000CDE900560833C2220A210120F1F72DFF9A
:107B600059498878022842D0052857D0062855D090
:107B7000564AD2230097CDE901541A210846F1F75D
:107B8000EFFFDFF84C814FF0000398F800000097FA
:107B9000A0B31A214F4A0D2001E005E01EE0CDE917
:107BA0000154F1F7DDFF44E098F80300012805D106
:107BB000CDE900560022264B1E2115E0CDE90054E8
:107BC000404B6C220A210120F1F7F7FE3D4BCDE935
:107BD00000541B1D97220A21012092E7CDE9005491
:107BE0001B4B00221E210120F1F7A1FFE6E7087AD6
:107BF000462804D2D223384A0097BCE712E0502826
:107C000003D2D223354A0097B5E75A284FF0D20362
:107C1000009701D2324AAEE7324AACE7D223324A69
:107C20000097A8E7CDE9015400221A210D20F1F7B1
:107C3000B3FF2E4E4FF00D033078009738B1CDE9E9
:107C400001542B4A1A210D20F1F78AFF59E051E027
:107C5000683F046053545241540000004F464600B0
:107C60004C4F57007DF704605354415254000000BC
:107C70004F4E00004F50454E00000000454E41421F
:107C80004C454400414C41524D0000004F434300DD
:107C90004849474800000000434C4F53454400000A
:107CA00053544F500000000044495341424C454456
:107CB000000000004E4F524D414C0000554E4F43C6
:107CC0004300000029040060E0A20360DEA5040870
:107CD0006D0200602E860408768B0408BE900408AE
:107CE000069604084E9B040896A004086C020060E7
:107CF000D2880408CDE9015400221A210D20F1F7A1
:107D00004BFF98F8001009B188F80070307800280F
:107D100000D03770BDE8FE8F0246C2EBC20303EB12
:107D20000212FA4B0020014603EBC202C1EBC10371
:107D300003EB0113D35C002B05D0401C491CC9B2D6
:107D4000C0B20829F2D370472DE9F05FDFF8C0A375
:107D50000546F04A9AF800109AF805008B464B1E2B
:107D6000C0EBC00101EB001102EB410CDFF8A8E30E
:107D7000C0EBC00101EB401101EB0E07E74EC0EB79
:107D8000001101EB4101CBEBCB0800249AF8042051
:107D90000E4408EB4B184FF0010908EB0E01082DBB
:107DA0007DD00FDC002D7BD0012D79D0022D19D094
:107DB000042D75D14FF0000855468AF80280022B39
:107DC0006FD99FE0092D6DD0B5F5817F6BD0B5F5EA
:107DD000827F65D14FF0000855468AF80280022B59
:107DE00071D98FE04FF0000855468AF80280022BC7
:107DF0006BD811F8010C7746653802286BD8D8B2D9
:107E0000FFF78AFF2B78BA46C3EBC302BF4EC3EB22
:107E1000C30702EB031207EB431700214FF47A78F4
:107E200006EBC20207EB0A0C10E05CF8093CC1EB60
:107E3000C10793FBF8F307EB0117174437F8A37C4E
:107E4000BB4201D10C4643E0491CC9B28142ECD38C
:107E50003EE02878C0EBC00101EB0010C4EBC40188
:107E600006EBC00001EB04173844A0380EF032FFD7
:107E700050B32878C0EBC00101EB001006EBC00046
:107E8000384410F8A00CFF2820D02878C4EBC40296
:107E9000C0EBC00101EB001106EBC10104E0F7E10A
:107EA00014E117E10DE252E002EB041211444FF429
:107EB0007A7231F88C1C5143C0EBC00202EB4012C5
:107EC00002EB0A0058E167E100E01BE0641CE4B249
:107ED000072CBED3C9E111F8040C00287ED051F85C
:107EE000090C8F4A90420ADA00F57A7041F8090CC1
:107EF000BBE101F8039CB8E101F8038CB5E141F85E
:107F0000098CB2E18AF80690012A03D0022A09D02E
:107F100082B1AAE19CF8260000287CD000208CF8D1
:107F20002600A2E197F82400002875D0002087F8E9
:107F300024009AE196F8251000296ED0002186F8D9
:107F4000251009B14FF47A71F0F7EBFA8DE14FF09B
:107F5000000855468AF80280022B70D811F8010CEF
:107F60007746653802286CD8D8B2FFF7D5FE2B7853
:107F7000BA46C3EBC302654EC3EBC30702EB031261
:107F800007EB431700214FF47A7806EBC20207EBA8
:107F90000A0C10E05CF8093CC1EBC10793FBF8F355
:107FA00007EB0117174437F8A37CBB4201D10C46FD
:107FB00042E0491CC9B28142ECD33DE02878C0EBD5
:107FC000C00101EB0010C4EBC40106EBC00001EBE3
:107FD00004173844A0380EF07DFE00E008E148B3F5
:107FE0002878C0EBC00101EB001006EBC00038445C
:107FF00010F8A00CFF281DD02878C4EBC402C0EBF9
:10800000C00101EB001106EBC10102EB04121144A7
:1080100031F88C1C02E035E136E137E14FF47A7239
:108020005143C0EBC00202EB401202EB0A0040F8E1
:10803000091C45E0641CE4B2072CBFD340E01AE001
:10804000FFE711F8040C50B151F8090C344A904282
:108050000EDA42F21072104441F8090C30E011F8C7
:10806000030C10B101F8038C2AE001F8039C27E00F
:1080700041F8098C24E08AF80690012A03D0022AEC
:108080000AD092B11CE09CF8260018B100208CF8B0
:10809000260015E00120FAE797F8240018B1002027
:1080A00087F824000CE00120FAE796F8251079B152
:1080B000002186F8251009B14FF47A71F0F731FAF2
:1080C000184880F80290184880F80090BDE8F09FAA
:1080D0000121EEE711F8010C76466538022853D8E5
:1080E000D8B2FFF719FE2A78B046C2EBC207DFF814
:1080F0001CA0C2EBC20607EB021706EB42160021DA
:108100004FF47A730AEBC707464420E0C03502609B
:1081100022040060BDEB0460921402607DF70460ED
:10812000583E0F005CF80260EE02006056F8092C21
:10813000C1EBC10C92FBF3F20CEB011CBC443CF80C
:10814000A3CC624501D10C4603E0491CC9B281426F
:10815000ECD3564615E02878C0EBC00101EB0010C7
:10816000C4EBC40106EBC00001EB04110844CE3897
:108170000EF0B0FDD8BB02E040F8091C75E0641EAB
:10818000E4B2002CE7D170E011F8040C80B351F890
:10819000090DA0F57A7067E011F8010CF446653816
:1081A000022859D8D8B2FFF7B7FD2A78DFF81CA10A
:1081B000C2EBC206C2EBC20706EB0216E04607EBB3
:1081C000421700214FF47A730AEBC606474412E0C7
:1081D00057F8092CC1EBC10C92FBF3F20CEB011C1C
:1081E000B4443CF8A3CC624503D10C4605E016E04C
:1081F00042E0491CC9B28142EAD3564629E02878B8
:10820000C0EBC00101EB0010C4EBC40106EBC000E1
:1082100001EB04110844CE380EF05CFDB8B12878AB
:10822000C4EBC402C0EBC00101EB001106EBC101BD
:1082300002EB041211444FF47A7231F8BA1C514324
:10824000C0EBC00202EB401202EB080094E7641E90
:10825000E4B2002CD3D108E011F8040C60B151F85D
:10826000090DA0F51C5010380860194981F80290DA
:10827000184981F8009029E711F8030C00287FF4D1
:108280003BAE36E601204AE6012050E6012156E6E3
:1082900011489AF8032051460078401CC0B2012AC8
:1082A00004D0BBF1030F04D2087004E0BBF1040F4B
:1082B000FAD381F8009081F8019000208AF802003A
:1082C00004E7BDE8F05F0120FEF7ECBFC0350260B7
:1082D0005CF80260EE0200602204006070B5804825
:1082E0008049814C0078012538B1012808D000224E
:1082F000022809D003280FD00FE091F8C50001E053
:1083000091F82C00A08008E091F82600092803D0FD
:10831000012801D0A58000E0A280F1F7E3FFFCF77F
:10832000ADFCA57070BD10B56F4C86B06078401C78
:1083300000F001006070C00704D00020F1F757FB87
:1083400006B010BD6648017867488088F1B147F6ED
:1083500019624FF6FF7301291ED0022929D0032983
:10836000EED1072801D90720A080A0885F49C0EB83
:10837000C0000844016802918188ADF80C10807932
:10838000CDE900328DF80E0002AB18E001B22022D8
:108390000020F1F7C8FFD3E7052801D2052002E04D
:1083A000092801D90920A080A0885149C0EBC0004C
:1083B000DFE7CDE9003208B14EA300E04FA3C222AF
:1083C00000210120F1F7F9FABAE770B5464B454CA8
:1083D0004C4D9A88D1B238B1012817D0022821D04B
:1083E000032800D1197070BD29710620FCF7C7FE63
:1083F00045492879087084F8F20084F8C500687946
:108400000028F0D1BDE8704008F01CBD3F48017065
:1084100084F82C100920FCF7B2FEBDE87040002063
:10842000FCF70DBF7AB10220988085F8280084F807
:1084300026000020F5F7F4F995F82800012808D067
:10844000092806D00BE00920988085F8280084F8D8
:108450002600002009F04AFE002008F0F3FCF3F7A4
:1084600003FB95F828101D20FCF789FE0021E92068
:10847000FCF785FE2649002008702649088070BD5B
:1084800070B5C4B21648244A174B0078092C00EB8B
:10849000400102EBC102998812D2DFE804F0111406
:1084A00005110B1111111200B2F91400884207DDF9
:1084B000491C04E0B2F91600884201DA491E99808D
:1084C00070BD012007E0022803D8FFF77EFF0020DF
:1084D00001E019700320BDE87040FEF7E3BE000024
:1084E000420300604E0402603604006001AE0408DE
:1084F000ADAD04084D4F4442555300004241434E38
:1085000045540000C090036069010060790200607A
:10851000F60200600A0300604DAD040810B5424940
:1085200000200870F1F7DEFEBDE81040FCF7A6BBA6
:108530003E4928B1012805D0022807D00020704705
:10854000087970473A4890F82C007047487970478E
:1085500030B5354885B0007880B1354947F61964A3
:108560004FF6FF75012812D002282FD003280CD116
:10857000304831490078C0EBC00017E0FFF7D8FF62
:1085800001B220220020F1F7CEFE05B030BD91F8F7
:108590002C20501F072813D2DFE800F00404040445
:1085A000041204002449C2EBC20054390844016893
:1085B00002918188ADF80C1080798DF80E0003E0EF
:1085C0001EA102A80FF060FE02AB06E091F82600A3
:1085D00001280AD0092808D01AA3CDE90054C222E4
:1085E00000210120F1F7E9F9CFE718A3F5E7AFE79C
:1085F0000D49C2B2092A087814D2DFE802F013103C
:108600000513091313130E00032804D2401C01E0C4
:1086100008B1401E0870FCF731BB002000E00220CA
:10862000FEF740BE7047000042030060C090036048
:108630004E0402603604006001AE040876616C20CE
:10864000256400004D4F4442555300004241434EC3
:10865000455400007FB547F619642046F0F7D4FF73
:10866000F74E4FF6FF7502ABF07830700020707057
:1086700053208DF8080043208DF8090048208DF81C
:108680000A00F0480022017820203131CDE9005461
:108690008DF80B108DF80C0050210120F1F747FAEE
:1086A000317881B1012910D0022910D0032910D0CE
:1086B000042910D0052910D0062910D0072910D080
:1086C000082910D017E0E0A30EE0E0A30CE0E0A33F
:1086D0000AE0E0A308E0E0A306E0E0A304E0E0A3F2
:1086E00002E0E0A300E0E0A3CDE90054182250210D
:1086F0000120F1F71CFACDE90054DCA3302200215F
:108700000120F1F714FA43F6EF46CDE90056D8A35D
:10871000482200210120F1F70AFACDE90054D3A341
:10872000602200210120F1F702FACDE90056D0A322
:10873000782200210120F1F7FAF9CDE90054CBA30A
:10874000902200210120F1F7F2F9CDE90056C8A3EB
:10875000A82200210120F1F7EAF9CDE90054C3A3D2
:10876000C02200210120F1F7E2F9CDE90056C0A3B3
:10877000D82200210120F1F7DAF97FBD2DE9FF5F52
:10878000BC49AF4D47F6196608784FF6FF7700F001
:108790000100401C0870C00701D0B7A323E028786F
:1087A00080B1012810D0022810D0032810D004284E
:1087B00010D0052810D0062810D0072810D008287F
:1087C00010D017E0A0A30EE0A0A30CE0A0A30AE045
:1087D000A0A308E0A0A306E0A0A304E0A0A302E0F9
:1087E000A0A300E0A0A3CDE900761822502101202B
:1087F000F1F79DF9DFF848A20024A9460AF1040A1E
:108800004FF00A0830250AF1200B8E48007800EB63
:10881000C0019D4800EB011199F8000001EB001127
:1088200011F8140001EB440149780A2902D28DF8AD
:1088300008500BE00C290DD84246B1FBF2F330335F
:108840008DF80830B1FBF8F308FB131130318DF8C7
:10885000091003E08DF808508DF809503A218DF881
:108860000A100A2802D28DF80B500BE03B280DD8D5
:108870004146B0FBF1F230328DF80B20B0FBF8F23C
:1088800008FB120030308DF80C0003E08DF80B501F
:108890008DF80C5000208DF80D00CDE900760AEB24
:1088A000840002AB42880BEB840001880120F1F7C1
:1088B0003EF9641CE4B2082CA7D3BDE8FF9F70B555
:1088C0005F4CC1B20025207809290BD2DFE801F006
:1088D0000A18050A0B0A0A0A1100082801D2401CCE
:1088E00005E0257070BD08B1401E00E00820207032
:1088F00070BD47F61960F0F787FEE570022002E0D0
:10890000E07065700420BDE87040FEF7CBBC1CB57C
:108910004B4847F619614FF6FF72007888B101287D
:1089200011D0022818D0032818D0042818D0052800
:1089300018D0062818D0072818D008280BD14AA329
:1089400002E041A300E041A3CDE90021182250211B
:108950000120F1F7ECF81CBD3DA3F5E73DA3F3E7DB
:108960003DA3F1E73DA3EFE73DA3EDE73DA3EBE733
:108970002DE9FF5F3F49DFF8C8E0DFF8C4A00878C1
:108980004FF03A0700F00100401C0870C2072D4864
:108990003D494FF0000C47F619684FF6FF790EF18C
:1089A000040E4FF00A064FF0300514D000789AF804
:1089B000012000EBC00001EB00109AF8001000EB62
:1089C000011322F00100195C184440780A287DD276
:1089D0008DF808508EE01A4F0024C346F046243725
:1089E0001848007800EBC001274800EB01109AF806
:1089F000001000EB011111F8140001EB440149785B
:108A00000A2902D28DF808500AE017290CD8B1FBC8
:108A1000F6F230328DF80820B1FBF6F206FB1211A7
:108A200030318DF8091003E08DF808508DF80950A9
:108A30003A218DF80A100A2828D28DF80B5030E020
:108A40003C040060360400604D6F6E005475730086
:108A50005765640054757200467269005361740072
:108A600053756E0045783100457832004F4E000056
:108A70004F46460037040060202020202020202080
:108A80002020202020000000707E02603B280CD8AF
:108A9000B0FBF6F130318DF80B10B0FBF6F106FBB0
:108AA000110030308DF80C0003E08DF80B508DF87C
:108AB0000C5000208DF80D00CDE9009B08EB8400E0
:108AC00002AB428807EB8400018800E007E0012048
:108AD000F1F72DF8641CE4B2082C81D3EDE61728D9
:108AE0000CD8B0FBF6F330338DF80830B0FBF6F35A
:108AF00006FB130030308DF8090003E08DF80850B4
:108B00008DF809508DF80A700A2905D230318DF898
:108B10000B508DF80C1012E03B290CD8B1FBF6F08D
:108B200030308DF80B00B1FBF6F006FB1010303042
:108B30008DF80C0003E08DF80B508DF80C508DF87B
:108B40000DC0D1074FF0200012D08DF80B008DF82A
:108B50000C005008CDE900980EEB800102AB4A886A
:108B6000BB4901EB800001880120F0F7E0FFA4E69B
:108B70008DF808008DF80900EBE7C0B209280BD288
:108B8000DFE800F00A07070A070A0A0A05000320BF
:108B900000E00520FEF786BB7047AE4810B5AC4A32
:108BA0000078AD4B243A00EBC00003EB00131046F5
:108BB00051780078CC0703EB001021F0010102D0BE
:108BC000405C907010BD08444078FAE72DE9FF5FE3
:108BD000A249DFF87C92DFF878E20878A9F1200951
:108BE00000F00100401C0870C2079A489A494FF0F3
:108BF0003A074FF0000C47F619684FF6FF7B4FF02D
:108C00000A064FF03005A9F1040A14D000789AF84A
:108C1000012000EBC00001EB00109AF8001000EBFF
:108C2000011322F00100195C184440780A286DD223
:108C30008DF8085075E00024774686489AF80120A0
:108C40000078D30700EBC001834800EB01109AF8CD
:108C5000001000EB011010F8141000EB44004078F5
:108C600009D0B4EB520F01D19AF802100A2808D2A9
:108C70008DF8085010E0B4EB520FF7D19AF80200CB
:108C8000F4E717280CD8B0FBF6F230328DF8082044
:108C9000B0FBF6F206FB120030308DF8090003E05D
:108CA0008DF808508DF809503A208DF80A000A29ED
:108CB00005D230318DF80B508DF80C1012E03B29A5
:108CC0000CD8B1FBF6F030308DF80B00B1FBF6F0AC
:108CD00006FB101030308DF80C0003E08DF80B50BF
:108CE0008DF80C5000208DF80D00CDE900B809EB8F
:108CF000840002AB428807EB840001880120F0F772
:108D000016FF641CE4B2082C97D3D6E517280CD8BC
:108D1000B0FBF6F330338DF80830B0FBF6F306FB0A
:108D2000130030308DF8090003E08DF808508DF8FD
:108D300009508DF80A700A2905D230318DF80B5090
:108D40008DF80C1012E03B290CD8B1FBF6F0303056
:108D50008DF80B00B1FBF6F006FB101030308DF8EB
:108D60000C0003E08DF80B508DF80C508DF80DC001
:108D7000D1074FF0200011D08DF80B008DF80C00BA
:108D80005008CDE900B809EB80010EEB80004A885D
:108D9000018802AB0120F0F7CAFE8EE58DF80800CD
:108DA0008DF80900ECE72A4A30B4C0B20023243A17
:108DB000092812D2DFE800F0112505111311111155
:108DC00021005078C007907802D03B2804D201E0FF
:108DD000172801D2401C0CE0937030BC70475078CB
:108DE000C007907802D030B1401E02E00028FBD1CD
:108DF00017209070F1E73B20FBE730BC0420FEF722
:108E000051BA1449144C50780978C50701EBC101D7
:108E100004EB01140E4920F00105A1F124010978A9
:108E200004EB0111947805D04C550F2805D2401C55
:108E3000507003E029444C70F7E753700849012053
:108E40000870084908740848006830BCE3F762BD40
:108E50006004006036040060707E026037040060C9
:108E6000EE0200605CF80260BC03006010B5FF4CCD
:108E700001202070E2F728FD08B12A2812D1FC4811
:108E8000007808B102202070FA49002001F0A8F80B
:108E900020710020A070FF21F74A61702178A2F8AC
:108EA0005210E07010BDF54890F8230001280FD053
:108EB00005280DD002280BD0062809D0042807D099
:108EC000072805D00C2803D0032801D0082804D196
:108ED000E6480078012800D1C8E770472DE9F04F37
:108EE00085B00C460546302903D3012005B0BDE806
:108EF000F08F0A2601274FF030084FF031094FF06C
:108F0000410A4FF0440B182C4FF01402DCA16846C4
:108F10003DD20DF09FFE07EB54000A280AD3B0FBA8
:108F2000F6F130318DF80710B0FBF6F106FB1100B9
:108F3000303003E08DF8078009EB54008DF808000D
:108F4000E00721D08DF809B04FF47A70B5FBF0F14D
:108F500030318DF80310B5FBF0F100FB11516420A6
:108F6000B1FBF0F130318DF80410B5FBF0F100FBEE
:108F70001150B0FBF6F030308DF80500B5FBF6F07F
:108F800006FB105030302BE08DF809A0DCE70DF027
:108F900061FEA4F1180000EBD07107EB61000A2814
:108FA0000ADB90FBF6F130318DF8071090FBF6F1FB
:108FB00006FB1100303003E08DF8078009EB6100FB
:108FC0008DF80800E0071ED08DF809B054208DF808
:108FD000030049208DF804004D208DF805005F2026
:108FE0008DF8060004EBC400A94900EBC41001EBA6
:108FF00080001322694601F011F800287FF476AF53
:109000009A494C7072E78DF809A0DFE72DE9F05F0F
:10901000964E83469A46307815460C46022802D072
:109020000120BDE8F09F307908B10020F9E7DFF8B2
:109030006492C821D9F80000E4F79FFA0028F0D024
:109040004FF00108012D11D008EB4400C5B2707833
:10905000A8420DD029465846FFF740FF40B10024F2
:10906000D9F80000E4F7B3F92046DAE76000EDE74D
:1090700005EBC50000EBC511854800EB81045146A6
:10908000204601F03DFA0027C8B129465846FFF7AF
:1090900025FF2046514601F033FA0500B07800F173
:1090A0000100B07000D1B770B078052806D97249B8
:1090B000B7700520A1F82A80E7F7A6FAA5B96B4B8F
:1090C0004FF4C875B77020460C332A46724901F038
:1090D00042F82A46704971480DF0BCFD70498A4536
:1090E00002D1204601F003FA0124B9E72DE9FF4F30
:1090F00082465E4883B000260178DDF840801F4636
:109100003546B146022905D00120C3F80090C8F8C1
:10911000000009E0BAF1180F06D2DDE9041291420D
:1091200002D88346007910B1002007B0DFE6594825
:10913000C8210068E4F721FA0028F6D00AF11800E7
:10914000C1B20020FFF7CAFE0446C7F800904FF4F2
:1091500000715148C8F800900DF095FD3CB1002019
:1091600000904C480068E4F732F90098DDE7119868
:10917000C409B4F5005F04DB46480068E4F727F94A
:10918000D2E70AEBCA0101EBCA10414901EB8000AA
:1091900043F26031084401906102019801F0B0F996
:1091A00040B9324B4FF400720C333B49019800F048
:1091B000D2FF10B10020009079E011997F20A1F139
:1091C000010E00EBC41272454ED2D2B1324901EB0E
:1091D00080010968B9B3334BDFF8CCC00B44634559
:1091E00022D300EBC410401E002801DD921E3A601D
:1091F0000120841E06460546C8F80000CBF80890FA
:1092000055E056EA050002D0012D04D009E0484699
:10921000C7F8009003E00AF10100C7F80090C8F811
:1092200000004FF0FF34E9E7059B994205D225B9CC
:1092300002F1010A0125CBF80890049B994200D263
:1092400016B1012E0AD00FE001263A60012D03D19C
:10925000AAEB0202C8F80020CBF80890012D03D138
:10926000A81E0446CBF80890401E1FE08004006052
:1092700036000060713F046088F90160C0900360AF
:10928000303A2F202020202020202E62696E0000FE
:109290009F4104601C0100605FA80460AC14016081
:1092A000708E010080F6B6A5815E921689D5641E87
:1092B0007FF572AFDBF8080000287FF452AF012081
:1092C0000090019801F013F94BE72DE9FF5F6B4F18
:1092D00088463878022802D0012004B0A1E602981E
:1092E00001280ED0012101EB4800C4B204F118009E
:1092F0000026C1B23046FFF7F1FD28B10D2863D03A
:10930000B8E04FEA4800F0E7EEF7F0FD5C490546AB
:1093100008445C49DFF870A14FF0000988423AD256
:109320005A4850F82400810004EBC40000EBC4123A
:10933000574800EB820243F260301044834601F04C
:10934000DFF818B10221AAF82A1024E051484B4B4B
:109350005049C0F86E505846103304226E3100F068
:109360009AFFA8B10322AAF82A20BAF83020521C8A
:10937000AAF83020AAF83200B878401CC0B2B87001
:10938000052808D987F802900520E7F73DF902E0A3
:1093900087F80290012604EBC40000EBC4113C489E
:1093A00000EB810543F26030284401F0A0F896B349
:1093B000BAF834100026491CAAF834102146009847
:1093C000FFF78CFD30B155E033490320387081F848
:1093D000C2004FE0BAF814102846491CAAF814102D
:1093E000039901F08DF8B8B1BAF816005546401C43
:1093F000AAF8160021460098FFF770FDB8780421FE
:10940000401CC0B2B8706985052833D987F802902E
:109410000520E7F7F9F82DE0BAF818104FF4C874F2
:10942000491CAAF8181008EBC80101EB08101B49E9
:1094300087F8029001EB4011029A1648012A224651
:1094400000F16E0001D001F5C8710DF003FC0B4B6B
:1094500010492846103322466E3100F01CFF104997
:1094600003988842284602D101F041F801E000F05B
:10947000F2FF0126304630E701207047800400608B
:109480007FF6B6A57F5E921688F901604C140160E4
:109490009F410460F1A704604E0402603C16016025
:1094A000708E010010B518B9E2F70EFA002800D04E
:1094B000012010BD0020704770B514460D460BB159
:1094C00048B901E0042070BD1A4621462846E2F75B
:1094D000CAFA0028F7D0012070BD2DE9F0411D0027
:1094E00016460F464FF01F0401D070B902E0042069
:1094F000BDE8F0812A4631463846E2F7E8FA30B155
:10950000641E14F0FF04F5D108B10120F0E700203B
:10951000EEE708B10120704739B1012905D00229D1
:1095200005D0032906D004207047002070474FF46F
:10953000007000E008201080F7E7002070470FF06F
:10954000D9BE0FF001BD00002DE9F041D0F82A503E
:109550000F460446BD422FD0217904F12E08F1B107
:10956000607801232A464146FFF7B7FFF8B900208B
:109570002071D4F81E00D4F81A100844A8420ED95D
:10958000E6780AE0D4F81A000123054460782A46F8
:109590004146FFF7A2FF761EF6B2012EF2D85FB168
:1095A000607801233A464146FFF786FF10B101205B
:1095B000BDE8F081C4F82A700020F9E72DE9F041F8
:1095C00004460021FFF7C0FF050057D1207803288B
:1095D0004DD16079E8B3002604F12E00C4F82A606A
:1095E0004FF400723146074601F0ABFD552084F878
:1095F0002C02AA2084F82D02522084F82E0084F830
:109600002F00612284F83020412084F8310072213B
:1096100084F8121284F8131284F8140284F81522C4
:10962000D4F80E0084F81602010A84F81712010C0F
:1096300084F81812000E84F81902D4F80A0084F88D
:109640001A02010A84F81B12010C84F81C12000E85
:1096500000E00CE084F81D0254F8122F012314F8E6
:10966000110C3946FFF739FF04F80D6C123C00224B
:1096700060781146FFF74DFF00B10125284697E7B6
:10968000D0F81620891E921E8A4201D80020704709
:10969000D0F82620807801FB002070472DE9F041AA
:1096A0000D460446022903D3D4F81600A84201D877
:1096B00001207DE72078012804D0022828D0032843
:1096C0003BD132E0D4F81E0005EB550600EB5621E5
:1096D0002046FFF739FF80BBC6F308002044761C04
:1096E00090F82E70D4F81E0000EB56212046FFF7AC
:1096F0002BFF10BBC6F308002044E90790F82E00AA
:1097000047EA002001D0000952E7C0F30B004FE701
:10971000D4F81E0000EB15212046FFF715FF60B9B5
:10972000E8B204EB4000C08D42E7D4F81E0000EB25
:10973000D5112046FFF708FF10B14FF0FF3037E793
:1097400040F2FF1000EA8500204490F82E10D0F877
:109750002F0041EA002020F0704029E72DE9F04772
:1097600016460D460446022903D3D4F81600A84233
:1097700002D80220BDE8F087207806F0FF084FF0FD
:109780000109012807D0022839D0032849D0022036
:1097900084F80490EEE7D4F81E0005EB550700EBC3
:1097A00057212046FFF7D0FE0028F1D1C7F308006B
:1097B00020442E30E90703D0017868F31F1100E040
:1097C0003146017084F80490D4F81E007F1C00EB31
:1097D00057212046FFF7B8FE0028D9D1C7F308016A
:1097E00021442E31EA0702D0C6F3071205E00A78B9
:1097F000C6F3032302F0F0021A430A70C8E7D4F854
:109800001E0000EB15212046FFF79EFE0028BFD169
:10981000E9B204EB4101320A81F82E8081F82F2051
:10982000B6E7D4F81E0000EBD5112046FFF78CFEFA
:109830000028ADD140F2FF1101EA850121444FF02B
:109840007043D1F82F2003EA0222324301F82E2F71
:10985000130A4B70130C8B70120ECA7098E72DE927
:10986000F0410F460546022919D3D5F81600B84233
:1098700015D900264FF001081FE039462846FFF7AA
:109880000DFF04001DD0012C09D0601C09D000225E
:1098900039462846FFF762FF060012D103E0022690
:1098A0000FE001260DE0D5F80E00411C04D0401C4D
:1098B000C5F80E0085F805802746D5F81600B84291
:1098C000DBD8304674E62DE9F0410F00064605D09E
:1098D000FFF7E4FE02280AD2012069E6D6F80A5012
:1098E0001DB1D6F81600A84206D8012504E0D6F826
:1098F00016108142F1D83D462C46D6F81600641C5D
:10990000A04202D80224022D0AD321463046FFF796
:10991000C5FE38B1411CE0D00128DED0AC42ECD10C
:10992000002045E66FF0704221463046FFF716FFF3
:1099300030B957B1224639463046FFF70FFF20B104
:1099400001280ED00124204632E6C6F80A40D6F897
:109950000E00411CF7D0401EC6F80E0001207071A9
:10996000F1E74FF0FF34EEE770B50D46C180816836
:109970000446012922D02068D0F816208A421DD939
:1099800029B90278032A05D1D0F8221011B18078C4
:10999000060119E0E1600189A9420FD9D0F822003F
:1099A00018E02068FFF77AFE0146401C08D0022923
:1099B00004D32068D0F81600884203D8022070BD76
:1099C000012070BDA81B85B2B542EAD2E1602068D3
:1099D000FFF756FE00EB15102061206805F00F011F
:1099E0002E2202EB411108446061002070BD2DE978
:1099F000F0410446C0880E46401C07043F0C2ED0A0
:109A0000206960B3390762D1401C2061E168206899
:109A100029B18278521E12EA171F04D057E000893C
:109A2000B8421CD953E0FFF739FE054601281AD980
:109A3000681C33D02068D0F81610A94241D876B1FE
:109A4000E168FFF740FF05000BD0012D0BD0681C2B
:109A500024D020680021FFF777FDF8B905E0042045
:109A6000A6E50720A4E50220A2E520684FF40072D5
:109A700000212E3001F065FB20682946FFF700FE2B
:109A8000216800264FF00108C1F82A000FE080F895
:109A9000048020680021FFF757FD08B1012087E509
:109AA000206850F82A1F491C761C0160F6B2206815
:109AB0008178B142EBD82168D1F82A10891BC0F80F
:109AC0002A10E56020682946FFF7DAFD2061E7806B
:109AD000206807F00F012E2202EB4111084460615B
:109AE000002065E510B50446042015E02068FFF766
:109AF0002BFDB0B96269117861B1E52904D02E2936
:109B000002D0D17A09070ED500212046FFF76FFF5A
:109B100010B106E0042004E021690029E6D1002804
:109B200001D00021216110BD70B505460021FFF76D
:109B30001BFF0EE029692868FFF706FD04001FD10E
:109B400068690078E52807D030B101212846FFF781
:109B50004EFF0400EED013E029692868FFF7F4FCFB
:109B600004000DD16E6920220021304601F0E9FA8F
:109B7000A9690B22304601F0DCFA2968012008713E
:109B8000204670BD10B50446C188FFF7EDFE0028E1
:109B90000BD121692068FFF7D7FC002805D1626945
:109BA000E521117022680121117110BD2DE9F047E6
:109BB00089460C6800E0641C21782F29FBD05C29C1
:109BC000F9D085690B222021284601F0BAFA00203D
:109BD000024617464FF0080CE15D7F1C20292ED964
:109BE0002F292CD05C292AD02E2901D060450AD3F8
:109BF000BCF1080F30D12E292ED1082091064FF04C
:109C00000B0C0A0EE8E7802926D2F7A300E05B1CC4
:109C10001E7816B18E42FAD11EE0A1F14103192B34
:109C200002D842F0020207E0A1F16103192B03D828
:109C3000203942F00102C9B22954401CCCE73C440F
:109C4000C9F80040202901D8042100E0002118B102
:109C50002878E52802D003E006208BE5052028704F
:109C6000BCF1080F01D19006020E02F0030001289A
:109C700001D141F01001C2F38100012801D141F06E
:109C80000801E972002075E510B5036901F10902C8
:109C90003BB340690024035D202B07D0052B00D186
:109CA000E523641C02F8013B082CF4D3037A202B33
:109CB0000BD02E2302F8013B0823C45C202C04D0D7
:109CC0005B1C02F8014B0B2BF7D3C37A0B72037F9B
:109CD000D0F81D4043EA04230B60038B8B80C08ABD
:109CE000C8800020107010BD73B504460199087833
:109CF0002F2801D05C2801D1491C01910025A560C5
:109D000001980078202805D200212046FFF72CFE7C
:109D100065617CBD01A92046FFF748FF0028F8D106
:109D2000204601F026FAA169C97A28B10428F0D1A9
:109D30004907EED405207CBD4907FCD46169C87A87
:109D4000C006F7D5206801F003FAA060E2E710B57D
:109D500004460A464078012304F12E01FFF7ACFBCC
:109D600008B1032010BDB4F82C12A1F52A405538D3
:109D700001D0022010BD94F86400B4F8651040EAE8
:109D800001219D48B0EB012F08D094F88010B4F861
:109D9000812041EA0221B0EB012F01D1002010BD4A
:109DA000012010BD2DE9F04715460A4601680B78E1
:109DB000303B092B02D84C783A2C05D000230026E2
:109DC000166023B10B20D5E4891C0160F7E78B48AE
:109DD00004688CB11460207820B16078FFF76AFBCA
:109DE000C1070BD02670B14630466670FFF75AFBAC
:109DF000C10708D00320BDE40C20BBE40DB140072F
:109E000004D40020B6E41DB1400701D50A20B1E416
:109E1000002631462046FFF79AFF01280CD104F5B1
:109E2000F6700179F1B3017AD0F8090041EA002611
:109E300031462046FFF78BFF032801D090BB01E09D
:109E4000012097E4B4F83900B0F5007F5DD1B4F893
:109E5000440028B994F85200D4F8531040EA012085
:109E6000C4F81A0094F83E108446E170012901D02C
:109E700002294AD194F83B500CFB01F0A5708DB13A
:109E80006A1E154241D1B4F83F20228111073CD10E
:109E9000B4F8411029B994F84E10D4F84F3041EA83
:109EA000032100E031E0A38F7BB31F1807EB1217EB
:109EB000B9422AD3C91BB1FBF5F131B3012540F6F4
:109EC000F678414500D302254FF6F678414500D398
:109ED0000325891CC4F816103744C4F8267033448F
:109EE000C4F81E30032D12D07AB11844C4F82200F1
:109EF000022D18D001F0010001EB410100EB5100EF
:109F000000F2FF10BCEB502F0FD20D2032E4002ADC
:109F1000FBD194F85A00D4F85B2040EA0220C4F840
:109F200022008800ECE74800EAE74FF0FF30C4F871
:109F30000E004F46C4F80A90032D34D16771B4F86F
:109F40005E0001238219C4F81220607804F12E010A
:109F5000FFF7B2FA38BBB4F82C02A0F52A41553904
:109F600021D194F82E00D4F82F1040EA0120244982
:109F7000884218D194F81202D4F8131240EA012052
:109F8000204988420FD194F81A02D4F81B1240EAF3
:109F90000120C4F80A0094F81602D4F8171240EA17
:109FA0000120C4F80E0015492570091F0888401CBF
:109FB0000880E080C4F82A70277122E710B5016894
:109FC00029B10A781AB1CA888088824201D0092052
:109FD00010BD4878FFF76EFAC007F9D0032010BD16
:109FE00090B10B2070470000222A2B2C3A3B3C3DBD
:109FF0003E3F5B5D7C7F000000464154980400605A
:10A000005252614172724161F94B0022186800B1ED
:10A01000027001B10A7000201960E3E72DE9F747EB
:10A020008BB007000ED04FF0000802F01F06C7F8F3
:10A03000008026F0010269460CA8FFF7B3FE050078
:10A0400003D086E009200EB007E607A80690684610
:10A050000C99FFF749FE059C050001D104B90625BE
:10A0600016F01C0F4BD055B1042D03D16846FFF7F5
:10A070005BFD0546059C46F0080645B169E0E07ABF
:10A0800010F0110F45D1700701D5082561E03007A8
:10A0900045D5FFF752FAA073010AE173010C217450
:10A0A000000E607484F80B8084F81C8084F81D8096
:10A0B00084F81E8084F81F802146009801F048F83B
:10A0C00081460021204601F04CF800990120B9F1A9
:10A0D000000F087121D000984946D0F82AA0FFF758
:10A0E000BEFB050035D10099A9F10100C1F80A00B5
:10A0F00051460098FFF728FA051E0CD029E045BB11
:10A10000E07AC10601D5042523E0B10703D5C007D5
:10A1100001D007251DE0300701D546F02006009844
:10A120002146D0F82A00F8613C62BE71009801F027
:10A130000FF83861207FD4F81D1040EA0120F86044
:10A14000C7F80880C7F81880009838600098C08861
:10A15000B880284677E72DE9F05F894600219A46C6
:10A16000164604461960FFF729FF002803D1A0799D
:10A17000010602D50220BDE8F09FC00708D0E068C4
:10A18000A16804F1240B401A864200D906467EE0FD
:10A190000720F0E7A068C10561D122689178491EC7
:10A1A00001EA502111F0FF0709D1F8B161691046A9
:10A1B000FFF774FA02281BD3411C48D06061616923
:10A1C0002068FFF75DFA98B100EB0708750A25D003
:10A1D00020687A1981788A4200D9CD1BEBB2407889
:10A1E00042464946FFF768F988BB06E02069E1E787
:10A1F000A07940F08000A071BCE7A07940060BD5A3
:10A20000A169A1EB0800A84206D209EB40204FF457
:10A210000072594600F08DFF6D022EE0A2694245A2
:10A220001BD0A07940060AD5206801235946407802
:10A23000FFF753F958B9A07920F04000A0712068C9
:10A240000123424640785946FFF736F928B1A079F4
:10A2500040F08000A07101208DE7C4F818802089AB
:10A26000C0F30800C0F50075B54200D935460119A4
:10A270002A464846243100F05CFFA068A9442844DF
:10A28000A060DAF800004119761BCAF80010002E11
:10A2900080D100206FE72DE9F84F894600219B46C9
:10A2A000164604461960FFF789FEDFF848A120B181
:10A2B0000122AAF82C20BDE8F88FA079010603D569
:10A2C0000221AAF82C1063E0800704D40321AAF825
:10A2D0002C100720EFE7E06804F1240182190091B7
:10A2E00082427DD3A6E0A068C1057AD12268917828
:10A2F000491E01EA502111F0FF050BD1C8B1616977
:10A300001046FFF7E0FA00286AD001281AD0411C55
:10A310001AD06061A07940061CD52068A26901238B
:10A3200040780099FFF7D9F880B10621AAF82C10DF
:10A3300054E020690028E8D100211046FFF7C3FA55
:10A340002061E0E704211DE00521EFE7A07920F07E
:10A350004000A07161692068FFF792F988B100EBB5
:10A360000508770A28D02068EA1981788A4200D93E
:10A370004F1BFBB2407842464946FFF7AEF850BB50
:10A3800008E00721AAF82C10A07940F08000A07105
:10A39000022090E7A169A1EB0800B8420AD209EBBC
:10A3A00040214FF40072009800F0C3FEA07920F025
:10A3B0004000A0717D0233E0A16941451CD0A06836
:10A3C000E168884218D2206801234246407800990B
:10A3D000FFF772F880B10820AAF82C00A07901E0FC
:10A3E0002BE00BE040F08000A071012063E700004B
:10A3F0009804006088F90160C4F818802089C0F3CF
:10A400000800C0F50075B54200D9354620442A46FB
:10A410004946243000F08DFEA07940F04000A07144
:10A42000A068A9442844A060DBF800004119761B0D
:10A43000CBF80010002E7FF456AFA068E168884288
:10A4400000D9E060A079092140F02000A071AAF8AD
:10A450002C1000202FE770B50446FFF7AFFD002851
:10A460000ED1A1798A060BD548060ED52068A269BF
:10A470000123407804F12401FFF72FF808B10120EF
:10A4800070BDA07920F04000A071E1692068FFF75D
:10A490005BF80028F4D1256AE87A40F02000E872E1
:10A4A000207B2877A089000A6877E068000CA877ED
:10A4B000E068000EE8772169284600F052FEFFF7B9
:10A4C0003CF8A875010AE975010C2976000E68763A
:10A4D0000020A874E874A07920F02000A071216801
:10A4E000012008712068BDE87040FFF767B810B51B
:10A4F0000446FFF7B0FF002801D10021216010BD04
:10A500002DE9F0410D460446FFF758FD5FEA0008CB
:10A5100003D1A079010602D50220BDE8F081E168EF
:10A52000A94202D2800700D40D46A0680027A76088
:10A53000FDB1226891784E0268B1691E401EB1FBE0
:10A54000F6F1B0FBF6F3994205D3711E8843A06083
:10A550002D1A61690CE0216949B900211046FFF705
:10A56000B2F90146012840D0481C4FD021616161F9
:10A57000D9B927E0A0798007206805D5FFF7A3F9AE
:10A58000010004D1354612E0FFF788F80146481C67
:10A590003CD0012929D92068D0F81600884224D956
:10A5A0006161A068AD1B3044A060B542E2D8A068EC
:10A5B0002844A060E80505D02068FFF761F8A0B145
:10A5C00000EB55272089C00527D0A269BA4224D0C4
:10A5D000A07904F12405400610D5206801232946FE
:10A5E0004078FEF77AFF88B904E0A07940F0800057
:10A5F000A07191E7A07920F04000A07120680123AC
:10A600003A4640782946FEF757FF28B1A07940F036
:10A610008000A071012080E7A761A068E1688842FE
:10A6200004D9E060A07940F02000A071404674E7B2
:10A6300073B584B0040008D00146002205A8FFF7D6
:10A64000B1FB2568002618B11CE0092006B070BDDA
:10A65000C4F818D020460599FFF746FB70B9616928
:10A6600031B1C87AC0060FD5284600F071FDA06050
:10A67000E888A08000212046FFF776F9042803D05F
:10A680000028E3D02660E1E70520FBE7FEB50E4693
:10A690000446FFF793FC002816D1B6B1C4F818D0D1
:10A6A0002046FFF71FFA0025042813D000280BD1FD
:10A6B00031462046FFF7E8FA00212046FFF797F9D8
:10A6C000042801D125610020FEBD00212046FFF7AE
:10A6D0004BF9FEBD2561EBE733B58BB00D4600228B
:10A6E00069460BA8FFF75EFB04000FD107A8069090
:10A6F00068460B99FFF7F8FA040007D1059820B1D6
:10A7000029466846FFF7C0FA00E0062420460DB04F
:10A7100030BD2DE9F74F14468A460022214668468F
:10A72000FFF740FB25685FEA000855D1D5F81670A1
:10A73000D5F80E00B91E884202D8CAF800004BE0D6
:10A7400095F800900024B9F1010F02D0D5F81E60F1
:10A7500017E0022631462846FEF7A0FF411C03D031
:10A76000012803D028B105E0012000E00220804646
:10A7700029E0641CD5F81600761C8642EAD322E054
:10A7800059B93146761C2846FEF7DEFE5FEA00081E
:10A7900019D105F12E004FF40071B9F1020F07D065
:10A7A0000278D0F8013042EA0322120106D006E016
:10A7B000028802B9641C801C891E02E0641C001D12
:10A7C000091F7F1EDCD1C5F80E40B9F1030F01D17E
:10A7D00001206871CAF800404046BDE8FE8F70B5A0
:10A7E000040004D0FFF7EAFB050002D040E0092096
:10A7F00070BDA179080601D5022539E0880701D48A
:10A80000072535E0E268A068824231D9E06041F076
:10A810002001A17150B161692068FEF73FFF064633
:10A82000401C0BD0012E0BD065B11DE021692068C2
:10A83000FFF715F805460020206114E0012513E01C
:10A84000022511E02068D0F81610B14210D96169D4
:10A850006FF07042FEF782FF050005D12068314697
:10A86000FEF7FDFF05461DB1A07940F08000A07104
:10A87000284670BD71B591B00122694611A8FFF755
:10A8800091FA040044D10EA8069068461199FFF78A
:10A890002BFA04003CD1059E56B1F07AC00700D0D7
:10A8A00007243146009800F053FC054614B12FE010
:10A8B0000624F6E7F07AC0061AD5022D01D202244A
:10A8C00026E01C22694607A800F033FC022107A8F5
:10A8D0000995FFF749F804001AD107A8FFF702F914
:10A8E000040003D0042C03D014B111E007240FE0BE
:10A8F0006846FFF747F904000AD12DB129460098B0
:10A90000FEF7ADFF040003D10098FEF757FE0446A2
:10A9100012B0204670BD2DE9F14F8CB0FEF70DFE50
:10A920000646012269460CA8FFF73CFA040009D14B
:10A9300009A8069068460C99FFF7D6F9040002D0E2
:10A94000042C02D099E0082497E000210098FEF73B
:10A95000BAFF5FEA00084FF0000403D0B8F1010F1E
:10A9600002D002E0072400E00224B8F1FF3F01D04A
:10A9700014B168E0012466E000210098FEF7E4FDD0
:10A98000040060D141460098FEF77AFE009D07461C
:10A990002E354FF400720021284600F0D2FB0B2226
:10A9A0002021284600F0CDFB2E242C701020E872C8
:10A9B000F0B20890A875C6F307200790E875C6F3B3
:10A9C000074B85F818B04FEA166A85F819A041467A
:10A9D000284600F0C6FB05F1200020222946064645
:10A9E00000F0A7FB85F82140009802990078032821
:10A9F00005D10098D0F82200884200D100213046CD
:10AA000000F0AFFB00984FF00109867814E0009841
:10AA1000C0F82A7000997F1C81F8049000210098EA
:10AA2000FEF792FD04000ED14FF40072002128467B
:10AA300000F087FB761EF6B2002EE8D16846FFF7DD
:10AA400073F8040004D041460098FEF708FF14E0B4
:10AA500005981021C172089981750799C17580F810
:10AA600018B080F819A0414600F07BFB009981F8EE
:10AA700004900098FEF7A2FD04460DB02046BDE804
:10AA8000F08F37B58AB015460C46012269460AA8F0
:10AA9000FFF788F9002816D107A8069068460A999A
:10AAA000FFF722F900280ED1059868B105F02702BA
:10AAB000C17A144091430C43C4720099012008717B
:10AAC0000098FEF77BFD22E6062020E613B58AB04B
:10AAD0000C46012269460AA8FFF764F9002819D13B
:10AAE00007A8069068460A99FFF7FEF8002811D1DA
:10AAF000059888B1A1798175E188090AC175217924
:10AB00000176A188090A4176009901200871009810
:10AB1000FEF754FD0CB010BD0620FBE733B599B02D
:10AB20000C46012204A919A8FFF73CF9002852D1CC
:10AB300004980B90CDF828D004A81999FFF7D4F801
:10AB4000002848D10998E8B300F10B01152212A89A
:10AB500000F0EFFA1C2204A90BA800F0EAFA214643
:10AB60000BA8FFF7C1F870B3042834D10BA8FEF787
:10AB7000DBFF00282FD1109C13220DF14A0104F1B4
:10AB80000D0000F0D6FA9DF84800012540F02000A5
:10AB9000E072049805710D990698884233D0E07AE6
:10ABA000C00630D52146049800F0D2FA0146049838
:10ABB000FEF766FD010012D00498FEF7C5FC049A6A
:10ABC0004E3201E006E008E0002804D150782E283B
:10ABD00007D018E004201BB030BD0820FBE702209E
:10ABE000F9E704980078032807D104990D98D1F863
:10ABF0002210884201D1002100E00D99104600F09A
:10AC0000B0FA0498057104A8FEF7BCFF0028E2D151
:10AC10000498FEF7D3FCDEE72DE9F74F86B0154622
:10AC200010B10B2009B02AE70798012802D8681E46
:10AC3000054201D01320F5E7F848046844B100202C
:10AC400020700390FEF72EFCC10703D00320E9E734
:10AC50000C20E7E7400701D50A20E3E704AA012119
:10AC60000398FEF756FC00287ED1049980297BD3F7
:10AC7000079808B1002000E03F208046A1EB0801C2
:10AC800004917DB94FF4FA60B1FBF0F20020E44B7F
:10AC900000E0401C33F810509542FAD8E04A1632D2
:10ACA00032F81050680A5FEA000912D0B9F1800F3B
:10ACB00001D980208146B1FBF9F0012640F6F672F9
:10ACC000904200D302264FF6F672904203D3032639
:10ACD00020E00120EEE7032E1CD0012E22D0400000
:10ACE000001D00F2FF10470A01252020834608EBD3
:10ACF000050A0AEB0700584400EB09020090A2EB9A
:10AD0000080088423FD801AA03210398FEF701FCFE
:10AD100098B90DE040F2072202EB8000470A202597
:10AD20000020E3E700EB4000401C4008C01CD8E7CF
:10AD3000019810B1B0F5004F01D9012001900099A0
:10AD40000144401E491E81430098081A0190032EB9
:10AD50000FD007440498411BCA1BA2EB0B02B2FBA5
:10AD6000F9F10091022E00E0D3E005D0032E06D0C9
:10AD70000BE005448244EDE740F6F67201E04FF641
:10AD8000F672914201D20E204CE7012E03D0022E22
:10AD900003D00C2007E0012005E0B0F5803F01D290
:10ADA000042000E006200590079808B1F0203BE061
:10ADB00004F12E004FF400720021029000F0C1F95E
:10ADC00004F5F6700121417081700022C27005996E
:10ADD0000171FE214171049B08EB030143F6C1633D
:10ADE000B1FBF3F13F2343EA910C019180F806C0D7
:10ADF000C171037242728272C272049901730A0AAB
:10AE000042730A0C8273090EC173552084F82C0218
:10AE1000AA2084F82D02DDE9021001230022FEF7AA
:10AE20005CFB002875D1F8202E3402904FF400729C
:10AE30000021204600F085F90B227AA1204600F07F
:10AE400078F90021E1720220207384F80D90A57337
:10AE5000280AE07301202074032E0BD04002607496
:10AE6000000AA0740498B0F5803F05D2E074000A8F
:10AE700020750CE00020F2E784F82000020A84F834
:10AE80002120020C84F82220000E84F8230002986E
:10AE900060753F20207600206076FF21A176E07665
:10AEA00084F81C804FEA182060774FEA1840A0779A
:10AEB0004FEA1860E077FEF740FB802129220190DD
:10AEC000032E27D084F82700030A84F82830030CC7
:10AED00084F82930000E84F82A00A775380AE07536
:10AEE00084F8241084F82620132251A104F12B00A9
:10AEF00000F01FF9552084F8FE01AA2084F8FF0114
:10AF00000123424621460398FEF7E7FA002889D13B
:10AF100033E082E084F84300030A84F84430030CF1
:10AF200084F84530000E84F8460084F82470380A0E
:10AF300084F82500380C84F82600380E84F82700A1
:10AF4000022084F82C00002084F82D0084F82E00C4
:10AF500084F82F00012384F8303084F83100062370
:10AF600084F8323084F8330084F8401084F84220AA
:10AF7000132234A104F14700BAE7032E06D10123BE
:10AF800008F1060221460398FEF7A7FA55464FF04E
:10AF9000000A4FF400720021204600F0D2F8029817
:10AFA0000190032E12D0012E0ED06FF0FF0101434D
:10AFB000019121700198000A60700198000CA07046
:10AFC0000198000EE07018E02349F0E760F0FF0000
:10AFD000019020700198000A60700198000CA07028
:10AFE0000198000EE070FF2020716071A071E07187
:10AFF00020726072A0720F20E0722A466D1C01233D
:10B0000021460398FEF769FA38B94FF4007200211F
:10B01000204600F096F801202AE065E098040060E0
:10B020003AAE0408EBFE904D53444F53352E30009A
:10B030004E4F204E414D4520202020464154202097
:10B04000202020004E4F204E414D452020202046FC
:10B05000415433322020200000FFFF002A466D1C9F
:10B06000012321460398FEF738FAE8BB0198401CFB
:10B070000190B842F2D30AF101005FEA000A88D0D9
:10B08000032E09D05F462A466D1C012321460398F2
:10B09000FEF723FA40BB01E04F46F4E77F1EF2D1F2
:10B0A000032E3CD15220207060706122A270412199
:10B0B000E170722084F8E40184F8E50184F8E61177
:10B0C00084F8E7210098401E84F8E801010A84F81A
:10B0D000E911010C84F8EA11000E84F8EB0102205A
:10B0E00084F8EC01002000E021E084F8ED0184F810
:10B0F000EE0184F8EF01552084F8FE01AA2084F8BF
:10B10000FF01012308F1010221460398FEF7E5F94A
:10B11000012308F1070221460398FEF7DEF9002219
:10B1200011460398FEF7F5F900283FF484AD01209D
:10B1300078E503E011F8013B00F8013B521EF9D21B
:10B140007047C9B201E000F8011B521EFBD27047E4
:10B150000246488B1278032A02D1898A40EA0140CC
:10B16000704781760A0AC2760A0C0275090E41758B
:10B1700070472DE9F04104460021FEF7F5FB002859
:10B1800020D100254FF4FA766D1CADB2B54219D826
:10B1900021692068FEF7D8F9002813D161690A787F
:10B1A0007AB1CA7A120711D4A2690B2300275B1E59
:10B1B0000AD311F8017B12F801CBB7EB0C07F6D0DC
:10B1C00004E00420BDE8F081002FFBD000212046E0
:10B1D000FEF70DFC0028D7D0F4E7008840BA70478E
:10B1E0000168C07809BA21F0FF0108437047F7E70A
:10B1F00070B50546FF20002331240FE0EA5C504083
:10B200000822060602D584EA400000E04000521EF3
:10B21000C0B212F0FF02F4D15B1C9BB28B42EDD3A3
:10B2200070BD10B51446FFF7E3FFA04202D04FF007
:10B23000FF3010BD002010BDF0B50546080A28708B
:10B2400002201F4616466970002419E036F81410D3
:10B25000090A2954401C80B216F814102954401CC5
:10B260001FFA80FC05EB0C000221801EFFF7C0FFD7
:10B2700005F80C000CF1010C641C1FFA8CF0E4B210
:10B28000BC42E3D3F0BD2DE9F0410E4602EB420192
:10B2900089B290B088466D460A46294600F0C7F844
:10B2A000002818D10024274612E028198446827805
:10B2B0000221FFF7B6FF00280DD1285DF0557F1C55
:10B2C000B8B29CF801103154401CE41C87B2A4B2FF
:10B2D0004445EAD3002010B0BDE8F08170B51546B2
:10B2E0000C46FFF7D0FF00280CD108E034F81030EE
:10B2F000190241EA132124F81010401CC0B2A842E0
:10B30000F4D3002070BD38B5044600231A466846C1
:10B31000FFF792FF02226946204600F068F838BD28
:10B3200010B588B00446DBB26846FFF785FF0246D9
:10B330006946204600F05BF808B010BDF8B51D4620
:10B340001446074600231A466846069EFFF774FF18
:10B3500002226946384600F04AF8002808D114B1A4
:10B36000204600F026F9324629463846FFF7B6FF58
:10B37000F8BD08B5009313460022FFF7DFFF08BDB4
:10B3800070B5054607244FF0FF3600F0FAF825FAAD
:10B3900004F0C00702D000F0CBF801E000F0D9F8CB
:10B3A000052000F006F900F0B7F8052000F001F9DB
:10B3B00000F06AF878B9641E64B2002CE5DA00F097
:10B3C000E0F800F0B5F8052000F0F3F800F0A4F87C
:10B3D00000F05AF808B1304670BD00F0CEF808B160
:10B3E000012400E0002400F0CCF8204670BD2DE9D7
:10B3F000F04116460F460446DFF7AAF96006000E34
:10B40000FFF7BEFF05000DD1002409E0385DFFF70E
:10B41000B7FF050002D0DFF7B8F903E0641CA4B25F
:10B42000B442F3D3DFF7B1F92846BDE8F0812DE946
:10B43000F04115460F460446DFF78AF9012000EB7C
:10B440004400C0B2FFF79CFF040003D0DFF79DF972
:10B450002046EAE700246E1E09E0B44201DA01202A
:10B4600000E0002000F021F83855641CA4B2AC4282
:10B47000F3D3DFF78AF90020D7E710B500F04CF8D6
:10B48000BDE8104000F054B810B5642407E000F0A7
:10B490008CF808B1002010BD052000F08AF8641E69
:10B4A00014F0FF04F3D1FF2010BD70B5064600254F
:10B4B00000F03EF80724052000F07BF800F02CF89F
:10B4C000FFF7E2FFF8B900F058F808B1012100E0F9
:10B4D0000021A1402943CDB200F053F8641E64B2AC
:10B4E000002CE8DA16B100F034F801E000F020F8A2
:10B4F000052000F05EF800F00FF8052000F059F884
:10B50000FFF7C2FF08B1FF2070BD00F03AF800F06D
:10B510000FF8284670BD000008B50820ADF80000FF
:10B5200004208DF8030069462348DDF794FB08BD2D
:10B5300008B50420ADF800008DF8030069461E48E8
:10B54000DDF789FB08BD10B5FFF7F2FFBDE810403D
:10B55000E2E738B50420ADF8000010208DF80300B4
:10B560000320154C8DF8020069462046DDF773FB79
:10B5700004212046DDF7E0FB38BD04210E48DDF74D
:10B58000C5BB38B50820ADF8000010208DF80300C9
:10B590000320094C8DF8020069462046DDF75BFB6D
:10B5A00008212046DDF7C8FB38BD08210248DDF739
:10B5B000ADBBE2F74DBB00000008014070B5FE4C8A
:10B5C00005464FF0FF362078012806D12A8904F17C
:10B5D00020015820FFF782FE08B1304670BD284692
:10B5E00000F0B0F90020207070BD30B5F24A04467A
:10B5F0000020936901469A8807E0186850F82100F6
:10B60000057BA54203D0491CC9B28A42F5D88A42BB
:10B6100000D1002030BD70B5FFF7E7FFA8B1056885
:10B620000446418958206D1DFFF76DFE00280ED19C
:10B630002846FFF7BEFF2089002808D0DE490120F8
:10B6400008702046BDE87040B8E74FF0FF3070BD8D
:10B650001CB50446002020800120009001ABD74A91
:10B6600042F232015820FFF769FE002807D1BDF8E9
:10B6700004002080B0F5544F02D04FF0FF301CBDC5
:10B6800000201CBD10B50120FFF7AFFF50B141896C
:10B690005820FFF738FE002803D1C7490120087061
:10B6A000002010BD4FF0FF3010BD70B505460C46B0
:10B6B0000120FFF79AFF50B1FFF780FF002805D166
:10B6C000BD48018C2980408C2080002070BD4FF047
:10B6D000FF3070BD70B505460C460120FFF79BFF9B
:10B6E000002805D1B448018C2980408C208000209E
:10B6F00070BDC7E708B56946FFF7D7FF08BD08B5B5
:10B700006946FFF7E7FF08BDBCE708B50146684694
:10B71000FFF7CBFF08BD08B501466846FFF7DAFF23
:10B7200008BD70B50546A6480C460078FFF773FFC4
:10B73000002805D1A048018C2980408C2080002061
:10B7400070BD9F4810B50078FFF74FFF50B1418999
:10B750005820FFF7D8FD002803D197490120087031
:10B76000002010BD4FF0FF3010BD70B50546944865
:10B770000C460078FFF739FF50B1FFF71FFF002894
:10B7800005D18D48018C2980408C2080002070BD1F
:10B790004FF0FF3070BD10B504460220FFF73BFFAD
:10B7A000002806D18448006A5FEA3040206001D05A
:10B7B000002010BD4FF0FF3010BD38B5010CADF8C2
:10B7C0000010ADF802004FF0FF3450B10320FFF736
:10B7D0000CFF30B1418902236A465820FFF7A0FDD3
:10B7E00038BD204638BD10B504461620FFF713FFBC
:10B7F000002803D17048008C2080002010BD31B596
:10B800004FF0FF34BDF8000058B16E480078FFF7E4
:10B81000ECFE30B1418901236A465820FFF780FDD4
:10B8200038BD204638BDF8B50446634800256E1E75
:10B83000007CC0F34210012807D163480078FFF76D
:10B84000D4FE10B1B4F57A3F01D93046F8BD5F4956
:10B850000022A4FB013605FB016104FB02110A0270
:10B8600042EA1361ADF80010418901236A4658206D
:10B87000FFF756FDF8BD56480068704758207047DE
:10B880004D4A137C0380108A000B0870002070471B
:10B890004949D1E90221C0E9002100207047002078
:10B8A000B9E6F8B5444C0020434EE4E90800307096
:10B8B000FFF7E3FD0320009023464FF4FA7243F2B2
:10B8C00082615820FFF73AFD00283AD1032025462F
:10B8D000002135F81120130243EA122225F8112025
:10B8E000491C89B28142F4D320882268C0F3072121
:10B8F00041EA00212079030443EA1240C0F3072201
:10B9000080B242EA002061F31F406168234609BA11
:10B91000090C41EA0041000CC6E902100120009028
:10B920004FF47A7242F22F015820FFF707FD0028EA
:10B9300007D1204600F04EF8002802D1BDE8F840BB
:10B94000ADE7F8BD2DE9F0470489054660000DF02C
:10B95000D1FC06460021184806E000EB4102128C9B
:10B9600026F81120491C09B2A142F6DB29896FF0A3
:10B970000309491E0CB20027804616E02889696831
:10B98000021B09EB8200095836F81400096829B136
:10B990008847014608EB4700018402E008EB4701B5
:10B9A0000884641E7F1C24B23FB2002CE6DA3046C5
:10B9B000BDE8F0470DF0C8BA60AA0460605B030000
:10B9C00079AE040878AE04087AAE04080089410014
:10B9D0009C0400602DE9F0470388DFF878901E4949
:10B9E000DFF878A0A9F81030C9F81810002103F486
:10B9F000704C03F0E00703F01F0623E0DAF80000C4
:10BA000050F821400020A58918E0A26832F81020E3
:10BA100002F47048E0450FD15FEAC3580CD402F03D
:10BA2000E008B84508D102F01F02B24204D8002055
:10BA3000C9F81840BDE8F087401C00B28542E4DC3C
:10BA4000491C09B2BAF804208A42D7DC4FF0FF3013
:10BA5000F0E7000060AA046068AE04080CB10408B6
:10BA6000F8B501210420DDF71AFB0820ADF800002D
:10BA700010244C4E8DF8034003258DF80250694682
:10BA80003046DDF7E8F808213046DDF753F90420A9
:10BA9000ADF800008DF803408DF80250694630463D
:10BAA000DDF7D9F804213046DDF744F9F8BD30B5AB
:10BAB0003D4D012087B0A8706870002408E0641C28
:10BAC000142C02D90020687006E06420E2F7E0F848
:10BAD000FFF7E7FE0028F2D1687800280CD005A90E
:10BAE00004A8FFF7CDFE6846FFF7D2FE03A902A81F
:10BAF000FFF717FEFFF7D3FE07B030BD38B52A4C6D
:10BB0000607800284AD0FFF7F4FD002560BB642070
:10BB1000E2F7BEF86846FFF7EDFD28BB234A207820
:10BB2000BDF80010042822F8101002D2401C20702A
:10BB30001AE00021084632F81030401CC0B2194407
:10BB40000528F8D30520B1FBF0F0194980B2A08098
:10BB500091F8232017490B2A4FF47A7200FB02F068
:10BB60001DD0C1F8BC012570E0884FF46161401C14
:10BB700080B2B0FBF1F2E08001FB1200A0F5606141
:10BB80000F3903D108480830FFF705FEA0780128D7
:10BB900004D1FFF784FE002800D1A57038BDC1F89C
:10BBA0007402E0E7000801401405006098AA0460F0
:10BBB000C0900360BDEB046008B5002142F2B112F1
:10BBC000684600F031FB024669466220FFF70FFC31
:10BBD000002804D14FF47A70FFF7EBFC002008BD79
:10BBE000FEB514460D46064600214EF6054268464F
:10BBF00000F01AFB024669466220FFF7F8FB0028B6
:10BC000015D106226946622000F092FB00B200289E
:10BC10000DD16846FFF7E1FA30806E46B01CFFF7A1
:10BC2000DCFA2880301DFFF7D8FA20800020FEBD06
:10BC30007CB514460D4601AA6946FFF7D1FF0028DE
:10BC400010D1BDF8000045F273514843FE4901EBA5
:10BC500050302860BDF8040043F2D4014843400B43
:10BC6000206000207CBD08B5002143F6867268463E
:10BC700000F0DAFA024669466220FFF7B8FB0028B6
:10BC800003D1F248FFF795FC002008BD38B5044603
:10BC9000002142F21832684600F0C6FA02466946B0
:10BCA0006220FFF7A4FB002810D14FF47A70FFF751
:10BCB00080FC02226946622000F03AFB00B20028B4
:10BCC00004D16846FFF789FA2080002038BD38B5D6
:10BCD00004466846FFF7DAFF002807D1BDF80000E8
:10BCE00045F273514843400B2060002038BD1CB51D
:10BCF0000446002142F21D42684600F095FA0146D2
:10BD00002246684600F0BCFA82B269466220FFF71C
:10BD10006EFB002804D14FF47A70FFF74AFC002034
:10BD20001CBD45F6DE714843000CE0E738B504461B
:10BD3000002142F22232684600F076FA0246694655
:10BD40006220FFF754FB002810D14FF47A70FFF700
:10BD500030FC02226946622000F0EAFA00B20028B4
:10BD600004D16846FFF739FA2080002038BD1CB5A1
:10BD70000446002142F22742684600F055FA014687
:10BD80002246684600F07CFA82B269466220FFF7DC
:10BD90002EFB002804D14FF47A70FFF70AFC002034
:10BDA0001CBD1CB5044600214FF46042684600F0FB
:10BDB0003BFA01462246684600F062FA82B26946C2
:10BDC0006220FFF714FB002804D14FF47A70FFF7CC
:10BDD000F0FB00201CBD7CB50C460546002143F25B
:10BDE0002F62684600F020FA01462A46684600F0B5
:10BDF00047FA82B269466220FFF7F9FA00280FD1AC
:10BE00009348FFF7D6FB02226946622000F090FAC1
:10BE100000B2002804D16846FFF7DFF92080002037
:10BE20007CBD38B50446002142F21332684600F06A
:10BE3000FBF9024669466220FFF7D9FA002810D1C3
:10BE40004FF47A70FFF7B5FB02226946622000F0DA
:10BE50006FFA00B2002804D16846FFF7BEF92080CF
:10BE6000002038BD1CB50446002142F21642684647
:10BE700000F0DAF901462246684600F001FA82B283
:10BE800069466220FFF7B3FA002804D14FF47A70B4
:10BE9000FFF78FFB00201CBD08B5002142F2AC1259
:10BEA000684600F0C1F9024669466220FFF79FFA32
:10BEB00008BD38B5044600214EF2B842684600F08D
:10BEC000B3F9024669466220FFF791FA002810D1C3
:10BED0004FF47A70FFF76DFB02226946622000F092
:10BEE00027FA00B2002804D16846FFF776F92080CF
:10BEF000002038BD08B5002143F21562684600F005
:10BF000093F9024669466220FFF771FA002803D1CF
:10BF10005048FFF74EFB002008BDFEB514460D4605
:10BF20000646002143F28262684600F07DF902462F
:10BF300069466220FFF75BFA002819D14FF47A7046
:10BF4000FFF737FB06226946622000F0F1F900B2E4
:10BF500000280DD16846FFF740F930806E46B01CCE
:10BF6000FFF73BF92880301DFFF737F920800020CC
:10BF7000FEBD38B50446002143F23962684600F040
:10BF800053F9024669466220FFF731FA00280FD1C3
:10BF90003148FFF70EFB02226946622000F0C8F923
:10BFA00000B2002804D16846FFF717F9208000206E
:10BFB00038BD08B5002143F23262684600F034F91A
:10BFC000024669466220FFF712FA002803D1214891
:10BFD000FFF7EFFA002008BD08B5002143F24662E2
:10BFE000684600F021F9024669466220FFF7FFF932
:10BFF000002804D144F62060FFF7DBFA002008BDDA
:10C0000008B5002142F29D12684600F00DF9024683
:10C0100069466220FFF7EBF9002803D10F48FFF7CC
:10C02000C8FA002008BD08B5002142F29612684601
:10C0300000F0FAF8024669466220FFF7D8F90028B6
:10C0400011D14CF250300BE03850FFFF20A1070017
:10C05000801A060000350C0080969800404B4C007A
:10C06000FFF7A7FA002008BD08B5002143F2E062FF
:10C07000684600F0D9F8024669466220FFF7B7F932
:10C08000002804D14FF47A70FFF793FA002008BD1E
:10C0900008B5002143F2F662684600F0C5F8024692
:10C0A00069466220FFF7A3F944F62060FFF781FAA2
:10C0B000002008BD10B5FFF7E0F9F8F72EFEF8F7FD
:10C0C0002BFEFFF7DAF9FFF7E3FFFFF7CCFDFFF7F1
:10C0D00083FF2C4900204870FFF76EFD2A4918B1F4
:10C0E000488D401C488510BD888D401C888510BD3A
:10C0F000FEB5244C00256078012809D06A4601A9C4
:10C1000002A8FFF795FDC8B12078401C20701DE003
:10C11000FFF7A9FD4FF47A763046E1F7B9FD1C4AE6
:10C120001A491088FFF757FE3046E1F7B1FDFFF7D7
:10C1300043FD3046E1F7ACFD6570FEBDBDF808007B
:10C1400020B12570DDE90021F8F7B4FD20780E4E0E
:10C1500005280AD9B08F0022401CB087114610462E
:10C16000F8F7A8FD2570FFF7A5FF2078F087642079
:10C17000E1F78EFDFEBD034A01215170044908809C
:10C18000704700002005006088F90160900300609E
:10C190009203006070B50546FF20002331240FE0B4
:10C1A000EA5C50400822060602D584EA400000E01E
:10C1B0004000521EC0B212F0FF02F4D15B1C9BB2D1
:10C1C0008B42EDD370BD10B51446FFF7E3FFA042DC
:10C1D00001D0012010BD002010BDF0B50546080AB1
:10C1E000287002201F4616466970002419E036F8B0
:10C1F0001410090A2954401C80B216F8141029544E
:10C20000401C1FFA80FC05EB0C000221801EFFF78A
:10C21000C1FF05F80C000CF1010C641C1FFA8CF036
:10C22000E4B2BC42E3D3F0BD130A4354491C89B2C3
:10C230004254491C88B2704770B50446100E6054D1
:10C24000491C88B2110C2154401C86B2A019154615
:10C250000221801EFFF79EFFA055761CB0B2290A6E
:10C260002154401C80B202212554401C85B2601923
:10C27000801EFFF78FFF60556D1CA8B270BDDBE715
:10C2800030B50446100A6054491C88B20221225479
:10C29000401C85B26019801EFFF77CFF60556D1C45
:10C2A000A8B230BD92B2EBE770B50446100E6054F0
:10C2B000491C88B2110C2154401C86B2A0191546A5
:10C2C0000221801EFFF766FFA055761CB0B2290A36
:10C2D0002154401C80B202212554401C85B26019B3
:10C2E000801EFFF757FF60556D1CA8B270BDF0B5FA
:10C2F00005469C461746D80701D00420F0BD00240F
:10C3000012E0385D6854491C88B2391949782954BB
:10C31000401C86B2A8190221801EFFF73BFFA855DA
:10C32000761CA41CB1B2A4B26445EAD30846F0BDA1
:10C330002DE9F0410D46510801EB41018EB2D107C4
:10C3400002D00420BDE8F08132462946FFF76FF89D
:10C350000028F7D10024274612E028198446827865
:10C360000221FFF730FF0028ECD1285DE8557F1C43
:10C37000B8B29CF801102954401CE41C87B2A4B246
:10C38000B442EAD30020DDE708B1BA4B036011B133
:10C39000B84808380860002A02D0B648001F10606C
:10C3A0007047412801D20120704700207047B248F1
:10C3B00000787047B149085C401C7047B049084498
:10C3C00010F8010C70472DE9F0410C460746FFF7C5
:10C3D000F5FF7CB3552121804FF0FF3600256660C4
:10C3E00025720421A172C2B229460120E1F7BCFEE8
:10C3F000206184F87052D4F87442DCB16F20208040
:10C40000666025720820A07204F11000064607F04D
:10C41000FDFD00221146304607F001FE00220121F9
:10C42000304607F0FCFD00220221304607F0F7FD00
:10C4300084F870523846BDE8F041E3F7F6BA10B51B
:10C440000C4603460022FFF7B9FF402B08D2C1B2C9
:10C450000120E1F7BEFC0146204607F095FE0246AA
:10C46000104610BD2DE9F043ADF51B7D8146DDE999
:10C47000A25498460846FFF7A1FF0227FE1E4F2A46
:10C480002CD008DC1C2A1CD0242A27D04B2A0DD003
:10C490004D2A08D110E0512A48D0552A20D06F2AC1
:10C4A00028D0752A4ED02F7020205AE00246002155
:10C4B000484602F0E8FE4DE0C1B20120E1F789FCF8
:10C4C00003E0C1B20120E1F703FC0146684607F032
:10C4D0005BFE6946484602F093FF3BE0002136E0F0
:10C4E000C2B200210120E1F73FFE0146484603F0B9
:10C4F00038F92FE096A807F089FD0022114696A88A
:10C5000007F08DFD0022012196A807F088FD00228A
:10C51000022196A807F083FD0022032196A807F0C8
:10C520007EFD96A9484602F03DFE13E0C1B201200F
:10C53000E1F780FD08B1012100E00021484602F04A
:10C5400068FD07E0C1B20120E1F7C1FC01464846A1
:10C5500003F05AF8002806DBB8F1FF3F03D02F7034
:10C560003220207030460DF51B7DBDE8F08370B59C
:10C57000ADF51A7D0446D0F8681200256A461030E1
:10C5800002F045F80222002803DA84F86D22252003
:10C5900008E0208982280BD0E068401C08D084F88D
:10C5A0006D22322084F86E0200200DF51A7D70BDD8
:10C5B0006068FFF703FF014620890926512847D00C
:10C5C00008DC0DF10D031C2837D024280AD04D2893
:10C5D00008D127E055280CD0672803D06F2801D058
:10C5E000752812D084F86D22202084F86E02284627
:10C5F000DBE79DF8020004282ED1CAB294F86C1231
:10C600000120029BE2F7D3F931E09DF802000928EE
:10C6100022D10298CAB2C3B294F86C120120E2F798
:10C62000C0F824E09DF80200072815D1CAB294F89A
:10C630006C120120E2F7C9FC19E09DF802000728FE
:10C640000AD1CAB294F86C120120E2F741F90EE067
:10C650009DF80200012804D084F86D2284F86E62EF
:10C66000C5E79DF80820C9B20120E2F772FC012558
:10C67000BDE700001CB10408220500607C0A0160CF
:10C680007C0C016008B1FA4B036011B1F84808381E
:10C690000860002A02D0F648001F10607047412849
:10C6A00001D20120704700207047F248007870479F
:10C6B000F149085C401C7047F049084410F8010C2F
:10C6C0007047F8B500218DF800100C46C0B26946DD
:10C6D000EEF7A8FB9DF800100220E2F7E0FE064608
:10C6E0009DF80000402813D2E54DE1B29DF80020EE
:10C6F0000220E1F739FDA84207D0E1B29DF8002001
:10C700000220E1F731FD064602E0641C102CECD358
:10C710003046F8BD2DE9F0410546C1B200240220A3
:10C72000E2F7BDFE0746402D11D2D54EEAB2E1B286
:10C730000220E1F719FDB04206D0EAB2E1B20220D0
:10C74000E1F712FD074602E0641C102CEED33846D8
:10C75000BDE8F0812DE9F041002405462646402839
:10C760000DD2C74FEAB2E1B20220E1F7FDFCB842B8
:10C7700004F1010401D0264601E0102CF2D330462A
:10C78000E6E70B4610B5002140280CD25AB1102A1A
:10C7900009D8062A07D0521EC0B2D1B202460220E2
:10C7A000E2F705F90121084610BD10B50022402826
:10C7B0000CD259B1102909D8062907D0C2B2491E96
:10C7C000C9B2AF4B0220E2F7F2F80122104610BDC9
:10C7D00010B50C4603460022FFF76EFF402B08D22F
:10C7E000C1B20220E1F7F5FA0146204607F0CCFC81
:10C7F0000246104610BD2DE9FF4FADF51B7D824668
:10C80000DDE9A89800241F4626460846FFF754FF96
:10C8100005469D984FF0FF3B51285AD00CDC4B2821
:10C820001BD004DC1C2823D0242811D14FE04D2834
:10C8300019D04F280CD128E0682870D004DC552886
:10C8400025D0572804D159E06F2824D075284CD022
:10C85000022089F800002021A2E02A46012150464A
:10C8600002F011FD8BE0E9B20220E1F7B2FA03E039
:10C87000E9B20220E1F72CFA0146684607F084FC91
:10C880006946504602F0BCFD79E0012132E02846BD
:10C89000FFF740FF90E096A807F0B8FB0022114692
:10C8A00096A807F0BCFB0022012196A807F0B7FB71
:10C8B0000022022196A807F0B2FB0022032196A8CD
:10C8C00007F0ADFB96A9504602F06CFC57E0002142
:10C8D00010E0E9B20220E1F7ADFB08B1012100E070
:10C8E0000021504602F095FB49E0E9B20220E1F751
:10C8F000EEFA0146504602F087FE40E087B1781C10
:10C9000013D0102F48D8EAB200210220E1F72CFC06
:10C910005B4988422DD1504602F0AFFB2FE047E043
:10C920001021504602F03FFE29E0EAB2F1B20220A7
:10C93000E1F71AFC5249884204D10AEB040002F0E4
:10C940009CFB09E0EAB2F1B20220E1F70DFC0146DE
:10C950000AEB040002F005FF0444B4F5167F03DA85
:10C96000761C102EE1D30BE0052189F8001012216E
:10C9700016E0EAB200210220E1F7F6FB1CE00446D3
:10C98000002C10DB9D9857280DD07F1C0BD0022067
:10C9900089F80000322103E0022089F800002A21F2
:10C9A00088F800105C460DF51F7D2046BDE8F08F2D
:10C9B000E9B20220E2F773FD0146504602F0D1FED3
:10C9C000DDE72DE9F043ADF51B7D0446D0F8681294
:10C9D00000256A46103001F01AFE02274FF02508A4
:10C9E000002804DA84F86D7284F86E820AE02089E7
:10C9F00057280CD0E068401C09D084F86D723220B2
:10CA000084F86E0200200DF51B7DBDE8F0836068A0
:10CA1000FFF752FE0646208904F26E235A1E0921B2
:10CA20004FF02809512855D00EDC0DF10D034B288D
:10CA30004BD004DC1C2874D0242811D145E04D28AB
:10CA400055D04F280CD140E0682875D004DC55281B
:10CA500018D0572804D138E06F2836D0752851D027
:10CA600084F86D72202084F86E022846CBE700001F
:10CA700048B1040823050060FC0A0160FC0C016059
:10CA800000007F439DF8020004280CD00021684676
:10CA900005F0F2FA0500E8D094F86C123046FFF782
:10CAA00084FE05460AE094F86C2230460299FFF7AE
:10CAB00068FE054694F86C02062806D0002DD4D1F5
:10CAC00084F86D7284F86E82CFE784F86D7284F812
:10CAD0006E92CAE70121684605F0CEFA0500C4D07F
:10CAE0009DF80820F1B20220E2F733FABDE79DF885
:10CAF0000200072824D1F2B294F86C120220E2F767
:10CB000064FA27E09DF80200092819D10298F2B2D0
:10CB1000C3B294F86C120220E1F743FE1AE000E081
:10CB20000AE09DF8020007280AD1F2B294F86C12CC
:10CB30000220E1F7CDFE0DE09DF80200042804D0AC
:10CB400084F86D7284F86E128FE7F1B20220029AB7
:10CB5000E2F736FC012588E708B1F74B036011B115
:10CB6000F54808380860002A02D0F348001F10601A
:10CB70007047F249084410F8010C704710B50C4694
:10CB800003460022FFF7F5FF802B08D2C1B2002038
:10CB9000E1F71FF90146204607F0F6FA0246104673
:10CBA00010BD812801D20120704700207047E44861
:10CBB00000787047E349085C401C70472DE9F0415C
:10CBC000002705463C46802811D2DF4EEAB2E1B28A
:10CBD0000020E1F7C9FAB04206D0EAB2E1B2002083
:10CBE000E1F7C2FA074602E0641C102CEED3384687
:10CBF000BDE8F0812DE9F041002405462646802855
:10CC00000DD2D14FEAB2E1B20020E1F7ADFAB8425D
:10CC100004F1010401D0264601E0102CF2D3304685
:10CC2000E6E710B50B460021144680280AD24CB125
:10CC3000102C07D8062C05D0C2B221460020E1F7FF
:10CC4000B6FE0121084610BD10B5002280280BD287
:10CC500051B1102908D8062906D0C2B2C9B2BA4BC0
:10CC60000020E1F7A4FE0122104610BD2DE9F04F8F
:10CC7000ADF51B7D8246DDE9A49800241F462646BB
:10CC80000846FFF776FF05464FF0FF3B512A59D083
:10CC90000CDC4B2A1BD004DC1C2A23D0242A11D103
:10CCA0004EE04D2A19D04F2A0CD128E0682A6FD0C7
:10CCB00004DC552A25D0572A04D158E06F2A23D006
:10CCC000752A4BD0022089F8000020219FE00246FF
:10CCD0000221504602F0D7FA8BE0C1B20020E1F702
:10CCE00078F803E0C1B20020E0F7F2FF01466846A1
:10CCF00007F04AFA6946504602F082FB79E00221C9
:10CD000031E0FFF75BFF72E096A807F07FF90022A1
:10CD1000114696A807F083F90022012196A807F092
:10CD20007EF90022022196A807F079F9002203215A
:10CD300096A807F074F996A9504602F033FA58E025
:10CD4000002110E0C1B20020E1F774F908B101211F
:10CD500000E00021504602F05CF94AE0C1B2002038
:10CD6000E1F7B5F80146504602F04EFC41E087B1CC
:10CD7000781C13D0102F46D80021EAB20846E1F7FC
:10CD8000F3F9714988422DD1504602F076F930E02E
:10CD900045E01021504602F006FC2AE0EAB2F1B26A
:10CDA0000020E1F7E1F96849884204D10AEB040068
:10CDB00002F063F909E0EAB2F1B20020E1F7D4F938
:10CDC00001460AEB040002F0CCFC0444B4F5167FE3
:10CDD00003DA761C102EE1D30CE0052189F800104F
:10CDE000122114E00021EAB20846E1F7BDF901463C
:10CDF00016E00446002C0DDB7F1C0BD0022189F8C5
:10CE00000010322103E0022089F800002A2188F86E
:10CE100000105C460DF51B7D2046BDE8F08F00211B
:10CE2000504602F09EFCE4E72DE9F0410446ADF5E2
:10CE30001A7D16460F4600254068FFF79AFE804689
:10CE4000FFF7AFFE60B16A4604F11000D4F8681233
:10CE500001F0DDFB0221002806DA397025200BE005
:10CE6000012038701F2007E02089572809D0E26888
:10CE7000521C06D039703220307000200DF51A7D1A
:10CE8000B6E6092251284ED00EDC0DF10D034B28D9
:10CE900065D004DC1C282CD024280DD15FE04D285F
:10CEA0001BD04F2808D15AE0552808D0572856D013
:10CEB0006F2854D0752828D03970202051E09DF873
:10CEC0000200042802D0397032704BE094F86C22D2
:10CED00040460299FFF7A5FE3FE09DF802000728B3
:10CEE00025D108F0FF0294F86C120020E2F76DF8EB
:10CEF00033E09DF80200072819D108F0FF0294F8EA
:10CF00006C120020E1F7E4FC27E09DF802000928FC
:10CF10000DD1029808F0FF02C3B294F86C12002001
:10CF2000E1F73FFC19E09DF8020009280ED084F8D3
:10CF30006D1284F86E2215E07CB104087C0D01604E
:10CF4000240500607C0B016000007F439DF80820F1
:10CF500008F0FF010020E1F7FCFF012502E0397035
:10CF600028203070284689E72DE9F0410C46074615
:10CF7000FFF7FFFD7CB3552121804FF0FF360025E0
:10CF8000666025720421A172C2B229462846E1F7E3
:10CF9000EBF8206184F87052D4F87442DCB16F2051
:10CFA0002080666025720820A07204F110000646F9
:10CFB00007F02CF800221146304607F030F8002226
:10CFC0000121304607F02BF800220221304607F0FD
:10CFD00026F884F870523846BDE8F041E2F73CBDCF
:10CFE00030B503780C780022A34221D1072B09D950
:10CFF000072307E084188D1864786D78AC4217D148
:10D00000521CD2B29A42F5D302890B899A420FD1AF
:10D01000A2B1837A8A7A93420AD1072B00D90723D7
:10D02000002209E084188D18E47AED7AAC4201D030
:10D03000002030BD521CD2B29A42F3D3012030BD41
:10D04000FA49FB4A09E00B78DB0705D04B688342BD
:10D0500002D100200870704724319142F3D9704703
:10D0600070B50020821EF149F14C0AE00B7803F004
:10D070000703012B04D10B6A934201D81A460846D4
:10D080002431A142F2D980254FF4616680B9E74985
:10D090000AE00B7803F00703032B04D10B6A9342D9
:10D0A00001D81A4608462431A142F2D9002801D0FD
:10D0B0000570066270BD42F2DC31DC4809F0E3BD68
:10D0C00010B5DA480022DA4B0CE00178CC0704D026
:10D0D000890701D4016A01B902700178090600D5F7
:10D0E000027024309842F0D910BD30B5CF4BD04CEF
:10D0F00016E01D78ED0712D05D6885420FD11878D3
:10D1000084070AD432B140F0040018704FF0FF30A9
:10D11000186230BD20F004001870196230BD24334D
:10D12000A342E6D930BD70B513460D460022BF4C70
:10D13000BF4913E02678F6070FD0666886420CD107
:10D14000207880070CD4122204F10C01184609F053
:10D1500081FDA0680122286002E024348C42E9D9D4
:10D16000104670BD2DE9F0410F4680460026AF4CB9
:10D17000AF4D10E0207800F0030001280AD14146AD
:10D1800004F10C0006F0B0FE20B10FB16068386009
:10D19000012602E02434AC42ECD93046BDE8F081EF
:10D1A0002DE9F0470E460546914600219F4C4FF46D
:10D1B00061679F4820E02278D2071CD06268AA42AB
:10D1C00019D11222494604F10C0009F043FDA66072
:10D1D00020789849820708D4420702D54FF0FF31E2
:10D1E00003E0020701D5276200E0216220F002007F
:10D1F0002070BDE8F08724348442DCD90029F8D1BE
:10D200008A4C4FF0010803E02278D20708D024347A
:10D210008442F9D90029ECD1FFF722FF0400E8D0BD
:10D2200084F80080C4E901561222494604F10C003A
:10D2300009F010FD2762DCE72DE9F0410F461346A7
:10D2400005460026794C7A491CE02078C00718D0A2
:10D250006068A84215D12078800710D401261222D8
:10D2600004F10C01184609F0F5FCA068386020783C
:10D27000010704D520F0080020706E482062304677
:10D280008CE724348C42E0D9684803244FF461666B
:10D2900004E0027812F0810F05D024308842F8D9DA
:10D2A000FFF7DEFE10B1047006624560002075E7EE
:10D2B00070B50D4613465D4C5D4916E02278D207E5
:10D2C00012D0626882420FD11222194604F10C007A
:10D2D00009F0C0FCA560207820F002002070400713
:10D2E00001D45448206270BD24348C42E6D970BD0C
:10D2F00070B50E46014600201546FF2914D24B4A50
:10D3000001EBC10102EB8104217801F00301012945
:10D310000AD1122204F10C01184609F09BFC606846
:10D320003060A0682860012070BD00203F49404A5D
:10D3300006E00B7803F00303012B00D1401C2431DD
:10D340009142F6D97047F0B5ADF5177D0646002538
:10D35000364C374F20E0207800F0030001281AD126
:10D3600070190821626801F08EFF0544A18A7019C6
:10D3700002F019F9A27D054412B104F1170102E08F
:10D38000227B04F10D01684607F03EF870196946EA
:10D3900001F09EFF05442434BC42DCD90DF5177D15
:10D3A0002846F0BD2DE9F04FADF5197D81460027E7
:10D3B00001F118000D46B846969006F027FE0022AF
:10D3C0001146969806F02BFE00220121969806F051
:10D3D00026FE00220221969806F021FEE86AC0F59A
:10D3E000167B00202863FFF7A0FF5FEA000A17D032
:10D3F000A86A0123082802D1C5F844A0AB63686C71
:10D4000000280ADAAA6B511C0144012902DAAB6335
:10D410006A6402E04042A9636864A86B50450BD976
:10D4200000200DF5197DBDE8F08F0000A4AA04606E
:10D430005CCE046080510100696C0144491E9791E3
:10D44000514501D9CDF85CA23B4C012600E02434C3
:10D45000217801F003010129F9D106E014F8241B19
:10D4600001F00301012900D1761CB042F6D1989653
:10D4700038E0BBF1110F05D201220221969806F087
:10D48000CEFD32E009EB07000821626801F0FBFEE7
:10D49000804607EB0802A18A02EB090002F083F83C
:10D4A000A27D804412B104F1170102E0227B04F155
:10D4B0000D01684606F0A8FF07EB080101EB090023
:10D4C000694601F005FF4044ABEB000B0744B04652
:10D4D000286B761C401C286314F8240F00F003000E
:10D4E0000128F9D197988642C3D99898012804D188
:10D4F00001220021969806F092FDD04504D1012228
:10D500001146969806F08BFD38468AE730B50A49F1
:10D5100000240A4B0DE00A7812F0810F08D0520760
:10D5200006D40A6A824202D3121A0A6200E00C7020
:10D5300024319942EFD930BDA4AA04605CCE0460C6
:10D540001E2802D2FE4A42F820107047FD4948606A
:10D5500070470B2803D2FA4A783242F820107047FD
:10D5600030B500210A460C4628281CD2F54B103352
:10D570005D5C854203D1F2480DE0012213E0491CB5
:10D580001E29F5DB7CB9EF4B00212E335C5C844215
:10D5900006D1EB48783050F821000028EDD102E0A8
:10D5A000491C0B29F2DB104630BD70B50023044640
:10D5B00018461370282C07D2E24D1035EE5CA642B7
:10D5C00003D101200B60107070BD5B1C1E2BF5DBBE
:10D5D0000028F9D1DB4B00222E339D5CA54202D1FD
:10D5E00001200A6070BD521C0B2AF6DB70BD1D289D
:10D5F00014D2DFE800F00F0F0F13130F13130F0FE8
:10D60000130F1313130F0F0F130F0F130F13130F0A
:10D61000130F0F00CA4AA43242F820107047C21EEE
:10D620001B2A13D2DFE802F00E0E120E0E12120E9B
:10D63000120E0E0E1212120E12120E120E0E120EEA
:10D6400012120E00BE4AA43242F8201070471E2863
:10D6500002D2BD4A42F820107047BA49886070472C
:10D66000B849C86070472DE9F0470446DDE90889EC
:10D6700000781E46C0F3C000107020781546C0F335
:10D680008000507020780F46C0F3400090706078A2
:10D6900001F020FB6860607801F037FBA860A0789B
:10D6A00028732978032021B1E07868732079A87362
:10D6B0000520215C401C31702218391AC8F800205E
:10D6C000A9F80010BDE8F0879E48408870479D4942
:10D6D000488070479B48007870479A4908707047A7
:10D6E000F0B58DB007464FF0000007900890099004
:10D6F0000A90ADF8180002901D4616460C008DF8F1
:10D70000100005908DF80C000B900C9072D02178D1
:10D7100001F0F0021211062A22D2DFE802F0034BD8
:10D72000C5C921EF06A905A8CDE9000104AB07AAE8
:10D7300031462046FFF797FF9DF810000C2810D0C7
:10D740000E2817D00F281ED0102825D012282CD034
:10D75000009507AB3A46BDF81810059804F09CFCFC
:10D7600007E1009507AB3A46BDF81810059804F09C
:10D7700037FBFEE0009507AB3A46BDF81810059858
:10D7800005F0C5FAF5E0009507AB3A46BDF818106C
:10D79000059804F0BDFBECE0009507AB3A46BDF8F8
:10D7A0001810059805F01CFCE3E09DBB67490A20B2
:10D7B00008705CE061788DF81010B11EA31C9DF814
:10D7C000102089B20593ADF81810082A3BD125B175
:10D7D000012D20D0022D1ED0CBE0052E05D11878CA
:10D7E000DF2802D15878FD2805D03A46184604F0C3
:10D7F0006BFB28E0C7E0E2F75BF9554901200870B0
:10D80000059854498078C0EB001080000880E2F74A
:10D810006CF918E02BE00090019001AB6A4689B2E8
:10D82000059808F033F810F0FF0F05D002F082FEE3
:10D8300001460098814204D12946474807F090FDEF
:10D840000020EAF7FBFB9DF81000072807D004280A
:10D850000DD0092812D0062817D0E8B189E02B4650
:10D860003A46BDF81810059808F046FE81E02B46B0
:10D870003A4631462046E8F741FC7AE03A46BDF8A0
:10D880001810059808F00FFE73E03A46BDF818101E
:10D89000059808F0E1FD6CE02B463A46BDF81810FB
:10D8A000059804F005F964E0A0788DF8100060E0B8
:10D8B000C1F3C001022001B10420215C401C2718E3
:10D8C0008DF81010301A81B29DF810000597ADF850
:10D8D00018100C2804D0122808D01A2849D105E0C5
:10D8E0002A4631462046E7F7F0FF42E0334622461B
:10D8F00038460095E8F7AAF93BE0FFE7A078032651
:10D900008DF81000122805D1E01C002101F056FB13
:10D9100000B10426A01902AA03A901F0A5FA064441
:10D92000A0190CAA029901F04CFE0644A01902AA03
:10D9300003A901F099FA0644A0190BAA02990DE077
:10D9400080CE0460280500609CCF04602701006041
:10D95000F60200600A0300609A9A076001F031FE47
:10D960009DF810103044122903D12044002101F009
:10D970003BFB40F239104543044840F2722100EB72
:10D98000450009F080F90DB0F0BD0000289807604F
:10D9900008B1B74B036011B1B54808380860002AD8
:10D9A00002D0B3480C3810607047412801D20120E2
:10D9B000704700207047AF4800787047AE49085C58
:10D9C000401C70477047AD49084410F8010C70477F
:10D9D000002070470020704700B50022FFF7F3FFDA
:10D9E000402801D2A6490A5C104600BD00B5FFF7E9
:10D9F000EAFF402802D2A24A0021115400BD2DE9BD
:10DA0000F0410C460746FFF7DEFFB4B355212180F5
:10DA10004FF0FF360025666025720921A172C2B25F
:10DA200029460320E0F7A0FB09F05EFD206184F8A1
:10DA30007052D4F8744204B36F202080666025725F
:10DA40000820A07204F11000064606F0DFFA00225A
:10DA50001146304606F0E3FA00220121304606F076
:10DA6000DEFA00220221304606F0D9FA0022032114
:10DA7000304606F0D4FA84F870523846BDE8F041DA
:10DA8000AAE70020704710B50C4603460022FFF7B6
:10DA90009AFF402B08D2C1B20320E0F79AF9014661
:10DAA000204606F071FB0246104610BD2DE9F043FA
:10DAB000ADF51B7D8146DDE9A25498460846FFF787
:10DAC00082FF0227FE1E4F2A2AD008DC1C2A1AD009
:10DAD000242A5BD04B2A0BD04D2A06D10EE0542AC3
:10DAE00056D0552A1ED06F2A28D02F70202047E00C
:10DAF00002460321484601F0C6FB3AE0C1B20320CA
:10DB0000E0F767F903E0C1B20320E0F7E1F801466E
:10DB1000684606F039FB6946484601F071FC28E08A
:10DB2000032107E0C2B200210320E0F71DFB09F04A
:10DB3000DBFC2FE0484601F067FD1AE096A806F0EE
:10DB400065FA0022114696A806F069FA0022012122
:10DB500096A806F064FA0022022196A806F05FFA61
:10DB60000022032196A806F05AFA96A9484601F029
:10DB700019FB002806DBB8F1FF3F03D02F703220DD
:10DB8000207030460DF51B7DBDE8F0830021D1E704
:10DB9000E1F764FE0146CDE7F0B5ADF51B7D044627
:10DBA000D0F8681200256A46103000F030FD0226D9
:10DBB0002527002804DA84F86D6284F86E7207E085
:10DBC000E068401C08D084F86D62322084F86E0250
:10DBD00000200DF51B7DF0BD20894F2840D008DCCA
:10DBE0001C283DD024283BD04B2839D04D280BD1C0
:10DBF00036E004F26E235A1E512813D054281BD04D
:10DC0000552805D06F282BD084F86D6220202AE09B
:10DC10000921684604F030FA050026D00298012850
:10DC200023D917E00121684604F026FA05001CD02C
:10DC30006068FFF7C8FE18E00921684604F01CFA86
:10DC4000050012D00298022804D2C1B26068E1F740
:10DC500019FE0AE084F86D62002584F86E7204E013
:10DC600084F86D62282084F86E022846B1E700002F
:10DC7000A0B1040861050060BC0A0160BC0C016031
:10DC800014D0046008B1C14B036011B1BF4808381B
:10DC90000860002A02D0BD480C3810607047812807
:10DCA00001D20120704700207047B94800787047C2
:10DCB000B849085C401C7047B749084410F8010C8B
:10DCC000704710B50C4603460022FFF7F5FF802B86
:10DCD00008D2C1B20920E0F77CF80146204606F0E0
:10DCE00053FA0246104610BD2DE9F04100260546C4
:10DCF0003446802813D2A94FEAB2E1B20920E0F7F6
:10DD000033FAB84208D0EAB2E1B20920E0F72CFABF
:10DD100009F0EAFBC6B202E0641C102CECD33046DA
:10DD2000BDE8F0812DE9F043ADF51B7D9846DDE9B6
:10DD3000A25481460B460846FFF7BEFF0227FE1E8F
:10DD40004F2A2CD008DC1C2A1CD0242A51D04B2A64
:10DD50000DD04D2A08D110E0512A4CD0542A5BD066
:10DD6000552A1ED06F2A28D02F7020204EE01A4648
:10DD70000521484601F087FA41E0C1B20920E0F7E9
:10DD800028F803E0C1B20920DFF7A2FF0146684688
:10DD900006F0FAF96946484601F032FB2FE005210A
:10DDA00007E0C2B200210920E0F7DEF909F09CFB90
:10DDB00034E0484601F028FC21E096A806F026F958
:10DDC0000022114696A806F02AF90022012196A801
:10DDD00006F025F90022022196A806F020F900227B
:10DDE000032196A806F01BF996A9484601F0DAF936
:10DDF00005E00021DDE70021484601F00AF900288E
:10DE000006DBB8F1FF3F03D02F7032202070304680
:10DE10000DF51B7DBDE8F083E1F784FD0146C8E701
:10DE20002DE9F0470446ADF51A7D15460E4600274C
:10DE30004068FFF734FF88B16A4604F11000D4F857
:10DE4000681200F0E4FB4FF002084FF0250A0028AA
:10DE500008DA86F8008085F800A00DE00120307017
:10DE60001F2008E0208957280BD0E068401C08D00C
:10DE700086F800803220287000200DF51A7DBDE85C
:10DE8000F0876068FFF718FF8146208909214F2835
:10DE900076D00ADC0DF10D031C2847D024286FD062
:10DEA0004B286DD04D2808D134E0512822D0542879
:10DEB0004ED0552805D06F2862D086F800802020EB
:10DEC00061E09DF80200092818D10298012805D0C8
:10DED00020B186F8008085F800A055E0C0B209F0B6
:10DEE000C7FA034609F0FF0294F86C120920E0F724
:10DEF0005EFD2BE09DF80200012803D086F800802B
:10DF0000297041E09DF8082009F0FF010920E1F7A0
:10DF100020F81BE09DF8020007280BD109F0FF0252
:10DF200094F86C120920E1F750F80FE09DF8020018
:10DF3000072804D084F86D8284F86E1224E009F07A
:10DF4000FF0294F86C120920E0F7C2FC01271BE0E5
:10DF500004F26E235A1E0921684604F08DF807006A
:10DF600012D00298022805D2C1B26068E1F7EDFC38
:10DF70000AE005E084F86D82002784F86EA203E0D1
:10DF800086F8008028202870384676E7CCB104084F
:10DF900062050060FC0B0160FC0D016000007F4326
:10DFA00008B1F94B036011B1F7482C300860002A22
:10DFB00002D0F548001F10607047412801D20120AF
:10DFC000704700207047F14800787047F049085CBE
:10DFD000401C7047EF49084410F8010C7047F8B531
:10DFE00000218DF800100C46C0B26946ECF728FFFE
:10DFF0009DF800100420E1F752FA09F075FAC5B255
:10E000009DF80000402815D2E34EE1B29DF80020B3
:10E010000420E0F7A9F8B04209D0E1B29DF8002051
:10E020000420E0F7A1F809F05FFAC5B202E0641C31
:10E03000102CEAD32846F8BD2DE9F041C5B20024E2
:10E0400029460420E1F72BFA09F04EFAC6B2402D1A
:10E0500013D2D14FE1B22A460420E0F785F8B84246
:10E0600008D0E1B22A460420E0F77EF809F03CFA35
:10E07000C6B202E0641C102CECD33046BDE8F0813F
:10E0800010B50C4603460022FFF7A4FF402B08D230
:10E09000C1B20420DFF79DFE0146204606F074F869
:10E0A0000246104610BD2DE9FF4FADF51B7D07461A
:10E0B000DDE9A8A90024984626460846FFF78AFF0E
:10E0C00005469D984FF0FF3B512859D010DC2E2873
:10E0D0007ED006DC04287CD01C2827D0242815D12B
:10E0E0004CE04B2817D04D281BD04F280ED123E0F1
:10E0F00068286FD006DC54284ED055281ED05728EB
:10E1000004D14EE06F281DD0752875D002208AF802
:10E1100000002021A6E02A460421384601F0B3F889
:10E120008EE0E9B20420DFF754FE03E0E9B20420F8
:10E13000DFF7CEFD0146A5E004217EE02846FFF78B
:10E140007BFF2CE096A805F061FF0022114696A8FF
:10E1500005F065FF0022012196A805F060FF01226D
:10E16000022196A805F05BFF0122032196A805F085
:10E1700056FF96A9384601F015F861E000215CE0F1
:10E18000E9B20420DFF756FF08B1012100E00021C9
:10E19000384600F03EFF53E02846E1F792FB014687
:10E1A0004BE0B8F1000F16D0B8F1FF3F18D0B8F12E
:10E1B000100F53D8A8F10104EAB2E1B20420DFF74E
:10E1C000D3FF7549884230D1384600F056FF37E01A
:10E1D00057E054E04EE01021384601F0E4F92FE01A
:10E1E000EAB2F1B20420DFF7BFFF6B49884204D1E5
:10E1F000381900F042FF0BE04CE0EAB2F1B2042023
:10E20000DFF7B2FF09F070F9C1B2381901F0FCF97B
:10E210000444B4F5167F03DA761C102EE0D310E028
:10E2200005218AF8001012211CE0EAB2E1B20420B4
:10E23000DFF79AFF09F058F9C1B2384601F0E4F966
:10E240000446002C11DB9D9857280ED0B8F1FF3FF3
:10E250000BD002208AF80000322103E002208AF865
:10E2600000002A2189F800105C460DF51F7D20462C
:10E27000BDE8F08FE9B20420E1F711F9DAE747A130
:10E2800000E047A1684605F07FFF6946384601F087
:10E29000B7F8D5E7E9B20420DFF719FE7FE72DE9EB
:10E2A000F043ADF51B7D0446D0F8681200256A46A0
:10E2B000103000F0ACF902274FF02509002804DAED
:10E2C00084F86D7284F86E920AE0208957280CD089
:10E2D000E068401C09D084F86D72322084F86E0228
:10E2E00000200DF51B7DBDE8F0836068FFF772FE2E
:10E2F0000646208904F26E2328215A1E4FF0090C8D
:10E30000512876D012DC0DF10D032E2867D006DCE3
:10E31000042864D01C2879D0242817D15FE04B282A
:10E320005DD04D2875D04F2810D158E0672856D0C1
:10E3300006DC54286CD055280FD0572806D14EE063
:10E34000682871D06F284AD075287AD084F86D7209
:10E35000202084F86E022846C3E79DF802000928B1
:10E3600020D00021684603F087FE0500F3D094F822
:10E370006C0290B3102830D8401EC1B2064BF2B2E6
:10E380000420E0F714FBE6E7F0B104086305006041
:10E390003C0B01603C0D016000007F436F6E00008C
:10E3A0006F66660094F86C82B8F1000F1CD0B8F16B
:10E3B000100F19D8B8F1060F11D00298012813D800
:10E3C000C0B2A8F1010809F053F80346F2B208F010
:10E3D000FF010420E0F7EBFA51E060E009E084F887
:10E3E0006D7284F86E12B6E784F86D7284F86E92DE
:10E3F000B1E70121684603F03FFE0500ABD09DF870
:10E400000820F1B20420E0F7A4FDA4E70EE000E04C
:10E4100037E09DF80200072824D1F2B294F86C127C
:10E420000420E0F7D2FD2AE018E00AE09DF802009F
:10E43000072817D1F2B294F86C120420E0F748FADA
:10E440001DE09DF8020009280CD10298F2B2C3B277
:10E4500094F86C120420E0F7A4F910E09DF8020093
:10E46000092804D084F86D7284F86EC273E70298AC
:10E4700008F0FEFF0246F1B20420E0F7A1FF0125FB
:10E4800069E70921684603F0F7FD0500ABD0029863
:10E49000022804D2C1B26068E1F727FA5BE70025E1
:10E4A000A2E7000030B404460020002911D0002C5F
:10E4B0000FD08B7801F108020D2B0AD2DFE803F0B0
:10E4C000070B10151A1F252A2F34393E43002370DD
:10E4D000012030BC7047097A204630BC00F099BD5D
:10E4E0008968204630BC01F05EB88968204630BC9F
:10E4F00001F005B98968204630BC01F032B9D1E994
:10E500000223204630BC01F04AB9204630BC1146F7
:10E5100000F0DEBE204630BC114600F071BF204640
:10E5200030BC114600F03EBE8968204630BC01F088
:10E530006BB8204630BC114601F0CEB9204630BC45
:10E54000114601F058B9CA680989204630BC00F06C
:10E550009ABE2DE9FC411C4617460D46002670B3B5
:10E560006CB304F108020D2D46D2DFE805F0450733
:10E570000C1014181C2024292D313600384600F0C8
:10E5800076FD207240E0394600F0A1FF23E03946D5
:10E5900001F064F81FE0394601F0AFFA1BE039469C
:10E5A00001F0F2FA17E0394600F0D3FE13E03946E5
:10E5B00000F05DFF0FE0394600F088FD0BE01CE045
:10E5C000394600F0FEFF06E0394601F0ADF902E001
:10E5D000394601F036F906460EE00021ADF800108C
:10E5E000019101AB6A46394600F013FE0646BDF8BC
:10E5F000000020810198E06036B92DB1012D03D0D3
:10E60000062D01D01020A0703046BDE8FC812DE918
:10E61000FC414FF000061446050037468DF80060B7
:10E6200001961CD0DCB12878000718D4277001AA05
:10E630006946284600F018FC78B19DF8001006469F
:10E64000A170A8192346019AFFF783FFA17810292A
:10E6500001D0064401E04FF0FF36C4F86072304646
:10E66000D3E72DE9FC41002714468DF800703E46A3
:10E67000FE4D019708B185E8830054B3696841B342
:10E680002A68A868135C1B0723D41044277001ABC9
:10E690006A4600F022FCD0B1A9680A18AA6069682D
:10E6A000081A68609DF80010012902D0019B83427E
:10E6B0000DD8A170286823461044019AFFF749FF3E
:10E6C000A9680144A9606968081A01266860C4F84D
:10E6D0006072304699E703004FF000000BD00D291F
:10E6E00009D2DFE801F0080807070707070707074F
:10E6F00007070700104670477CB54FF0000405007F
:10E700008DF80440009410D0287800070DD46A4694
:10E7100001A9284600F0A8FB38B1044628199DF845
:10E720000410009AFFF7D7FF044420467CBDF0B4E4
:10E7300004460020002A52D0002C50D0957802F1D7
:10E7400008030D2D4BD2DFE805F0070B10151A1F3B
:10E75000262B30353A3F44002046F0BC00F091BCF7
:10E76000127A2046F0BC00F05ABC92682046F0BCF9
:10E7700000F0FDBE92682046F0BC00F0CEBF92686B
:10E780002046F0BC00F0FDBFD2E90203024620465D
:10E79000F0BC01F015B82046F0BC1A4600F0B7BD39
:10E7A0002046F0BC1A4600F046BE2046F0BC1A4691
:10E7B00000F00BBD92682046F0BC00F033BF20464D
:10E7C000F0BC1A4601F096B82046F0BC1A4601F09B
:10E7D00020B8D36812892046F0BC00F043BDF0BCDD
:10E7E000704702461020982A45D019DC352A3AD0C5
:10E7F0000ADC022A26D0262A21D101292DD002297D
:10E800001DD003291BD119E0662A2CD0842A16D1E9
:10E8100019B3012923D0022910D003290FD11CE0FC
:10E82000D32A23D0D42A03D0D62A01D0DA2A06D17B
:10E8300021B1012902D0022901D101E00220704753
:10E84000042070470929FCD2DFE801F00707090618
:10E850000506060B0B00F4E7F0E70C2070470920D3
:10E860007047012070470029FCD1F6E70029F4D059
:10E870000129F7D1F1E70529F4D2DFE801F0060616
:10E8800005040300DCE7D9E7EBE7EBE770B50C0024
:10E8900003464FF000050FD073B161781046FFF7C3
:10E8A000A0FF102805D2617822461846FFF73FFFE7
:10E8B00005460020C4F86002284670BD2DE9FC41E1
:10E8C0004FF000040600984615460F4620468DF886
:10E8D0000040019432D065B3317809072ED501216B
:10E8E0002970C5F8600201AA6946304600F0BCFAFA
:10E8F000040023D0BC4205D89DF80010304600F03B
:10E9000073FB10B1012C18D018E09DF8001069704D
:10E910004046FFF766FFA870102807D2264401463C
:10E920002B463046019AFFF714FE01E0019808B12A
:10E93000044403E04FF0FF3400E00024204664E686
:10E940007CB54FF00004164605008DF80040019498
:10E9500018D02878000715D501AA6946284600F086
:10E9600083FA78B104469DF800103046FFF739FF6E
:10E970000146102804D22819019AFFF7ACFE00E0E6
:10E980000198044420467CBD0346002000290AD09B
:10E99000002B08D0087820B148780A46014618466E
:10E9A000C5E618467EE5704770B50C4605004FF089
:10E9B000010637D084B3A078A870A27804F10801CA
:10E9C00005F108000D2A28D2DFE802F028070A0A1C
:10E9D0000A0D1215180A1B1E2100207A28721DE04C
:10E9E000A068A8601AE0D4E90201C5E9020115E0B7
:10E9F00005F057FD12E005F0E9FB0FE005F065FBBF
:10EA00000CE005F07EFF09E005F088FF06E02089B4
:10EA10002881E068E86001E004E00026D4F86002A4
:10EA2000C5F86002304670BD2DE9FC5F0027064640
:10EA30008DF8007001970078934600F00700884633
:10EA4000062843D1304601AA694600F00DFA9DF828
:10EA50000090044601254FF0FF3A305D00F00701B9
:10EA600006290FD0C143490717D001E064050060B3
:10EA70000007A8EB040106EB04001AD55A46FFF77D
:10EA80005FFF18E0301901AA694600F0EDF99DF822
:10EA900000204A450FD16D1C09E0301901AA6946D2
:10EAA00000F0E2F99DF800204A4504D16D1EEDB258
:10EAB00001E0FFF721FE044415B1002802DD074400
:10EAC000444501D9574601E0002DC6D13846BDE87E
:10EAD000FC9FF0B58DB04FF0000614008C460296F6
:10EAE0003546039679D0102877D20125A07004F11D
:10EAF00008070D2810D2DFE800F09107371219201F
:10EB0000272C32373D5F880000221146604608F00E
:10EB1000D9F910B10120207280E026727EE0002237
:10EB20001146604608F0CEF9A06077E0002160460B
:10EB30000BF028F908F037FDF6E7002160460BF0EE
:10EB400021F9C4E9020169E06146384605F081FC1B
:10EB500003E06146384605F017FB05465EE00025F8
:10EB6000384605F053FA59E000221146604608F095
:10EB7000E1F9D9E70BA909A8CDE9000108AB07AA7B
:10EB80002BA1604608F0DCF8032802D004280AD044
:10EB900043E00998C3B20898C2B2079881B23846D8
:10EBA00005F09DFD3AE0079820810898A072099829
:10EBB000E0720B98207331E00AA906A8CDE90001A4
:10EBC00005AB04AA1EA1604608F0BAF8042805D0D7
:10EBD00003280CD0022811D01FE021E004982072F5
:10EBE000059860720698A0720A98E07216E0049880
:10EBF0002072059860720698A07204E00498207252
:10EC000005986072A672E67208E003AB02AA10A132
:10EC1000604608F095F8022805D00025C4F8606227
:10EC20000DB02846F0BD029820810398E060F5E71A
:10EC30002534642F2533642F2533643A253364004B
:10EC40002533643A2533643A2533642E2533640032
:10EC50002534643A2537640002460020022A1ADB74
:10EC6000042A01DA102016E0082A01DA202012E036
:10EC7000102A01DA30200EE0202A01DA40200AE0D2
:10EC8000402A02DA4FF0500005E002D14FF0600058
:10EC900001E04FF07000322903DD802902DC40F0F2
:10ECA00001007047CE2902DC40F002007047B1F548
:10ECB000F07F02DC40F003007047B1F5806F02DCAA
:10ECC00040F00400704740F2C4529142FADC40F038
:10ECD00005007047014601F0F001002009110829E4
:10ECE00006D2DFE801F0050406080A0C0E10022027
:10ECF000704704207047082070471020704720207C
:10ED0000704740207047412070470146002001F0C5
:10ED10000F01062905D2DFE801F0030507090C0FF2
:10ED20003220704780207047CE2070474FF4F0703B
:10ED300070474FF48060704740F2C450704770B520
:10ED40000124002505700AB10822027002780E29FC
:10ED500003D842EA0111017004E042F0F0020270AF
:10ED6000417002240178042B02D8194301701AE083
:10ED700041F005010170FD2B02D80355641C12E01F
:10ED8000B3F5803F07D2FE210155641C99B220449F
:10ED900000F008FE06E0FF210155641C20441946DE
:10EDA00000F022FE0444204670BD082301220370B7
:10EDB0000E2903D843EA0111017003E0F822027022
:10EDC00041700222017841F006010170104670473F
:10EDD0000823012203700E2903D843EA01110170B0
:10EDE00003E0F822027041700222017841F007012D
:10EDF00001701046704710B5034601201A780F24A1
:10EE0000B4EB121F04D109B158780870022010BD6C
:10EE10000029FCD012090A7010BD034610B500206D
:10EE200000290AD018780F24B4EB101F06D102294C
:10EE300004D30AB158781070022010BD0AB100093D
:10EE40001070012010BD007800F00700062801D0E6
:10EE500000207047012070470078C043400701D070
:10EE600000207047012070477CB514460546FFF727
:10EE7000C2FF2A7802F00701052903D000230629E2
:10EE80001FD021E0295CFF2905D0FE290DD004B157
:10EE90002160401C7CBD461CA81901A900F0ADFDF5
:10EEA0003044002CF6D0019909E0461CA8196946A7
:10EEB00000F07DFD3044002CECD0BDF80010216046
:10EEC0007CBD0CB123607CBDD243520702D0002C24
:10EED000F5D17CBD002CF5D17CBDF8B51C460E46A5
:10EEE0000546FFF79AFF002814DD2B78311A03F04E
:10EEF0000702052A03D00021062A27D029E02A5C30
:10EF0000FF2A08D0FE2A12D01ED2E9B104B1226035
:10EF100000F10100F8BD052916D3461CA819694661
:10EF200000F06BFD3044002CF4D000990FE0032971
:10EF30000AD3461CA819694600F039FD3044002C5C
:10EF4000E8D0BDF8001002E00020F8BD0CB121604F
:10EF5000F8BDDB435B0703D0002CF9D02260F8BD7D
:10EF6000002CF4D1F8BD38B50D46002204468DF8CA
:10EF700000206946FFF73FFF2078000705D59DF880
:10EF80000000A84201D1012038BD002038BD78B56D
:10EF9000054600200E468DF80000144669462846B6
:10EFA000FFF729FF20602878000705D59DF80000AD
:10EFB000B04201D1012078BD002078BD38B50D46A2
:10EFC000002204468DF800206946FFF714FF2078E0
:10EFD00000F00700062805D19DF80000A84201D1E5
:10EFE000012038BD002038BD38B50D46002204464A
:10EFF0008DF800206946FFF7FEFE2078C0434007E9
:10F0000005D19DF80000A84201D1012038BD0020A3
:10F0100038BD002301B10123002201218FE670B524
:10F020001446012305461A46FFF789FE2C54401C5E
:10F0300070BD014600200978002900D001207047EA
:10F0400078B51546002604466A460096FFF79FFFEE
:10F0500050B10098205C10B10120287000E02E70A3
:10F060000098401C009078BD4FF0FF30FAE7010097
:10F070004FF0000000D00120704700231A461946C7
:10F080005DE6002301225AE601460020CA0700D0AF
:10F0900080208A0701D540F040004A0701D540F0A2
:10F0A00020000A0701D540F01000CA0601D540F043
:10F0B00008008A0601D540F004004A0601D540F058
:10F0C0000200090601D540F0010070472DE9F0412A
:10F0D000074600250E4690462C46104604F096FF43
:10F0E000BEB1761E0F2E14D8012509E0785D6D1C87
:10F0F000FFF7CAFF0246E1B2404604F0CFFF641CAE
:10F10000B442F3D33878F1B200F00702404604F07D
:10F11000CFFF2846BDE8F08177B581B0164604469A
:10F120009DF80810FFF71FFF68B120466A4602A944
:10F13000FFF79AFE0546601932460099FFF7C6FFB1
:10F14000284404B070BD4FF0FF30FAE72DE9F041DC
:10F15000064688460025084604F08BFF80B14046ED
:10F1600004F089FF0746404604F083FFC7F1010120
:10F1700000EBC100C0B2C0F10800307001240DE006
:10F180000020307001240BE02946404604F07DFF4A
:10F19000FFF77AFF6D1C3055EDB2641CBD42F3D30E
:10F1A0002046B7E770B506460D46084604F063FFF3
:10F1B000431C002208213046FFF7C1FD04463019E8
:10F1C0002946FFF7C3FF204470BD70B506460C46C4
:10F1D0001546104604F04FFF431C012221463046DD
:10F1E000FFF7ADFD044630192946FFF7AFFF204475
:10F1F00070BD38B50C46002100911546694600F0F7
:10F20000FCFB0099890D21800099C1F3150129604B
:10F2100038BD30B41446042902D030BC00207047F9
:10F22000214630BC1A46E4E7F8B5044600201646ED
:10F2300000901D4620466A46FFF7A9FE40B100989F
:10F240002A4620443146FFF7D4FF0099084401E0E4
:10F250004FF0FF300090F8BD0B46114663F39F510D
:10F2600000F0C2BB2DE9F0411D46164607460423B7
:10F270000122FFF764FD044638192A463146FFF79C
:10F28000EBFF204446E770B50446401CFFF7E4FF5F
:10F290000546034600220C212046FFF750FD284476
:10F2A00070BD2DE9F0414FF0000506460F002C46D9
:10F2B0000CD0084605F0E9F80546384605F0EBF8AD
:10F2C00002E0015D3155641CAC42FADB284621E7BF
:10F2D00070B506460D004FF0000015D0084605F049
:10F2E000D4F80346002206213046FFF728FD0446E5
:10F2F000284605F0CAF82044B0F5167F05D230192B
:10F300002946FFF7CEFF204470BD002070BD70B5C8
:10F3100005000C4616464FF0000017D0002E15D001
:10F32000104605F0B2F80346012221462846FFF7B1
:10F3300006FD0446304605F0A8F82044B0F5167FD7
:10F3400005D228193146FFF7ACFF204470BD0020DC
:10F3500070BD70B513460D460A4601460024184696
:10F3600005F052F800B12C46204670BD77B581B04B
:10F37000054600200090164628469DF80810FFF725
:10F38000F2FD70B128466A4602A9FFF76DFD0446FA
:10F3900029193046009A05F037F820B10098044446
:10F3A00001E04FF0FF342046CBE670B50400049D29
:10F3B00005F101000BD0884209D82270002103E03A
:10F3C0005A5C6618491C7270A942F9D370BD0020BE
:10F3D00070BDF8B506460F46084604F0E5FE054642
:10F3E000384604F0E7FE0446384604F0E9FE0246DB
:10F3F00023464FF4167130460095FFF7D6FFF8BD4F
:10F400002DE9F04107460E46084604F0CDFE451CA6
:10F410002B46002207213846FFF791FC044628447A
:10F42000B0F5167F05DA38193146FFF7D2FF2044D0
:10F4300070E600206EE62DE9F04107460C461646C0
:10F44000104604F0B1FE451C2B46012221463846E9
:10F45000FFF775FC04462844B0F5167F05DA381925
:10F460003146FFF7B6FF204454E6002052E670B55F
:10F470000C4616460178421C0025631E304604F0F7
:10F480005BFE00B12546284670BD77B581B00546C4
:10F4900000200090164628469DF80810FFF763FDEF
:10F4A00088B128466A4602A9FFF7DEFC0446009BA5
:10F4B0002A19295D3046521C5B1E04F03DFE20B126
:10F4C0000098044401E04FF0FF34204639E638B597
:10F4D0000C464FF000011500ADF8001008D0012CCB
:10F4E00008D0022C09D0032C0ED0042C10D01160AF
:10F4F000204638BD00781060FAE7694600F057FAF8
:10F50000BDF800002860F3E7114600F060FAEFE76D
:10F51000114600F072FAEBE777B581B01646044663
:10F520009DF80810FFF71FFD60B120466A4602A94A
:10F53000FFF79AFC0546601932460099FFF7C7FFAE
:10F540002844FEE54FF0FF30FBE5FF2902D80170AB
:10F5500001207047B1F5803F02D289B200F022BA93
:10F56000B1F1807F01D200F02BBA00F03DBA70B546
:10F5700014460646FF2A01D801230AE0B4F5803F6D
:10F5800001D2022305E0B4F1807F01D2032300E021
:10F5900004230122FFF7D3FB054670192146FFF72C
:10F5A000D4FF284470BD70B50446401CFFF7CDFF62
:10F5B00005460346002202212046FFF7C0FB2844EF
:10F5C00070BD38B51446002200926A46FFF77FFFEF
:10F5D000002C01D00099216038BD7CB51646044648
:10F5E000FFF7C1FC60B120466A4601A9FFF73CFC69
:10F5F0000546601932460099FFF7E3FF28447CBDB9
:10F600004FF0FF307CBDA0E770B50446401CFFF70B
:10F61000FAFF05460346002209212046FFF78FFB2B
:10F62000284470BD70B514460646FF2A01D8012350
:10F630000AE0B4F5803F01D2022305E0B4F1807FF7
:10F6400001D2032300E004230122FFF778FB0546E3
:10F6500070192146FFF7D7FF284470BD10B50C463E
:10F660004AB1012C09D0022C0BD0032C0DD0042C54
:10F670000FD000201060204610BD114600F0D1F9D7
:10F68000F9E7114600F0E0F9F5E7114600F0F4F96A
:10F69000F1E7114600F00FFAEDE777B581B01646B5
:10F6A00004469DF80810FFF75EFC60B120466A46EC
:10F6B00002A9FFF7D9FB0546601932460099FFF70A
:10F6C000CDFF28443DE54FF0FF303AE501F18002DF
:10F6D000FF2A02D849B200F0A1B901F50042B2F503
:10F6E000803F02D209B200F0AAB9AD4A6FF07F4361
:10F6F0000A449A4201D200F0B8B900F0D3B970B50B
:10F700000446401CFFF7E2FF0546034600220321A2
:10F710002046FFF714FB284470BD70B5064602F181
:10F7200080001446FF2801D801230FE004F50040B3
:10F73000B0F5803F01D2022308E099486FF07F4284
:10F740002044904201D2032300E0042301223046EA
:10F75000FFF7F5FA054670192146FFF7B7FF284471
:10F7600070BD70B50A460446411C104600F0E6F92B
:10F7700005460346002204212046FFF7E0FA28440C
:10F7800070BD70B51546064604230122FFF7D7FA6F
:10F7900004463119284600F0D1F9204470BD70B5F7
:10F7A00015460446821C1946284600F0FAF905461B
:10F7B0000346002205212046FFF7C1FA284470BD08
:10F7C0002DE9F04115461E46074608230122FFF7A2
:10F7D000B6FA04463A192846314600F0E2F92044C8
:10F7E00098E40A7802704A7842708A788270C97800
:10F7F000C1700420704770B50446401CFFF7F1FF4C
:10F800000546034600220B212046FFF798FA2844BC
:10F8100070BD70B51446054604230122FFF78FFA28
:10F820000346E8182146FFF7DCFF184470BD027854
:10F830000A7042784A7082788A70C078C870042052
:10F8400070470B46042906D000211170D170517009
:10F850009170184670471146E9E738B50D460446E1
:10F860006946FFF7C8FA9DF800000B2802D04FF058
:10F87000FF3038BD601C2946FFF7D9FF401C38BD5A
:10F8800038B5044600201546009020466A46FFF72A
:10F890007EFB38B1009829462044FFF7C8FF009945
:10F8A000084401E04FF0FF30009038BD0A8840F274
:10F8B0006C739A4202D3A2F26C7201E0FF2A08D85C
:10F8C00002708A784270CA7882700979C170042007
:10F8D00070474FF0FF30704770B50446401CFFF78B
:10F8E000E5FF0546034600220A212046FFF727FAD6
:10F8F000284470BD70B51546064604230122FFF763
:10F900001EFA044630192946FFF7D0FF204470BD87
:10F91000027802F26C720A8042788A708278CA7029
:10F92000C0780871042070470B46042906D00021D6
:10F93000D170917011711180184670471146E7E738
:10F9400038B50D4604466946FFF755FA9DF80000A4
:10F950000A2802D04FF0FF3038BD601C2946FFF75F
:10F96000D7FF401C38BD38B504460020154600902E
:10F9700020466A46FFF70BFB38B100982946204421
:10F98000FFF7C6FF0099084401E04FF0FF300090F8
:10F9900038BD20230370417082700320704700003F
:10F9A000FFFF7F000A0A027041700220704729B1F0
:10F9B000027812020A80407802430A8002207047CF
:10F9C0000A0C02700A0A427081700320704749B124
:10F9D000027812040A60437842EA03220A608078BF
:10F9E00002430A60032070470A0E02700A0C42703C
:10F9F0000A0A8270C1700420704769B10278120649
:10FA00000A60437842EA03420A60837842EA0322AA
:10FA10000A60C07802430A60042070470170012028
:10FA2000704751B10278120602D56FF0FF0200E074
:10FA300000220A60007802430A60012070470A0A27
:10FA4000027041700220704769B10278120601D538
:10FA5000214A00E000220A60037842EA03220A6099
:10FA6000407802430A60022070470A0C02700A0ABA
:10FA7000427081700320704791B10278120602D55E
:10FA80004FF07F4200E000220A60037842EA03421E
:10FA90000A60437842EA03220A60807802430A60DF
:10FAA000032070470A0E02700A0C42700A0A827024
:10FAB000C1700420704769B1027812060A60437869
:10FAC00042EA03420A60837842EA03220A60C0786D
:10FAD00002430A60042070470000FFFFC37863F30D
:10FAE0000702837863F30F224378007863F31742A9
:10FAF00060F31F6204200A607047042903D00023CA
:10FB00000846136070471146E8E777B581B016469E
:10FB100004469DF80810FFF726FA60B120466A46B1
:10FB200002A9FFF7A1F9054660193146FFF7D6FF94
:10FB3000284404B070BD4FF0FF30FAE7020E0A709F
:10FB4000020C4A70020A8A70C8700420704710B50F
:10FB5000047864F30702447864F30F22847864F332
:10FB60001742C47864F31F62047964F3070344798D
:10FB700064F30F238479C07964F3174360F31F6340
:10FB8000C1E90023082010BD10B40C46082905D097
:10FB90000021C2E90011204610BC704710BC11467C
:10FBA000D5E71070030A5370030C9370000ED070E9
:10FBB0001171080A5071080C9071080ED07108205C
:10FBC000704777B581B0164604469DF80810FFF7D8
:10FBD000CAF958B120466A4602A9FFF745F9054619
:10FBE00060193146FFF7B3FF2844A2E74FF0FF301A
:10FBF0009FE7000000280CD000290AD04A68C0F80E
:10FC000001204988A0F8051006210170002101811A
:10FC10008172704710B54FF400642146FE4807F02A
:10FC200032F82146BDE81040FC4807F02CB830B54A
:10FC30000022F94D144605EB02110B784BB1CB684D
:10FC40003BB1834201DACC6002E01B1ACB6000D1E9
:10FC50000C70521C802AEED330BD002320B1036803
:10FC60000B608088108006231846704710B500216D
:10FC700048B1812100F8011B022100F8011B042179
:10FC8000FFF790FE0421084610BD70B514460D46DE
:10FC9000E0F794F8002801DA002070BD21462846DC
:10FCA000BDE87040E0F784B87FB5002406460D46F5
:10FCB000009401940294DA480394FFF7D7FF0204FA
:10FCC000120C07D00196ADF80250D5496846FFF7EF
:10FCD000DCFF044604B0204670BD2DE9F04104006D
:10FCE0001D4617460E464FF0000017D081202070A9
:10FCF0000420607005F10A0081B2A01CFFF752FEDB
:10FD00007288201D311D00F024FB0021001D03E03E
:10FD10007A5C2254401C491CA942F9D3BDE8F08109
:10FD2000F0B50025BD4E2A462C460A2915D306EB10
:10FD3000021301271F700719241D3F685F60A4B2DA
:10FD40000719A41C3F881F81A4B20719241D3F680E
:10FD50000A39DF60A4B289B206E006EB021300277D
:10FD60001F705F601F81DF60521C802ADDD30A296B
:10FD700000D201252846F0BDF0B50022A64D14465C
:10FD800001F11E0605EB02131F787FB15F68D0F802
:10FD900004C067450AD11F89B0F802C0674505D184
:10FDA00005EB021001244181DE600BE0521C802A29
:10FDB000E8D33CB9002205EB02131B7823B1521C97
:10FDC000802AF8D32046F0BD05EB02124368536049
:10FDD0004088108151810120D66010700446F1E7FF
:10FDE000F0B585B000250095019502950395ADF815
:10FDF00010502E462C4604AA01A9FFF72EFF864874
:10FE0000BDF8022000EB04110B7863B14B68019F31
:10FE1000BB4208D10B89934205D100EB04100126A7
:10FE20000570CD6002E0641C802CEBD305B0304639
:10FE3000F0BD7FB5002413460A46014600940194A4
:10FE4000029477480394FFF748FF744D86B205EBA0
:10FE50000410017811B34268C16862EA010101919E
:10FE60000089ADF80200DFF7BFFF0199884205D194
:10FE7000DFF7C1FFBDF8021088420FD0DFF7ABFFFC
:10FE80000199884205D1DFF7B6FFBDF8021088421C
:10FE900004D0324662496846FFF7F7FE641C802CA6
:10FEA000D5D37FBD1FB50C46002100910191029171
:10FEB00003911346014622465948FFF70EFF84B2CC
:10FEC000DFF792FF0190DFF796FFADF802002246C0
:10FED00053496846FFF7D9FE1FBD2DE9FF410024B5
:10FEE000054613460A4600940194029429464C485C
:10FEF0000394FFF7F2FE484E87B206EB0410017838
:10FF0000F9B1C168E9B1416801910089ADF8020019
:10FF1000DFF761FF0199884205D1DFF76CFFBDF87B
:10FF2000021088420DD001986968884204D1BDF85A
:10FF300002006988884204D03A4639496846FFF78A
:10FF4000A4FE641C802CD8D3BDE8FF8170B5344C6E
:10FF500006468120207000200D4660700621A01CFE
:10FF6000FFF720FD2946201DFFF71CFD21463046E6
:10FF7000BDE87040062288E670B5054640F276215D
:10FF8000274800F0F1F90404240C04D02246244947
:10FF90002846FFF77AFE204670BD70B5054640F250
:10FFA00076211F4800F029FA0404240C04D02246CC
:10FFB0001B492846FFF769FE204670BD70B5002436
:10FFC000164B214603EB0112157855B1556846686A
:10FFD000B54206D115894688B54202D1D268521C75
:10FFE00004D0491C8029EDD3204670BD0124FBE7D5
:10FFF0002DE9F04393B00026ADF800600F960E9601
:020000040803EF
:1000000010961196059617460D4681460696079658
:10001000089609960A9605E064D8046064D00460E6
:100020007C1001600B960C96ADF834603446ADF848
:100030000460DFF7C3FE00280ADBDFF7BFFEFE48DF
:10004000FE4900880D60002802DD2878812803D051
:10005000002013B0BDE8F083DFF8E4836978A81CC2
:1000600088F801106946FFF7A2FCBDF80000001FE8
:1000700081B2ADF8001098F801000C285CD2DFE8DE
:1000800000F0060F17C81E5C69C8707A8CAA0DA90B
:10009000281DFFF78CFCBDF8340088F80000B8E09C
:1000A000281DFFF73DFE08B1002160E010215EE051
:1000B0000EA8FFF761FF002834DC202157E005A9D6
:1000C0000A46281D06A9921CFFF7C7FDBDF80000CF
:1000D000801FADF800000EA8FFF770FF05F10A08B9
:1000E00060B1DFF781FE0A90DFF785FEADF82600EC
:1000F000BDF80020414609A8FFF7C7FD06980A9001
:10010000BDF81600ADF82600BDF80020414609A84C
:10011000FFF7E3FE09A94846FFF76CFDBDF80000B4
:10012000B84205D375E02819807A2855641CA4B21A
:10013000BDF800008442F6D36DE001A9281DFFF749
:1001400036FCBDF804100EA8FFF716FE0028ABD150
:1001500030210CE00EA8FFF720FF002859DC4021D9
:1001600005E0281DFFF73CFE00289DD150210EA878
:10017000FFF7ECFE4DE00A46291D0EA8FFF792FEA0
:10018000BDF80020291D0EA8FFF753FEBDF8002082
:10019000291D0EA8FFF7A1FE3BE0DFF71CFE0F991B
:1001A000884205D1DFF727FEBDF83A10884230D0EB
:1001B0000EA94846FFF71EFDBDF80000B84205D362
:1001C00027E0281900792855641CA4B2BDF8000066
:1001D0008442F6D31FE00EA94846FFF70BFDBDF899
:1001E0000000B84205D314E0281900792855641C92
:1001F000A4B2BDF800008442F6D382B229460EA80C
:10020000FFF717FEBDF8002029460EA8FFF765FE90
:1002100001E0ADF80060BDF800001AE7F0B587B066
:1002200015460022874E0092019202920392ADF889
:1002300010208121317001891C46A1F57F42FF3ACF
:100240000AD009B1817A39B1017829B1062916D0CD
:100250004FF0FF3007B0F0BD7B49488830B109222C
:10026000727049680591ADF810000FE0DFF7BCFD32
:100270000590DFF7C0FDADF810000B2005E004AAE3
:1002800005A9401CFFF7E9FC0A2070700598019051
:10029000BDF81000ADF80200201D81B2B01CFFF7C0
:1002A00081FB801C87B2F0192246294606F0D2FC59
:1002B000381982B263496846FFF7E7FCCAE710B510
:1002C000614A604C50605180812020700520607030
:1002D0000A21A01CFFF766FB6421201DFFF762FBCB
:1002E0002146BDE810400A225748CEE438B5002523
:1002F000ADF80050524C4B78084663700A2B17D269
:10030000DFE803F00511131616191B161D1F062A28
:100310000ED36946001DFFF74AFBBDF800002070B0
:10032000ADF8005004E0102000E02020ADF80000FF
:10033000BDF8000038BD3020F8E74020F6E7502037
:10034000F4E76020F2E73E48007870473C48407888
:10035000704707B5002228B109680160BDF8081090
:100360008180062210460EBD2DE9F0470024364E4E
:100370008946804621462046103606EB0012127848
:1003800002B1491C401C8028F7D35FEA08004FF0F7
:1003900000020DD0812202700322427001EB810124
:1003A000042202EB410189B2801CFFF7FBFA042210
:1003B00014440025B2460AEB05100178B9B104F1E6
:1003C0000A01494501DD002414E000F1040102891D
:1003D00000F10C0718EB04064FF0000006D0304681
:1003E000FFF7B7FF31183A680A60001D04446D1C1E
:1003F000802DE0D32046BDE8F0872DE9F0470025A9
:1004000088460746114C2946284604EB001212780C
:1004100002B1491C401C8028F7D338004FF000027D
:100420001AD0812202700722427001EB810104225E
:1004300002EB410189B20BE0CC000060DC000060FF
:10044000700500607C10016054D0046064D80460C2
:10045000B81CFFF7A7FA042215440026A14609EBB1
:1004600006142078B0B105F10A00404501DD0025F1
:1004700013E02289211D7819FFF76BFF054461897C
:100480007819FFF78FFA0544A08981B27819FFF730
:1004900089FA0544761C802EE1D32846ABE738B5AF
:1004A0000546049C002054B1012C0ED0022C12D021
:1004B000042C0FD128460094DFF77CFC09E00020D3
:1004C0000090284601F09FF903E028460094DFF7EA
:1004D00095FC80B238BD28460094DFF76AFCF8E747
:1004E00030B40446029B00202BB1012B08D12046DA
:1004F00030BCDFF7F2BC204630BC002301F0A5B9C8
:1005000030BC704729B1012901D0022903D1DFF79E
:1005100004BE01F0FFB9704729B1012901D00229B9
:1005200003D1DFF7D3BD01F0E5B97047F7490020EB
:1005300008707047F5484068704701460120B1F5E2
:10054000800F04D2F14A5160F14A116070470020D7
:100550007047EE494968814201D10120704700206F
:100560007047DEF716BE10B5FCF721FB441CFDF703
:100570009CFB0444FBF71BFF0444FCF796F804447F
:10058000FDF721FD0444FDF716FA044401F0C9FF0C
:10059000044401F07FFE044402F0C7FD044402F06D
:1005A000B5FE204410BD2DE9F041002415460E464D
:1005B0000746012805D108203060D448012440684E
:1005C00028607F1E002C6FD17F1EFCF7F0FA874257
:1005D00005D2022030603846FCF7ECFA4BE03F1AB7
:1005E000FDF763FB874205D2052030603846FDF7F2
:1005F0005FFB40E03F1AFBF7DAFE874205D200209E
:1006000030603846FBF7D6FE35E03F1AFCF74DF870
:10061000874205D2012030603846FCF749F82AE0CD
:100620003F1AFDF7D0FC874205D2042030603846DF
:10063000FDF7CCFC1FE03F1AFDF7BDF9874205D25C
:10064000032030603846FDF7B9F914E03F1A01F095
:1006500068FF874205D211203060384601F064FF00
:1006600009E03F1A01F016FE874207D206203060EB
:10067000384601F012FE0124286015E03F1A02F00E
:1006800054FD874205D280203060384602F050FD8C
:10069000F1E73F1A02F049FD874205D2132030608E
:1006A000384602F032FEE6E72046BDE8F08138B574
:1006B000984C6079A179401CC2B2E378964801F267
:1006C0006C7104F00CF80020009023786278A17817
:1006D000924804F03CF9A07A00B10120DEF7DDFD7C
:1006E000BDE83840DEF76ABE10B50446FFF7DFFF0D
:1006F0008949086820608888A08088480068C4F814
:10070000060010BD10B5FFF7D2FFBDE81040DEF7C0
:1007100051BEDEF7C5BD2DE9FF4FADF51D7D0024AF
:100720000646DDE9AAA79A949F98784999462546F6
:100730009B944FF0FF3B4D2852D022DC3E2877D0CF
:1007400010DC1E2875D006DC0B2873D00C285AD07C
:100750001C283CD1F7E02C2853D038286BD03928FE
:1007600035D1FEE0492867D006DC3F2875D0402807
:1007700074D046282BD141E04B282DD04C2826D1CF
:1007800081E0792833D010DC62283ED006DC4F2887
:1007900029D0602851D0612819D13AE06B2870D057
:1007A000702822D0782812D125E05D49B0F57A7FF3
:1007B00068D006DC8B282AD09B283DD0D12806D1D2
:1007C00061E0A0F54070E93873D0012872D00220B2
:1007D0008AF8000020208EE04A680821304664E054
:1007E000DDF73FFE05E008218CE009788AE0DEF7BE
:1007F00029FD0146A8E0DEF7CCFCB9E0DEF725FDD7
:10080000F7E748A1A0E049A19EE00121D4E00C2136
:10081000D2E096A803F0FAFBE8B2FCF7A1FE02468C
:10082000E9B296A803F0FBFB6D1C282DF4D323E05E
:1008300064E082E07CE08FE07DE096A803F0E6FBD8
:10084000E9B2002296A803F0EAFB6D1C332DF7D322
:100850002E4C4FF4806508340BE087E08AE0A068F6
:1008600030B1804720B12178012296A803F0D7FB50
:1008700038342088A842F2D396A93046FEF792FC7D
:1008800015E03EE079E0FFF76EFE8046B9F1000F1B
:1008900011D0B9F1FF3F10D09BAA9AA94846FFF7A3
:1008A00082FE20B3DDE99A123046FEF7ECFC0446E6
:1008B00072E07EE07FE041467EE0012514E09BAAE5
:1008C0009AA92846FFF76FFEDDE99A123019FEF764
:1008D000DAFC04442044B0F5167F04DB362038707F
:1008E0006FF001046CE06D1C4545E8D954E002202E
:1008F0008AF800002A2038705C4661E04FF41671D7
:100900005AE003213046FEF77FFED0E77405006011
:10091000500100607C1800605C01006061010060B3
:1009200088F90160302E382E30000000312E300062
:100930004EF6602140E000213EE04FF41671304653
:10094000FCF701FDB3E7FEA1684603F01DFC694614
:100950003046FEF755FDAAE7FD493046FEF7BCFFDD
:10096000A5E7FC493046FEF746FFA0E700F0BAFFD6
:10097000014621E000F0BAFFFAE788463019B8F8DE
:1009800000106943FEF70FFE04442044B0F5167FC3
:10099000A4DA6D1C052DF1D9002C11DB9F984C2891
:1009A0000ED0B9F1FF3F0BD002208AF800003220B0
:1009B000A1E7498800E0C98C3046FEF7F4FD76E7F0
:1009C0000DF5217D2046BDE8F08F70B5ADF51A7D9F
:1009D0000446D0F8681200256A461030FDF717FE6D
:1009E00002232526002804DA84F86D3284F86E622A
:1009F0000AE020894C280BD0E168491C08D084F813
:100A00006D32322084F86E0200200DF51A7D70BD23
:100A100009220DF10D014D2862D00DDC402830D0A7
:100A200005DC02A9382863D0392814D168E04628AB
:100A30004ED04B280FD115E0B0F57A7F10D004DCF2
:100A400078283CD0792806D131E0A0F54070E9380B
:100A500064D0012862D084F86D32202084F86E02C0
:100A60002846D2E79DF802000C284DD1BDF80800B9
:100A7000082817D10398FFF760FD98B10398C0B21A
:100A80000DE09DF8020002283ED10298401EFD288C
:100A900008D80298C4B2204600F00AFF2046DFF7CB
:100AA0005AF83FE084F86D3284F86E62D8E79DF81A
:100AB00002000728D4D10846DEF7CAFB32E09DF8D1
:100AC00002000228CCD1029880B2DEF7D7FB29E0E1
:100AD0009DF802000728C3D10846DEF7C4FB21E0D9
:100AE0009DF8020007280FD10846DEF7DCFA19E06E
:100AF0009DF802000A2807D10846DEF7D7FB0BE075
:100B00009DF802000B2804D084F86D3284F86E2220
:100B1000A6E70846DEF740FC0546A1E79DF802007F
:100B200002289DD101259BE72DE9F0470446008866
:100B300000270225282690468946122854D2DFE84D
:100B400000F009320D212A1743534B53535353538B
:100B50005353533A6068FBF724FC16E06068FCF7D7
:100B600020F880B3424649462046FCF75DF93AE05A
:100B70006068FDF794F830B3424649462046FDF7D9
:100B80004FF930E06068FCF710FFE0B184F86D5277
:100B900084F86E6228E06068FDF70FFA98B120468D
:100BA000FDF77DFB1FE06068FBF779FD58B120463B
:100BB000FBF707FF17E0606801F0ADFC18B12046B5
:100BC00001F002FE0FE00FE0606801F05DFB58B13C
:100BD000204601F0E9FB06E06068FFF7BAFC18B1B7
:100BE0002046FFF7F2FE07463846BDE8F0870120B1
:100BF000704759484068704710B5574A0C4601463F
:100C000052680020914207D1DDF72BFC01462046B7
:100C1000BDE8104003F0B8BA10BD08B14F4B0360F7
:100C200011B14E485C300860002A02D04B48703049
:100C3000106070472DE9F04104464FF0FF380088FE
:100C400000F0AEF805004FF001064FF01F070AD084
:100C5000296941B16068884728B12146284600F0DB
:100C6000ACF8804601E02676677640461DE510B573
:100C70000C46014600202060A0602061084600F07C
:100C80008FF838B1036A2BB104F1100204F10801A6
:100C900020469847206808B100F078F86060A068A6
:100CA00008B100F073F8E060206908B100F06EF858
:100CB000606110BD10B500F073F8002800D0406AE4
:100CC00010BD70B515460E46002400F069F828B135
:100CD00042691AB12946304690470446204670BD05
:100CE0002DE9F043ADF5197D002690460F4681466B
:100CF0009696FFF738FC0546012432E097AA96A99C
:100D00002046FFF750FCD0B1969880B200F048F82A
:100D1000A8B142699AB169469798904778B16946F7
:100D2000484603F080FA50B101260FB1969838601A
:100D3000B8F1000F17D09799C8F8001013E00FE032
:100D40004261636E65742050726F64756374000055
:100D50005C01006061010060740500602CB2040851
:100D6000641CAC42CAD90DF5197D3046BDE8F0834C
:100D700070B50D46002480B200F012F820B102696F
:100D80002846904700B10124204670BD002110B9CB
:100D900004E0001D491C0268521CFAD10846704745
:100DA000024627484FF4806302E0914204D0383075
:100DB00001889942F9D3002070472DE9FC4105468E
:100DC0000C694FF0FF30CCB14A69BAB10A890223ED
:100DD00032264B2A14D04F2A28D0AF69002F0BD0CF
:100DE0000B7601F119034E76581ECDE90003CB684E
:100DF000AD6949682046A847BDE8FC810020FBE7B3
:100E0000CA68521C02D00B764E76F5E7088808288F
:100E100001D04A6803E00A4A083A52684A6001462B
:100E200002B02046BDE8F041FEF72DBACA68521C58
:100E3000E9D109882046BDE8FC41FEF7E5BB00008A
:100E40007C050060F84810B5002101714171817185
:100E50000172417200F1240381621A6822F02B02B0
:100E60001A60F24A12788272F14A127802730122F1
:100E7000C2728182C17101F05CF9012010BD70471E
:100E80000022FF2911D00123037041700121431872
:100E9000491C5A700729FADB02818272002143182B
:100EA000491CDA720729FADB704702704270EDE7DD
:100EB000F0B5E04D04460021287889B0022815D00D
:100EC000012813D0032811D004280FD0DA480025B8
:100ED000012602788AB10570002305AA6946D74821
:100EE00004F014FA80B2267009B0F0BDF1F72EFEBE
:100EF00021462878E4F7E1FBF6E7D14F387850B186
:100F0000F1F724FE0022501E3D70014604F0F1FA74
:100F1000082002210AE0CB4802784AB10570CA488D
:100F20000021007804F0A4FC0B2007212170DBE7EE
:100F3000C64F387850B1F1F709FE3D700022C44920
:100F4000C44805F00DFA26701420CDE70846CBE71B
:100F50002DE9F043ADF5197D88465521A09D8DF80A
:100F60005812FF218DF859121F4691464FF6FF7611
:100F700000248DF85A0203F0FFFA014640468DF82E
:100F80005B8203F0F9FA014648468DF85C9203F063
:100F9000F3FA0146280A8DF85D0203F0EDFA0146E6
:100FA000E8B28DF85E0203F0E7FAC0438DF85F0205
:100FB0003DB90EE0385D314603F0F3FA641C064695
:100FC000A4B2AC42F6D3F0438DF86002000A8DF86B
:100FD000610201F099F8012001F08FF8B5B1DDE967
:100FE0009601CDE900012A46394602A805F032FEF5
:100FF0000DEB0500BDF8601201810A35A9B2684603
:1010000001F09BF80DF5197DBDE8F083082196A845
:10101000F6E72DE9F84F844D00248DF8004028793B
:101020004FF0010905F12C0760B1DFF82C824FF079
:10103000020A012829D005F12406022868D00328D5
:1010400029D15AE101F08BF840B101F072F8E8794A
:10105000FF2801D2401CE871BDE8F88F5946684668
:1010600001F07FF80028F7D001F063F8E879FF2855
:1010700001D2401CE8719DF80000552801D185F887
:10108000049085F804903870E6E701F03AF85A28A1
:1010900002D9E7F7FEF986E101F061F838B101F015
:1010A00048F8E879FF28F6D2401CE8717BE1594600
:1010B000684601F056F80028CED0B8F83000464611
:1010C000401CA8F8300001F034F8E879FF2801D27C
:1010D000401CE8719DF80000FF21FF280BD0552827
:1010E0000DD003280ED019280CD0E7F7BCF9708E6C
:1010F000401C708657E16C822970797005E085F894
:101100000490A9E76C822970787085F804A0A3E7A1
:1011100000F0F7FF5A2871D801F021F800286ED1AD
:1011200003E0306840F00100D9E05946684601F01C
:1011300018F8002890D000F0FCFFE879FF2801D2D1
:10114000401CE871688AB8B101283AD04FF0030911
:10115000022843D0032859D0042864D005287DD024
:10116000306840F001003060E7F77DF9B8F83810DA
:10117000491CA8F8381016E129789DF8000003F002
:10118000FBF928709DF800002872397855290CD198
:101190007978FF2909D1072807D900F0CAFFE87933
:1011A000FF2801D2401CE8712C719DF80000B87036
:1011B0003878FF2802D1787819286CD0A5F81290D9
:1011C0004AE729789DF8000003F0D6F928709DF8C9
:1011D0000000A871F870A5F812A03DE729789DF8E5
:1011E000000003F0C9F9287010499DF800006872EA
:1011F0000978884204D1E7F720F903E081E088E02C
:10120000E7F701F89DF800003871D7E729789DF8D5
:10121000000003F0B1F928709DF800000102A982D6
:101220007871042028E01AE01C0800606901006061
:1012300036010060520800605008006064E00460FD
:1012400051080060F8020060F70200605308006077
:10125000610100605C01006088F901600EE029789E
:101260009DF8000003F088F92870A98A9DF8000015
:101270000144A982B87105206882EDE69DF800005E
:10128000F8710621FB48ECF7E2FAF979BA7901EB3B
:101290000221814202D1F0F704FEDDE629789DF8B3
:1012A000000003F069F9287055280BD0E7F7DBF848
:1012B000B8F83410491CA8F83410306840F0010028
:1012C0003060ECE6A88AE8B3E98A884209D86C82E3
:1012D0004FF6FF70288212E7306840F0020030605D
:1012E00061E0306840F001003060E7F7BCF8B8F822
:1012F0003610491CA8F8361055E000F002FF5A28B5
:1013000004D9306840F001003060C2E600F027FFE9
:1013100040B100F00EFFE879FF28BFF402AF401C97
:10132000E871FEE65946684600F01BFF0028A4D08D
:1013300000F0FFFEE879FF2801D2401CE871698ABD
:10134000A88A00E031E081420BD2298A9DF8000092
:1013500003F027F92882688AAA6A9DF800101154C0
:1013600007E008D1298A9DF8000003F01AF92882C5
:10137000688A401C80E7401C81428ED1298A9DF8F2
:10138000000003F00EF9A0F570412882B8390CD0A6
:10139000306840F001003060E7F765F8B8F83A10BF
:1013A000491CA8F83A102C7156E6A879A97A884207
:1013B00092D0FF2890D0F6E72DE9FC5FAD4E0024D7
:1013C0002C3E06F1240BF178307B491C401CB1FB0C
:1013D000F0F200FB1211B27A01F0FF09511CB1FBCF
:1013E000F0F300FB1311C9B20091B178B0464B1C69
:1013F000B3FBF0F500FB1530C0B2019096F805C0C4
:10140000DBF800000025012798F809E020F004032C
:101410004FF0040ABCF1090F7ED2DFE80CF0051290
:1014200064B1E2F3F2F1F000B270F2703220306297
:10143000777123F003000124CBF8000000F079FE5F
:10144000DEE100F05EFEB0F5FA7F09D3E7F721F8A0
:10145000F57106207071DBF8000020F00300B6E0A3
:10146000DBF800005F46C10706D0E6F7FCFF8249C3
:10147000C88D401CC885A1E18107E1D5317A0729D3
:101480002AD2DFE801F0040F292129191500B179CA
:10149000FF2921D0757020F006003860022070719D
:1014A00001241CE000950023B27A717A022011E039
:1014B00040F0200038600FE040F020003860B07944
:1014C000FF2809D00820E6E0B08A0090B27A717A4D
:1014D0000420B36AFFF73CFD70790828B0D0386863
:1014E00020F002006DE18DF8045001A8FFF7E0FC48
:1014F00030839DF8041079B3022908D100905F4B26
:10150000B27AFF210620FFF723FD86F805A09DF89B
:10151000040007280DD000E071E1012809D003255F
:10152000032811D0042818D0052816D0062814D076
:101530001CE0308B0090514BB27AFF210620FFF760
:1015400007FD86F805A011E0E4F795FA0146308B17
:1015500000904B4BB27A05E00CE0308B0090474B8B
:10156000B27AB17B0520FFF7F3FC75717078401CEF
:10157000707045E1F07A7070012486F805A03FE1B3
:1015800000F0BFFDB0F5937F04D9E6F782FFF07A53
:10159000707008E0DBF800005A46C10706D020F062
:1015A0000100CBF8000086F805A09EE08107E0D599
:1015B000B179B37A994206D1317A04290AD0062941
:1015C0000BD0072906D07771106820F00200CBF805
:1015D00000008AE086F805A0F6E740F020001060E1
:1015E000F8E7737896F80BC0634502D20220707159
:1015F0007BE0430707D4914205D1009943E0E6E040
:101600008FE061E049E0336A312B15D24307194876
:10161000A0F12C00006A00F1010005D5009B994261
:1016200002D075703062E1E7306200231846009501
:10163000FFF78EFCF56119E04B46894522D1400742
:101640000CD50199F170002301200095FFF780FC73
:10165000B07AB070C6E9075707201CE0F27000238B
:1016600018460095FFF774FCC6E90757F571052089
:1016700011E000004808006088F9016064E004603F
:10168000289807601946F170002301200095FFF7A4
:101690005FFCF56107207071B2E000F032FD5F2859
:1016A00004D8F07904280ED977711EE0F06908B1EA
:1016B00001992AE0F76100950023B27AB1781846C3
:1016C000FFF746FCF5719BE0B04602EB82014FF458
:1016D000FA7000EB410600F014FDB04207D298F812
:1016E0000710042902D988F80570012488E098F8C9
:1016F0000A004FF4FF7100EB8000464601EB400703
:1017000000F0FFFCB8427BD20099F17000950023F5
:10171000B27A0120FFF71CFCB07AB070F561356237
:10172000B8E7800720D5B079904202D1307A0228FC
:1017300008D077710124DBF8001021F00201CBF80A
:1017400000105DE0CBF8003086F802E0F571002370
:10175000714618460095FFF7FBFBB07AF0703562D2
:101760000520F5617071E6E700F0CBFC5F2803D837
:101770009BF80000C00743D0DBF800005F4641073C
:1017800004D5022075707071012417E0B178B27A27
:10179000914209D0F571002318460095FFF7D8FB58
:1017A0000520F561707109E0494691450BD0F17053
:1017B000002301200095FFF7CBFBF561386820F08E
:1017C000010038601CE040F004003860D9E70007F1
:1017D0000DD5308B0090584B717B0620FFF7B8FB7E
:1017E000DBF8001021F00801CBF8001005E0002321
:1017F000714607200095FFF7ABFB77719BE7777188
:101800002046BDE8FC9F2DE9F0414C4C1D46134697
:10181000064622680020069F5FEA027C13D477B94F
:101820004878194660F3041222602A46424805F0BF
:1018300011FAA4F1240005837178417328462168C8
:1018400041F008012160BDE8F0812DE9F0413B4CF9
:101850000026243C0746A06A08B9A162E282374DFF
:101860002868810708D4C00706D1FFF7D2FB286893
:10187000810701D4C00702D0207918B10BE020798C
:101880000028F2D12E48A17A0078814203D8FFF7D0
:1018900093FD0028FBD12868810607D520F02000A1
:1018A0002860A68A01203870607A78703046CAE7CE
:1018B000224924390873704721490978884206D89B
:1018C0001E49243988720A7B904200D908737047F8
:1018D0001A482438807A7047002802D017492439E2
:1018E000C872704715482438C07A704713482438A6
:1018F000007B704701220270104A0021243A927A3C
:10190000427001810A4681724318491CDA72072924
:10191000FADB7047002100280DD001220270FF225F
:1019200042704FF6FF720281002282724318491CF6
:10193000DA720729FADB704764E00460400800604F
:1019400036010060002802D001684068081A70471C
:1019500000B5020004D0FFF7F5FFD168884201D13D
:10196000012000BD002000BD00B50B46020007D0DD
:10197000FFF7E8FFD268101A984201D3012000BD9A
:10198000002000BD00B520B1FFF7DCFF08B100204A
:1019900000BD012000BD002807D04168C2688068F2
:1019A000B1FBF2F302FB1311405C704700B5024635
:1019B0000023FFF7E7FF50B95068D168B0FBF1F39F
:1019C00001FB130091680B5C5068401C5060184686
:1019D00000BD70B50C460346FFF7B4FF904200D936
:1019E0001046824210D902460EE05968DD68B1FB0C
:1019F000F5F605FB16119D68695C5D686D1C5D6000
:101A00000CB104F8011B401E0028EED1104670BD39
:101A100070B50D4603004FF0000409D0FFF798FFA2
:101A200040B122480068B0F5967F01D9EBF759FF25
:101A3000204670BD1868DA68B0FBF2F102FB1100B5
:101A400099680D541868401C18600124F0E7F0B53F
:101A50000D461646044600271146FFF785FF90B154
:101A600075B910E02068E168B0FBF1F201FB1200EB
:101A7000A26815F8011B11542068401C2060761ED6
:101A8000002EEFD101273846F0BD002801D00168B3
:101A900041607047002808D0002906D0002A04D0F1
:101AA000002303604360C0E902127047B80200607F
:101AB0002DE9F04188B000268046059606A8144618
:101AC0000F46009003960496ADF8186005AB04AA83
:101AD00003A9404603F0F8F8BDF81810942917D070
:101AE0000025401C28D0DDE903012246FBF758FB06
:101AF00021780122F8B2012911D006291CD1BDF8A4
:101B0000181094291FD08DE8450043462A460FE05F
:101B10000D2F01D0FF25E4E798F80C50E1E7BDF860
:101B2000181094290BD0CDE900060296627843463E
:101B300021460398E6F7BBFA08B0BDE8F0810090B3
:101B4000CDE90162F2E7CDE9000243460292DDE70A
:101B500010B586B00021019102910391ADF81010EB
:101B600004A91446009103AB02AA01A903F0ACF842
:101B7000002804DDDDE901012246FBF799FB06B0F0
:101B800010BD2DE9F04188B00E460746984615462F
:101B90001421684605F077F800200590069007901C
:101BA0003078012827D105AB3A466946304603F024
:101BB000A4F904469DF816004FF6FF7100281AD1CB
:101BC000002C18DDAC4216DCBDF80800B0B188422C
:101BD00014D0DEF777FABDF80810884203D19DF8DB
:101BE0000A0006280AD0B8F1010F0FD078782A46EB
:101BF0003146E3F7E1FD08B0BDE8F081281B82B271
:101C0000311943463846FBF76BFDF4E72946304669
:101C1000E3F778FDEFE700002DE9FF4180460888F3
:101C20000C461E4617464FF0FF35052855D006DCFA
:101C3000052810D2DFE800F05F6D438D7F0011288A
:101C400075D004DC062873D0082804D10BE01328D3
:101C50006FD080286ED0012010701F20187004B043
:101C60002846BDE8F08196496068884201D06068E6
:101C700002E0FEF75FFC6060FEF76BFC0028EED030
:101C80002289A2F58070733807D0CDE900764046EE
:101C9000E3686168FEF73FFDA0E00020019002903C
:101CA000039003AA02A901A8FEF7B7FF03980090CA
:101CB000DDE901232146404604F075FC8EE06068B2
:101CC000FAF76FFF0028CAD0CDE900762289404696
:101CD000E3686168FAF7CAFF80E06068FBF7DFFF3E
:101CE0000028BCD0CDE9007622894046E3686168CF
:101CF000FCF718F872E06068FAF753FB0028AED0E2
:101D0000CDE9007622894046E3686168FAF7AAFBCC
:101D100064E06068FAF7C3FC0028A0D0CDE9007643
:101D200022894046E3686168FAF765FD56E01EE0E7
:101D30002BE046E037E06068FCF73FF900288ED0E2
:101D4000CDE9007622894046E3686168FCF7ABF98B
:101D500044E06068FBF729FE002880D0CDE90076DA
:101D600022894046E3686168FBF7A0FE36E06068C0
:101D700000F0D1FB0028A6D0CDE9007622894046AC
:101D8000E368616800F0E6FB28E0606800F07CFA38
:101D9000002898D0CDE9007622894046E368616842
:101DA00000F091FA1AE0606801F0B9F900288AD0D1
:101DB000CDE9007622894046E368616801F0D4F9F4
:101DC0000CE0606801F0A5FA00288AD0CDE9007621
:101DD00022894046E368616801F008FB05463EE75A
:101DE0002DE9F04F93B0804601208DF84000DDF8DA
:101DF00070A01F200F468DF844001E4693465146A2
:101E00000BA8FEF789FB0022114608A803F066F82C
:101E100040F239110AFB01F02A4908AB01EB4004FA
:101E20000BAA5946204602F0D6FF0546307810B17D
:101E3000317B60193FE001AA3946404603F066F95C
:101E40000028317B04EB050002DA0123002234E094
:101E5000804601AA03F0B9F9814605EB0900204448
:101E600011AB10AA01A9FFF7D7FE070009D4E919A1
:101E700001EB0900204403F0CEF909EB0701084407
:101E80000CE010F1020F14D09DF844000090317B5B
:101E900040469DF840300C2202F058F82B1822469C
:101EA00008A95846CDF800A0FEF7F9FA13B0BDE82E
:101EB000F08F317B40460123042201F0E1FFEDE782
:101EC000FFFF3F00289807607CB500220092019236
:101ED00001AB6A4603F0DAFC0B4D012448B1401C0B
:101EE00008D0FEF727FB0099884204DB019A904254
:101EF00001DC2C707CBDB1F5800FFBD20349019849
:101F00008842F6D27CBD000050080060FFFF3F0011
:101F10002DE9F0438BB01E460B4601218DF80410CD
:101F20001F2191468DF80810129F594A194603F057
:101F300039FD8046394606A8FEF7EEFA0022114622
:101F400003A802F0CBFF40F239105249784301EB6D
:101F5000400403AB06AA4946204602F03CFF054672
:101F6000B8F1000F04DC60190123317B002205E089
:101F7000307830B1317B60190123042201F080FFF9
:101F800070E04348008805283AD006DC05285FD277
:101F9000DFE800F0222A1C322E00112820D004DCB9
:101FA000062833D0082853D104E013283AD08028DB
:101FB0004ED12FE002AA01A93548FEF7B5FD2EE06B
:101FC000317B60190F22FDF7E4FC4BE002AA01A966
:101FD0002F48FAF729FF22E02D48FAF7C8FA1EE049
:101FE0002B4800F0F1FB1AE02948FAF7EAFC16E06A
:101FF0002748FCF754F912E02548FBF7CDFD0EE029
:1020000002AA01A92248FBF70BFF08E0204800F0D4
:10201000CBF904E002AA01A91D4801F0F4F8002858
:10202000CED115E002AA01A9194801F09BFA28B106
:10203000317B60190F22FDF7ACFC09E09DF8080028
:102040000090317B60199DF804300F2201F07EFF73
:102050009DF808000090317B60199DF804300F2234
:1020600001F074FF2B18224603A948460097FEF79B
:1020700016FA0BB0BDE8F08310B504460120A47831
:102080008C4204D00221002011700921197010BD6A
:10209000D8E2046028980760F0B589B01F460E9E0C
:1020A0001546314604A8FEF737FA0022114601A86A
:1020B00002F014FF01AB04AA29460B4802F08BFE84
:1020C000044640F23910084A604302EB4000397B75
:1020D000092202F0E5FF2318034A01A928460096C9
:1020E000FEF7DDF909B0F0BD2898076025494FF4E7
:1020F000007201F50070FFF7CDBC00B10120DBF7E5
:10210000E3BD21480088704710B5EFF7C7FE0528EA
:1021100009D0062809D0072809D002201A490A88C0
:102120008242FCD310BD0620F8E70420F6E7032026
:10213000F4E7154900200880704770B50C46054645
:10214000EFF743FA401C06D0EFF73FFA024621466C
:102150002846EBF793FB0C490020088070BD002057
:10216000704770B5054600240848FFF70BFC28B9F6
:102170001DB10648FFF71AFC28700124204670BDE7
:102180007047000048E504605408006048E70460B8
:102190002DE9F0418AB00F4680461546114604A845
:1021A000FEF7BAF90022114601A802F097FE40F2AC
:1021B00039103049684301EB400401AB04AA4146A1
:1021C000204602F008FE2C490646A0193A46097836
:1021D000E5F7C1F83318224601A940460095FEF7FD
:1021E0005EF90AB0BDE8F0812DE9F0478AB0894672
:1021F00082461646114604A8FEF78EF900220121F8
:1022000001A802F06BFE40F23910DFF868807043DD
:1022100008EB400401AB04AA5146204602F0DBFD66
:10222000074603F0DEF9050001D103F069F92946FC
:10223000E0194A46E4F78AFF07445EB90F483A4678
:10224000016821F00801016041460D4804F002FDDB
:102250000C48077022463B4601A950460096FEF7FF
:102260001EF9002803DD28460AB0BDE8F0876FF0AC
:102270000100F9E72898076021010060400800602C
:1022800064E004602C010060052801D20120704741
:1022900000207047974800787047401C7047401EE8
:1022A000704710B50C46014600204A1E042909D289
:1022B000D1B20620DBF78DFD01462046BDE8104077
:1022C00001F062BF10BD2DE9FF4FADF51B7D491E2A
:1022D000DDE9A898002407460D464FF0020A4FF0AA
:1022E000FF3B4D2A14D006DC172A35D01C2A16D005
:1022F0004B2A04D107E04F2A1ED0552A20D089F856
:1023000000A0202148E00A460621FCF7BCFF04E0BB
:10231000C9B20620DBF75DFD05E0044634E0C9B232
:102320000620DBF7D5FC0146684601F02DFF694623
:102330003846FDF765F8F0E70621FDF765F9ECE7AB
:10234000CAB200210620DBF70FFF05F0CDF80146E9
:102350003846FDF728F9E0E7002610E0E9B23246FA
:1023600098A8DCF7EDF9DDE99801CDE99601381977
:1023700096AA0021FDF7BEFA761C0444F6B2E8B234
:10238000DCF77BF9B042E9D8002C08DB9E98401CB2
:1023900005D089F800A0322188F800105C460DF5C0
:1023A0001F7D2046BDE8F08F2DE9F0410446007CFA
:1023B0000026ADF51C7D00074FF002071CD46A46CD
:1023C00004F11000D4F86812FCF721F9002803DAB0
:1023D00084F86D72252008E0208982280CD0E068FE
:1023E000401C09D084F86D72322084F86E020020FF
:1023F0000DF51C7DBDE8F0816568208909216D1E01
:102400004F280FD00ADC172823D00DF10D031C280C
:1024100047D0242806D04D2804D137E051284BD08E
:10242000552806D084F86D72202084F86E0230465C
:10243000DEE79DF80200042842D19DF8080005F06F
:1024400017F80346EAB294F86C120620DCF7AFFAEC
:1024500041E0D4F86802052190FBF1F000F0FF089C
:102460000027E8B2DCF726F900260CE0E0199AA96B
:102470001130FDF74DFADDE99A12E8B2DCF753FEB0
:10248000761CF6B27F1D4645F0D324E09DF802008D
:10249000072815D1EAB294F86C120620DCF795FDF6
:1024A00019E09DF8020007280AD1EAB294F86C12EC
:1024B0000620DCF70DFA0EE09DF80200012804D09A
:1024C00084F86D7284F86E12B1E79DF80820E9B2C5
:1024D0000620DCF73EFD0126A9E708B1064B0360A4
:1024E00011B1054808380860002A02D00248001FD0
:1024F0001060704756080060B4B2040808B1FB4B86
:10250000036011B1F94808380860002A02D0F74882
:102510000C3810607047092801D201207047002054
:102520007047F34800787047401C7047401E704762
:1025300010B50C46014600204A1E082909D2D1B226
:102540000520DBF746FC01462046BDE8104001F0BF
:102550001BBE10BD2DE9FF4FADF24C7D0446491E58
:10256000DDF854070026DDF884B799460D464F285C
:1025700041D010DC262873D006DC1C282ED0202861
:102580006FD0242817D115E13628F4D04B2818D065
:102590004D2810D11BE06728F5D006DC51283BD030
:1025A00055282AD0582806D109E16F287ED07B28EB
:1025B00039D0AE28E7D0DDF880170220087020213E
:1025C000BFE00A4611212046FCF75DFE04E0C9B2D7
:1025D0000520DBF7FEFB05E006469DE0C9B20520BD
:1025E000DBF776FB01469CA801F0CEFD9CA92046B6
:1025F000FCF706FFF0E71121DDE0CAB2002105205B
:10260000DBF7B2FD00F0FF400AE0012100E000210D
:102610002046FCF7FEFCDFE7C9B20520DBF70AFD28
:102620000028F4D0F1E7B9F1000F77D0B9F1FF3FFE
:102630004FF0090A0BD0B9F1070F7DD8A9F10108B5
:1026400020460021FCF7B1FB0746002658E0002792
:10265000A0190021FCF7A9FB00EB060800261EE0EC
:102660005CE077E0F3B2FAB2E9B20DF59960DBF71E
:1026700003FF4FF41C720DF59961684604F0EAFA05
:102680008DF80AA0F2B2F9B2E8B2DBF7ECFE0490E2
:1026900004EB0800694603F01AFA8044761CF9B28C
:1026A000E8B2DBF714FFB042DCDC00E060E004EBF2
:1026B00008000021FCF78CFB7F1C00EB0806072FAD
:1026C000C6DB29E0F3B208F0FF02E9B20DF599602C
:1026D000DBF7D2FE4FF41C720DF59961684604F0E9
:1026E000B9FA8DF80AA0F2B208F0FF01E8B2DBF700
:1026F000BAFE0490E019694603F0E9F90744761C34
:1027000008F0FF01E8B2DBF7E2FEB042DADCE019E4
:102710000021FCF75DFBC619002E16DBB9F1FF3F67
:1027200013D0DDF854077B280FD0DDF88017022086
:102730000870322105E0FFE7DDF8801702200870FD
:102740002A218BF800104FF0FF360DF25C7D3046E9
:10275000BDE8F08FA421FF2021706070A070E070B0
:1027600020716171A071E071207260720A26D5E754
:102770000DF5E76001F04AFC002211460DF5E76017
:1027800001F04DFC002201210DF5E76001F047FC4E
:10279000002202210DF5E76001F041FC0022032137
:1027A0000DF5E76001F03BFC0DF5E7612046FCF715
:1027B000F9FC11E700212046FCF726FF0CE70A216F
:1027C0002046FCF7F0FE07E72DE9F0470446007CC1
:1027D0000025010704F11000ADF59C6D4FF00206D5
:1027E00080461AD402AAD4F86812FBF710FF00281A
:1027F00003DA84F86D62252008E0208982280CD055
:10280000E068401C09D084F86D62322084F86E02C2
:1028100000200DF59C6DBDE8F087676820890921CF
:102820007F1E4F2826D012DC0DF11503262821D05B
:1028300006DC1C287DD020287CD0242815D119E066
:10284000362828D04B2815D04D280ED185E0672892
:1028500010D006DC51286ED055280DD0582804D150
:1028600008E06F2806D07B2816D084F86D622020FF
:1028700084F86E022846CCE79DF80A00012877D13B
:102880009DF8100004F0F4FD0346FAB294F86C12BF
:102890000520DCF78CF893E04FF000094D464FF02F
:1028A000070A41E004EB050898F810000E2807D04D
:1028B0000F280DD0B6FBFAF10AFB1160A0BB19E09E
:1028C0000026F8B24946DCF7F8FB6D1CADB22BE0F0
:1028D000B6FBFAF16D1C0AFB1160ADB220BB09F129
:1028E000010000F0FF0900261EE00000D8B2040835
:1028F0005808006008F110009CA903F009F998F845
:102900001500912818D0B6FBFAF2FF219DF871024C
:10291000CDE90001AD1DADB29DF87032F8B2494667
:10292000DCF7E6FBF61DF6B2D4F86802A842B9DC83
:1029300046E01EE038E027E0B6FBFAF298F8161001
:102940009DF87102CDE900019DF87032F8B2494658
:10295000DCF7CEFBED1DADB2E4E79DF80A000728D9
:1029600016D1FAB294F86C120520DCF72EFB27E0A2
:102970000EE09DF80A0007280AD1FAB294F86C120A
:102980000520DBF7A5FF1BE09DF80A00012804D015
:1029900084F86D6284F86E126CE79DF81020F9B22D
:1029A0000520DCF7D6FA0BE006494046FCF7C8FFE5
:1029B00004492044891D1030FCF7C2FF0028EBDDDC
:1029C000012557E75A0800602DE9FF4F91B09A465C
:1029D000209F93465FEA000937D002F002FE06000E
:1029E00037D039460BA8FDF797FD0022012108A832
:1029F00002F074FA40F23910DFF8D08007FB00F1E2
:102A000008EB410408AB0BAA4946204602F0E3F963
:102A100005461E98ADF804B0ADF80C001F98049060
:102A2000CDF808A0601901AA314602F04DFB05441B
:102A30001299A8B288421ED20090234608AA49469D
:102A4000304602F008FE3FB10DE0002015B0BDE8B1
:102A5000F08F02F055FD12E041462A461C4804F072
:102A6000F9F81C48057022462B4608A948460097ED
:102A7000FDF715FD03E0304602F04FFD002630461D
:102A8000E4E72DE9F0478AB08A46DDE91276804610
:102A90001D469146142103A804F0F5F800200446D1
:102AA000089003AA08A94046FAF73DFB50B10898E0
:102AB000CDE9005781B202964B46524603A8FFF774
:102AC00083FF04460AB02046BDE8F08728980760D7
:102AD00064E004602C0100602DE9FF4FADF52B7D13
:102AE0009B4603460020DDF8E4A289460646AA90EC
:102AF000BC9F9DAAAAA91846FAF715FBE8B302F0F5
:102B000070FD06003ED03946A5A8FDF705FD002260
:102B10000121A2A802F0E2F940F23910DFF81C818D
:102B200007FB00F108EB4104A2ABA5AA9DA9204632
:102B300002F051F90546AD980290BB980490ADF8AB
:102B40000490ADF80CB05246CDF86CA205A8B89927
:102B500004F080F8BA988DF87002601901AA314625
:102B600002F0D8FE0544AA9885421DD2A8B2009072
:102B70002346A2AA9DA9304600E003E002F06BFDC7
:102B80001FB109E002F0BCFC12E041462A462C4885
:102B900004F060F82B48057022462B46A2A99DA898
:102BA0000097FDF77CFC03E0304602F0B6FC0026FF
:102BB0000DF52F7D3046BDE8F08F2DE9FF4FADF5C7
:102BC0001B7D0E46DDE9A84BDDE9AA7A4FF41678A5
:102BD000414605A8DDF8B09204F055F80025042E12
:102BE0000AD0052E08D0032E06D00420A0700021A4
:102BF00021706070A76006E00920A07017F0FF4008
:102C000000D00120A06005AF3CB178192146FBF748
:102C1000BBFE411941450FDA0544CDE90075CDF8F9
:102C200008B0CDE903A9DDE99D2331469B98FFF764
:102C300053FF0DF51F7DBEE70020FAE728980760D7
:102C400064E004602C0100602DE9F04F16468846D0
:102C5000834689B01C461989DE48DA6803F0E4F837
:102C6000054603464246DB4958460096D5F7B9FA71
:102C700036276FF0010978B301208DF81C001F2062
:102C80008DF81D002088ADF804006068029020894E
:102C9000ADF80C00E0680490CE4805904FF4167033
:102CA000069001A8FDF7C6FF00281CDA811C14D08D
:102CB000C11C12D09DF81D209DF81C10C54803F0C2
:102CC000E7F8824608EB05025346C249584600968B
:102CD000D5F787FA00B114E016E09DF81D10617475
:102CE00009B0BDE8F08F08EB05010A18921CB2424A
:102CF0000ADA01EB0B030246B649184603F0A9F8BD
:102D0000824605EB0A00EBE767744846E8E72DE9E1
:102D1000FF4F97B0002583462C46A84611A824995A
:102D2000FDF7FAFB002211460EA802F0D7F824980E
:102D300040F239114843A8490EAB01EB400011AAFB
:102D40000C90199902F047F80D901A98007828B164
:102D500036208DF815006FF00108F2E01A98017B1B
:102D6000DDE90C028618304603F042F80446189854
:102D700001AA411B0BEB050002F0ABFF00286FDB43
:102D8000284487B2BDF80400082806D19349029868
:102D9000884202D1FDF7CEFB029001A98D4803F0D5
:102DA00031F803464FF416700090304622468949A8
:102DB000D5F717FA0004000CCAD00444189801AAE9
:102DC000C11B0BEB070002F0BDFF002848DBBDF87C
:102DD0000C10384487B2082907D0692905D050293A
:102DE00003D0A1F58070733870D104980025401C81
:102DF00025D07848049A03F017F805464FF4167961
:102E000030462B4622467349CDF80090D5F7E9F9B4
:102E10000004000C9CD02C44322202216D4803F0A7
:102E200037F8054630462B4622466A49CDF80090D1
:102E3000D5F7D7F90004000C8AD02C445BE0894612
:102E4000BDF8040006A9FDF712FF00204946B9F1BC
:102E5000080F06D069290AD0B9F1500F09D009E04E
:102E600082E00999079808440B99084402E0079802
:102E700000E009985FEA000A6DD03AE004443AE0C5
:102E8000DDF82CC0099B07994A464FF0FF30B9F195
:102E9000080F05D0692A16D0B9F1500F17D01BE0E2
:102EA0008D4201D2069915E0CA18AA4202D9681AC1
:102EB000089905E002EB0C03AB420DD90A99A81A58
:102EC00051F8200008E08D42ECD305E043E09D423C
:102ED00002D2089951F82500ADF80C00A1B2304695
:102EE00001AB4FF41672FFF7AFFE00283CDD04443F
:102EF0006D1C5545C4D30BEB07000121FCF774F89A
:102F000000283FF45BAF7F1CBDB2324802F0DDFF0A
:102F100003464FF416700090304622462D49D5F7EF
:102F200060F90004000C87D0044418988542FFF42F
:102F30001EAF1A988068A042FFF60AAFB8F1000FE2
:102F40003DD018F1020F11D0B8F1FF3F1CD018F19D
:102F5000030F27D033E0A1B2304601AB4FF4167215
:102F6000FFF772FE002889DC8046E7E79DF8150030
:102F700000F072FF02461A98017BDDE90C03184449
:102F8000012300F07DFF19E09DF8150000901A98CC
:102F90009DF81430017BDDE90C0210440E2200F094
:102FA000D5FF0BE09DF8150002F05AF802461A987A
:102FB000017BDDE90C03184402F072F804460D9819
:102FC0000EA92318249800900C9A1998FDF767FA17
:102FD0001BB086E658E7046028980760FFFF3F00B3
:102FE0002DE9F04FADF5277D0646012000248DF830
:102FF0009402DDF8C0A21F208DF898021878994637
:1030000093468846274620B136208DF87202A51EC9
:103010002FE0A8EB040081B2301901AA02F0DEFF14
:10302000051E25DD2C4430190121641CFBF7C6FF69
:10303000D8B1A8EB040081B2301901AA03F018F846
:10304000051E15DD2C44A6AAA5A901A8FDF76CFD57
:1030500040B130190121FBF7C7FF0028E9D0641CFB
:103060003FB902E00127BD1E03E04445D1DB00E08B
:1030700001275146A0A8FDF74FFA002211469DA84E
:1030800001F02CFF40F239110AFB01F020499DAB01
:1030900001EB4004A0AA5946204601F09CFE0646DA
:1030A000002027B3A91C04D0691C0ED0ED1C13D03E
:1030B00022E09DF8720200F0CFFE024699F80C1053
:1030C000A019012300F0DCFE16E099F80C10A019FD
:1030D00001AA03F0CDF80FE09DF8720201F0C0FFE5
:1030E000024699F80C10A01901F0DAFF04E099F8F3
:1030F0000C10A01903F0B2F8331822469DA95846C7
:10310000CDF800A0FDF7CBF90DF5277DBDE8F08FD8
:1031100028980760002801D06F49016070470B288C
:1031200001D201207047002070476C48007870473A
:10313000401C7047401E704710B500210A2804D279
:10314000C2B20A20DBF710F80146084610BD10B5E0
:103150000A2807D2C2B20B4600210A20DBF727FC5F
:10316000012010BD002010BD2DE9F043ADF5177D05
:10317000994606461346DDE99E540020491E471E27
:103180000A464FF002084B2B09D04D2B0CD04F2B89
:103190000FD0552B12D085F8008020202DE0802103
:1031A0003046FCF770F820E0C9B20A20DAF711FEC9
:1031B00013E080213046FCF727FA16E0042A07D2F4
:1031C0000846FFF7B9FF01463046FCF7CAFA0CE0A3
:1031D0000DD14FF00400DCF7C2FC0146684600F058
:1031E000D3FF69463046FCF70BF9002807DBB9F13D
:1031F000FF3F04D085F800803220207038460DF55E
:10320000177DBDE8F0832DE9F04104464068ADF537
:103210001A7D401E15460E4600278046FFF77FFFA9
:1032200068B16A4604F11000D4F86812FBF7EFF9B0
:1032300001004FF0020006D5307025200BE0012080
:1032400030701F2007E02289572A0AD0E168491C04
:1032500007D030703220287000200DF51A7DBDE8AF
:10326000F08109230DF10D014D2A21D0552A04D0FA
:103270003070202028703846EFE7B8F1040F0DD2E7
:103280009DF80210042906D194F86C224046029958
:10329000FFF75DFF0AE030702B70ECE7EBD19DF893
:1032A0000220072AF7D10420DCF784FC0127E2E79B
:1032B0009DF80220072A04D084F86D0284F86E324B
:1032C000D9E794F86C020B46014608F0FF02002093
:1032D000DBF77BFEEAE700000CB304086608006039
:1032E00008B1CD4B036011B1CB4824300860002AEF
:1032F00002D0C948001F106070470146C7480078D7
:10330000421C914200D2084670477047C34800787B
:10331000704700B5FFF7F1FFC0490978491C8842A2
:1033200001D2012000BD002000BD10B50123FFF730
:10333000E4FFBA490978884207D2C2B200210B20C3
:10334000DAF712FF04F0D0F80346184610BD70B546
:103350000D460026FFF7D1FFB049044609788842A0
:103360000FD275B1E0B2DCF70EFBA84209D32846B4
:1033700004F07EF80346E2B200210B20DBF717FBD6
:103380000126304670BD70B50D460026FFF7B5FF2B
:10339000A2490446097888420BD255B1E0B2DCF765
:1033A000F2FAA84205D36D1EE9B2E0B2DCF712FBD7
:1033B0000646304670BD2DE9F04116460C460746DC
:1033C0000025FFF79AFF9549097888420BD254B13E
:1033D000C0B2DCF7D8FAA04205D3611E01253246FF
:1033E0003846DCF715FB2846BDE8F0812DE9F04FA3
:1033F000ADF51B7D8146DDE9A4861D46924600247D
:103400000846FFF77AFF02465046BAF14D0F1DD02D
:1034100009DC1C281FD0242847D04A2861D0BAF1E3
:103420004B0F09D10DE04F2822D0552822D06E280D
:1034300046D0BAF16F0F21D0022088F8000020207A
:1034400088E013214846FBF71EFF37E0D1B20B207E
:10345000DAF7BFFC03E0D1B20B20DAF739FC014602
:10346000684600F091FE69464846FBF7C9FF25E033
:1034700013211BE01046FFF758FF1BE096A800F051
:10348000C5FD0022114696A800F0C9FD00220121C9
:1034900096A800F0C4FD0022022196A800F0BFFD0E
:1034A00096A94846FBF77EFE08E000214846FCF757
:1034B000ABF803E001464846FCF775F8044631E0F6
:1034C0007DB1681C104610D0FFF717FF0446C0B24C
:1034D000DCF759FAA84239D329462046FFF753FFB3
:1034E000BDE7D0B2DCF74FFAE4E7FFF706FF83460B
:1034F000012711E039465846FFF745FF0146684667
:1035000000F042FE09EB04006946FBF779FF044432
:10351000B4F5167F15DA7F1C0BF0FF00DCF733FAE9
:10352000B842E7D2002C18DBBAF16E0F15D0BAF111
:10353000570F12D06D1C10D0022088F800003220E6
:1035400008E0052188F80010122003E0022088F826
:1035500000002A2030704FF0FF340DF51B7D20460F
:10356000BDE8F08F2DE9F0430446ADF51B7D15460F
:103570000E464FF000084068FFF7BFFE6A4604F1B0
:103580001000D4F86812FBF742F802274FF0250923
:10359000002803DA377085F800900AE020896E2849
:1035A0000CD057280AD0E168491C07D03770322068
:1035B000287000200DF51B7DBDE8F0834F2825D035
:1035C00006DC1C2822D0242820D04A2806D11DE061
:1035D000552806D06E2819D06F2817D037702020B4
:1035E00016E004F26E235A1E02216846FEF744FDDF
:1035F0005FEA00080DD002996068FFF7A8FE5FEA55
:10360000000806D1377085F8009002E03770282056
:1036100028704046CEE7000024B304086708006025
:10362000704770472DE9F04708220025431EDCB2A1
:103630006308FC4EFC4F7688A7F1280C2A2E7CD319
:10364000032B52D84FF0640903EB031307F5B07650
:1036500006EB4306338C8B4204D307EBC40040686F
:10366000BDE8F08733888B4202D857F83400F7E77B
:10367000082337E036F8138088451ED8A3F1010AE5
:1036800036F81AA08A4518D35B1E5A1C36F8135018
:1036900036F81220AA1A002AE2D0681A00FB09F0B4
:1036A00090FBF2F003FB09015CF82400484390FB17
:1036B000F9F057F834100844D2E702B9012502EBBB
:1036C000D2725210884501D9134400E09B1A002B96
:1036D00002DC57F83400C3E7102B03DB07EBC40010
:1036E0004068BDE7002DC5D0C3E06426CE4AFA325B
:1036F00013888B4202D357F83400B1E7B2F8643034
:103700008B4203D807EBC4004068A9E74FF47A78EE
:10371000DFF8189359E0538E8B422CD2192332F8DC
:1037200013A08A4522D803F1010A32F81AA08A456B
:103730001CD35D1C32F815A000E049E032F81350AC
:10374000AAEB05026AB1481B704390FBF2F003FB41
:1037500006015CF82400484390FBF6F057F834105B
:10376000084490FBF8F1A9F8101079E75B1CDBB274
:10377000322BD4D329E0002332F813A08A4520D875
:1037800003F1010A32F81AA08A451AD35D1C32F8F7
:1037900015A032F81350AAEB05026AB1481B70431A
:1037A00090FBF2F003FB06015CF82400484390FB19
:1037B000F6F057F83410084490FBF8F1A9F812100D
:1037C0004EE75B1CDBB2192BD6D3002DA3D050E003
:1037D0004FF06409944E03EB0313503606EB430697
:1037E000338C8B4203D307EBC400406838E733883F
:1037F0008B4202D857F8340032E7082337E036F816
:10380000138088451ED8A3F1010A36F81AA08A450C
:1038100018D35B1E5A1C36F8135036F81220AA1A19
:10382000002AA2D0681A00FB09F090FBF2F003FB1B
:1038300009005CF82410414391FBF9F057F834106B
:1038400008440DE702B9012502EBD27252108845F7
:1038500001D9134400E09B1A002B02DC57F8340016
:10386000FEE6102B03DB07EBC4004068F8E6002DF2
:10387000C5D00020F4E62DE9F0410B4601211438B3
:1038800000B2C0EB00106A4AC0EBC000841801EB24
:10389000410004EB40020932B2F90000FFF7C1FE1B
:1038A000984207D1D2F80200FFF7BAFEBDE8F04116
:1038B00003F0D5BD32F9060CFFF7B3FE984207D1ED
:1038C00052F8040CFFF7ACFEBDE8F04103F0C7BDB1
:1038D000B2F90000FFF7A5FE984208DD32F9060CA8
:1038E000FFF79FFE984202DA491E09B203E0491C25
:1038F00009B20E29CBDD0F2922DB0F34B4F90010F9
:1039000034F9060C81420DDD984205DB54F8040CB5
:10391000BDE8F04103F0A3BDD4F80200BDE8F041DA
:1039200003F09DBD984205DC54F8040CBDE8F0415D
:1039300003F095BDD4F80200BDE8F04103F08FBD5F
:1039400001EB410004EB40040934B4F90600FFF731
:1039500068FE0146B4F90000FFF763FE081A06B2DC
:10396000344F96B1B4F90000FFF75BFE181A03F06C
:1039700076FD394603F06FFB0546304603F06FFDD8
:103980000146284603F099FB0546A068FFF748FE6C
:103990000146D4F80200FFF743FE081A03F05FFD6A
:1039A000014611F0FF4F10D0284603F054FB394672
:1039B00003F083FB0546D4F80200FFF731FE03F065
:1039C0004EFD294603F0EFFA05462846BDE8F08192
:1039D0002DE9F05F00260127174C124840882A285D
:1039E00000D304274FF0040ADFF850804FF47A7BAD
:1039F0004FF00009E6E13046E4F79CFE00285AD07B
:103A0000E4F736FEB04279D994F82D00A0F1140104
:103A1000042918D894F92300011111D0000908F8DD
:103A2000060025E04EFE01607CB3040888F90160C1
:103A3000B0E9046000007A44BDEB04603DF7046027
:103A400008F806A014E094F82810A9B30B2837D082
:103A5000112835D0132837D0102835D00D2837D06D
:103A6000122835D0092837D00A2835D008F806A002
:103A700094F8230000F00F0018F8061040EA011037
:103A800084F82300E4F7FAFDB0426ED984F824905C
:103A900084F8259084F82A90CD4918F806008A5DAC
:103AA000904203D088553046E4F736FD94F927005C
:103AB000B0B101287ED082E1FFE708F806A0D7E781
:103AC000022008F80600D3E7032008F80600CFE735
:103AD000012008F80600CBE7052008F80600C7E734
:103AE00094F82D00002866D03046E4F716FD054610
:103AF00094F9280018B101283AD006E153E114F8EE
:103B0000230F00F0F0002070A07A233CA0F10C01FC
:103B10000A2908D8B5EB472F01D9012100E000217F
:103B200084F8261007E0B5EB472F01D3012100E010
:103B3000002184F826101738072807D8B5EB472F3F
:103B400001D3012000E0002084F8260094F826002C
:103B500008B1584600E00020FFF762FDC4F81E00DF
:103B600094F8260010B15D46CFE00BE10025CCE0D3
:103B700014F8230F00F0F0002070A07A233C1E28D8
:103B800039D2DFE800F0B40F0F0F0F0F0F0F0F390E
:103B900039616D737AAB818187679797979797ABF8
:103BA000B4B4B4B03046E4F7B8FC07EB4701C1EB5E
:103BB000C71101E0DFE0BBE0B0EBC10F08D994F81A
:103BC000230000F0F00040F0010084F823000CE036
:103BD0003046E4F7A2FC142807D294F8230000F042
:103BE000F00040F0020084F82300A9B294F82D0000
:103BF000FFF718FD05467AE03046E4F78EFCB0F595
:103C00007A6F08D994F8230000F0F00040F001002A
:103C100084F8230011E03046E4F77FFC07EBC7018E
:103C200001EB0711B0EB410F07D294F8230000F02D
:103C3000F00040F0020084F82300A9B294F82D00AF
:103C4000FFF7F0FC054652E0B5FBF7F0E4F771FC36
:103C500005464CE0B5FBF7F0E4F794FC054646E07A
:103C60005C484543B5FBF7F0850A40E044F6206028
:103C70004543B5FBF7F0850A39E044F6206045433B
:103C8000B5FBF7F0850A32E052484543B5FBF7F043
:103C9000850A2CE0B5FBF7F0CC2801D2002526E000
:103CA000B5FBF7F04B49CC3848434FF44C71B0FBAF
:103CB000F1F51CE0B5FBF7F13046E4F786FC642132
:103CC000B0FBF1F194F82D0009B2FFF7D4FD4249A1
:103CD00003F0C1F903F008FC054608E03046E4F7BC
:103CE00054FD054603E03046E4F7FFFD054694F831
:103CF000290080B194F82C0094F82B1000EB0120DF
:103D00006FF01801484305EB80052846FFF788FC53
:103D1000C4F81E0053E094F82C0094F82B1000EB2C
:103D2000012000EBC00101EB001005EB8005ECE782
:103D300094F8230000F0F00084F82300E4F79EFCE0
:103D4000B04210D93046E4F7E8FBB0FBF7F040F69C
:103D5000B831484340F2FF31B0FBF1F0FFF760FCAF
:103D6000C4F81E002BE03046E4F7D7FBFFF758FC01
:103D7000C4F81E0023E094F8230000F0F00084F85B
:103D800023001CE03046E4F705FEC0B984F8249017
:103D900084F8259084F82A9094F8230000F0F0002D
:103DA00084F823000BE084F8249084F8259084F8AC
:103DB0002A9094F8230000F0F00084F82300761C89
:103DC000F6B22E34402EFFF416AEBDE8F09F000090
:103DD0005DF70460A086010000007A442DE9F041FF
:103DE00000251C4C0026012730E0E4F744FCA842E3
:103DF00023D9E4F773FCA84205D92734A670E670EE
:103E0000267104F8276994F8280008B9C4F81E60E0
:103E10002846E4F7EBFD01280BD004F8296F667003
:103E2000A670293CE4F75AFCA8420CD884F8277005
:103E300009E02846E4F7ADFD05E02734A670E670FA
:103E4000267104F827796D1CEDB22D34402DCCD3AA
:103E5000BDE8F0817DF70460014600203339052973
:103E600005D2DFE801F0030507090B0001207047C8
:103E7000022070470320704704207047402070479D
:103E800010B5002438B10BB1712300E0702303702A
:103E9000417082700324204610BD10B5002429B162
:103EA0000AB1017811700BB140781870204610BD2E
:103EB00010B50022002816D0002914D00B7803700A
:103EC0008B1884185B78521C6370072AF8DB0A8908
:103ED00002818A7A827200228B188418DB7A521C43
:103EE000E372072AF8DB10BD70B5002288422BD0A0
:103EF00004890B899C4221D1837A8D7AAB421DD1F2
:103F0000072B09D9072307E085188E18ED7AF67A72
:103F1000B54213D1521CD2B29A42F5D3A4B9037858
:103F20000A7893420AD1072B00D90723002209E01F
:103F300084188D1864786D78AC4201D0002070BD73
:103F4000521CD2B29A42F3D3012070BD70B5040066
:103F5000049E4FF000000DD0502020706170A270C0
:103F6000E01C1946FBF750FBC51C60193146FBF7F6
:103F70004BFB284470BDFEB5044600201E46174684
:103F80008DF800000190029000291DD0204601AA62
:103F90006946FAF769FF05469DF80000092812D125
:103FA000601902AA0199FBF70CFB05440FB10298B6
:103FB0003870601901AA6946FAF756FF05449DF862
:103FC0000000092801D00020FEBD601902AA019955
:103FD000FBF7F7FA2844002EF6D002993170FEBDA7
:103FE00070B50024DDE9045602290CD90AB1047821
:103FF00014700BB142781A7033462A46801C891E11
:10400000FFF7B9FF0446204670BD00000022027091
:1040100011464318491C5A700F29FADB704770B5D6
:10402000CB0801250F2B11D206784C1CA64200D2DA
:1040300004705B4201EBC30300EBD1009D4041786B
:10404000EBB20AB1194300E09943417070BD30B53D
:1040500004460020CA080123782909D25542224487
:1040600001EBC5018B405278D9B20A4200D0012041
:1040700030BD00787047014600200978002903D040
:10408000491EC1F3C400401C704702004FF00000FD
:1040900003D00F2901D250184078704703004FF029
:1040A000000004D00F2902D2581842700120704736
:1040B00003004FF0000003D0C2EBC10018700120D4
:1040C0007047002800D07820704710B5002258B102
:1040D00051B10A78027000228B1884185B78521C48
:1040E00063700F2AF8D30122104610BD70B500226C
:1040F00000B304780B789C421CD17F2C1AD8E308BB
:1041000004F00704C4F10805FF24EC4006E085181C
:104110008E186D787678B5420CD1521C9A42F6DB37
:10412000184419444078497820402140884201D100
:10413000012070BD002070BDF0B5002510B3002433
:104140000460017140F251218B421BD84D1C4FF08D
:1041500000018AB1461D994208D2D0F800C0575CD0
:104160000CF8067007687F1C076001E047187C7137
:10417000491CA942EFD304E04218491C5471A942DA
:10418000FAD301252846F0BD70B505460C0003D0D2
:10419000084602F09FFD00E0002003462246284624
:1041A000BDE870400021C7E701004FF0000000D0DB
:1041B0000868704701004FF0000000D0481D7047AC
:1041C00001004FF0000000D00879704730B5044678
:1041D0000D460846FFF7E8FF03462846FFF7EAFFCB
:1041E00002462846FFF7ECFF01462046BDE8304076
:1041F000A2E730B5A8B1A2B1137993B913688B4285
:104200000FD200231C4608E015689D4203D9D5183B
:104210006D79C55400E0C4545B1C8B42F4D301207B
:1042200030BD002030BD70B503460020E1B1BBB108
:104230000C681A68944212D10A791D79AA420ED1EB
:104240000120002207E08D189E186D797679B5421D
:1042500000D00020521C944201D90028F3D170BD37
:10426000096804E0012070BD002BFCD0196800290A
:10427000F8D070BD70B50E0005464FF000041AD09E
:104280000846ADB102F026FD2968884217D1287989
:10429000A8B90124002006E02B18325C5B799A4211
:1042A00000D00024401C814209D9002CF4D106E042
:1042B00002F010FD01E015B1006800B901242046AC
:1042C00070BD70B5002388B1046840F251251444D4
:1042D000AC420BD8451D06E00668CC5C74550468FA
:1042E000641C5B1C04609342F6D30123184670BD26
:1042F00002004FF0000005D040F25123994201D84E
:1043000001201160704701004FF0000001D040F221
:104310005120704702004FF0000001D011710120C0
:10432000704730B502004FF0000013D0107900281C
:104330004FF001000ED11368002140F252248B424D
:1043400008D955186D79203D5F2D00D30020491CF8
:10435000A142F4D330BDF0B5461871B3022541E057
:1043600002785AB3802A3CD30323B3EB921F34D193
:104370007E4B9B5C994230D310F8014FC91AB5EBC4
:10438000941F2AD1062B2AD2DFE803F02903070C59
:10439000111912F03E0F20D023E0E02A1FD1A2060F
:1043A0001BD51CE0F02A1AD104F0300203E0F82AF1
:1043B00015D104F038020AB111E015E00DE0FE2A33
:1043C0000BD0FF2A09D0FC2A09D104F03C02F2E705
:1043D00010F8012FB5EB921F01D00020F0BD5B1E3D
:1043E000F6D1401CB042BBD30120F0BD10B501791D
:1043F0000024062906D221B950F8051BFFF7ABFFB0
:1044000000B10124204610BDF0B50025F8B100240C
:1044100040F2522304609A4219D881B10023051D4D
:104420000AE006D20768CE5C7E550668761C0660F8
:1044300001E0C61834715B1C9342F2D306E000EB36
:10444000010201F1010114719942F8D301252846B6
:10445000F0BD30B5464B00221C88464B1B781C44EF
:1044600040F252239C4202D20123046009E0002161
:104470000160084630BD8C5C8518521C2C710468A4
:1044800092B29442F7D8184630BD01004FF00000B8
:1044900000D00868704701004FF0000000D0081DF0
:1044A000704710B503460C460846FFF7EEFF02467C
:1044B0002046FFF7F0FF0146BDE810401846A3E78D
:1044C00010B5002362B158B114688C4208D30021A2
:1044D00003E053181B794354491C13688B42F8D8E6
:1044E000184610BD70B5002388B1046840F252250B
:1044F0001444AC420BD8051D06E00668CC5C74552C
:104500000468641C5B1C04609342F6D301231846C4
:1045100070BD02004FF0000005D040F252239942D6
:1045200001D801201160704701004FF0000001D058
:1045300040F25220704730B50022A0B199B1036813
:104540000C68A3420FD140F25224A34207D90AE0DB
:1045500084188D1824792D79AC4204D1521C9342D1
:10456000F6D8012030BD002030BD000086B504081B
:104570002801006022010060414081EA410080EA98
:10458000810080EAC10080EA011080EA411080EADF
:10459000811080EAC11101F0FE00C1F30021484002
:1045A0007047CAB24240080A80EA022080EAC2008C
:1045B00080EA023080EA121102F00F00414081EAE5
:1045C000C01080B27047000081070CD16421B0FB9D
:1045D000F1F201FB120141B94FF4C871B0FBF1F2E5
:1045E00001FB120008B1002070470120704730B570
:1045F0008DB00C4605463422F949684602F02AFB84
:104600000023022C05D12846FFF7DEFF08B11D2349
:1046100004E0601E0B2801D81DF824300DB01846A8
:1046200030BD70B5154606460024FFF7E0FF40F2A6
:104630006C718E4204D318B115B1854200D80124A3
:10464000204670BD10B5002128B1C278817800885D
:10465000FFF7E7FF0146084610BD2DE9F041174678
:104660000E4680460025FFF7DCFF58B1012406E026
:1046700021464046FFF7BBFF641C0544E4B2B44248
:10468000F6D33D442846BDE8F0812DE9F0411646B9
:104690000F4605460024FFF7C4FFA0B140F26C733B
:1046A00008E0184604F26D14FFF78EFF00B1641C99
:1046B0005B1C9BB2AB42F4D3324639462846FFF727
:1046C000CCFF0444641E2046DDE710B5FFF7DDFF94
:1046D0000721B0FBF1F201FB1200401C10BD70B5C8
:1046E00016460D46040008D02580A670E3701A46D1
:1046F00031462846FFF7E9FF207170BD2DE9FC47E0
:1047000089460021924604468DF804108DF8001069
:1047100001AF6E460125884606E029464846FFF768
:1047200066FF241A6D1CEDB229464846FFF75FFF6D
:10473000A042F2D308EB0400C0B207B13D7006B14D
:1047400030709DF800309DF8042049465046FFF730
:10475000C6FFBDE8FC8710B5002128B1C27881787A
:104760000088FFF77AFF0146084610BD10B500210A
:1047700028B1C27881780088FFF787FF0146084694
:1047800010BD3EB500220C46ADF808208DF804207F
:104790008DF800206B4601AA02A900F029FA9DF8C5
:1047A00000309DF80420BDF808102046FFF797FF61
:1047B0003EBD002160B10278182A09D242783C2A15
:1047C00006D282783C2A03D2C078642800D2012124
:1047D0000846704710B50C46FFF734FF28B1204655
:1047E000FFF7E7FF08B1012010BD002010BD020057
:1047F0004FF000000CD000290AD010880B88C01A96
:1048000006D190788B78C01A02D1D078C978401A36
:10481000704702004FF0000010D000290ED0107831
:104820000B78C01A0AD150784B78C01A06D190780C
:104830008B78C01A02D1D078C978401A704730B549
:104840000D460446FFF7D3FF002804D1A91DA01D83
:10485000BDE83040DDE730BD30B502004FF000006C
:104860001AD0002918D0148840F66B05AC4204D049
:104870000B88AB4201D0E01A0ED19378FF2B04D005
:104880008C78FF2C01D0181B06D1D278FF2A03D0D8
:10489000C978FF2900D0501A30BD10B502004FF082
:1048A000000020D000291ED01378FF2B04D00C78F4
:1048B000FF2C01D0181B16D15478FF2C04D04B7854
:1048C000FF2B01D0E01A0ED19478FF2C04D08B7806
:1048D000FF2B01D0E01A06D1D278FF2A03D0C97885
:1048E000FF2900D0501A10BD30B50D460446FFF721
:1048F000B3FF002804D1A91DA01DBDE83040CCE7BE
:1049000030BD002809D0002907D00A8802808A78A3
:104910008270CA78C270097901717047002809D085
:10492000002907D00A7802704A7842708A7882702B
:10493000C978C170704710B50B460446891D801DAB
:10494000FFF7ECFF2046BDE810401946D9E710B547
:104950000028029C03D0017042708370C47010BDA7
:10496000002913D0002A11D000280FD013788371AA
:104970005378C37193780372D27842720A880280A6
:104980008A788270CA78C2700979017170472DE9FE
:10499000F0479046DDE90965DDF82C90089F8C46CC
:1049A00004000FD0A4F800C084F80280E3701A4617
:1049B00041466046FFF789FE2071A771E6712572B6
:1049C00084F80990BDE8F08710B5002128B18278FD
:1049D0004178007800F04BF90146084610BD000010
:1049E00088B60408002128B101784078C1EB011194
:1049F00000EB810188B270472DE9F0410E46044674
:104A0000027AC179807900F032F93C27B0FBF7F5E2
:104A10002046FFF7ABFE4FF4B46296FBF2F1084478
:104A2000A1EB011101EB410116EB41112DD54942DA
:104A3000A94204D9C1F5B4612944401E09E0691AAC
:104A4000B1FBF2F21044A2EB021202EB420201EBC4
:104A50004211C1EB01118D004FF46163B5FBF3F31B
:104A6000DBB26FF0E00603FB06F605EB0615B5FBBF
:104A7000F7F5A21D04F10701EDB200D0137001B1EA
:104A80000D702146BDE8F0417BE62944D8E70021BE
:104A9000D0B10288A2F500636B3B15D18278FF2A62
:104AA00012D1C278FF2A0FD10279FF2A0CD1827964
:104AB000FF2A09D1C279FF2A06D1027AFF2A03D13F
:104AC000407AFF2800D10121084670470021B8B183
:104AD0000288A2F500636B3B11D082780C2A0ED8B5
:104AE000C2781F2A0BD88279FF2A08D0C279FF2A00
:104AF00005D0027AFF2A02D0407AFF2800D1012196
:104B000008467047002806D040F66B010180FF215F
:104B10008170C17001717047002804D0FF210170BD
:104B200041708170C170704700B5020005D0FFF779
:104B3000E9FF901D5DF804EBEEE700BD70B50600DF
:104B40000D464FF000000AD0002D08D03046FAF78D
:104B5000C3FE04463019A91DFAF74DFE204470BD6E
:104B60002DE9F041040017460E464FF000000FD02B
:104B7000002F0DD02046FAF718F90546601939467E
:104B8000FFF7DCFF054460193146FAF721F92844A4
:104B900079E52DE9F0410F460546FAF7D1FE411CB3
:104BA0004FF0FF3608D004462819B91DFAF755FE14
:104BB000411C01D0204466E5304664E52DE9F04112
:104BC00014460F460546FAF7F9F94FF0FF3668B17B
:104BD000681C2146FFF7DDFF411C07D00C46281951
:104BE0003946FAF701FA08B1601C4CE530464AE54F
:104BF0002DE9F0471F46012590468946044640F2BC
:104C00006C76AA4640F26D134FF4B67C0EE0304647
:104C1000FFF7DAFC08B19C4212D03046A4F26D14C2
:104C2000FFF7D2FC00B1641E761CB6B26445EED824
:104C300006E029463046FFF7DAFC241A6D1CEDB277
:104C400029463046FFF7D3FCA042F2D90AEB040014
:104C5000C0B2B9F1000F01D0A9F80060B8F1000F9F
:104C600001D088F80050002F00D03870AAE6C0EBC1
:104C7000001001EB8000C0EB001002EB80007047D9
:104C80002DE9F0410400069E984617464FF00000BB
:104C900018D010202070002060700A46A01C082147
:104CA000FAF7F1FA851C60193946FAF77CFC0544DD
:104CB00060194146FAF7A8FC054460193146FAF735
:104CC00072FC2844BDE8F0812DE9F04786B0044627
:104CD0000020DDF8389090460E46ADF800000190B7
:104CE0008DF80800039004901D46204603AA02A9EF
:104CF000FAF7BAF807469DF808004FF0FF3A0C287B
:104D00004BD1E01901AA6946FAF773FA0744BDF8D6
:104D10000000082841D10EB101983060E01903AAC3
:104D200002A9FAF7A1F83E189DF80800022834D12C
:104D3000A01904AA0399FAF7CAFB0644B8F1000FB8
:104D400002D00499C8F80010A01903AA02A9FAF722
:104D50008BF806449DF8080009281ED1A01904AA62
:104D60000399FAF72EFC06440498042815D205B1DD
:104D70002860A01903AA02A9FAF776F835189DF859
:104D80000800022809D1601904AA0399FAF79FFBC9
:104D900004992844B1F5803F03D3504606B0BDE8DE
:104DA000F087B9F1000FF9D0A9F80010F6E700007C
:104DB00000280FD000290DD00A7802704A7842707E
:104DC0008A788270CA78C2708A888280CA88C280D3
:104DD000097A017270472DE9F0474FF000049846B8
:104DE00016460F460500A14675D0B8F1000F72D0E7
:104DF00098F8000028700020687098F8020008B148
:104E0000802068702FB1388918B1687840F0200090
:104E100068703EB1308928B1B07A18B1687840F036
:104E20000800687098F8010018B1687840F0040034
:104E3000687098F80310687801F0030108436870FF
:104E40000224BFB13989A9B1A81CFAF7ABFD801CB7
:104E5000B97A2954441CB87A48B90BE007EB090029
:104E6000C07A285509F1010000F0FF09641CB97AE5
:104E70004945F3D8BEB13189A9B1B07A98B12819A2
:104E8000FAF790FD0444B07A2855B07A641C50B10A
:104E9000002005E03118401CC97A2955C0B2641CB5
:104EA000B17A8142F6D82FB1388918B198F8080044
:104EB0002855641C98F8020068B198F80400285539
:104EC000B8F80400641C802805D3B8F80610281927
:104ED000FAF768FD04442046BDE8F08700280BD0AF
:104EE000417001210170002181704FF48073838033
:104EF000C180C270FF21017270472DE9FC5F4FF045
:104F0000000499461746884605002646A246ADF895
:104F10000040ADF804407DD0B9F1000F7AD0297877
:104F200089F8001068780224C10989F802106878AD
:104F30004FF0FF3BC0F3800189F80110687800F062
:104F4000030189F803106878800620D5A81C01A900
:104F5000FAF72DFD841C285D641CB8F1000F05D004
:104F6000BDF80420A8F8082088F80A00F0B1072846
:104F700031D809E0295D641CB8F1000F02D008EBBC
:104F80000602D172761CF6B28642F3D30EE0B8F177
:104F9000000F0BD0A8F808A0504688F80AA008EB2C
:104FA0000601761CF6B2C872072EF8D3687801079E
:104FB0002A481FD50121017028196946FAF7F7FC24
:104FC0000444295D641C1FB1BDF800003881B9722A
:104FD00021B3072902D95846BDE8FC9F002006E00E
:104FE0002A5D641C0FB13B18DA72401CC0B28842C3
:104FF000F6D313E097B180F800A038895146A0F5A8
:105000007F42FF3A00D03981B97200203A18401C23
:10501000D17200E01BE0C0B20728F7D3BDF804004E
:1050200020B1295D89F80810641C01E089F808A006
:1050300099F8020060B1285D641CA9F8040080287A
:105040000AD3281909F10601FAF7B1FC044403E078
:105050004FF48071A9F804102046BDE7C800006035
:10506000014600203B390A2907D2DFE801F0050795
:10507000090B0D0F111315170120704702207047FF
:1050800003207047042070470520704706207047B2
:10509000072070470820704709207047402070475C
:1050A000002320B1602303704170827003231846EF
:1050B000704710B5002429B10AB1017811700BB105
:1050C00040781870204610BD70B5040016460D4695
:1050D0004FF0000019D020704FF41671F9F7BCFDA5
:1050E0006070A5700C20E07032880425B2F5806FE6
:1050F00005D2201D00217368FAF7B4F8051D328926
:1051000060190121FAF78EFA284470BD2DE9F043A9
:1051100085B04FF000050F46064614008DF800508C
:105120000195ADF8085003956FF0020904953FD042
:10513000072F02D23F2050763EE030460021F9F79B
:1051400012FF4FF03E0890B1701C221D02A9FAF721
:1051500050F8451CBDF808002080701901AA694666
:10516000F9F782FE05449DF80000012802D084F87A
:10517000198021E0701903AA0199FAF722FA05446F
:1051800003982081BD421BD2701901AA6946F9F724
:105190006BFE05449DF800000228E8D1BD42E6D22E
:1051A000701904AA0199FAF792F905440498E0608D
:1051B000BD4208D241206076484605B0BDE8F08384
:1051C0004FF0FF30F3E72846F7E770B504001646C6
:1051D0004FF000001ED03020207061700C20A070B5
:1051E0003288E01C00217368FAF73CF8C51C32894C
:1051F00060190121FAF716FAF2680544501C04D030
:1052000060190221FAF7B3F9054460190321F9F78F
:10521000CCFD284470BD02004FF0000003D00321F4
:105220001046F9F7D5BD70472DE9F04106004FF063
:1052300000051746284611D03046FFF7C6FF044642
:1052400004E03869405D3055641C6D1C7869A842E3
:10525000F7DC30190321F9F7BBFD2044BDE8F081EC
:105260002DE9F041044686B000200F468DF800007D
:105270000190ADF8080003900146049015462046C1
:10528000F9F771FE4FF0FF3898B3601C2A1D02A990
:10529000F9F7AFFF461CBDF808002880A01901AA45
:1052A0006946F9F7E1FD06449DF8000001282BD17D
:1052B000A01903AA0199FAF784F9064403982881F2
:1052C000A01901AA6946F9F7CFFD9DF8001002293F
:1052D00010D0C5F80C80A0190321F9F76FFE40B17A
:1052E000761CA0192861B81B401E6861384606B0BC
:1052F000B4E709E00644A01904AA0199FAF7E7F80F
:1053000006440498E860E6E74046F0E7F0B587B069
:105310000E46054614461F46194601A8FBF7FCF841
:1053200039463046FBF7EEF8002211462046FFF7DB
:10533000D5FD234601AA31462846FFF74CFD044619
:10534000FBF70FF90646FBF7F5F80146281903238A
:105350004FF416720096FFF793FC204407B0F0BD9F
:1053600030B589B00C460B46054606AA01A9FFF7E1
:10537000CDFF03462A4606A901A80094FBF78FF843
:1053800009B030BDF0B587B005461C46174610463B
:105390000C9EFEF78DFD314601A8FBF7BDF80022FB
:1053A00011462046FFF79AFD234601AA39462846B2
:1053B000FFF711FD0446FBF7D4F80646FBF7BAF8F1
:1053C0000146281903234FF416720096FFF758FC84
:1053D0002044C3E730B589B014460092054606ABB9
:1053E00001AAFFF7CFFF03462A4606A901A80094A9
:1053F000FBF755F8C4E700002DE9F0478AB089466D
:10540000824690461D46194604A8FBF785F80022FF
:10541000114601A8FFF762FD40F2391105FB01F0CA
:10542000344F01AB07EB400404AA51462046FFF776
:10543000D2FC0646A0194246494600F097F90644B8
:1054400035B9394632462C4801F004FC2B48067029
:105450002246334601A950460095FBF720F80AB0D2
:10546000BDE8F08770B586B00D4606461446114675
:105470006846FBF747F823462A4631466846FFF759
:10548000BBFF06B070BDF0B587B00D4606461446AA
:1054900011466846FBF736F80020ADF808009DF885
:1054A00004008DF814009DF803008DF815009DF898
:1054B00002008DF816009DF801008DF817009DF888
:1054C00006008DF818009DF805008DF819000021E0
:1054D0006A4605A85718435C491C7B700629F9DB0E
:1054E00023462A4631466846FFF786FF07B0F0BDDF
:1054F00082E7B7E72898076064E004602C01006049
:105500000020984B02465321414303EBC101401C4C
:105510004A710A71FF28F6DB704710B500F010F9E8
:10552000FF2807D20021532250438E4A02EBC000CD
:105530004171017110BD2DE9F0470025DFF824828B
:105540000746A946532005FB00F608EBC60461791F
:1055500001291BD16088B84205D9C01B0004000C8A
:10556000608002D012E0A4F80290F8F7B3F818F8BF
:105570003610884208D9F8F7A7F8608018F8360086
:10558000401C08F8360001E084F805906D1CFF2DE2
:10559000D8D3BDE8F0870020724A014653234B431D
:1055A00002EBC3031B791BB1491CFF29F6D37047DB
:1055B0000120704710B500206A4B014653224A4330
:1055C00003EBC20214791CB952790AB9401CC0B26B
:1055D000491CFF29F2D310BD00B9012062490870AF
:1055E00070472DE9F04700273D46FFF7D4FF80B311
:1055F000DFF870915C4E4FF00108307800F0A0F8B1
:10560000FF2819D101250020FF214A465323434397
:1056100002EBC3031B79B3B1401CFF28F6D3FF296B
:1056200015D05320414309EBC1043778277100207E
:105630006071F8F749F860803078401C10F0FF0086
:10564000307002D003E0C1B2E9E786F80080002D97
:10565000D3D038469DE72DE9F0470024089E1F4629
:1056600090468946002894D000F06AF8FF2890D22E
:10567000532250433B4A012102EBC00569710021CE
:1056800002F83010F8F720F8688005E0385D291935
:10569000641C81F82200A4B2B442F7D305F11800CB
:1056A0004146C5F89462FFF783FBA81D4946BDE853
:1056B000F047FEF7FDBB6CE72DE9F0470024089E9C
:1056C0001F46904689462546F8B100F039F8FF2874
:1056D0001BD253214843234901EBC005B5F894027E
:1056E000308005E0281990F822003855641CA4B2D7
:1056F0003088A042F6D805F118014046FFF758FB64
:10570000A91D4846FEF7D4FB0125284641E710B500
:10571000012400F015F8FF2800D20024204610BD17
:1057200010B5002400F00CF8FF2807D2532148439D
:105730000C4901EBC000407900B90124204610BD9E
:1057400010B50021074AFF2453234B4302EBC30348
:105750001B79834201D1CCB202E0491CFF29F3D36B
:10576000204610BDC00205606808006070B50400E6
:1057700016464FF0000017D01020207008206070EF
:105780000220420591420FD2002E0DDB96420BDA29
:105790000A46A01C0021F9F7EAFE851C6019324672
:1057A0000121F9F7E4FE284470BD2DE9F041040021
:1057B0001E4615464FF000001FD010202070082014
:1057C00060700220420591420FD2002D0DDB954200
:1057D0000BDA0A46A01C0021F9F7C9FE871CE01964
:1057E0002A460121F9F7C3FE3844DF212154401C29
:1057F000FD212154401C2654401CBDE8F0812DE9B8
:10580000F0478AB08946824615464FF0FF3611466A
:1058100004A8FAF781FE0022114601A8FFF75EFBFB
:1058200040F23910DFF8E08005FB00F108EB41049D
:1058300001AB04AA51462046FFF7CDFA074632468F
:10584000E0194B461146FFF7B0FF3E1835B9414607
:1058500032462E4801F0FEF92D48067022463346A6
:1058600001A950460095FAF71AFE0AB0BDE8F08784
:1058700030B585B005460C466846FAF743FE224629
:1058800029466846FFF7BBFF05B030BD2DE9FE4352
:10589000044600201E4617468DF800000190029035
:1058A000002922D0204601AA6946F9F7DDFA05460B
:1058B0009DF800004FF0FF39B0B9601902AA0199B4
:1058C000F9F705FE054402984FF48008404501D2DF
:1058D00007B13860601901AA6946F9F7C5FA0544AD
:1058E0009DF80000012802D04846BDE8FE836019FB
:1058F00002AA0199F9F7EBFD029928444145F4D237
:10590000002EF2D03160F0E72898076064E0046070
:105910002C0100602DE9F04115460F4604004FF0C0
:1059200000063CD0002020704FF41671F9F794F96E
:105930006070A7700F20E0702A88201D00216B681E
:10594000F9F790FC061D2A89A0190121F9F76AFED2
:10595000EA680644501C04D0A0190221F9F707FE9A
:105960000644A0190321F9F720FA3118002004E0B9
:105970002A180B18127CE254401CD5F86822824287
:10598000F6DC5618A0190321F9F722FA95F86C22D3
:10599000064422B1A0190421F9F7E9FD0644304676
:1059A000BDE8F0812DE9F04786B04FF000071446BE
:1059B0005FEA010805468DF800700197ADF80870A0
:1059C00003973E4604977DD0002C7BD028460021CB
:1059D000F9F7C9FA4FF0FF3AB0B3681C221D02A9CB
:1059E000F9F707FC471CBDF808002080E81901AA58
:1059F0006946F9F739FA07449DF8000001282ED1CD
:105A0000E81903AA0199F9F7DCFD074403982081FE
:105A1000E81901AA6946F9F727FA9DF8001002294A
:105A200013D0C4F80CA0E81981460321F9F7C6FA8F
:105A300050B10398A8EB070182B24846F8F7F4FF8B
:105A40007F1CC4F8680213E009E00744E81904AABF
:105A50000199F9F73CFD07440498E060E3E75046FC
:105A600006B0BDE8F087B819A119285C0874761C47
:105A7000D4F86802B042F6DC0744E8190321F9F7CC
:105A8000B3FA78B110207F1C84F86C02474519D214
:105A9000E81901AA6946F9F7E7F99DF80010042909
:105AA00003D00FE06FF00100DAE73844284404AA7D
:105AB0000199F9F70CFD07460498411E0F2903D8F8
:105AC00084F86C023846CBE76FF00400C8E770B585
:105AD0000E460546F9F78FFE0446281906F108011F
:105AE000F8F7E0FC204470BD2DE9F04117460E4662
:105AF0000446F9F75AF9054660193946FFF7E7FFFA
:105B0000054460193146F9F763F92844BDE8F0818E
:105B10002DE9F0410E460446F9F79FFE4FF0FF35A0
:105B2000002809DD0746E01906F108024FF400617C
:105B3000F8F76DFD002801DC2846E7E73844E5E783
:105B40002DE9F04114460F460546F9F737FA4FF0B4
:105B5000FF3668B1681C2146FFF7DAFF002807DD31
:105B6000441C28193946F9F73FFA08B1601CCDE703
:105B70003046CBE770B504000D464FF0000009D069
:105B800020704FF41671F9F767F86070A5700E2059
:105B9000E070042070BD70B505004FF000000BD020
:105BA00013460A4600212846F9F75CFB04462819EB
:105BB0000121F9F7FAF8204470BD70B516460500CA
:105BC0004FF000040CD00A460021F9F72BFD0446E3
:105BD000701C05D0281932460121F9F7C8FC04448D
:105BE000204670BD02004FF0000003D00121104696
:105BF000F9F7EEB870472DE9F04186B00F468046C0
:105C00001E460024114601A8FFF7B4FF03462246B2
:105C100001A940460097D2F7E4FA002856D004467E
:105C200051E03288002101A87368F9F71BFB034695
:105C3000224601A940460097D2F7D3FA002845D062
:105C40000444012101A8F9F7B0F80346224601A94E
:105C500040460097D2F7C5FA002837D02518B46817
:105C600020E02288002101A8F9F7DCFC03462A463F
:105C700001A940460097D2F7B4FA002826D06268FE
:105C80000544501C0DD0012101A8F9F770FC034612
:105C90002A4601A940460097D2F7A3FA002815D05A
:105CA00005442469002CDCD1012101A8F9F790F802
:105CB00003462A4601A940460097D2F792FA0028E7
:105CC00004D0F6682C18002EABD1204606B0BDE8F3
:105CD000F0812DE9F84305004FF000001446ADF8BF
:105CE00000001FD000291DD0002C1BD06FF002082F
:105CF000052902D23F20607417E028460021F9F7F9
:105D000032F93E2780B1681C221D6946F9F771FA05
:105D1000461CBDF800002080A8190121F9F74EF9B2
:105D200010B1701CBDE8F88367744046FAE710B5FF
:105D3000002428B121B10121F9F756F900B101245D
:105D4000204610BD2DE9FF474FF000060F46050025
:105D500014468DF8006001960296039646D0EFB384
:105D6000E4B328784FF03E0800076FF0020902D430
:105D700082F811802EE0284601AA6946F9F774F8E6
:105D800006469DF8000018BB01994FF03F087018B7
:105D9000B8421DD2A81902AAF9F713FC06440298CA
:105DA00020814FF0FF30E060A85D01071ED5C043A1
:105DB00040071BD0A81901AA6946F9F755F89DF8C4
:105DC0000010012912D1019906447018B84206D377
:105DD00084F81180484604B0BDE8F08706E0A819B1
:105DE00003AAF9F774FB06440398E0603046F2E733
:105DF000002228B13022027041700E2181700322EE
:105E00001046704770B505004FF000000BD00A88AF
:105E10004B6800212846F9F725FA04462819012184
:105E2000F8F7C3FF204470BD70B5164605004FF06B
:105E300000040CD00A460221F9F7F4FB0446701C5A
:105E400005D0281932460321F9F791FB0444204676
:105E500070BD2DE9F04106004FF0000090460F465E
:105E6000054614D030460421F8F79FFF0446301948
:105E7000B84205D1444405E0785D3055641C6D1C82
:105E80004545F9D330190421F8F7A2FF20441EE755
:105E90002DE9F041040016460F464FF0000013D0E4
:105EA00020460521F8F781FF054660193946F9F7C4
:105EB000ABFB054460193146F9F7A6FB05446019B0
:105EC0000521F8F785FF284401E702004FF00000A4
:105ED00003D001211046F8F77BBF7047F8B50400E6
:105EE0004FF000001D461646ADF800001BD00029FB
:105EF00019D0002E17D0002D15D020460021F9F71B
:105F000032F84FF0FF3778B1601C2A466946F9F73E
:105F100070F9451CBDF80000308060190121F9F7C7
:105F20004DF808B1681CF8BD3846F8BD10B500241E
:105F300028B121B10121F9F757F800B10124204619
:105F400010BD2DE9FF474FF000051E4690468946DB
:105F500004008DF8005001950295039532D0B9F1F7
:105F6000000F2FD0B8F1000F2CD05EB320784FF087
:105F7000FF37000709D5204601AA6946F8F774FFE4
:105F800005469DF80000022801D0384623E7601935
:105F900002AA0199F9F715FB05440298A8F8000038
:105FA0004D450ED2605D01070BD5C043400708D0B8
:105FB000601901AA6946F8F757FF9DF800100329F8
:105FC00002D03760284606E70544601903AA019904
:105FD000F9F77DFA054403983060F3E72DE9FF47B0
:105FE00006004FF000000F4614468DF800000190A7
:105FF0000290ADF80C004FF03F086FF0020A34D069
:10600000052F32D984B3304601AA6946F8F72CFF30
:1060100085B29DF800004FF03E0908BBAF421FD982
:10602000781B87B2042F18D3701902AA03A9F9F7B5
:10603000E0F8284485B2BDF80C002080029860602A
:10604000781B10EA1A4004D070190121F8F7B6FF46
:1060500030B1284604B0BDE8F08784F86E8201E0D4
:1060600084F86E925046F5E7FFE782F86E82F9E712
:106070002DE9FE4F05004FF00000894614468DF8CB
:106080000000019006466FF0020A029076D0B9F146
:10609000000F73D0002C7ED0411EE160102184F8E7
:1060A0006C12C4F86802284601AA6946F8F7DCFEBB
:1060B00007469DF800004FF03E0890B9E81902AA83
:1060C0000199F9F77EFA074402982081E81901AA9C
:1060D0006946F8F7C9FE07449DF80000012803D07F
:1060E00010E084F86E824AE0E81902AA0199F9F7F3
:1060F000EEF907440298E060E81901AA6946F8F74A
:10610000B3FE07449DF800000228EAD1E819401EBA
:10611000F8F799FE0028E4D07F1E2289A9EB070139
:10612000E819F8F781FC7F1CC4F8680204E0B8198C
:10613000A119285C0874761CD4F86802B042F6DC19
:10614000C619A81901AA6946F8F78EFE06449DF8FB
:106150000000022805D0A819401EF8F77DFE00288F
:10616000BFD1A81901AA6946F8F77EFE06449DF83A
:106170000000032805D0701EBDE8FE8F0BE05046DE
:10618000FAE7A81902AA0199F9F7A1F9029930448E
:1061900084F86C12F0E73F2082F86E02EFE770B5EA
:1061A00004000D464FF0000009D020704FF4167126
:1061B000F8F752FD6070A5701020E070042070BDEB
:1061C00070B505004FF000000BD013460A460021C1
:1061D0002846F9F747F8044628190121F8F7E5FDA4
:1061E000204470BD02004FF0000003D00121104692
:1061F000F8F7EEBD70472DE9F0414FF000040F466F
:106200000600254627D03A890021F9F70BFAFA68EB
:106210000446501C04D030190121F9F7A8F90444B0
:1062200030190221F8F7C1FD044404E07819007C1C
:106230003055641C6D1CD7F86802A842F6DC301992
:106240000221F8F7C5FD97F86C2204441AB1301901
:106250000321F9F78CF92046BDE8F081002228B12E
:106260002022027041701021817003221046704775
:1062700070B5040015464FF0000039D05020207052
:1062800061701020A070E01C0021F8F78EFDC61C84
:1062900095F86D12A019F9F7B7F9064495F86E1242
:1062A000A019F9F7B1F90644A0190021F8F790FDFB
:1062B0000644A0190121F8F778FD06442A88A019A0
:1062C00000216B68F8F7CEFF06442A89A019012146
:1062D000F9F7A8F9EA680644501C04D0A019022175
:1062E000F9F745F90644A0190121F8F771FD30448A
:1062F00070BD00002DE9F0478AB08946824690467D
:106300001D46194604A8FAF707F90022114601A80C
:10631000FEF7E4FD40F2391105FB01F04B4F01ABF4
:1063200007EB400404AA51462046FEF754FD0646FA
:10633000A0194246494600F029FA064435B93946C3
:106340003246434800F086FC4248067022463346F7
:1063500001A950460095FAF7A2F80AB0BDE8F08707
:1063600070B586B00D460646144611466846FAF7E3
:10637000C9F823462A4631466846FFF7BBFF06B0F8
:1063800070BD2DE9F0418EB00F468046154611468E
:1063900001A8FAF7B7F8294609A8FAF7BDF80022CC
:1063A000114606A8FEF79AFD40F23910274E6843C1
:1063B00006EB400406AB09AA01A92046FEF70BFD37
:1063C00020443A46414600F0DDF9074635B9024619
:1063D00031461F4800F03EFC1E48077022463B46EF
:1063E00006A901A80095FAF75AF80EB0BDE8F081A9
:1063F00070B586B0054603A8FAF776F9FAF789F979
:1064000008B1012400E00024FAF77CF9064603A94C
:106410006846FEF790FA31466846FEF7EDFA24B179
:106420006FF03B016846FEF7E7FA68462A46811D91
:10643000FFF7A7FFA3E73EB504466846FAF754F90D
:1064400068462246811DFFF78BFF3EBD28980760F6
:1064500064E004602C01006070B586B0044605ABB2
:1064600003AA00F097F900281BDD2078A42818D192
:106470006079B42815D160786438C6B21D48867139
:10648000A1784171E278C270A3798370E579457093
:10649000247A047000200095CDE901403046D4F7FD
:1064A00097FF06B070BD70B586B0044605AB03AA71
:1064B00000F070F90028F4DD2078A428F1D160798B
:1064C000B428EED160786438C6B20A488671A178E3
:1064D0004171E278C270A3798370E5794570247ABE
:1064E000047000200095CDE901403046D4F770FFDC
:1064F000D7E700007C18006010B5ADF51A7D1C468A
:106500006A4600F0A5FA002813DD0098401C0CD064
:106510000198401C09D0FAF70DF80099884208D379
:10652000FAF708F80199884203D82146684600F036
:1065300003F80DF51A7D10BD30B5ADF5197D044693
:10654000002097909890207A0D4680B104F10C00BD
:1065500098AA97A90446FAF7C3FB002816D0F9F7C2
:10656000E9FF9799009589B22346989A0CE0A08993
:1065700001AA2169FAF7A5FB002807D0F9F7DAFF8D
:106580000095A18901AB226900F0EEF90DF5197DA6
:1065900030BD002110B904E0001D491C0268521CE6
:1065A000FAD1084670472DE9FF4F81B0804600249C
:1065B0000D4627460398FFF7ECFF81460498FFF746
:1065C000E8FF83460E98FFF7E4FF824609EB0B01D4
:1065D0005144B9F1030F00D3C91E6DB1286958B1F8
:1065E000686948B1009028890223A0F5807073384B
:1065F00006D02B762020A8E0002005B0BDE8F08F63
:10660000E86840B1421C0AD0884274D80026B9F12B
:10661000030F68D86AE04046F8F7C5FF8DE0B9F18E
:10662000030F19D81AE0039850F827104F2912D0F9
:106630004B2910D04D290ED008EB0400F8F7E4FFE9
:1066400004440098844206DB0520287612206876F0
:106650004FF0FF3402E07F1C4F45E4D3BBF1000F45
:106660000FD000260BE0049850F8261008EB040029
:10667000F8F7CAFF04440098844207DA761C5E45A6
:10668000F1D3BAF1000F63D0002612E0052028767E
:10669000122068764FF0FF34F3E70E9850F826107A
:1066A00008EB0400F8F7B0FF04440098844203DAD2
:1066B000761C5645F1D34BE005202876122044E0A5
:1066C000039951F827104F290CD04B290AD04D2996
:1066D00008D0761CB04205D108EB0400F8F794FF0F
:1066E000044602E07F1C4F45EAD33CBBBBF1000FE0
:1066F00013D000200EE026E0E968761CB14208D1F4
:10670000049951F8201008EB0400F8F77DFF0446C7
:1067100002E0401C5845EFD384B9BAF1000F17D0FE
:1067200000200DE0E968761CB14208D10E9951F8BD
:10673000201008EB0400F8F767FF044608E0401C4F
:106740005045EFD304E02B762A2068764FF0FF34D3
:10675000204652E770B504001E464FF0000010D0EE
:10676000002A0ED0002E0CD0102020706170A01CCA
:106770001146F9F7B1F8851C60193146F9F73BF875
:10678000284470BD13460A460921E3E713460A462A
:106790000621DFE72DE9FC41044600201E4617468E
:1067A0008DF80000019000291FD0002F1DD0002E71
:1067B0001BD0204601AA6946F8F756FB05469DF80E
:1067C00000004FF0FF380A280ED160193946F9F75A
:1067D0009FF80544601901AA6946F8F745FB05448E
:1067E0009DF800000B2802D04046BDE8FC816019EE
:1067F0003146F9F71CF82844F7E7F0B5ADF5177DF9
:1068000014460F460646002541E0207810B10128C5
:106810000ED03BE0052F06D3A28870190021A36893
:10682000F8F720FD31E06FF001000DF5177DF0BDA8
:10683000A08908B1A07B00E02079C01D874225D344
:1068400070190121F8F7B1FA0544A1897019F8F718
:10685000AAFE0544A089A0F57F41FF3904D030B1DC
:10686000A27B04F10F0104E00022114601E022792D
:10687000611D6846FDF7C8FD70196946F8F728FDE7
:10688000054470190121F8F7A3FA0544A469002C06
:10689000BBD12846C9E72DE9F043ADF5197D0025A8
:1068A00014460646A8468DF8585297956FF0010990
:1068B000989555E0771900213846F8F754FB60B1F8
:1068C00084F80080384604F10803221D0021F8F7FF
:1068D000ABFC002825DB054441E038460121F8F7F0
:1068E00042FBF0B1012020706D1C701997AA96A987
:1068F000F8F7BAFA05449DF85802022811D1701928
:1069000098AA9799F8F7E3FD9899A1810544701921
:1069100097AA96A9F8F7A8FA05449DF85802062800
:1069200004D048460DF5197DBDE8F0836A4630462F
:106930009799F8F70EFD05446846FDF7A6FD70B17E
:10694000A0896A464FF0070128B104F10F00FDF756
:10695000B7FDA07303E0601DFDF7B2FD2071A469CF
:10696000002CA7D12846DDE72DE9F047ADF5287DBD
:106970000F46B09D81469A4690462946A3A8F9F74E
:10698000CBFD29469BA8F9F7BDFD00221146A0A822
:10699000FEF7A4FA40F239101349684301EB4004B2
:1069A000A0ABA3AA9BA92046FEF715FA064608202D
:1069B000ADF80400CDF80890ADF80C70514605A86C
:1069C000CDF81080FDF702FCA01901A900F0B9F87C
:1069D00033182246A0A99BA80095F9F760FD0DF594
:1069E000287DBDE8F08700002898076070B5050095
:1069F0000C464FF000002AD0002C28D01020287020
:106A0000072068700226226871058A420FD26068EA
:106A100000280CDB88420ADAA81C0021F8F7A7FD41
:106A2000861CA81901216268F8F7A1FD0644207AA6
:106A300030B1A81904F10C020321F8F7FCFC05E0C1
:106A4000A289A81902212369F8F70CFC304470BD13
:106A50002DE9FF47002614460546B0468DF8006034
:106A600001960296ADF80C60002964D0002C62D02B
:106A700028460021F8F777FA4FF0FF3AE8B32846A6
:106A800001AA6946F8F7F0F90646A81902AA019981
:106A9000F8F71DFD064402984FF48009484500D2DE
:106AA0002060A81907460121F8F75DFA30B338468F
:106AB00001AA6946F8F7D8F90644A81902AA01996B
:106AC000F8F705FD06440298484500D26060AF190A
:106AD00002213846F8F747FAC8B184F808803846EA
:106AE00001AA6946F8F7C0F90644A81904F1100292
:106AF00003A9F8F77EFB064401E004E01FE0BDF8BF
:106B00000C00A08117E05046C4F800A0DEE738462C
:106B10000321F8F728FA90B101202072384601AA23
:106B20006946F8F7A1F90644A81904F10C02019985
:106B3000F8F79DFC0644304604B0BDE8F0875046A7
:106B4000FAE770B504000D464FF0000017D0002D95
:106B500015D010202070012060702988A01C6A6860
:106B6000F8F791FB861C2989A019EA68F8F78BFBD6
:106B70000644A01905F11001F8F742FC304470BD3D
:106B8000FEB50446002015468DF800000190ADF8D2
:106B90000800471E89B385B3204601AA6946F8F765
:106BA00063F906469DF800000C2826D1A0192A1D7D
:106BB00002A9F8F71EFB0644BDF808002880A019BA
:106BC00001AA6946F8F750F906449DF800000C2820
:106BD00013D1A01905F10C0202A9F8F70AFB06442B
:106BE000BDF808002881A01901AA6946F8F73CF908
:106BF00006449DF80000072801D03846FEBDA019C4
:106C000005F110020199F8F732FC3044FEBD30B4B2
:106C10004FF0FF3328B10478102C02D14478012CB6
:106C200002D030BC18467047801C30BC891EA7E7D4
:106C30000649074A0868504343F239021044086085
:106C40004008704701490860704700006C08006008
:106C50006D4EC64140EA01039B0703D009E008C915
:106C6000121F08C0042AFAD203E011F8013B00F811
:106C7000013B521EF9D27047D2B201E000F8012B5D
:106C8000491EFBD270470022F6E710B513460A46AC
:106C900004461946FFF7F0FF204610BD30B5054603
:106CA0002A460B4612F8010B13F8014B08B1A0421B
:106CB000F8D01CB1002802D06D1CF1E7284630BD89
:106CC000CAB2401E10F8011F8A4202D00029F9D131
:106CD00000207047421C10F8011B0029FBD1801ACC
:106CE000704710B5002200E0521C835C8C5CA3420C
:106CF00001D1002BF8D1D8B2E1B2401A10BDCBB20D
:106D000003E00178994203D0401C521EF9D20020C2
:106D1000704730B504460020034600E05B1C9342F8
:106D200003D2E05CCD5C401BF8D030BD034611F8C7
:106D3000012B00F8012B002AF9D1184670470000FA
:106D40000FB400B58DB010A909900B9000914FF0D1
:106D5000FF300A9000200C900548069005480790E7
:106D60006A4609A80F9900F0DFFC0DB05DF814FB2E
:106D700045770308637703082DE9FF5F1D464FF051
:106D8000FF3BD5E9014691465F464FF00008A969EF
:106D90007F1C01988847296A824688470028F6D1D7
:106DA000BAF1FF3F0CD024F4C064002E19DD600658
:106DB00014D5BAF12B0F09D0BAF12D0F0ED103E083
:106DC000584604B0BDE8F09F44F48064A9697F1C74
:106DD00001988847761E8246002E02DDBAF1300FF8
:106DE00003D0B9F1000F26D032E0A969761E44F431
:106DF00000747F1C019888478246002E05DDBAF199
:106E0000780F06D0BAF1580F03D0B9F1000F10D0A7
:106E10001EE0B9F1000F02D0B9F1100F18D1A96925
:106E2000761E24F400747F1C019888478246102047
:106E300002E0082000E00A20814609E008FB09087A
:106E4000A969761E44F400747F1C01988847824625
:106E5000002E05DD4946504600F051FC0028EDDAD1
:106E6000E96901988847A00502D46FF00100A8E7FE
:106E7000E00725D1600613D5600502D5C8F10000F2
:106E800000E0404629680A1D2A600968220501D5EC
:106E9000087015E0220701D5088011E008600FE0B6
:106EA0002868011D29600068210502D580F800804E
:106EB00006E0210702D5A0F8008001E0C0F80080BC
:106EC00038467EE72DE9F04791460F468046044656
:106ED000002614F8015B2DB100F004FC0068405D51
:106EE000C007F6D12B2D02D02D2D18D0641E4A4696
:106EF0003946204600F046FC27B13968A14201D14D
:106F0000C7F8008071054FF002040BD540420028FD
:106F100003DD01F0E1F90460A007BDE8F08746F465
:106F20008066E4E70028F8DA01F0D6F904606FF033
:106F30000040F2E72DE9F05F93460F468046044695
:106F4000002601F0C9F9D0F80090824614F8015BE0
:106F50002DB100F0C7FB0068405DC007F6D12B2DB6
:106F600002D02D2D1AD0641E0021CAF800105A46F6
:106F70003946204600F006FC014627B13868A04299
:106F800001D1C7F80080DAF80000022809D0CAF859
:106F90000090700505D54842BDE8F09F46F4806634
:106FA000E2E70846F8E7F0B480EA0102D40F4200B5
:106FB000B2EB410F02D20246084611464A0042D0C7
:106FC000C30DDDB2C1F3C752AD1A202D35DAC1F3BE
:106FD000160141F4000204B15242C5F1200602FA42
:106FE00006F12A411044B3EBD05F23D0C4B1012D88
:106FF000A0EBC35009DCF0BC4FF0004202EAC352E0
:10700000DBB200F5000000F064BC400000F18070CD
:1070100000EBC350A0F1807040EAD170490009E054
:10702000490841EAC071A0EBC35000F500004008D8
:1070300000EBC350F0BC00F043BC6142012202EB04
:107040004101001BF6E7F0BC704781F00041AAE760
:1070500080F00040A7E780EA010210B502F000438B
:10706000400022D04A001FD0010E01EB1261C0F394
:107070005600C2F3560240F4000042F40002A0FBA6
:10708000022000047F39140400D0401C50EA124052
:1070900001D44000491EC2B20C0604EBD010401CC3
:1070A0004008802A02D003E0002010BD20F001003B
:1070B000002900DA0020184310BD30B480EA010234
:1070C00002F0004530F0004221F0004013D090B1B2
:1070D000C30DD40DC2F31601C0F31600E41A41F437
:1070E000000140F400027D34914201D3641C00E0B1
:1070F0004900002C02DA30BC002070474FF4000039
:107100000023914201D3891A034340084FEA410109
:10711000F7D151B1914202D14FF0004105E002D2C6
:107120004FF0010101E06FF0010103EBC45028446E
:1071300030BC00F0C5BB420005D0C0F3C75252427C
:10714000914201DC0020704700EBC15070472DE9EF
:10715000FE4F804681EA0300C00F0C46009021F0EC
:10716000004123F00045B8EB0200A94105D240469A
:10717000214690461C460B46024623F00040104331
:1071800047D0270DC7F30A00C3F30A510290401AF3
:10719000019040286BDAC3F3130040F4801B009881
:1071A000924620B10023D2EB030A63EB0B0B01984C
:1071B0005946C0F14002504600F063FA06460D46BB
:1071C00050465946019A00F07BFA10EB08006141E5
:1071D000002487EA115284EAE7731A4340D0009AE8
:1071E00062B3019A012A4FEA075215DC001B61EBDA
:1071F00002014FF0004202EA0752CDE90042001CB2
:1072000041F5801132462B4600F0A0FB03B0BDE8EB
:10721000F08F40462146F9E7001B61EB0201001C9C
:1072200041F5801300185B412018A2F5001747EBC9
:10723000030140EAD570B6196D4111E06D084FEABF
:10724000360645EAC0754FEA0752001B61EB0201A2
:10725000001C41F5801149084FEA300000195141E6
:1072600032462B4603B0BDE8F04F00F060BB0098FB
:10727000012240000023D0EB020263EBE073009890
:1072800021464FEAE074B8EB000061EB0401E9E746
:1072900083F000435BE781F0004158E72DE9FE4FA2
:1072A00081EA030404F0004421F0004100944FF00F
:1072B000000B23F0004350EA01045ED052EA0304BD
:1072C0005BD0C3F30A54C1F30A552C44A4F2F3343F
:1072D0000194A0FB0254C1F3130141F48011C3F3E4
:1072E000130343F4801301FB024400FB034E840AA2
:1072F000970A44EA815447EA8357A4FB076802953A
:107300008D0A05FB07854FEA932C04FB0C542705D7
:10731000029D4FEA065847EA1637B5EB08056EEBB3
:10732000070C870E920E47EA811742EA8312A7FBE9
:107330000201B6EB0B0164EB00042B0D43EA0C33A6
:107340005E1844EB1C50DA465146E7FB0201C5F3D8
:1073500013044FEA0B3343EA14534FEA0432019CFF
:1073600043EA0603A4F10C040294009CCDE900B4A6
:1073700000F0ECFA03B0BDE8F08F00200146F9E719
:107380002DE9F04D81EA030404F0004B21F00045A3
:1073900014464FF0000A23F0004150EA050220D0C5
:1073A00054EA01021DD0C5F30A570246C5F3130380
:1073B000C1F31300C1F30A5640F4801543F480135F
:1073C000A7EB0608101BD64608F2FD3873EB050044
:1073D00002D308F1010801E092185B41B8F1000FF7
:1073E00003DA00200146BDE8F08D00204FF4801143
:1073F000064684460EE0171B73EB050705D3121BE8
:1074000063EB050306434CEA010C49084FEA3000E0
:1074100092185B4150EA0107EDD152EA030012D005
:1074200082EA040083EA0501084305D0101BAB4142
:1074300006D20122002306E000224FF0004302E0C2
:107440006FF0010253101AEB06004CEB085110EBE1
:107450000A0041EB0B01BDE8F04D00F068BAC10F26
:1074600080EAE0700844CA079623002100F031BA90
:1074700096230022114600F02CBA0EB5C10F80EA07
:10748000E0700844CA07002140F233438DE80E0043
:107490000A460B4600F05AFA03B000BD0EB540F2A2
:1074A000334102910021CDE900110A460B4600F05C
:1074B0004DFA03B000BD00F0004220F00040C10DC5
:1074C000C0F3160040F400007F2901DA0020704765
:1074D000962903DCC1F19601C84001E09639884045
:1074E000002AF4D04042704720F00040C10DC0F3A4
:1074F000160040F400007F2901DA00207047962929
:1075000003DCC1F19601C840704796398840704746
:1075100070B5C1F30A5201F000450024C1F3130114
:1075200040F2FF3341F480119A4201DA002070BD2D
:1075300040F233439A42A2F2334203DC524200F05B
:10754000AFF800E090402C43F1D0404270BDC1F351
:107550000A5210B5C1F3130140F2FF3341F4801118
:107560009A4201DA002010BD40F233439A42A2F25F
:10757000334203DC524200F093F810BD904010BD3E
:1075800000F0004230F000400AD0C10D01F56071FA
:10759000C0F3160042EA0151C20840071143704788
:1075A00000200146704701F0004330B421F0004153
:1075B00050EA010206D00A0DA2F56072C1F3130170
:1075C000002A02DC30BC00207047440F44EAC104AA
:1075D000C100E01830BC00EBC25000F071B90000EF
:1075E000002801DBC0F10040002901DBC1F10041AE
:1075F0008142704730B50B4601460020202201240D
:1076000009E021FA02F59D4205D303FA02F5491B70
:1076100004FA02F52844151EA2F10102F1DC30BD86
:107620002DE9F05F0546002092469B4688460646B7
:10763000814640241BE0284641464746224600F04A
:107640002FF853465A46C01A914110D31146184696
:10765000224600F016F82D1A67EB01084F46224625
:107660000120002100F00DF817EB00094E41201E0B
:10767000A4F10104DFDC484631462A464346BDE812
:10768000F09F202A04DB203A00FA02F10020704724
:107690009140C2F1200320FA03F319439040704750
:1076A000202A04DB203A21FA02F00021704721FA57
:1076B00002F3D040C2F120029140084319467047BE
:1076C000202A06DBCB17203A41FA02F043EAE073A6
:1076D00006E041FA02F3D040C2F120029140084393
:1076E000194670470048704764B8040810B504464E
:1076F000FFF7F8FF0068005D00F0010010BD3A28B8
:1077000000D2303820F02002412A01D3A2F1370004
:10771000884201D34FF0FF307047000002681144E7
:107720001378016018467047D160044951610449DB
:10773000116200211161114600F018BA1D7703088B
:10774000ED760308426842B1016811F8013B23B1AC
:10775000521EC0E90012184670470121C160881E00
:10776000704742685AB1C368016843B983688B4265
:1077700005D0491E521CC0E90012002070474FF08E
:10778000FF3070472DE9F05F8246007800271546EC
:107790008B460AF10104B946302801D09DB113E0AF
:1077A00014F8010B0127782803D0582801D045B1DF
:1077B0000AE00DB1102D07D10027102514F8010B98
:1077C00002E0082500E00A250026B0460EE005FB91
:1077D000080005FB06F1012701EB10461FFA80F8AF
:1077E000B6F5803F00D3B94614F8010B2946FFF7E0
:1077F00086FF0028EBDABBF1000F05D00FB1641E45
:1078000000E05446CBF80040B9F1000F06D000F07C
:1078100063FD02210160C81EBDE8F09F48EA0640F2
:10782000FAE700000FB4002300B589B00CA900915D
:107830000B996FF00042CB601E4B06931E4B0793D3
:107840000423CDE901321D4A089202466B4600200E
:1078500000F0B6FB09B05DF814FB70B586B00646C3
:107860004FF0FF300091CDE90101002015460C4694
:1078700004903246694604A8FFF7D4FF02460498F4
:10788000211825B108B1084600E020462860049878
:1078900000280DD0002A02DD0098884208D0081B7D
:1078A0000094CDE901043246694604A8FFF7BAFF07
:1078B00006B070BD4577030863770308ED760308CB
:1078C0000029A8BF7047401C490008BF20F00100F4
:1078D000704710B4B0FA80FC00FA0CF050EA0104D2
:1078E00004BF10BC704749B1CCF1200421FA04F464
:1078F00011FA0CF118BF012121430843A3EB0C013D
:10790000CB1D4FEA00614FEA102042BF002010BC9F
:10791000704700EBC35010440029A4BF10BC70474F
:10792000401C490008BF20F0010010BC704710B592
:10793000141E73F1000408DA401C41F10001921892
:107940005B411A4301D120F0010010BD2DE9F04D3B
:1079500092469B4611B1B1FA81F202E0B0FA80F290
:1079600020329046FFF78DFE04460F4640EA0A009B
:1079700041EA0B0153465A46084313D0114653EAD5
:10798000010019D0C8F140025046FFF789FE0546B4
:107990000E46504659464246FFF773FE084305D04F
:1079A000012004E020463946BDE8F08D0020054363
:1079B00046EAE0762C4337430A986305E40AA0EBD5
:1079C00008000022FD0A44EA47540A3002D500208C
:1079D0000146E9E7010510196941DDE9084500198B
:1079E0006941BDE8F04DA2E770B521F000430343C3
:1079F0000CD0C1F30A550024D5EB040564EB040355
:107A0000D617AD1AB34102DB0020014670BD201825
:107A100041EB025170BD2DE9F04D00231A461B1AAF
:107A20008A4103DB00200146BDE8F08DC1F30A5214
:107A3000C1F3130141F480154FF0000BD10702D1BF
:107A400000186D41521E0027044640F2FF113846CF
:107A500001EB620A3E468046024600204FF4801148
:107A6000FFF71EFEC2197141BB1846EB0100B4EBD3
:107A7000030C75EB000C04D3E41A65EB0005174604
:107A80000E46241908F101006D4180463428E3DDDB
:107A9000F91946EB0600091BA84103D24FF0FF324B
:107AA000134601E0002213461BEB070046EB0A5188
:107AB000BDE8F04DFFF73BBFC1F30A52C1F313011C
:107AC00040F2FF3341F480119A4202DA002001466D
:107AD000704740F233439A42A2F2334202DC5242F0
:107AE000FFF7DEBDFFF7CDBD30B5041E71F1000418
:107AF00004DB4FF00044404264EB0101141E73F1BB
:107B0000000405DB1C464FF00043524263EB0403C4
:107B10008B4208BF824230BD30B5041E71F10004B3
:107B200004DB4FF00044404264EB0101141E73F18A
:107B3000000405DB1C464FF00043524263EB040394
:107B4000994208BF904230BD064C074D06E0E06800
:107B500040F0010394E8070098471034AC42F6D394
:107B6000D0F7EAFA70B8040890B804082DE9F34F8A
:107B70008BB04FF0000801F10C000C464FF0010BE8
:107B800046460DF1080A019062690121019890476B
:107B9000051E2DD0252D2CD0216A8847C0B16269E1
:107BA000012101989047216A88470028F7D1411E9A
:107BB00062690198904700E0761CA1690B9888479C
:107BC000216A88470028F7D1E1690B988847DBE7ED
:107BD000A1690B9888470746A84201D1761CD3E7D4
:107BE000E1690B9888477F1C02D1B8F1000F6FD074
:107BF00046E1002762693D463946019890472A28A8
:107C000004D162690121019890470125DFF884922F
:107C10006269012101989047A0F130010A290AD236
:107C20004F45E5DC07EB870100EB4107303FDFD430
:107C300045F01005ECE7E90601D46FF000476C2829
:107C40000AD04C2814D0682815D06A280DD0742882
:107C50001CD07A281AD01DE0626901210198904752
:107C60006C2802D045F0040514E045F002050DE053
:107C700045F020050AE062690121019890476828D3
:107C800002D045F0080505E045F400656269012170
:107C900001989047C4E9015765283DD019DC582860
:107CA0007AD00CDC452837D004DC252826D04128A2
:107CB00031D131E046282FD047282CD12CE05B2849
:107CC00077D0612828D063287CD0642823D15AE05B
:107CD000D0E06F2848D008DC66281DD067281BD06C
:107CE000692821D06E2816D127E0702845D0732846
:107CF00068D0752847D078280DD14DE0A1690B9840
:107D00008847054625283FF469AFE1690B98884705
:107D10006D1C3FF46AAFB3E023466A466FF0010082
:107D20000B9900F04DF99EE045F040006060A80717
:107D300023464FF0000236D43EE0E8077FF447AF19
:107D40002068011D21600068290501D506701BE728
:107D5000290701D5068017E7A90703D5F117C0E960
:107D6000006111E706600FE745F040006060A8077A
:107D700023464FF0080216D41EE040F60E0125EA15
:107D80000100606016E045F040006060A8072346EF
:107D90004FF00A0207D40FE045F040006060A807EA
:107DA00008D5234610226FF001000B99AFF3008035
:107DB00059E007E0234610226FF001000B99FEF70F
:107DC000DBFF50E04FF000094F464B46632802D0DE
:107DD0005B2806D040E0E80601D40120A06001271E
:107DE0003AE062690121019890475E2805D14FF081
:107DF00001096269494601989047216939B9002112
:107E00000A46534643F82120491C0829FADBB0B33F
:107E1000216969B9C11700EBD16253110AEB8301E3
:107E200022F01F02821A01200B68904003430B606E
:107E300062690121019890475D28E8D1B9F1000FEE
:107E400009D00020514651F82020D24341F820208B
:107E5000401C0828F7DB02AB224600976FF00100B8
:107E60000B99AFF3008000280CDA401C08D1BBF15D
:107E7000000F05D04FF0FF300DB0BDE8F08FFFE7E9
:107E80004046F9E7E90701D108F1010806444FF03F
:107E9000000B79E6CCCCCC0C2DE9FF4F087883B0F1
:107EA0009946FF2805D0491C2D2804D00024002025
:107EB00008E000200BE00124F9E700EB800003EB71
:107EC0004000491C0B78FF2BF7D104B1404200233E
:107ED0000293147819461D462D2C01D02B2C04D169
:107EE000521C2D2C13D000240294AA461478FF2C87
:107EF0000FD00A25A3FB057801FB05814FF0000C8C
:107F000003FB0C11521CE3194AEB0101EEE70124BB
:107F1000EAE7814453EA010002D019F5C87F06DA86
:107F200003980021C0E9001107B0BDE8F08F0025DB
:107F3000AE4E2F46DFF8B882184600F05DF9CDE965
:107F40000001B9F1000002DAC9F1000400E00446C2
:107F50000023A74A1AEB030B42EB045A12E0E00796
:107F600007D02A46334638464146FFF797F9074679
:107F700088462A46334610461946FFF78FF90546CC
:107F80000E466410002CEAD1DDE90001B9F1000FC2
:107F90005A46534606DAFFF7F3F93A464346FFF7E7
:107FA000EFF905E0FFF77AF93A464346FFF776F92D
:107FB000029A0AB181F00041039AC2E90001B3E7D5
:107FC0002DE9FF4F1F468DB0D7E901464FF0FF382E
:107FD0002E2045464FF000090B90B9696D1C0E9894
:107FE0008847396A824688470028F6D1BAF1FF3FB0
:107FF0000AD024F4D064002E11DDBAF12B0F08D082
:10800000BAF12D0F0BD102E0404611B08DE744F4D8
:108010008064B9696D1C0E9888478246761E694651
:10802000600501D52D2000E02B208DF8000001F126
:10803000010B0DF1200809E0B9696D1C0E98884705
:1080400082460F9844F40074761E0560002E02DD0F
:10805000BAF1300FF0D00B998A453ED144F080043C
:1080600006E00F99681CA9F1010944F40074086046
:10807000B9696D1C761E0E98884782463028F0D06C
:108080002BE00B998A4505D1200603D444F08004E7
:10809000761E18E0504600F071FA08B30DF1130196
:1080A000761E44F400748B4508D2AAF130000BF818
:1080B000010B200607D5A9F1010003E0200602D438
:1080C00009F101008146A00502D50F99681C0860DE
:1080D000B9696D1C0E9888478246002ED1DC53E0AA
:1080E000002E51DDBAF1650F02D0BAF1450F4BD128
:1080F000A00549D5B9696D1C24F44074761E0E980C
:1081000088478246002E0CDD2B2804D0BAF12D0FB3
:1081100007D144F48074B9696D1C0E988847824673
:10812000761EE00501D52D2100E02B2108F8011B6A
:10813000CDF82C8021E00DF12901761E44F4007465
:1081400088450CD2AAF1300010F0FF0088F800003A
:1081500002D10B99884509D908F1010806E0E0052C
:1081600001D5244801E042F20F708146B9696D1CC7
:108170000E98884782460F980560002E04DD504611
:1081800000F0FCF90028D6D1F9690E988847FF2045
:108190008BF8000088F800000020069007904B46FE
:1081A0006A4608A906A8FFF777FEA00502D46FF07B
:1081B00001002AE714F0240F0AD0E00714D1DDE90A
:1081C00006123868031D3B600068C0E900120BE02E
:1081D000DDE90601FFF7E7F90146E00704D1386859
:1081E000021D3A600068016028460EE70000144056
:1081F0000000F03FF1D8FFFF0EB540F2334202928B
:108200000022CDE900221346FFF7A0FB03B000BD1A
:1082100070B58C1810F8015B15F0070301D110F848
:10822000013B2A1106D110F8012B03E010F8016B75
:1082300001F8016B5B1EF9D12B0705D40023521EF8
:108240000DD401F8013BFAE710F8013BCB1A921C60
:1082500003E013F8015B01F8015B521EF9D5A1425E
:10826000D8D3002070BD00000FB4054B10B503A992
:10827000044A029800F08AF910BC5DF814FB000073
:108280000FD90008940000600FB4084B10B504A982
:1082900002AA039800F07AF9044602A9002000F02F
:1082A0000CFD204610BC5DF814FB0000BB8C0308DD
:1082B000490050EAC12018BF04204A0D18BF40F001
:1082C000010040F2FF72B2EB515F08BF40F00200C4
:1082D000012808BF052070470048704778080060F3
:1082E0002DE9F0414F1E00EBC7010446D1E9000122
:1082F00015461E4637F006020DD02A463346FEF7D5
:10830000CDFF7F1E04EBC703D3E90023FEF71FFF59
:1083100037F00602F1D1022F25D0042F13D0062FFB
:1083200018BFBDE8F0812A463346FEF7B7FFD4E90F
:108330000A23FEF70CFF2A463346FEF7AFFFD4E9C7
:108340000823FEF704FF2A463346FEF7A7FFD4E9C9
:108350000623FEF7FCFE2A463346FEF79FFFD4E9CC
:108360000423FEF7F4FE2A463346FEF797FFD4E9CE
:108370000223FEF7ECFE2A463346FEF78FFFD4E9D0
:108380000023BDE8F041FEF7E2BE000000221346E4
:1083900010460149FEF7F4BF0000F03F0122FFF74D
:1083A00023BBFEF7D4BE0022134610461146FEF74B
:1083B000E7BF40F2013200204FF0E041FFF714BB6D
:1083C000024A00201107FFF70FBB000001FDFFFF6D
:1083D00002E008C8121F08C1002AFAD17047002025
:1083E00001E001C1121F002AFBD17047014908605A
:1083F00070470000780800602DE9FF5F82B000211F
:10840000DDE90430020DDDF840B0034318D044F636
:108410001050A2F2FF3242431514119801281FD0C8
:10842000A5EB0B00401C5FEA000A4FF000064E4F20
:10843000DFF83891B046504615D5CAF1000413E074
:10844000119801244AA3012801D16FEA0B01029877
:10845000119AC0E90031C0E9024206B0BDE8F09FC0
:10846000CBF10000DFE704460021404A491842EB07
:108470000450CDE9001012E0E00707D032463B4639
:1084800040464946FEF70AFF8046894632463B464B
:1084900010461946FEF702FF06460F466410002CF0
:1084A000EAD1DDE90401DDE90023BAF1000F06DAC3
:1084B000FEF7F4FE42464B46FEF7F0FE05E0FEF7FF
:1084C0005FFF42464B46FEF75BFF04460E46002226
:1084D000284BFFF721FB03D84FF0FF30014607E0A0
:1084E0000022254B20463146FEF731FEFFF7E4FA25
:1084F000102409E0002C0ADB0A220023FFF790F881
:10850000039B30321A55641E50EA0102F2D1641CFA
:10851000039AC4F111031444119A012A03D00122D1
:1085200008430DD10AE0084304D000204FF0110B9E
:10853000119072E7A3EB0B056D1E0DE05B4504DDAA
:108540004FF0000205F1010504E003DA4FF00002EC
:10855000A5F10105002AECD002981199C0E9023179
:10856000C0E9004579E70000000014400000F03F3A
:10857000300000000000F0430000E03F30380A28DF
:1085800001D2012070470020704700002DE9FF4F05
:1085900095B09B468946064600250FE2252877D1EF
:1085A00000242746F84A0121059400E0044316F808
:1085B000013F203B01FA03F01042F7D130782A281E
:1085C00011D06FF02F033078A0F13002092A16D8AD
:1085D000059A44F0020402EB820203EB42021044CB
:1085E000761C0590EFE759F8042B0592002A03DA70
:1085F000504244F40054059044F00204761C307854
:108600002E2816D116F8010F44F004042A280DD0A4
:108610006FF02F023078A0F13003092B09D807EB57
:10862000870302EB4303C718761CF3E759F8047B72
:10863000761C30786C280FD006DC4C2817D06828C0
:108640000DD06A2814D104E0742810D07A280FD1F4
:108650000DE044F400140AE044F4801401E044F412
:1086600040147278824202D104F58014761C761C84
:10867000307866280BD013DC582877D009DC002826
:1086800075D04528F6D04628F4D047281AD19DE168
:1086900018E0632835D0642879D0652812D195E197
:1086A000702873D008DC6728F1D069286FD06E2855
:1086B0000DD06F2806D1B5E073282CD0752875D061
:1086C000782874D05A46179990476D1C75E1C4F309
:1086D0000250022809D003280DD0D9F80010042830
:1086E0000DD00D6009F1040967E1D9F80010EA170F
:1086F000C1E90052F6E7D9F800100D80F2E70D70DD
:10870000F0E719F8041B8DF8001000208DF8010027
:10871000EA46012003E059F804AB4FF0FF3061074F
:108720004FF0000102D40DE008F101018846B94282
:108730000FDA8045F8DB1AF808100029F4D108E0B8
:1087400008F1010188468142FADB1AF80810002975
:10875000F6D105985B46A0EB080721463846179AE4
:1087600000F094FA284400EB080507E04DE029E109
:108770000DE01AF8010B5A4617999047B8F1010815
:10878000F7D25B4621463846179A13E142E00A22A7
:108790000092C4F302524FF0000A022A08D059F89E
:1087A00004CB032A4FEAEC710AD00DE029E02AE05D
:1087B00009F1070121F00702F2E802C1914609E040
:1087C0000FFA8CFC4FEAEC71042A03D14FFA8CFCAF
:1087D0004FEAEC71002907DA0A460021DCF1000CAF
:1087E00061EB02012D2202E0220504D52B228DF837
:1087F0000420012203E0E20701D02022F7E790469F
:1088000059E00A2102E010220DE010214FF0000A89
:1088100000910BE010224FF0000A44F004040827F6
:10882000009203E008224FF0000A0092C4F30252C3
:10883000022A05D059F804CB0021032A08D009E008
:1088400009F1070121F00702F2E802C1914605E0B3
:108850001FFA8CFC042A01D10CF0FF0C4FF0000829
:10886000220728D5702806D0009B83F0100353EA16
:108870000A0305D00EE040228DF80420012208E012
:108880005CEA010206D030228DF804208DF8050044
:1088900002229046009B83F0080353EA0A030AD1A0
:1088A0005CEA010201D1620705D530228DF804206F
:1088B0004FF001087F1E582804D034A003900EA862
:1088C00002900DE036A0F9E753466046009AFEF7A5
:1088D000A7FE84460398825C0298401E02900270B4
:1088E0005CEA0100F0D1029806A9081A00F1200AFA
:1088F000600702D524F4803400E00127574502DDEB
:10890000A7EB0A0000E0002000EB0A0100900598A8
:108910004144401A0590E00306D45B462146179A6D
:10892000059800F0B3F90544002706E001A85A466F
:10893000C05D179990476D1C7F1C4745F6DBE0032F
:108940000CD55B462146179A059800F09FF905441F
:1089500004E030205A46179990476D1C0099481E34
:1089600000900029F5DC08E0029802995A46007848
:10897000491C0291179990476D1CBAF10001AAF1A8
:10898000010AF1DC65E100000928010030313233D1
:10899000343536373839616263646566000000003B
:1089A0003031323334353637383941424344454625
:1089B0000000000000F058F90544761C30780028CB
:1089C0007FF4ECAD19B02846BDE8F08F620700D403
:1089D000062709F1070222F0070CFCE80223E14612
:1089E00003F000485FEA080C02D00FF2702C0DE093
:1089F0005FEA045C02D50FF2682C07E05FEAC47CF2
:108A000002D00FF2602C01E0AFF2700C4FF0FF3893
:108A100023F00043CDF850C065280CD006DC452873
:108A200009D046281DD047283DD13DE0662818D002
:108A300067287ED138E00021112F01DB112000E0F2
:108A4000781CCDE9000106A90EA8FFF7D5FCDDE9E9
:108A50000F010E9A03910021009207F1010A04917F
:108A60004DE04FF000400097CDE9011006A90EA897
:108A7000FFF7C2FCDDE90F0203920E9B1199002261
:108A8000DDF80CA00093049211B9791C00EB010AE7
:108A9000B7EB0A0004D4C0F1FF3007F1010A0490DB
:108AA000AAEB0700019044E0012F00DA0127002122
:108AB000112F01DD112000E03846CDE9000106A9A3
:108AC0000EA8FFF799FCDDE90F010E9A0391002132
:108AD00004910092BA4621070CD40399514500DA5B
:108AE0008A46BAF1010F05DD009AAAF10101515C35
:108AF000302908D0B84202DA10F1040F06DA012159
:108B0000CDE9011015E0AAF10101E9E7002805DC33
:108B1000049901440491AAEB000102E0411C514573
:108B200000DD8A460499401A401C01904FF0004035
:108B30000290200704D40198504501DBCDF8048051
:108B400000208DF84F0002980DF14F07B0F1004F53
:108B500025D02B200E9002984FF0020800280CDA46
:108B6000404202902D200E9007E00A210298FEF765
:108B700041FD3031029007F8011DB8F10001A8F164
:108B80000108F2DC02980028EFD1791E0E980870D7
:108B9000307800F0200040F0450007F8020D12A8E0
:108BA000C01B00F107081498007800B1012000EB09
:108BB0000A01019801EBE07105984144401A401EFA
:108BC0000590E00306D45B462146179A059800F00D
:108BD0005DF805441498007818B15A4617999047E3
:108BE0006D1CE00324D55B462146179A059800F0DA
:108BF0004DF805441CE00498002807DBDDE903017B
:108C0000884203DD0098405C179901E017993020F5
:108C10005A469047049805F10105401C04900198BC
:108C2000401E019004D12E205A46179990476D1C82
:108C3000BAF10001AAF1010ADDDC05E017F8010B29
:108C40005A46179990476D1CB8F10001A8F1010828
:108C5000F4DC5B462146179A0598ABE62D00000030
:108C60002B000000200000002DE9F0410446002503
:108C70001E461746880404D405E039462020B04734
:108C80006D1C641EF9D52846BDE8F0812DE9F04140
:108C9000044600251E469046C80301D5302700E053
:108CA0002027880404D505E041463846B0476D1CAE
:108CB000641EF9D52846BDE8F0810A68531C0B6094
:108CC000107070472DE9F04D894BCE0F21F0004711
:108CD00084B005460C469F4230D38648874211D364
:108CE000C7F31300284305D004B02846BDE8F04D73
:108CF000FFF754BB002E1ABF00200146284604B0DF
:108D0000BDE8F08D7C4A2846FEF706FF07D2022018
:108D1000FFF76CFB04B0BDE8F04DFFF74ABB774AA4
:108D2000774B28462146FEF7DFFE07D20220FFF7E9
:108D30005DFB04B0BDE8F04DFFF742BB7148B8429F
:108D400048D27148874215D27048784400EBC6007B
:108D50002146D0E900232846FEF79AFACDE9000122
:108D60006B48784400EBC600D0E900ABC6F10100C7
:108D7000861B26E0674A684B28462146FEF78EFA96
:108D8000664A7A4402EBC603D3E90023FEF7DFF913
:108D9000FEF7BEFB0646FEF770FB07468846604AB4
:108DA000604BFEF77BFA2A462346FEF774FACDE9BC
:108DB00000015D4A5D4B38464146FEF76FFA824638
:108DC0008B46DDE9000152465B46FEF761FA054637
:108DD0000C4618E05648874214D2564A564B28464D
:108DE0002146FEF7B4F9554E00223346FEF794FEB5
:108DF00008D204B0334628462146BDE8F04D002293
:108E0000FEF7A5B900262A46234610461946FEF766
:108E100045FA804602464A480F460B4605217844EB
:108E2000FFF75EFA42463B46FEF738FA2A462346EB
:108E3000FEF731FA07468846E6B302460B460020A5
:108E40004FF08041FEF724FACDE902013A4643464D
:108E500028462146FEF722FADDE90223FEF790FAC2
:108E600052465B46FEF717FADDE90023FEF710FADB
:108E70000022324BFEF70FFA6FF47F729642A2BFC8
:108E800001EB065104B0BDE8F08D4FF07A5202EBD1
:108E9000065211442B4AFEF7A7FD04460D46FFF784
:108EA00007FA042808BFFFF78BFA204604B02946CA
:108EB000BDE8F08DFFE700224FF08043FEF7E8F9B0
:108EC00082460E463A46434628462146FEF7E6F9D4
:108ED00052463346FEF754FA2A462346FEF7D8F99F
:108EE00004B00022BDE8F04D144BFEF7D4B90000E9
:108EF000422E86400000F07FEF39FAFE51302DD52A
:108F0000104987C0422ED63FB2A2F03F822901000D
:108F10007A290100FE822B654715F73F3A290100A7
:108F20000000E0FE422EE63F763C7935EF39EA3D1F
:108F30000000303E9C7500883CE4377E0000F03F26
:108F4000CE28010018FCFFFF10B5002821D0114BDE
:108F50000022001F196803E0814203D80A464968CD
:108F60000029F9D152B11368841A9C4204D10068D7
:108F700018441060104602E0506000E0186039B1FB
:108F800002680B1A934203D10B681A4402604968C5
:108F9000416010BD700800602DE9F04DC84A002402
:108FA00090B0914205DA21F00043934201D805D1F7
:108FB00020B110B0BDE8F04DFFF7F0B9B1F5801F5A
:108FC0001BDA53EA000209D0002911DA0120FFF769
:108FD0000DFA10B0BDE8F04DFFF7E5B90220FFF73C
:108FE00005FAFFF7D3F910B081F00041BDE8F08D2C
:108FF0006FF035043622FEF7F7FC04EB2152C1F383
:109000001308B049A2F2FF33414401F4801282F008
:109010007F6103EB225281F04051009241EA080146
:109020000022A94BFEF734F9044608F10200A74ECE
:10903000C0F313000D467E44032867D2D6E900230F
:109040002046FEF751FD1ED10098002802BFD6E948
:10905000000110B0BDE8F08DFEF70FFA07460C4690
:109060009B4A9C4BFEF71AF906460D469A4A9B4BC3
:1090700038462146FEF712F910B032462B46BDE8BD
:10908000F04DFEF764B84FF05532954B2046294617
:10909000FEF704F90022934BFEF7FDF806460F4653
:1090A00022462B4610461946FEF7F8F832463B4654
:1090B000FEF7F4F8064600980F46F0B1FEF7DDF92A
:1090C00080468A46824A834BFEF7E8F832463B46A2
:1090D000FEF7E1F822462B46FEF7DAF805460C4685
:1090E0007D4A7E4B40465146FEF7D8F810B02A46DE
:1090F0002346BDE8F04DFEF7CBB80B4610B0324624
:1091000020462946BDE8F04DFEF7C2B800224FF0D8
:1091100080432046FEF71BF802460B4620462946B0
:10912000FEF72EF906460F460098FEF7A6F9CDE9A0
:10913000040132463B4610463946FEF7AFF80C9024
:1091400069480C9A4044019009910B461046FEF77D
:10915000A5F88246024665488B46C8F151080B4681
:1091600008F5D72803217844FFF7BAF852465B4642
:10917000FEF794F80A905E480D9152465B46042132
:109180007844FFF7ADF8099B0C9AFEF787F8844600
:1091900001980D9B40EA080860460A9AFDF7D7FF40
:1091A00083460891B8F1000F4EDD4FF0FF322046A4
:1091B0002946FEF719FC22462B46FEF76FF880463B
:1091C00000988A4660B3DDE90401414A414BFEF74D
:1091D00065F8099100905A4640465146089BFDF7B4
:1091E000B6FF32463B46FEF759F8099B009AFDF759
:1091F000AEFF42465346FEF74EF822462B46FEF798
:1092000047F804460D46DDE90401334A334BFEF7C7
:1092100045F810B022462B46BDE8F04DFEF738B8B1
:109220005A464046089BFDF792FF32463B46FEF702
:1092300035F842465346FEF72EF810B022462B462C
:10924000BDE8F04DFEF727B8009840B3DDE9040112
:109250001F4A204BFEF722F880468A465A4620468F
:109260002946089BFEF714F832463B46FEF716F8EF
:1092700042465346FEF70CF822462B46FEF708F806
:1092800004460D46DDE90401134A144BFEF706F8C7
:1092900010B022462B46BDE8F04DFDF7F9BF0B4656
:1092A0005A4620462946FDF7F3FF32463B46FDF776
:1092B000F5FF10B022462B46BDE8F04DFDF7EBBFA1
:1092C0000000F07F645F09000000F03F9E2701006E
:1092D000763C7935EF39EA3D0000E0FE422EE63F6C
:1092E0005555D53F0000E03F86EBF9FFAE25010064
:1092F000AC250100F0B50B30154D20F0070100241E
:10930000144A0FE003688B420BD38B4205D95E1AD7
:1093100043184768C3E9006700E04368136002C070
:1093200004E0021D10680028ECD12046002802D17C
:10933000286808B10020F0BD064A07481060074AB7
:10934000121A22F00702C0E9002401202860D7E7A2
:109350007408006070080060149D0760109F07602B
:109360002DE9F04D1D460C4698B0174621F00041FE
:1093700023F00043002814BF4FF0010C4FF0000C05
:109380000CEB440CFE4A0CEB02064FEA620C6645FD
:109390002BD33E0018BF012606EB45061644F94ABA
:1093A000964222D3F84A53EA070C02D0944205D1E0
:1093B00048B918B000201146BDE8F08D002808BF5C
:1093C0004FF0000C01D04FF0010C0CEB440212F5F1
:1093D000001F0AD8002F14BF4FF0010C4FF0000CF3
:1093E0000CEB450212F5001F07D918B03A462B4680
:1093F0002146BDE8F04DFEF7D4BF0022DFF88CA374
:10940000002CB8BF534526DADFF884C36345A8BFF4
:10941000022220DADFF870C39C451CDCDFF874C33D
:109420000CEB235CBCF1140F08DDCCF1340627FAF9
:1094300006FC0CFA06F6BE420DD108E05FB9CCF18D
:10944000140623FA06FC0CFA06F69E4203D10CF031
:109450000102C2F1020251EA000C19D1002D17DA03
:10946000002C18BF022A01D0012A07D00220FEF7E3
:10947000BDFF18B0BDE8F04DFEF788BF0220FEF733
:10948000B5FFFEF783FF18B081F00041BDE8F08D15
:10949000B7F1000C6CD1534525D104F1804212F58F
:1094A000801201BF00280020B74918B008BFBDE8EE
:1094B000F08DB548884207DC002DA1BF60462946E3
:1094C00018B0BDE8F08D07E0281E05DA80F00041F5
:1094D00018B06046BDE8F08DAF497944D1E900018C
:1094E00018B0BDE8F08DDFF8A0C2634525D1002D8E
:1094F0001FDA19B1514512D1D8B909E0002840F05E
:10950000EC82A24A214618B062F31E01BDE8F08D3C
:109510000020214618B060F31E01BDE8F08D08DA86
:1095200018B02346BDE8F04D024600206146FDF725
:1095300027BF18B02146BDE8F08D514518DAB5F1C6
:10954000804F0DD0A5F1005CBCF1FF5C10D1B4F1EF
:10955000000C0DDB18B06146BDE8F04D00F0ECBB2F
:10956000234618B00246BDE8F04D1946FDF796BEF9
:10957000060024F0004C3BD1D9B1514533D1002C29
:1095800006DD002DA1BF0020514618B0BDE8F08DCA
:10959000002C01DD002D1BDB002C13DA002D11DB6C
:1095A000012A4FF0000014BF78497C4918B0BDE88B
:1095B000F08D022A18BF002C0AD0012A08D1002CF5
:1095C00006DA0AE0002CB8BF002D11DA012A04D017
:1095D000002018B00146BDE8F08D18B000204FF013
:1095E0000041BDE8F08DA1F14050B0F17F601AD08C
:1095F000012000EBE47050EA020421D0624C521EBC
:109600004FF0000B104304BF4FF0000B644C654853
:1096100083427CDD644A654893421FDD884217DB44
:10962000002D25DB37E0002C00DA4AB1022A0CBFFE
:1096300001204FF0FF3018B0BDE8F04DFDF71DBF21
:109640000120FEF7D3FE18B0BDE8F04DFEF7ABBE2B
:109650004D4A8A4202DC002D0ADC1CE0814202DA1B
:10966000002D18DA04E0484B994220DD002D12DD70
:109670000220FEF7BBFEFEF79CFE05460E460022CA
:10968000534658462146FDF709FE18B066F31E0101
:109690002846BDE8F08D0220FEF7A8FEFEF790FEFA
:1096A0000A46214618B062F31E01BDE8F08D002283
:1096B00030466146FDF7ECFD80460E466FF0010234
:1096C000FEF792F94FF05532394BFDF7E4FD424673
:1096D0003346FDF7E3FD0022364BFDF7DCFD824605
:1096E00042463346049110461946FDF7D7FD5246CF
:1096F000049BFDF7D3FD8A4600904FF0C0422E4BED
:1097000040463146FDF7CAFD2C4A2B4B00E027E0CE
:10971000CDE9060151460098FDF7C0FD8246019152
:10972000274A284B40463146FDF7B8FD5246019B7B
:10973000FDF7AEFD82460B4602460591DDE90601C6
:10974000FDF705FDDDE90623002688463046FDF7D6
:109750009FFD5246059BFDF79EFD024600F07EB937
:109760000020B1F5801F07DA352230466146FEF74A
:109770003BF906466FF0340000EB215024E0000076
:10978000FFFF1F00FFFF0F000000F03F0000F07F11
:109790000000404301FCFFFFFA2201000000F0FF3F
:1097A0000000F0BF0000E0410000F043FFFFEF3F8A
:1097B0005555D53F0000E03F4715F73FFE822B652A
:1097C00044DF5DF80BAE543EA0F2FF300190C1F3D0
:1097D000130040F07F6141F040510291FE49884200
:1097E000D8BF002004DDFD498142C8BF012001DD52
:1097F0000D9008E000200D900198401C0190029807
:10980000A0F5801002900299F54878440B910D99CB
:1098100000EBC100D0E900230F9330460A920B9968
:10982000FDF736FDCDE90601DDE90A2130460F9B43
:10983000FDF78DFC02460B460020EA49FDF7A0FD2E
:10984000059102460B460090DDE90601FDF726FD75
:109850001490E5488A464FF0000878440299006861
:1098600012904FF0005040EA61010D980F9B01EB00
:10987000804000F5002109910A9A1298FDF708FD31
:1098800032460B9BFDF707FD42465346FDF706FDAA
:109890000646029140465146099B129AFDF7FEFC8E
:1098A000DDE90623FDF7F7FC3246029BFDF7F0FCED
:1098B000059B009AFDF7F2FC0091149A0490534620
:1098C00010461946FDF7EAFC06460246C7480B4615
:1098D000029106217844FEF703FDCDE90510029BB5
:1098E000324610461946FDF7D9FCDDE90532FDF791
:1098F000D5FC05910646534640461946149AFDF795
:1099000026FC009B049AFDF7C9FC3246059BFDF737
:109910001EFCCDE905104246534610461946FDF798
:10992000BDFC0022B24B02910A90FDF710FCDDE96C
:109930000532FDF70CFC0E464246AD4B4046FDF7A6
:10994000A7FC029B0A9AFDF7A3FCDDE90532FDF7AF
:10995000A2FC424602910A90334610465146FDF75A
:109960009DFCCDE906015346149A02990A98FDF729
:1099700095FC8A4602903346424600990498FDF7CA
:109980008DFC5346029AFDF7E2FB82460B460246E7
:109990000591DDE90601FDF7DAFBDDE9062300208C
:1099A00088460646FDF774FC5246059BFDF773FC9E
:1099B000824609914FF060428E4B30464146FDF79A
:1099C0006DFC049006918C4A8A4B50460999FDF72C
:1099D00065FC82460291894A894B30464146FDF733
:1099E0005DFC5246029BFDF7B2FB864B7B440D9A11
:1099F00003EBC203D3E90023FDF7A9FB0E90079107
:109A00000198FDF73AFD0591DDE9061382460E9AAD
:109A10000498FDF79CFB7C4A7A440D9B02EBC30340
:109A2000D3E9002300930292FDF791FB5246059B78
:109A3000FDF78DFB0026884652463046059BFDF714
:109A400027FC009B029AFDF723FC069B049AFDF776
:109A50001FFC079B0E9AFDF71EFC024600200B46DA
:109A6000029038462946FDF719FC824601912B46A3
:109A700038461946029AFDF70BFC32464346FDF77D
:109A80000DFC5246019BFDF762FB07468A463246B3
:109A9000434629460298FDF701FC05460E463A4624
:109AA0005346FDF754FB594A8846914221DBA8EB07
:109AB000020353EA000210D12A463346FDF7E8FBC1
:109AC000CDE90401524A534B38465146FDF73FFB5E
:109AD000DDE90423FEF720F821D20220FEF786FC00
:109AE000FEF767FC0A46214618B062F31E01BDE886
:109AF000F08D494B28F000429A4210D3474A08EBB8
:109B0000020353EA00027FF4C6AD2A463346FDF74E
:109B1000BFFB3A465346FDF7FFFF7FF6BCAD002280
:109B2000019228F000403E493E4A01EB205182421A
:109B300023DA481C4FF4801121FA00F040443A4ADD
:109B4000C0F30A517A44394BA1F2FF31CB4020EAED
:109B50000303C0F3130040F48010C1F11401C840A6
:109B600012680190B8F1000FBCBF40420190284636
:109B70003146FDF78DFB05460E462A4633463846EC
:109B80005146FDF7E4FA4FF000084246284B4046A4
:109B90000591FDF783FBCDE90601264A264B404699
:109BA0000599FDF77BFB009102902A46334640461B
:109BB0000599FDF76DFB3A465346FDF76CFB1F4ACE
:109BC0001F4BFDF76BFB009B029AFDF7C0FA07469F
:109BD000884602460B4635E08E9803007AB60B00A5
:109BE000421F01000000F03F7A1F0100A81E010083
:109BF0000000084009C7EE3FFD033ADCF5015B14A5
:109C0000E02F3EBE801D0100441D01000000904079
:109C1000FE822B654715973C00CC904000346F3F87
:109C200001FCFFFF0000E03F901C0100FFFF0F0060
:109C3000432EE63F396CA80C615C20BEEF39FAFE7A
:109C4000422EE63FDDE90601FDF781FADDE9062354
:109C500005460E46FDF71CFB3A464346FDF71BFB47
:109C60000F462A463346009010461946FDF716FB6C
:109C7000824602462E4888460B4605217844FEF768
:109C80002FFB52464346FDF709FB2A463346FDF7B4
:109C900002FB80468A463B4628463146009AFDF73D
:109CA000FDFA3B46009AFDF752FA06910090002219
:109CB0004FF0804340465146FDF7EAFA0F460C90BC
:109CC0004246534628463146FDF7E8FA3B460C9A91
:109CD000FDF756FB069B009AFDF7DAFA2A46334653
:109CE000FDF7D6FA0022134BFDF7D5FA0546019889
:109CF0000E4601EB00510815002810DC28463146BD
:109D0000019AFDF771FEFEF7D3FA042808BFFEF7AB
:109D100057FB28463146019AFDF766FE05460B467D
:109D200018B02A4658462146BDE8F04DFDF7B6BAB0
:109D3000301B01000000F03F2DE9F04106460F46C0
:109D4000FDF769FE041E0D4618BF0120284320F0D0
:109D50000040C0F17F6000F1E040C00F0ED0301C29
:109D600018BF0120384320F00040C0F17F6000F1AF
:109D7000E040C00F04BF0120FEF738FB2046294613
:109D8000BDE8F08100B583B00A460021CDE900119D
:109D900001466846FDF761FDDDE9000103B000BD45
:109DA0000003030601040602050003051F1C1F1E15
:109DB0001F1E1F1F1E1F1E1F736574706F696E7438
:109DC0000000000000000000000000000066616E5E
:109DD0002073706565640000000000000000000052
:109DE000000073797374656D206D6F646500000009
:109DF0000000000000000053455400000000000077
:109E000046414E000000000000535953000000007E
:109E100000004040801008041005020C10101008CB
:109E20000800526576657273652041432073757032
:109E3000706C79206973206465746563746564204F
:109E40004241434E4554204D535450206973206481
:109E50006574656374656420000000000000000004
:109E600000000000000000000000000000000000F2
:109E700000000000000000000000000000000000E2
:109E800000000000000000000000000000000000D2
:109E9000000000000000F00700000000FE3F00008E
:109EA0000000FFFF000000C0FFFF010000E0FFFF17
:109EB000030000F0FFFF070000F8FFFF0F0000FCA9
:109EC0003FFE1F0000FE0FF83F0000FE07F03F00BE
:109ED00000FF03E07F0000FF01C0FF0080FF008063
:109EE000FF0080FF0080FF01C07F0000FF01C07FF6
:109EF0000000FF01C07F0000FE03E03F0000FE0302
:109F0000E03F0000FE03E03F0000FC03E01F000014
:109F1000FC07F01F0000FC07F01F0000FC07F01F0B
:109F20000000F807F00F0000F807F00F0000F80F2E
:109F3000F00F0000F80FF80F0000F80FF80F000006
:109F4000F80FF80F0000F80FF80F0000F80FF80FE7
:109F50000000F00FF80F0000F00FF80F0000F00FF6
:109F6000F80F0000F00FF80F0000F00FF80F0000DE
:109F7000F00FF80F0000F00FF80F0000F00FF80FCF
:109F80000000F00FF80F0000F00FF80F0000F00FC6
:109F9000F80F0000F80FF80F0000F80FF80F00009E
:109FA000F80FF80F0000F80FF00F0000F80FF00F97
:109FB0000000F80FF00F0000F807F01F0000F8078E
:109FC000F01F0000F807F01F0000FC07F01F000062
:109FD000FC07E01F0000FC07E03F0000FC03E03F3F
:109FE0000000FE03C03F0000FE03C07F0000FE0132
:109FF000C07F0000FF0180FF0000FF0180FF0080A4
:10A00000FF0080FF01C0FF0000FF03C07F0000FED3
:10A0100003E07F0000FE07F03F0000FC1FFC1F0074
:10A0200000F8FFFF1F0000F0FFFF0F0000F0FFFF30
:10A03000070000E0FFFF030000C0FFFF0100000079
:10A04000FF7F00000000FE3F00000000F00F000056
:10A050000000000000000000000000000000000000
:10A0600000000000000000000000000000000000F0
:10A0700000000000000000000000000000000000E0
:10A0800000000000000000000000000000000000D0
:10A0900000000000000000000000000000000000C0
:10A0A00000000000000000000000000000000000B0
:10A0B00000000000000000000000000000000000A0
:10A0C0000000000000000000000000000000000090
:10A0D000000000000000001E00000000001F000043
:10A0E0000000001F00000000001F00000000801F93
:10A0F00000000000C01F00000000C01F00000000A2
:10A10000F01F00000000F81F00000000FE1F00000C
:10A1100000F0FF1F000000FEFF1F000000FEFF1FF9
:10A12000000000FEFF1F000000FEFF1F000000FEF9
:10A13000FF1F00000000F01F00000000F01F0000E3
:10A140000000F01F00000000F01F00000000F01FE2
:10A1500000000000F01F00000000F01F00000000E1
:10A16000F01F00000000F01F00000000F01F0000C2
:10A170000000F01F00000000F01F00000000F01FB2
:10A1800000000000F01F00000000F01F00000000B1
:10A19000F01F00000000F01F00000000F01F000092
:10A1A0000000F01F00000000F01F00000000F01F82
:10A1B00000000000F01F00000000F01F0000000081
:10A1C000F01F00000000F01F00000000F01F000062
:10A1D0000000F01F00000000F01F00000000F01F52
:10A1E00000000000F01F00000000F01F0000000051
:10A1F000F01F00000000F01F00000000F01F000032
:10A200000000F01F00000000F01F00000000F01F21
:10A2100000000000F01F00000000F01F0000000020
:10A22000F01F00000000F01F00000000F01F000001
:10A230000000F01F00000000F01F00000000F01FF1
:10A2400000000000F01F00000000F01F00000000F0
:10A25000F01F00000000F01F00000000F01F0000D1
:10A260000000F01F00000000F01F00000000F01FC1
:10A2700000000000F01F00000000F01F00000000C0
:10A28000F01F00000000F01F00000000F01F0000A1
:10A2900000000000000000000000000000000000BE
:10A2A00000000000000000000000000000000000AE
:10A2B000000000000000000000000000000000009E
:10A2C000000000000000000000000000000000008E
:10A2D000000000000000000000000000000000007E
:10A2E000000000000000000000000000000000006E
:10A2F000000000000000000000000000000000005E
:10A30000000000000000000000000000000000004D
:10A31000000000000000F00F00000000FE7F0000C1
:10A320000080FFFF010000C0FFFF070000E0FFFF0B
:10A330000F0000F0FFFF1F0000F8FFFF3F0000FCD0
:10A340003FFC3F0000FE0FF07F0000FE03C0FF0057
:10A3500000FE0180FF0000FF0180FF0000FF000001
:10A36000FF0180FF0000FF01807F0000FF01807F70
:10A370000000FE01807F0000FE01807F0000FE03E0
:10A38000C07F0000FE03C03F0000FE03C03F00008E
:10A39000FE03C03F0000FE03C03F0000FE01C03FBF
:10A3A0000000FE0100000000FF0100000000FF01AE
:10A3B00000000000FF0100000080FF00000000809E
:10A3C000FF0000000080FF00000000C07F000000D0
:10A3D00000E07F00000000E03F00000000F03F00D0
:10A3E000000000F81F00000000F80F00000000FC53
:10A3F0000F00000000FE0700000000FF0300000047
:10A4000080FF03000000C0FF01000000C0FF00004B
:10A410000000E07F00000000F03F00000000F81F97
:10A4200000000000F81F00000000FC0F000000000A
:10A43000FE0700000000FF0300000000FF01000015
:10A440000080FF01000000C0FF00000000E07F006E
:10A45000000000E03F00000000F01F00000000F8D6
:10A460001F00000000F80F00000000FC07000000C3
:10A4700000FC0700000000FE0300000000FF0100D8
:10A48000000000FF0000000080FF00000000807F4F
:10A4900000000000C07F00000000E03F000000005E
:10A4A000E0FFFFFFFF07F0FFFFFFFF07F0FFFFFFE9
:10A4B000FF07F0FFFFFFFF07F0FFFFFFFF07F0FFC1
:10A4C000FFFFFF07F0FFFFFFFF07F0FFFFFFFF07A2
:10A4D000000000000000000000000000000000007C
:10A4E000000000000000000000000000000000006C
:10A4F000000000000000000000000000000000005C
:10A50000000000000000000000000000000000004B
:10A51000000000000000000000000000000000003B
:10A52000000000000000000000000000000000002B
:10A53000000000000000000000000000000000001B
:10A54000000000000000000000000000000000000B
:10A55000000000000000F00F00000000FE7F00007F
:10A560000080FFFF010000E0FFFF030000F0FFFF9D
:10A57000070000F8FFFF0F0000FCFFFF1F0000FCBA
:10A580000FF83F0000FE07E07F0000FF03C07F00E0
:10A5900000FF01C07F0080FF0080FF0080FF00807F
:10A5A000FF00807F0000FF00C07F0000FF01C07F30
:10A5B0000000FF01C03F0000FF01C03F0000FE019E
:10A5C000C03F0000FE01C03F0000FE01000000008F
:10A5D000FE0100000000FE0100000000FF0100007D
:10A5E0000000FF0000000000FF0000000000FF006E
:10A5F000000000807F00000000807F00000000C09D
:10A600003F00000000E03F00000000F01F000000DD
:10A6100000FE0F000000E0FF07000000E0FF010067
:10A620000000E0FF00000000E03F00000000E0FF4D
:10A6300001000000E0FF07000000E0FF0F00000045
:10A6400000F81F00000000E03F00000000C07F0095
:10A6500000000080FF0000000080FF0000000000FC
:10A66000FF0100000000FE0100000000FE010000EC
:10A670000000FE0300000000FE0300000000FC03D9
:10A6800000000000FC03F01F0000FC03F01F0000AE
:10A69000FC03F01F0000FC03F01F0000FC03F01F90
:10A6A0000000FE03F01F0000FE03E01F0000FE0399
:10A6B000E01F0000FE03E03F0000FF01E03F00005C
:10A6C000FF01C07F0080FF01C07F0080FF00C0FF4E
:10A6D00000C0FF0080FF01F07F0080FF07FC3F000B
:10A6E00000FFFFFF3F0000FEFFFF1F0000FCFFFF19
:10A6F0000F0000F8FFFF070000F0FFFF030000E07D
:10A70000FFFF00000080FF7F00000000FC0F000042
:10A710000000000000000000000000000000000039
:10A720000000000000000000000000000000000029
:10A730000000000000000000000000000000000019
:10A740000000000000000000000000000000000009
:10A7500000000000000000000000000000000000F9
:10A7600000000000000000000000000000000000E9
:10A7700000000000000000000000000000000000D9
:10A7800000000000000000000000000000000000C9
:10A7900000000000000000F01F00000000F81F0093
:10A7A000000000F81F00000000FC1F00000000FC7B
:10A7B0001F00000000FE1F00000000FE1F00000040
:10A7C00000FF1F00000000FF1F00000080FF1F00AF
:10A7D000000080FF1F000000C0FF1F000000C0FF3E
:10A7E0001F000000E0FF1F000000E0FF1F0000004E
:10A7F000F0FF1F000000F0F71F000000F8F71F0037
:10A800000000F8F31F000000FCF31F000000FCF143
:10A810001F000000FEF11F000000FEF01F000000FE
:10A82000FFF01F0000007FF01F0000807FF01F007E
:10A8300000803FF01F0000C03FF01F0000C01FF06D
:10A840001F0000E01FF01F0000F00FF01F0000F0DD
:10A850000FF01F0000F807F01F0000F807F01F00BE
:10A8600000FC03F01F0000FC03F01F0000FE01F0DD
:10A870001F0000FE01F01F0000FF00F01F0000FF9E
:10A8800000F01F00807F00F01F00807F00F01F009D
:10A89000C03F00F01F00C03F00F01F00E01F00F0AD
:10A8A0001F00E01F00F01F00F00F00F01F00F00F6E
:10A8B00000F01F00F80700F01F00F8FFFFFFFF1F68
:10A8C000F8FFFFFFFF1FF8FFFFFFFF1FF8FFFFFF6D
:10A8D000FF1FF8FFFFFFFF1FF8FFFFFFFF1FF8FF3D
:10A8E000FFFFFF1FF8FFFFFFFF1F000000F01F002A
:10A8F000000000F01F00000000F01F00000000F04A
:10A900001F00000000F01F00000000F01F0000000A
:10A9100000F01F00000000F01F00000000F01F000A
:10A92000000000F01F00000000F01F00000000F019
:10A930001F00000000F01F00000000F01F000000DA
:10A9400000F01F00000000F01F00000000F01F00DA
:10A9500000000000000000000000000000000000F7
:10A9600000000000000000000000000000000000E7
:10A9700000000000000000000000000000000000D7
:10A9800000000000000000000000000000000000C7
:10A9900000000000000000000000000000000000B7
:10A9A00000000000000000000000000000000000A7
:10A9B0000000000000000000000000000000000097
:10A9C0000000000000000000000000000000000087
:10A9D0000000000000FFFFFFFF0100FFFFFFFF017D
:10A9E00000FFFFFFFF0100FFFFFFFF0100FFFFFF70
:10A9F000FF0100FFFFFFFF0100FFFFFFFF0100FF5E
:10AA0000FFFFFF0100FF0000000000FF000000004A
:10AA100000FF0000000000FF00000000807F000039
:10AA20000000807F00000000807F00000000807F29
:10AA300000000000807F00000000807F0000000018
:10AA4000807F00000000807F00000000807F000009
:10AA50000000807F00000000807F00000000807FF9
:10AA600000000000807F00000000807F00000000E8
:10AA7000807FC03F0000807FF0FF0100803FFCFF2F
:10AA80000300C03FFFFF0F00C0BFFFFF1F00C0FF5C
:10AA9000FFFF3F00C0FF7FFC3F00C0FF0FE07F00D3
:10AAA000C0FF03C0FF00C0FF0180FF00C0FF0080A7
:10AAB000FF00C0FF0000FF01C07F0000FF01C03F9A
:10AAC0000000FE0100000000FE0300000000FE0385
:10AAD00000000000FE0300000000FC030000000076
:10AAE000FC0300000000FC0300000000FC03000069
:10AAF0000000FC0300000000FC0300000000FC0359
:10AB000000000000FC0300000000FC030000000047
:10AB1000FC03F01F0000FE03F01F0000FE03F01F07
:10AB20000000FE03F01F0000FE01E01F0000FE0118
:10AB3000E01F0000FF01E03F0000FF01E03F008058
:10AB4000FF00C07F0080FF00C07F00C07F00C0FF0B
:10AB500000E07F0080FF01F03F0000FF07FC1F00C6
:10AB600000FFFFFF1F0000FEFFFF0F0000FCFFFFC4
:10AB7000070000F8FFFF030000F0FFFF010000E006
:10AB8000FF7F00000080FF3F00000000FC07000086
:10AB900000000000000000000000000000000000B5
:10ABA00000000000000000000000000000000000A5
:10ABB0000000000000000000000000000000000095
:10ABC0000000000000000000000000000000000085
:10ABD0000000000000000000000000000000000075
:10ABE0000000000000000000000000000000000065
:10ABF0000000000000000000000000000000000055
:10AC00000000000000000000000000000000000044
:10AC1000000000000000007F00000000E0FF0300D3
:10AC20000000F8FF07000000FEFF0F000000FFFF1C
:10AC30001F000080FFFF3F0000C0FFFF7F0000C03B
:10AC4000FFE17F0000E07FC0FF0000F03F80FF00D9
:10AC500000F01F00FF0100F80F00FF0100FC0700DB
:10AC6000FE0100FC0700FE0300FE0300FE0300FEE1
:10AC70000300FE0300FE0100FE0300FF01000000D0
:10AC800000FF0100000000FF0000000080FF000046
:10AC9000000080FF0000000080FF00000000807FB7
:10ACA00000000000C07F00000000C07F0000000026
:10ACB000C07F803F0000C07FE0FF0100C07FF8FF41
:10ACC0000300C03FFCFF0F00C03FFEFF1F00E03F3E
:10ACD000FFFF3F00E0BFFFFF3F00E0BF3FF07F000E
:10ACE000E0FF0FC0FF00E0FF0780FF00E0FF030070
:10ACF000FF01E0FF0100FF01E0FF0100FE01E0FFB6
:10AD00000000FE03E0FF0000FE03E07F0000FE0302
:10AD1000E07F0000FC03E07F0000FC03E07F000018
:10AD2000FC07C07F0000FC07C07F0000FC07C07F5D
:10AD30000000FC07C07F0000FC07C07F0000FC078C
:10AD4000C07F0000FC07C07F0000FC07C07F000040
:10AD5000FC07807F0000FC07807F0000FC03807FF1
:10AD60000000FC0380FF0000FC0300FF0000FE0366
:10AD700000FF0000FE0300FF0100FE0100FE0100D5
:10AD8000FE0100FE0300FF0100FE0300FF0000FCC7
:10AD90000780FF0000FC0FC0FF0000F81FE07F00ED
:10ADA00000F0FFFF3F0000E0FFFF3F0000C0FFFF9B
:10ADB0001F000080FFFF0F000000FFFF07000000E2
:10ADC000FEFF01000000F8FF00000000E01F00008F
:10ADD0000000000000000000000000000000000073
:10ADE0000000000000000000000000000000000063
:10ADF0000000000000000000000000000000000053
:10AE00000000000000000000000000000000000042
:10AE10000000000000000000000000000000000032
:10AE20000000000000000000000000000000000022
:10AE30000000000000000000000000000000000012
:10AE40000000000000000000000000000000000002
:10AE500000000000C0FFFFFFFF03C0FFFFFFFF0374
:10AE6000C0FFFFFFFF03C0FFFFFFFF03C0FFFFFFA7
:10AE7000FF03C0FFFFFFFF03C0FFFFFFFF03C0FF93
:10AE8000FFFFFF0300000000FC0100000000FE01C6
:10AE900000000000FE0100000000FE0100000000B4
:10AEA000FE0000000000FF0000000000FF000000A6
:10AEB0000000FF00000000807F00000000807F0095
:10AEC000000000807F00000000807F00000000C0C4
:10AED0003F00000000C03F00000000C03F00000035
:10AEE00000E01F00000000E01F00000000E01F0065
:10AEF000000000E01F00000000F00F00000000F064
:10AF00000F00000000F00F00000000F00F00000034
:10AF100000F80700000000F80700000000F8070034
:10AF2000000000FC0700000000FC0300000000FC23
:10AF30000300000000FC0300000000FE0100000010
:10AF400000FE0100000000FE0100000000FF010003
:10AF5000000000FF0000000000FF0000000000FFF4
:10AF60000000000080FF00000000807F0000000063
:10AF7000807F00000000807F00000000C07F000094
:10AF80000000C03F00000000C03F00000000E03FA4
:10AF900000000000E01F00000000E01F00000000B3
:10AFA000E01F00000000F01F00000000F00F000094
:10AFB0000000F00F00000000F80F00000000F80F84
:10AFC00000000000F80700000000F8070000000083
:10AFD000FC0700000000FC0700000000FC0300006C
:10AFE0000000FE0300000000FE0300000000FE0160
:10AFF00000000000FE0100000000FF010000000052
:10B00000FF0100000000FF0000000000FF00000042
:10B010000000000000000000000000000000000030
:10B020000000000000000000000000000000000020
:10B030000000000000000000000000000000000010
:10B040000000000000000000000000000000000000
:10B0500000000000000000000000000000000000F0
:10B0600000000000000000000000000000000000E0
:10B0700000000000000000000000000000000000D0
:10B0800000000000000000000000000000000000C0
:10B09000000000000000F00700000000FE7F00003C
:10B0A0000080FFFF000000E0FFFF030000F0FFFF53
:10B0B000070000F8FFFF0F0000FCFFFF1F0000FC6F
:10B0C0000FF83F0000FE03E03F0000FF01C07F00DB
:10B0D00000FF00807F0080FF0080FF00807F000075
:10B0E000FF00807F0000FF00807F0000FF01C07F25
:10B0F0000000FE01C03F0000FE01C03F0000FE0155
:10B10000C03F0000FE01C03F0000FE01C03F000044
:10B11000FE01C03F0000FE01C03F0000FE01C03F35
:10B120000000FE01C07F0000FE01807F0000FF00E4
:10B13000807F0000FF00007F0000FF0000FF008014
:10B140007F0000FE01807F0000FE03C03F0000FC86
:10B1500007F01F0000F81FFC0F0000F0FFFF0700C2
:10B1600000C0FFFF03000080FFFF000000C0FFFFE2
:10B17000010000E0FFFF070000F8FFFF0F0000FCE8
:10B180001FFC1F0000FE07E03F0000FF01C07F0022
:10B1900000FF0080FF00807F0000FF00C07F0000F4
:10B1A000FE01C03F0000FE03E03F0000FC03E01F83
:10B1B0000000FC03E01F0000FC07F01F0000FC077C
:10B1C000F01F0000FC07F01F0000FC07F01F00004C
:10B1D000FC07F01F0000FC07F01F0000FC07F01F39
:10B1E0000000FC07F01F0000FC07E01F0000FC0748
:10B1F000E03F0000FC03E03F0000FE03E03F0000F2
:10B20000FE03C07F0000FF03C0FF0000FF0180FFBE
:10B210000180FF0180FF03C0FF0000FF07F07F00F7
:10B2200000FFFFFF7F0000FEFFFF3F0000FCFFFF6D
:10B230001F0000F8FFFF0F0000F0FFFF070000C035
:10B24000FFFF03000000FFFF00000000FC1F0000E4
:10B2500000000000000000000000000000000000EE
:10B2600000000000000000000000000000000000DE
:10B2700000000000000000000000000000000000CE
:10B2800000000000000000000000000000000000BE
:10B2900000000000000000000000000000000000AE
:10B2A000000000000000000000000000000000009E
:10B2B000000000000000000000000000000000008E
:10B2C000000000000000000000000000000000007E
:10B2D000000000000000F80300000000FE1F000056
:10B2E0000080FF7F000000E0FFFF010000F0FFFF93
:10B2F000030000F8FFFF070000FCFFFF070000FC51
:10B300000FFC0F0000FE07F81F0000FF03F01F00F6
:10B3100000FF01E03F0080FF00C03F0080FF008091
:10B320007F00C07F00807F00C07F0080FF00C03FA3
:10B330000000FF00C03F0000FF00E03F0000FF00F2
:10B34000E03F0000FF01E03F0000FE01E03F0000A1
:10B35000FE01E03F0000FE01E03F0000FE01E03F93
:10B360000000FE03E03F0000FE03E03F0000FE039C
:10B37000E03F0000FE03E03F0000FE03E03F00006E
:10B38000FE03E03F0000FE03E03F0000FE03E03F5D
:10B390000000FF03E03F0000FF03C03F0000FF0389
:10B3A000C07F0000FF03C07F0080FF03C07F0080DC
:10B3B000FF0380FF00C0FF0380FF00E0FF0300FFEA
:10B3C00001F0FF0300FF03F8FF0300FE0FFCFD0385
:10B3D00000FEFFFFFD0300FCFFFFFE0300F8FF7F00
:10B3E000FE0300F0FF3FFE0300E0FF1FFE030080AE
:10B3F000FF07FE030000FC00FE0100000000FE014C
:10B4000000000000FF0100000000FF01000000003C
:10B41000FF0100000000FF0000000080FF000000AE
:10B420000080FF00C03F0080FF00C03F00C07F00E1
:10B43000C03F00C07F00C07F00C03F00C07F00E071
:10B440003F00807F00F01F0080FF00F01F0080FFA2
:10B4500001F80F0000FF03FC0F0000FF07FF0700CB
:10B4600000FEFFFF030000FCFFFF010000F8FFFFEC
:10B47000000000F0FFFF000000E0FF7F000000C0C0
:10B48000FF1F00000080FF0F00000000FE01000011
:10B4900000000000000000000000000000000000AC
:10B4A000000000000000000000000000000000009C
:10B4B000000000000000000000000000000000008C
:10B4C000000000000000000000000000000000007C
:10B4D000000000000000000000000000000000006C
:10B4E000000000000000000000000000000000005C
:10B4F000000000000000000000000000000000004C
:10B50000000000000000000000000000000000003B
:10B51000000000000000000000000000000000002B
:10B52000000000000000000000000000000000001B
:10B53000000000000000000000000000000000000B
:10B5400000000000000000000000000000000000FB
:10B5500000000000000000000000000000000000EB
:10B5600000000000000000000000000000000000DB
:10B5700000000000000000000000000000000000CB
:10B5800000000000000000000000000000000000BB
:10B5900000000000000000000000000000000000AB
:10B5A000000000000000000000000000000000009B
:10B5B000000000000000000000000000000000008B
:10B5C000000000000000000000000000000000007B
:10B5D000000000000000000000000000000000006B
:10B5E000000000000000000000000000FCFFFFFF62
:10B5F000FF1FFCFFFFFFFF1FFCFFFFFFFF1FFCFF04
:10B60000FFFFFF1FFCFFFFFFFF1FFCFFFFFFFF1FF0
:10B61000000000000000000000000000000000002A
:10B62000000000000000000000000000000000001A
:10B63000000000000000000000000000000000000A
:10B6400000000000000000000000000000000000FA
:10B6500000000000000000000000000000000000EA
:10B6600000000000000000000000000000000000DA
:10B6700000000000000000000000000000000000CA
:10B6800000000000000000000000000000000000BA
:10B6900000000000000000000000000000000000AA
:10B6A000000000000000000000000000000000009A
:10B6B000000000000000000000000000000000008A
:10B6C000000000000000000000000000000000007A
:10B6D000000000000000000000000000000000006A
:10B6E000000000000000000000000000000000005A
:10B6F000000000000000000000000000000000004A
:10B700000000000000000000000000000000000039
:10B710000000000000000000000000000000000029
:10B720000000000000000000000000000000000019
:10B730000000000000000000000000000000000009
:10B7400000000000000000000000000000000000F9
:10B7500000000000000000000000000000000000E9
:10B7600000000000000000000000000000000000D9
:10B7700000000000000000000000000000000000C9
:10B7800000000000000000000000000000000000B9
:10B7900000000000000000000000000000000000A9
:10B7A0000000000000000000000000000000000099
:10B7B0000000000000000000000000000000000089
:10B7C0000000000000000000000000000000000079
:10B7D0000000000000000000000000000000000069
:10B7E0000000000000000000000000000000000059
:10B7F0000000000000000000000000000000000049
:10B800000000000000000000000000000000000038
:10B810000000000000000000000000000000000028
:10B820000000000000000000000000000000000018
:10B830000000000000000000000000000000000008
:10B8400000000000000000000000000000000000F8
:10B8500000000000000000000000000000000000E8
:10B8600000000000000000000000000000000000D8
:10B8700000000000000000000000000000000000C8
:10B8800000000000000000000000000000000000B8
:10B8900000000000000000000000000000000000A8
:10B8A0000000000000000000000000000000000098
:10B8B0000000000000000000000000000000000088
:10B8C0000000000000000000000000000000000078
:10B8D0000000000000000000000000000000000068
:10B8E0000000000000000000000000000000000058
:10B8F0000000000000000000000000000000000048
:10B900000000000000000000000000000000000037
:10B910000000000000000000000000000000000027
:10B920000000000000000000000000000000000017
:10B930000000000000000000000000000000000007
:10B9400000000000000000000000000000000000F7
:10B950000000000000000000000000000000197E50
:10B96000197E197E197E197E197E197E197E197E1F
:10B97000197E197E197E197E197E197E197E197E0F
:10B98000197E197E197E197E197E197E197E197EFF
:10B99000197E197E197E197E197E197E197E197EEF
:10B9A000197E197E197E197E197E197E197E197EDF
:10B9B000197E197E197E197E197E197E197E197ECF
:10B9C000197E197E197E197E197E197E197E197EBF
:10B9D000197E197E5A967BAE7BB67BB67BB67BB65C
:10B9E0007BB67BB67BB67BB67BB67BB67BB67BB6CF
:10B9F0007BB67BB67BB67BB67BB67BB67BB67BB6BF
:10BA00007BB67BB67BB67BB67BB67BB67BB67BB6AE
:10BA10007BB67BB67BB67BB67BB67BB67BB67BB69E
:10BA20007BB67BB67BB67BB67BB67BB67BB67BAE96
:10BA30005A9E197E197E197E197E197E197E398EBD
:10BA40007BB69CBE9CBE9CBE9CBE9CBE9CBE9CBE4F
:10BA50009CBE9CBE9CBE9CBE9CBE9CBE9CBE9CBE16
:10BA60009CBE9CBE9CBE9CBE9CBE9CBE9CBE9CBE06
:10BA70009CBE9CBE9CBE9CBE9CBE9CBE9CBE9CBEF6
:10BA80009CBE9CBE9CBE9CBE9CBE9CBE9CBE9CBEE6
:10BA90009CBE9CBE9CBE9CBE9CBE9CBE9CBE9CBED6
:10BAA0007BB63A8E197E197E197E398E9CB69CBE65
:10BAB0009CB65AA65996399639963996399639963A
:10BAC00039963996399639963996399639963996FE
:10BAD00039963996399639963996399639963996EE
:10BAE00039963996399639963996399639963996DE
:10BAF00039963996399639963996399639963996CE
:10BB0000399639963996399659965AA69BB69CBE5F
:10BB10009CBE3A8E197E197E7BB69CBE7BB617867C
:10BB2000177E177E177E177E177E177E177E177E6D
:10BB3000177E177E177E177E177E177E177E177E5D
:10BB4000177E177E177E177E177E388E388E388EBA
:10BB5000177E177E177E177E177E177E177E177E3D
:10BB6000177E177E177E177E177E177E177E177E2D
:10BB7000177E177E177E177E177E17867BAE9CBEBC
:10BB80007BB6197E3A969CBE9CB61886177E177EA9
:10BB9000177E177E177E177E177E177E177E177EFD
:10BBA000177E177E177E177E177E177E177E177EED
:10BBB000177E177E177E599E7BB69CB67BAE388665
:10BBC000177E177E177E177E177E177E177E177ECD
:10BBD000177E177E177E177E177E177E177E177EBD
:10BBE000177E177E177E177E177E17869CB69CBE23
:10BBF0005A967BA69CBE5AA6177E177E177E177E86
:10BC0000177E177E177E177E177E177E177E177E8C
:10BC1000177E177E177E177E177E177E177E177E7C
:10BC2000177E7AA69BB69CBE9CBE9CBE7BB6399600
:10BC3000177E177E177E177E177E177E177E177E5C
:10BC4000177E177E177E177E177E177E177E177E4C
:10BC5000177E177E177E177E177E5AA69CBE7BAE78
:10BC60007BAE9CBE599E177E177E177E177E177E71
:10BC7000177E177E177E177E177E177E388E3996B1
:10BC80003996399639961786177E177E177E7BB6BA
:10BC90009CB69CBE9CBE9CBE9CBE9CBE7BB65A9E67
:10BCA000177E177E177E177E177E177E177E177EEC
:10BCB000177E177E177E177E177E177E177E177EDC
:10BCC000177E177E177E177E59969CBE7BB67BB675
:10BCD0009CBE5996177E177E177E177E177E177E9D
:10BCE000177E177E177E177E177E5AA69CBE9CBEB7
:10BCF0009CBE9CBE3996177E177E9CBE9CBE9CBE89
:10BD00009CBE9CBEBCBE9CBE9CBE9CBE9BB67BAE7D
:10BD1000177E177E177E177E177E177E177E177E7B
:10BD2000177E177E177E177E177E177E177E177E6B
:10BD3000177E177E177E39969CBE7BB67BB69CBE5F
:10BD40005996177E177E177E177E177E177E177EF1
:10BD5000177E177E177E177E5AA69CBE9CBE9CBE81
:10BD60009CBE399638867BB69CBE9CBE9CBE9CBE53
:10BD70007EE7FFFFFDCE9CBE9CBE9CBE9CB67BB604
:10BD8000177E177E177E177E177E177E177E177E0B
:10BD9000177E177E177E177E177E177E177E177EFB
:10BDA000177E177E39969CBE7BB67BB69CBE599695
:10BDB000177E177E177E177E177E177E177E177EDB
:10BDC000177E177E177E5AA69CBE9CBE9CBE9CBE4C
:10BDD0005AA67BB69CBE9CBE9CBE9CBE9EEFFFFF3F
:10BDE000FFFFFFFF1DD79CBE9CBE9CBE9CBE9BB6AA
:10BDF0001786177E177E177E177E177E177E177E93
:10BE0000177E177E177E177E177E177E177E177E8A
:10BE1000177E39969CBE7BB67BB69CBE5996177E24
:10BE2000177E177E177E177E177E177E177E177E6A
:10BE3000177E177E5AA69CBE9CBE9CBE9CBE9BB61F
:10BE40009CBE9CBE9CBEBCC6BFF7FFFFFFFFFFFFB2
:10BE5000FFFFFFFF5EDF9CBE9CBE9CBE9CBE7BB610
:10BE6000388E177E177E177E177E177E177E177EF9
:10BE7000177E177E177E177E177E177E177E177E1A
:10BE800039969CBE7BB67BB69CBE5996177E177EB4
:10BE9000177E177E177E177E177E177E177E177EFA
:10BEA000177E5AA69CBE9CBE9CBE9CBE9CBE9CBEE1
:10BEB0009CBEDCC6DFFFFFFFFFFFFFFFFFFFFFFFB2
:10BEC000FFFFFFFF9EEF9CBE9CBE9CBE9CBE7BB650
:10BED0005996177E177E177E177E177E177E177E60
:10BEE000177E177E177E177E177E177E177E399670
:10BEF0009CBE7BB67BB69CBE5996177E177E177E7E
:10BF0000177E177E177E177E177E177E177E177E89
:10BF10005AA69CBE9CBE9CBE9CBE9CBE9CBEFDCE3A
:10BF2000FFFFFFFFFFFFFFFFFFFFFFFFFFFFFFFF21
:10BF3000FFFFFFFFBFF7BCBE9CBE9CBE9CBE9BB676
:10BF40005AA6177E177E177E177E177E177E177EDE
:10BF5000177E177E177E177E177E177E39969CBE3A
:10BF60007BB67BB69CBE5996177E177E177E177ED2
:10BF7000177E177E177E177E177E177E177E7AA68E
:10BF80009CBE9CBE9CBE9CBE9CBE3DD7FFFFFFFFDF
:10BF9000FFFFFFFF7DEF9174CF53F7ADFFFFFFFF72
:10BFA000FFFFFFFFDFF7DCC69CBE9CBE9CBE9CB6BD
:10BFB0007BAE177E177E177E177E177E177E177E45
:10BFC000177E177E177E177E177E39969CBE7BB62E
:10BFD0007BB69CBE5996177E177E177E177E177EFE
:10BFE000177E177E177E177E177E38869BB69CBEFF
:10BFF0009CBE9CBE9CBE5EE7FFFFFFFFFFFFFFFFF6
:10C00000FFFF0F5CAA2AAA2AAA2ABACEFFFFFFFFC7
:10C01000FFFFFFFFFFFFFDCE9CBE9CBE9CBE9CBEF3
:10C020009BB6177E177E177E177E177E177E177EAC
:10C03000177E177E177E177E39969CBE7BB67BB621
:10C040009CBE5996177E177E177E177E177E177E29
:10C05000177E177E177E39967BB69CBE9CBE9CBE13
:10C060009CBE9EEFFFFFFFFFFFFFFFFFFFFFFFFFF5
:10C070000B33AA2AAA2AAA2AB6A5FFFFFFFFFFFFB1
:10C08000FFFFFFFFFFFF1DD79CBE9CBE9CBE9CBE5A
:10C090007BB61786177E177E177E177E177E177E54
:10C0A000177E177E177E39969CBE7BB67BB69CBEEC
:10C0B0005996177E177E177E177E177E177E177E7E
:10C0C000177E599E7BB69CBE9CBE9CBEBCC6BFF76D
:10C0D000FFFFFFFFFFFFFFFFFFFFFFFFFFFFB27448
:10C0E000AA2AAA2AEB2A3CDFFFFFFFFFFFFFFFFF80
:10C0F000FFFFFFFFFFFF5EDF9CBE9CBE9CBE9CBEA1
:10C100007BB6388E177E177E177E177E177E177EBA
:10C11000177E177E39969CBE7BB67BB69CBE599621
:10C12000177E177E177E177E177E177E177E7AAED4
:10C130009BB69CBE9CBE9CBEDCC6DFFFFFFFFFFF24
:10C14000FFFFFFFFFFFFFFFFFFFFFFFFDFF7F384AE
:10C15000717459BEFFFFFFFFFFFFFFFFFFFFFFFFEF
:10C16000FFFFFFFFFFFF7EE79CBE9CBE9CBE9CBE08
:10C170007BB6599E177E177E177E177E177E177E19
:10C18000177E39969CBE7BB67BB69CBE5996177EB1
:10C19000177E177E177E177E177E7BB69CB69CBED9
:10C1A0009CBE9CBEFDCEFFFFFFFFFFFFFFFFFFFF1A
:10C1B000FFFFFFFFFFFFFFFFDFFFEB2AAA2AAA2AEC
:10C1C000AA2A516CFFFFFFFFFFFFFFFFFFFFFFFFEA
:10C1D000FFFFFFFFFFFFBFEFBCBE9CBE9CBE9CBE2F
:10C1E0009BB67AA6177E177E177E177E177E177E60
:10C1F00039969CBE7BB67BB69CBE5996177E177E41
:10C20000177E177E177E7BB69CBE9CBE9CBE9CBED6
:10C210003DD7FFFFFFFFFFFFFFFFFFFFFFFFFFFF18
:10C22000FFFFFFFFFFFF5495AA2AAA2AAA2AAA2ADB
:10C23000AA2A7DEFFFFFFFFFFFFFFFFFFFFFFFFFCA
:10C24000FFFFFFFFFFFFDFF7DCC69CBE9CBE9CBE6E
:10C250009CB65A9E177E177E177E177E177E3996DC
:10C260009CBE7BB67BB69CBE5996177E177E177E0A
:10C27000177E177E7BAE9CBE9CBE9CBE5EE7FFFF1A
:10C28000FFFFFFFFFFFFFFFFFFFFFFFFFFFFFFFFBE
:10C29000FFFFFFFF6D43AA2AAA2AAA2AAA2AAA2ACE
:10C2A000348DFFFFFFFFFFFFFFFFFFFFFFFFFFFFDB
:10C2B000FFFFFFFFFFFFFFFFFDCE9CBE9CBE9BB6B6
:10C2C0003996177E177E177E177E177E39969CBE8D
:10C2D0007BB67BB69CBE5996177E177E177E177E5F
:10C2E000177E177E7AAE7BB63DD7FFFFFFFFFFFFBD
:10C2F000FFFFFFFFFFFFFFFFFFFFFFFFFFFFFFFF4E
:10C300009AC6AA2AAA2AAA2AAA2AAA2AAA2AEB32B8
:10C31000BEF7FFFFFFFFFFFFFFFFFFFFFFFFFFFF76
:10C32000FFFFFFFFFFFFFFFF7BAE9BB6599E177E0F
:10C33000177E177E177E177E177E39969CBE7BB6BA
:10C340007BB69CBE5996177E177E177E177E177E8A
:10C35000177E177E177E1BBFFFFFFFFFFFFFFFFF4C
:10C36000FFFFFFFFFFFFFFFFFFFFFFFFFFFF0F5C70
:10C37000AA2AAA2AAA2AAA2AAA2AEB2AAA2A7595A6
:10C38000FFFFFFFFFFFFFFFFFFFFFFFFFFFFFFFFBD
:10C39000FFFFFFFFFFFF177E177E177E177E177EBA
:10C3A000177E177E177E177E39969CBE7BB67BB6AE
:10C3B0009CBE5996177E177E177E177E177E177EB6
:10C3C000177E177E1BBFFFFFFFFFFFFFFFFFFFFF73
:10C3D000FFFFFFFFFFFFFFFFFFFFDBD6AA2AEF53A0
:10C3E000AA2AAA2AAA2AAA2A0B332C3B2C3BDFF71B
:10C3F000FFFFFFFFFFFFFFFFFFFFFFFFFFFFFFFF4D
:10C40000FFFFFFFF177E177E177E177E177E177EB2
:10C41000177E177E177E39969CBE7BB67BB69CBE78
:10C420005996177E177E177E177E177E177E177E0A
:10C43000177E1BBFFFFFFFFFFFFFFFFFFFFFFFFF99
:10C44000FFFFFFFFFFFFFFFF516CCA2AD7A5AA2AF3
:10C45000AA2AAA2AAA2A0B33D7A5AA2AB6A5FFFF79
:10C46000FFFFFFFFFFFFFFFFFFFFFFFFFFFFFFFFDC
:10C47000FFFF177E177E177E177E177E177E177EAB
:10C48000177E177E39969CBE7BB67BB69CBE5996AE
:10C49000177E177E177E177E177E177E177E177EF4
:10C4A0001BBFFFFFFFFFFFFFFFFFFFFFFFFFFFFFC0
:10C4B000FFFFFFFF1CDFCA2AF3847DEFAA2AAA2A06
:10C4C000AA2AAA2A6D43FFFF8D4B4D43FFFFFFFFB2
:10C4D000FFFFFFFFFFFFFFFFFFFFFFFFFFFFFFFF6C
:10C4E000177E177E177E177E177E177E177E177EA4
:10C4F000177E39969CBE7BB67BB69CBE5996177E3E
:10C50000177E177E177E177E177E177E177E1BBF3E
:10C51000FFFFFFFFFFFFFFFFFFFFFFFFFFFFFFFF2B
:10C52000FFFFF384EB329EEFFFFF0B33AA2AAE4BE3
:10C53000AA2A9174FFFF59BEAA2A59BEFFFFFFFF26
:10C54000FFFFFFFFFFFFFFFFFFFFFFFFFFFF177E64
:10C55000177E177E177E177E177E177E177E177E33
:10C5600039969CBE7BB67BB69CBE5996177E177ECD
:10C57000177E177E177E177E177E177E1BBFFFFF65
:10C58000FFFFFFFFFFFFFFFFFFFFFFFFFFFFFFFFBB
:10C590003CDF9AC6FFFFFFFFCA2AAA2A759DAA2A76
:10C5A000716CFFFFFFFFF7AD9EEFFFFFFFFFFFFF87
:10C5B000FFFFFFFFFFFFFFFFFFFFFFFF177E177E5D
:10C5C000177E177E177E177E177E177E177E399689
:10C5D0009CBE7BB67BB69CBE5996177E177E177E97
:10C5E000177E177E177E177E177E1BBFFFFFFFFF8C
:10C5F000FFFFFFFFFFFFFFFFFFFFFFFFFFFFFFFF4B
:10C60000FFFFFFFFBEF7AA2AAA2AF7ADAA2A3064C5
:10C61000FFFFFFFFFFFFFFFFFFFFFFFFFFFFFFFF2A
:10C62000FFFFFFFFFFFFFFFFFFFF177E177E177E55
:10C63000177E177E177E177E177E177E39969CBE53
:10C640007BB67BB69CBE5996177E177E177E177EEB
:10C65000177E177E177E177E1BBFFFFFFFFFFFFFB2
:10C66000FFFFFFFFFFFFFFFFFFFFFFFFFFFFFFFFDA
:10C67000FFFF5DE7AA2AEB2A79BEAA2ACF53FFFF64
:10C68000FFFFFFFFFFFFFFFFFFFFFFFFFFFFFFFFBA
:10C69000FFFFFFFFFFFFFFFF177E177E177E177E4E
:10C6A000177E177E177E177E177E39969CBE7BB647
:10C6B0007BB69CBE5996177E177E177E177E177E17
:10C6C000177E177E177E1BBFFFFFFFFFFFFFFFFFD9
:10C6D000FFFFFFFFFFFFFFFFFFFFFFFFFFFFFFFF6A
:10C6E000FBD6AA2A4C3BBACEAA2A8D4BFFFFFFFFEE
:10C6F000FFFFFFFFFFFFFFFFFFFFFFFFFFFFFFFF4A
:10C70000FFFFFFFFFFFF177E177E177E177E177E46
:10C71000177E177E177E177E39969CBE7BB67BB63A
:10C720009CBE5996177E177E177E177E177E177E42
:10C73000177E177E1BBFFFFFFFFFFFFFFFFFFFFFFF
:10C74000FFFFFFFFFFFFFFFFFFFFFFFFFFFF9AC697
:10C75000AA2A8E4BFBD6AA2A2C3BFFFFFFFFFFFF26
:10C76000FFFFFFFFFFFFFFFFFFFFFFFFFFFFFFFFD9
:10C77000FFFFFFFF177E177E177E177E177E177E3F
:10C78000177E177E177E39969CBE7BB67BB69CBE05
:10C790005996177E177E177E177E177E177E177E97
:10C7A000177E1BBFFFFFFFFFFFFFFFFFFFFFFFFF26
:10C7B000FFFFFFFFFFFFFFFFFFFFFFFF38BEAA2ABB
:10C7C000EF5B5DE7AA2AEB32FFFFFFFFFFFFFFFFF2
:10C7D000FFFFFFFFFFFFFFFFFFFFFFFFFFFFFFFF69
:10C7E000FFFF177E177E177E177E177E177E177E38
:10C7F000177E177E39969CBE7BB67BB69CBE59963B
:10C80000177E177E177E177E177E177E177E177E80
:10C810001BBFFFFFFFFFFFFFFFFFFFFFFFFFFFFF4C
:10C82000FFFFFFFFFFFFFFFFFFFFF7ADAA2A516CDD
:10C830009EEFAA2AAA2AFFFFFFFFFFFFFFFFFFFFCD
:10C84000FFFFFFFFFFFFFFFFFFFFFFFFFFFFFFFFF8
:10C85000177E177E177E177E177E177E177E177E30
:10C86000177E39969CBE7BB67BB69CBE5996177ECA
:10C87000177E177E177E177E177E177E177E1BBFCB
:10C88000FFFFFFFFFFFFFFFFFFFFFFFFFFFFFFFFB8
:10C89000FFFFFFFFFFFFFFFF959DAA2AB27CFFFF6E
:10C8A000AA2AAA2ABEF7FFFFFFFFFFFFFFFFFFFF35
:10C8B000FFFFFFFFFFFFFFFFFFFFFFFFFFFF177EF1
:10C8C000177E177E177E177E177E177E177E177EC0
:10C8D00039969CBE7BB67BB69CBE5996177E177E5A
:10C8E000177E177E177E177E177E177E1BBFFFFFF2
:10C8F000FFFFFFFFFFFFFFFFFFFFFFFFFFFFFFFF48
:10C90000FFFFFFFFFFFF348DAA2A1485FFFFEB2AEC
:10C91000AA2A5DE7FFFFFFFFFFFFFFFFFFFFFFFF0B
:10C92000FFFFFFFFFFFFFFFFFFFFFFFF177E177EE9
:10C93000177E177E177E177E177E177E177E399615
:10C940009CBE7BB67BAE9CBE599E177E177E177E23
:10C95000177E177E177E177E177E1BBFFFFFFFFF18
:10C96000FFFFFFFFFFFFFFFFFFFFFFFFFFFFFFFFD7
:10C97000FFFFFFFF9EEFFBD65DE7FFFFDBD63CDF4F
:10C98000FFFFFFFFFFFFFFFFFFFFFFFFFFFFFFFFB7
:10C99000FFFFFFFFFFFFFFFFFFFF177E177E177EE2
:10C9A000177E177E177E177E177E177E59969CBEC0
:10C9B0007BB67BA69CBE7AA6177E177E177E177E57
:10C9C000177E177E177E177E1BBFFFFFFFFFFFFF3F
:10C9D000FFFFFFFFFFFFFFFFFFFFFFFFFFFFFFFF67
:10C9E000FFFFFFFFFFFFFFFFFFFFFFFFFFFFFFFF57
:10C9F000FFFFFFFFFFFFFFFFFFFFFFFFFFFFFFFF47
:10CA0000FFFFFFFFFFFFFFFF177E177E177E177EDA
:10CA1000177E177E177E177E177E5AA69CBE7BAEAA
:10CA20003A969CBE9CBE3886177E177E177E177E70
:10CA3000177E177E177E7996DAB6DAB6DAB6DAB6E8
:10CA4000DAB6DAB6DAB6DAB6DAB6DAB6DAB6DAB666
:10CA5000DAB6DAB6DAB6DAB6DAB6DAB6DAB6DAB656
:10CA6000DAB6DAB6DAB6DAB6DAB6DAB6DAB6DAB646
:10CA7000DAB6DAB6DAB6177E177E177E177E177E1D
:10CA8000177E177E177E38869CB69CBE5A96197EF6
:10CA90007BB69CBE7BB6388E177E177E177E177EC0
:10CAA000177E177E177E177E177E177E177E177EDE
:10CAB000177E177E177E177E177E177E177E177ECE
:10CAC000177E177E177E177E177E177E177E177EBE
:10CAD000177E177E177E177E177E177E177E177EAE
:10CAE000177E177E177E177E177E177E177E177E9E
:10CAF000177E38867BB69CBE7BB6197E197E398E32
:10CB00009CB69CBE9CBE7AAE599E599E599E599E1B
:10CB1000599E599E599E599E599E599E599E599E5D
:10CB2000599E599E599E599E599E599E599E599E4D
:10CB3000599E599E599E599E599E599E599E599E3D
:10CB4000599E599E599E599E599E599E599E599E2D
:10CB5000599E599E599E599E599E599E599E7AAEEC
:10CB60009CBE9CBE9CB6398E197E197E197E398674
:10CB70007BB69CBE9CBE9CBE9CBE9CBE9CBE9CBE0E
:10CB80009CBE9CBE9CBE9CBE9CBE9CBE9CBE9CBED5
:10CB90009CBE9CBE9CBE9CBE9CBE9CBE9CBE9CBEC5
:10CBA0009CBE9CBE9CBE9CBE9CBE9CBE9CBE9CBEB5
:10CBB0009CBE9CBE9CBE9CBE9CBE9CBE9CBE9CBEA5
:10CBC0009CBE9CBE9CBE9CBE9CBE9CBE9CBE9CBE95
:10CBD0007BB6398E197E197E197E197E197E197ED3
:10CBE0003A965BA67BAE7BAE7BAE7BAE7BAE7BAE7E
:10CBF0007BAE7BAE7BAE7BAE7BAE7BAE7BAE7BAEED
:10CC00007BAE7BAE7BAE7BAE7BAE7BAE7BAE7BAEDC
:10CC10007BAE7BAE7BAE7BAE7BAE7BAE7BAE7BAECC
:10CC20007BAE7BAE7BAE7BAE7BAE7BAE7BAE7BAEBC
:10CC30007BAE7BAE7BAE7BAE7BAE5BA63A96197EBF
:10CC4000197E197E197E197E197E197E197E197E2C
:10CC5000197E197E197E197E197E197E197E197E1C
:10CC6000197E197E197E197E197E197E197E197E0C
:10CC7000197E197E197E197E197E197E197E197EFC
:10CC8000197E197E197E197E197E197E197E197EEC
:10CC9000197E197E197E197E197E197E197E197EDC
:10CCA000197E197E197E197E197E197E197E197ECC
:10CCB000197E197E197E197E197E197E197E197EBC
:10CCC000197E197E197E197E197E197E197E197EAC
:10CCD000197E197E197E197E197E197E197E197E9C
:10CCE000197E197E197E197E197E197E197E197E8C
:10CCF000197E197E197E197E197E197E197E197E7C
:10CD0000197E197E197E197E197E197E197E197E6B
:10CD1000197E197E197E197E197E197E197E197E5B
:10CD2000197E197E197E197E197E5A967BAE7BB6C6
:10CD30007BB67BB67BB67BB67BB67BB67BB67BB66B
:10CD40007BB67BB67BB67BB67BB67BB67BB67BB65B
:10CD50007BB67BB67BB67BB67BB67BB67BB67BB64B
:10CD60007BB67BB67BB67BB67BB67BB67BB67BB63B
:10CD70007BB67BB67BB67BB67BB67BB67BB67BB62B
:10CD80007BB67BB67BAE5A9E197E197E197E197EC4
:10CD9000197E197E398E7BB69CBE9CBE9CBE9CBE05
:10CDA0009CBE9CBE9CBE9CBE9CBE9CBE9CBE9CBEB3
:10CDB0009CBE9CBE9CBE9CBE9CBE9CBE9CBE9CBEA3
:10CDC0009CBE9CBE9CBE9CBE9CBE9CBE9CBE9CBE93
:10CDD0009CBE9CBE9CBE9CBE9CBE9CBE9CBE9CBE83
:10CDE0009CBE9CBE9CBE9CBE9CBE9CBE9CBE9CBE73
:10CDF0009CBE9CBE9CBE7BB63A8E197E197E197E67
:10CE0000398E9CB69CBE9CB65AA6599639963996D0
:10CE1000399639963996399639963996399639969A
:10CE2000399639963996399639963996399639968A
:10CE3000399639963996399639963996399639967A
:10CE4000399639963996399639963996399639966A
:10CE5000399639963996399639963996399659963A
:10CE60005AA69BB69CBE9CBE3A8E197E197E7BB696
:10CE70009CBE7BB61786177E177E177E177E177EA1
:10CE8000177E177E177E177E177E177E177E177EFA
:10CE9000177E177E177E177E177E177E177E177EEA
:10CEA000177E177E177E177E177E177E177E177EDA
:10CEB000177E177E177E177E177E177E177E177ECA
:10CEC000177E177E177E177E177E177E177E177EBA
:10CED00017867BAE9CBE7BB6197E3A969CBE9CB6EE
:10CEE0001886177E177E177E177E177E177E177E91
:10CEF000177E177E177E177E177E177E177E177E8A
:10CF0000177E1786177E177E177E177E177E177E71
:10CF1000177E177E177E177E177E177E177E177E69
:10CF2000177E177E177E177E177E177E177E177E59
:10CF3000177E177E177E177E177E177E177E177E49
:10CF400017869CB69CBE5A967BA69CBE5AA6177E98
:10CF5000177E177E177E177E177E177E177E177E29
:10CF6000177E177E177E177E177E177E17867BB675
:10CF70009CBE7AA6177E177E177E177E177E177EB9
:10CF8000177E177E177E177E177E177E177E177EF9
:10CF9000177E177E177E177E177E177E177E177EE9
:10CFA000177E177E177E177E177E177E177E177ED9
:10CFB0005AA69CBE7BAE7BAE9CBE599E177E177E4A
:10CFC000177E177E177E177E177E177E177E177EB9
:10CFD000177E177E177E177E17867BB69CBE9CBE7B
:10CFE0009CBE7AAE177E177E177E177E177E177E41
:10CFF000177E177E177E177E177E177E177E177E89
:10D00000177E177E177E177E177E177E177E177E78
:10D01000177E177E177E177E177E177E177E59960E
:10D020009CBE7BB67BB69CBE5996177E177E177E3C
:10D03000177E177E177E5AA67AA67AA67AA6388E0B
:10D04000177E177E18867BB69CBE9CBE9CBE9CBE7F
:10D050009CBE7BAE177E177E177E177E177E177ECF
:10D06000177E177E177E177E177E177E177E177E18
:10D07000177E177E177E177E177E177E177E177E08
:10D08000177E177E177E177E177E177E39969CBEF9
:10D090007BB67BB69CBE5996177E177E177E177E91
:10D0A000177E177E7BB69CBE9CBE9CBE5996177E93
:10D0B00038867BB69CBE9CBE9CBE1DD79CBE9CBECB
:10D0C0009CBE7BAE177E177E177E177E177E177E5F
:10D0D000177E177E177E177E177E177E177E177EA8
:10D0E000177E177E177E177E177E177E177E177E98
:10D0F000177E177E177E177E177E39969CBE7BB6ED
:10D100007BB69CBE5996177E177E177E177E177EBC
:10D11000177E7BB69CBE9CBE9CBE5996388E9BB635
:10D120009CBE9CBE9CBEBFF7FFFF5EDF9CBE9CBE4C
:10D130009CBE7BAE1786177E177E177E177E177EE6
:10D14000177E177E177E177E177E177E177E177E37
:10D15000177E177E177E177E177E177E177E177E27
:10D16000177E177E177E177E39969CBE7BB67BB6E0
:10D170009CBE5996177E177E177E177E177E177EE8
:10D180007BB69CBE9CBE9CBE5AA69BB69CBE9CBE5B
:10D19000BCBEBFF7FFFFFFFFFFFF5EDF9CBE9CBE74
:10D1A0009CBE7BB61786177E177E177E177E177E6E
:10D1B000177E177E177E177E177E177E177E177EC7
:10D1C000177E177E177E177E177E177E177E177EB7
:10D1D000177E177E177E39969CBE7BB67BB69CBEAB
:10D1E0005996177E177E177E177E177E177E7BB6A1
:10D1F0009CBE9CBE9CBE9CBE9CBE9CBEBCBEDFF7C3
:10D20000FFFFFFFFFFFFFFFFFFFF7EE79CBE9CBE0F
:10D210009CBE7BB61886177E177E177E177E177EFC
:10D22000177E177E177E177E177E177E177E177E56
:10D23000177E177E177E177E177E177E177E177E46
:10D24000177E177E39969CBE7BB67BB69CBE5996E0
:10D25000177E177E177E177E177E177E7BB69CBEC5
:10D260009CBE9CBE9CBE9CBEBCC6DFF7FFFFFFFF02
:10D27000FFFFFFFFFFFFFFFFFFFF7EE79CBE9CBE9F
:10D280009CBE7BB63886177E177E177E177E177E6C
:10D29000177E177E177E177E177E177E177EF25C2D
:10D2A000504C5465177E177E177E177E177E177EAB
:10D2B000177E39969CBE7BB67BB69CBE5996177E70
:10D2C000177E177E177E177E177E7BB69CBE9CBE90
:10D2D0009CBE9CBEBCC6DFF7FFFFFFFFFFFFFFFF4A
:10D2E000FFFFFFFFFFFFFFFFFFFF9EEF9CBE9CBE07
:10D2F0009CBE9BB6388E177E177E177E177E177ED4
:10D30000177E177E177E177E177E7154AA2AAA2AC7
:10D31000CA2A5465177E177E177E177E177E177EE2
:10D3200039969CBE7BB67BB69CBE5996177E177EFF
:10D33000177E177E177E177E7BB69CBE9CBE9CBE5A
:10D34000DCC6DFFFFFFFFFFFFFFFFFFFFFFFFFFF69
:10D35000FFFFFFFFFFFFFFFFFFFF9EEF9CBE9CBE96
:10D360009CBE9BB6388E177E177E177E177E177E63
:10D37000177E177E177E177E4C33AA2AAA2AAA2A5E
:10D38000504C177E177E177E177E177E177E3996B4
:10D390009CBE7BB67BB69CBE5996177E177E177EC9
:10D3A000177E177E599E9CBE9CBE9CBEDCC6FFFFAE
:10D3B000FFFFFFFFFFFFFFFFFFFFFFFFFFFFFFFF7D
:10D3C000FFFFFFFFFFFFFFFFFFFF9EEF9CBE9CBE26
:10D3D0009CBE9CB6388E177E177E177E177E177EF2
:10D3E000177E177E177ECE43AA2AAA2AAA2AD25CC3
:10D3F000177E177E177E177E177E177E39969CBE86
:10D400007BB67BB69CBE5996177E177E177E177E1D
:10D410005A9E9CBE9CBE9CBEDDCEFFFFFFFFFFFF61
:10D42000FFFFFFFFFFFFFFFFFFFFFFFFFFFFFFFF0C
:10D43000FFFFFFFFFFFFFFFFFFFFBFEF9CBE9CBE94
:10D440009CBE9CBE3996177E177E177E177E177E70
:10D45000177E177EB575CE432C33504CF675177E6C
:10D46000177E177E177E177E177E39969CBE7BB679
:10D470007BB69CBE5996177E177E177E5AA69CBE19
:10D480009CBE9CBEFDCEFFFFFFFFFFFFFFFFFFFF27
:10D49000FFFFFFFFFFFFFFFFFFFFFFFFFFFFFFFF9C
:10D4A000FFFFFFFFFFFFFFFFFFFFBFF7BCBE9CBEFC
:10D4B0009CBE9CBE3996177E177E177E177E177E00
:10D4C000177EAE3BEB2AEB2A0B337054177E177E88
:10D4D000177E177E177E177E39969CBE7BB67BB66D
:10D4E0009CBE5996177E177E5AA69CBE9CBE9CBEBB
:10D4F000FDCEFFFFFFFFFFFFFFFFFFFFFFFFFFFF6F
:10D50000FFFFFFFFFFFFFFFFFFFFFFFFFFFFFFFF2B
:10D51000FFFFFFFFFFFFFFFFFFFFDFF7BCBE9CBE6B
:10D520009CBE9CBE599E177E177E177E177E546543
:10D53000AA2AAA2AAA2AAA2AAA2AB575177E177E73
:10D54000177E177E177E39969CBE7BB67BB69CBE37
:10D550005996177E5AA69CBE9CBE9CBE1DD7FFFF47
:10D56000FFFFFFFFFFFFFFFFFFFFFFFFFFFFFFFFCB
:10D57000FFFFFFFFFFFFFFFFFFFFFFFFFFFFFFFFBB
:10D58000FFFFFFFFFFFFFFFFFFFFDFF7BCC69CBEF3
:10D590009CBE9CBE5996177E177E177ECE43AA2A44
:10D5A000AA2AAA2AAA2AAA2A504C177E177E177ED0
:10D5B000177E177E39969CBE7BB67BB69CBE59966D
:10D5C000177E7BAE9CBE9CBE1DD7FFFFFFFFFFFFFB
:10D5D000FFFFFFFFFFFFFFFFFFFFFFFFFFFFFFFF5B
:10D5E000FFFFFFFFFFFFFFFFFFFFFFFFFFFFFFFF4B
:10D5F000FFFFFFFFFFFFFFFFFFFFDFF7BCC69CBE83
:10D600009CBE599E177E177ED675CA2AAA2AAA2AB8
:10D61000AA2AAA2AAA2AEB2AD675177E177E177E6F
:10D62000177E39969CBE7BB67BB69CBE5996177EFC
:10D630001886599EBBB6FFFFFFFFFFFFFFFFFFFFEE
:10D64000FFFFFFFFFFFFFFFFFFFFFFFFFFFFFFFFEA
:10D65000FFFFFFFFFFFFFFFFFFFFFFFFFFFFFFFFDA
:10D66000FFFFFFFFFFFFFFFFFFFFDFF7599E599E00
:10D67000177E177E177E504CAA2AAA2AAA2AAA2AFF
:10D68000AA2AAA2AAA2A7154177E177E177E177E05
:10D6900039969CBE7BB67BB69CBE5996177E177E8C
:10D6A000177EDAAEFFFFFFFFFFFFFFFFFFFFFFFF69
:10D6B000FFFFFFFFFFFFFFFFFFFFFFFFFFFFFFFF7A
:10D6C000FFFFFFFFFFFFFFFFFFFFFFFFFFFFFFFF6A
:10D6D000FFFFFFFFFFFFFFFFDFF7177E177E177EBD
:10D6E000177ED675EB2AEB2AAA2AAA2AAA2AAA2AE0
:10D6F000AA2AEB2A0B33F675177E177E177E39960A
:10D700009CBE7BB67BB69CBE5996177E177E177E55
:10D71000DAAEFFFFFFFFFFFFFFFFFFFFFFFFFFFF8F
:10D72000FFFFFFFFFFFFFFFFFFFFFFFFFFFFFFFF09
:10D73000FFFFFFFFFFFFFFFFFFFFFFFFFFFFFFFFF9
:10D74000FFFFFFFFFFFFDFF7177E177E177E177EB5
:10D750009154AA2A504CAA2AAA2AAA2AAA2AAA2A50
:10D760007154AA2AB25C177E177E177E39969CBE2A
:10D770007BB67BB69CBE5996177E177E177EDAAEB7
:10D78000FFFFFFFFFFFFFFFFFFFFFFFFFFFFFFFFA9
:10D79000FFFFFFFFFFFFFFFFFFFFFFFFFFFFFFFF99
:10D7A000FFFFFFFFFFFFFFFFFFFFFFFFFFFFFFFF89
:10D7B000FFFFFFFFDFF7177E177E177EF6750B332F
:10D7C0004C33B56DCA2AAA2AAA2AAA2AEB2AF675C8
:10D7D0002C332C33F675177E177E39969CBE7BB69C
:10D7E0007BB69CBE5996177E177E177EDAAEFFFF7A
:10D7F000FFFFFFFFFFFFFFFFFFFFFFFFFFFFFFFF39
:10D80000FFFFFFFFFFFFFFFFFFFFFFFFFFFFFFFF28
:10D81000FFFFFFFFFFFFFFFFFFFFFFFFFFFFFFFF18
:10D82000FFFFDFF7177E177E177EB25CAA2A13650B
:10D83000177E2C33AA2AEB2AAA2A4D33177ED25CF4
:10D84000AA2AF25C177E177E39969CBE7BB67BB601
:10D850009CBE5996177E177E177EDAAEFFFFFFFF3C
:10D86000FFFFFFFFFFFFFFFFFFFFFFFFFFFFFFFFC8
:10D87000FFFFFFFFFFFFFFFFFFFFFFFFFFFFFFFFB8
:10D88000FFFFFFFFFFFFFFFFFFFFFFFFFFFFFFFFA8
:10D89000DFF7177E177E177E33652F4C177E177EB6
:10D8A0002C33AA2A7154AA2A6D3B177E177EEF43A8
:10D8B0003365177E177E39969CBE7BB67BB69CBEC1
:10D8C0005996177E177E177EDAAEFFFFFFFFFFFF28
:10D8D000FFFFFFFFFFFFFFFFFFFFFFFFFFFFFFFF58
:10D8E000FFFFFFFFFFFFFFFFFFFFFFFFFFFFFFFF48
:10D8F000FFFFFFFFFFFFFFFFFFFFFFFFFFFFDFF760
:10D90000177E177E177E177E177E177E177EEB2AEF
:10D91000AA2AD25CAA2A4C33177E177E177E177E5E
:10D92000177E177E39969CBE7BB67BB69CBE5996F9
:10D93000177E177E177EDAAEFFFFFFFFFFFFFFFFA8
:10D94000FFFFFFFFFFFFFFFFFFFFFFFFFFFFFFFFE7
:10D95000FFFFFFFFFFFFFFFFFFFFFFFFFFFFFFFFD7
:10D96000FFFFFFFFFFFFFFFFFFFFFFFFDFF7177E58
:10D97000177E177E177E177E177EF675CA2AAA2A8B
:10D980001365AA2A0C33177E177E177E177E177E23
:10D99000177E39969CBE7BB67BB69CBE5996177E89
:10D9A000177E177EDAAEFFFFFFFFFFFFFFFFFFFFCF
:10D9B000FFFFFFFFFFFFFFFFFFFFFFFFFFFFFFFF77
:10D9C000FFFFFFFFFFFFFFFFFFFFFFFFFFFFFFFF67
:10D9D000FFFFFFFFFFFFFFFFFFFFDFF7177E177E51
:10D9E000177E177E177E177ED675AA2AAA2A746D0F
:10D9F000AA2AEB2A177E177E177E177E177E177EC0
:10DA000039969CBE7BB67BB69CBE5996177E177E18
:10DA1000177EDAAEFFFFFFFFFFFFFFFFFFFFFFFFF5
:10DA2000FFFFFFFFFFFFFFFFFFFFFFFFFFFFFFFF06
:10DA3000FFFFFFFFFFFFFFFFFFFFFFFFFFFFFFFFF6
:10DA4000FFFFFFFFFFFFFFFFDFF7177E177E177E49
:10DA5000177E177E177E956DAA2ACB2AB575AA2A3E
:10DA6000CA2A177E177E177E177E177E177E399675
:10DA70009CBE7BB67BB69CBE5996177E177E177EE2
:10DA8000DAAEFFFFFFFFFFFFFFFFFFFFFFFFFFFF1C
:10DA9000FFFFFFFFFFFFFFFFFFFFFFFFFFFFFFFF96
:10DAA000FFFFFFFFFFFFFFFFFFFFFFFFFFFFFFFF86
:10DAB000FFFFFFFFFFFFDFF7177E177E177E177E42
:10DAC000177E177E546DAA2A0B33F675AA2AAA2A46
:10DAD000D675177E177E177E177E177E39969CBEE9
:10DAE0007BB67BB69CBE5996177E177E177EDAAE44
:10DAF000FFFFFFFFFFFFFFFFFFFFFFFFFFFFFFFF36
:10DB0000FFFFFFFFFFFFFFFFFFFFFFFFFFFFFFFF25
:10DB1000FFFFFFFFFFFFFFFFFFFFFFFFFFFFFFFF15
:10DB2000FFFFFFFFDFF7177E177E177E177E177E3A
:10DB3000177E3365AA2A4C33177ECA2AAA2AB56DE6
:10DB4000177E177E177E177E177E39969CBE7BB692
:10DB50007BB69CBE5996177E177E177EDAAEFFFF06
:10DB6000FFFFFFFFFFFFFFFFFFFFFFFFFFFFFFFFC5
:10DB7000FFFFFFFFFFFFFFFFFFFFFFFFFFFFFFFFB5
:10DB8000FFFFFFFFFFFFFFFFFFFFFFFFFFFFFFFFA5
:10DB9000FFFFDFF7177E177E177E177E177E177E33
:10DBA000F25CAA2A8D3B177EEB2AAA2A756D177E96
:10DBB000177E177E177E177E39969CBE7BB67BB686
:10DBC0009CBE5996177E177E177EDAAEFFFFFFFFC9
:10DBD000FFFFFFFFFFFFFFFFFFFFFFFFFFFFFFFF55
:10DBE000FFFFFFFFFFFFFFFFFFFFFFFFFFFFFFFF45
:10DBF000FFFFFFFFFFFFFFFFFFFFFFFFFFFFFFFF35
:10DC0000DFF7177E177E177E177E177E177EB154BB
:10DC1000AA2ACE43177E2C33AA2A5465177E177E74
:10DC2000177E177E177E39969CBE7BB67BB69CBE50
:10DC30005996177E177E177EDAAEFFFFFFFFFFFFB4
:10DC4000FFFFFFFFFFFFFFFFFFFFFFFFFFFFFFFFE4
:10DC5000FFFFFFFFFFFFFFFFFFFFFFFFFFFFFFFFD4
:10DC6000FFFFFFFFFFFFFFFFFFFFFFFFFFFFDFF7EC
:10DC7000177E177E177E177E177E177E746D715480
:10DC8000F25C177EB1549154B575177E177E177EDE
:10DC9000177E177E39969CBE7BB67BAE9CBE599E86
:10DCA000177E177E177EDAAEFFFFFFFFFFFFFFFF35
:10DCB000FFFFFFFFFFFFFFFFFFFFFFFFFFFFFFFF74
:10DCC000FFFFFFFFFFFFFFFFFFFFFFFFFFFFFFFF64
:10DCD000FFFFFFFFFFFFFFFFFFFFFFFFDFF7177EE5
:10DCE000177E177E177E177E177E177E177E177E8C
:10DCF000177E177E177E177E177E177E177E177E7C
:10DD0000177E59969CBE7BB67BA69CBE7AA6177ED4
:10DD1000177E177EBAA6DFF7DFF7DFF7DFF7DFF74B
:10DD2000DFF7DFF7DFF7DFF7DFF7DFF7DFF7DFF743
:10DD3000DFF7DFF7DFF7DFF7DFF7DFF7DFF7DFF733
:10DD4000DFF7DFF7DFF7DFF7DFF7BEEF177E177ECE
:10DD5000177E177E177E177E177E177E177E177E1B
:10DD6000177E177E177E177E177E177E177E177E0B
:10DD70005AA69CBE7BAE3A969CBE9CBE3886177E49
:10DD8000177E177E177E177E177E177E177E177EEB
:10DD9000177E177E177E177E177E177E177E177EDB
:10DDA000177E177E177E177E177E177E177E177ECB
:10DDB000177E177E177E177E177E177E177E177EBB
:10DDC000177E177E177E177E177E177E177E177EAB
:10DDD000177E177E177E177E177E177E38869CB6B5
:10DDE0009CBE5A96197E7BB69CBE7BB6388E177E3B
:10DDF000177E177E177E177E177E177E177E177E7B
:10DE0000177E177E177E177E177E177E177E177E6A
:10DE1000177E177E177E177E177E177E177E177E5A
:10DE2000177E177E177E177E177E177E177E177E4A
:10DE3000177E177E177E177E177E177E177E177E3A
:10DE4000177E177E177E177E38867BB69CBE7BB604
:10DE5000197E197E398E9CB69CBE9CBE7AAE599EA8
:10DE6000599E599E599E599E599E599E599E599EFA
:10DE7000599E599E599E599E599E599E599E599EEA
:10DE8000599E599E599E599E599E599E599E599EDA
:10DE9000599E599E599E599E599E599E599E599ECA
:10DEA000599E599E599E599E599E599E599E599EBA
:10DEB000599E599E7AAE9CBE9CBE9CB6398E197EE8
:10DEC000197E197E39867BB69CBE9CBE9CBE9CBECC
:10DED0009CBE9CBE9CBE9CBE9CBE9CBE9CBE9CBE72
:10DEE0009CBE9CBE9CBE9CBE9CBE9CBE9CBE9CBE62
:10DEF0009CBE9CBE9CBE9CBE9CBE9CBE9CBE9CBE52
:10DF00009CBE9CBE9CBE9CBE9CBE9CBE9CBE9CBE41
:10DF10009CBE9CBE9CBE9CBE9CBE9CBE9CBE9CBE31
:10DF20009CBE9CBE9CBE7BB6398E197E197E197E26
:10DF3000197E197E197E3A965BA67BAE7BAE7BAED0
:10DF40007BAE7BAE7BAE7BAE7BAE7BAE7BAE7BAE89
:10DF50007BAE7BAE7BAE7BAE7BAE7BAE7BAE7BAE79
:10DF60007BAE7BAE7BAE7BAE7BAE7BAE7BAE7BAE69
:10DF70007BAE7BAE7BAE7BAE7BAE7BAE7BAE7BAE59
:10DF80007BAE7BAE7BAE7BAE7BAE7BAE7BAE7BAE49
:10DF90005BA63A96197E197E197E197E197E197E26
:10DFA000197E197E197E197E197E197E197E197EB9
:10DFB000197E197E197E197E197E197E197E197EA9
:10DFC000197E197E197E197E197E197E197E197E99
:10DFD000197E197E197E197E197E197E197E197E89
:10DFE000197E197E197E197E197E197E197E197E79
:10DFF000197E197E197E197E197E197E197E197E69
:10E00000197E197E197E197E197E197E197E197E58
:10E01000197E197E197E197E197E197E197E197E48
:10E02000197E197E197E197E197E197E197E197E38
:10E03000197E197E197E197E197E197E197E197E28
:10E04000197E197E197E197E197E197E197E197E18
:10E05000197E197E197E197E197E197E197E197E08
:10E06000197E5A967BAE7BB67BB67BB67BB67BB60B
:10E070007BB67BB67BB67BB67BB67BB67BB67BB618
:10E080007BB67BB67BB67BB67BB67BB67BB67BB608
:10E090007BB67BB67BB67BB67BB67BB67BB67BB6F8
:10E0A0007BB67BB67BB67BB67BB6197E197E398E86
:10E0B0007BB69CBE9CBE9CBE9CBE9CBE9CBE9CBEB9
:10E0C0009CBE9CBE9CBE9CBE9CBE9CBE9CBE9CBE80
:10E0D0009CBE9CBE9CBE9CBE9CBE9CBE9CBE9CBE70
:10E0E0009CBE9CBE9CBE9CBE9CBE9CBE9CBE9CBE60
:10E0F0009CBE9CBE9CBE9CBE9CBE197E398E9CB6AE
:10E100009CBE9BB65AA65996399639963996399639
:10E110003996399639963996399639963996399687
:10E120003996399639963996399639963996399677
:10E130003996399639963996399639963996399667
:10E1400039963996399639963996197E7BB69CBEA2
:10E150007BB61786177E177E177E177E177E177E73
:10E16000177E177E177E177E177E177E177E177E07
:10E17000177E177E177E177E177E177E177E177EF7
:10E18000177E177E177E177E177E177E177E177EE7
:10E19000177E177E177E177E177E5A969CBE9CB6FA
:10E1A0001886177E177E177E177E177E177E177EBE
:10E1B000177E177E177E177E177E177E177E177EB7
:10E1C000177E177E177E177E177E177E177E177EA7
:10E1D000177E177E177E177E177E177E177E177E97
:10E1E000177E177E177E177E177E7BAE9CBE5AA6C3
:10E1F000177E177E177E177E177E177E177E177E77
:10E20000177E177E177E177E177E177E177E177E66
:10E21000177E177E177E177E177E177E177E177E56
:10E22000177E177E177E177E177E177E177E177E46
:10E23000177E177E177E177E177E7BB69CBE599E73
:10E24000177E177E177E177E177E177E177E177E26
:10E25000177E177E177E177E177E177E177E177E16
:10E26000177E177E177E177E7896FBBE3CCF1BBFAE
:10E270007896177E177E177E177E177E177E177E7D
:10E28000177E177E177E177E177E7BB69CBE59962B
:10E29000177E177E177E177E177E177E177E177ED6
:10E2A000177E177E177E177E177E177E177E177EC6
:10E2B000177E177E37867DD7FFFFFFFFFFFFFFFF2B
:10E2C000FFFF999E177E177E177E177E177E177E9B
:10E2D000177E177E177E177E177E7BB69CBE5996DB
:10E2E000177E177E177E177E177E177E177E177E86
:10E2F000177E177E177E177E177E177E177E177E76
:10E30000177E3886BEEFFFFFFFFFFFFFFFFFFFFF17
:10E31000FFFF1BBF177E177E177E177E177E177EA7
:10E32000177E177E177E177E177E7BB69CBE59968A
:10E33000177E177E177E177E177E177E177E177E35
:10E34000177E177E177E177E177E177E177E177E25
:10E35000177E7DDFFFFFFFFFFFFFFFFFFFFFFFFFD8
:10E36000DFF7588E177E177E177E177E177E177E73
:10E37000177E177E177E177E177E7BB69CBE59963A
:10E38000177E177E177E177E177E177E177E177EE5
:10E39000177E177E177E177E177E177E177E177ED5
:10E3A000588EFFFFFFFFFFFFFFFFFFFFFFFFFFFF95
:10E3B000999E177E177E177E177E177E177E177E13
:10E3C000177E177E177E177E177E7BB69CBE5996EA
:10E3D000177E177E177E177E177E177E177E177E95
:10E3E000177E177E177E177E177E177E177E177E85
:10E3F000FAB6FFFFFFFFFFFFFFFFFFFFFFFF3CCF6E
:10E40000177E177E177E177E177E177E177E177E64
:10E41000177E177E177E177E177E7BB69CBE599699
:10E42000177E177E177E177E177E177E177E177E44
:10E43000177E177E177E177E177E177E177E177E34
:10E440003CCFFFFFFFFFFFFFFFFFFFFFDFF7378638
:10E45000177E177E177E177E177E177E177E177E14
:10E46000177E177E177E177E177E7BB69CBE599649
:10E47000177E177E177E177E177E177E177E177EF4
:10E48000177E177E177E177E177E177E177E177EE4
:10E490007DD7FFFFFFFFFFFFFFFFFFFF1BBF177EC3
:10E4A000177E177E177E177E177E177E177E177EC4
:10E4B000177E177E177E177E177E7BB69CBE5996F9
:10E4C000177E177E177E177E177E177E177E177EA4
:10E4D000177E177E177E177E177E177E177E177E94
:10E4E0007DDFFFFFFFFFFFFFFFFFFFFF3786177E88
:10E4F000177E177E177E177E177E177E177E177E74
:10E50000177E177E177E177E177E7BB69CBE5996A8
:10E51000177E177E177E177E177E177E177E177E53
:10E52000177E177E177E177E177E177E177E177E43
:10E530005CCFFFFFFFFFFFFFFFFF3CC7177E177E8B
:10E54000177E177E177E177E177E177E177E177E23
:10E55000177E177E177E177E177E7BB69CBE599658
:10E56000177E177E177E177E177E177E177E177E03
:10E57000177E177E177E177E177E177E177E177EF3
:10E580001BBFFFFFFFFFFFFFFFFF588E177E177EA9
:10E59000177E177E177E177E177E177E177E177ED3
:10E5A000177E177E177E177E177E7BB69CBE599608
:10E5B000177E177E177E177E177E177E177E177EB3
:10E5C000177E177E177E177E177E177E177E177EA3
:10E5D000DAAEFFFFFFFFFFFF9DE7177E177E177E76
:10E5E000177E177E177E177E177E177E177E177E83
:10E5F000177E177E177E177E177E7BB69CBE5996B8
:10E60000177E177E177E177E177E177E177E177E62
:10E61000177E177E177E177E177E177E177E177E52
:10E620005896FFFFFFFFFFFFDAAE177E177E177EBB
:10E63000177E177E177E177E177E177E177E177E32
:10E64000177E177E177E177E177E7BB69CBE599667
:10E65000177E177E177E177E177E177E177E177E12
:10E66000177E177E177E177E177E177E177E177E02
:10E67000177EDFF7FFFFFFFF3786177E177E177EB7
:10E68000177E177E177E177E177E177E177E177EE2
:10E69000177E177E177E177E177E7BB69CBE599617
:10E6A000177E177E177E177E177E177E177E177EC2
:10E6B000177E177E177E177E177E177E177E177EB2
:10E6C000177E9CB67BAE9AAE177E177E177E177E9E
:10E6D000177E177E177E177E177E177E177E177E92
:10E6E000177E177E177E177E177E7BB69CBE5996C7
:10E6F000177E177E177E177E177E177E177E177E72
:10E70000177E177E177E177E177E177E177E177E61
:10E710007BB6177E177E388E5A9E177E177E177E21
:10E72000177E177E177E177E177E177E177E177E41
:10E73000177E177E177E177E177E7BB69CBE599676
:10E74000177E177E177E588E177E177E177E177ED0
:10E75000177E177E177E588EB9A6FBBE5CCF7DDF75
:10E760005AA6177E177E177E7BAE999E177E177E60
:10E77000177E177E177E177E177E177E177E177EF1
:10E78000177E177E177E177E177E7BB69CBE599626
:10E79000177E177EBEEFFFFFFFFFBEEF9EE79EE7EF
:10E7A000BEEFDFF7FFFFFFFFFFFFFFFFFFFFFFFFF2
:10E7B0009CBE177E177E38861DCFFFFFFFFF5CD7FC
:10E7C000999E177E177E177E177E177E177E177EFF
:10E7D000177E177E177E177E177E7BB69CBE5996D6
:10E7E000177E7896FFFFFFFFFFFFFFFFFFFFFFFF92
:10E7F000FFFFFFFFFFFFFFFFFFFFFFFFFFFFFFFF29
:10E800009DDF7BB69BB6BBB6FFFFFFFFFFFFFFFFA1
:10E81000FFFF9EE7999E177E177E177E177E177E55
:10E82000177E177E177E177E177E7BB69CBE599685
:10E83000177E3786FFFFFFFFFFFFFFFFFFFFFFFF92
:10E84000FFFFFFFFFFFFFFFFFFFFFFFFFFFF7DDF7A
:10E85000177E177E177E177E9DE7FFFFFFFFFFFFE6
:10E86000FFFFFFFFFFFF5CD73786177E177E177EFF
:10E87000177E177E177E177E177E7BB69CBE599635
:10E88000177E177E5CD7FFFFFFFFFFFFFFFFFFFF35
:10E89000FFFFFFFFFFFFFFFFFFFFFFFF3CCF177EE4
:10E8A000177E177E177E177E3786DEF7FFFFFFFF86
:10E8B000FFFFFFFFFFFFFFFFBEEF3786177E177ECC
:10E8C000177E177E177E177E177E7BB69CBE5996E5
:10E8D000177E177E3786BEEFFFFFFFFFFFFFFFFFAC
:10E8E000FFFFFFFFFFFFFFFFFFFFBAAE177E177EA0
:10E8F000177E177E177E177E177E7896FFFFFFFF25
:10E90000FFFFFFFFFFFFFFFFFFFF9DE7177E177E63
:10E91000177E177E177E177E177E7BB69CBE599694
:10E92000177E177E177E37867DDFFFFFFFFFFFFF15
:10E93000FFFFFFFFFFFF3CCF3786177E177E177E56
:10E94000177E177E177E177E177E177EDAAEFFFFC3
:10E95000FFFFFFFFFFFFFFFFFFFFFFFFBAA6177ECE
:10E96000177E177E177E177E177E7BB69CBE599644
:10E97000177E177E177E177E177E79961BC75CD78A
:10E980003CCFDAAE3786177E177E177E177E177E4E
:10E99000177E177E177E177E177E177E177E5CD731
:10E9A000FFFFFFFFFFFFFFFFFFFFFFFF5CD7177EAB
:10E9B000177E177E177E177E177E7BB69CBE5996F4
:10E9C000177E177E177E177E177E177E177E177E9F
:10E9D000177E177E177E177E177E177E177E177E8F
:10E9E000177E177E177E177E177E177E177E378657
:10E9F000DEF7FFFFFFFFFFFFFFFFFFFFBEE7177E12
:10EA0000177E177E177E177E177E7BB69CBE5996A3
:10EA1000177E177E177E177E177E177E177E177E4E
:10EA2000177E177E177E177E177E177E177E177E3E
:10EA3000177E177E177E177E177E177E177E177E2E
:10EA4000B9A6FFFFFFFFFFFFFFFFFFFFBEEF177E2F
:10EA5000177E177E177E177E177E7BB69CBE599653
:10EA6000177E177E177E177E177E177E177E177EFE
:10EA7000177E177E177E177E177E177E177E177EEE
:10EA8000177E177E177E177E177E177E177E177EDE
:10EA9000177E9DE7FFFFFFFFFFFFFFFF5CD7177E9D
:10EAA000177E177E177E177E177E7BB69CBE599603
:10EAB000177E177E177E177E177E177E177E177EAE
:10EAC000177E177E177E177E177E177E177E177E9E
:10EAD000177E177E177E177E177E177E177E177E8E
:10EAE000177EB9A6FFFFFFFFFFFFFFFFBAAE177E3D
:10EAF000177E177E177E177E177E7BB69CBE5996B3
:10EB0000177E177E177E177E177E177E177E177E5D
:10EB1000177E177E177E177E177E177E177E177E4D
:10EB2000177E177E177E177E177E177E177E177E3D
:10EB3000177E177EDEF7FFFFFFFF9DE7177E177E2C
:10EB4000177E177E177E177E177E7BB69CBE599662
:10EB5000177E177E177E177E177E177E177E177E0D
:10EB6000177E177E177E177E177E177E177E177EFD
:10EB7000177E177E177E177E177E177E177E177EED
:10EB8000177E177EB9A6BEEF5CD73786177E177E35
:10EB9000177E177E177E177E177E7BB69CBE599E0A
:10EBA000177E177E177E177E177E177E177E177EBD
:10EBB000177E177E177E177E177E177E177E177EAD
:10EBC000177E177E177E177E177E177E177E177E9D
:10EBD000177E177E177E177E177E177E177E177E8D
:10EBE000177E177E177E177E177E7BA69CBE7AA6A1
:10EBF000177E177E177E177E177E177E177E177E6D
:10EC0000177E177E177E177E177E177E177E177E5C
:10EC1000177E177E177E177E177E177E177E177E4C
:10EC2000177E177E177E177E177E177E177E177E3C
:10EC3000177E177E177E177E177E3A969CBE9CBE67
:10EC40003886177E177E177E177E177E177E177EF3
:10EC5000177E177E177E177E177E177E177E177E0C
:10EC6000177E177E177E177E177E177E177E177EFC
:10EC7000177E177E177E177E177E177E177E177EEC
:10EC8000177E177E177E177E177E197E7BB69CBE79
:10EC90007BB63886177E177E177E177E177E177E07
:10ECA000177E177E177E177E177E177E177E177EBC
:10ECB000177E177E177E177E177E177E177E177EAC
:10ECC000177E177E177E177E177E177E177E177E9C
:10ECD000177E177E177E177E177E197E398E9CB69B
:10ECE0009CBE9CBE7AAE599E599E599E599E599E75
:10ECF000599E599E599E599E599E599E599E599E5C
:10ED0000599E599E599E599E599E599E599E599E4B
:10ED1000599E599E599E599E599E599E599E599E3B
:10ED2000599E599E599E599E599E197E197E398623
:10ED30007BB69CBE9CBE9CBE9CBE9CBE9CBE9CBE2C
:10ED40009CBE9CBE9CBE9CBE9CBE9CBE9CBE9CBEF3
:10ED50009CBE9CBE9CBE9CBE9CBE9CBE9CBE9CBEE3
:10ED60009CBE9CBE9CBE9CBE9CBE9CBE9CBE9CBED3
:10ED70009CBE9CBE9CBE9CBE9CBE197E197E197E0C
:10ED8000197E3A967BA67BAE7BAE7BAE7BAE7BAE2E
:10ED90007BAE7BAE7BAE7BAE7BAE7BAE7BAE7BAE2B
:10EDA0007BAE7BAE7BAE7BAE7BAE7BAE7BAE7BAE1B
:10EDB0007BAE7BAE7BAE7BAE7BAE7BAE7BAE7BAE0B
:10EDC0007BAE7BAE7BAE7BAE7BAE197E197E197EB1
:10EDD000197E197E197E197E197E197E197E197E7B
:10EDE000197E197E197E197E197E197E197E197E6B
:10EDF000197E197E197E197E197E197E197E197E5B
:10EE0000197E197E197E197E197E197E197E197E4A
:10EE1000197E197E197E197E197E197E197E197E3A
:10EE2000197E197E197E197E197E197E197E197E2A
:10EE3000197E197E197E197E197E197E197E197E1A
:10EE4000197E197E197E197E197E197E197E197E0A
:10EE5000197E197E197E197E197E197E197E197EFA
:10EE6000197E197E197E197E197E197E197E197EEA
:10EE7000197E5A967BAE7BB67BB67BB67BB67BB6ED
:10EE80007BB67BB67BB67BB67BB67BB67BB67BB6FA
:10EE90007BB67BB67BB67BB67BB67BB67BB67BB6EA
:10EEA0007BB67BB67BB67BB67BB67BB67BB67BB6DA
:10EEB0007BB67BB67BB67BB67BB6197E197E398E68
:10EEC0007BB69CBE9CBE9CBE9CBE9CBE9CBE9CBE9B
:10EED0009CBE9CBE9CBE9CBE9CBE9CBE9CBE9CBE62
:10EEE0009CBE9CBE9CBE9CBE9CBE9CBE9CBE9CBE52
:10EEF0009CBE9CBE9CBE9CBE9CBE9CBE9CBE9CBE42
:10EF00009CBE9CBE9CBE9CBE9CBE197E398E9CB68F
:10EF10009CBE9BB65AA6599639963996399639961B
:10EF20003996399639963996399639963996399669
:10EF30003996399639963996399639963996399659
:10EF40003996399639963996399639963996399649
:10EF500039963996399639963996197E7BB69CBE84
:10EF60007BB61786177E177E177E177E177E177E55
:10EF7000177E177E177E177E177E177E177E177EE9
:10EF8000177E177E177E177E177E177E177E177ED9
:10EF9000177E177E177E177E177E177E177E177EC9
:10EFA000177E177E177E177E177E5A969CBE9CB6DC
:10EFB0001886177E177E177E177E177E177E177EA0
:10EFC000177E177E177E177E177E177E177E177E99
:10EFD000177E177E177E177E177E177E177E177E89
:10EFE000177E177E177E177E177E177E177E177E79
:10EFF000177E177E177E177E177E7BAE9CBE5AA6A5
:10F00000177E177E177E177E177E177E177E177E58
:10F01000177E177E177E177E177E177E177E177E48
:10F02000177E177E177E177E177E177E177E177E38
:10F03000177E177E177E177E177E177E177E177E28
:10F04000177E177E177E177E177E7BB69CBE599E55
:10F05000177E177E177E177E177E177E177E177E08
:10F06000177E177E177E177E177E177E177E177EF8
:10F07000177E177E177E177E177E177E177E177EE8
:10F08000177E177E177E177E177E177E177E177ED8
:10F09000177E177E177E177E177E7BB69CBE59960D
:10F0A000177E177E177E177E177E177E177E177EB8
:10F0B000177E177E177E177E177E177E177E177EA8
:10F0C000177E177E177E177E177E177E177E177E98
:10F0D000177E177E177E177E177E177E177E177E88
:10F0E000177E177E177E177E177E7BB69CBE5996BD
:10F0F000177E177E177E177E177E177E177E177E68
:10F1000078963786177E177E177E177E177E177EB6
:10F11000177E177E177E177E177E177E177E177E47
:10F12000177E177E177E177E177E177E177E177E37
:10F13000177E177E177E177E177E7BB69CBE59966C
:10F14000177E177E177E177E177E177E177E7DDF50
:10F15000FFFFDEF73786177E177E177E177E177E36
:10F16000177E177E177E177E177E177E177E177EF7
:10F17000177E177E177E177E177E177E177E177EE7
:10F18000177E177E177E177E177E7BB69CBE59961C
:10F19000177E177E177E177E177E177E3CCFFFFFE8
:10F1A000FFFFFFFFFBB6177E177E177E177E177EC9
:10F1B000177E177E177E177E177E177E177E177EA7
:10F1C000177E177E177E177E177E177E177E177E97
:10F1D000177E177E177E177E177E7BB69CBE5996CC
:10F1E000177E177E177E177E177E3786FFFFFFFF7D
:10F1F000FFFFFFFFBEEF177E177E177E177E177E7D
:10F20000177E177E177E177E177E177E177E177E56
:10F21000177E177E177E177E177E177E177E177E46
:10F22000177E177E177E177E177E7BB69CBE59967B
:10F23000177E177E177E177E177EBAA6FFFFFFFF89
:10F24000FFFFFFFFFFFFDAAE177E177E177E177EE8
:10F25000177E177E177E177E177E177E177E177E06
:10F26000177E177E177E177E177E177E177E177EF6
:10F27000177E177E177E177E177E7BB69CBE59962B
:10F28000177E177E177E177E177EFAB6FFFFFFFFE9
:10F29000FFFFFFFFFFFFDEF7377E177E177E177E2B
:10F2A000177E177E177E177E177E177E177E177EB6
:10F2B000177E177E177E177E177E177E177E177EA6
:10F2C000177E177E177E177E177E7BB69CBE5996DB
:10F2D000177E177E177E177E177EDAAEFFFFFFFFC1
:10F2E000FFFFFFFFFFFFFFFF3CCF177E177E177E5C
:10F2F000177E177E177E177E177E177E177E177E66
:10F30000177E177E177E177E177E3786177E177E2D
:10F31000177E177E177E177E177E7BB69CBE59968A
:10F32000177E177E177E177E177E7896FFFFFFFFEA
:10F33000FFFFFFFFFFFFFFFFFFFFB9A6177E177E4E
:10F34000177E177E177E177E177E177E177E177E15
:10F35000177E588E1BC7BEEFFFFFFFFFDEF73BC7D0
:10F360003786177E177E177E177E7BB69CBE599612
:10F37000177E177E177E177E177E177E9DE7FFFF8D
:10F38000FFFFFFFFFFFFFFFFFFFFDFF7588E177E36
:10F39000177E177E177E177E177E177E177E177EC5
:10F3A0001BC7FFFFFFFFFFFFFFFFFFFFFFFFFFFF89
:10F3B000DFF7999E177E177E177E7BB69CBE599607
:10F3C000177E177E177E177E177E177E588EFFFFDB
:10F3D000FFFFFFFFFFFFFFFFFFFFFFFF9EE7177E1F
:10F3E000177E177E177E177E177E177E7896BEEFE4
:10F3F000FFFFFFFFFFFFFFFFFFFFFFFFFFFFFFFF1D
:10F40000FFFFFFFF588E177E177E7BB69CBE599676
:10F41000177E177E177E177E177E177E177E7996CA
:10F42000DFF7FFFFFFFFFFFFFFFFFFFFFFFF5CD7DF
:10F43000177E177E177E177E177EB9A6FFFFFFFF88
:10F44000FFFFFFFFFFFFFFFFFFFFFFFFFFFFFFFFCC
:10F45000FFFFFFFF7DDF177E177E7BB69CBE5996B0
:10F46000177E177E177E177E177E177E177E177EF4
:10F4700038867DDFFFFFFFFFFFFFFFFFFFFFFFFF7E
:10F480001BBF177E177E177EDAAEFFFFFFFFFFFF61
:10F49000FFFFFFFFFFFFFFFFFFFFFFFFFFFFFFFF7C
:10F4A000FFFFFFFFFFFF177E177E7BB69CBE5996BE
:10F4B000177E177E177E177E177E177E177E177EA4
:10F4C000177E177E999E7DDFFFFFFFFFFFFFFFFF87
:10F4D0007DDF9CB67AAE5996FFFFFFFFFFFFFFFF6F
:10F4E000FFFFFFFFFFFFFFFFFFFFFFFFFFFFFFFF2C
:10F4F000FFFFFFFFFFFF177E177E7BB69CBE59966E
:10F50000177E177E177E177E177E177E177E177E53
:10F51000177E177E177E177E588E1BBFBEE7FFFF34
:10F520007BB6177E177E388EDBBEFFFFFFFFFFFF27
:10F53000DEEF7DDF3CCF1BBFFAB6DAAEDAAEFBB64C
:10F540003CCF7DDFB9A6177E177E7BB69CBE599651
:10F55000177E177E177E177E177E177E177E177E03
:10F56000177E177E177E177E177E177E177E388EC2
:10F570005A9E177E177E177E7BAEDAAE7896177E80
:10F58000177E177E177E177E177E177E177E177ED3
:10F59000177E177E177E177E177E7BB69CBE599608
:10F5A000177E177E177E177E177E177E177E177EB3
:10F5B000177E177E177E177E177E177E177E177EA3
:10F5C0009BB6177E177E3886599E177E177E177E4C
:10F5D000177E177E177E177E177E177E177E177E83
:10F5E000177E177E177E177E177E7BB69CBE5996B8
:10F5F000177E177E177E177E177E177E177E177E63
:10F60000177E177E177E177E177E177E177E177E52
:10F6100037869BB69CB65996177E177E177E177E47
:10F62000177E177E177E177E177E177E177E177E32
:10F63000177E177E177E177E177E7BB69CBE599667
:10F64000177E177E177E177E177E177E177E177E12
:10F65000177E177E177E177E177E177E177E177E02
:10F66000DAAEFFFFFFFF1BC7177E177E177E177EE0
:10F67000177E177E177E177E177E177E177E177EE2
:10F68000177E177E177E177E177E7BB69CBE599617
:10F69000177E177E177E177E177E177E177E177EC2
:10F6A000177E177E177E177E177E177E177E177EB2
:10F6B0009DDFFFFFFFFF9DE7177E177E177E177EFA
:10F6C000177E177E177E177E177E177E177E177E92
:10F6D000177E177E177E177E177E7BB69CBE5996C7
:10F6E000177E177E177E177E177E177E177E177E72
:10F6F000177E177E177E177E177E177E177E588E11
:10F70000FFFFFFFFFFFFFFFF177E177E177E177EAD
:10F71000177E177E177E177E177E177E177E177E41
:10F72000177E177E177E177E177E7BB69CBE599676
:10F73000177E177E177E177E177E177E177E177E21
:10F74000177E177E177E177E177E177E177E1BBFCC
:10F75000FFFFFFFFFFFFFFFF588E177E177E177E0C
:10F76000177E177E177E177E177E177E177E177EF1
:10F77000177E177E177E177E177E7BB69CBE599626
:10F78000177E177E177E177E177E177E177E177ED1
:10F79000177E177E177E177E177E177E177EDEF781
:10F7A000FFFFFFFFFFFFFFFF999E177E177E177E6B
:10F7B000177E177E177E177E177E177E177E177EA1
:10F7C000177E177E177E177E177E7BB69CBE5996D6
:10F7D000177E177E177E177E177E177E177E177E81
:10F7E000177E177E177E177E177E177EBAAEFFFF35
:10F7F000FFFFFFFFFFFFFFFFB9A6177E177E177EF3
:10F80000177E177E177E177E177E177E177E177E50
:10F81000177E177E177E177E177E7BB69CBE599685
:10F82000177E177E177E177E177E177E177E177E30
:10F83000177E177E177E177E177E177EBEEFFFFF9F
:10F84000FFFFFFFFFFFFFFFFB9A6177E177E177EA2
:10F85000177E177E177E177E177E177E177E177E00
:10F86000177E177E177E177E177E7BB69CBE599635
:10F87000177E177E177E177E177E177E177E177EE0
:10F88000177E177E177E177E177EBAA6FFFFFFFF33
:10F89000FFFFFFFFFFFFFFFF999E177E177E177E7A
:10F8A000177E177E177E177E177E177E177E177EB0
:10F8B000177E177E177E177E177E7BB69CBE5996E5
:10F8C000177E177E177E177E177E177E177E177E90
:10F8D000177E177E177E177E177EDEF7FFFFFFFF6E
:10F8E000FFFFFFFFFFFFFFFF3786177E177E177EA4
:10F8F000177E177E177E177E177E177E177E177E60
:10F90000177E177E177E177E177E7BB69CBE599694
:10F91000177E177E177E177E177E177E177E177E3F
:10F92000177E177E177E177E3CCFFFFFFFFFFFFF7E
:10F93000FFFFFFFFFFFF9EE7177E177E177E177EF4
:10F94000177E177E177E177E177E177E177E177E0F
:10F95000177E177E177E177E177E7BB69CBE599644
:10F96000177E177E177E177E177E177E177E177EEF
:10F97000177E177E177EDAAEFFFFFFFFFFFFFFFF48
:10F98000FFFFFFFFFFFFBAAE177E177E177E177EC1
:10F99000177E177E177E177E177E177E177E177EBF
:10F9A000177E177E177E177E177E7BB69CBE599EEC
:10F9B000177E177E177E177E177E177E177E177E9F
:10F9C000177E177E177EDEF7FFFFFFFFFFFFFFFFAB
:10F9D000FFFFFFFF5CD7177E177E177E177E177E0F
:10F9E000177E177E177E177E177E177E177E177E6F
:10F9F000177E177E177E177E177E7BA69CBE7AA683
:10FA0000177E177E177E177E177E177E177E177E4E
:10FA1000177E177E177E7DD7FFFFFFFFFFFFFFFFDB
:10FA2000FFFF1BBF177E177E177E177E177E177E80
:10FA3000177E177E177E177E177E177E177E177E1E
:10FA4000177E177E177E177E177E3A969CBE9CBE49
:10FA50003886177E177E177E177E177E177E177ED5
:10FA6000177E177E177E177EDAB65CCF5CCFFAB6AC
:10FA70003886177E177E177E177E177E177E177EB5
:10FA8000177E177E177E177E177E177E177E177ECE
:10FA9000177E177E177E177E177E197E7BB69CBE5B
:10FAA0007BB63886177E177E177E177E177E177EE9
:10FAB000177E177E177E177E177E177E177E177E9E
:10FAC000177E177E177E177E177E177E177E177E8E
:10FAD000177E177E177E177E177E177E177E177E7E
:10FAE000177E177E177E177E177E197E398E9CB67D
:10FAF0009CBE9CBE7AAE599E599E599E599E599E57
:10FB0000599E599E599E599E599E599E599E599E3D
:10FB1000599E599E599E599E599E599E599E599E2D
:10FB2000599E599E599E599E599E599E599E599E1D
:10FB3000599E599E599E599E599E197E197E398605
:10FB40007BB69CBE9CBE9CBE9CBE9CBE9CBE9CBE0E
:10FB50009CBE9CBE9CBE9CBE9CBE9CBE9CBE9CBED5
:10FB60009CBE9CBE9CBE9CBE9CBE9CBE9CBE9CBEC5
:10FB70009CBE9CBE9CBE9CBE9CBE9CBE9CBE9CBEB5
:10FB80009CBE9CBE9CBE9CBE9CBE197E197E197EEE
:10FB9000197E3A967BA67BAE7BAE7BAE7BAE7BAE10
:10FBA0007BAE7BAE7BAE7BAE7BAE7BAE7BAE7BAE0D
:10FBB0007BAE7BAE7BAE7BAE7BAE7BAE7BAE7BAEFD
:10FBC0007BAE7BAE7BAE7BAE7BAE7BAE7BAE7BAEED
:10FBD0007BAE7BAE7BAE7BAE7BAE197E197E197E93
:10FBE000197E197E197E197E197E197E197E197E5D
:10FBF000197E197E197E197E197E197E197E197E4D
:10FC0000197E197E197E197E197E197E197E197E3C
:10FC1000197E197E197E197E197E197E197E197E2C
:10FC2000197E197E197E197E197E197E197E197E1C
:10FC3000197E197E197E197E197E197E197E197E0C
:10FC4000197E197E197E197E197E197E197E197EFC
:10FC5000197E197E197E197E197E197E197E197EEC
:10FC6000197E197E197E197E197E197E197E197EDC
:10FC7000197E197E197E197E197E197E197E197ECC
:10FC8000197E197E197E197E197E197E197E197EBC
:10FC9000197E197E197E197E197E197E197E197EAC
:10FCA0005A967BAE7BB67BB67BB67BB67BB67BB615
:10FCB0007BB67BB67BB67BB67BB67BB67BB67BB6BC
:10FCC0007BB67BB67BB67BB67BB67BB67BB67BB6AC
:10FCD0007BB67BB67BB67BB67BB67BB67BB67BB69C
:10FCE0007BB67BB67BB67BB67BB67BB67BB67BB68C
:10FCF0007BB67BB67BB67BB67BB67BAE5A9E197E57
:10FD0000197E197E197E197E197E398E7BB69CBEAE
:10FD10009CBE9CBE9CBE9CBE9CBE9CBE9CBE9CBE13
:10FD20009CBE9CBE9CBE9CBE9CBE9CBE9CBE9CBE03
:10FD30009CBE9CBE9CBE9CBE9CBE9CBE9CBE9CBEF3
:10FD40009CBE9CBE9CBE9CBE9CBE9CBE9CBE9CBEE3
:10FD50009CBE9CBE9CBE9CBE9CBE9CBE9CBE9CBED3
:10FD60009CBE9CBE9CBE9CBE9CBE9CBE7BB63A8E7E
:10FD7000197E197E197E398E9CB69CBE9CB65AA6F9
:10FD800059963996399639963996399639963996DB
:10FD900039963996399639963996399639963996EB
:10FDA00039963996399639963996399639963996DB
:10FDB00039963996399639963996399639963996CB
:10FDC00039963996399639963996399639963996BB
:10FDD0003996399659965AA69BB69CBE9CBE3A8EC9
:10FDE000197E197E7BB69CBE7BB61786177E177E62
:10FDF000177E177E177E177E177E177E177E177E5B
:10FE0000177E177E177E177E177E588E177E177EF9
:10FE1000177E177E177E177E177E177E177E177E3A
:10FE2000177E177E177E177E177E177E177E177E2A
:10FE3000177E177E177E177E177E177E177E177E1A
:10FE4000177E177E177E17867BAE9CBE7BB6197E0B
:10FE50003A969CBE9CB61886177E177E177E177E34
:10FE6000177E177E177E177E177E177E177E177EEA
:10FE7000177E177E177E177E1BBF177E177E177E95
:10FE8000177E177E177E177E177E177E177E177ECA
:10FE9000177E177E177E177E177E177E177E177EBA
:10FEA000177E177E177E177E177E177E177E177EAA
:10FEB000177E177E177E17869CB69CBE5A967BA629
:10FEC0009CBE5AA6177E177E177E177E177E177E5A
:10FED000177E177E177E177E177E177E177E177E7A
:10FEE000177E177E78967DDF177E177E177E177E2A
:10FEF000177E177E3886177E177E177E177E177E31
:10FF0000177E177E177E177E177E177E177E177E49
:10FF1000177E177E177E177E177E177E177E177E39
:10FF2000177E177E177E5AA69CBE7BAE7BAE9CBE0C
:10FF3000599E177E177E177E177E177E177E177EB7
:10FF4000177E177E3886DAB6177E177E177E177EE5
:10FF5000177EDAAEFFFF177E177E177E177E177E9D
:10FF6000999EDAAE177E177E177E177E177E177E54
:10FF7000177E177E177E177E177E177E177E177ED9
:10FF8000177E177E177E177E177E177E177E177EC9
:10FF9000177E177E59969CBE7BB67BB69CBE599643
:10FFA000177E177E177E177E177E177E177E177EA9
:10FFB000177E177E5CD71BBF177E177E177E177EB6
:10FFC0003CCFFFFF588E177E177E177E999EDFF776
:10FFD0003786177E177E177E177E177E177E177E51
:10FFE000177E177E177E177E177E177E177E177E69
:10FFF000177E177E177E177E177E177E177E177E59
:020000040804EE
:10000000177E39969CBE7BB67BB69CBE5996177EF2
:10001000177E177E177E177E177E177E177E177E38
:10002000177E7996FFFF3CC7177E177E177EBEE7C7
:10003000FFFFBAAE177E177E7996FFFF5CD7177E5B
:10004000177E177E177E177E177E177E177E177E08
:10005000177E177E177E177E177E177E177E177EF8
:10006000177E177E177E177E177E177E177E177EE8
:1000700039969CBE7BB67BB69CBE5996177E177E82
:10008000177E177E177E177E177E177E177E177EC8
:10009000177E9EE7FFFF5CCF377EB9A6FFFFFFFF0D
:1000A0009EE778967996FFF7FFFF999E177E177E59
:1000B000177E177E177E177E177E177E177E177E98
:1000C000177E177E177E177E177E177E177E177E88
:1000D000177E177E177E177E177E177E177E39963E
:1000E0009CBE7BB67BB69CBE5996177E177E177E4C
:1000F000177E177E177E177E177E177E177E177E58
:10010000BAAEFFFFFFFFFFFFFFFFFFFFFFFFFFFF95
:10011000FFFFFFFFFFFFDFF7177E177E177E177EBB
:10012000177E38863786177E177E177E177E177ED6
:10013000177E177E177E177E177E177E177E177E17
:10014000177E177E177E177E177E177E39969CBE08
:100150007BB67BB69CBE5996177E177E177E177EA0
:10016000177E79967DD71BBF799E177E177E78966E
:10017000DEEFFFFFFFFFFFFFFFFFFFFFFFFFFFFFC0
:10018000FFFFFFFF7DD7588E177E78961BBF9EE737
:100190001BBF177E177E177E177E177E177E177E72
:1001A000177E177E177E177E177E177E177E177EA7
:1001B000177E177E177E177E177E39969CBE7BB6FC
:1001C0007BB69CBE5996177E177E177E177E177ECC
:1001D000177E38869EE7FFFFFFF75DD77DD7FFFFCD
:1001E000FFFFFFFFFFFFFFFFFFFFFFFFFFFFFFFF1F
:1001F000FFFFFFFF3CCFDEF7FFFFFFFFBAAE177E2A
:10020000177E177E177E177E177E177E177E177E46
:10021000177E177E177E177E177E177E177E177E36
:10022000177E177E177E177E39969CBE7BB67BB6EF
:100230009CBE5996177E177E177E177E177E177EF7
:10024000177E177E5CCFFFFFFFFFFFFFFFFFFFFF63
:10025000FFFFFFFFFFFFFFFFFFFFFFFFFFFFFFFFAE
:10026000FFFFFFFFFFFFDFF77996177E177E177EF0
:10027000177E177E177E177E177E177E177E177ED6
:10028000177E177E177E177E177E177E177E177EC6
:10029000177E177E177E39969CBE7BB67BB69CBEBA
:1002A0005996177E177E177E177E177E177E177E4C
:1002B000177E177EFBB6FFFFFFFFFFFFFFFFFFFF6D
:1002C000FFFFFFFFFFFFFFFFFFFFFFFFFFFFFFFF3E
:1002D000FFFFDFF7588E177E177E177E177E177E7B
:1002E000177E177E177E177E177E177E177E177E66
:1002F000177E177E177E177E177E177E177E177E56
:10030000177E177E39969CBE7BB67BB69CBE5996EF
:10031000177E177E177E177E177E177E177E177E35
:10032000177E999EDFF7FFFFFFFFFFFFFFFFFFFF35
:10033000FFFFFFFFFFFFFFFFFFFFFFFFFFFFFFFFCD
:10034000FFFF177E177E177E177E177E177E177E9C
:100350007BAE9CB69CBE7BAE5AA65996177E177E86
:10036000177E177E177E177E177E177E177E177EE5
:10037000177E39969CBE7BB67BB69CBE5996177E7F
:10038000177E177E177E3886B9A61BBF7DDFDFF785
:10039000FFFFFFFFFFFFFFFFFFFFFFFFFFFFFFFF6D
:1003A000FFFFFFFFFFFFFFFFFFFFFFFFFFFFFFFF5D
:1003B000DFF75DD7FBBE999E3786177E177E177EC7
:1003C000599E7BAE59961786388E7AA65AA6177E06
:1003D000177E177E177E177E177E177E177E177E75
:1003E00039969CBE7BB67BB69CBE5996177E177E0F
:1003F000177E3786BAA61BC77DDFFFFFFFFFFFFF13
:10040000FFFFFFFFFFFFFFFFFFFFFFFFFFFFFFFFFC
:10041000FFFFFFFFFFFFFFFFFFFFFFFFFFFFFFFFEC
:10042000FFFFFFFFDFF75DD7BAA6177E177E177EA7
:10043000177E388E7AAE177E177E17867BAE388E83
:10044000177E177E177E177E177E177E177E3996CA
:100450009CBE7BB67BB69CBE5996177E177E177ED8
:10046000177E177E177E177E177E588E3BC7FFF7C5
:10047000FFFFFFFFFFFFFFFFFFFFFFFFFFFFFFFF8C
:10048000FFFFFFFFFFFFFFFFFFFFFFFF1BC7B9A637
:100490003786177E177E177E177E177E177E177E8C
:1004A000177E1786599E177E177E177E39963996C6
:1004B000177E177E177E177E177E177E39969CBE95
:1004C0007BB67BB69CBE5996177E177E177E177E2D
:1004D000177E177E177E177E177E3786DFF7FFFFA2
:1004E000FFFFFFFFFFFFFFFFFFFFFFFFFFFFFFFF1C
:1004F000FFFFFFFFFFFFFFFFBEEF177E177E177E98
:10050000177E177E177E177E177E177E177E177E43
:10051000177E3996388E177E177E177E3896389656
:10052000177E177E177E177E177E39969CBE7BB688
:100530007BB69CBE5996177E177E177E177E177E58
:10054000177E177E177E177E5DD7FFFFFFFFFFFF29
:10055000FFFFFFFFFFFFFFFFFFFFFFFFFFFFFFFFAB
:10056000FFFFFFFFFFFFFFFFBAA6177E177E177E74
:10057000177E177E177E177E177E177E177E177ED3
:10058000177E7BAE177E177E177E177E599E3886A4
:10059000177E177E177E177E39969CBE7BB67BB67C
:1005A0009CBE5996177E177E177E177E177E177E84
:1005B000177E588EBEEFFFFFFFFFDFF7FFFFFFFF45
:1005C000FFFFFFFFFFFFFFFFFFFFFFFFFFFFFFFF3B
:1005D000FFFFFFFFFFFFFFFFFBBE177E177E177EAB
:1005E000177E177E177E177E177E177E177E177E63
:1005F0003886599E177E177E177E177E7BB6177E2C
:10060000177E177E177E39969CBE7BB67BB69CBE46
:100610005996177E177E177E177E177E177E999E36
:10062000DFF7FFFF7DD7DAAEDAAEFFFFFFFFFFFF98
:10063000FFFFFFFFFFFFFFFFFFFFFFFFFFFFFFFFCA
:10064000B9A63CCFDFF7FFFF5CCF177E177E177E82
:10065000177E177E177E177E177E177E177E177EF2
:100660007BB6177E177E177E177E388E599E177EB3
:10067000177E177E39969CBE7BB67BB69CBE59967C
:10068000177E177E177E177E177E999E1BBF999E39
:10069000177E177E177E3886BEEFFFFFFFFFFFFF36
:1006A000FFFFFFFFFFFFFFFFFFFFFFFF7896177EB3
:1006B000177E177E78961BBF3CC73786177E177E3E
:1006C000177E177E177E177E177E177E177E5AA617
:1006D0001786177E177E177E177E7BAE177E177ED6
:1006E000177E39969CBE7BB67BB69CBE5996177E0C
:1006F000177E177E177E177E177E177E177E177E52
:10070000177E177E7996FFFFFFFFDFF7DFF7FFFF0A
:10071000FFFFFFF7FFFFFFFFFFFFFBB6177E177E10
:10072000177E177E177E177E177E177E177E177E21
:10073000177E177E177E177E177E177E599E388E7E
:10074000177E177E177E177E5AA61786177E177E8E
:1007500039969CBE7BB67BB69CBE5996177E177E9B
:10076000177E177E177E177E177E177E177E177EE1
:10077000177E3CCFFFFF5CD7177E588EFFFFFFFF31
:100780003CCF177E1BC7FFFFBEE7177E177E177E85
:10079000177E177E177E177E177E177E177E177EB1
:1007A000177E177E177E177E177E599E3886177E16
:1007B000177E177E177E5996388E177E177E3996CC
:1007C0009CBE7BB67BB69CBE5996177E177E177E65
:1007D000177E177E177E177E177E177E177E177E71
:1007E000DFF77DD7177E177E177E9DDFFFFF99A667
:1007F000177E177E3CC7FFFF7896177E177E177E01
:10080000177E177E177E177E177E177E177E177E40
:10081000177E177E177E177E5AA61786177E177EBD
:10082000177E177E388E3996177E177E39969CBEB6
:100830007BB67BB69CBE5996177E177E177E177EB9
:10084000177E177E177E177E177E177EBAA67DDF6E
:10085000177E177E177E177E1BC7FFFF3786177E12
:10086000177E177E3CCF3CC7177E177E177E177EFC
:10087000177E177E177E177E177E177E177E177ED0
:10088000177E177E177E7BB6177E177E177E177E24
:10089000177E388E3996177E177E39969CBE7BB6AA
:1008A0007BB69CBE5996177E177E177E177E177EE5
:1008B000177E177E177E177E177EFBB6177E177E74
:1008C000177E177E177EBAA6DEF7177E177E177E75
:1008D000177E177E3CC7177E177E177E177E177E02
:1008E000177E177E177E177E177E177E177E177E60
:1008F000177E18865A9E177E177E177E177E177EE4
:100900003996388E177E177E39969CBE7BB67BB69D
:100910009CBE5996177E177E177E177E177E177E10
:10092000177E177E177E177E177E177E177E177E1F
:10093000177E177E588E5DD7177E177E177E177E1F
:10094000177E177E3786177E177E177E177E177ED7
:10095000177E177E177E177E177E177E177E177EEF
:100960009BB6177E177E177E177E177E177E599EC1
:100970003886177E177E39969CBE7BB67BB69CBEAA
:100980005996177E177E177E177E177E177E177E65
:10099000177E177E177E177E177E177E177E177EAF
:1009A000177E177EDAAE177E177E177E177E177EAC
:1009B000177E177E177E177E177E177E177E177E8F
:1009C000177E177E177E177E177E177E9CBE177EBA
:1009D000177E177E177E177E177E177E7BB6177ED3
:1009E000177E177E39969CBE7BB67BB69CBE599609
:1009F000177E177E177E177E177E177E177E177E4F
:100A0000177E177E177E177E177E177E177E177E3E
:100A1000177E177E177E177E177E177E177E3996F4
:100A2000177E177E177E177E177E177E177E177E1E
:100A3000177E177E177E177E7BAE177E177E177E7A
:100A4000177E177E177E177E3886599E177E177E73
:100A5000177E39969CBE7BB67BB69CBE5996177E98
:100A6000177E177E177E177E177E177E177E177EDE
:100A7000177E177E177E177E177E177E177E177ECE
:100A8000177E177E177E177E177E177E5AA67AAEC0
:100A9000388E177E177E177E177E177E177E177E7D
:100AA000177E38869CBE177E177E177E177E177EB0
:100AB000177E177E177E7BAE177E177E177E177EFA
:100AC00039969CBE7BB67BB69CBE5996177E177E28
:100AD000177E177E177E177E177E177E177E177E6E
:100AE000177E177E177E177E177E177E177E177E5E
:100AF000177E177E177E177E177E177E7BB6399678
:100B00007BB65AA63996388E388E59965AA69BB619
:100B1000599E177E177E177E177E177E177E177ECB
:100B2000177E388E3996177E177E177E177E399678
:100B30009CBE7BB67BB69CBE5996177E177E177EF1
:100B4000177E177E177E177E177E177E177E177EFD
:100B5000177E177E177E177E177E177E177E177EED
:100B6000177E177E177E177E177E388E399617866A
:100B70001786388E59963996388E1786177E177EC7
:100B8000177E177E177E177E177E177E177E177EBD
:100B90007AAE177E177E177E177E177E39969CBE1B
:100BA0007BB67BB69CBE5996177E177E177E177E46
:100BB000177E177E177E177E177E177E177E177E8D
:100BC000177E177E177E177E177E177E177E177E7D
:100BD000177E177E177E177E177E38865996177EEA
:100BE000177E177E177E177E177E177E177E177E5D
:100BF000177E177E177E177E177E177E7BAE177EB9
:100C0000177E177E177E177E177E39969CBE7BB6A1
:100C10007BAE9CBE599E177E177E177E177E177E71
:100C2000177E177E177E177E177E177E177E177E1C
:100C3000177E177E177E177E177E177E177E177E0C
:100C4000177E177E177E177E177E388E7BAE388E06
:100C5000177E177E177E177E177E177E177E177EEC
:100C6000177E177E177E39969CB6177E177E177EE5
:100C7000177E177E177E177E59969CBE7BB67BA685
:100C80009CBE7AA6177E177E177E177E177E177E6C
:100C9000177E177E177E177E177E177E177E177EAC
:100CA000177E177E177E177E177E177E177E177E9C
:100CB000177E177E177E177E177E177E39965AA6E7
:100CC0003996177E177E177E177E177E177E177E42
:100CD00059967BAE388E177E177E177E177E177E4D
:100CE000177E177E177E5AA69CBE7BAE3A969CBE98
:100CF0009CBE3886177E177E177E177E177E177E5E
:100D0000177E177E177E177E177E177E177E177E3B
:100D1000177E177E177E177E177E177E177E177E2B
:100D2000177E177E177E177E177E177E1786388EE2
:100D30007AAE7BB67BAE7AAE7BB67BB67AA6388EC1
:100D4000177E177E177E177E177E177E177E177EFB
:100D5000177E38869CB69CBE5A96197E7BB69CBE82
:100D60007BB6388E177E177E177E177E177E177E0E
:100D7000177E177E177E177E177E177E177E177ECB
:100D8000177E177E177E177E177E177E177E177EBB
:100D9000177E177E177E177E177E177E177E177EAB
:100DA000177E177E177E177E177E177E177E177E9B
:100DB000177E177E177E177E177E177E177E388662
:100DC0007BB69CBE7BB6197E197E398E9CB69CBEC6
:100DD0009CBE7AAE599E599E599E599E599E599EC7
:100DE000599E599E599E599E599E599E599E599E4B
:100DF000599E599E599E599E599E599E599E599E3B
:100E0000599E599E599E599E599E599E599E599E2A
:100E1000599E599E599E599E599E599E599E599E1A
:100E2000599E599E599E599E599E7AAE9CBE9CBE13
:100E30009CB6398E197E197E197E39867BB69CBE8A
:100E40009CBE9CBE9CBE9CBE9CBE9CBE9CBE9CBED2
:100E50009CBE9CBE9CBE9CBE9CBE9CBE9CBE9CBEC2
:100E60009CBE9CBE9CBE9CBE9CBE9CBE9CBE9CBEB2
:100E70009CBE9CBE9CBE9CBE9CBE9CBE9CBE9CBEA2
:100E80009CBE9CBE9CBE9CBE9CBE9CBE9CBE9CBE92
:100E90009CBE9CBE9CBE9CBE9CBE9CBE7BB6398E3E
:100EA000197E197E197E197E197E197E3A965BA6E7
:100EB0007BAE7BAE7BAE7BAE7BAE7BAE7BAE7BAEEA
:100EC0007BAE7BAE7BAE7BAE7BAE7BAE7BAE7BAEDA
:100ED0007BAE7BAE7BAE7BAE7BAE7BAE7BAE7BAECA
:100EE0007BAE7BAE7BAE7BAE7BAE7BAE7BAE7BAEBA
:100EF0007BAE7BAE7BAE7BAE7BAE7BAE7BAE7BAEAA
:100F00007BAE7BAE7BAE5BA63A96197E197E197ED0
:100F1000197E197E197E197E197E197E197E197E19
:100F2000197E197E197E197E197E197E197E197E09
:100F3000197E197E197E197E197E197E197E197EF9
:100F4000197E197E197E197E197E197E197E197EE9
:100F5000197E197E197E197E197E197E197E197ED9
:100F6000197E197E197E197E197E197E197E197EC9
:100F7000197E197E197E197E197E197E197E197EB9
:100F8000197E197E197E197E197E197E197E197EA9
:100F9000197E197E197E197E197E197E197E197E99
:100FA000197E197E197E197E197E197E197E197E89
:100FB000197E197E197E197E197E197E197E197E79
:100FC000197E197E197E197E197E197E197E197E69
:100FD000197E197E197E197E197E197E197E197E59
:100FE000197E197E197E197E197E197E197E197E49
:100FF000197E197E197E5A967BAE7BB67BB67BB680
:101000007BB67BB67BB67BB67BB67BB67BB67BB658
:101010007BB67BB67BB67BB67BB67BB67BB67BB648
:101020007BB67BB67BB67BB67BB67BB67BB67BB638
:101030007BB67BB67BB67BB67BB67BB67BB67BB628
:101040007BB67BB67BB67BB67BB67BB67BB67BB618
:101050007BAE5A9E197E197E197E197E197E197EE5
:10106000398E7BB69CBE9CBE9CBE9CBE9CBE9CBE6C
:101070009CBE9CBE9CBE9CBE9CBE9CBE9CBE9CBEA0
:101080009CBE9CBE9CBE9CBE9CBE9CBE9CBE9CBE90
:101090009CBE9CBE9CBE9CBE9CBE9CBE9CBE9CBE80
:1010A0009CBE9CBE9CBE9CBE9CBE9CBE9CBE9CBE70
:1010B0009CBE9CBE9CBE9CBE9CBE9CBE9CBE9CBE60
:1010C0009CBE7BB63A8E197E197E197E398E9CB6EF
:1010D0009CBE9CB65AA65996399639963996399639
:1010E0003996399639963996399639963996399688
:1010F0003996399639963996399639963996399678
:101100003996399639963996399639963996399667
:101110003996399639963996399639963996399657
:101120003996399639963996399659965AA69BB674
:101130009CBE9CBE3A8E197E197E7BB69CBE7BB649
:101140001786177E177E177E177E177E177E177EEF
:10115000177E177E177E177E177E177E177E177EE7
:10116000177E177E7AAE177E177E177E177E177E44
:10117000177E177E177E177E177E177E177E177EC7
:10118000177E177E177E177E177E177E177E177EB7
:10119000177E177E177E177E177E177E17867BAE0B
:1011A0009CBE7BB6197E3A969CBE9CB61886177E6E
:1011B000177E177E177E177E177E177E177E177E87
:1011C000177E177E9BB6177E177E177E177E177EBB
:1011D00038967BB6177E177E177E177E177E177E92
:1011E000177E177E177E177E177E177E177E177E57
:1011F000177E177E177E177E177E177E177E177E47
:10120000177E177E177E177E177E177E17869CB671
:101210009CBE5A967BA69CBE5AA6177E177E177E4A
:10122000177E177E177E177E177E177E177E177E16
:10123000177E5AA67AAE177E177E177E177E7AAE75
:101240009CB6177E177E177E177E177E177E177E39
:10125000177E177E177E177E177E177E177E177EE6
:10126000177E177E177E177E177E177E177E177ED6
:10127000177E177E177E177E177E177E5AA69CBE96
:101280007BAE7BAE9CBE599E177E177E177E177E67
:10129000177E177E177E177E177E177E177E177EA6
:1012A000599E5A9E388E177E177E17865AA67BAE99
:1012B000177E177E177E177E177E177E599E177E24
:1012C000177E177E177E177E177E177E177E177E76
:1012D000177E177E177E177E177E177E177E177E66
:1012E000177E177E177E177E177E59969CBE7BB69B
:1012F0007BB69CBE5996177E177E177E177E177E8B
:10130000177E38863896177E177E177E177E388EA2
:1013100059967BAE177E177E388E39967AAE177E39
:10132000177E177E177E177E5AA67AAE1786177E0F
:10133000177E177E177E177E177E177E177E177E05
:10134000177E177E177E177E177E177E177E177EF5
:10135000177E177E177E177E39969CBE7BB67BB6AE
:101360009CBE5996177E177E177E177E177E177EB6
:1013700018867BB65AA6177E177E177E17865A9E4A
:1013800017865AA6177E7AAE177E5AA61786177E3C
:10139000177E59969BB67AA61786177E177E177EFC
:1013A000177E177E177E177E177E177E177E177E95
:1013B000177E177E177E177E177E177E177E177E85
:1013C000177E177E177E39969CBE7BB67BB69CBE79
:1013D0005996177E177E177E177E177E177E177E0B
:1013E000177E7BAE7AA67AAE177E177E7BAE177E0F
:1013F0005A9E5AA67BB659965AA6388E177E3996AB
:10140000388E3996388E177E177E177E177E177E98
:10141000177E177E177E177E177E177E177E177E24
:10142000177E177E177E177E177E177E177E177E14
:10143000177E177E39969CBE7BB67BB69CBE5996AE
:10144000177E177E177E177E177E177E177E177EF4
:1014500017865AA6177E9BB6388E9BB69BB69BB650
:101460005A9E5AA67BAE9BB67BB6599E388E177E87
:101470007BB6177E177E177E177E177E177E177E28
:10148000177E177E177E177E177E177E177E177EB4
:10149000177E177E177E177E177E177E177E177EA4
:1014A000177E39969CBE7BB67BB69CBE5996177E3E
:1014B000177E177E177E177E177E177E177E177E84
:1014C0005AA61786177E5A9E7BB6599E177E177EA0
:1014D000177E177E177E177E7AA67BAE38963996D2
:1014E000177E177E177E177E177E177E177E177E54
:1014F000177E177E177E177E177E177E177E177E44
:10150000177E177E177E177E177E177E177E177E33
:1015100039969CBE7BB67BB69CBE5996177E177ECD
:10152000177E177E177E177E177E177E177E177E13
:101530009BB65AA67BAE177E177E177E177E177E48
:10154000177E177E177E177E5AA67AAE177E177EF5
:10155000177E177E177E177E177E177E177E177EE3
:10156000177E177E177E177E177E177E177E177ED3
:10157000177E177E177E177E177E177E177E399689
:101580009CBE7BB67BB69CBE5996177E177E177E97
:10159000388E388E388617861786177E177E388ED7
:1015A0007BB6177E177E177E177E177E177E177EF7
:1015B000177E177E177E17867AA6599E599E5A9EC9
:1015C0005AA67BAE7BB69CB6177E177E177E177E1B
:1015D000177E177E177E177E177E177E177E177E63
:1015E000177E177E177E177E177E177E39969CBE54
:1015F0007BB67BB69CBE5996177E177E177E599692
:101600007BB67AAE5AA65AA67AAE7BAE9CBE178639
:10161000177E177E177E177E177E177E177E177E22
:10162000177E177E177E39967BB6388E18863996C8
:101630005AA65AA6177E177E177E177E177E177E2C
:10164000177E177E177E177E177E177E177E177EF2
:10165000177E177E177E177E177E39969CBE7BB647
:101660007BB69CBE5996177E177E177E177E177E17
:10167000388E7BAE5996177E18867BB6177E177EFE
:10168000177E177E177E177E177E177E177E177EB2
:10169000177E177E177E9CB6177E5AA65996178618
:1016A000177E177E177E588EFBB6FBBEDAAE999E6C
:1016B000177E177E177E177E177E177E177E177E82
:1016C000177E177E177E177E39969CBE7BB67BB63B
:1016D0009CBE5996177E177E177E177E177E177E43
:1016E000177E388E7BB6599E7AAE177E177E177E90
:1016F000177E177E177E177E177E177E177E177E42
:10170000177E177E7BAE7BAE1786177E177E177E01
:10171000177E177E177E37861BBFFFFFFFFFFFFF79
:101720005CD77996177E177E177E177E177E177EF9
:10173000177E177E177E39969CBE7BB67BB69CBE05
:101740005996177E177E177E177E177E177E177E97
:10175000177E177E7BAE5AA6177E177E177E177EE2
:10176000177E177E177E177E177E177E177E177ED1
:10177000177E7BAE599E177E177E177E177E177ECB
:10178000177E177E177E177E588E9EE7FFFFFFFF9E
:10179000FFFF5CD73786177E177E177E177E177E72
:1017A000177E177E39969CBE7BB67BB69CBE59963B
:1017B000177E177E177E177E177E177E177E177E81
:1017C00039969BB65A9E177E177E177E177E177E18
:1017D000177E177E177E177E177E177E177E177E61
:1017E0009BB659967BB6388E177E177E177E177E6E
:1017F000177E177E177E177E177E9DE7FFFFFFFF80
:10180000FFFFDEF75896177E177E177E177E177E2E
:10181000177E39969CBE7BB67BB69CBE5996177ECA
:10182000177E177E177E177E177E5A9E9CB6388EBF
:1018300018869BB6177E177E177E177E177E177E3B
:10184000177E177E177E177E177E177E388E9CBEFA
:10185000177E177E59967BAE599E177E177E177E90
:10186000177E177E177E177E3786DEF7FFFFFFFF96
:10187000FFFFDFF7588E177E177E177E177E177EC5
:1018800039969CBE7BB67BB69CBE5996177E177E5A
:10189000177E177E388E7BB6388E3886388E39960E
:1018A0009CBE1786177E177E177E177E177E177EC3
:1018B000177E177E177E177E177E599E7BB67BAEEE
:1018C0007BB67BB69BB69CBE9BB67BB6177E177E5F
:1018D000177E177E177E177EB9A6FFFFFFFFFFFF5B
:1018E000FFFFBEEF177E177E177E177E177E399695
:1018F0009CBE7BB67BB69CBE5996177E177E177E24
:101900007BB67BAE7AA65AA6599E599638965AA6A9
:101910005AA6177E177E177E177E177E177E177EB4
:10192000177E177E177E177E9BB6177E177E177E53
:10193000177E177E177E177E177E177E177E177EFF
:10194000177E177E177E177EBEE7FFFFFFFFFFFFA4
:10195000FFFF1BC7177E177E177E177E39969CBE2A
:101960007BB67BB69CBE5996177E177E177E177E78
:10197000177E177E177E177E177E177E39967BB6E9
:101980007AA6177E177E177E177E177E177E177E24
:10199000177E17869CBE17867AAE177E177E177E37
:1019A000177E177E177E177E177E177E177E177E8F
:1019B000177E177E177EFBBEFFFFFFFFFFFFFFFFB7
:1019C000FFFF3786177E177E177E39969CBE7BB643
:1019D0007BB69CBE5996177E177E177E177E177EA4
:1019E000177E177E177E177E177E7BB6177E599659
:1019F0007BB6388E177E177E177E177E17867AAED7
:101A00009BB67BAE3886177E7AA61786177E177E22
:101A1000177E177E177E177E177E177E177E177E1E
:101A2000177E177E999EFFFFFFFFFFFFFFFFFFFF5F
:101A3000FBB6177E177E177E39969CBE7BB67BB6AB
:101A40009CBE5996177E177E177E177E177E177ECF
:101A5000177E177E177E7BAE177E18867BB659964B
:101A60009BB69CB67BB67AA67BB69CB67BAE599EDF
:101A7000177E5A9E3996388E599E177E177E177E8E
:101A8000177E177E177E177E177E177E177E177EAE
:101A9000177E588EFFFFFFFFFFFFFFFFFFFF7DDF79
:101AA000177E177E177E39969CBE7BB67BB69CBE92
:101AB0005996177E177E177E177E177E177E177E24
:101AC000177E17865AA65A9E5A9E177E17865AA6C2
:101AD000177E7BB6599E5AA6188617865AA6177E79
:101AE000177E388E7BAE5996388E177E177E177EFE
:101AF000177E177E177E177E177E177E177E177E3E
:101B0000588EFFFFFFFFFFFFFFFFFFFFDFF7177E8E
:101B1000177E177E39969CBE7BB67BB69CBE5996C7
:101B2000177E177E177E177E177E177E177E177E0D
:101B30007AAE7BAE1886177E177E17865AA6178652
:101B40005AA6177E177E7BB6177E7BAE177E177E52
:101B5000177E177E388E9CBE1786177E177E177EDF
:101B6000177E177E177E177E177E177E177E99A623
:101B7000FFFFFFFFFFFFFFFFFFFFFFFF177E177E47
:101B8000177E39969CBE7BB67BB69CBE5996177E57
:101B9000177E177E177E177E177E177E599E7BB69F
:101BA000177E177E177E177E177E7AA67AAE177E6F
:101BB000177E177E3886599E9BB6177E177E177E36
:101BC000177E177E177E177E177E177E177E177E6D
:101BD000177E177E177E177E177E177E1BC7FFFFA7
:101BE000FFFFFFFFFFFFFFFFFFFF177E177E177E40
:101BF00039969CBE7BB67BB69CBE5996177E177EE7
:101C0000177E177E177E177E177E38861886177EFA
:101C1000177E177E177E177E7AAE7BB6177E177EED
:101C2000177E177E7BAE7BAE177E177E177E177EE4
:101C3000177E177E177E177E177E177E177E177EFC
:101C4000177E177E177E177E177EDFF7FFFFFFFFD9
:101C5000FFFFFFFFFFFFFFFF177E177E177E3996FE
:101C60009CBE7BB67BB69CBE5996177E177E177EB0
:101C7000177E177E177E177E177E177E177E177EBC
:101C8000177E177E177E7BB63996177E177E177ED6
:101C9000177E17865AA61786177E177E177E177E21
:101CA000177E177E177E177E177E177E177E177E8C
:101CB000177E177E177EFBB6FFFFFFFFFFFFFFFFBC
:101CC000FFFFFFFFBEE7177E177E177E39969CBE8B
:101CD0007BB67BB69CBE5996177E177E177E177E05
:101CE000177E177E177E177E177E177E177E177E4C
:101CF000177E177E7BB6177E177E177E177E177EA0
:101D0000177E3996388E177E177E177E177E177EC0
:101D1000177E177E177E177E177E177E177E177E1B
:101D2000177E7896FFFFFFFFFFFFFFFFFFFFFFFF1C
:101D3000FFFF1CC7177E177E177E39969CBE7BB6A9
:101D40007BB69CBE5996177E177E177E177E177E30
:101D5000177E177E177E177E177E177E177E177EDB
:101D6000177E7BB6177E177E177E177E177E177E2F
:101D7000177E177E177E177E177E177E177E177EBB
:101D8000177E177E177E177E177E177E177E799631
:101D9000DFF7FFFFFFFFFFFFFFFFFFFFFFFFFFFF7B
:101DA0007896177E177E177E39969CBE7BB67BB6DB
:101DB0009CBE5996177E177E177E177E177E177E5C
:101DC000177E177E177E177E177E177E177E177E6B
:101DD000177E177E177E177E177E177E177E177E5B
:101DE000177E7896DAAE177E177E177E177E177EDF
:101DF000177E177E177E177E177EFBBEFFFFFFFF45
:101E0000FFFFFFFFFFFFFFFFFFFFFFFF7DDF177EED
:101E1000177E177E177E39969CBE7BB67BB69CBE1E
:101E20005996177E177E177E177E177E177E177EB0
:101E3000177E177E177E177E177E177E177E177EFA
:101E4000177E177E177E177E177E177E177E177EEA
:101E5000177E5CD7DEEF1BBF799E177E177E177E3D
:101E6000177E999E1BC7DFF7FFFFFFFFFFFFFFFFF6
:101E7000FFFFFFFFFFFFFFFFFFFF588E177E177E5C
:101E8000177E177E39969CBE7BB67BB69CBE599654
:101E9000177E177E177E177E177E177E177E177E9A
:101EA000177E177E177E177E177E177E177E177E8A
:101EB000177E177E177E177E177E177E177E177E7A
:101EC000377EBEE7FFFFFFFFFFFFFFFFFFFFFFFFC4
:101ED000FFFFFFFFFFFFFFFFFFFFFFFFFFFFFFFF12
:101EE000FFFFFFFFFFFFBAAE177E177E177E177E3C
:101EF000177E39969CBE7BB67BB69CBE5996177EE4
:101F0000177E177E177E177E177E177E177E177E29
:101F1000177E177E177E177E177E177E177E177E19
:101F2000177E177E177E177E177E177E177E177E09
:101F300037869EE7FFFFFFFFFFFFFFFFFFFFFFFF6B
:101F4000FFFFFFFFFFFFFFFFFFFFFFFFFFFFFFFFA1
:101F5000FFFFDAAE177E177E177E177E177E177E7D
:101F600039969CBE7BB67BAE9CBE599E177E177E73
:101F7000177E177E177E177E177E177E177E177EB9
:101F8000177E177E177E177E177E177E177E177EA9
:101F9000177E177E177E177E177E177E177E177E99
:101FA000177E3CCFFFFFFFFFFFFFFFFFFFFFFFFF9D
:101FB000FFFFFFFFFFFFFFFFFFFFFFFFDEF7999E21
:101FC000177E177E177E177E177E177E177E59960F
:101FD0009CBE7BB67BA69CBE7AA6177E177E177E1C
:101FE000177E177E177E177E177E177E177E177E49
:101FF000177E177E177E177E177E177E177E177E39
:10200000177E177E177E177E177E177E177E177E28
:10201000177E78967DD7FFFFFFFFFFFFFFFFFFFFD3
:10202000FFFFFFFFFFFFDEF7FBBE177E177E177E69
:10203000177E177E177E177E177E177E5AA69CBEC8
:102040007BAE3A969CBE9CBE3886177E177E177E66
:10205000177E177E177E177E177E177E177E177ED8
:10206000177E177E177E177E177E177E177E177EC8
:10207000177E177E177E177E177E177E177E177EB8
:10208000177E177E3786BAA61BBF5CCF5CD73CCFC6
:10209000FBB67896177E177E177E177E177E177E03
:1020A000177E177E177E177E38869CB69CBE5A9682
:1020B000197E7BB69CBE7BB6388E177E177E177E48
:1020C000177E177E177E177E177E177E177E177E68
:1020D000177E177E177E177E177E177E177E177E58
:1020E000177E177E177E177E177E177E177E177E48
:1020F000177E177E177E177E177E177E177E177E38
:10210000177E177E177E177E177E177E177E177E27
:10211000177E177E38867BB69CBE7BB6197E197EED
:10212000398E9CB69CBE9CBE7AAE599E599E599ED5
:10213000599E599E599E599E599E599E599E599EE7
:10214000599E599E599E599E599E599E599E599ED7
:10215000599E599E599E599E599E599E599E599EC7
:10216000599E599E599E599E599E599E599E599EB7
:10217000599E599E599E599E599E599E599E599EA7
:102180007AAE9CBE9CBE9CB6398E197E197E197E95
:1021900039867BB69CBE9CBE9CBE9CBE9CBE9CBE33
:1021A0009CBE9CBE9CBE9CBE9CBE9CBE9CBE9CBE5F
:1021B0009CBE9CBE9CBE9CBE9CBE9CBE9CBE9CBE4F
:1021C0009CBE9CBE9CBE9CBE9CBE9CBE9CBE9CBE3F
:1021D0009CBE9CBE9CBE9CBE9CBE9CBE9CBE9CBE2F
:1021E0009CBE9CBE9CBE9CBE9CBE9CBE9CBE9CBE1F
:1021F0009CBE7BB6398E197E197E197E197E197E9A
:10220000197E3A965BA67BAE7BAE7BAE7BAE7BAE99
:102210007BAE7BAE7BAE7BAE7BAE7BAE7BAE7BAE76
:102220007BAE7BAE7BAE7BAE7BAE7BAE7BAE7BAE66
:102230007BAE7BAE7BAE7BAE7BAE7BAE7BAE7BAE56
:102240007BAE7BAE7BAE7BAE7BAE7BAE7BAE7BAE46
:102250007BAE7BAE7BAE7BAE7BAE7BAE5BA63A96B7
:10226000197E197E197E197E197E197E197E197EB6
:10227000197E197E197E197E197E197E197E197EA6
:10228000197E197E197E197E197E197E197E197E96
:10229000197E197E197E197E197E197E197E197E86
:1022A000197E197E197E197E197E197E197E197E76
:1022B000197E197E197E197E197E197E197E197E66
:1022C000197E197E197E197E197E197E197E197E56
:1022D000197E197E197E197E197E197E197E197E46
:1022E000197E197E197E197E197E197E197E197E36
:1022F000197E197E197E197E197E197E197E197E26
:10230000197E197E197E197E197E197E197E197E15
:10231000197E197E197E197E197E197E197E197E05
:10232000197E197E197E197E197E197E197E197EF5
:10233000197E197E197E197E197E197E197E197EE5
:10234000197E197E197E197E197E197E5A967BAEEA
:102350007BB67BB67BB67BB67BB67BB67BB67BB6F5
:102360007BB67BB67BB67BB67BB67BB67BB67BB6E5
:102370007BB67BB67BB67BB67BB67BB67BB67BB6D5
:102380007BB67BB67BB67BB67BB67BB67BB67BB6C5
:102390007BB67BB67BB67BB67BB67BB67BB67BB6B5
:1023A0007BB67BB67BB67BAE5A9E197E197E197EB4
:1023B000197E197E197E398E7BB69CBE9CBE9CBE52
:1023C0009CBE9CBE9CBE9CBE9CBE9CBE9CBE9CBE3D
:1023D0009CBE9CBE9CBE9CBE9CBE9CBE9CBE9CBE2D
:1023E0009CBE9CBE9CBE9CBE9CBE9CBE9CBE9CBE1D
:1023F0009CBE9CBE9CBE9CBE9CBE9CBE9CBE9CBE0D
:102400009CBE9CBE9CBE9CBE9CBE9CBE9CBE9CBEFC
:102410009CBE9CBE9CBE9CBE7BB63A8E197E197E2D
:10242000197E398E9CB69CBE9CB65AA65996399692
:102430003996399639963996399639963996399624
:102440003996399639963996399639963996399614
:102450003996399639963996399639963996399604
:1024600039963996399639963996399639963996F4
:1024700039963996399639963996399639963996E4
:1024800059965AA69BB69CBE9CBE3A8E197E197E62
:102490007BB69CBE7BB61786177E177E177E177E8F
:1024A000177E177E177E177E177E177E177E177E84
:1024B000177E177E177E177E177E177E177E177E74
:1024C000177E177E177E177E177E177E177E177E64
:1024D000177E177E177E177E177E177E177E177E54
:1024E000177E177E177E177E177E177E177E177E44
:1024F000177E17867BAE9CBE7BB6197E3A969CBE35
:102500009CB61886177E177E177E177E177E177E5D
:10251000177E177E177E177E177E177E177E177E13
:10252000177E177E177E78965BDF177E177E177EE5
:10253000177E177E177E177E177E177E177E177EF3
:10254000177E177E177E177E177E177E177E177EE3
:10255000177E177E177E177E177E177E177E177ED3
:10256000177E17869CB69CBE5A967BA69CBE5AA622
:10257000177E177E177E177E177E177E177E177EB3
:10258000177E177E177E177E177E177E177E177EA3
:10259000177E177E578EFFFF7896177E177E177E61
:1025A000578E177E177E177E177E177E177E177E33
:1025B000177E177E177E177E177E177E177E177E73
:1025C000177E177E177E177E177E177E177E177E63
:1025D000177E5AA69CBE7BAE7BAE9CBE599E177ED4
:1025E000177E177E177E177E177E177E177E177E43
:1025F000177E177E177E177E177E177E177E177E33
:10260000177E177EBDEF1ACF177E177E177EBDF798
:102610003ACF177E177E177E177E177E177E177E9E
:10262000177E177E177E177E177E177E177E177E02
:10263000177E177E177E177E177E177E177E177EF2
:1026400059969CBE7BB67BB69CBE5996177E177E6C
:10265000177E177E177E177E177E177E177E177ED2
:10266000177E177E177E177E177E177E177E177EC2
:10267000177E1ACFBDEF177E177E5BD7DEF7378642
:10268000177E177E177ED9B6BDEF177E177E177E91
:10269000177E177E177E177E177E177E177E177E92
:1026A000177E177E177E177E177E177E177E399648
:1026B0009CBE7BB67BB69CBE5996177E177E177E56
:1026C000177E177E177E177E177E177E177E177E62
:1026D000177E177E177E177E378E177E177E177E22
:1026E0007896FFFF578EB9B6FFFF989E177E177E2C
:1026F000177E177E98A6FFFF177E177E177E177E20
:10270000B9AE5BD7177E177E177E177E177E177EB2
:10271000177E177E177E177E177E177E39969CBE12
:102720007BB67BB69CBE5996177E177E177E177EAA
:10273000177E177E177E177E177E177E177E177EF1
:10274000177E177EB9AEFFFF9DEFFABE3786177E64
:10275000DEF73ACFFFFF1AC7177E177E177E177E68
:10276000177E177EFFFF98A6177E177E989EFFFFA5
:102770001ACF177E177E177E177E177E177E177E5D
:10278000177E177E177E177E177E39969CBE7BB606
:102790007BB69CBE5996177E177E177E177E177ED6
:1027A000177E177E177E177E177E177E177E177E81
:1027B000177E177E789E3BD7DEF7FFFF9CE79DEFE5
:1027C000FFFF9CEF177E177E177E177E177E177E02
:1027D000177EBEF7FAC6177E7896FFFF5BD7177E87
:1027E000177E177E177E177E177E177E177E177E41
:1027F000177E177E177E177E39969CBE7BB67BB6FA
:102800009CBE5996177E177E177E177E177E177E01
:10281000177E177E177E177E177E177E177E177E10
:10282000177E177E177E177E98A65BD7DEFFFFFF09
:102830007896177E177E177E177E177E177E177E77
:102840007CDF5BDF578EDEF77CDF177E177E177E1F
:10285000177E177E177E177E177E177E177E177ED0
:10286000177E177E177E39969CBE7BB67BB69CBEC4
:102870005996177E177E177E177E177E177E177E56
:10288000177E177E177E177E177E177E177E177EA0
:10289000177E177E177E177E177E177EDEFFD9BE46
:1028A000177E177E177E177E177E177E177E1AC734
:1028B000BDF7DEF79CE7177E177E177E177E177E23
:1028C000177E177E177E177E177E177E177E177E60
:1028D000177E177E39969CBE7BB67BB69CBE5996FA
:1028E000177E177E177E177E177E177E177E177E40
:1028F000177E177E177EBDF7D9B6177E177E177E17
:10290000177E177E177E177E177E5BDF7CE7177EAC
:10291000177E177E177E177E177E177E98A6FFFFFD
:10292000FFFF5BDF1ACFD9B698A65896177E177EA1
:10293000177E177E177E177E177E177E177E177EEF
:10294000177E39969CBE7BB67BB69CBE5996177E89
:10295000177E177E177E177E177E177E177E177ECF
:10296000177E177E3BD7BDEF177E177E177E177E2B
:10297000177E177E177E177EB9AEFFFF177E177E74
:10298000177E177E177E177E177E9DEFDEF75BD7CB
:102990007CE79DEFDEF7FFFFFFFF98A6177E177E0F
:1029A000177E177E177E177E177E177E177E177E7F
:1029B00039969CBE7BB67BB69CBE5996177E177E19
:1029C000177E177E177E177E177E177E177E177E5F
:1029D000177E578EFFFF98A6177E177E177E177EED
:1029E000177E177E177E177EFFFFB9AE177E177E04
:1029F000177E177E177E7CE7DEF7578E177E177ED1
:102A0000177E177E177E3786177E177E177E177EF6
:102A1000177E177E177E177E177E177E177E3996D4
:102A20009CBE7BB67BB69CBE5996177E177E177EE2
:102A3000177E177E177E177E177E177E177E177EEE
:102A4000177E7CE77CE7177E177E177E177E177E42
:102A5000177E177E3786BEF7FFFFDFF7BEEF1BC777
:102A600037865BDFDEFF5896177E177E177E177E50
:102A7000177E177E177E177E177E177E177E177EAE
:102A8000177E177E177E177E177E177E39969CBE9F
:102A90007BB67BB69CBE5996177E177E177E177E37
:102AA000177E177E177EDEF79DEF3BD7B9AE3786D0
:102AB00098A6FFFF578E177E177E177E177E177E0C
:102AC0007896DFF7FFFFFFFFFFFFFFFFFFFFFFFF2E
:102AD000FFFF789E177E177E177E177E177E177E64
:102AE000177E177E177E177E177E177E177E177E3E
:102AF000177E177E177E177E177E39969CBE7BB693
:102B00007BB69CBE5996177E177E177E177E177E62
:102B1000177E177EB9AE3ACF9DEFFFFFFFFFDEF7BE
:102B2000DFFF9DEF789E177E177E177E3786DFF7D3
:102B3000FFFFFFFFFFFFFFFFFFFFFFFFFFFFFFFFA5
:102B40003786177E177E177E177E177E177E177EB5
:102B5000177E177E177E177E177E177E177E177ECD
:102B6000177E177E177E177E39969CBE7BB67BB686
:102B70009CBE5996177E177E177E177E177E177E8E
:102B8000177E177E177E177E177E78961AC7DEFF90
:102B9000DEF7FFFFFFFF9DEF3BCF5CD7FFFFFFFF9F
:102BA000DFF7999E177E999EDEEFFFFFFFFF1BC7A1
:102BB000177E177E177E177E177E177E177E378E3D
:102BC000BDEFF9BE177E177E177E177E177E177E24
:102BD000177E177E177E39969CBE7BB67BB69CBE51
:102BE0005996177E177E177E177E177E177E177EE3
:102BF000177E177E177E177E5896DEF7BDEF378E4D
:102C00003786B9AE3BD79DEFFFFFFFFFFFFF99A6C9
:102C1000177E177E177E999EFFFFFFFFBEE7177E88
:102C2000177E177E177E177E177E7896DEF79DEF4C
:102C30003786177E177E177E177E177E177E177EC4
:102C4000177E177E39969CBE7BB67BB69CBE599686
:102C5000177E177E177E177E177E177E177E177ECC
:102C6000177E177E989EDEFF7CE71786177E177EFD
:102C7000177E177E177EBEEFFFFFFFFF3786177E9A
:102C8000177E177E377EFFFFFFFFDFF7177E177E69
:102C9000177E177E177E98A6FFFF7CE7177E177EAC
:102CA000177E177E177E177E177E177E177E177E7C
:102CB000177E39969CBE7BB67BB69CBE5996177E16
:102CC000177E177E177E177E177E177E177E177E5C
:102CD000B9B6FFFF5BD7177E177E177E177E177E6C
:102CE000177E177E9DDFFFFFFFFFBAA6177E177EB8
:102CF000177E999EFFFFFFFFFFFFBEF75BDFF9BE68
:102D00007896D9B6FFFF3BD7177E177E177E177EC2
:102D1000177E177E177E177E177E177E177E177E0B
:102D200039969CBE7BB67BB69CBE5996177E177EA5
:102D3000177E177E177E177E177E177E378EFFFF52
:102D40001AC7177E177E177E177E177E177E177E8F
:102D5000177EFBB6FFFFFFFFDFF7BAA63886B9A6DE
:102D6000DFF7FFFFFFFF3CCFFAC67CDFDEF7FFFF98
:102D7000FFFFBEF71ACF98A61786177E177E177E1D
:102D8000177E177E177E177E177E177E177E399661
:102D90009CBE7BB67BB69CBE5996177E177E177E6F
:102DA000177E177E177E177E177E177E378E177E4B
:102DB000177E177E177E177E177E177E177E177E6B
:102DC000177EDEF7FFFFFFFFFFFFFFFFFFFFFFFFA5
:102DD000FFFFDFF73786177E177E177E98A6FFFF67
:102DE0005BDFBDEFFFFFFFFFBDF75BDFF9BE177EC7
:102DF000177E177E177E177E177E177E39969CBE2C
:102E00007BB67BB69CBE5996177E177E177E177EC3
:102E1000177E177E177E177E177E177E177E177E0A
:102E2000177E177E177E177E177E177E177E3786D2
:102E3000DEF7FFFFFFFFFFFFFFFFFFFFFFFFDEF7F4
:102E40005896177E177E177E177E177EBDEF3BD7ED
:102E5000177E177E989E1AC77CE7BDF7177E177EF0
:102E6000177E177E177E177E177E39969CBE7BB61F
:102E70007BB69CBE5996177E177E177E177E177EEF
:102E8000177E177E177E177E177E177E177E177E9A
:102E9000177E177E177E177E177E177E9DEFBDF774
:102EA000378EFBB69DDFBEEFDEF7DEF7177E177EAF
:102EB000177E177E177E177E177ED9B6FFFF1786FF
:102EC000177E177E177E177E177E177E177E177E5A
:102ED000177E177E177E177E39969CBE7BB67BB613
:102EE0009CBE5996177E177E177E177E177E177E1B
:102EF000177E177E177E177E37863ACFF9BEB9AE9A
:102F000078961786177E177E7CE7DEF7378E177E5A
:102F1000177E177E177E989EFFFF3786177E177ED7
:102F2000177E177E177E177E177EDEFFFAC6177E86
:102F3000177E177E177E177E177E177E177E177EE9
:102F4000177E177E177E39969CBE7BB67BB69CBEDD
:102F50005996177E177E177E177E177E177E177E6F
:102F6000177E177E177E578E9DEFBEF7FFFFFFFF80
:102F7000FFFFFFFFBDEFDEFF578E177E177E177E28
:102F8000177E177E177EDEF7F9BE177E177E177E37
:102F9000177E177E177E177E1ACFDEF7177E177EF5
:102FA000177E177E177E177E177E177E177E177E79
:102FB000177E177E39969CBE7BB67BB69CBE599613
:102FC000177E177E177E177E177E177E177E177E59
:102FD000177E177E177E177E177E177E37867896A8
:102FE0007CE7FFFF3BCF177E177E177E177E177E8D
:102FF000177E177E5BDF7CE7177E177E177E177EB6
:10300000177E177E177E3786FFFF98A6177E177EDE
:10301000177E177E177E177E177E177E177E177E08
:10302000177E39969CBE7BB67BB69CBE5996177EA2
:10303000177E177E177E177E177E177E177E177EE8
:10304000177E177E177E177E177E177E1ACFFFFF1B
:103050009CE77CDF177E177E177E177E177E177E14
:10306000177EB9AEFFFFD9B6177E177E177E177E83
:10307000177E177E177E578E177E177E177E177E58
:10308000177E177E177E177E177E177E177E177E98
:1030900039969CBE7BB67BB69CBE5996177E177E32
:1030A000177E177E177E177E177E177E177E177E78
:1030B000177E177E177E177EF9BEFFFFB9AEFAC6E0
:1030C000BDF7177E177E177E177E177E177E177E39
:1030D000BEF7FFFFFFFFFFFF5BDF98A6177E177E9F
:1030E000177E177E177E177E177E177E177E177E38
:1030F000177E177E177E177E177E177E177E3996EE
:103100009CBE7BB67BB69CBE5996177E177E177EFB
:10311000177E177E177E177E177E177E177E177E07
:10312000177E177ED9B6FFFFD9B6177E98A6FFFF88
:10313000177E177E177E177E177E177E5BDFDEF702
:103140007CE77CE7D9B67CE7FFFFDEFF3BD7177E45
:10315000177E177E177E177E177E177E177E177EC7
:10316000177E177E177E177E177E177E39969CBEB8
:103170007BB67BB69CBE5996177E177E177E177E50
:10318000177E177E177E177E177E177E177E177E97
:1031900098A6FFFFFAC6177E177E177EFFFF789E60
:1031A000177E177E177E177ED9B6FFFF989ED9B679
:1031B000FFFF177E177E3786F9BE1AC7177E177E68
:1031C000177E177E177E177E177E177E177E177E57
:1031D000177E177E177E177E177E39969CBE7BB6AC
:1031E0007BB69CBE5996177E177E177E177E177E7C
:1031F000177E177E177E177E177E177E177EBDEF10
:103200003ACF177E177E177E177EBEF7FABE177E5F
:10321000177E177E578EFFFF1AC7177E1786FFFF90
:1032200098A6177E177E177E177E177E177E177E4D
:10323000177E177E177E177E177E177E177E177EE6
:10324000177E177E177E177E39969CBE7BB67BB69F
:103250009CBE5996177E177E177E177E177E177EA7
:10326000177E177E177E177E177E177E3786177E8E
:10327000177E177E177E177EF9BE98A6177E177EDB
:10328000177EBDEF9CEF177E177E177E9CE75BD7FE
:10329000177E177E177E177E177E177E177E177E86
:1032A000177E177E177E177E177E177E177E177E76
:1032B000177E177E177E39969CBE7BB67BAE9CBE72
:1032C000599E177E177E177E177E177E177E177EF4
:1032D000177E177E177E177E177E177E177E177E46
:1032E000177E177E177E177E177E177E177E177E36
:1032F0005BD7378E177E177E177EF9BEDEF7177EF7
:10330000177E177E177E177E177E177E177E177E15
:10331000177E177E177E177E177E177E177E177E05
:10332000177E177E59969CBE7BB67BA69CBE7AA65E
:10333000177E177E177E177E177E177E177E177EE5
:10334000177E177E177E177E177E177E177E177ED5
:10335000177E177E177E177E177E177E177E177EC5
:10336000177E177E177E177E3786FFFF789E177EA3
:10337000177E177E177E177E177E177E177E177EA5
:10338000177E177E177E177E177E177E177E177E95
:10339000177E5AA69CBE7BAE3A969CBE9CBE3886D3
:1033A000177E177E177E177E177E177E177E177E75
:1033B000177E177E177E177E177E177E177E177E65
:1033C000177E177E177E177E177E177E177E177E55
:1033D000177E177E177E177E1ACF789E177E177E70
:1033E000177E177E177E177E177E177E177E177E35
:1033F000177E177E177E177E177E177E177E3886FC
:103400009CB69CBE5A96197E7BB69CBE7BB6388E07
:10341000177E177E177E177E177E177E177E177E04
:10342000177E177E177E177E177E177E177E177EF4
:10343000177E177E177E177E177E177E177E177EE4
:10344000177E177E177E177E177E177E177E177ED4
:10345000177E177E177E177E177E177E177E177EC4
:10346000177E177E177E177E177E38867BB69CBE2A
:103470007BB6197E197E398E9CB69CBE9CBE7AAEF8
:10348000599E599E599E599E599E599E599E599E84
:10349000599E599E599E599E599E599E599E599E74
:1034A000599E599E599E599E599E599E599E599E64
:1034B000599E599E599E599E599E599E599E599E54
:1034C000599E599E599E599E599E599E599E599E44
:1034D000599E599E599E7AAE9CBE9CBE9CB6398E12
:1034E000197E197E197E39867BB69CBE9CBE9CBE19
:1034F0009CBE9CBE9CBE9CBE9CBE9CBE9CBE9CBEFC
:103500009CBE9CBE9CBE9CBE9CBE9CBE9CBE9CBEEB
:103510009CBE9CBE9CBE9CBE9CBE9CBE9CBE9CBEDB
:103520009CBE9CBE9CBE9CBE9CBE9CBE9CBE9CBECB
:103530009CBE9CBE9CBE9CBE9CBE9CBE9CBE9CBEBB
:103540009CBE9CBE9CBE9CBE7BB6398E197E197EED
:10355000197E197E197E197E3A965BA67BAE7BAEEC
:103560007BAE7BAE7BAE7BAE7BAE7BAE7BAE7BAE13
:103570007BAE7BAE7BAE7BAE7BAE7BAE7BAE7BAE03
:103580007BAE7BAE7BAE7BAE7BAE7BAE7BAE7BAEF3
:103590007BAE7BAE7BAE7BAE7BAE7BAE7BAE7BAEE3
:1035A0007BAE7BAE7BAE7BAE7BAE7BAE7BAE7BAED3
:1035B0007BAE5BA63A96197E197E197E197E197E1E
:1035C000197E197E197E197E197E197E197E197E43
:1035D000197E197E197E197E197E197E197E197E33
:1035E000197E197E197E197E197E197E197E197E23
:1035F000197E197E197E197E197E197E197E197E13
:10360000197E197E197E197E197E197E197E197E02
:10361000197E197E197E197E197E197E197E197EF2
:10362000197E197E197E197E197E197E197E197EE2
:10363000197E197E197E197E197E197E197E197ED2
:10364000197E197E197E197E197E197E197E197EC2
:10365000197E197E197E197E197E197E197E197EB2
:10366000197E197E197E197E197E197E197E197EA2
:10367000197E197E197E197E197E197E197E197E92
:10368000197E197E197E197E197E197E197E197E82
:10369000197E197E197E197E197E197E197E197E72
:1036A000197E5A967BAE7BB67BB67BB67BB67BB675
:1036B0007BB67BB67BB67BB67BB67BB67BB67BB682
:1036C0007BB67BB67BB67BB67BB67BB67BB67BB672
:1036D0007BB67BB67BB67BB67BB67BB67BB67BB662
:1036E0007BB67BB67BB67BB67BB67BB67BB67BB652
:1036F0007BB67BB67BB67BB67BB67BB67BAE5A9E83
:10370000197E197E197E197E197E197E398E7BB637
:103710009CBE9CBE9CBE9CBE9CBE9CBE9CBE9CBED9
:103720009CBE9CBE9CBE9CBE9CBE9CBE9CBE9CBEC9
:103730009CBE9CBE9CBE9CBE9CBE9CBE9CBE9CBEB9
:103740009CBE9CBE9CBE9CBE9CBE9CBE9CBE9CBEA9
:103750009CBE9CBE9CBE9CBE9CBE9CBE9CBE9CBE99
:103760009CBE9CBE9CBE9CBE9CBE9CBE9CBE7BB6B2
:103770003A8E197E197E197E398E9CB69CBE9CB6F7
:103780005AA6599639963996399639963996399670
:1037900039963996399639963996399639963996B1
:1037A00039963996399639963996399639963996A1
:1037B0003996399639963996399639963996399691
:1037C0003996399639963996399639963996399681
:1037D00039963996399659965AA69BB69CBE9CBE88
:1037E0003A8E197E197E7BB69CBE7BB61786177EF5
:1037F000177E177E177E177E177E177E177E177E21
:10380000177E177E177E177E177E177E177E177E10
:10381000177E177E177E177E177E177E177E177E00
:10382000177E177E177E177E177E177E177E177EF0
:10383000177E177E177E177E177E177E177E177EE0
:10384000177E177E177E177E17867BAE9CBE7BB6D3
:10385000197E3A969CBE9CB61886177E177E177EF8
:10386000177E177E177E177E177E177E177E177EB0
:10387000177E177E177E177E177E177E177E177EA0
:10388000177E177E177E177E177E177E177E177E90
:10389000177E177E177E177E177E177E177E177E80
:1038A000177E177E177E177E177E177E177E177E70
:1038B000177E177E177E177E17869CB69CBE5A967B
:1038C0007BA69CBE5AA6177E177E177E177E177E94
:1038D000177E177E177E177E177E177E177E177E40
:1038E000177E177E177E177E177E177E177E177E30
:1038F000177E177E177E956D177E177E177E177EB3
:10390000177E177E177E177E177E177E177E177E0F
:10391000177E177E177E177E177E177E177E177EFF
:10392000177E177E177E177E5AA69CBE7BAE7BAE97
:103930009CBE599E177E177E177E177E177E177EB8
:10394000177E177E177E177E177E177E177E177ECF
:10395000177E177E177E177E177E177E177E177EBF
:10396000D6750F446D3B177E177E177E177E177E28
:10397000177E177E177E177E177E177E177E177E9F
:10398000177E177E177E177E177E177E177E177E8F
:10399000177E177E177E59969CBE7BB67BB69CBE63
:1039A0005996177E177E177E177E177E177E177E15
:1039B000177E177E177E177E177E177E177E177E5F
:1039C000177E177E177E177E177E177E746D2C3339
:1039D000AA2A0B2B177E177E177E177E177E177E5F
:1039E000177E177E177E177E177E177E177E177E2F
:1039F000177E177E177E177E177E177E177E177E1F
:103A0000177E177E39969CBE7BB67BB69CBE5996B8
:103A1000177E177E177E177E177E177E177E177EFE
:103A2000177E177E177E177E177E177E177E177EEE
:103A3000177E177E177E177EF35CCB2AAA2AAA2A46
:103A4000AA2AD675177E177E177E177E177E177ED9
:103A5000177E177E177E177E177E177E177E177EBE
:103A6000177E177E177E177E177E177E177E177EAE
:103A7000177E39969CBE7BB67BB69CBE5996177E48
:103A8000177E177E177E177E177E177E177E177E8E
:103A9000177E177E177E177E177E177E177E177E7E
:103AA000177E177ED25CCA2AAA2AAA2AAA2AAA2A7A
:103AB0003365177E177E177E177E177E177E177E5B
:103AC000177E177E177E177E177E177E177E177E4E
:103AD000177E177E177E177E177E177E177E177E3E
:103AE00039969CBE7BB67BB69CBE5996177E177ED8
:103AF000177E177E177E177E177E177E177E177E1E
:103B0000177E177E177E177E177E177E177E177E0D
:103B1000135DCA2AAA2AAA2ACA2AEB32AA2A504C18
:103B2000177E177E177E177E177E177E177E177EED
:103B3000177E177E177E177E177E177E177E177EDD
:103B4000177E177E177E177E177E177E177E399693
:103B50009CBE7BB67BB69CBE5996177E177E177EA1
:103B6000177E177E177E177E177E177E177E177EAD
:103B7000177E177E177E177E177E177E956DEB2AB0
:103B8000AA2AAA2ACA2A97958E4BAA2A2C33F675F6
:103B9000177E177E177E177E177E177E177E177E7D
:103BA000177E177E177E177E177E177E177E177E6D
:103BB000177E177E177E177E177E177E39969CBE5E
:103BC0007BB67BB69CBE5996177E177E177E177EF6
:103BD000177E177E177E177E177E177E177E177E3D
:103BE000177E177E177E177EF6756D3BAA2AAA2AC6
:103BF000AA2A52649CBECF53AA2AAA2A3365177EEA
:103C0000177E177E177E177E177E177E177E177E0C
:103C1000177E177E177E177E177E177E177E177EFC
:103C2000177E177E177E177E177E39969CBE7BB651
:103C30007BB69CBE5996177E177E177E177E177E21
:103C4000177E177E177E177E177E177E177E177ECC
:103C5000177E177E177EB154AA2AAA2AAA2ACA2A30
:103C600019A69CBE936CAA2AAA2A8D3B177E177EA2
:103C7000177E177E177E177E177E177E177E177E9C
:103C8000177E177E177E177E177E177E177E177E8C
:103C9000177E177E177E177E39969CBE7BB67BB645
:103CA0009CBE5996177E177E177E177E177E177E4D
:103CB000177E177E177E177E177E177E177E177E5C
:103CC000177EF6750B2BAA2AAA2AAA2A8E4B9CBE0F
:103CD0009CBED89DAA2AAA2AAA2A135D177E177EFF
:103CE000177E177E177E177E177E177E177E177E2C
:103CF000177E177E177E177E177E177E177E177E1C
:103D0000177E177E177E39969CBE7BB67BB69CBE0F
:103D10005996177E177E177E177E177E177E177EA1
:103D2000177E177E177E177E177E177E177E177EEB
:103D3000D25CAA2AAA2AAA2AAA2AB3749CBE9CBE2A
:103D40009CBEAE4BAA2AAA2A0B33D675177E177EC5
:103D5000177E177E177E177E177E177E177E177EBB
:103D6000177E177E177E177E177E177E177E177EAB
:103D7000177E177E39969CBE7BB67BB69CBE599645
:103D8000177E177E177E177E177E177E177E177E8B
:103D9000177E177E177E177E177E177E177E8D3B48
:103DA000AA2AAA2AAA2AAA2A97959CBE9CBE9CBE89
:103DB0009795AA2AAA2AAA2AAE3B177E177E177EB3
:103DC000177E177E177E177E177E177E177E177E4B
:103DD000177E177E177E177E177E177E177E177E3B
:103DE000177E39969CBE7BB67BB69CBE5996177ED5
:103DF000177E177E177E177E177E177E177E177E1B
:103E0000177E177E177E177E177ED675CA2AAA2AB6
:103E1000AA2AAA2AAA2A5AAE9CBE9CBE9CBE9CBEB6
:103E2000F05BAA2AAA2AAA2A9154177E177E177E27
:103E3000177E177E177E177E177E177E177E177EDA
:103E4000177E177E177E177E177E177E177E177ECA
:103E500039969CBE7BB67BB69CBE5996177E177E64
:103E6000177E177E177E177E177E177E177E177EAA
:103E7000177E177E177E177E3465AA2AAA2AAA2AD9
:103E8000AA2A0B339CBE9CBE9CBE9CBE9CBE3AAE76
:103E90000C33AA2AAA2ACA2A746D177E177E177EA7
:103EA000177E177E177E177E177E177E177E177E6A
:103EB000177E177E177E177E177E177E177E399620
:103EC0009CBE7BB67BB69CBE5996177E177E177E2E
:103ED000177E177E177E177E177E177E177E177E3A
:103EE000177E177E177EB154AA2AAA2AAA2AAA2ABE
:103EF0006D439CBE9CBE9CBE9CBE9CBE9CBE9795CA
:103F0000CA2AAA2AAA2A6D3BF675177E177E177E43
:103F1000177E177E177E177E177E177E177E177EF9
:103F2000177E177E177E177E177E177E39969CBEEA
:103F30007BB67BB69CBE5996177E177E177E177E82
:103F4000177E177E177E177E177E177E177E177EC9
:103F5000177E177E504CAA2AAA2AAA2AAA2ACF5329
:103F60009CBE9CBE9CBE9CBE9CBE9CBE9CBEF47C6B
:103F7000AA2AAA2AAA2A9154177E177E177E177E8C
:103F8000177E177E177E177E177E177E177E177E89
:103F9000177E177E177E177E177E39969CBE7BB6DE
:103FA0007BB69CBE5996177E177E177E177E177EAE
:103FB000177E177E177E177E177E177E177E177E59
:103FC000177E0F4CAA2AAA2AAA2AAA2A31649CBEC2
:103FD0009CBE9CBE9CBE3DDFBCBE9CBE9CBE5164D4
:103FE000AA2AAA2A0B2BF675177E177E177E177E34
:103FF000177E177E177E177E177E177E177E177E19
:10400000177E177E177E177E39969CBE7BB67BB6D1
:104010009CBE5996177E177E177E177E177E177ED9
:10402000177E177E177E177E177E177E177E177EE8
:104030000F4CAA2A4D3BAA2AAA2A936C9CBE9CBE6E
:104040009CBE9CBE3DDFFFFFFDCE9CBE7BB66D439C
:10405000AA2AAA2AB154177E177E177E177E177ECA
:10406000177E177E177E177E177E177E177E177EA8
:10407000177E177E177E39969CBE7BB67BB69CBE9C
:104080005996177E177E177E177E177E177E177E2E
:10409000177E177E177E177E177E177E177E504C71
:1040A000AA2AF47CAF4BAA2AD47C9CBE9CBE9CBEA0
:1040B0009CBEBCC6FFFFFFFFFDCE9CBEB895AA2AE2
:1040C000AA2A4C33177E177E177E177E177E177E1F
:1040D000177E177E177E177E177E177E177E177E38
:1040E000177E177E39969CBE7BB67BB69CBE5996D2
:1040F000177E177E177E177E177E177E177E177E18
:10410000177E177E177E177E177E177E9154AA2A78
:10411000726C7BB6926C36859CBE9CBE9CBE9CBE6F
:104120009CBEDFF7FFFFFFFFDCC69CBEAE4BAA2A9A
:10413000AA2A956D177E177E177E177E177E177E2B
:10414000177E177E177E177E177E177E177E177EC7
:10415000177E39969CBE7BB67BB69CBE5996177E61
:10416000177E177E177E177E177E177E177E177EA7
:10417000177E177E177E177E177E1365AA2AAE4B11
:104180009CBE9CBE9CBE9CBE9CBE9CBE9CBE9CBE5F
:104190007EE7FFFFFFFF9EEF9CBE1585AA2AAA2A95
:1041A000D25C177E177E177E177E177E177E177ECE
:1041B000177E177E177E177E177E177E177E177E57
:1041C00039969CBE7BB67BB69CBE5996177E177EF1
:1041D000177E177E177E177E177E177E177E177E37
:1041E000177E177E177E177EB675AA2ACB2A5BB676
:1041F0009CBE9CBE9CBE9CBE9CBE9CBE9CBE3DD735
:10420000FFFFFFFFFFFFDCC619A6AA2AAA2A504C0F
:10421000177E177E177E177E177E177E177E177EF6
:10422000177E177E177E177E177E177E177E3996AC
:104230009CBE7BB67BB69CBE5996177E177E177EBA
:10424000177E177E177E177E177E177E177E177EC6
:10425000177E177E177E177E4C33AA2A36859CBEA2
:104260009CBE9CBE9CBE9CBE9CBE9CBEFDCEFFFF69
:10427000FFFFFFFF5EDF9CBEEB2AAA2A304C177EB1
:10428000177E177E177E177E177E177E177E177E86
:10429000177E177E177E177E177E177E39969CBE77
:1042A0007BB67BB69CBE5996177E177E177E177E0F
:1042B000177E177E177E177E177E177E177E177E56
:1042C000177E177E177E504CAA2ACF539CBE9CBEE9
:1042D0009CBE9CBE9CBE9CBE9CBEFDCEFFFFFFFF55
:1042E000FFFFDFF79CBE2C3BAA2A504C177E177E9F
:1042F000177E177E177E177E177E177E177E177E16
:10430000177E177E177E177E177E39969CBE7BB66A
:104310007BB69CBE5996177E177E177E177E177E3A
:10432000177E177E177E177E177E177E177E177EE5
:10433000136533651365AA2ACA2A1AAE9CBE9CBEB1
:10434000DCC69CBE9CBE9CBE7EE7FFFFFFFFFFFF5E
:10435000FFFF9CBE2C33AA2AB25C177E177E177E05
:10436000177E177E177E177E177E177E177E177EA5
:10437000177E177E177E177E39969CBE7BB67BB65E
:104380009CBE5996177E177E177E177E177E177E66
:10439000177E177E177E177E177E177E177E135D9A
:1043A000AA2AAA2AAA2ACA2A97959CBE9CBE5DDF81
:1043B000FFFFFFFFFFFFFFFFFFFFFFFFFFFFFFFF0D
:1043C000BCC6CB2AAA2A956D177E177E177E177E4C
:1043D000177E177E177E177E177E177E177E177E35
:1043E000177E177E177E39969CBE7BB67BB69CBE29
:1043F0005996177E177E177E177E177E177E177EBB
:10440000177E177E177E177E177E177EF6754C3344
:10441000AA2AEB32778D9CBE9CBE9CBEBCBEFFFF21
:10442000FFFFFFFFFFFFFFFFFFFFFFFFFFFF5AB68A
:10443000AA2A4C33177E177E177E177E177E177EAB
:10444000177E177E177E177E177E177E177E177EC4
:10445000177E177E39969CBE7BB67BB69CBE59965E
:10446000177E177E177E177E177E177E177E177EA4
:10447000177E177E177E177E177E177E1365AA2A72
:10448000EB325AAE9CBE9CBE9CBE9CBE5EE7FFFF5C
:10449000FFFFFFFFFFFFFFFFFFFFFFFF568DAA2A71
:1044A000D25C177E177E177E177E177E177E177ECB
:1044B000177E177E177E177E177E177E177E177E54
:1044C000177E39969CBE7BB67BB69CBE5996177EEE
:1044D000177E177E177E177E177E177E177E177E34
:1044E000177E177E177E177E177E177E0F4CAA2A1F
:1044F000EF537BB69CBE9CBE9CBEBCBEFFFFFFFFC5
:10450000FFFFFFFFFFFFFFFFDFF7105C6D3B177E34
:10451000177E177E177E177E177E177E177E177EF3
:10452000177E177E177E177E177E177E177E177EE3
:1045300039969CBE7BB67BB69CBE5996177E177E7D
:10454000177E177E177E177E177E177E177E177EC3
:10455000177E177E177E177E177EF675CE43AA2A22
:10456000315C7BB69CBE9CBE9CBE7EE7FFFFFFFF1E
:10457000FFFFFFFFFFFF7EE70C33956D177E177E71
:10458000177E177E177E177E177E177E177E177E83
:10459000177E177E177E177E177E177E177E399639
:1045A0009CBE7BB67BB69CBE5996177E177E177E47
:1045B000177E177E177E177E177E177E177E177E53
:1045C000177E177E177E177E177EF6757054CA2ADF
:1045D000F0535BB69CBE9CBE3DDFFFFFFFFFFFFFBD
:1045E000FFFFFFFF59B61365177E177E177E177EF4
:1045F000177E177E177E177E177E177E177E177E13
:10460000177E177E177E177E177E177E39969CBE03
:104610007BB67BAE9CBE599E177E177E177E177E9B
:10462000177E177E177E177E177E177E177E177EE2
:10463000177E177E177E177E177E177EB56D504C3E
:10464000CF4BF9A59CBEBFF7FFFFFFFFFFFFFFFFAA
:10465000FFFF9685177E177E177E177E177E177EC3
:10466000177E177E177E177E177E177E177E177EA2
:10467000177E177E177E177E177E59969CBE7BB6D7
:104680007BA69CBE7AA6177E177E177E177E177EA6
:10469000177E177E177E177E177E177E177E177E72
:1046A000177E177E177E177E177E177E177E177E62
:1046B000177E177E177E177E177E177E177E177E52
:1046C000177E177E177E177E177E177E177E177E42
:1046D000177E177E177E177E177E177E177E177E32
:1046E000177E177E177E177E5AA69CBE7BAE3A9623
:1046F0009CBE9CBE3886177E177E177E177E177E5F
:10470000177E177E177E177E177E177E177E177E01
:10471000177E177E177E177E177E177E177E177EF1
:10472000177E177E177E177E177E177E177E177EE1
:10473000177E177E177E177E177E177E177E177ED1
:10474000177E177E177E177E177E177E177E177EC1
:10475000177E177E38869CB69CBE5A96197E7BB60D
:104760009CBE7BB6388E177E177E177E177E177E0F
:10477000177E177E177E177E177E177E177E177E91
:10478000177E177E177E177E177E177E177E177E81
:10479000177E177E177E177E177E177E177E177E71
:1047A000177E177E177E177E177E177E177E177E61
:1047B000177E177E177E177E177E177E177E177E51
:1047C00038867BB69CBE7BB6197E197E398E9CB628
:1047D0009CBE9CBE7AAE599E599E599E599E599E2A
:1047E000599E599E599E599E599E599E599E599E11
:1047F000599E599E599E599E599E599E599E599E01
:10480000599E599E599E599E599E599E599E599EF0
:10481000599E599E599E599E599E599E599E599EE0
:10482000599E599E599E599E599E599E7AAE9CBE3C
:104830009CBE9CB6398E197E197E197E39867BB650
:104840009CBE9CBE9CBE9CBE9CBE9CBE9CBE9CBE98
:104850009CBE9CBE9CBE9CBE9CBE9CBE9CBE9CBE88
:104860009CBE9CBE9CBE9CBE9CBE9CBE9CBE9CBE78
:104870009CBE9CBE9CBE9CBE9CBE9CBE9CBE9CBE68
:104880009CBE9CBE9CBE9CBE9CBE9CBE9CBE9CBE58
:104890009CBE9CBE9CBE9CBE9CBE9CBE9CBE7BB671
:1048A000398E197E197E197E197E197E197E3A96E7
:1048B0005BA67BAE7BAE7BAE7BAE7BAE7BAE7BAED8
:1048C0007BAE7BAE7BAE7BAE7BAE7BAE7BAE7BAEA0
:1048D0007BAE7BAE7BAE7BAE7BAE7BAE7BAE7BAE90
:1048E0007BAE7BAE7BAE7BAE7BAE7BAE7BAE7BAE80
:1048F0007BAE7BAE7BAE7BAE7BAE7BAE7BAE7BAE70
:104900007BAE7BAE7BAE7BAE5BA63A96197E197E04
:10491000197E197E197E197E197E197E197E197EDF
:10492000197E197E197E197E197E197E197E197ECF
:10493000197E197E197E197E197E197E197E197EBF
:10494000197E197E197E197E197E197E197E197EAF
:10495000197E197E197E197E197E197E197E197E9F
:10496000197E197E197E197E197E197E197E197E8F
:10497000197E197E197E197E197E197E197E197E7F
:10498000197E197E197E197E197E197E197E197E6F
:10499000197E197E197E197E197E197E197E197E5F
:1049A000197E197E197E197E197E197E197E197E4F
:1049B000197E197E197E197E197E197E197E197E3F
:1049C000197E197E197E197E197E197E197E197E2F
:1049D000197E197E197E197E197E197E197E197E1F
:1049E000BBA65DCF5DCFBBA6197E197E197E197E51
:1049F000197E197E197E197E197E5DD7FFFFFFFF94
:104A0000FFFFFFFF5DD7197E197E197E197E197E83
:104A1000197E197EBBAEFFFF9EE75A967A969EE7F7
:104A2000FFFFBBA6197E197E197E197E197E197E9D
:104A30005DCFFFFF5A8E197E197E5A96FFFF5DCF1C
:104A4000197E197E197E197E197E197E5DCFFFFFB2
:104A50005A8E197E197E5A96FFFF5DCF197E197EF8
:104A6000197E197E197E197EBBAEFFFF9EE75A8E16
:104A70005A969EE7FFFFBBAE197E197E197E197EFE
:104A8000197E197E197E5DD7FFFFFFFFFFFFFFFF35
:104A90005DD7197E197E197E197E197E197E197EC1
:104AA000197E197EBBA65DCF5DCFBBA6197E197E90
:104AB000197E197E197E197E197E197E197E197E3E
:104AC000197E197E197E197E197E197E197E197E2E
:104AD000197E197E197E197E197E197E197E197E1E
:104AE000197E197E197E197E197E197E197E197E0E
:104AF000197E197E197E197E197E197E197E197EFE
:104B0000197E197E197E197E197E000000000000B2
:104B10000000000000000000000000000000000095
:104B20000000000000000000000000000000000085
:104B30000000000000000000000000000000000075
:104B40000000000000000000000000000000000065
:104B50000000000000000000000000000000000055
:104B60000000000000000000000000000000000045
:104B70000000000000000000000000000000000035
:104B80000000007E00007E00003C00003C00003C75
:104B900000003C00003C00003C00003C00003C00E9
:104BA000003C00003C00003C00003C00003C0000D9
:104BB0003C00003C00003C00003C00003C00003C8D
:104BC00000000000000000000000000000000000E5
:104BD000003C00003C00003C000000000000000021
:104BE0000000000000000000800F1FC0870FE0C31E
:104BF00007E0C103F0E00178F00038700000000029
:104C000000000000000000000000000000000000A4
:104C10000000000000000000000000000000000094
:104C20000000000000000000000000000000000084
:104C30000000000000000000000000000000000074
:104C40000000000000000000000000000000000064
:104C50000000000000000000070E00070E00030E19
:104C600080030E800306800307800307800307FE8E
:104C7000FF7FFEFF7FFEFF7FC00103C08103C08175
:104C800003C08103C08103C08003C08003E08001B2
:104C9000FEFF7FFEFF7FFEFF7FE0C001E0C00160FE
:104CA000C00170C00070E00070E00070E00070E0D3
:104CB00000000000000000000000000000001C00D8
:104CC000001C00001C0000FF00C0FF03E0FF07F015
:104CD0009C07F01C0F781C0F781C0FF81C00F01CB0
:104CE00000F01D00E01F00C01F00007F0000FE005C
:104CF00000FC0300DC07009C0F001C0F781C1F78D1
:104D00001C1F781C1F781C0F781C0FF09C0FF0FFE5
:104D100007C0FF0380FF00001C00001C00001C00F7
:104D2000001C000000000000000000000000006007
:104D30000006F80102FC03030C03030C03010E87B9
:104D4000010E87000EC7000E47000E67000E6700B9
:104D50000C23000C3300FC1300F8190F60881F00AF
:104D6000CC3900CC3800E43000E63000E23000E31B
:104D70003000E13080E13080E13080E030C0C03888
:104D800040C01F60801F20000200000000000000E3
:104D90000000000000000000000000001C00807FF8
:104DA00000C0FF00E0E101E0C101E0C001E0C0019E
:104DB000E0E001E0E101E0F100C07F00C03F0080E1
:104DC0000F00E00700F00F00F81E3C7C3E1C3C3C4E
:104DD0001C3C781C1EF01E1EE01F1EE00F3CC00F86
:104DE0003C801F7CC03FF8E17FF0FF39C07F20008E
:104DF00000000000000000000000000000000000B3
:104E000000000000000000F00000F00000F00000D2
:104E1000C0000060000060000030000000000000E2
:104E20000000000000000000000000000000000082
:104E30000000000000000000000000000000000072
:104E40000000000000000000000000000000000062
:104E50000000000000000000000000000000000052
:104E60000000000000000000000000000000000042
:104E700000001000003C00001E00000F0080070032
:104E8000800300C00100E00000E00000700000703E
:104E900000007000003800003800003800003800C2
:104EA00000380000380000380000380000300000F2
:104EB000700000700000E00000E00000C001008011
:104EC0000300800700000F00001E00003C000018D7
:104ED0000000000000000000000000000800001EAC
:104EE0000000780000700000E00000C001008003B6
:104EF00000800300000700000600000E00000E0006
:104F0000000C00001C00001C00001C00001C000025
:104F10001C00001C00000C00000E00000E00000E23
:104F200000000700800700800300C00100E00000CF
:104F3000F000007800003C00000C000000000000C1
:104F40000000000000000000000000000000000061
:104F500000000000000000000000000000003C0015
:104F6000003C00003C00003C001C3C387E3C7EFCC9
:104F7000BD3FE0FF0700FF0000FF00E0FF07F8FF74
:104F80001F7E3C7E1C3C38003C00003C00003C0086
:104F9000003C0000000000000000000000000000D5
:104FA0000000000000000000000000000000000001
:104FB00000000000000000000000000000000000F1
:104FC000000000000000000000000000003C0000A5
:104FD0003C00003C00003C00003C00003C00003C69
:104FE00000FEFF7FFEFF7F003C00003C00003C0015
:104FF000003C00003C00003C00003C0000000000C1
:1050000000000000000000000000000000000000A0
:105010000000000000000000000000000000000090
:105020000000000000000000000000000000000080
:105030000000000000000000000000000000000070
:105040000000000000000000000000000000000060
:105050000000000000000000000000000000000050
:105060000000000000000000000000000000F00050
:1050700000F00000F00000C00000600000600000D0
:1050800030000000000000000000000000000000F0
:105090000000000000000000000000000000000010
:1050A0000000000000000000000000000000000000
:1050B000000000000000000000FEFF7FFEFF7F00F8
:1050C00000000000000000000000000000000000E0
:1050D00000000000000000000000000000000000D0
:1050E00000000000000000000000000000000000C0
:1050F00000000000000000000000000000000000B0
:10510000000000000000000000000000000000009F
:10511000000000000000000000000000000000008F
:10512000000000000000000000000000000000007F
:10513000000000000000000000000000000000006F
:10514000000000000000F00000F00000F00000008F
:10515000000000000000000000000000000000004F
:105160000000000000003000003800001800001CA3
:1051700000000C0000060000070000030080030090
:10518000800100C00000E0000060000070000030FE
:1051900000001800001C00000C00000E00000600BB
:1051A000000300800300800100C00100C000006017
:1051B00000007000003000003800001800000C00F3
:1051C000000E0000040000000000000000000000CD
:1051D000000000003C0080FF00C0FF03E0C307F0B8
:1051E000810FF8000F78001F7C001E3C003E3C0041
:1051F0003E3C003C3C003C3C003C3C003C3C003C19
:105200003C003C3C003C3C003C3C003E3C003E7CC6
:10521000001E78001FF8000FF0810FE0C307C0FFE9
:105220000380FF01007E000000000000000000007D
:10523000000000000000000000000000000000006E
:105240007000007000007800007E00E07F00E07FCA
:1052500000007800007800007800007800007800F6
:1052600000780000780000780000780000780000E6
:10527000780000780000780000780000780000785E
:1052800000007800007800007800007800007800C6
:105290000078000000000000000000000000000096
:1052A0000000000000000000000000003C0080FF43
:1052B00001C0FF07E0C30FF0000FF0001F78001FD0
:1052C00078001F78001F00001F00000F00800F00F3
:1052D000C00700E00300F00100F800007C00003E81
:1052E00000001F00800F00C00700E00300E0010085
:1052F000F00000780000FCFF1FFCFF1FFCFF1F00F8
:10530000000000000000000000000000000000009D
:1053100000000000000000003E0080FF01E0FF03ED
:10532000F0C107F0800FF8000F78000F78000F0031
:10533000000F00000F00800F00C00700FC01007C80
:105340000000FC0300C00700000F00001F00001E4B
:1053500000001E3C001E3C001E7C001F78000FF861
:10536000C10FF0FF07C0FF01007F00000000000038
:10537000000000000000000000000000000000002D
:1053800000000000C00300E00300E00300F00300A1
:10539000F80300FC0300FC0300DE0300DF0300CF82
:1053A0000380C703C0C703C0C303E0C103F0C10348
:1053B000F0C00378C0033CC0033CC003FEFF3FFEC7
:1053C000FF3FFEFF3F00C00300C00300C00300C05A
:1053D0000300C00300C00300000000000000000044
:1053E000000000000000000000000000000000F0CD
:1053F000FF0FF0FF0FF0FF0FF00000F00000F000D3
:1054000000F00000F0000078000078000078FC0058
:1054100078FF03F8E707F8810FF8000F00001E007F
:10542000001E00001E00001E00001E3C001E7C002E
:105430001F78000FF8800FF0C107F0FF03C0FF01D5
:10544000007F0000000000000000000000000000DD
:10545000000000000000000000000000F80000FE56
:105460000380FF07C0870FC0031FE0011EF0011E6D
:10547000F00000F80000F8000078F80078FE0378EB
:10548000FF07F8830FF8011FF8001E78001E780050
:105490001E78001E78001EF8001EF0001EF0001E90
:1054A000E0010FE0830FC0FF0700FF0300FE0000D4
:1054B00000000000000000000000000000000000EC
:1054C00000000000000000F8FF1FF8FF1FF8FF1F9A
:1054D00000001E00000F00000F00000F00800700FA
:1054E000800700800700C00300C00300E00300E065
:1054F0000100E00100F00000F00000F00000780082
:10550000007800007C00003C00003C00003E0000F1
:105510001E00001E00001F00000F00000000000021
:10552000000000000000000000000000000000007B
:10553000000000003C0080FF01E0FF03F08107F065
:10554000000F78000F78001F78001F78001F780088
:105550000FF0000FF08107C0F70300FF00C0FF034A
:10556000E0C107F8000F78001E7C001E3C003E3CA6
:10557000003E7C001E7C001EF8001FF0810FE0FF43
:1055800007C0FF0300FF0000000000000000000053
:10559000000000000000000000000000000000000B
:1055A0003E0080FF00E0FF01F0C103F080077800BB
:1055B0000F78000F78000F7C001F7C001F7C001FFD
:1055C00078001F78001F78001FF8801FF0C11FE0CF
:1055D000FF1EC07F1E000E1F00000F00000F78800E
:1055E0000F788007F8C007F0E103E0FF01C0FF007B
:1055F000003F00000000000000000000000000006C
:10560000000000000000000000000000000000009A
:1056100000000000000000000000003C00003C0012
:10562000003C00000000000000000000000000003E
:10563000000000000000000000000000000000006A
:1056400000000000000000000000003C00003C00E2
:10565000003C00000000000000000000000000000E
:10566000000000000000000000000000000000003A
:10567000000000000000000000000000000000002A
:10568000000000000000003C00003C00003C000066
:10569000000000000000000000000000000000000A
:1056A00000000000000000000000000000000000FA
:1056B000000000000000003C00003C00003C000036
:1056C0003800001800000C00000C00000000000072
:1056D00000000000000000000000000000000000CA
:1056E00000000000001000003C00001E00000F0041
:1056F000C00300E00100F000003C00001E00000FAD
:1057000000C00300E00100F000003C00003C00008D
:10571000700000E00100C00300000700001E000050
:105720003C0000700000E00100C003000007000022
:105730001E00003C000010000000000000000000FF
:105740000000000000000000000000000000000059
:105750000000000000000000000000000000000049
:1057600000000000000000000000000000FEFF7FBD
:10577000FEFF7F00000000000000000000000000AD
:105780000000000000FEFF7FFEFF7F000000000021
:105790000000000000000000000000000000000009
:1057A00000000000000000000000000000000000F9
:1057B00000000000000000000000000800001C00C5
:1057C00000780000F00000C00100800700000F001A
:1057D000001C0000780000F00000C00100800700FD
:1057E000000F00001C00003C00000F00800700C0FC
:1057F0000300F000007800003C00000F008007006C
:10580000C00300F000007800003C00000C00000025
:105810000000000000000000000000000000000088
:1058200000000000000000007E00C0FF03E0FF0752
:10583000F0810FF8000F78000F78001F78001F78B4
:10584000001F00000F00000F00800F00C00700E0E5
:105850000300F00100F800007800003C00001C008C
:10586000001C00001C00001C0000000000000000E4
:105870000000000000003C00003C00003C00000074
:105880000000000000000000000000000000000018
:1058900000000000FE01800303C0010E60000C3018
:1058A0000018300030183C33187E330CC7238CC3EB
:1058B000638C8363C4C161C6C161C6C161C6C16175
:1058C000E6C021E6C020E6E030E6E130C6E130C4C3
:1058D000F118CCFF0F8CDF070C000118000030001E
:1058E00000700000E00006C0830300FF000000001D
:1058F00000000000000000000000000000000000A8
:105900003C00003C00007E00007E00007E0000FFA6
:105910000000FF0000FF0080FF0180E70180E70139
:10592000C0E703C0C303C0C303E0C307E08107E0CF
:105930008107F0FF0FF0FF0FF0FF0FF8001F780056
:105940001E78001E7C003E3C003C3C003C3E007C3F
:105950001E007800000000000000000000000000B1
:105960000000000000000000000000F87F00F8FFC9
:1059700003F8FF0778C00F78001F78001E78001E1C
:1059800078001E78001E78001F78800FF8FF07F857
:10599000FF01F8FF0378C00F78001F78003E780001
:1059A0003C78003C78003C78003C78003C78003E35
:1059B00078001F78C01FF8FF07F8FF03F87F00008A
:1059C00000000000000000000000000000000000D7
:1059D0000000000000000000780000FF0380FF07C7
:1059E000C0870FE0011EF0003EF8003C78003C78D4
:1059F000003C7C003C3C00003C00003C00003C00C3
:105A0000003C00003C00003C00003C003C7C003CB2
:105A10007C003C78003CF8003EF0001EF0011FE0E6
:105A2000C70FC0FF0700FF0300FC000000000000DC
:105A30000000000000000000000000000000000066
:105A4000000000F80F00F87F00F8FF0178F80778F1
:105A5000C00F78800F78001F78001F78001E780034
:105A60003E78003E78003E78003E78003E78003E6A
:105A700078003E78003E78003E78003E78003E7820
:105A8000001F78001F78800F78C00F78F007F8FFAC
:105A900001F8FF00F81F00000000000000000000F7
:105AA000000000000000000000000000000000F8FE
:105AB000FF1FF8FF1FF8FF1F780000780000780034
:105AC000007800007800007800007800007800007E
:105AD000780000F8FF0FF8FF0FF8FF0F780000784C
:105AE000000078000078000078000078000078005E
:105AF00000780000780000780000F8FF3FF8FF3FD2
:105B0000F8FF3F000000000000000000000000005F
:105B10000000000000000000000000F8FF3FF8FF58
:105B20003FF8FF3F78000078000078000078000020
:105B3000780000780000780000780000780000F815
:105B4000FF03F8FF03F8FF037800007800007800F7
:105B500000780000780000780000780000780000ED
:105B600078000078000078000078000078000000DD
:105B70000000000000000000000000000000000025
:105B80000000000000000000780000FF03C0FF07D5
:105B9000E0870FE0011FF0011EF8001E78001E785C
:105BA000003C7C00007C00003C00003C00003CF01D
:105BB0003F3CF03F3CF03F3C003C3C003C3C003C68
:105BC0007C003C78003E78003EF8003EF0013FE06B
:105BD000C33FC0FF3F80FF3C007E3C000000000050
:105BE00000000000000000000000000000000000B5
:105BF00000000078003C78003C78003C78003C785D
:105C0000003C78003C78003C78003C78003C780010
:105C10003C78003CF8FF3FF8FF3FF8FF3F78003C3E
:105C200078003C78003C78003C78003C78003C7878
:105C3000003C78003C78003C78003C78003C7800E0
:105C40003C78003C78003C000000000000000000B0
:105C50000000000000000000000000000000000044
:105C6000FF0000FF0000FF00003C00003C00003C83
:105C700000003C00003C00003C00003C00003C00F8
:105C8000003C00003C00003C00003C00003C0000E8
:105C90003C00003C00003C00003C00003C00003C9C
:105CA00000003C00003C00003C0000FF0000FF0042
:105CB00000FF0000000000000000000000000000E5
:105CC000000000000000000000000000001E0000B6
:105CD0001E00001E00001E00001E00001E00001E10
:105CE00000001E00001E00001E00001E00001E001E
:105CF000001E00001E00001E00001E00001E780096
:105D00001E78001E78001E78001E78001E78001F86
:105D1000F0000FF0C30FE0FF07C0FF01007F00009D
:105D20000000000000000000000000000000000073
:105D30000000000000000078003E78001F78800F0F
:105D400078C00778E00378F00378F00178F80078FD
:105D50007C00783E00781F00F81F00F81F00F83F15
:105D600000F87D00F8780078F80078F00078F0010D
:105D700078E00378C00378C00778800F78800F78C8
:105D8000001F78001E78003E78007C0000000000B4
:105D90000000000000000000000000000000000003
:105DA000000000780000780000780000780000789B
:105DB000000078000078000078000078000078008B
:105DC000007800007800007800007800007800007B
:105DD00078000078000078000078000078000078F3
:105DE0000000780000780000780000780000F8FFDC
:105DF0003FF8FF3FF8FF3F000000000000000000F8
:105E0000000000000000000000000000000000FC96
:105E1000003FFC003FFC003FFC813FFC813FFC81D8
:105E20003FFC813FFC813FFCC33FFCC33FBCC33D03
:105E3000BCC33DBCE73DBCE73D3CE73C3CE73C3CEC
:105E4000E73C3CFF3C3CFF3C3C7E3C3C7E3C3C7E9B
:105E50003C3C7E3C3C3C3C3C3C3C3C3C3C3C3C3C40
:105E60003C3C3C000000000000000000000000007E
:105E700000000000000000000000007C003CFC006E
:105E80003CFC003CFC013CFC013CFC033CFC033CB6
:105E9000BC073CBC073C3C0F3C3C0F3C3C1E3C3C24
:105EA0001E3C3C3C3C3C3C3C3C7C3C3C783C3C7898
:105EB0003C3CF03C3CF03C3CE03D3CE03F3CC03FE7
:105EC0003CC03F3C803F3C803F3C003F3C003F00AB
:105ED00000000000000000000000000000000000C2
:105EE00000000000000000003C0080FF01E0FF0710
:105EF000F0C10FF0000F78001E78001E3C003E3C01
:105F0000003C3C003C3C003C3C003C3C003C3C0039
:105F10003C3C003C3C003C3C003C3C003C3C003CED
:105F20003C003C3C003E78001E78001EF0000FF064
:105F3000C10FE0FF07C0FF01007F0000000000006C
:105F40000000000000000000000000000000000051
:105F5000000000F87F00F8FF03F8FF0F78C01F78FB
:105F6000001E78003C78003C78003C78003C7800CB
:105F70003C78003C78003E78001FF8FF0FF8FF07E0
:105F8000F8FF0178000078000078000078000078C1
:105F900000007800007800007800007800007800A9
:105FA0000078000078000000000000000000000001
:105FB00000000000000000000000000000000000E1
:105FC0003C0080FF01E0FF07F0C10FF0000F7800F8
:105FD0001E78001E3C003E3C003C3C003C3C003C2B
:105FE0003C003C3C003C3C003C3C003C3C003C3C1D
:105FF000003C3C003C3C603C3CF03C3CF03E78E0EB
:106000001F78C01FF0C00FF0810FE0FF0FC0FF1F0F
:10601000007F0E00000600000000000000000000ED
:106020000000000000000000000000F83F00F8FF42
:1060300003F8FF0778E00F78001F78001E78003E15
:1060400078003E78003E78003E78001E78801FF889
:10605000FF0FF8FF03F8FF0078F00078F00178E018
:106060000178E00378C00378C00778800778800F54
:1060700078000F78001F78001E78003E78003C0002
:106080000000000000000000000000000000000010
:1060900000000000000000007C0080FF03E0FF071C
:1060A000F0C30FF0000FF8001F78001E78001EF8F4
:1060B0000000F80000F00300E00700C01F00007FB0
:1060C0000000FC0100F00700C00F00001F00003EB0
:1060D0003C003E3C003C3C003C7C003E78001FF80D
:1060E000810FF0FF07C0FF0300FF00000000000069
:1060F00000000000000000000000000000000000A0
:10610000000000FCFF3FFCFF3FFCFF3F003C0000A5
:106110003C00003C00003C00003C00003C00003C17
:1061200000003C00003C00003C00003C00003C0043
:10613000003C00003C00003C00003C00003C000033
:106140003C00003C00003C00003C00003C00003CE7
:1061500000003C00003C00000000000000000000C7
:1061600000000000000000000000000000000078B7
:10617000003C78003C78003C78003C78003C78009B
:106180003C78003C78003C78003C78003C78003C4F
:1061900078003C78003C78003C78003C78003C7803
:1061A000003C78003C78003C78003C78003C78006B
:1061B0001E78001EF8001FF0C30FF0FF0FE0FF0372
:1061C00000FF0000000000000000000000000000D0
:1061D00000000000000000000000001E007C3E00E7
:1061E0003C3C003C3C003E7C001E78001E78001FBA
:1061F00078000FF0000FF0000FF08007F08107E04B
:106200008107E0C103E0C303C0C303C0E303C0E7E9
:106210000180E70180F70180F70000FF0000FF0028
:10622000007F00007E00007E00003E00003C000079
:10623000000000000000000000000000000000005E
:10624000000000000000000F3C780E3C780E3E7805
:106250001E3E781E7E781E7E381E7E381E7E381CBE
:10626000773C1C773C3CE73C3CE73C3CE71C3CE78C
:106270001CBCE31CB8E31EB8C31EF8C31FF8C31F41
:10628000F8C30FF8C10FF0C10FF0C10FF0810FF08C
:10629000810FF0810FF08007F08007000000000000
:1062A00000000000000000000000000000000000EE
:1062B0000000003C003E78001E78000FF0000FF058
:1062C0008107E08107E0C303C0E30380E70180F7B3
:1062D0000000FF00007F00007E00003E00007E0006
:1062E000007F0000FF0080F701C0E701C0C303E0AA
:1062F000C303E08107F0800FF0000F78001F7C00DF
:106300001E3C003C3E003C0000000000000000007D
:106310000000000000000000000000000000001E5F
:10632000007C3C003C7C003E78001EF0000FF080BA
:106330000FE08107E0C307C0C30380E70180E701E6
:1063400000FF0000FF00007E00003C00003C000059
:106350003C00003C00003C00003C00003C00003CD5
:1063600000003C00003C00003C00003C00003C0001
:10637000003C0000000000000000000000000000E1
:106380000000000000000000000000F8FF1FF8FF00
:106390001FF8FF1F00001E00000F00000F00800705
:1063A00000C00300E00300E00100F00000F800007E
:1063B0007800003C00001E00001E00000F00800757
:1063C00000C00700C00300E00100F00100F0000081
:1063D0007800007C0000FCFF3FFCFF3FFCFF3F001B
:1063E00000000000000000000000000000000000AD
:1063F0000000000000FE1F00FE1F001E00001E0027
:10640000001E00001E00001E00001E00001E0000F6
:106410001E00001E00001E00001E00001E00001EC8
:1064200000001E00001E00001E00001E00001E00D6
:10643000001E00001E00001E00001E00001E0000C6
:106440001E00001E00001E00001E00001E0000FEB8
:106450001F00FE1F00000000000000000000000000
:106460000000001E007C3E007C3C003E7C001E784C
:10647000001FF0000FF08007E08107E0C303C0E3D6
:106480000380E70180F70000FF00007E00FCFF3F73
:10649000FCFF3F003C00003C00FCFF3FFCFF3F00D6
:1064A0003C00003C00003C00003C00003C00003C84
:1064B00000003C00003C0000000000000000000064
:1064C000000000000000000000000000FC3F00FC95
:1064D0003F00003C00003C00003C00003C00003C51
:1064E00000003C00003C00003C00003C00003C0080
:1064F000003C00003C00003C00003C00003C000070
:106500003C00003C00003C00003C00003C00003C23
:1065100000003C00003C00003C00003C00003C004F
:10652000003C00003C00FC3F00FC3F00000000007D
:106530000000000000007E0000FF0080F701C0C3E3
:1065400003F0800778000E0000000000000000004B
:10655000000000000000000000000000000000003B
:10656000000000000000000000000000000000002B
:10657000000000000000000000000000000000001B
:10658000000000000000000000000000000000000B
:1065900000000000000000000000000000000000FB
:1065A00000000000000000000000000000000000EB
:1065B00000000000000000000000000000000000DB
:1065C00000000000000000000000000000000000CB
:1065D00000000000000000000000000000000000BB
:1065E00000000000000000000000000000000000AB
:1065F000000000000000000000000000000000009B
:1066000000FFFFFFFFFFFF000000000000800F0001
:10661000001F00003C0000780000F00000E00100D6
:10662000000000000000000000000000000000006A
:10663000000000000000000000000000000000005A
:10664000000000000000000000000000000000004A
:10665000000000000000000000000000000000003A
:10666000000000000000000000000000000000002A
:10667000000000000000000000000000000000001A
:10668000000000000000000000000000000000000A
:106690000000000000000000380080FF03E0FF075A
:1066A000F0830FF0000FF8000F78000F00C00F000C
:1066B000FC0F80FF0FE01F0FF0010FF8000F7C00B0
:1066C0000F7C000F7C800FF8C00FF8FF0FE07F1EDB
:1066D000C01F1E00000000000000000000000000BD
:1066E00000000000000000000000003C00003C0032
:1066F000003C00003C00003C00003C00003C00006E
:106700003C00003C30003CFE01BCFF07FC830FFC5A
:10671000000F7C001E7C001E3C001E3C001C3C0048
:106720001C3C001C3C001C3C001E7C001E7C001E0F
:106730007C000FFC810FFCFF073CFF013C7C00004C
:106740000000000000000000000000000000000049
:106750000000000000000000000000000000000039
:106760000000000000000000000000000000000029
:10677000380000FF01C0FF07E0830FF0000F780032
:106780001F78001E7C00007C00003C00003C0000E4
:106790003C00007C003E7C001E78001EF8001FF0CC
:1067A000810FE0FF0780FF0300FE000000000000F3
:1067B00000000000000000000000000000000000D9
:1067C00000000000001E00001E00001E00001E0051
:1067D000001E00001E00001E00001E000C1E807F18
:1067E0001EE0FF1FF0C11FF8801F78001F7C001EF5
:1067F0003C001E3C001E3C001E3C001E3C001E3C9B
:10680000001E3C001E78001F78801FF0C11FE0FFB3
:106810001EC07F1E001F1E000000000000000000C0
:106820000000000000000000000000000000000068
:106830000000000000000000000000000000000058
:106840000000000000000000180080FF01C0FF07EA
:10685000E0830FF0000F78001E78001E78001EF80D
:10686000FF1FFCFF1F7C000078000078000078000C
:106870001E78001EF0001FE0830FC0FF0780FF039B
:1068800000FE00000000000000000000000000000A
:10689000000000000000000000000000E00700FC15
:1068A0003F00FE3F001E20000F00000F00000F0001
:1068B000000F00FCFF0FFCFF0F000F00000F000097
:1068C0000F00000F00000F00000F00000F00000F6E
:1068D00000000F00000F00000F00000F00000F006D
:1068E000000F00000F00000F00000F00000F00005D
:1068F0000000000000000000000000000000000098
:106900000000000000000000000000000000000087
:106910000000000000000000000000000000000077
:106920000C7080FF7EE0FF7FE0C103F08003F08009
:1069300007F08007F08007F08003E0C103E0FF016B
:10694000E0FF00701E00380000780000F80F00F033
:10695000FF07E0FF1F78001E3C003C3C003C7C0031
:106960001EF8E70FE0FF0700000000000000000035
:106970000000003C00003C00003C00003C00003CEB
:1069800000003C00003C00003C00003C60003CFE7D
:10699000073CFF0FBC031FFC011EFC001E7C001EF9
:1069A0007C001E3C001E3C001E3C001E3C001E3CA9
:1069B000001E3C001E3C001E3C001E3C001E3C0015
:1069C0001E3C001E3C001E000000000000000000F5
:1069D00000000000000000000000000000000000B7
:1069E0003C00003C00003C00003C000000000000B7
:1069F00000000000000000003C00003C00003C00E3
:106A0000003C00003C00003C00003C00003C00005A
:106A10003C00003C00003C00003C00003C00003C0E
:106A200000003C00003C00003C00003C00003C003A
:106A3000003C00000000000000000000000000001A
:106A4000000000000000000000000000E00100E085
:106A50000100E00100E00100000000000000000073
:106A600000000000E00100E00100E00100E00100A2
:106A7000E00100E00100E00100E00100E00100E0D1
:106A80000100E00100E00100E00100E00100E001A0
:106A900000E00100E00100E00100E00100E0010091
:106AA000E00110F001F0FF01F07F00800F00000016
:106AB000000000000000007800007800007800006E
:106AC00078000078000078000078000078000078F6
:106AD000001F78800F78C00778E00378F00078789E
:106AE00000783C00783E00F83F00F87F00F8F300A3
:106AF000F8F00078E00178C00378C0037880077868
:106B0000800F78000F78001E78003E000000000023
:106B10000000000000000000000000000000000075
:106B2000000000003C00003C00003C00003C000075
:106B30003C00003C00003C00003C00003C00003CED
:106B400000003C00003C00003C00003C00003C0019
:106B5000003C00003C00003C00003C00003C000009
:106B60003C00003C00003C00003C00003C00003CBD
:106B700000003C00003C000000000000000000009D
:106B80000000000000000000000000000000000005
:106B900000000000000000000000000000000000F5
:106BA000000000000000001E0206DE8F3FFEDF3FF7
:106BB0003E7E7C1E3E781E3C781E3C781E3C781E35
:106BC0003C781E3C781E3C781E3C781E3C781E3C6F
:106BD000781E3C781E3C781E3C781E3C781E3C7823
:106BE0001E3C7800000000000000000000000000D3
:106BF0000000000000000000000000000000000095
:106C00000000000000000000000000000000000084
:106C100000000078600078FC0778FF0FF8071FF885
:106C2000011EF8001E78001E78001E78001E7800F5
:106C30001E78001E78001E78001E78001E78001E48
:106C400078001E78001E78001E78001E78001E0056
:106C50000000000000000000000000000000000034
:106C60000000000000000000000000000000000024
:106C70000000000000000000000000000000000014
:106C8000180080FF01E0FF07F0C10FF8001F780037
:106C90001E7C001E3C003C3C003C3C003C3C003C5C
:106CA0003C003C3C003C3C003E78001EF8001FF0DD
:106CB000810FE0FF07C0FF03007F0000000000001D
:106CC00000000000000000000000000000000000C4
:106CD00000000000000000000000000000000000B4
:106CE00000000000000000000000003C30003CFEFE
:106CF00001BCFF07FC830FFC000F7C001E7C001E04
:106D00003C003E3C003C3C003C3C003C3C003C3CED
:106D1000003E7C001E7C001EFC000FFC810FBCFFAF
:106D2000073CFF013CFC003C00003C00003C000034
:106D30003C00003C000000000000000000000000DB
:106D40000000000000000000000000000000000043
:106D500000000000000000000C1E807F1EE0FF1EEF
:106D6000F0C11FF8801F78001F7C001E3C001E3CF5
:106D7000001E3C001E3C001E3C001E3C001E3C0051
:106D80001F7C001F78801FF8C01FF0FF1EE07F1ED1
:106D9000801F1E00001E00001E00001E00001E00BE
:106DA000001E0000000000000000000000000000C5
:106DB00000000000000000000000000000000000D3
:106DC000000000E00107E0E107E0F907E0FD07E06F
:106DD0001F00E00F00E00700E00300E00100E00119
:106DE00000E00100E00100E00100E00100E001003E
:106DF000E00100E00100E00100E00100E00100002E
:106E00000000000000000000000000000000000082
:106E10000000000000000000000000000000000072
:106E20000000000000000000000000000000000062
:106E30001800C0FF01E0FF03F0C107F0000FF000F1
:106E40000FF00000F00100E00F0080FF0000FC03E5
:106E500000C00F78000F78001E78001E78000FF039
:106E6000800FE0FF07C0FF0300FF000000000000EC
:106E70000000000000000000000000000000000012
:106E8000000000000000000000000F00000F0000E4
:106E90000F00000F00000F00000F00FCFF0FFCFFB1
:106EA0000F000F00000F00000F00000F00000F0088
:106EB000000F00000F00000F00000F00000F000087
:106EC0000F00000F00000F00000F00000F1800FF60
:106ED0001F00FE1F00FC0300000000000000000077
:106EE00000000000000000000000000000000000A2
:106EF0000000000000000000000000000000000092
:106F0000000000000000003C001E3C001E3C001E73
:106F10003C001E3C001E3C001E3C001E3C001E3C73
:106F2000001E3C001E3C001E3C001E3C001E3C009F
:106F30001E3C001F7C801F78C01FF8FF1EE07F1ED4
:106F4000C01F1E0000000000000000000000000044
:106F50000000000000000000000000000000000031
:106F60000000000000000000000000000000000021
:106F70000000003C003C3C001E78001E78001E70A3
:106F8000000FF0000FF08007E08107E08107C0C12B
:106F900003C0C303C0E30180E70180E70100F700FD
:106FA00000FF00007F00007E00003E00003C00006B
:106FB00000000000000000000000000000000000D1
:106FC00000000000000000000000000000000000C1
:106FD0000000000000000000000000000000000FA2
:106FE0003C781E3C781E3E781E7E381E7E3C1C7E01
:106FF0003C3C7F3C3C771C3CF71E38E71E78E71E84
:10700000F8E70EF8E30FF0E30FF0C30FF0C30FF053
:10701000C307E0C107E0C107E081070000000000EE
:107020000000000000000000000000000000000060
:107030000000000000000000000000000000000050
:1070400000000000000000000000007C001EF800AE
:107050000FF0800FE08107C0C303C0E30180F70198
:1070600000FF00007E00003E00007E00007F000068
:10707000FF0080E701C0E303E0C303E08107F08085
:107080000F78001F7C001E000000000000000000C0
:1070900000000000000000000000000000000000F0
:1070A00000000000000000000000000000000000E0
:1070B000000000000000003C003C3C001E78001E68
:1070C00078001EF0000FF0000FE08107E08107C09C
:1070D0008307C0C30380C70380E70100EF0100FFFF
:1070E0000000FE0000FE00007C00007C0000380074
:1070F000003C00001C00001E00F00F00F00700E044
:10710000010000000000000000000000000000007E
:10711000000000000000000000000000000000006F
:10712000000000F0FF0FF0FF0F00000F00800700CD
:10713000C00300E00100F000007800007C00003E89
:1071400000001E00000F00800700C00300E00100E7
:10715000F00000780000FCFF1FFCFF1F0000000093
:10716000000000000000000000000000000000001F
:107170000000801F00C01F00E00100E00100E001EE
:1071800000E00100E00100E00100E00100E001009A
:10719000E00100E00100E00100E00100E00100E0AA
:1071A0000100F80000F80000E00100E00100E0014B
:1071B00000E00100E00100E00100E00100E001006A
:1071C000E00100E00100E00100E00100E00100E07A
:1071D0000100C01F00801F000000003C00003C00B8
:1071E000003C00003C00003C00003C00003C000073
:1071F0003C00003C00003C00003C00003C00003C27
:1072000000003C00003C00003C00003C00003C0052
:10721000003C00003C00003C00003C00003C000042
:107220003C00003C00003C00003C00003C00003CF6
:1072300000003C00003C00003C00003C00003C0022
:10724000003C00003C00000000F80100F80300C012
:10725000030080030080070080070080070080078C
:10726000008007008007008007008007008007007B
:10727000800700800700800700001F00001F0080BB
:107280000700800700800700800700800700800754
:10729000008007008007008007008007008007004B
:1072A000800700800300C00300F80300F80100001D
:1072B0000000000000800F00001F00003C0000786C
:1072C0000000F00000E001000000000000000000ED
:1072D00000000000000000000000000000000000AE
:1072E000000000000000000000000000000000009E
:1072F000000000000000000000000000000000008E
:10730000000000000000000000000000000000007D
:10731000000000000000000000000000000000006D
:10732000000000000000000000000000000000005D
:10733000000000000000000000000000000000004D
:10734000000000000000000000000000000000003D
:1073500000000000000080018001800180018001A8
:10736000800180018001800080008000800000009A
:1073700000008001C0038001000000000000000048
:107380000000C018E01C700E180308018400000003
:1073900000000000000000000000000000000000ED
:1073A00000000000000000000000000000000000DD
:1073B0000000000000002010201020183008FE7F80
:1073C000FE7F10081008100810081008FE7FFE7FCE
:1073D000180408040804080400000000000000006D
:1073E0000000000080018003E00D98199819981D95
:1073F000B801F001E0018003800F801D80199C1905
:107400009C198C19980DE003800180010000000098
:1074100000000000000018002608620863046302F0
:10742000630262012201BC18802640624042204271
:10743000204210620826081800000000000000002A
:10744000000000000000E00010010803080308032A
:10745000980198007804381874086208C208C305B7
:10746000830706878C4F783800000000000000007A
:10747000000000000000000000000000000000000C
:1074800000000000000000000000000000000000FC
:1074900000003C003C0030003000180004000000F8
:1074A000000000200010000C000400020003000196
:1074B0008001800180018001800180018001000342
:1074C0000003000600040008001000200000000077
:1074D000000004000800100020006000C000C00090
:1074E0008001800180018001800180018000C00056
:1074F000C00060002000100008000600000000002E
:1075000000000000000000000000800180018001F8
:107510008E719E3DF0068001F00E9E79867180018D
:1075200080010000000000000000000000000000DA
:107530000000000000000000000000010001000148
:10754000000100010001FE7F0001000100010001B7
:10755000000100000000000000000000000000002A
:10756000000000000000000000000000000000001B
:10757000000000000000000000000000000000000B
:1075800000003C003C003000300018000400000007
:1075900000000000000000000000000000000000EB
:1075A000000000000000FE7F00000000000000005E
:1075B00000000000000000000000000000000000CB
:1075C00000000000000000000000000000000000BB
:1075D00000000000000000000000000000000000AB
:1075E000000018003C00180000000000000000002F
:1075F0000000000000200020001000080008000427
:1076000000020002000180018000400040002000D4
:107610001000100008000400040002000000000038
:1076200000000000000080016006381818180C30B7
:107630000C300C300C300C300C300C300C300C306A
:1076400018181818300CC0030000000000000000DB
:1076500000000000000000018001E00180018001C5
:107660008001800180018001800180018001800112
:10767000800180018003F01F000000000000000076
:10768000000000000000C003300C08180C301C3053
:107690001C380018000C0006000380014000200088
:1076A00018200C30FC1FFC1F000000000000000030
:1076B000000000000000E001100E081C1C18181843
:1076C0000018000C00078007001800180030083070
:1076D0001C300C18180CE003000000000000000033
:1076E000000000000000000C000E000F000F800ED4
:1076F000400E200E100E180E080E040EFE7F000E17
:10770000000E000E000EC07F000000000000000010
:107710000000000000000000F81F0800080008003A
:107720000800C803380C08180030003000301C3046
:107730001C300C18180CE0030000000000000000D2
:1077400000000000000080076018101818180C00D6
:107750000C000C03EC1C1C380C300C300C300C30C2
:107760000C3018103008C0070000000000000000B6
:107770000000000000000000F83F0C10040804089E
:10778000000400020002000180018001C000C0006E
:10779000C000C001C001C0000000000000000000E7
:1077A000000000000000C003300C0C100C300C3046
:1077B0000C303818F004E007180E0C1804300630AE
:1077C00006300C301818E007000000000000000030
:1077D000000000000000C001300E0C180C180E3024
:1077E0000E300E300C380C3C3836E03100380018C2
:1077F0000018180C1806F00100000000000000003E
:107800000000000000000000000000000000000078
:107810008000C001C0010000000000000000000066
:1078200000008001C001C001000000000000000055
:107830000000000000000000000000000000000048
:107840000000C001C00100000000000000000000B6
:1078500000000000C001C0018001800000000000A5
:107860000000000000000030001800040003800148
:107870004000300018000C0018002000C0008001FB
:107880000002000C001800000000000000000000D2
:1078900000000000000000000000000000000000E8
:1078A0000000FC3F000000000000FE7F0000000020
:1078B00000000000000000000000000000000000C8
:1078C0000000000000000C0018002000C000800133
:1078D0000002000C001800300018000400038001B2
:1078E0004000300018000000000000000000000010
:1078F000000000000000E00718180C3004300C30C5
:107900001C300038001C00078001800080008000CF
:1079100000008001C001C001000000000000000064
:10792000000000000000800760181020087E8C49CD
:10793000C448464C664C664C264426462426CC1D3C
:107940000C4018203018C0070000000000000000A4
:1079500000000000000000018001400140034003DE
:107960002002200620061006100CF00F080C081844
:107970000818041804381F7C0000000000000000F4
:107980000000000000000000FC0F1818183018302C
:10799000183018181806F80D1830183018701870AC
:1079A000187018301818FF070000000000000000D1
:1079B00000000000000080076038182018600C40AC
:1079C0000C000E0006000600060006000E000C402B
:1079D0000C2018203018C007000000000000000034
:1079E0000000000000000000FC07181818381830CC
:1079F00018701870187018701870187018301830C7
:107A0000183818181806FE010000000000000000D9
:107A10000000000000000000FC3F18201840180083
:107A200018081808180CF80F18081808180018007B
:107A3000184018201830FE3F000000000000000031
:107A40000000000000000000FC3F18601840180013
:107A5000180018081808F80F180818081800180057
:107A60001800180018007E00000000000000000050
:107A70000000000000008013701C18180C100C206F
:107A800006000600060006000604063806180C1854
:107A90000C1818183018C007000000000000000083
:107AA00000000000000000001C380C300C300C30CE
:107AB0000C300C300C30FC3F0C300C300C300C30E7
:107AC0000C300C300C303F7C000000000000000047
:107AD0000000000000000000F00F80018001800124
:107AE000800180018001800180018001800180018E
:107AF000800180018001F81F0000000000000000EC
:107B00000000000000000000C03F00060006000664
:107B10000006000600060006000600060006000635
:107B200000060006000600060E028E017800000026
:107B300000000000000000003C3C180C1804180273
:107B400018019800D801B801180318031806180C7A
:107B5000180C181818387E7C000000000000000087
:107B600000000000000000003C0018001800180091
:107B70001800180018001800180018001800180045
:107B8000184018601830FE3F0000000000000000A0
:107B900000000000000000000E780C381C381C3477
:107BA0001434343434323432243264316431443164
:107BB000C430C430C4308FFC00000000000000005E
:107BC00000000000000000001E701C203420642013
:107BD000E420C4208421842304230426042E042CBE
:107BE0000438043804301F200000000000000000AA
:107BF000000000000000C003300C18180C300C30DE
:107C00000C700E600E600E600E600E600C600C302A
:107C10000C301810300CC003000000000000000001
:107C20000000000000000000FC1F183018701860F1
:107C3000186018301830F80F1800180018001800D5
:107C40001800180018007E0000000000000000006E
:107C5000000000000000C003300C18180C300C307D
:107C60000E70066006600660066006600E70EC31FD
:107C70001C33181E300EC00F003C0018000000001E
:107C80000000000000000000FC1F183818301830F9
:107C900018301818180CF803180318061806180CD2
:107CA000180C181818187E70000000000000000062
:107CB000000000000000E003181C0C180410040071
:107CC0000C001C00F000C007001E0018003002303D
:107CD00004300C101C18E407000000000000000035
:107CE0000000000000000000FC3F8621824180016E
:107CF000800180018001800180018001800180017C
:107D0000800180018001E007000000000000000009
:107D100000000000000000001E300C100C100C10C1
:107D20000C100C100C100C100C100C100C100C1073
:107D30000C101810180CE0030000000000000000F8
:107D400000000000000000001E3018101810180875
:107D50003808300830047004600260026002C0011C
:107D6000C001C00180008000000000000000000091
:107D700000000000000000008E6184218C210C2195
:107D80008C238C13881358135812580E580E300E2B
:107D9000300E300430041004000000000000000029
:107DA00000000000000000001C38180830086004C3
:107DB0006002C002C0018001800340034006200E23
:107DC000100C101808383E7C000000000000000075
:107DD00000000000000000001C38181018083008CF
:107DE000300460046002C002C00180018001800193
:107DF000800180018001E007000000000000000019
:107E00000000000000000000F83F0C18041C000CEB
:107E10000006000300038001C000E00060003000A5
:107E2000182018200C38FE1F000000000000000081
:107E30000000C03FC000C000C000C000C000C000C3
:107E4000C000C000C000C000C000C000C000C00032
:107E5000C000C000C000C000C000C03F0000000063
:107E60000000000000000800180010003000600052
:107E70004000C000800080010001000300020006F5
:107E80000004000C00080018001000300020000062
:107E90000000FC03000300030003000300030003D1
:107EA00000030003000300030003000300030003BA
:107EB00000030003000300030003FC0300000000B4
:107EC0000000C003300400000000000000000000BB
:107ED00000000000000000000000000000000000A2
:107EE0000000000000000000000000000000000092
:107EF0000000000000000000000000000000000082
:107F00000000000000000000000000000000000071
:107F1000000000000000000000000000FFFF000063
:107F20000000700080010000000000000000000060
:107F30000000000000000000000000000000000041
:107F40000000000000000000000000000000000031
:107F50000000000000000000000000000000000021
:107F60000000F0070C080C180018C01F38180C1877
:107F70000E180E180C5EF03100000000000000002A
:107F800000000000000008000C00080008000800C5
:107F90000800C80F2818183018300830083008308A
:107FA000083018103808C00700000000000000006A
:107FB00000000000000000000000000000000000C1
:107FC0000000E007301818180C000C000C000C0022
:107FD0000C2018103018C00700000000000000003E
:107FE000000000000000001400180018001800181D
:107FF0000018E01B301C18180C180C180C180C1862
:108000000C181818307EC0090000000000000000A5
:108010000000000000000000000000000000000060
:108020000000E007101818300C300C30FC0F0C006A
:108030000C0018103008C00700000000000000000D
:108040000000000000000000807FC0604000400091
:108050004000FC1F40004000400040004000400045
:10806000400040004000FC0F000000000000000045
:108070000000000000000000000000000000000000
:108080000000E073106C180808181808100CF003B2
:108090000800F801D01F0C3004300C30F00F000045
:1080A0000000000000001C00180018001800180054
:1080B0001800D80F38181818181818181818181881
:1080C0001818181818183E7C000000000000000066
:1080D000000000000000800180038001000000001B
:1080E0000000F80180018001800180018001800191
:1080F000800180018001F81F0000000000000000E6
:108100000000000000000008001C000C000000003F
:108110000000800F000800080008000800080008A0
:108120000008000800080008000C1C04F803000008
:108130000000000000001C001800180018001800C3
:108140001800183E180418029801D80138031806C0
:108150001806180C18183E7C0000000000000000F3
:10816000000000000000F00180018001800180011A
:1081700080018001800180018001800180018001F7
:10818000800180018001F81F000000000000000055
:1081900000000000000000000000000000000000DF
:1081A0000000F73C8C638461846184618461846134
:1081B000846184618461DFF300000000000000003E
:1081C00000000000000000000000000000000000AF
:1081D0000000DE0F38181818181818181818181872
:1081E0001818181818183E7C000000000000000045
:1081F000000000000000000000000000000000007F
:108200000000E007181808300C300C300C300C302F
:108210000C3008101008E00700000000000000000B
:10822000000000000000000000000000000000004E
:108230000000DE07381818301830183018301830A1
:1082400018301830381CD803180018003C00000003
:10825000000000000000000000000000000000001E
:108260000000E013181C0C180C180C180C180C1833
:108270000C180C18181CE01B00180018003C00001B
:1082800000000000000000000000000000000000EE
:1082900000003E3E2071A000600020002000200071
:1082A000200020002000FE0300000000000000006D
:1082B00000000000000000000000000000000000BE
:1082C0000000E01F101818101800F000800F001CAC
:1082D000003008301818E807000000000000000017
:1082E0000000000000000000000080008000C000CE
:1082F000E000FC1FC000C000C000C000C000C00003
:10830000C000C020C01800070000000000000000EE
:10831000000000000000000000000000000000005D
:1083200000000E1E08180818081808180818081861
:1083300008181818387EE00900000000000000004E
:10834000000000000000000000000000000000002D
:1083500000007E7C181010083008300460046002B1
:10836000C002C00180018000000000000000000089
:1083700000000000000000000000000000000000FD
:108380000000DFF384218C218C1188135813580AC4
:10839000500E300E300420040000000000000000E9
:1083A00000000000000000000000000000000000CD
:1083B00000007C3E30086004C00280018001400360
:1083C0002006300C18183E7E00000000000000005F
:1083D000000000000000000000000000000000009D
:1083E00000007E7C18183008300C60046004C00265
:1083F000C002800180018000800048003C00000035
:10840000000000000000000000000000000000006C
:108410000000F81F080C040600038001C000600083
:10842000602030101818FC1F000000000000EF3C16
:10843000EF3CEF3C3A967BAE9BB6197E197EEF3C43
:10844000EF3C7BAE9CBE9CBE9CBE197E197EEF3C71
:108450007BAE9CBE9CBE7BA63A96197E197E3A9650
:108460009CBE9CBE3A96197E197E197E197E7BAE03
:108470009CBE7BA6197E197E197E197E197E9BB63D
:108480009CBE3A96197E197E197E197E197E197E38
:10849000197E197E197E197E197E197E197E197E24
:1084A000197E197E197E197E197E197E197E197E14
:1084B000197E197E197E197E197E197E197E197E04
:1084C000197E197E197E197E197E197E197E9BB63A
:1084D0009CBE3A96197E197E197E197E197E7BAE56
:1084E0009CBE7BA6197E197E197E197E197E3A964E
:1084F0009CBE9CBE3A96197E197E197E197EEF3C71
:108500007BAE9CBE9CBE7BA63A96197E197EEF3C44
:10851000EF3C7BAE9CBE9CBE9CBE197E197EEF3CA0
:10852000EF3CEF3C3A967BAE9BB6197E197E197EE6
:10853000197E197E197E197E197E197E197E197E83
:10854000197E197E197E197E197E197E197E197E73
:10855000197E197E197E197E3A969CBE9BB6197EAD
:10856000197E197E197E197E7BA69CBE7BAE197E74
:10857000197E197E197E3A969CBE9CBE3A96197E4B
:10858000197E3A967BA69CBE9CBE7BAEEF3C197EC4
:10859000197E9CBE9CBE9CBE7BAEEF3CEF3C197E20
:1085A000197E9BB67BAE3A96EF3CEF3CEF3C197ED2
:1085B000197E9BB67BAE3A96EF3CEF3CEF3C197EC2
:1085C000197E9CBE9CBE9CBE7BAEEF3CEF3C197EF0
:1085D000197E3A967BA69CBE9CBE7BAEEF3C197E74
:1085E000197E197E197E3A969CBE9CBE3A96197EDB
:1085F000197E197E197E197E7BA69CBE7BAE197EE4
:10860000197E197E197E197E3A969CBE9BB6197EFC
:10861000197E197E197E197E197E197E197E197EA2
:10862000197E197E197E197E197E197E197E18868B
:10863000188618861886188618861886188618864A
:10864000188618861886188618861886188618863A
:10865000188618861886188618865EA618861886C4
:10866000188618861886188618861886188618861A
:108670001886DEFFF8C618861886188618861886AB
:1086800018861886188618861886DEFFFFFFF8C63B
:1086900018861886188618861886188618861886EA
:1086A0001886DEFFFFFFFFFFF8C6188618861886BB
:1086B00018861886188618861886DEFFFFFFFFFFCB
:1086C000FFFFF8C61886188618861886188618863A
:1086D0001886DEFFFFFFFFFFFFFFFFFFF8C61886CB
:1086E00018861886188618861886DEFFFFFFFFFF9B
:1086F000FFFFFFFFFFFFF8C618861886188618864A
:108700001886DEFFFFFFFFFFFFFFFFFFFFFFFFFFFA
:10871000F8C6188618861886188618861886188649
:10872000188618865EA6FFFFFFFFF8C61886188613
:1087300018861886188618861886188618865EA6E3
:10874000FFFFFFFFF8C61886188618861886188659
:1087500018861886188618865EA6FFFFFFFFF8C6E3
:108760001886188618861886188618861886188619
:1087700018865EA6FFFFFFFFF8C6188618861886C3
:108780001886188618861886188618865EA6FFFF33
:10879000FFFFF8C618861886188618861886188669
:1087A0001886188618865EA6FFFFFFFFF8C6188693
:1087B00018861886188618861886188618861886C9
:1087C0005EA6FFFFFFFFF8C6188618861886188673
:1087D000188618861886188618865EA6FFFFFFFF83
:1087E000F8C6188618861886188618861886188679
:1087F000188618865EA6FFFFFFFFF8C61886188643
:1088000018861886188618861886188618865EA612
:10881000FFFFFFFFF8C61886188618861886188688
:1088200018861886188618865EA6FFFFFFFFF8C612
:108830001886188618861886188618861886188648
:1088400018865EA6FFFFFFFFF8C6188618861886F2
:108850001886188618861886188618865EA6FFFF62
:10886000FFFFF8C618861886188618861886188698
:108870001886188618865EA6FFFFFFFFF8C61886C2
:1088800018861886188618861886188618861886F8
:108890005EA6FFFFFFFFF8C61886188618861886A2
:1088A000188618861886188618865EA6FFFFFFFFB2
:1088B000F8C61886188618861886188618861886A8
:1088C00018861886188618861886188618861886B8
:1088D00018861886188618861886188618861886A8
:1088E0001886188618861886188618861886188698
:1088F00018865EA6FFFFFFFF5EA6188618861886FC
:108900001886188618861886188618865EA6FFFFB1
:10891000FFFF5EA6188618861886188618861886A1
:108920001886188618865EA6FFFFFFFF5EA61886CB
:108930001886188618861886188618861886188647
:108940005EA6FFFFFFFF5EA61886188618861886AB
:10895000188618861886188618865EA6FFFFFFFF01
:108960005EA61886188618861886188618861886B1
:10897000188618865EA6FFFFFFFF5EA6188618867B
:1089800018861886188618861886188618865EA691
:10899000FFFFFFFF5EA618861886188618861886C1
:1089A00018861886188618865EA6FFFFFFFF5EA64B
:1089B00018861886188618861886188618861886C7
:1089C00018865EA6FFFFFFFF5EA61886188618862B
:1089D0001886188618861886188618865EA6FFFFE1
:1089E000FFFF5EA6188618861886188618861886D1
:1089F0001886188618865EA6FFFFFFFF5EA61886FB
:108A00001886188618861886188618861886188676
:108A10005EA6FFFFFFFF5EA61886188618861886DA
:108A2000188618861886188618865EA6FFFFFFFF30
:108A30005EA61886188618861886188618861886E0
:108A4000188618865EA6FFFFFFFF5EA618861886AA
:108A500018861886188618861886188618865EA6C0
:108A6000FFFFFFFF5EA618861886188618861886F0
:108A700018861886188618865EA6FFFFFFFF5EA67A
:108A800018861886188618861886188618861886F6
:108A900018865EA6FFFFFFFFFFFFFFFFFFFFFFFF40
:108AA000FFFF188618861886188618865EA6FFFFB0
:108AB000FFFFFFFFFFFFFFFFFFFF188618861886E6
:108AC0001886188618865EA6FFFFFFFFFFFFFFFFD0
:108AD000FFFF188618861886188618861886188646
:108AE0005EA6FFFFFFFFFFFFFFFF188618861886B0
:108AF000188618861886188618865EA6FFFFFFFF60
:108B0000FFFF188618861886188618861886188615
:108B1000188618865EA6FFFFFFFF1886188618863F
:108B200018861886188618861886188618865EA6EF
:108B3000FFFF1886188618861886188618861886E5
:108B400018861886188618865EA6188618861886CF
:108B50001886188618861886188618861886188625
:108B60001886188618861886188618861886188615
:108B7000188618861886197E197E197E197E197E28
:108B8000197E197E197E197E197E197E197E197E2D
:108B9000197E197E197E197E197E197E197E197E1D
:108BA000197E197E197E197E197E197E197E197E0D
:108BB000197E197E197E197E197E197E197E197EFD
:108BC000197E197E197E197E197E197E197E197EED
:108BD000197E197E197E197E197E197E197E197EDD
:108BE000197E197E197E197E197E197E197E197ECD
:108BF000197E197E5A8E7A969A9E7A963986197EB1
:108C0000197E197E197E197E197E197E197E197EAC
:108C1000197E197E197E197E197E197E197E197E9C
:108C2000BBA65DCFBFEFFFFFFFFFFFFFFFFFFFFF13
:108C3000FFFFFFFF7EDFFCB63986197E197E197EA5
:108C4000197E197E197E197E197E197E197E398644
:108C50001CC7DFF7FFFFFFFFFFFFFFFFFFFFFFFF67
:108C6000FFFFFFFFFFFFFFFFFFFFFFFFFFFF5DD7DE
:108C70005A96197E197E197E197E197E197E197EE3
:108C8000FCB6FFFFFFFFFFFFFFFFFFFFFFFFFFF748
:108C90009EE77EDF7DD79EDFDFEFFFFFFFFFFFFF59
:108CA000FFFFFFFFFFFF3CC7197E197E197E197E6B
:108CB000598E9EE7FFFFFFFFFFFFFFFFBEE7FCB6F9
:108CC0005A8E197E197E197E197E197E197E398673
:108CD000BBA67DD7FFFFFFFFFFFFFFFFBEE75A8E5A
:108CE000197E7A96DFF7FFFFFFFFFFFF9EE79A9E50
:108CF000197E197E197E197E197E197E197E197EBC
:108D0000197E197E197E197E5A8E5DD7FFFFFFFFEF
:108D1000FFFFDFF75A8E598EDFF7FFFFFFFFDBB64D
:108D2000197E197E197E197E197E197E5A969A9E91
:108D30009A9E7A96197E197E197E197E197E197E61
:108D4000BBA6FFFFFFFFBEEF3986197E5A8E9EE756
:108D50007A96197E197E197E197EDBAE9EDFFFFFA3
:108D6000FFFFFFFFFFFFFFFFFFFF9EE7DBB6197E60
:108D7000197E197E197E7A967EDF3986197E197ED4
:108D8000197E197E197E197E197EDBAEDFF7FFFF93
:108D9000FFFFFFFFFFFFFFFFFFFFFFFFFFFFFFFFE3
:108DA000FFFFDFF7BBA6197E197E197E197E197E9B
:108DB000197E197E197E197E197E39867EDFFFFFA6
:108DC000FFFFFFFFFFFFFFFF9EE77DD75DD79EE719
:108DD000FFFFFFFFFFFFFFFFFFFF3DCF197E197E63
:108DE000197E197E197E197E197E197E197EBBA601
:108DF000FFFFFFFFFFFFBEEFDBAE197E197E197E7E
:108E0000197E197E197EDBAEBEEFFFFFFFFFFFFF6D
:108E10005A8E197E197E197E197E197E197E197E49
:108E2000197E197EDBB6FFFFFCB6197E197E197E0E
:108E300039867A967A963986197E197E197E3DC7CB
:108E4000DFF77A96197E197E197E197E197E197EB2
:108E5000197E197E197E197E197E5A8E197E197E09
:108E6000BBA69EE7FFFFFFFFFFFFFFFF9EE79A9E67
:108E7000197E197E3986197E197E197E197E197E12
:108E8000197E197E197E197E197E197E197E197E2A
:108E9000197E5DCFFFFFFFFFFFFFFFFFFFFFFFFF1B
:108EA000FFFFFFFF1CBF197E197E197E197E197EF8
:108EB000197E197E197E197E197E197E197E197EFA
:108EC000197E197E197EDBAEFFFFFFFFFFFF9EDFDD
:108ED0009EDFFFFFFFFFFFFF9BA6197E197E197E15
:108EE000197E197E197E197E197E197E197E197ECA
:108EF000197E197E197E197E197E197EFCB61CC753
:108F0000197E197E197E39863DCF9A9E197E197E6B
:108F1000197E197E197E197E197E197E197E197E99
:108F2000197E197E197E197E197E197E197E197E89
:108F3000197E197E9A9EBEE79EDF5A8E197E197E93
:108F4000197E197E197E197E197E197E197E197E69
:108F5000197E197E197E197E197E197E197E197E59
:108F6000197E197E197E197EBEEFFFFFFFFF5DD7C8
:108F7000197E197E197E197E197E197E197E197E39
:108F8000197E197E197E197E197E197E197E197E29
:108F9000197E197E197E197E197E197E9EE7FFFFC4
:108FA000FFFF3DCF197E197E197E197E197E197E2D
:108FB000197E197E197E197E197E197E197E197EF9
:108FC000197E197E197E197E197E197E197E197EE9
:108FD0005A8E5DD75DCF3986197E197E197E197E2E
:108FE000197E197E197E197E197E197E197E197EC9
:108FF000197E197E197E197E197E197E197E197EB9
:10900000197E197E197E197E197E197E197E197EA8
:10901000197E197E197E197E197E197E197E197E98
:10902000197E197E197E197E197E197E197E197E88
:10903000197E197E197E197E197E197E197E197E78
:10904000197E197E197E197E197E197E197E197E68
:10905000197E197E197E197E197E197E197E197E58
:10906000197E197E197E197E197E197E197E197E48
:10907000197E197E197E197E197E197E197E197E38
:10908000197E197E197E197E197E197E197E197E28
:10909000197E197E197E197E197E197E197E197E18
:1090A000197E197E197E197E197E197E197E197E08
:1090B000197E197E197E197E197E197E197E197EF8
:1090C000197E197E197E197E197E197E197E197EE8
:1090D000197E197E197E197E197E197E197E197ED8
:1090E000197E197E197E197E197E197E197E197EC8
:1090F000197E197E197E197E197E197E197E197EB8
:10910000197E197E197E197E197E197E197E197EA7
:10911000197E197E197E197E197E197E197E197E97
:10912000197E197E197E197E197E197E197E197E87
:10913000197E197E197E197E197EF87DD77DB77D3F
:10914000967DB77DD87D197E197E197E197E197E90
:10915000197E197E197E197E197E197E197E197E57
:10916000197E197E197EF87D757D71646D43CA2A5A
:10917000AA2AAA2AAA2AAA2AAA2AEB320F5C1475BA
:10918000F87D197E197E197E197E197E197E197E49
:10919000197E197E197EF87DD36C0C33AA2AAA2A6F
:1091A000AA2AAA2AAA2AAA2AAA2AAA2AAA2AAA2A1F
:1091B000AA2AAA2ACA2A5164B77D197E197E197E65
:1091C000197E197E197E187E14750B33AA2AAA2AD5
:1091D000AA2AAA2AAA2A0B33AE4B105C305CEF53A2
:1091E0004D43CA2AAA2AAA2AAA2AAA2ACA2AB26C99
:1091F000F87D197E197E197ED87DCF53AA2AAA2A16
:10920000AA2AAA2AAE4B1475B77D197E197E197E3B
:10921000197E197E197EF87D557D305CCA2AAA2AEE
:10922000AA2AAA2AAE4BD87D197EB77D2C3BAA2A42
:10923000AA2AAA2ACE53967D197E197E197E197EF6
:10924000197E197E197E197E197E197E197E197E66
:10925000D77D5164AA2AAA2AAA2A2C3BD77DD87D79
:109260004C3BAA2AEB323475197E197E197E197E81
:10927000197EF87DB77D967D967DB77DF87D197E48
:10928000197E197E197E197E557DEB32AA2A6D430F
:10929000D87D197ED77DAE4BB77D197E197E197E9C
:1092A000197EDBAE9EDFFFFFFFFFFFFFFFFFFFFF2B
:1092B000FFFF9EE7DBB6197E197E197E197ED77DEA
:1092C000AE4BB77D197E197E197E197E197E197EE7
:1092D000197EDBAEDFF7FFFFFFFFFFFFFFFFFFFFA2
:1092E000FFFFFFFFFFFFFFFFFFFFDFF7BBA6197EBA
:1092F000197E197E197E197E197E197E197E197EB6
:10930000197E39867EDFFFFFFFFFFFFFFFFFFFFFB4
:109310009EE77DD75DD79EE7FFFFFFFFFFFFFFFFC3
:10932000FFFF3DCF197E197E197E197E197E197EA9
:10933000197E197E197EBBA6FFFFFFFFFFFFBEEF60
:10934000DBAE197E197E197E197E197E197EDBAE81
:10935000BEEFFFFFFFFFFFFF5A8E197E197E197EB9
:10936000197E197E197E197E197E197EDBB6FFFFE4
:10937000FCB6197E197E197E39867A967A963986D8
:10938000197E197E197E3DC7DFF77A96197E197E00
:10939000197E197E197E197E197E197E197E197E15
:1093A000197E5A8E197E197EBBA69EE7FFFFFFFF2E
:1093B000FFFFFFFF9EE79A9E197E197E3986197E70
:1093C000197E197E197E197E197E197E197E197EE5
:1093D000197E197E197E197E197E5DCFFFFFFFFF72
:1093E000FFFFFFFFFFFFFFFFFFFFFFFF1CBF197E17
:1093F000197E197E197E197E197E197E197E197EB5
:10940000197E197E197E197E197E197E197EDBAEB2
:10941000FFFFFFFFFFFF9EDF9EDFFFFFFFFFFFFF5E
:109420009BA6197E197E197E197E197E197E197EDA
:10943000197E197E197E197E197E197E197E197E74
:10944000197E197EFCB61CC7197E197E197E3986D5
:109450003DCF9A9E197E197E197E197E197E197E3E
:10946000197E197E197E197E197E197E197E197E44
:10947000197E197E197E197E197E197E9A9EBEE785
:109480009EDF5A8E197E197E197E197E197E197EED
:10949000197E197E197E197E197E197E197E197E14
:1094A000197E197E197E197E197E197E197E197E04
:1094B000BEEFFFFFFFFF5DD7197E197E197E197E73
:1094C000197E197E197E197E197E197E197E197EE4
:1094D000197E197E197E197E197E197E197E197ED4
:1094E000197E197E9EE7FFFFFFFF3DCF197E197E93
:1094F000197E197E197E197E197E197E197E197EB4
:10950000197E197E197E197E197E197E197E197EA3
:10951000197E197E197E197E5A8E5DD75DCF3986E8
:10952000197E197E197E197E197E197E197E197E83
:10953000197E197E197E197E197E197E197E197E73
:10954000197E197E197E197E197E197E197E197E63
:10955000197E197E197E197E197E197E197E197E53
:10956000197E197E197E197E197E197E197E197E43
:10957000197E197E197E197E197E197E197E197E33
:10958000197E197E197E197E197E197E197E197E23
:10959000197E197E197E197E197E197E197E197E13
:1095A000197E197E197E197E197E197E197E197E03
:1095B000197E197E197E197E197E197E197E197EF3
:1095C000197E197E197E197E197E197E197E197EE3
:1095D000197E197E197E197E197E197E197E197ED3
:1095E000197E197E197E197E197E197E197E197EC3
:1095F000197E197E197E197E197E197E197E197EB3
:10960000197E197E197E197E197E197E197E197EA2
:10961000197E197E197E197E197E197E197E197E92
:10962000197E197E197E197E197E197E197E197E82
:10963000197E197E197E197E197E197E197E197E72
:10964000197E197E197E197E197E197E197E197E62
:10965000197E197E197E197E197E197E197E197E52
:10966000197E197E197E197E197E197E197E197E42
:10967000197E197E197E197E197E197E197E197E32
:10968000197EF87DD77DB77D967DB77DD87D197E13
:10969000197E197E197E197E197E197E197E197E12
:1096A000197E197E197E197E197E197E197EF87D24
:1096B000757D71646D43CA2AAA2AAA2AAA2AAA2AEF
:1096C000AA2AEB320F5C1475F87D197E197E197E7B
:1096D000197E197E197E197E197E197E197EF87DF4
:1096E000D36C0C33AA2AAA2AAA2AAA2AAA2AAA2A04
:1096F000AA2AAA2AAA2AAA2AAA2AAA2ACA2A5164C9
:10970000B77D197E197E197E197E197E197E187E05
:1097100014750B33AA2AAA2AAA2AAA2AAA2A0B3320
:10972000AE4B105C305CEF534D43CA2AAA2AAA2ADA
:10973000AA2AAA2ACA2AB26CF87D197E197E197E35
:10974000D87DCF53AA2AAA2AAA2AAA2AAE4B1475D0
:10975000B77D197E197E197E197E197E197EF87DD6
:10976000557D305CCA2AAA2AAA2AAA2AAE4BD87DDD
:10977000197EB77D2C3BAA2AAA2AAA2ACE53967D07
:10978000197E197E197E197E197E197E197E197E21
:10979000197E197E197E197ED77D5164AA2AAA2ABC
:1097A000AA2A2C3BD77DD87D4C3BAA2AEB323475B4
:1097B000197E197E197E197E197EF87DB77D967DFA
:1097C000967DB77DF87D197E197E197E197E197EEA
:1097D000557DEB32AA2A6D43D87D197ED77DAE4BDD
:1097E000B77D197E197E197EF87D347DEF53CB2A23
:1097F000AA2AAA2AAA2AAA2ACA2ACF533475F87DE5
:10980000197E197E197ED77DAE4BB77D197E197EE4
:10981000197E197E197E197E197E347D2C3BAA2A69
:10982000AA2AAA2AAA2AAA2AAA2AAA2AAA2AAA2A98
:10983000AA2A2C3B557D197E197E197E197E197E28
:10984000197E197E197E197E197EF87D105CAA2A70
:10985000AA2AAA2AAA2ACA2AAE4B305C305CCE4B6E
:10986000EB2AAA2AAA2AAA2AAA2A926C197E197E67
:10987000197E197E197E197E197E197E197E767DD4
:10988000CA2AAA2AAA2A8D4B557DF87D197E197EEF
:10989000197E197EF87D557D8D43AA2AAA2AEB32BE
:1098A000B77D197E197E197E197E197E197E197E63
:1098B000197E197E1475CA2A1475187E197E197EB0
:1098C000F87DB77DB77DF87D197E197E197E926C83
:1098D0000C33B77D197E197E197E197E197E197E8B
:1098E000197E197E197E197E197E5A8E197E197E6F
:1098F000BBA69EE7FFFFFFFFFFFFFFFF9EE79A9ECD
:10990000197E197E3986197E197E197E197E197E77
:10991000197E197E197E197E197E197E197E197E8F
:10992000197E5DCFFFFFFFFFFFFFFFFFFFFFFFFF80
:10993000FFFFFFFF1CBF197E197E197E197E197E5D
:10994000197E197E197E197E197E197E197E197E5F
:10995000197E197E197EDBAEFFFFFFFFFFFF9EDF42
:109960009EDFFFFFFFFFFFFF9BA6197E197E197E7A
:10997000197E197E197E197E197E197E197E197E2F
:10998000197E197E197E197E197E197EFCB61CC7B8
:10999000197E197E197E39863DCF9A9E197E197ED1
:1099A000197E197E197E197E197E197E197E197EFF
:1099B000197E197E197E197E197E197E197E197EEF
:1099C000197E197E9A9EBEE79EDF5A8E197E197EF9
:1099D000197E197E197E197E197E197E197E197ECF
:1099E000197E197E197E197E197E197E197E197EBF
:1099F000197E197E197E197EBEEFFFFFFFFF5DD72E
:109A0000197E197E197E197E197E197E197E197E9E
:109A1000197E197E197E197E197E197E197E197E8E
:109A2000197E197E197E197E197E197E9EE7FFFF29
:109A3000FFFF3DCF197E197E197E197E197E197E92
:109A4000197E197E197E197E197E197E197E197E5E
:109A5000197E197E197E197E197E197E197E197E4E
:109A60005A8E5DD75DCF3986197E197E197E197E93
:109A7000197E197E197E197E197E197E197E197E2E
:109A8000197E197E197E197E197E197E197E197E1E
:109A9000197E197E197E197E197E197E197E197E0E
:109AA000197E197E197E197E197E197E197E197EFE
:109AB000197E197E197E197E197E197E197E197EEE
:109AC000197E197E197E197E197E197E197E197EDE
:109AD000197E197E197E197E197E197E197E197ECE
:109AE000197E197E197E197E197E197E197E197EBE
:109AF000197E197E197E197E197E197E197E197EAE
:109B0000197E197E197E197E197E197E197E197E9D
:109B1000197E197E197E197E197E197E197E197E8D
:109B2000197E197E197E197E197E197E197E197E7D
:109B3000197E197E197E197E197E197E197E197E6D
:109B4000197E197E197E197E197E197E197E197E5D
:109B5000197E197E197E197E197E197E197E197E4D
:109B6000197E197E197E197E197E197E197E197E3D
:109B7000197E197E197E197E197E197E197E197E2D
:109B8000197E197E197E197E197E197E197E197E1D
:109B9000197E197E197E197E197E197E197E197E0D
:109BA000197E197E197E197E197E197E197E197EFD
:109BB000197E197E197E197E197E197E197E197EED
:109BC000197E197E197E197E197EF87DD77DB77DA5
:109BD000967DB77DD87D197E197E197E197E197EF6
:109BE000197E197E197E197E197E197E197E197EBD
:109BF000197E197E197EF87D757D71646D43CA2AC0
:109C0000AA2AAA2AAA2AAA2AAA2AEB320F5C14751F
:109C1000F87D197E197E197E197E197E197E197EAE
:109C2000197E197E197EF87DD36C0C33AA2AAA2AD4
:109C3000AA2AAA2AAA2AAA2AAA2AAA2AAA2AAA2A84
:109C4000AA2AAA2ACA2A5164B77D197E197E197ECA
:109C5000197E197E197E187E14750B33AA2AAA2A3A
:109C6000AA2AAA2AAA2A0B33AE4B105C305CEF5307
:109C70004D43CA2AAA2AAA2AAA2AAA2ACA2AB26CFE
:109C8000F87D197E197E197ED87DCF53AA2AAA2A7B
:109C9000AA2AAA2AAE4B1475B77D197E197E197EA1
:109CA000197E197E197EF87D557D305CCA2AAA2A54
:109CB000AA2AAA2AAE4BD87D197EB77D2C3BAA2AA8
:109CC000AA2AAA2ACE53967D197E197E197E197E5C
:109CD000197E197E197E197E197E197E197E197ECC
:109CE000D77D5164AA2AAA2AAA2A2C3BD77DD87DDF
:109CF0004C3BAA2AEB323475197E197E197E197EE7
:109D0000197EF87DB77D967D967DB77DF87D197EAD
:109D1000197E197E197E197E557DEB32AA2A6D4374
:109D2000D87D197ED77DAE4BB77D197E197E197E01
:109D3000F87D347DEF53CB2AAA2AAA2AAA2AAA2A76
:109D4000CA2ACF533475F87D197E197E197ED77DC6
:109D5000AE4BB77D197E197E197E197E197E197E4C
:109D6000197E347D2C3BAA2AAA2AAA2AAA2AAA2A20
:109D7000AA2AAA2AAA2AAA2AAA2A2C3B557D197EEF
:109D8000197E197E197E197E197E197E197E197E1B
:109D9000197EF87D105CAA2AAA2AAA2AAA2ACA2A07
:109DA000AE4B305C305CCE4BEB2AAA2AAA2AAA2AF8
:109DB000AA2A926C197E197E197E197E197E197E47
:109DC000197E197E197E767DCA2AAA2AAA2A8D4B67
:109DD000557DF87D197E197E197E197EF87D557D99
:109DE0008D43AA2AAA2AEB32B77D197E197E197EE5
:109DF000197E197E197E197E197E197E1475CA2A5C
:109E00001475187E197E197EF87DB77DB77DF87DB3
:109E1000197E197E197E926C0C33B77D197E197EDE
:109E2000197E197E197E197E197E197E197E197E7A
:109E3000197E5A8E197E197E767DCF53CA2AAA2A98
:109E4000AA2ACA2ACF53967D197E197E3986197E91
:109E5000197E197E197E197E197E197E197E197E4A
:109E6000197E197E197E197E197E7164AA2AAA2A82
:109E7000AA2AAA2AAA2AAA2AAA2AAA2AD374197E0C
:109E8000197E197E197E197E197E197E197E197E1A
:109E9000197E197E197E197E197E197E197E347DF0
:109EA000CA2AAA2AEB32EF53EF53EB32AA2AEB2A43
:109EB000767D197E197E197E197E197E197E197E8E
:109EC000197E197E197E197E197E197E197E197EDA
:109ED000197E197E1475D36CF87D197E197EF87D74
:109EE000926C967D197E197E197E197E197E197ED7
:109EF000197E197E197E197E197E197E197E197EAA
:109F0000197E197E197E197E197E197E9A9EBEE7EA
:109F10009EDF5A8E197E197E197E197E197E197E52
:109F2000197E197E197E197E197E197E197E197E79
:109F3000197E197E197E197E197E197E197E197E69
:109F4000BEEFFFFFFFFF5DD7197E197E197E197ED8
:109F5000197E197E197E197E197E197E197E197E49
:109F6000197E197E197E197E197E197E197E197E39
:109F7000197E197E9EE7FFFFFFFF3DCF197E197EF8
:109F8000197E197E197E197E197E197E197E197E19
:109F9000197E197E197E197E197E197E197E197E09
:109FA000197E197E197E197E5A8E5DD75DCF39864E
:109FB000197E197E197E197E197E197E197E197EE9
:109FC000197E197E197E197E197E197E197E197ED9
:109FD000197E197E197E197E197E197E197E197EC9
:109FE000197E197E197E197E197E197E197E197EB9
:109FF000197E197E197E197E197E197E197E197EA9
:10A00000197E197E197E197E197E197E197E197E98
:10A01000197E197E197E197E197E197E197E197E88
:10A02000197E197E197E197E197E197E197E197E78
:10A03000197E197E197E197E197E197E197E197E68
:10A04000197E197E197E197E197E197E197E197E58
:10A05000197E197E197E197E197E197E197E197E48
:10A06000197E197E197E197E197E197E197E197E38
:10A07000197E197E197E197E197E197E197E197E28
:10A08000197E197E197E197E197E197E197E197E18
:10A09000197E197E197E197E197E197E197E197E08
:10A0A000197E197E197E197E197E197E197E197EF8
:10A0B000197E197E197E197E197E197E197E197EE8
:10A0C000197E197E197E197E197E197E197E197ED8
:10A0D000197E197E197E197E197E197E197E197EC8
:10A0E000197E197E197E197E197E197E197E197EB8
:10A0F000197E197E197E197E197E197E197E197EA8
:10A10000197E197E197E197E197E197E197E197E97
:10A11000197EF87DD77DB77D967DB77DD87D197E78
:10A12000197E197E197E197E197E197E197E197E77
:10A13000197E197E197E197E197E197E197EF87D89
:10A14000757D71646D43CA2AAA2AAA2AAA2AAA2A54
:10A15000AA2AEB320F5C1475F87D197E197E197EE0
:10A16000197E197E197E197E197E197E197EF87D59
:10A17000D36C0C33AA2AAA2AAA2AAA2AAA2AAA2A69
:10A18000AA2AAA2AAA2AAA2AAA2AAA2ACA2A51642E
:10A19000B77D197E197E197E197E197E197E187E6B
:10A1A00014750B33AA2AAA2AAA2AAA2AAA2A0B3386
:10A1B000AE4B105C305CEF534D43CA2AAA2AAA2A40
:10A1C000AA2AAA2ACA2AB26CF87D197E197E197E9B
:10A1D000D87DCF53AA2AAA2AAA2AAA2AAE4B147536
:10A1E000B77D197E197E197E197E197E197EF87D3C
:10A1F000557D305CCA2AAA2AAA2AAA2AAE4BD87D43
:10A20000197EB77D2C3BAA2AAA2AAA2ACE53967D6C
:10A21000197E197E197E197E197E197E197E197E86
:10A22000197E197E197E197ED77D5164AA2AAA2A21
:10A23000AA2A2C3BD77DD87D4C3BAA2AEB32347519
:10A24000197E197E197E197E197EF87DB77D967D5F
:10A25000967DB77DF87D197E197E197E197E197E4F
:10A26000557DEB32AA2A6D43D87D197ED77DAE4B42
:10A27000B77D197E197E197EF87D347DEF53CB2A88
:10A28000AA2AAA2AAA2AAA2ACA2ACF533475F87D4A
:10A29000197E197E197EB77D0F5CF87D197E197EB7
:10A2A000197E197E197E197E197E347D2C3BAA2ACF
:10A2B000AA2AAA2AAA2AAA2AAA2AAA2AAA2AAA2AFE
:10A2C000AA2A2C3B557D197E197E197E197E197E8E
:10A2D000197E197E197E197E197EF87D105CAA2AD6
:10A2E000AA2AAA2AAA2ACA2AAE4B305C305CCE4BD4
:10A2F000EB2AAA2AAA2AAA2AAA2A926C197E197ECD
:10A30000197E197E197E197E197E197E197E767D39
:10A31000CA2AAA2AAA2A8D4B557DF87D197E197E54
:10A32000197E197EF87D557D8D43AA2AAA2AEB3223
:10A33000B77D197E197E197E197E197E197E197EC8
:10A34000197E197E1475CA2A1475187E197E197E15
:10A35000F87DB77DB77DF87D197E197E197E926CE8
:10A360000C33B77D197E197E197E197E197E197EF0
:10A37000197E197E197E197E197ED77D197E197E68
:10A38000767DCF53CA2AAA2AAA2ACA2ACF53967DF3
:10A39000197E197EF87D197E197E197E197E197E27
:10A3A000197E197E197E197E197E197E197E197EF5
:10A3B000197E7164AA2AAA2AAA2AAA2AAA2AAA2A39
:10A3C000AA2AAA2AD374197E197E197E197E197EAB
:10A3D000197E197E197E197E197E197E197E197EC5
:10A3E000197E197E197E347DCA2AAA2AEB32EF53D0
:10A3F000EF53EB32AA2AEB2A767D197E197E197E5D
:10A40000197E197E197E197E197E197E197E197E94
:10A41000197E197E197E197E197E197E1475D36CEA
:10A42000F87D197E197EF87D926C967D197E197ED5
:10A43000197E197E197E197E197E197E197E197E64
:10A44000197E197E197E197E197E197E197E197E54
:10A45000197E197E967DAE4BEF53D77D197E197EFE
:10A46000197E197E197E197E197E197E197E197E34
:10A47000197E197E197E197E197E197E197E197E24
:10A48000197E197E197E197E8D4BAA2AAA2A51643B
:10A49000197E197E197E197E197E197E197E197E04
:10A4A000197E197E197E197E197E197E197E197EF4
:10A4B000197E197E197E197E197E197EAE4BAA2A45
:10A4C000AA2A7164197E197E197E197E197E197E59
:10A4D000197E197E197E197E197E197E197E197EC4
:10A4E000197E197E197E197E197E197E197E197EB4
:10A4F000D77D305C7164F87D197E197E197E197ED6
:10A50000197E197E197E197E197E197E197E197E93
:10A51000197E197E197E197E197E197E197E197E83
:10A52000197E197E197E197E197E197E197E197E73
:10A53000197E197E197E197E197E197E197E197E63
:10A54000197E197E197E197E197E197E197E197E53
:10A55000197E197E197E197E197E197E197E197E43
:10A56000197E197E197E197E197E197E197E197E33
:10A57000197E197E197E197E197E197E197E197E23
:10A58000197E197E197E197E197E197E197E197E13
:10A59000197E197E197E197E197E197E197E197E03
:10A5A000197E197E197E197E197E197E197E197EF3
:10A5B000197E197E197E197E197E197E197E197EE3
:10A5C000197E197E197E197E197E197E197E197ED3
:10A5D000197E197E197E197E197E197E197E197EC3
:10A5E000197E197E197E197E197E197E197E197EB3
:10A5F000197E197E197E197E197E197E197E197EA3
:10A60000197E197E197E197E197E197E197E197E92
:10A61000197E197E197E197E197E197E197E197E82
:10A62000197E197E197E197E197E197E197E197E72
:10A63000197E197E197E197E197E197E197E197E62
:10A64000197E197E197E197E197E197E197E197E52
:10A65000197E197E197E197E197E197E197E197E42
:10A66000197E197E197E197E197E197E197E197E32
:10A67000197E197E197E197E197E197E197E197E22
:10A68000197E197E197E197E197E197E197E197E12
:10A69000197E197E197E197E197E197E197E197E02
:10A6A000197E197E197E197E197E197E197E197EF2
:10A6B000197E197E197E197E197E197E197E197EE2
:10A6C000197E197E197E197E197E197E197E197ED2
:10A6D000197E197E197E197E197E197E197E197EC2
:10A6E000197E197E197E197E197E197E197E197EB2
:10A6F000197E197E197E197E197E197E197E197EA2
:10A70000197E197E197E197E197E197E197E197E91
:10A71000197E197E197E197E197E197E197E197E81
:10A72000197E197E197E197E197E197E197E197E71
:10A73000197E197E197E197E197E197E197E197E61
:10A74000197E197E197E197E197E197E197E197E51
:10A75000197E197E197E197E197E197E197E197E41
:10A76000197E197E197E197E197E197E197E197E31
:10A77000197E197E197E197E197E197E197E197E21
:10A78000197E197E197E197E197E197E197E197E11
:10A79000197E197E197E197E197E197E197E197E01
:10A7A000197E197E197E197E197E197E197E197EF1
:10A7B000197E197E197E197E197E197E197E197EE1
:10A7C000197E197E197E197E197E197E197E197ED1
:10A7D000197E197E197E197E197E197E197E197EC1
:10A7E000197E197E197E197E197E197E197E197EB1
:10A7F000197E197E197E197E197E197E197E197EA1
:10A80000197E197E197E197E197E197E197E197E90
:10A81000197E197E197E197E197E197E197E197E80
:10A82000197E197E197E197E197E197E197E197E70
:10A83000197E197E197E197E197E197E197E197E60
:10A84000197E197E197E197E197E197E197E197E50
:10A85000197E197E197E197E197E197E197E197E40
:10A86000197E197E197E197E197E197E197E197E30
:10A87000197E197E197E197E197E197E197E197E20
:10A88000197E197E197E197E197E197E197E197E10
:10A89000197E197E197E197E197E197E197E197E00
:10A8A000197E197E197E197E197E197E197E197EF0
:10A8B000197E197E197E197E197E197E197E197EE0
:10A8C000197E197E197E197E197E197E197E197ED0
:10A8D000197E197E197E197E197E197E197E197EC0
:10A8E000197E197E197E197E197E197E197E197EB0
:10A8F000197E197E197E197E197E197E197E197EA0
:10A90000197E197E197E197E197E197E197E197E8F
:10A91000197E197E197E197E197E197E197E197E7F
:10A92000197E197E197E197E197E197E197E197E6F
:10A93000197E197E197E197E197E197E197E197E5F
:10A94000197E197E197E197E197E197E197E197E4F
:10A95000197E197E197E197E197E197E197E197E3F
:10A96000197E197E197E197E197E197E197E197E2F
:10A97000197E197E197E197E197E197E197E197E1F
:10A98000197E197E197E197E197E197E197E197E0F
:10A99000197E197E197E197E197E197E197E197EFF
:10A9A000197E197E197E197E197E197E197E197EEF
:10A9B000197E197E197E197E197E197E197E197EDF
:10A9C000197E197E197E197E197E197E197E197ECF
:10A9D000197E197E197E197E197E197E197E197EBF
:10A9E000197E197E197E197E197E197E197E197EAF
:10A9F000197E197E197E197E197E197E197E197E9F
:10AA0000197E197E197E197E197E197E197E197E8E
:10AA1000197E197E197E197E197E197E197E197E7E
:10AA2000197E197E197E197E197E197E197E197E6E
:10AA3000197E197E197E197E197E197E197E197E5E
:10AA4000197E197E197E197E197E197E197E197E4E
:10AA5000197E197E197E197E197E197E197E197E3E
:10AA6000197E197E197E197E197E197E197E197E2E
:10AA7000197E197E197E197E197E197E197E197E1E
:10AA8000197E197E197E197E197E197E197E197E0E
:10AA9000197E197E197E197E197E197E197E197EFE
:10AAA000197E197E197E197E197E197E197E197EEE
:10AAB000197E197E197E197E197E197E197E197EDE
:10AAC000197E197E197E197E197E197E197E197ECE
:10AAD000197E197E197E197E197E197E197E197EBE
:10AAE000197E197E197E197E197E197E197E197EAE
:10AAF000197E197E197E197E197E197E197E197E9E
:10AB0000197E197E197E197E197E197E197E197E8D
:10AB1000197E197E197E197E197E197E197E197E7D
:10AB2000197E197E197E00C1814001C0804101C09B
:10AB3000804100C1814001C0804100C1814000C10D
:10AB4000814001C0804101C0804100C1814000C1FD
:10AB5000814001C0804100C1814001C0804101C0ED
:10AB6000804100C1814001C0804100C1814000C1DD
:10AB7000814001C0804100C1814001C0804101C0CD
:10AB8000804100C1814000C1814001C0804101C0BD
:10AB9000804100C1814001C0804100C1814000C1AD
:10ABA000814001C0804101C0804100C1814000C19D
:10ABB000814001C0804100C1814001C0804101C08D
:10ABC000804100C1814000C1814001C0804101C07D
:10ABD000804100C1814001C0804100C1814000C16D
:10ABE000814001C0804100C1814001C0804101C05D
:10ABF000804100C1814001C0804100C1814000C14D
:10AC0000814001C0804101C0804100C1814000C13C
:10AC1000814001C0804100C1814001C0804101C02C
:10AC2000804100C1814000C0C101C30302C2C60609
:10AC300007C705C5C404CC0C0DCD0FCFCE0E0ACA74
:10AC4000CB0BC90908C8D81819D91BDBDA1A1EDEC4
:10AC5000DF1FDD1D1CDC14D4D515D71716D6D21274
:10AC600013D311D1D010F03031F133F3F23236F684
:10AC7000F737F53534F43CFCFD3DFF3F3EFEFA3A34
:10AC80003BFB39F9F83828E8E929EB2B2AEAEE2EC4
:10AC90002FEF2DEDEC2CE42425E527E7E62622E234
:10ACA000E323E12120E0A06061A163A3A26266A684
:10ACB000A767A56564A46CACAD6DAF6F6EAEAA6AF4
:10ACC0006BAB69A9A86878B8B979BB7B7ABABE7E44
:10ACD0007FBF7DBDBC7CB47475B577B7B67672B2F4
:10ACE000B373B17170B05090915193535292965684
:10ACF0005797559594549C5C5D9D5F9F9E5E5A9AB4
:10AD00009B5B99595898884849894B8B8A4A4E8E43
:10AD10008F4F8D4D4C8C44848545874746868242B3
:10AD200043834181804038293D53667170655543A6
:10AD300033261C15411F1C1F1E1F1E1F1F1E1F1EFA
:10AD40001F1F1D1F1E1F1E1F1F1E1F1E1F4D6F6456
:10AD500062757300000000416464726573730000E3
:10AD600000FE00000042617564726174650000536A
:10AD7000656C656374200000000900000050726F6C
:10AD8000746F636F6C000053656C65637400000042
:10AD90000001000000536574202020202000005393
:10ADA00063686564756C650000080000003132302E
:10ADB0003020200032343030202000333630302034
:10ADC000200034383030202000373230302020004E
:10ADD00039363030202000313932303020003338DD
:10ADE00034303020003736383030200031313532C1
:10ADF000303000393231363030003537363030209F
:10AE0000003120202020200032202020202000336C
:10AE10002020202020003420202020200035202049
:10AE20002020200036202020202000372020202035
:10AE30002000382020202020000000040002000113
:10AE40008000400020001000080004000200000004
:10AE5000008000400020001000080040002000108A
:10AE600000080004000200000000000000000000D4
:10AE700000000000000000000E0A0C0000000000AE
:10AE8000657468616E6F6C5F7369676E616C0000FA
:10AE900000000000000000000000000000000000B2
:10AEA0000000000068325F7369676E616C0000002B
:10AEB0000000000000000000000000000000000092
:10AEC000000000000000000074564F430000000026
:10AED0000000000000000000000000000000000072
:10AEE000000000000000000000000000636F325FFF
:10AEF000657100000000000000000000000000007C
:10AF00000000000000000000000000000000000041
:10AF1000626173656C696E653100000000000000BD
:10AF20000000000000000000000000000000000021
:10AF300000000000626173656C696E65320000009C
:10AF40000000000000000000000000000000000001
:10AF50000000000010270000000000000000032097
:10AF6000006961715F696E69740000000000000093
:10AF700000000000000000000000000000000000D1
:10AF80000000000050C30000A00400600200082080
:10AF9000016961715F6D6561737572650000000024
:10AFA00000000000000000000000000000000000A1
:10AFB0000000000010270000A80400600100B3207A
:10AFC000166961715F6765745F74766F635F696E40
:10AFD000636570746976655F626173656C696E65DF
:10AFE0000000000010270000000000000000772093
:10AFF0000E6961715F7365745F74766F635F626120
:10B0000073656C696E6500000000000000000000C0
:10B010000000000010270000AC04006002001520B2
:10B02000026961715F6765745F626173656C696E07
:10B0300065000000000000000000000000000000AB
:10B0400000000000102700000000000000001E208B
:10B05000036961715F7365745F626173656C696ECA
:10B06000650000000000000000000000000000007B
:10B0700000000000400D0300B404006002005020F6
:10B080000A6D6561737572655F7369676E616C7374
:10B0900000000000000000000000000000000000B0
:10B0A00000000000102700000000000000006120E8
:10B0B0000C7365745F6162736F6C7574655F68753E
:10B0C0006D696469747900000000000000000000F0
:10B0D000000000000900200021000000BC04006006
:10B0E00005000000D4B0040801000000D004006096
:10B0F00006000000D6B0040801000000E80400606B
:10B1000008000000D8B00408010000000805006035
:10B1100003000000FFFFFFFFFFFFFFFF4B000000E9
:10B120004D0000004F000000550000006F000000BF
:10B13000240000005100000075000000FFFFFFFF29
:10B14000FFFFFFFFFFFFFFFF4B0000004D0000006F
:10B150004F000000550000006F00000024000000B8
:10B16000510000007500000057000000680000005A
:10B17000FFFFFFFFFFFFFFFFFFFFFFFF4B00000090
:10B180004D0000004F000000550000007500000059
:10B19000FFFFFFFFFFFFFFFF1C000000FFFFFFFF9F
:10B1A0004B0000004D0000004F0000005500000063
:10B1B0006F0000002400000054000000FFFFFFFFAC
:10B1C000FFFFFFFF1C000000FFFFFFFF4B00000020
:10B1D0004D0000004F000000550000006F0000000F
:10B1E0002400000054000000FFFFFFFFFFFFFFFFEF
:10B1F0004B0000004D0000004F0000005500000013
:10B200006F00000024000000510000005400000006
:10B210005700000068000000FFFFFFFF1C00000057
:10B22000040000002E000000FFFFFFFF4B000000A5
:10B230004D0000004F000000700000007900000089
:10B2400078000000460000002C0000000C00000008
:10B25000620000008B000000610000006000000040
:10B260004C0000003E0000006B0000000B000000DE
:10B27000490000001E0000009B0000003800000094
:10B2800039000000FFFFFFFF1C0000003A00000033
:10B29000400000003F000000FFFFFFFFE803000048
:10B2A000E9030000EA030000FFFFFFFFFFFFFFFFCD
:10B2B000FFFFFFFF4B0000004D0000004F000000AB
:10B2C0005500000024000000FFFFFFFFFFFFFFFF0D
:10B2D0007B000000FFFFFFFF4B0000004D0000005F
:10B2E0004F0000005500000020000000AE000000EC
:10B2F00036000000580000006F00000067000000EA
:10B300005100000026000000FFFFFFFF4B0000007F
:10B310004D0000004F00000055000000FFFFFFFF40
:10B32000FFFFFFFF4B0000004D0000004F0000003A
:10B33000550000006F0000002400000051000000D4
:10B340004A000000FFFFFFFF1C0000006E0000002D
:10B35000FFFFFFFF632E00007F5300001027000057
:10B360005046000010270000504600001027000043
:10B37000504600001027000050460000C063FFFF49
:10B38000F0490200C063FFFFB09B0400C063FFFFF1
:10B39000C0D40100C063FFFFC0C80300C063FFFF4B
:10B3A000C0D40100C063FFFFC0C80300C063FFFF3B
:10B3B000C0D40100C063FFFFC0C80300C0F2FCFF9F
:10B3C000E0930400C0F2FCFFE0930400A4034C03EC
:10B3D000CC0234029C011C01C000800054003800E3
:10B3E00028001C00140010000C0008000400DC03FE
:10B3F000C4039C035E030A03AA023C02CE016C0153
:10B400001A01D600A400800064004C003E00300009
:10B41000A4035C03F8028002FC0180011801C8004B
:10B420008C0064004800340024001C00140010004C
:10B430000C00D003B4038A034A03FC029E023602C6
:10B44000D20178012801EA00B400900072005A008D
:10B450004C003C006D007A00A400CE00F7002001F3
:10B46000480170019701BE01E5010B02320258024A
:10B470007E02A402B602CD0119026102AB02F602FD
:10B480003D038403CB03130459049F04E8042F05F0
:10B490007005B805FC0541068406CB060D0750076C
:10B4A0009407D6071C085C08A108E4082809670966
:10B4B000AA09EC092F0A700AB10AF40A320B760BBA
:10B4C000B50BF20B360C740CB20CF30C360D710D7F
:10B4D000B00DEE0D2D0E6D0EA80EE50E900E300D7A
:10B4E000300BD00870067C2DC01E00025001E00019
:10B4F000A000700050004000300020001000870FB6
:10B50000270F880E940D260CBB0AFF084807B805C4
:10B51000740462039402040289013801FA00CB002A
:10B52000900E700DE00B000AF00700066004200387
:10B53000300290012001D0009000700050004000C7
:10B5400030005C0FE80E380E420D030C8C0AF10837
:10B550005907E805AC04B603E2024102C8016D01D7
:10B560003201F8003E01EC0196023C03E103850440
:10B570002605C5056206FD0696073208C6085E095F
:10B58000EC097E0A040B000000000000000000002F
:10B5900000000000000000000000000000000000AB
:10B5A000000000000000000000000000000000009B
:10B5B000000000000000000000000000000000008B
:10B5C000000000000000000000000000000000007B
:10B5D000000000000000000000000000000000006B
:10B5E000000000000000000000000000000000005B
:10B5F000000000000000000000000000000000004B
:10B60000000000000000000000000000000000003A
:10B61000000000000000000000000000000000002A
:10B62000000000000000000000000000000000001A
:10B63000000000000000000000000000000000000A
:10B6400000000000000001010101010101010101F0
:10B6500001010101010101010101010101010101DA
:10B6600001010101010102020202020202020202C0
:10B67000020202020202030303030303030304049E
:10B680000404050505050000000000001F0000007F
:10B690001C0000001F0000001E0000001F00000032
:10B6A0001E0000001F0000001F0000001E00000020
:10B6B0001F0000001E0000001F000000000000002E
:10B6C000000000000000E03F000000000000E0BFBC
:10B6D0000000E0FE422EE63F0000E0FE422EE6BF04
:10B6E000763C7935EF39EA3D763C7935EF39EABD7C
:10B6F0003E5555555555C53F93BDBE166CC166BFE9
:10B700002CDE25AF6A56113FF16BD2C541BDBBBEE1
:10B71000D0A4BE726937663E04FA97999999D93FC9
:10B72000AF788E1DC571CC3F9FC678D0099AC33FB4
:10B73000935555555555E53F599322942449D23F89
:10B74000DE03CB966446C73F44523EDF12F1C23F50
:10B75000000000000000F03F000000000000F83F83
:10B7600000000000000000000000004003B8E23FBD
:10B77000000000000000000006D0CF43EBFD4C3E6F
:10B78000033333333333E33FFFAB6FDBB66DDB3F64
:10B790004D268F515555D53F01411DA96074D13FAC
:10B7A00065DBC9934A86CD3FEF4E454A287ECA3FA6
:10B7B0003E5555555555C53F93BDBE166CC166BF28
:10B7C0002CDE25AF6A56113FF16BD2C541BDBBBE21
:10B7D000D0A4BE726937663E000000000000000081
:10B7E0000040404040404040404041414141414094
:10B7F0004040404040404040404040404040404049
:10B8000040050202020202020202020202020202D7
:10B8100002202020202020202020200202020202DC
:10B820000202909090909090101010101010101034
:10B830001010101010101010101010100202020240
:10B840000202888888888888080808080808080884
:10B850000808080808080808080808080202020280
:10B8600040000000E1B70408352E302E3000000003
:10B8700090B80408000000607C08000010820308F3
:10B8800068BB04087C08006094960700DE83030808
:10B890001184A24A04680D01020304060708090284
:10B8A00004060810691401501AAA010320F8EFA831
:10B8B0000E54656D636F436F6E74726F6C7314001A
:10B8C00009112050726F647563741AFF0101D01D55
:10B8D000526F6F6DF650093A32302E3543202048B2
:10B8E0000F536574506F696E743A32332E304314BF
:10B8F000580E414E496E707574313A3130303028EF
:10B9000079140A1132148A331401200240010329E8
:10B91000FFFF093F6C0193123C1209123F120D12F6
:10B92000431224124612371248125F124A12AA1208
:10B930004C12DC124E140E0150145401530A3CF404
:10B94000FB100D497D0208C1730208197602081F19
:10B9500001F18502081D041AEF04180DFA02818412
:10B960000208DD82020827830E180C03BF88020834
:10B97000558602087D870E180B047B8B02080F8901
:10B98000020871041808FA05A78D02089B121ACD47
:10B99000040222FA3230324832603278329032A8D1
:10B9A00032C012D81A64201A64201A64201A642043
:10B9B0001A64201A64201A64201A6420011C180AD0
:10B9C00068B80408C4AE0408E8044B0CAF041A308D
:10B9D000041A7C101AA0041A540C1A84041E14B001
:10B9E000040844041A74040912140A11A4181AB49D
:10B9F0000C1AE40469201AFC041AEC041ADC040191
:10BA0000141203D3B80B002818010203040506071B
:10BA100008090A0B0C0D0E0F10111213141516172E
:10BA20001819232526271A1B1C1D1E1F202122241E
:10BA300014A1F70369691EEF0B0308F3041E5305F5
:10BA40000308F908080C1317070308CB0903081BA0
:10BA50000C038C811EAFC30208B5041AA3041E3F59
:10BA6000C402086504411A8910411AC7087B2BFAE1
:10BA70006719C4611EB7D90208BD041AAB041E873A
:10BA8000DA0208AD04411A9110415AFF0879EB71AE
:10BA90001EABC60208B1041A9F041ED1C70208F7E4
:10BAA00004411A851001146A02A81ACBA819041AB5
:10BAB000A3041A7D04180A6DCC020829CE02085985
:10BAC0000C411B69CF0C99A86A05701ADC70190427
:10BAD0001A9F041AC304180A25DD020821DE020891
:10BAE000850C011472041EC7DF0208CD041ABB04C2
:10BAF0001E81E00208A704411AA110011472061E5B
:10BB0000952203089B041A89041AA3041AC7044146
:10BB10004BDB2408011072111E232503082D041A83
:10BB200017041A31041A5504410A15FD3872801B96
:10BB30002B313019041A1F04411A69085E073203B9
:10BB4000081510011072131E0D3303080B041A138D
:10BB500004411AED081E65350308E13C0115026A2F
:08BB6000040A2901180000008D
:04000005080081313D
:00000001FF
